single_address_question_id,development_id,development_name,first_pis_year,n_units_development,review_cluster_id,development_anchor_hud_id,adjudicated_development_id,adjudicated_development_anchor_hud_id,n_review_cluster_members,member_action,shared_geocoding_query_decision,source_rows_changed
SAQ_0001,DEV_AKA20100005,EKLUTNA ESTATES,2010,59,SAC_00001,AKA20100005,DEV_AKA20100005,AKA20100005,2,merge_to_review_cluster,not_approved,FALSE
SAQ_0001,DEV_AKA20109003,EKLUTNA ESTATES I,2010,59,SAC_00001,AKA20109003,DEV_AKA20100005,AKA20100005,2,merge_to_review_cluster,not_approved,FALSE
SAQ_0002,DEV_AKA19970040,SOUTHSIDE SENIORS INC,1997,48,SAC_00002,AKA19970040,DEV_AKA19970040,AKA19970040,2,merge_to_review_cluster,not_approved,FALSE
SAQ_0002,DEV_AKA19979007,SOUTHSIDE SENIORS,1997,48,SAC_00002,AKA19979007,DEV_AKA19970040,AKA19970040,2,merge_to_review_cluster,not_approved,FALSE
SAQ_0003,DEV_AKA20166037,CORDOVA APTS,2016,22,SAC_00003,AKA20166037,DEV_AKA20166037,AKA20166037,2,merge_to_review_cluster,not_approved,FALSE
SAQ_0003,DEV_AKA20167038,"CORDOVA MEWS ASSOCIATES OF CORDOVA, LLC",2016,22,SAC_00003,AKA20167038,DEV_AKA20166037,AKA20166037,2,merge_to_review_cluster,not_approved,FALSE
SAQ_0004,DEV_AKA20140096,CORONADO PARK,2014,56,SAC_00004,AKA20140096,DEV_AKA20140096,AKA20140096,2,merge_to_review_cluster,not_approved,FALSE
SAQ_0004,DEV_AKA20158003,CORONADO PARK I,2015,56,SAC_00004,AKA20158003,DEV_AKA20140096,AKA20140096,2,merge_to_review_cluster,not_approved,FALSE
SAQ_0005,DEV_AKA0000X035,LITTLE DIPPER (ACQ/REHAB),,52,SAC_00005,AKA0000X035,DEV_AKA0000X035,AKA0000X035,1,retain_current_development,not_approved,FALSE
SAQ_0005,DEV_AKA19970020,LITTLE DIPPER APTS,1997,52,SAC_00006,AKA19970020,DEV_AKA19970020,AKA19970020,1,retain_current_development,not_approved,FALSE
SAQ_0006,DEV_AKA20010025,LACEY STREET APTS (NORTHWARD),2001,184,SAC_00007,AKA20010025,DEV_AKA20010025,AKA20010025,1,retain_current_development,not_approved,FALSE
SAQ_0006,DEV_AKA20019011,NORTHWARD / LACEY STREET,2001,176,SAC_00008,AKA20019011,DEV_AKA20019011,AKA20019011,1,retain_current_development,not_approved,FALSE
SAQ_0006,DEV_AKA20019031,NORTHWARD BUILDING,2001,177,SAC_00009,AKA20019031,DEV_AKA20019031,AKA20019031,1,retain_current_development,not_approved,FALSE
SAQ_0007,DEV_AKA20174001,GLACIER PARK,2017,22,SAC_00010,AKA20174001,DEV_AKA20174001,AKA20174001,2,merge_to_review_cluster,not_approved,FALSE
SAQ_0007,DEV_AKA20183034,"GLACIER PARK-KETCHIKAN ASSOCIATES, LTD PARTNERSHIP",2018,22,SAC_00010,AKA20183034,DEV_AKA20174001,AKA20174001,2,merge_to_review_cluster,not_approved,FALSE
SAQ_0008,DEV_AKA20183002,MUNAQSRI APTS,2018,17,SAC_00011,AKA20183002,DEV_AKA20183002,AKA20183002,2,merge_to_review_cluster,not_approved,FALSE
SAQ_0008,DEV_AKA20185039,"MUNAQSRI SENIOR ASSOCIATES OF NOME, LLC",2018,17,SAC_00011,AKA20185039,DEV_AKA20183002,AKA20183002,2,merge_to_review_cluster,not_approved,FALSE
SAQ_0009,DEV_AKA20040005,GATEWAY APTS,2004,20,SAC_00012,AKA20040005,DEV_AKA20040005,AKA20040005,2,merge_to_review_cluster,not_approved,FALSE
SAQ_0009,DEV_AKA20049041,"GATEWAY-SEWARD ASSOCIATES, LTD PTN",2004,20,SAC_00012,AKA20049041,DEV_AKA20040005,AKA20040005,2,merge_to_review_cluster,not_approved,FALSE
SAQ_0010,DEV_AKA20010005,BAYVIEW APTS. ASSOC. LP,2001,18,SAC_00013,AKA20010005,DEV_AKA20010005,AKA20010005,2,merge_to_review_cluster,not_approved,FALSE
SAQ_0010,DEV_AKA20019003,BAYVIEW,2001,18,SAC_00013,AKA20019003,DEV_AKA20010005,AKA20010005,2,merge_to_review_cluster,not_approved,FALSE
SAQ_0011,DEV_ALA19960017,CORNERSTONE APTS,1996,56,SAC_00014,ALA19960017,DEV_ALA19960017,ALA19960017,1,retain_current_development,not_approved,FALSE
SAQ_0011,DEV_ALA20010040,CORNERSTONE PLACE,2001,48,SAC_00015,ALA20010040,DEV_ALA20010040,ALA20010040,1,retain_current_development,not_approved,FALSE
SAQ_0012,DEV_ALA19960177,PINES APTS I,1996,32,SAC_00016,ALA19960177,DEV_ALA19960177,ALA19960177,1,retain_current_development,not_approved,FALSE
SAQ_0012,DEV_ALA19990140,THE PINES APTS II,1999,24,SAC_00017,ALA19990140,DEV_ALA19990140,ALA19990140,1,retain_current_development,not_approved,FALSE
SAQ_0013,DEV_ALA19970012,BRANCH APTS AT CARSON SPRINGS I,1997,88,SAC_00018,ALA19970012,DEV_ALA19970012,ALA19970012,1,retain_current_development,not_approved,FALSE
SAQ_0013,DEV_ALA19980017,THE BRANCH AT CARSON SPRINGS II,1998,56,SAC_00019,ALA19980017,DEV_ALA19980017,ALA19980017,1,retain_current_development,not_approved,FALSE
SAQ_0014,DEV_ALA20050048,HUNTER RIDGE APTS PHASE I,2005,200,SAC_00020,ALA20050048,DEV_ALA20050048,ALA20050048,1,retain_current_development,not_approved,FALSE
SAQ_0014,DEV_ALA20060112,HUNTER RIDGE APTS PHASE II,2006,120,SAC_00021,ALA20060112,DEV_ALA20060112,ALA20060112,1,retain_current_development,not_approved,FALSE
SAQ_0015,DEV_ALA19919221,BLOUNTSVILLE II,1991,24,SAC_00022,ALA19919221,DEV_ALA19919221,ALA19919221,1,retain_current_development,not_approved,FALSE
SAQ_0015,DEV_ALA19950017,BLOUNTSVILLE I,1995,24,SAC_00023,ALA19950017,DEV_ALA19950017,ALA19950017,1,retain_current_development,not_approved,FALSE
SAQ_0016,DEV_ALA20060107,HARBOR POINTE APTS I,2006,40,SAC_00024,ALA20060107,DEV_ALA20060107,ALA20060107,1,retain_current_development,not_approved,FALSE
SAQ_0016,DEV_ALA20100028,HARBOR POINTE APTS II,2010,48,SAC_00025,ALA20100028,DEV_ALA20100028,ALA20100028,1,retain_current_development,not_approved,FALSE
SAQ_0017,DEV_ALA19950152,SUMMER PLACE I,1995,136,SAC_00026,ALA19950152,DEV_ALA19950152,ALA19950152,1,retain_current_development,not_approved,FALSE
SAQ_0017,DEV_ALA19960205,SUMMER PLACE II,1996,56,SAC_00027,ALA19960205,DEV_ALA19960205,ALA19960205,1,retain_current_development,not_approved,FALSE
SAQ_0018,DEV_ALA19960022,EAGLE RIDGE APTS,1996,56,SAC_00028,ALA19960022,DEV_ALA19960022,ALA19960022,1,retain_current_development,not_approved,FALSE
SAQ_0018,DEV_ALA20000058,EAGLE RIDGE PLACE,2000,40,SAC_00029,ALA20000058,DEV_ALA20000058,ALA20000058,1,retain_current_development,not_approved,FALSE
SAQ_0019,DEV_ALA19930045,ELMWOOD MANOR APTS,1993,45,SAC_00030,ALA19930045,DEV_ALA19930045,ALA19930045,1,retain_current_development,not_approved,FALSE
SAQ_0019,DEV_ALA20210002,ELMWOOD MANOR,2021,47,SAC_00031,ALA20210002,DEV_ALA20210002,ALA20210002,1,retain_current_development,not_approved,FALSE
SAQ_0020,DEV_ALA19980092,REGENCY POINTE PHASE I,1998,34,SAC_00032,ALA19980092,DEV_ALA19980092,ALA19980092,1,retain_current_development,not_approved,FALSE
SAQ_0020,DEV_ALA20060170,REGENCY POINTE PHASE II,2006,48,SAC_00033,ALA20060170,DEV_ALA20060170,ALA20060170,1,retain_current_development,not_approved,FALSE
SAQ_0021,DEV_ALA19980082,PEPPERTREE PHASE I,1998,56,SAC_00034,ALA19980082,DEV_ALA19980082,ALA19980082,1,retain_current_development,not_approved,FALSE
SAQ_0021,DEV_ALA20010114,PEPPERTREE PHASE II,2001,72,SAC_00035,ALA20010114,DEV_ALA20010114,ALA20010114,1,retain_current_development,not_approved,FALSE
SAQ_0022,DEV_ALA19960040,GREENLEAF APTS,1996,32,SAC_00036,ALA19960040,DEV_ALA19960040,ALA19960040,1,retain_current_development,not_approved,FALSE
SAQ_0022,DEV_ALA19960136,SHADYBROOK APTS,1996,48,SAC_00037,ALA19960136,DEV_ALA19960136,ALA19960136,1,retain_current_development,not_approved,FALSE
SAQ_0023,DEV_ALA19930128,WESTGATE APTS I (HUNTSVILLE),1993,87,SAC_00038,ALA19930128,DEV_ALA19930128,ALA19930128,1,retain_current_development,not_approved,FALSE
SAQ_0023,DEV_ALA19940275,WESTGATE APTS II (HUNTSVILLE),1994,16,SAC_00039,ALA19940275,DEV_ALA19940275,ALA19940275,1,retain_current_development,not_approved,FALSE
SAQ_0024,DEV_ALA20070071,HIGH FOREST APTS I,2007,41,SAC_00040,ALA20070071,DEV_ALA20070071,ALA20070071,1,retain_current_development,not_approved,FALSE
SAQ_0024,DEV_ALA20090028,HIGH FOREST APTS II,2009,48,SAC_00041,ALA20090028,DEV_ALA20090028,ALA20090028,1,retain_current_development,not_approved,FALSE
SAQ_0025,DEV_ALA19900015,CHICKASAW APTS I,1990,38,SAC_00042,ALA19900015,DEV_ALA19900015,ALA19900015,1,retain_current_development,not_approved,FALSE
SAQ_0025,DEV_ALA19930019,CHICKASAW APTS II,1993,14,SAC_00043,ALA19930019,DEV_ALA19930019,ALA19930019,1,retain_current_development,not_approved,FALSE
SAQ_0026,DEV_ALA19930058,LAKERIDGE APTS (LIVINGSTON),1993,24,SAC_00044,ALA19930058,DEV_ALA19930058,ALA19930058,1,retain_current_development,not_approved,FALSE
SAQ_0026,DEV_ALA19990010,ALEX PLACE APTS,1999,24,SAC_00045,ALA19990010,DEV_ALA19990010,ALA19990010,1,retain_current_development,not_approved,FALSE
SAQ_0027,DEV_ALA20050082,WOOD SPRINGS APTS,2005,56,SAC_00046,ALA20050082,DEV_ALA20050082,ALA20050082,1,retain_current_development,not_approved,FALSE
SAQ_0027,DEV_ALA20090065,WOOD SPRINGS PLACE,2009,40,SAC_00047,ALA20090065,DEV_ALA20090065,ALA20090065,1,retain_current_development,not_approved,FALSE
SAQ_0028,DEV_ALA19920035,CANDLEWICK PLACE I,1992,40,SAC_00048,ALA19920035,DEV_ALA19920035,ALA19920035,1,retain_current_development,not_approved,FALSE
SAQ_0028,DEV_ALA19940018,CANDLEWICK PLACE II,1994,24,SAC_00049,ALA19940018,DEV_ALA19940018,ALA19940018,1,retain_current_development,not_approved,FALSE
SAQ_0029,DEV_ALA19910196,VIRGINIA MEADOWS PHASE I,1991,56,SAC_00050,ALA19910196,DEV_ALA19910196,ALA19910196,1,retain_current_development,not_approved,FALSE
SAQ_0029,DEV_ALA19970162,VIRGINIA MEADOWS PHASE II,1997,112,SAC_00051,ALA19970162,DEV_ALA19970162,ALA19970162,1,retain_current_development,not_approved,FALSE
SAQ_0029,DEV_ALA19999191,SHERBURN HOMES,1999,13,SAC_00052,ALA19999191,DEV_ALA19999191,ALA19999191,1,retain_current_development,not_approved,FALSE
SAQ_0030,DEV_ALA19930127,VIRGINIA DOWNS APTS I,1993,88,SAC_00053,ALA19930127,DEV_ALA19930127,ALA19930127,1,retain_current_development,not_approved,FALSE
SAQ_0030,DEV_ALA19960215,VIRGINIA DOWNS APTS II,1996,80,SAC_00054,ALA19960215,DEV_ALA19960215,ALA19960215,1,retain_current_development,not_approved,FALSE
SAQ_0031,DEV_ALA19980147,VIRGINIA PINES APTS PHASE I,1998,76,SAC_00055,ALA19980147,DEV_ALA19980147,ALA19980147,1,retain_current_development,not_approved,FALSE
SAQ_0031,DEV_ALA20010126,VIRGINIA PINES APTS PHASE II,2001,44,SAC_00056,ALA20010126,DEV_ALA20010126,ALA20010126,1,retain_current_development,not_approved,FALSE
SAQ_0032,DEV_ALA19930129,WESTPORT APTS I (MONTGOMERY),1993,56,SAC_00057,ALA19930129,DEV_ALA19930129,ALA19930129,1,retain_current_development,not_approved,FALSE
SAQ_0032,DEV_ALA19950177,WESTPORT APTS II (MONTGOMERY),1995,20,SAC_00058,ALA19950177,DEV_ALA19950177,ALA19950177,1,retain_current_development,not_approved,FALSE
SAQ_0032,DEV_ALA20039156,WESTPORT APTS III (MONTGOMERY),2003,24,SAC_00059,ALA20039156,DEV_ALA20039156,ALA20039156,1,retain_current_development,not_approved,FALSE
SAQ_0033,DEV_ALA19910067,EASTBROOK APTS I,1991,24,SAC_00060,ALA19910067,DEV_ALA19910067,ALA19910067,1,retain_current_development,not_approved,FALSE
SAQ_0033,DEV_ALA19920059,EASTBROOK APTS II,1992,16,SAC_00061,ALA19920059,DEV_ALA19920059,ALA19920059,1,retain_current_development,not_approved,FALSE
SAQ_0033,DEV_ALA19960025,EASTBROOK APTS III,1996,24,SAC_00062,ALA19960025,DEV_ALA19960025,ALA19960025,1,retain_current_development,not_approved,FALSE
SAQ_0033,DEV_ALA19980058,EASTBROOK APTS IV,1998,20,SAC_00063,ALA19980058,DEV_ALA19980058,ALA19980058,1,retain_current_development,not_approved,FALSE
SAQ_0034,DEV_ALA19970001,ALEXANDER TERRACE APTS I,1997,24,SAC_00064,ALA19970001,DEV_ALA19970001,ALA19970001,1,retain_current_development,not_approved,FALSE
SAQ_0034,DEV_ALA20040001,ALEXANDER TERRACE APTS II,2004,32,SAC_00065,ALA20040001,DEV_ALA20040001,ALA20040001,1,retain_current_development,not_approved,FALSE
SAQ_0035,DEV_ALA19930125,VICTORIA PLACE APTS I,1993,56,SAC_00066,ALA19930125,DEV_ALA19930125,ALA19930125,1,retain_current_development,not_approved,FALSE
SAQ_0035,DEV_ALA19940267,VICTORIA PLACE APTS II,1994,32,SAC_00067,ALA19940267,DEV_ALA19940267,ALA19940267,1,retain_current_development,not_approved,FALSE
SAQ_0036,DEV_ALA19920057,DEERPOINT APTS I,1992,24,SAC_00068,ALA19920057,DEV_ALA19920057,ALA19920057,1,retain_current_development,not_approved,FALSE
SAQ_0036,DEV_ALA19940090,DEERPOINT APTS II,1994,24,SAC_00069,ALA19940090,DEV_ALA19940090,ALA19940090,1,retain_current_development,not_approved,FALSE
SAQ_0037,DEV_ALA19910166,SUNSET SQUARE APTS I,1991,24,SAC_00070,ALA19910166,DEV_ALA19910166,ALA19910166,1,retain_current_development,not_approved,FALSE
SAQ_0037,DEV_ALA19930106,SUNSET SQUARE APTS II,1993,24,SAC_00071,ALA19930106,DEV_ALA19930106,ALA19930106,1,retain_current_development,not_approved,FALSE
SAQ_0038,DEV_ALA19930063,MINTER TERRACE APTS I,1993,24,SAC_00072,ALA19930063,DEV_ALA19930063,ALA19930063,1,retain_current_development,not_approved,FALSE
SAQ_0038,DEV_ALA19950092,MINTER TERRACE APTS II,1995,8,SAC_00073,ALA19950092,DEV_ALA19950092,ALA19950092,1,retain_current_development,not_approved,FALSE
SAQ_0039,DEV_ALA19880100,SYLACAUGA GARDEN APTS III,1988,45,SAC_00074,ALA19880100,DEV_ALA19880100,ALA19880100,1,retain_current_development,not_approved,FALSE
SAQ_0039,DEV_ALA19919232,SYLACAUGA HERITAGE APTS,1991,44,SAC_00075,ALA19919232,DEV_ALA19919232,ALA19919232,1,retain_current_development,not_approved,FALSE
SAQ_0040,DEV_ALA19940257,SUNRISE APTS I,1994,50,SAC_00076,ALA19940257,DEV_ALA19940257,ALA19940257,1,retain_current_development,not_approved,FALSE
SAQ_0040,DEV_ALA19940262,SUNRISE APTS II,1994,50,SAC_00077,ALA19940262,DEV_ALA19940262,ALA19940262,1,retain_current_development,not_approved,FALSE
SAQ_0041,DEV_ALA20070096,MCKENZIE COURT REDEVELOPMENT PHASE I,2007,112,SAC_00078,ALA20070096,DEV_ALA20070096,ALA20070096,1,retain_current_development,not_approved,FALSE
SAQ_0041,DEV_ALA20080142,MCKENZIE COURT REDEVELOPMENT PHASE II,2008,144,SAC_00079,ALA20080142,DEV_ALA20080142,ALA20080142,1,retain_current_development,not_approved,FALSE
SAQ_0042,DEV_ALA20130005,ROSEDALE REDEVELOPMENT I,2013,88,SAC_00080,ALA20130005,DEV_ALA20130005,ALA20130005,1,retain_current_development,not_approved,FALSE
SAQ_0042,DEV_ALA20140050,ROSEDALE REDEVELOPMENT II,2014,86,SAC_00081,ALA20140050,DEV_ALA20140050,ALA20140050,1,retain_current_development,not_approved,FALSE
SAQ_0043,DEV_ALA20070028,CHESTNUT TRACE I,2007,96,SAC_00082,ALA20070028,DEV_ALA20070028,ALA20070028,1,retain_current_development,not_approved,FALSE
SAQ_0043,DEV_ALA20100012,CHESTNUT TRACE II,2010,116,SAC_00083,ALA20100012,DEV_ALA20100012,ALA20100012,1,retain_current_development,not_approved,FALSE
SAQ_0044,DEV_ALA19960057,IVY POINTE APTS I,1996,56,SAC_00084,ALA19960057,DEV_ALA19960057,ALA19960057,2,merge_to_review_cluster,not_approved,FALSE
SAQ_0044,DEV_ALA20200001,IVY POINTE APARTMENTS,2020,56,SAC_00084,ALA20200001,DEV_ALA19960057,ALA19960057,2,merge_to_review_cluster,not_approved,FALSE
SAQ_0044,DEV_ALA20000087,IVY POINTE APTS II,2000,48,SAC_00085,ALA20000087,DEV_ALA20000087,ALA20000087,1,retain_current_development,not_approved,FALSE
SAQ_0045,DEV_ARA19980700,DAVID LANE SUNSET ACRES I,1998,16,SAC_00086,ARA19980700,DEV_ARA19980700,ARA19980700,1,retain_current_development,not_approved,FALSE
SAQ_0045,DEV_ARA19990721,DAVID LANE SUNSET ACRES II,1999,18,SAC_00087,ARA19990721,DEV_ARA19990721,ARA19990721,1,retain_current_development,not_approved,FALSE
SAQ_0046,DEV_ARA19980696,CURIA CREEK APTS PHASE I,1998,20,SAC_00088,ARA19980696,DEV_ARA19980696,ARA19980696,1,retain_current_development,not_approved,FALSE
SAQ_0046,DEV_ARA20050030,CURIA CREEK II APARTMENTS,2005,20,SAC_00089,ARA20050030,DEV_ARA20050030,ARA20050030,1,retain_current_development,not_approved,FALSE
SAQ_0047,DEV_ARA20020040,COLT SENIOR CITIZEN APARTMENTS,2002,20,SAC_00090,ARA20020040,DEV_ARA20020040,ARA20020040,1,retain_current_development,not_approved,FALSE
SAQ_0047,DEV_ARA20120932,RIVER VIEW VILLAGE,2012,20,SAC_00091,ARA20120932,DEV_ARA20120932,ARA20120932,1,retain_current_development,not_approved,FALSE
SAQ_0048,DEV_ARA20090900,STONE RIDGE AT CONWAY PHASE I,2009,48,SAC_00092,ARA20090900,DEV_ARA20090900,ARA20090900,1,retain_current_development,not_approved,FALSE
SAQ_0048,DEV_ARA20098007,STONE RIDGE AT CONWAY FKA PARK RIDGE PHASE II,2009,48,SAC_00093,ARA20098007,DEV_ARA20098007,ARA20098007,1,retain_current_development,not_approved,FALSE
SAQ_0049,DEV_ARA20110809,MEADOWS APARTMENTS - DUMAS,2011,33,SAC_00094,ARA20110809,DEV_ARA20110809,ARA20110809,2,merge_to_review_cluster,not_approved,FALSE
SAQ_0049,DEV_ARA20119903,MEADOWS APARTMENTS,2011,33,SAC_00094,ARA20119903,DEV_ARA20110809,ARA20110809,2,merge_to_review_cluster,not_approved,FALSE
SAQ_0050,DEV_ARA19890046,FORREST MEADOWS APTS PHASE I,1989,32,SAC_00095,ARA19890046,DEV_ARA19890046,ARA19890046,1,retain_current_development,not_approved,FALSE
SAQ_0050,DEV_ARA19960650,FORREST MEADOWS APTS PHASE II,1996,32,SAC_00096,ARA19960650,DEV_ARA19960650,ARA19960650,1,retain_current_development,not_approved,FALSE
SAQ_0051,DEV_ARA19930047,MONARK VILLAGE,1993,10,SAC_00097,ARA19930047,DEV_ARA19930047,ARA19930047,1,retain_current_development,not_approved,FALSE
SAQ_0051,DEV_ARA19960025,GARLAND SQUARE OF FORT SMITH,1996,60,SAC_00098,ARA19960025,DEV_ARA19960025,ARA19960025,1,retain_current_development,not_approved,FALSE
SAQ_0052,DEV_ARA20030406,GREENBRIER GARDENS,2003,40,SAC_00099,ARA20030406,DEV_ARA20030406,ARA20030406,1,retain_current_development,not_approved,FALSE
SAQ_0052,DEV_ARA20110567,GREENBRIER GARDENS PHASE II,2011,30,SAC_00100,ARA20110567,DEV_ARA20110567,ARA20110567,1,retain_current_development,not_approved,FALSE
SAQ_0053,DEV_ARA20130629,HELENA HEIGHTS,2013,40,SAC_00101,ARA20130629,DEV_ARA20130629,ARA20130629,2,merge_to_review_cluster,not_approved,FALSE
SAQ_0053,DEV_ARA20138646,OLD HELENA HIGH SCHOOL,2013,40,SAC_00101,ARA20138646,DEV_ARA20130629,ARA20130629,2,merge_to_review_cluster,not_approved,FALSE
SAQ_0054,DEV_ARA20130630,HOLLY GROVE MANOR II,2013,25,SAC_00102,ARA20130630,DEV_ARA20130630,ARA20130630,1,retain_current_development,not_approved,FALSE
SAQ_0054,DEV_ARA20136004,HOLLY GROVE MANOR APARTMENTS,2013,24,SAC_00103,ARA20136004,DEV_ARA20136004,ARA20136004,1,retain_current_development,not_approved,FALSE
SAQ_0055,DEV_ARA20160005,HUGHES VILLAS II,2016,21,SAC_00104,ARA20160005,DEV_ARA20160005,ARA20160005,1,retain_current_development,not_approved,FALSE
SAQ_0055,DEV_ARA20163008,HUGHES VILLAS,2016,20,SAC_00105,ARA20163008,DEV_ARA20163008,ARA20163008,1,retain_current_development,not_approved,FALSE
SAQ_0056,DEV_ARA20110820,COURTYARD COTTAGES OF JACKSONVILLE I,2011,44,SAC_00106,ARA20110820,DEV_ARA20110820,ARA20110820,1,retain_current_development,not_approved,FALSE
SAQ_0056,DEV_ARA20110829,COURTYARD COTTAGES OF JACKSONVILLE II,2011,44,SAC_00107,ARA20110829,DEV_ARA20110829,ARA20110829,1,retain_current_development,not_approved,FALSE
SAQ_0057,DEV_ARA20110566,GRANDVIEW APARTMENTS - JASPER,2011,24,SAC_00108,ARA20110566,DEV_ARA20110566,ARA20110566,1,retain_current_development,not_approved,FALSE
SAQ_0057,DEV_ARA20138009,GRANDVIEW APARTMENTS/JASPER SR. CITIZENS,2013,23,SAC_00109,ARA20138009,DEV_ARA20138009,ARA20138009,1,retain_current_development,not_approved,FALSE
SAQ_0058,DEV_ARA20050090,RIDGE AT JONESBORO,2005,48,SAC_00110,ARA20050090,DEV_ARA20050090,ARA20050090,1,retain_current_development,not_approved,FALSE
SAQ_0058,DEV_ARA20070040,RIDGE AT JONESBORO PHASE II,2007,48,SAC_00111,ARA20070040,DEV_ARA20070040,ARA20070040,1,retain_current_development,not_approved,FALSE
SAQ_0059,DEV_ARA20120583,COTTAGES OF GOOD SHEPHERD I,2012,52,SAC_00112,ARA20120583,DEV_ARA20120583,ARA20120583,1,retain_current_development,not_approved,FALSE
SAQ_0059,DEV_ARA20120584,COTTAGES OF GOOD SHEPHERD II,2012,52,SAC_00113,ARA20120584,DEV_ARA20120584,ARA20120584,1,retain_current_development,not_approved,FALSE
SAQ_0060,DEV_ARA20090789,ST JOHN'S APTS,2009,224,SAC_00114,ARA20090789,DEV_ARA20090789,ARA20090789,2,merge_to_review_cluster,not_approved,FALSE
SAQ_0060,DEV_ARA20099020,SPANISH JON'S APARTMENTS,2009,224,SAC_00114,ARA20099020,DEV_ARA20090789,ARA20090789,2,merge_to_review_cluster,not_approved,FALSE
SAQ_0061,DEV_ARA20090050,ARKANSAS RIVER APTS,2009,72,SAC_00115,ARA20090050,DEV_ARA20090050,ARA20090050,1,retain_current_development,not_approved,FALSE
SAQ_0061,DEV_ARA20100808,CANTRELL HEIGHTS,2010,126,SAC_00116,ARA20100808,DEV_ARA20100808,ARA20100808,1,retain_current_development,not_approved,FALSE
SAQ_0062,DEV_ARA19870015,MARLA SQUARE APTS I,1987,36,SAC_00117,ARA19870015,DEV_ARA19870015,ARA19870015,1,retain_current_development,not_approved,FALSE
SAQ_0062,DEV_ARA19870017,MARLA SQUARE APTS II,1987,36,SAC_00118,ARA19870017,DEV_ARA19870017,ARA19870017,1,retain_current_development,not_approved,FALSE
SAQ_0063,DEV_ARA20000020,MOUNTAIN STATION APTS,2000,30,SAC_00119,ARA20000020,DEV_ARA20000020,ARA20000020,1,retain_current_development,not_approved,FALSE
SAQ_0063,DEV_ARA20040045,MOUNTAIN STATION II APARTMENTS,2004,52,SAC_00120,ARA20040045,DEV_ARA20040045,ARA20040045,1,retain_current_development,not_approved,FALSE
SAQ_0064,DEV_ARA20030745,ARRINGTON APTS PHASE I,2003,120,SAC_00121,ARA20030745,DEV_ARA20030745,ARA20030745,1,retain_current_development,not_approved,FALSE
SAQ_0064,DEV_ARA20080010,ARRINGTON APARTMENTS II,2008,36,SAC_00122,ARA20080010,DEV_ARA20080010,ARA20080010,1,retain_current_development,not_approved,FALSE
SAQ_0065,DEV_ARA20050100,RIDGE AT SEARCY PHASE I,2005,64,SAC_00123,ARA20050100,DEV_ARA20050100,ARA20050100,1,retain_current_development,not_approved,FALSE
SAQ_0065,DEV_ARA20080065,RIDGE AT SEARCY II,2008,48,SAC_00124,ARA20080065,DEV_ARA20080065,ARA20080065,1,retain_current_development,not_approved,FALSE
SAQ_0066,DEV_ARA20090060,VILLAGE PARK SOUTH II,2009,50,SAC_00125,ARA20090060,DEV_ARA20090060,ARA20090060,1,retain_current_development,not_approved,FALSE
SAQ_0066,DEV_ARA20090799,VILLAGE PARK SOUTH I,2009,50,SAC_00126,ARA20090799,DEV_ARA20090799,ARA20090799,1,retain_current_development,not_approved,FALSE
SAQ_0067,DEV_AZA20160013,MADISON HEIGHTS PHASE I,2016,77,SAC_00127,AZA20160013,DEV_AZA20160013,AZA20160013,1,retain_current_development,not_approved,FALSE
SAQ_0067,DEV_AZA20160014,MADISON HEIGHTS PHASE II,2016,66,SAC_00128,AZA20160014,DEV_AZA20160014,AZA20160014,1,retain_current_development,not_approved,FALSE
SAQ_0068,DEV_AZA20030071,ROSE TERRACE I,2003,60,SAC_00129,AZA20030071,DEV_AZA20030071,AZA20030071,1,retain_current_development,not_approved,FALSE
SAQ_0068,DEV_AZA20030072,ROSE TERRACE II APTS,2003,20,SAC_00130,AZA20030072,DEV_AZA20030072,AZA20030072,1,retain_current_development,not_approved,FALSE
SAQ_0069,DEV_AZA20070055,KATHERINE HEIGHTS TOWNHOMES I,2007,5,SAC_00131,AZA20070055,DEV_AZA20070055,AZA20070055,1,retain_current_development,not_approved,FALSE
SAQ_0069,DEV_AZA20080035,KATHERINE HEIGHTS TOWNHOMES II,2008,2,SAC_00132,AZA20080035,DEV_AZA20080035,AZA20080035,1,retain_current_development,not_approved,FALSE
SAQ_0069,DEV_AZA20100030,KATHERINE HEIGHTS TOWNHOMES III,2010,32,SAC_00133,AZA20100030,DEV_AZA20100030,AZA20100030,1,retain_current_development,not_approved,FALSE
SAQ_0070,DEV_AZA19980031,GOLD RUSH APTS PHASE II,1998,96,SAC_00134,AZA19980031,DEV_AZA19980031,AZA19980031,1,retain_current_development,not_approved,FALSE
SAQ_0070,DEV_AZA19980036,GOLD RUSH APTS PHASE I,1998,52,SAC_00135,AZA19980036,DEV_AZA19980036,AZA19980036,1,retain_current_development,not_approved,FALSE
SAQ_0071,DEV_AZA19960051,MOUNTAINSIDE VILLAGE APTS PHASE 2,1996,30,SAC_00136,AZA19960051,DEV_AZA19960051,AZA19960051,1,retain_current_development,not_approved,FALSE
SAQ_0071,DEV_AZA19960056,MOUNTAINSIDE VILLAGE APTS PHASE I,1996,50,SAC_00137,AZA19960056,DEV_AZA19960056,AZA19960056,1,retain_current_development,not_approved,FALSE
SAQ_0071,DEV_AZA20160005,CEDAR CREST APARTMENTS,2016,81,SAC_00138,AZA20160005,DEV_AZA20160005,AZA20160005,1,retain_current_development,not_approved,FALSE
SAQ_0072,DEV_AZA20009134,OAKWOOD VILLAGE APTS II,2000,72,SAC_00139,AZA20009134,DEV_AZA20009134,AZA20009134,1,retain_current_development,not_approved,FALSE
SAQ_0072,DEV_AZA20100050,OAKWOOD VILLAGE APTS III,2010,56,SAC_00140,AZA20100050,DEV_AZA20100050,AZA20100050,1,retain_current_development,not_approved,FALSE
SAQ_0073,DEV_AZA19940035,HOMESTEAD WEST,1994,32,SAC_00141,AZA19940035,DEV_AZA19940035,AZA19940035,2,merge_to_review_cluster,not_approved,FALSE
SAQ_0073,DEV_AZA20160017,RODEO COURT (FKA HOMESTEAD WEST),2016,32,SAC_00141,AZA20160017,DEV_AZA19940035,AZA19940035,2,merge_to_review_cluster,not_approved,FALSE
SAQ_0074,DEV_AZA20040010,AK-CHIN HOMES I,2004,36,SAC_00142,AZA20040010,DEV_AZA20040010,AZA20040010,1,retain_current_development,not_approved,FALSE
SAQ_0074,DEV_AZA20060030,AK-CHIN HOMES II,2006,17,SAC_00143,AZA20060030,DEV_AZA20060030,AZA20060030,1,retain_current_development,not_approved,FALSE
SAQ_0075,DEV_AZA20129081,RESIDENCES AT CENTER STREET STATION,2012,81,SAC_00144,AZA20129081,DEV_AZA20129081,AZA20129081,2,merge_to_review_cluster,not_approved,FALSE
SAQ_0075,DEV_AZA20130004,ENCORE ON 1ST,2013,81,SAC_00144,AZA20130004,DEV_AZA20129081,AZA20129081,2,merge_to_review_cluster,not_approved,FALSE
SAQ_0076,DEV_AZA20010035,MOUNTAIN POINTE APTS PHASE I,2001,108,SAC_00145,AZA20010035,DEV_AZA20010035,AZA20010035,1,retain_current_development,not_approved,FALSE
SAQ_0076,DEV_AZA20080045,MOUNTAIN POINTE APTS PHASE II,2008,60,SAC_00146,AZA20080045,DEV_AZA20080045,AZA20080045,1,retain_current_development,not_approved,FALSE
SAQ_0077,DEV_AZA20130018,STEPPING STONE PLACE,2013,83,SAC_00147,AZA20130018,DEV_AZA20130018,AZA20130018,1,retain_current_development,not_approved,FALSE
SAQ_0077,DEV_AZA20200012,STEPPING STONE PHASE III,2020,42,SAC_00148,AZA20200012,DEV_AZA20200012,AZA20200012,1,retain_current_development,not_approved,FALSE
SAQ_0078,DEV_AZA20040105,WESTWARD HO APTS,2004,290,SAC_00149,AZA20040105,DEV_AZA20040105,AZA20040105,1,retain_current_development,not_approved,FALSE
SAQ_0078,DEV_AZA20160019,WESTWARD HO APARTMENTS,2016,289,SAC_00150,AZA20160019,DEV_AZA20160019,AZA20160019,1,retain_current_development,not_approved,FALSE
SAQ_0079,DEV_AZA20050060,MATTHEW HENSON I,2005,196,SAC_00151,AZA20050060,DEV_AZA20050060,AZA20050060,1,retain_current_development,not_approved,FALSE
SAQ_0079,DEV_AZA20070085,MATTHEW HENSON III,2007,136,SAC_00152,AZA20070085,DEV_AZA20070085,AZA20070085,1,retain_current_development,not_approved,FALSE
SAQ_0079,DEV_AZA20080040,MATTHEW HENSON IV,2008,86,SAC_00153,AZA20080040,DEV_AZA20080040,AZA20080040,1,retain_current_development,not_approved,FALSE
SAQ_0080,DEV_AZA20009132,CANALSIDE HOMES I,2000,30,SAC_00154,AZA20009132,DEV_AZA20009132,AZA20009132,1,retain_current_development,not_approved,FALSE
SAQ_0080,DEV_AZA20010010,CANALSIDE HOMES II,2001,30,SAC_00155,AZA20010010,DEV_AZA20010010,AZA20010010,1,retain_current_development,not_approved,FALSE
SAQ_0081,DEV_AZA20120015,CASA DEL SOL,2012,88,SAC_00156,AZA20120015,DEV_AZA20120015,AZA20120015,1,retain_current_development,not_approved,FALSE
SAQ_0081,DEV_AZA20240003,CASA DEL SOL II,2024,64,SAC_00157,AZA20240003,DEV_AZA20240003,AZA20240003,1,retain_current_development,not_approved,FALSE
SAQ_0082,DEV_AZA20060010,GILA RIVER II,2006,40,SAC_00158,AZA20060010,DEV_AZA20060010,AZA20060010,1,retain_current_development,not_approved,FALSE
SAQ_0082,DEV_AZA20060085,GILA RIVER I,2006,40,SAC_00159,AZA20060085,DEV_AZA20060085,AZA20060085,1,retain_current_development,not_approved,FALSE
SAQ_0083,DEV_AZA20000035,MISSION VISTA APTS,2000,80,SAC_00160,AZA20000035,DEV_AZA20000035,AZA20000035,2,merge_to_review_cluster,not_approved,FALSE
SAQ_0083,DEV_AZA20170009,MISSION VISTA,2017,80,SAC_00160,AZA20170009,DEV_AZA20000035,AZA20000035,2,merge_to_review_cluster,not_approved,FALSE
SAQ_0084,DEV_AZA19990041,LAS VILLAS DE KINO I,1999,240,SAC_00161,AZA19990041,DEV_AZA19990041,AZA19990041,1,retain_current_development,not_approved,FALSE
SAQ_0084,DEV_AZA19990046,LAS VILLAS DE KINO II,1999,108,SAC_00162,AZA19990046,DEV_AZA19990046,AZA19990046,1,retain_current_development,not_approved,FALSE
SAQ_0085,DEV_CAA20120155,SYCAMORE FAMILY APTS I,2012,48,SAC_00163,CAA20120155,DEV_CAA20120155,CAA20120155,1,retain_current_development,not_approved,FALSE
SAQ_0085,DEV_CAA20140449,SYCAMORE FAMILY APTS II,2014,72,SAC_00164,CAA20140449,DEV_CAA20140449,CAA20140449,1,retain_current_development,not_approved,FALSE
SAQ_0086,DEV_CAA20160003,ARROYO DEL CAMINO,2016,41,SAC_00165,CAA20160003,DEV_CAA20160003,CAA20160003,1,retain_current_development,not_approved,FALSE
SAQ_0086,DEV_CAA20191009,ARROYO DEL CAMINO II,2019,36,SAC_00166,CAA20191009,DEV_CAA20191009,CAA20191009,1,retain_current_development,not_approved,FALSE
SAQ_0087,DEV_CAA19960223,SUMMERHILL APTS,1996,128,SAC_00167,CAA19960223,DEV_CAA19960223,CAA19960223,2,merge_to_review_cluster,not_approved,FALSE
SAQ_0087,DEV_CAA20161058,SUMMERHILL FAMILY APARTMENTS,2016,128,SAC_00167,CAA20161058,DEV_CAA19960223,CAA19960223,2,merge_to_review_cluster,not_approved,FALSE
SAQ_0088,DEV_CAA20030030,BAKERSFIELD FAMILY APTS I,2003,78,SAC_00168,CAA20030030,DEV_CAA20030030,CAA20030030,1,retain_current_development,not_approved,FALSE
SAQ_0088,DEV_CAA20040375,P STREET FAMILY APTS,2004,21,SAC_00169,CAA20040375,DEV_CAA20040375,CAA20040375,1,retain_current_development,not_approved,FALSE
SAQ_0089,DEV_CAA20161032,MALAN STREET APARTMENTS,2016,41,SAC_00170,CAA20161032,DEV_CAA20161032,CAA20161032,1,retain_current_development,not_approved,FALSE
SAQ_0089,DEV_CAA20191069,MALAN STREET APARTMENTS II,2019,40,SAC_00171,CAA20191069,DEV_CAA20191069,CAA20191069,1,retain_current_development,not_approved,FALSE
SAQ_0090,DEV_CAA19950019,ALEJANDRO RIVERA SENIOR CITIZENS APTS I,1995,52,SAC_00172,CAA19950019,DEV_CAA19950019,CAA19950019,1,retain_current_development,not_approved,FALSE
SAQ_0090,DEV_CAA19960167,ALEJANDRO RIVERA SENIOR CITIZENS APTS II,1996,82,SAC_00173,CAA19960167,DEV_CAA19960167,CAA19960167,1,retain_current_development,not_approved,FALSE
SAQ_0091,DEV_CAA20050525,SIERRA SUNRISE SENIOR APTS I,2005,119,SAC_00174,CAA20050525,DEV_CAA20050525,CAA20050525,2,merge_to_review_cluster,not_approved,FALSE
SAQ_0091,DEV_CAA20220005,SIERRA SUNRISE SENIOR APARTMENTS,2022,119,SAC_00174,CAA20220005,DEV_CAA20050525,CAA20050525,2,merge_to_review_cluster,not_approved,FALSE
SAQ_0091,DEV_CAA20080750,SIERRA SUNRISE SENIOR APTS II,2008,20,SAC_00175,CAA20080750,DEV_CAA20080750,CAA20080750,1,retain_current_development,not_approved,FALSE
SAQ_0092,DEV_CAA20000190,GRACE AVENUE HOUSING,2000,84,SAC_00176,CAA20000190,DEV_CAA20000190,CAA20000190,1,retain_current_development,not_approved,FALSE
SAQ_0092,DEV_CAA20000625,THE VILLAGGIO II,2000,65,SAC_00177,CAA20000625,DEV_CAA20000625,CAA20000625,1,retain_current_development,not_approved,FALSE
SAQ_0093,DEV_CAA20100245,SHASTA VILLAS,2010,72,SAC_00178,CAA20100245,DEV_CAA20100245,CAA20100245,1,retain_current_development,not_approved,FALSE
SAQ_0093,DEV_CAA20120878,SHASTA COURT,2012,60,SAC_00179,CAA20120878,DEV_CAA20120878,CAA20120878,1,retain_current_development,not_approved,FALSE
SAQ_0094,DEV_CAA20000390,ORCHARD VILLAS I,2000,82,SAC_00180,CAA20000390,DEV_CAA20000390,CAA20000390,1,retain_current_development,not_approved,FALSE
SAQ_0094,DEV_CAA20020335,ORCHARD VILLAS II,2002,72,SAC_00181,CAA20020335,DEV_CAA20020335,CAA20020335,1,retain_current_development,not_approved,FALSE
SAQ_0095,DEV_CAA19990766,NOVA POINTE APTS PHASE I,1999,156,SAC_00182,CAA19990766,DEV_CAA19990766,CAA19990766,1,retain_current_development,not_approved,FALSE
SAQ_0095,DEV_CAA19990767,NOVA POINTE APTS PHASE II,1999,130,SAC_00183,CAA19990767,DEV_CAA19990767,CAA19990767,1,retain_current_development,not_approved,FALSE
SAQ_0096,DEV_CAA20050345,MAGANDA PARK,2005,20,SAC_00184,CAA20050345,DEV_CAA20050345,CAA20050345,1,retain_current_development,not_approved,FALSE
SAQ_0096,DEV_CAA20060475,CASAS DEL VALLE,2006,35,SAC_00185,CAA20060475,DEV_CAA20060475,CAA20060475,1,retain_current_development,not_approved,FALSE
SAQ_0097,DEV_CAA20060165,ARROYO DE PAZ APTS I,2006,60,SAC_00186,CAA20060165,DEV_CAA20060165,CAA20060165,1,retain_current_development,not_approved,FALSE
SAQ_0097,DEV_CAA20070040,ARROYO DE PAZ APTS II,2007,34,SAC_00187,CAA20070040,DEV_CAA20070040,CAA20070040,1,retain_current_development,not_approved,FALSE
SAQ_0098,DEV_CAA19930290,BELLA VISTA APTS II,1993,96,SAC_00188,CAA19930290,DEV_CAA19930290,CAA19930290,1,retain_current_development,not_approved,FALSE
SAQ_0098,DEV_CAA20130469,VERBENA CROSSING APTS,2013,96,SAC_00189,CAA20130469,DEV_CAA20130469,CAA20130469,1,retain_current_development,not_approved,FALSE
SAQ_0099,DEV_CAA20060495,SILVERADO CREEK FAMILY APTS PHASE I,2006,112,SAC_00190,CAA20060495,DEV_CAA20060495,CAA20060495,1,retain_current_development,not_approved,FALSE
SAQ_0099,DEV_CAA20060585,SILVERADO CREEK FAMILY APTS PHASE II,2006,56,SAC_00191,CAA20060585,DEV_CAA20060585,CAA20060585,1,retain_current_development,not_approved,FALSE
SAQ_0100,DEV_CAA20191016,BOW STREET APARTMENTS,2019,50,SAC_00192,CAA20191016,DEV_CAA20191016,CAA20191016,1,retain_current_development,not_approved,FALSE
SAQ_0100,DEV_CAA20191017,BOW STREET APARTMENTS II,2019,48,SAC_00193,CAA20191017,DEV_CAA20191017,CAA20191017,1,retain_current_development,not_approved,FALSE
SAQ_0101,DEV_CAA20000160,CYPRESS COVE,2000,198,SAC_00194,CAA20000160,DEV_CAA20000160,CAA20000160,1,retain_current_development,not_approved,FALSE
SAQ_0101,DEV_CAA20160017,CYPRESS COVE APARTMENTS,2016,200,SAC_00195,CAA20160017,DEV_CAA20160017,CAA20160017,1,retain_current_development,not_approved,FALSE
SAQ_0102,DEV_CAA20080345,GATEWAY VILLAGE (FARMERSVILLE),2008,48,SAC_00196,CAA20080345,DEV_CAA20080345,CAA20080345,1,retain_current_development,not_approved,FALSE
SAQ_0102,DEV_CAA20090205,GATEWAY VILLAGE II,2009,16,SAC_00197,CAA20090205,DEV_CAA20090205,CAA20090205,1,retain_current_development,not_approved,FALSE
SAQ_0103,DEV_CAA20100195,PASEO VERDE FAMILY APTS I,2010,50,SAC_00198,CAA20100195,DEV_CAA20100195,CAA20100195,1,retain_current_development,not_approved,FALSE
SAQ_0103,DEV_CAA20110360,PASEO VERDE FAMILY APTS II,2011,46,SAC_00199,CAA20110360,DEV_CAA20110360,CAA20110360,1,retain_current_development,not_approved,FALSE
SAQ_0103,DEV_CAA20130072,PASEO VERDE FAMILY APTS III,2013,,SAC_00200,CAA20130072,DEV_CAA20130072,CAA20130072,1,retain_current_development,not_approved,FALSE
SAQ_0104,DEV_CAA19890115,FRESNO EMERALD PALMS,1989,33,SAC_00201,CAA19890115,DEV_CAA19890115,CAA19890115,1,retain_current_development,not_approved,FALSE
SAQ_0104,DEV_CAA20040684,BRIERWOOD COURT,2004,74,SAC_00202,CAA20040684,DEV_CAA20040684,CAA20040684,1,retain_current_development,not_approved,FALSE
SAQ_0105,DEV_CAA19890140,GROVE PARK HOUSING,1989,104,SAC_00203,CAA19890140,DEV_CAA19890140,CAA19890140,1,retain_current_development,not_approved,FALSE
SAQ_0105,DEV_CAA19900060,TUDOR GROVE,1990,144,SAC_00204,CAA19900060,DEV_CAA19900060,CAA19900060,1,retain_current_development,not_approved,FALSE
SAQ_0106,DEV_CAA20191101,SEQUOIA COMMONS,2019,66,SAC_00205,CAA20191101,DEV_CAA20191101,CAA20191101,1,retain_current_development,not_approved,FALSE
SAQ_0106,DEV_CAA20212100,SEQUOIA COMMONS II (FORMERLY GOSHEN VILLAGE EAST),2021,60,SAC_00206,CAA20212100,DEV_CAA20212100,CAA20212100,1,retain_current_development,not_approved,FALSE
SAQ_0107,DEV_CAA19960235,TYLER PARK TOWNHOMES II,1996,30,SAC_00207,CAA19960235,DEV_CAA19960235,CAA19960235,1,retain_current_development,not_approved,FALSE
SAQ_0107,DEV_CAA19960236,TYLER PARK TOWNHOMES III,1996,28,SAC_00208,CAA19960236,DEV_CAA19960236,CAA19960236,1,retain_current_development,not_approved,FALSE
SAQ_0107,DEV_CAA20140453,TYLER PARK TOWNHOMES,2014,88,SAC_00209,CAA20140453,DEV_CAA20140453,CAA20140453,1,retain_current_development,not_approved,FALSE
SAQ_0108,DEV_CAA20019686,MAIN STREET APTS,2001,28,SAC_00210,CAA20019686,DEV_CAA20019686,CAA20019686,1,retain_current_development,not_approved,FALSE
SAQ_0108,DEV_CAA20140421,MAIN STREET PARK I,2014,36,SAC_00211,CAA20140421,DEV_CAA20140421,CAA20140421,1,retain_current_development,not_approved,FALSE
SAQ_0109,DEV_CAA19980190,HEMET VISTAS APTS I,1998,72,SAC_00212,CAA19980190,DEV_CAA19980190,CAA19980190,1,retain_current_development,not_approved,FALSE
SAQ_0109,DEV_CAA20010225,HEMET VISTAS APTS II,2001,71,SAC_00213,CAA20010225,DEV_CAA20010225,CAA20010225,1,retain_current_development,not_approved,FALSE
SAQ_0110,DEV_CAA19990475,SANTA FE APTS (HESPERIA),1999,88,SAC_00214,CAA19990475,DEV_CAA19990475,CAA19990475,1,retain_current_development,not_approved,FALSE
SAQ_0110,DEV_CAA20160070,SANTA FE APARTMENTS,2016,89,SAC_00215,CAA20160070,DEV_CAA20160070,CAA20160070,1,retain_current_development,not_approved,FALSE
SAQ_0111,DEV_CAA20090375,SAN REMO HESPERIA II,2009,58,SAC_00216,CAA20090375,DEV_CAA20090375,CAA20090375,1,retain_current_development,not_approved,FALSE
SAQ_0111,DEV_CAA20099806,SAN REMO APARTMENTS,2009,64,SAC_00217,CAA20099806,DEV_CAA20099806,CAA20099806,1,retain_current_development,not_approved,FALSE
SAQ_0112,DEV_CAA20080840,THE VILLAGE AT HESPERIA APTS PHASE I,2008,68,SAC_00218,CAA20080840,DEV_CAA20080840,CAA20080840,1,retain_current_development,not_approved,FALSE
SAQ_0112,DEV_CAA20080930,THE VILLAGE AT HESPERIA APTS PHASE III,2008,21,SAC_00219,CAA20080930,DEV_CAA20080930,CAA20080930,1,retain_current_development,not_approved,FALSE
SAQ_0113,DEV_CAA20010430,PORVENIR ESTATES,2001,40,SAC_00220,CAA20010430,DEV_CAA20010430,CAA20010430,1,retain_current_development,not_approved,FALSE
SAQ_0113,DEV_CAA20010435,PORVENIR ESTATES II,2001,40,SAC_00221,CAA20010435,DEV_CAA20010435,CAA20010435,1,retain_current_development,not_approved,FALSE
SAQ_0114,DEV_CAA20140401,FRED YOUNG FARMWORKER APTS PHASE I,2014,85,SAC_00222,CAA20140401,DEV_CAA20140401,CAA20140401,1,retain_current_development,not_approved,FALSE
SAQ_0114,DEV_CAA20191118,VILLA HERMOSA APARTMENTS PHASE II,2019,68,SAC_00223,CAA20191118,DEV_CAA20191118,CAA20191118,1,retain_current_development,not_approved,FALSE
SAQ_0114,DEV_CAA20220033,"VILLA HERMOSA APARTMENTS, PHASE III",2022,100,SAC_00224,CAA20220033,DEV_CAA20220033,CAA20220033,1,retain_current_development,not_approved,FALSE
SAQ_0115,DEV_CAA20110113,DORIA APT HOMES PHASE I,2011,59,SAC_00225,CAA20110113,DEV_CAA20110113,CAA20110113,1,retain_current_development,not_approved,FALSE
SAQ_0115,DEV_CAA20130340,DORIA APT HOMES PHASE II,2013,74,SAC_00226,CAA20130340,DEV_CAA20130340,CAA20130340,1,retain_current_development,not_approved,FALSE
SAQ_0116,DEV_CAA19920145,LAKE ISABELLA SENIOR APTS I,1992,46,SAC_00227,CAA19920145,DEV_CAA19920145,CAA19920145,1,retain_current_development,not_approved,FALSE
SAQ_0116,DEV_CAA19950070,LAKE ISABELLA SENIOR APTS II,1995,40,SAC_00228,CAA19950070,DEV_CAA19950070,CAA19950070,1,retain_current_development,not_approved,FALSE
SAQ_0117,DEV_CAA19960232,OAKS AT JOINER RANCH I,1996,88,SAC_00229,CAA19960232,DEV_CAA19960232,CAA19960232,1,retain_current_development,not_approved,FALSE
SAQ_0117,DEV_CAA19980285,OAKS AT JOINER RANCH II,1998,120,SAC_00230,CAA19980285,DEV_CAA19980285,CAA19980285,1,retain_current_development,not_approved,FALSE
SAQ_0118,DEV_CAA20070834,HARVARD COURT APT HOMES PHASE I,2007,81,SAC_00231,CAA20070834,DEV_CAA20070834,CAA20070834,1,retain_current_development,not_approved,FALSE
SAQ_0118,DEV_CAA20080375,HARVARD COURT APT HOMES PHASE II,2008,40,SAC_00232,CAA20080375,DEV_CAA20080375,CAA20080375,1,retain_current_development,not_approved,FALSE
SAQ_0119,DEV_CAA20210076,THE SPARK AT MIDTOWN,2021,95,SAC_00233,CAA20210076,DEV_CAA20210076,CAA20210076,1,retain_current_development,not_approved,FALSE
SAQ_0119,DEV_CAA20212020,VERMONT CORRIDOR APARTMENT (F.K.A 433 VERMONT APARTMENTS),2021,95,SAC_00234,CAA20212020,DEV_CAA20212020,CAA20212020,1,retain_current_development,not_approved,FALSE
SAQ_0120,DEV_CAA20040075,CASA DE CABRILLO,2004,204,SAC_00235,CAA20040075,DEV_CAA20040075,CAA20040075,2,merge_to_review_cluster,not_approved,FALSE
SAQ_0120,DEV_CAA20211050,PLAZA DE CABRILLO,2021,204,SAC_00235,CAA20211050,DEV_CAA20040075,CAA20040075,2,merge_to_review_cluster,not_approved,FALSE
SAQ_0120,DEV_CAA20080790,FAMILY COMMONS AT CABRILLO,2008,81,SAC_00236,CAA20080790,DEV_CAA20080790,CAA20080790,1,retain_current_development,not_approved,FALSE
SAQ_0121,DEV_CAA19920205,ROBERTA STEVENS VILLAS,1992,40,SAC_00237,CAA19920205,DEV_CAA19920205,CAA19920205,2,merge_to_review_cluster,not_approved,FALSE
SAQ_0121,DEV_CAA20150064,ROBERTA STEPHENS VILLAS I + II,2015,40,SAC_00237,CAA20150064,DEV_CAA19920205,CAA19920205,2,merge_to_review_cluster,not_approved,FALSE
SAQ_0122,DEV_CAA20191096,ROLLAND CURTIS EAST,2019,70,SAC_00238,CAA20191096,DEV_CAA20191096,CAA20191096,1,retain_current_development,not_approved,FALSE
SAQ_0122,DEV_CAA20191097,ROLLAND CURTIS WEST,2019,70,SAC_00239,CAA20191097,DEV_CAA20191097,CAA20191097,1,retain_current_development,not_approved,FALSE
SAQ_0123,DEV_CAA20090260,MANITOU VISTAS I,2009,48,SAC_00240,CAA20090260,DEV_CAA20090260,CAA20090260,1,retain_current_development,not_approved,FALSE
SAQ_0123,DEV_CAA20099805,MANITOU VISTAS II,2009,21,SAC_00241,CAA20099805,DEV_CAA20099805,CAA20099805,1,retain_current_development,not_approved,FALSE
SAQ_0124,DEV_CAA20240147,WEINGART TOWER I,2024,134,SAC_00242,CAA20240147,DEV_CAA20240147,CAA20240147,2,merge_to_review_cluster,not_approved,FALSE
SAQ_0124,DEV_CAA20240148,WEINGART TOWER II,2024,144,SAC_00242,CAA20240148,DEV_CAA20240147,CAA20240147,2,merge_to_review_cluster,not_approved,FALSE
SAQ_0125,DEV_CAA19930250,SHERWOOD MANOR APTS,1993,34,SAC_00243,CAA19930250,DEV_CAA19930250,CAA19930250,1,retain_current_development,not_approved,FALSE
SAQ_0125,DEV_CAA20160072,SHERWOOD MANOR APARTMENTS,2016,35,SAC_00244,CAA20160072,DEV_CAA20160072,CAA20160072,1,retain_current_development,not_approved,FALSE
SAQ_0126,DEV_CAA19910110,WILLOWBROOK APTS I,1991,80,SAC_00245,CAA19910110,DEV_CAA19910110,CAA19910110,1,retain_current_development,not_approved,FALSE
SAQ_0126,DEV_CAA19930352,WILLOWBROOK APTS II,1993,96,SAC_00246,CAA19930352,DEV_CAA19930352,CAA19930352,1,retain_current_development,not_approved,FALSE
SAQ_0127,DEV_CAA20050115,COTTONWOOD PLACE II,2005,61,SAC_00247,CAA20050115,DEV_CAA20050115,CAA20050115,1,retain_current_development,not_approved,FALSE
SAQ_0127,DEV_CAA20060050,COTTONWOOD PLACE III,2006,58,SAC_00248,CAA20060050,DEV_CAA20060050,CAA20060050,1,retain_current_development,not_approved,FALSE
SAQ_0127,DEV_CAA20070190,COTTONWOOD PLACE IV,2007,45,SAC_00249,CAA20070190,DEV_CAA20070190,CAA20070190,1,retain_current_development,not_approved,FALSE
SAQ_0127,DEV_CAA20161014,COTTONWOOD PLACE,2016,109,SAC_00250,CAA20161014,DEV_CAA20161014,CAA20161014,1,retain_current_development,not_approved,FALSE
SAQ_0128,DEV_CAA20100208,RANCHO DORADO FAMILY APTS II,2010,79,SAC_00251,CAA20100208,DEV_CAA20100208,CAA20100208,1,retain_current_development,not_approved,FALSE
SAQ_0128,DEV_CAA20130078,RANCHO DORADO SOUTH,2013,79,SAC_00252,CAA20130078,DEV_CAA20130078,CAA20130078,1,retain_current_development,not_approved,FALSE
SAQ_0129,DEV_CAA19980095,COCHRANE VILLAGE APTS,1998,16,SAC_00253,CAA19980095,DEV_CAA19980095,CAA19980095,1,retain_current_development,not_approved,FALSE
SAQ_0129,DEV_CAA19980270,MORGAN HILL RANCH,1998,80,SAC_00254,CAA19980270,DEV_CAA19980270,CAA19980270,1,retain_current_development,not_approved,FALSE
SAQ_0129,DEV_CAA20141021,COCHRANE VILLAGE,2014,96,SAC_00255,CAA20141021,DEV_CAA20141021,CAA20141021,1,retain_current_development,not_approved,FALSE
SAQ_0130,DEV_CAA20030335,MURPHY RANCH TOWNHOMES I,2003,62,SAC_00256,CAA20030335,DEV_CAA20030335,CAA20030335,1,retain_current_development,not_approved,FALSE
SAQ_0130,DEV_CAA20050405,MURPHY RANCH TOWNHOMES II,2005,38,SAC_00257,CAA20050405,DEV_CAA20050405,CAA20050405,1,retain_current_development,not_approved,FALSE
SAQ_0131,DEV_CAA19970435,SHOREBREEZE APTS,1997,119,SAC_00258,CAA19970435,DEV_CAA19970435,CAA19970435,1,retain_current_development,not_approved,FALSE
SAQ_0131,DEV_CAA20201054,SHOREBREEZE EXPANSION,2020,62,SAC_00259,CAA20201054,DEV_CAA20201054,CAA20201054,1,retain_current_development,not_approved,FALSE
SAQ_0132,DEV_CAA20060520,ALTENHEIM SENIOR HOUSING PHASE I,2006,93,SAC_00260,CAA20060520,DEV_CAA20060520,CAA20060520,1,retain_current_development,not_approved,FALSE
SAQ_0132,DEV_CAA20100290,ALTENHEIM SENIOR HOUSING PHASE II,2010,81,SAC_00261,CAA20100290,DEV_CAA20100290,CAA20100290,1,retain_current_development,not_approved,FALSE
SAQ_0133,DEV_CAA20201044,PASEO ESTERO 4%,2020,60,SAC_00262,CAA20201044,DEV_CAA20201044,CAA20201044,2,merge_to_review_cluster,not_approved,FALSE
SAQ_0133,DEV_CAA20201045,PASEO ESTERO 9%,2020,41,SAC_00262,CAA20201045,DEV_CAA20201044,CAA20201044,2,merge_to_review_cluster,not_approved,FALSE
SAQ_0134,DEV_CAA19900087,FRANK G MAR COMMUNITY HOUSING,1990,119,SAC_00263,CAA19900087,DEV_CAA19900087,CAA19900087,2,merge_to_review_cluster,not_approved,FALSE
SAQ_0134,DEV_CAA20212096,FRANK G MAR APARTMENTS,2021,119,SAC_00263,CAA20212096,DEV_CAA19900087,CAA19900087,2,merge_to_review_cluster,not_approved,FALSE
SAQ_0135,DEV_CAA19940492,C L DELLUMS APTS,1994,73,SAC_00264,CAA19940492,DEV_CAA19940492,CAA19940492,2,merge_to_review_cluster,not_approved,FALSE
SAQ_0135,DEV_CAA20141012,C.L. DELLUMS APARTMENTS,2014,73,SAC_00264,CAA20141012,DEV_CAA19940492,CAA19940492,2,merge_to_review_cluster,not_approved,FALSE
SAQ_0136,DEV_CAA20020530,MOUNTAIN VIEW SENIOR APTS I,2002,86,SAC_00265,CAA20020530,DEV_CAA20020530,CAA20020530,1,retain_current_development,not_approved,FALSE
SAQ_0136,DEV_CAA20070772,MOUNTAIN VIEW SENIOR APTS II,2007,20,SAC_00266,CAA20070772,DEV_CAA20070772,CAA20070772,1,retain_current_development,not_approved,FALSE
SAQ_0137,DEV_CAA20231093,TABLE MOUNTAIN APARTMENTS,2023,47,SAC_00267,CAA20231093,DEV_CAA20231093,CAA20231093,1,retain_current_development,not_approved,FALSE
SAQ_0137,DEV_CAA20240118,TABLE MOUNTAIN APARTMENTS II,2024,48,SAC_00268,CAA20240118,DEV_CAA20240118,CAA20240118,1,retain_current_development,not_approved,FALSE
SAQ_0138,DEV_CAA20120870,AVILA AVENUE APTS,2012,33,SAC_00269,CAA20120870,DEV_CAA20120870,CAA20120870,1,retain_current_development,not_approved,FALSE
SAQ_0138,DEV_CAA20150012,AVILA AVENUE APARTMENTS II,2015,24,SAC_00270,CAA20150012,DEV_CAA20150012,CAA20150012,1,retain_current_development,not_approved,FALSE
SAQ_0139,DEV_CAA20080395,HIDDEN CREEK APTS,2008,81,SAC_00271,CAA20080395,DEV_CAA20080395,CAA20080395,1,retain_current_development,not_approved,FALSE
SAQ_0139,DEV_CAA20110180,HIDDEN CREEK VILLAGE,2011,81,SAC_00272,CAA20110180,DEV_CAA20110180,CAA20110180,1,retain_current_development,not_approved,FALSE
SAQ_0140,DEV_CAA20201057,STONEGATE VILLAGE I,2020,66,SAC_00273,CAA20201057,DEV_CAA20201057,CAA20201057,1,retain_current_development,not_approved,FALSE
SAQ_0140,DEV_CAA20210072,STONEGATE VILLAGE II,2021,72,SAC_00274,CAA20210072,DEV_CAA20210072,CAA20210072,1,retain_current_development,not_approved,FALSE
SAQ_0141,DEV_CAA19970475,PROMANADE I,1997,68,SAC_00275,CAA19970475,DEV_CAA19970475,CAA19970475,1,retain_current_development,not_approved,FALSE
SAQ_0141,DEV_CAA19970480,PROMANADE II,1997,78,SAC_00276,CAA19970480,DEV_CAA19970480,CAA19970480,1,retain_current_development,not_approved,FALSE
SAQ_0142,DEV_CAA19880320,RIVERLAND APTS,1988,75,SAC_00277,CAA19880320,DEV_CAA19880320,CAA19880320,1,retain_current_development,not_approved,FALSE
SAQ_0142,DEV_CAA20151027,RIVERLAND APARTMENTS,2015,76,SAC_00278,CAA20151027,DEV_CAA20151027,CAA20151027,1,retain_current_development,not_approved,FALSE
SAQ_0143,DEV_CAA20050165,EASTER HILL APTS IA,2005,51,SAC_00279,CAA20050165,DEV_CAA20050165,CAA20050165,1,retain_current_development,not_approved,FALSE
SAQ_0143,DEV_CAA20050170,EASTER HILL APTS IB,2005,67,SAC_00280,CAA20050170,DEV_CAA20050170,CAA20050170,1,retain_current_development,not_approved,FALSE
SAQ_0143,DEV_CAA20060155,EASTER HILL APTS PHASE II,2006,123,SAC_00281,CAA20060155,DEV_CAA20060155,CAA20060155,1,retain_current_development,not_approved,FALSE
SAQ_0144,DEV_CAA20040475,SAYBROOK APTS,2004,60,SAC_00282,CAA20040475,DEV_CAA20040475,CAA20040475,1,retain_current_development,not_approved,FALSE
SAQ_0144,DEV_CAA20240100,RIVER ROCK APARTMENTS (F.K.A SAYBROOK APARTMENTS),2024,88,SAC_00283,CAA20240100,DEV_CAA20240100,CAA20240100,1,retain_current_development,not_approved,FALSE
SAQ_0145,DEV_CAA20040405,PHOENIX PARK I,2004,178,SAC_00284,CAA20040405,DEV_CAA20040405,CAA20040405,1,retain_current_development,not_approved,FALSE
SAQ_0145,DEV_CAA20050460,PHOENIX PARK II,2005,182,SAC_00285,CAA20050460,DEV_CAA20050460,CAA20050460,1,retain_current_development,not_approved,FALSE
SAQ_0146,DEV_CAA20020415,TERRACINA GOLD VILLAGES 1&3,2002,160,SAC_00286,CAA20020415,DEV_CAA20020415,CAA20020415,1,retain_current_development,not_approved,FALSE
SAQ_0146,DEV_CAA20020420,TERRACINA GOLD VILLAGE 2,2002,120,SAC_00287,CAA20020420,DEV_CAA20020420,CAA20020420,1,retain_current_development,not_approved,FALSE
SAQ_0147,DEV_CAA20231040,CORNERSTONE NORTH BY MUTUAL HOUSING,2023,48,SAC_00288,CAA20231040,DEV_CAA20231040,CAA20231040,1,retain_current_development,not_approved,FALSE
SAQ_0147,DEV_CAA20240031,CORNERSTONE SOUTH BY MUTUAL HOUSING,2024,60,SAC_00289,CAA20240031,DEV_CAA20240031,CAA20240031,1,retain_current_development,not_approved,FALSE
SAQ_0148,DEV_CAA19960045,MUTUAL HOUSING ON THE GREENWAY,1996,54,SAC_00290,CAA19960045,DEV_CAA19960045,CAA19960045,1,retain_current_development,not_approved,FALSE
SAQ_0148,DEV_CAA20141082,SOUTH SACRAMENTO MUTUAL HOUSING,2014,169,SAC_00291,CAA20141082,DEV_CAA20141082,CAA20141082,1,retain_current_development,not_approved,FALSE
SAQ_0149,DEV_CAA19990786,WILLOW POINTE AT LINDALE APTS,1999,210,SAC_00292,CAA19990786,DEV_CAA19990786,CAA19990786,1,retain_current_development,not_approved,FALSE
SAQ_0149,DEV_CAA20140402,GARDEN VILLAGE,2014,195,SAC_00293,CAA20140402,DEV_CAA20140402,CAA20140402,1,retain_current_development,not_approved,FALSE
SAQ_0150,DEV_CAA19880315,RIDGEWAY HOTEL,1988,58,SAC_00294,CAA19880315,DEV_CAA19880315,CAA19880315,1,retain_current_development,not_approved,FALSE
SAQ_0150,DEV_CAA20140440,RIDGEWAY STUDIOS,2014,22,SAC_00295,CAA20140440,DEV_CAA20140440,CAA20140440,1,retain_current_development,not_approved,FALSE
SAQ_0151,DEV_CAA20070610,THE CROSSING PHASE I,2007,114,SAC_00296,CAA20070610,DEV_CAA20070610,CAA20070610,1,retain_current_development,not_approved,FALSE
SAQ_0151,DEV_CAA20070615,THE CROSSING PHASE II,2007,114,SAC_00297,CAA20070615,DEV_CAA20070615,CAA20070615,1,retain_current_development,not_approved,FALSE
SAQ_0152,DEV_CAA20030525,TALEGA JAMBOREE APTS PHASE I,2003,124,SAC_00298,CAA20030525,DEV_CAA20030525,CAA20030525,1,retain_current_development,not_approved,FALSE
SAQ_0152,DEV_CAA20030530,TALEGA JAMBOREE APTS PHASE II,2003,62,SAC_00299,CAA20030530,DEV_CAA20030530,CAA20030530,1,retain_current_development,not_approved,FALSE
SAQ_0153,DEV_CAA19990749,BRIDGEPORT PROPERTIES I,1999,157,SAC_00300,CAA19990749,DEV_CAA19990749,CAA19990749,1,retain_current_development,not_approved,FALSE
SAQ_0153,DEV_CAA19990750,BRIDGEPORT PROPERTIES II,1999,244,SAC_00301,CAA19990750,DEV_CAA19990750,CAA19990750,1,retain_current_development,not_approved,FALSE
SAQ_0154,DEV_CAA20151003,ALPHA SQUARE 4%,2015,150,SAC_00302,CAA20151003,DEV_CAA20151003,CAA20151003,2,merge_to_review_cluster,not_approved,FALSE
SAQ_0154,DEV_CAA20151004,ALPHA SQUARE 9%,2015,53,SAC_00302,CAA20151004,DEV_CAA20151003,CAA20151003,2,merge_to_review_cluster,not_approved,FALSE
SAQ_0155,DEV_CAA20020390,SOMA STUDIOS,2002,88,SAC_00303,CAA20020390,DEV_CAA20020390,CAA20020390,1,retain_current_development,not_approved,FALSE
SAQ_0155,DEV_CAA20030005,8TH & HOWARD FAMILY APTS,2003,74,SAC_00304,CAA20030005,DEV_CAA20030005,CAA20030005,1,retain_current_development,not_approved,FALSE
SAQ_0156,DEV_CAA19930010,TURK STREET APTS,1993,175,SAC_00305,CAA19930010,DEV_CAA19930010,CAA19930010,2,merge_to_review_cluster,not_approved,FALSE
SAQ_0156,DEV_CAA20141086,TENDERLOIN FAMILY HOUSING,2014,175,SAC_00305,CAA20141086,DEV_CAA19930010,CAA19930010,2,merge_to_review_cluster,not_approved,FALSE
SAQ_0157,DEV_CAA19980255,PARKVIEW SENIOR APTS,1998,138,SAC_00306,CAA19980255,DEV_CAA19980255,CAA19980255,1,retain_current_development,not_approved,FALSE
SAQ_0157,DEV_CAA20151023,PARKVIEW SENIOR APARTMENTS,2015,140,SAC_00307,CAA20151023,DEV_CAA20151023,CAA20151023,1,retain_current_development,not_approved,FALSE
SAQ_0158,DEV_CAA20000705,VISTA PARK SENIOR HOMES PHASE II,2000,83,SAC_00308,CAA20000705,DEV_CAA20000705,CAA20000705,1,retain_current_development,not_approved,FALSE
SAQ_0158,DEV_CAA20201068,VISTA PARK I,2020,83,SAC_00309,CAA20201068,DEV_CAA20201068,CAA20201068,1,retain_current_development,not_approved,FALSE
SAQ_0159,DEV_CAA20040100,COPPER CREEK APTS 9 PERCENT,2004,48,SAC_00310,CAA20040100,DEV_CAA20040100,CAA20040100,2,merge_to_review_cluster,not_approved,FALSE
SAQ_0159,DEV_CAA20040687,COPPER CREEK APTS 4 PERCENT,2004,156,SAC_00310,CAA20040687,DEV_CAA20040100,CAA20040100,2,merge_to_review_cluster,not_approved,FALSE
SAQ_0160,DEV_CAA20120895,SANTA ANA STATION DISTRICT PHASE II,2012,40,SAC_00311,CAA20120895,DEV_CAA20120895,CAA20120895,1,retain_current_development,not_approved,FALSE
SAQ_0160,DEV_CAA20130082,SANTA ANA STATION DISTRICT PHASE I,2013,74,SAC_00312,CAA20130082,DEV_CAA20130082,CAA20130082,1,retain_current_development,not_approved,FALSE
SAQ_0161,DEV_CAA19880396,VILLA LA CUMBRE,1988,60,SAC_00313,CAA19880396,DEV_CAA19880396,CAA19880396,1,retain_current_development,not_approved,FALSE
SAQ_0161,DEV_CAA20140457,VILLA SANTA FE APTS II,2014,60,SAC_00314,CAA20140457,DEV_CAA20140457,CAA20140457,1,retain_current_development,not_approved,FALSE
SAQ_0162,DEV_CAA19990645,RANCHO GARDENS APTS I,1999,104,SAC_00315,CAA19990645,DEV_CAA19990645,CAA19990645,1,retain_current_development,not_approved,FALSE
SAQ_0162,DEV_CAA20020355,RANCHO GARDENS APTS II,2002,16,SAC_00316,CAA20020355,DEV_CAA20020355,CAA20020355,1,retain_current_development,not_approved,FALSE
SAQ_0163,DEV_CAA20110820,AAAARODNEY FERNANDEZ GARDENS,2011,74,SAC_00317,CAA20110820,DEV_CAA20110820,CAA20110820,1,retain_current_development,not_approved,FALSE
SAQ_0163,DEV_CAA20110823,RODNEY FERNANDEZ GARDENS PHASE II,2011,16,SAC_00318,CAA20110823,DEV_CAA20110823,CAA20110823,1,retain_current_development,not_approved,FALSE
SAQ_0164,DEV_CAA20110010,AMOROSA VILLAGE I,2011,97,SAC_00319,CAA20110010,DEV_CAA20110010,CAA20110010,1,retain_current_development,not_approved,FALSE
SAQ_0164,DEV_CAA20110015,AMOROSA VILLAGE II,2011,52,SAC_00320,CAA20110015,DEV_CAA20110015,CAA20110015,1,retain_current_development,not_approved,FALSE
SAQ_0165,DEV_CAA20070095,BENITO STREET FARM LABOR CENTER,2007,73,SAC_00321,CAA20070095,DEV_CAA20070095,CAA20070095,1,retain_current_development,not_approved,FALSE
SAQ_0165,DEV_CAA20080110,BENITO STREET AFFORDABLE HOUSING COMMUNITY,2008,70,SAC_00322,CAA20080110,DEV_CAA20080110,CAA20080110,1,retain_current_development,not_approved,FALSE
SAQ_0166,DEV_CAA20120929,EL CAMINO FAMILY HOUSING PHASE II,2012,47,SAC_00323,CAA20120929,DEV_CAA20120929,CAA20120929,1,retain_current_development,not_approved,FALSE
SAQ_0166,DEV_CAA20120948,EL CAMINO FAMILY HOUSING PHASE I,2012,62,SAC_00324,CAA20120948,DEV_CAA20120948,CAA20120948,1,retain_current_development,not_approved,FALSE
SAQ_0167,DEV_CAA20150021,CHATEAU DE LYON (AKA  BRADFORD APARTMENTS),2015,30,SAC_00325,CAA20150021,DEV_CAA20150021,CAA20150021,2,merge_to_review_cluster,not_approved,FALSE
SAQ_0167,DEV_CAA20158289,BRADFORD APTS,2015,30,SAC_00325,CAA20158289,DEV_CAA20150021,CAA20150021,2,merge_to_review_cluster,not_approved,FALSE
SAQ_0168,DEV_CAA20211036,LIBERTY SQUARE (HYBRID 4%),2021,43,SAC_00326,CAA20211036,DEV_CAA20211036,CAA20211036,2,merge_to_review_cluster,not_approved,FALSE
SAQ_0168,DEV_CAA20211037,LIBERTY SQUARE (HYBRID 9%),2021,31,SAC_00326,CAA20211037,DEV_CAA20211036,CAA20211036,2,merge_to_review_cluster,not_approved,FALSE
SAQ_0169,DEV_CAA19880220,HILLSIDE I,1988,37,SAC_00327,CAA19880220,DEV_CAA19880220,CAA19880220,1,retain_current_development,not_approved,FALSE
SAQ_0169,DEV_CAA19880225,HILLSIDE II,1988,81,SAC_00328,CAA19880225,DEV_CAA19880225,CAA19880225,1,retain_current_development,not_approved,FALSE
SAQ_0170,DEV_CAA19910132,LORNE PARK,1991,72,SAC_00329,CAA19910132,DEV_CAA19910132,CAA19910132,1,retain_current_development,not_approved,FALSE
SAQ_0170,DEV_CAA19910147,STRATHERN PARK,1991,185,SAC_00330,CAA19910147,DEV_CAA19910147,CAA19910147,1,retain_current_development,not_approved,FALSE
SAQ_0171,DEV_CAA20010669,HOMESTEAD PARK,2001,211,SAC_00331,CAA20010669,DEV_CAA20010669,CAA20010669,1,retain_current_development,not_approved,FALSE
SAQ_0171,DEV_CAA20060125,MOULTON PLAZA,2006,66,SAC_00332,CAA20060125,DEV_CAA20060125,CAA20060125,1,retain_current_development,not_approved,FALSE
SAQ_0172,DEV_CAA20070835,VALLEY OAKS APT HOMES,2007,81,SAC_00333,CAA20070835,DEV_CAA20070835,CAA20070835,1,retain_current_development,not_approved,FALSE
SAQ_0172,DEV_CAA20110510,VALLEY OAKS APTS PHASE II,2011,72,SAC_00334,CAA20110510,DEV_CAA20110510,CAA20110510,1,retain_current_development,not_approved,FALSE
SAQ_0173,DEV_CAA20130297,AVENA BELLA APTS,2013,80,SAC_00335,CAA20130297,DEV_CAA20130297,CAA20130297,1,retain_current_development,not_approved,FALSE
SAQ_0173,DEV_CAA20201004,"AVENA BELLA, PHASE 2",2020,61,SAC_00336,CAA20201004,DEV_CAA20201004,CAA20201004,1,retain_current_development,not_approved,FALSE
SAQ_0174,DEV_CAA19930225,SAGE WOOD MANOR,1993,65,SAC_00337,CAA19930225,DEV_CAA19930225,CAA19930225,2,merge_to_review_cluster,not_approved,FALSE
SAQ_0174,DEV_CAA20160069,SAGEWOOD MANOR APARTMENTS,2016,65,SAC_00337,CAA20160069,DEV_CAA19930225,CAA19930225,2,merge_to_review_cluster,not_approved,FALSE
SAQ_0175,DEV_CAA20110447,STATION CENTER PHASE I,2011,99,SAC_00338,CAA20110447,DEV_CAA20110447,CAA20110447,1,retain_current_development,not_approved,FALSE
SAQ_0175,DEV_CAA20120140,STATION CENTER PHASE II,2012,56,SAC_00339,CAA20120140,DEV_CAA20120140,CAA20120140,1,retain_current_development,not_approved,FALSE
SAQ_0176,DEV_CAA19990345,MARINA VISTA I,1999,88,SAC_00340,CAA19990345,DEV_CAA19990345,CAA19990345,1,retain_current_development,not_approved,FALSE
SAQ_0176,DEV_CAA19990350,MARINA VISTA II,1999,148,SAC_00341,CAA19990350,DEV_CAA19990350,CAA19990350,1,retain_current_development,not_approved,FALSE
SAQ_0176,DEV_CAA20211038,LONGSHORE COVE APARTMENTS,2021,236,SAC_00342,CAA20211038,DEV_CAA20211038,CAA20211038,1,retain_current_development,not_approved,FALSE
SAQ_0177,DEV_CAA19980185,HAZELTINE APTS,1998,35,SAC_00343,CAA19980185,DEV_CAA19980185,CAA19980185,1,retain_current_development,not_approved,FALSE
SAQ_0177,DEV_CAA20140406,HAZELTINE & WYANDOTTE APTS,2014,108,SAC_00344,CAA20140406,DEV_CAA20140406,CAA20140406,1,retain_current_development,not_approved,FALSE
SAQ_0178,DEV_CAA20050070,CASA BELLA APTS 1A,2005,96,SAC_00345,CAA20050070,DEV_CAA20050070,CAA20050070,1,retain_current_development,not_approved,FALSE
SAQ_0178,DEV_CAA20060200,CASA BELLA APTS 1B,2006,80,SAC_00346,CAA20060200,DEV_CAA20060200,CAA20060200,1,retain_current_development,not_approved,FALSE
SAQ_0178,DEV_CAA20070120,CASA BELLA APTS 2,2007,112,SAC_00347,CAA20070120,DEV_CAA20070120,CAA20070120,1,retain_current_development,not_approved,FALSE
SAQ_0179,DEV_CAA19990715,WEST CAPITOL COURTYARDS II,1999,,SAC_00348,CAA19990715,DEV_CAA19990715,CAA19990715,1,retain_current_development,not_approved,FALSE
SAQ_0179,DEV_CAA20140460,WEST CAPITOL COURTYARDS I,2014,50,SAC_00349,CAA20140460,DEV_CAA20140460,CAA20140460,1,retain_current_development,not_approved,FALSE
SAQ_0180,DEV_CAA19940125,FOREST WINDS 2,1994,48,SAC_00350,CAA19940125,DEV_CAA19940125,CAA19940125,2,merge_to_review_cluster,not_approved,FALSE
SAQ_0180,DEV_CAA20141035,FOREST WINDS,2014,48,SAC_00350,CAA20141035,DEV_CAA19940125,CAA19940125,2,merge_to_review_cluster,not_approved,FALSE
SAQ_0181,DEV_CAA20150050,MUTUAL HOUSING AT SPRING LAKE,2015,62,SAC_00351,CAA20150050,DEV_CAA20150050,CAA20150050,1,retain_current_development,not_approved,FALSE
SAQ_0181,DEV_CAA20190018,MUTUAL HOUSING AT SPRING LAKE PHASE II,2019,39,SAC_00352,CAA20190018,DEV_CAA20190018,CAA20190018,1,retain_current_development,not_approved,FALSE
SAQ_0182,DEV_CAA20141027,DUMOSA SENIOR VILLAGE,2014,75,SAC_00353,CAA20141027,DEV_CAA20141027,CAA20141027,2,merge_to_review_cluster,not_approved,FALSE
SAQ_0182,DEV_CAA20149519,YUCCA VALLEY SENIOR APTS,2014,75,SAC_00353,CAA20149519,DEV_CAA20141027,CAA20141027,2,merge_to_review_cluster,not_approved,FALSE
SAQ_0183,DEV_COA20050005,ARVADA HOUSE PRESERVATION,2005,88,SAC_00354,COA20050005,DEV_COA20050005,COA20050005,2,merge_to_review_cluster,not_approved,FALSE
SAQ_0183,DEV_COA20230003,ARVADA HOUSE,2023,88,SAC_00354,COA20230003,DEV_COA20050005,COA20050005,2,merge_to_review_cluster,not_approved,FALSE
SAQ_0184,DEV_COA00000023,VILLAGE AT WESTERLY CREEK - SENIOR BUILDING 2,,65,SAC_00355,COA00000023,DEV_COA00000023,COA00000023,1,retain_current_development,not_approved,FALSE
SAQ_0184,DEV_COA20180032,VILLAGE AT WESTERLY CREEK BUILDING 3,2018,74,SAC_00356,COA20180032,DEV_COA20180032,COA20180032,1,retain_current_development,not_approved,FALSE
SAQ_0185,DEV_COA20050055,HOLIDAY NEIGHBORHOOD,2005,49,SAC_00357,COA20050055,DEV_COA20050055,COA20050055,1,retain_current_development,not_approved,FALSE
SAQ_0185,DEV_COA20120517,WESTVIEW COMMUNITY,2012,34,SAC_00358,COA20120517,DEV_COA20120517,COA20120517,1,retain_current_development,not_approved,FALSE
SAQ_0186,DEV_COA20030110,NORTH PARK VILLAGE PHASE III,2003,8,SAC_00359,COA20030110,DEV_COA20030110,COA20030110,1,retain_current_development,not_approved,FALSE
SAQ_0186,DEV_COA20120020,NORTH PARK II REDO,2012,25,SAC_00360,COA20120020,DEV_COA20120020,COA20120020,1,retain_current_development,not_approved,FALSE
SAQ_0187,DEV_COA19970080,PINES AT CASTLE ROCK PHASE I,1997,248,SAC_00361,COA19970080,DEV_COA19970080,COA19970080,1,retain_current_development,not_approved,FALSE
SAQ_0187,DEV_COA19980178,PINES AT CASTLE ROCK II,1998,248,SAC_00362,COA19980178,DEV_COA19980178,COA19980178,1,retain_current_development,not_approved,FALSE
SAQ_0187,DEV_COA20000065,PINES AT CASTLE ROCK PHASE III,2000,134,SAC_00363,COA20000065,DEV_COA20000065,COA20000065,1,retain_current_development,not_approved,FALSE
SAQ_0188,DEV_COA20030090,KEARNEY PLAZA APTS AHPC,2003,51,SAC_00364,COA20030090,DEV_COA20030090,COA20030090,1,retain_current_development,not_approved,FALSE
SAQ_0188,DEV_COA20180012,KEARNEY PLAZA,2018,50,SAC_00365,COA20180012,DEV_COA20180012,COA20180012,1,retain_current_development,not_approved,FALSE
SAQ_0189,DEV_COA20030045,CONTER ESTATES SENIOR APTS I,2003,75,SAC_00366,COA20030045,DEV_COA20030045,COA20030045,1,retain_current_development,not_approved,FALSE
SAQ_0189,DEV_COA20090035,CONTER ESTATES SENIOR APTS II,2009,39,SAC_00367,COA20090035,DEV_COA20090035,COA20090035,1,retain_current_development,not_approved,FALSE
SAQ_0190,DEV_COA00000008,CHESTNUT,,108,SAC_00368,COA00000008,DEV_COA00000008,COA00000008,1,retain_current_development,not_approved,FALSE
SAQ_0190,DEV_COA20170003,ASHLEY UNION STATION,2017,107,SAC_00369,COA20170003,DEV_COA20170003,COA20170003,1,retain_current_development,not_approved,FALSE
SAQ_0191,DEV_COA20180022,RENAISSANCE DOWNTOWN LOFTS LIHTC,2018,67,SAC_00370,COA20180022,DEV_COA20180022,COA20180022,1,retain_current_development,not_approved,FALSE
SAQ_0191,DEV_COA20180023,RENAISSANCE DOWNTOWN LOFTS PAB,2018,34,SAC_00371,COA20180023,DEV_COA20180023,COA20180023,1,retain_current_development,not_approved,FALSE
SAQ_0192,DEV_COA20220020,RENAISSANCE LEGACY LOFTS LIHTC,2022,64,SAC_00372,COA20220020,DEV_COA20220020,COA20220020,1,retain_current_development,not_approved,FALSE
SAQ_0192,DEV_COA20220021,RENAISSANCE LEGACY LOFTS PAB,2022,34,SAC_00373,COA20220021,DEV_COA20220021,COA20220021,1,retain_current_development,not_approved,FALSE
SAQ_0193,DEV_COA19960070,FORUM APARTMENTS 2021,1996,100,SAC_00374,COA19960070,DEV_COA19960070,COA19960070,1,retain_current_development,not_approved,FALSE
SAQ_0193,DEV_COA20230013,FORUM APARTMENTS,2023,101,SAC_00375,COA20230013,DEV_COA20230013,COA20230013,1,retain_current_development,not_approved,FALSE
SAQ_0194,DEV_COA20110030,DAHLIA SQUARE SENIOR APTS I,2011,88,SAC_00376,COA20110030,DEV_COA20110030,COA20110030,1,retain_current_development,not_approved,FALSE
SAQ_0194,DEV_COA20140040,DAHLIA SQUARE SENIOR APTS II,2014,40,SAC_00377,COA20140040,DEV_COA20140040,COA20140040,1,retain_current_development,not_approved,FALSE
SAQ_0195,DEV_COA20190035,VIDA AT SLOANS 4,2019,112,SAC_00378,COA20190035,DEV_COA20190035,COA20190035,1,retain_current_development,not_approved,FALSE
SAQ_0195,DEV_COA20190036,VIDA AT SLOANS 9,2019,64,SAC_00379,COA20190036,DEV_COA20190036,COA20190036,1,retain_current_development,not_approved,FALSE
SAQ_0196,DEV_COA19999204,REDSTONE RANCH I,1999,140,SAC_00380,COA19999204,DEV_COA19999204,COA19999204,1,retain_current_development,not_approved,FALSE
SAQ_0196,DEV_COA20020293,REDSTONE RANCH III,2002,140,SAC_00381,COA20020293,DEV_COA20020293,COA20020293,1,retain_current_development,not_approved,FALSE
SAQ_0197,DEV_COA19960075,FOX CROSSING PHASE I,1996,108,SAC_00382,COA19960075,DEV_COA19960075,COA19960075,1,retain_current_development,not_approved,FALSE
SAQ_0197,DEV_COA19970015,FOX CROSSING,1997,112,SAC_00383,COA19970015,DEV_COA19970015,COA19970015,1,retain_current_development,not_approved,FALSE
SAQ_0198,DEV_COA20050060,HYBROOK TOWNHOMES I,2005,30,SAC_00384,COA20050060,DEV_COA20050060,COA20050060,1,retain_current_development,not_approved,FALSE
SAQ_0198,DEV_COA20070055,HYBROOK TOWNHOMES II,2007,19,SAC_00385,COA20070055,DEV_COA20070055,COA20070055,1,retain_current_development,not_approved,FALSE
SAQ_0199,DEV_COA00000002,ANIMAS VILLAGE APTS,,50,SAC_00386,COA00000002,DEV_COA00000002,COA00000002,1,retain_current_development,not_approved,FALSE
SAQ_0199,DEV_COA20150008,LUMIEN APARTMENTS,2015,50,SAC_00387,COA20150008,DEV_COA20150008,COA20150008,1,retain_current_development,not_approved,FALSE
SAQ_0199,DEV_COA20190026,LUMIEN APARTMENTS II,2019,36,SAC_00388,COA20190026,DEV_COA20190026,COA20190026,1,retain_current_development,not_approved,FALSE
SAQ_0200,DEV_COA19950015,HERITAGE EAGLE VILLAS,1995,100,SAC_00389,COA19950015,DEV_COA19950015,COA19950015,1,retain_current_development,not_approved,FALSE
SAQ_0200,DEV_COA19970139,EAGLE VILLAS II,1997,20,SAC_00390,COA19970139,DEV_COA19970139,COA19970139,1,retain_current_development,not_approved,FALSE
SAQ_0201,DEV_COA20020275,CENTENNIAL EAST APTS I,2002,160,SAC_00391,COA20020275,DEV_COA20020275,COA20020275,1,retain_current_development,not_approved,FALSE
SAQ_0201,DEV_COA20020276,CENTENNIAL EAST APTS II,2002,80,SAC_00392,COA20020276,DEV_COA20020276,COA20020276,1,retain_current_development,not_approved,FALSE
SAQ_0202,DEV_COA20030150,SHERIDAN GARDENS APTS AHPC,2003,48,SAC_00393,COA20030150,DEV_COA20030150,COA20030150,2,merge_to_review_cluster,not_approved,FALSE
SAQ_0202,DEV_COA20190032,SHERIDAN GARDENS,2019,48,SAC_00393,COA20190032,DEV_COA20030150,COA20030150,2,merge_to_review_cluster,not_approved,FALSE
SAQ_0203,DEV_COA20040015,LINCOLN POINTE LOFTS I,2004,133,SAC_00394,COA20040015,DEV_COA20040015,COA20040015,1,retain_current_development,not_approved,FALSE
SAQ_0203,DEV_COA20080467,LINCOLN POINTE LOFTS II,2008,88,SAC_00395,COA20080467,DEV_COA20080467,COA20080467,1,retain_current_development,not_approved,FALSE
SAQ_0204,DEV_COA19920060,TABOR GRAND,1992,37,SAC_00396,COA19920060,DEV_COA19920060,COA19920060,2,merge_to_review_cluster,not_approved,FALSE
SAQ_0204,DEV_COA20140170,TABOR GRAND REVIVAL,2014,37,SAC_00396,COA20140170,DEV_COA19920060,COA19920060,2,merge_to_review_cluster,not_approved,FALSE
SAQ_0205,DEV_COA20000025,CLOVERBASIN VILLAGE I,2000,176,SAC_00397,COA20000025,DEV_COA20000025,COA20000025,1,retain_current_development,not_approved,FALSE
SAQ_0205,DEV_COA20010015,CLOVER BASIN VILLAGE III,2001,84,SAC_00398,COA20010015,DEV_COA20010015,COA20010015,2,merge_to_review_cluster,not_approved,FALSE
SAQ_0205,DEV_COA20010244,CLOVERBASIN VILLAGE III,2001,84,SAC_00398,COA20010244,DEV_COA20010015,COA20010015,2,merge_to_review_cluster,not_approved,FALSE
SAQ_0205,DEV_COA20020277,CLOVERBASIN VILLAGE II,2002,162,SAC_00399,COA20020277,DEV_COA20020277,COA20020277,1,retain_current_development,not_approved,FALSE
SAQ_0206,DEV_COA20060110,SAN JUAN APTS (MONTROSE),2006,76,SAC_00400,COA20060110,DEV_COA20060110,COA20060110,2,merge_to_review_cluster,not_approved,FALSE
SAQ_0206,DEV_COA20210032,SAN JUAN APARTMENTS,2021,76,SAC_00400,COA20210032,DEV_COA20060110,COA20060110,2,merge_to_review_cluster,not_approved,FALSE
SAQ_0207,DEV_COA20070095,SUNSHINE PEAK APTS I,2007,49,SAC_00401,COA20070095,DEV_COA20070095,COA20070095,1,retain_current_development,not_approved,FALSE
SAQ_0207,DEV_COA20090055,SUNSHINE PEAK APTS II,2009,43,SAC_00402,COA20090055,DEV_COA20090055,COA20090055,1,retain_current_development,not_approved,FALSE
SAQ_0208,DEV_COA20030060,DEANZA VISTA I,2003,30,SAC_00403,COA20030060,DEV_COA20030060,COA20030060,1,retain_current_development,not_approved,FALSE
SAQ_0208,DEV_COA20190016,DEANZA VISTA REDEVELOPMENT,2019,36,SAC_00404,COA20190016,DEV_COA20190016,COA20190016,1,retain_current_development,not_approved,FALSE
SAQ_0209,DEV_COA20080090,OAKSHIRE GARDENS,2008,19,SAC_00405,COA20080090,DEV_COA20080090,COA20080090,1,retain_current_development,not_approved,FALSE
SAQ_0209,DEV_COA20180016,OAKSHIRE COMMONS,2018,30,SAC_00406,COA20180016,DEV_COA20180016,COA20180016,1,retain_current_development,not_approved,FALSE
SAQ_0210,DEV_COA20000105,TRINITY LIFE GARDENS,2000,45,SAC_00407,COA20000105,DEV_COA20000105,COA20000105,1,retain_current_development,not_approved,FALSE
SAQ_0210,DEV_COA20180017,OAKSHIRE COMMONS II,2018,69,SAC_00408,COA20180017,DEV_COA20180017,COA20180017,1,retain_current_development,not_approved,FALSE
SAQ_0211,DEV_COA20040075,VILLAGE AT PUEBLO I,2004,49,SAC_00409,COA20040075,DEV_COA20040075,COA20040075,1,retain_current_development,not_approved,FALSE
SAQ_0211,DEV_COA20070105,VILLAGE AT PUEBLO II,2007,42,SAC_00410,COA20070105,DEV_COA20070105,COA20070105,1,retain_current_development,not_approved,FALSE
SAQ_0212,DEV_COA20100035,PUEBLO WEST GARDENS I,2010,30,SAC_00411,COA20100035,DEV_COA20100035,COA20100035,1,retain_current_development,not_approved,FALSE
SAQ_0212,DEV_COA20140140,PUEBLO WEST GARDENS II,2014,32,SAC_00412,COA20140140,DEV_COA20140140,COA20140140,1,retain_current_development,not_approved,FALSE
SAQ_0213,DEV_COA20050085,RESERVE AT THORNTON I,2005,216,SAC_00413,COA20050085,DEV_COA20050085,COA20050085,1,retain_current_development,not_approved,FALSE
SAQ_0213,DEV_COA20060105,RESERVE AT THORNTON II,2006,60,SAC_00414,COA20060105,DEV_COA20060105,COA20060105,1,retain_current_development,not_approved,FALSE
SAQ_0214,DEV_COA20140220,WINDSOR MEADOWS APTS,2014,44,SAC_00415,COA20140220,DEV_COA20140220,COA20140220,1,retain_current_development,not_approved,FALSE
SAQ_0214,DEV_COA20160026,WINDSOR MEADOWS APARTMENTS PHASE II,2016,36,SAC_00416,COA20160026,DEV_COA20160026,COA20160026,1,retain_current_development,not_approved,FALSE
SAQ_0215,DEV_CTA00000048,SYCAMORE PLACE APTS,,117,SAC_00417,CTA00000048,DEV_CTA00000048,CTA00000048,1,retain_current_development,not_approved,FALSE
SAQ_0215,DEV_CTA20123009,SYCAMORE PLACE,2012,118,SAC_00418,CTA20123009,DEV_CTA20123009,CTA20123009,1,retain_current_development,not_approved,FALSE
SAQ_0216,DEV_CTA19900015,HUNTINGTON WOODS APTS LP,1990,296,SAC_00419,CTA19900015,DEV_CTA19900015,CTA19900015,1,retain_current_development,not_approved,FALSE
SAQ_0216,DEV_CTA20123007,HUNTINGTON WOODS APARTMENTS,2012,280,SAC_00420,CTA20123007,DEV_CTA20123007,CTA20123007,1,retain_current_development,not_approved,FALSE
SAQ_0217,DEV_CTA00000070,DUTCH POINT RENTAL PHASE II,,54,SAC_00421,CTA00000070,DEV_CTA00000070,CTA00000070,1,retain_current_development,not_approved,FALSE
SAQ_0217,DEV_CTA20060050,DUTCH POINT RENTAL PHASE I,2006,73,SAC_00422,CTA20060050,DEV_CTA20060050,CTA20060050,1,retain_current_development,not_approved,FALSE
SAQ_0218,DEV_CTA19890050,SIGOURNEY MEWS,1989,78,SAC_00423,CTA19890050,DEV_CTA19890050,CTA19890050,1,retain_current_development,not_approved,FALSE
SAQ_0218,DEV_CTA20132007,SIGOURNEY MEWS APARTMENTS,2013,88,SAC_00424,CTA20132007,DEV_CTA20132007,CTA20132007,1,retain_current_development,not_approved,FALSE
SAQ_0219,DEV_CTA19950050,LIBERTY COMMONS,1995,40,SAC_00425,CTA19950050,DEV_CTA19950050,CTA19950050,1,retain_current_development,not_approved,FALSE
SAQ_0219,DEV_CTA20070020,MIDDLESEX HOUSING LP,2007,21,SAC_00426,CTA20070020,DEV_CTA20070020,CTA20070020,1,retain_current_development,not_approved,FALSE
SAQ_0220,DEV_CTA00000001,122 WILMONT RD,,47,SAC_00427,CTA00000001,DEV_CTA00000001,CTA00000001,1,retain_current_development,not_approved,FALSE
SAQ_0220,DEV_CTA20132001,122 WILMOT ROAD,2013,47,SAC_00428,CTA20132001,DEV_CTA20132001,CTA20132001,1,retain_current_development,not_approved,FALSE
SAQ_0221,DEV_CTA19960035,KENSINGTON SQUARE I,1996,120,SAC_00429,CTA19960035,DEV_CTA19960035,CTA19960035,1,retain_current_development,not_approved,FALSE
SAQ_0221,DEV_CTA19960040,KENSINGTON SQUARE APTS,1996,96,SAC_00430,CTA19960040,DEV_CTA19960040,CTA19960040,1,retain_current_development,not_approved,FALSE
SAQ_0222,DEV_CTA00000080,ELM HAVEN RENTAL I,,236,SAC_00431,CTA00000080,DEV_CTA00000080,CTA00000080,1,retain_current_development,not_approved,FALSE
SAQ_0222,DEV_CTA00000085,ELM HAVEN RENTAL II-B,,31,SAC_00432,CTA00000085,DEV_CTA00000085,CTA00000085,1,retain_current_development,not_approved,FALSE
SAQ_0222,DEV_CTA00000090,ELM HAVEN RENTAL II-C,,30,SAC_00433,CTA00000090,DEV_CTA00000090,CTA00000090,1,retain_current_development,not_approved,FALSE
SAQ_0222,DEV_CTA00000185,MONTEREY PLACE RENTAL PHASE II,,42,SAC_00434,CTA00000185,DEV_CTA00000185,CTA00000185,1,retain_current_development,not_approved,FALSE
SAQ_0223,DEV_CTA20040005,BERRY PATCH ASSOC I,2004,102,SAC_00435,CTA20040005,DEV_CTA20040005,CTA20040005,1,retain_current_development,not_approved,FALSE
SAQ_0223,DEV_CTA20050010,BERRY PATCH ASSOC II,2005,94,SAC_00436,CTA20050010,DEV_CTA20050010,CTA20050010,1,retain_current_development,not_approved,FALSE
SAQ_0224,DEV_CTA00000295,SOUTHWOOD SQUARE I,,13,SAC_00437,CTA00000295,DEV_CTA00000295,CTA00000295,1,retain_current_development,not_approved,FALSE
SAQ_0224,DEV_CTA20050025,SOUTHFIELD VILLAGE LP III,2005,56,SAC_00438,CTA20050025,DEV_CTA20050025,CTA20050025,1,retain_current_development,not_approved,FALSE
SAQ_0225,DEV_CTA19990010,HIDDEN BROOK,1999,39,SAC_00439,CTA19990010,DEV_CTA19990010,CTA19990010,1,retain_current_development,not_approved,FALSE
SAQ_0225,DEV_CTA20151004,SASCO CREEK VILLAGE,2015,54,SAC_00440,CTA20151004,DEV_CTA20151004,CTA20151004,1,retain_current_development,not_approved,FALSE
SAQ_0226,DEV_DCB20211003,SPRING FLATS SENIOR 4%,2021,43,SAC_00441,DCB20211003,DEV_DCB20211003,DCB20211003,2,merge_to_review_cluster,not_approved,FALSE
SAQ_0226,DEV_DCB20211004,SPRING FLATS SENIOR 9%,2021,45,SAC_00441,DCB20211004,DEV_DCB20211003,DCB20211003,2,merge_to_review_cluster,not_approved,FALSE
SAQ_0227,DEV_DCB19960015,TYLER HOUSE,1996,284,SAC_00442,DCB19960015,DEV_DCB19960015,DCB19960015,2,merge_to_review_cluster,not_approved,FALSE
SAQ_0227,DEV_DCB20132002,TYLER HOUSE APARTMENTS,2013,284,SAC_00442,DCB20132002,DEV_DCB19960015,DCB19960015,2,merge_to_review_cluster,not_approved,FALSE
SAQ_0228,DEV_DCB20040030,HENSON RIDGE I,2004,124,SAC_00443,DCB20040030,DEV_DCB20040030,DCB20040030,1,retain_current_development,not_approved,FALSE
SAQ_0228,DEV_DCB20070040,HENSON RIDGE II,2007,157,SAC_00444,DCB20070040,DEV_DCB20070040,DCB20070040,1,retain_current_development,not_approved,FALSE
SAQ_0229,DEV_DCB20221001,ENTWINE I (AKA 218 VINE STREET),2022,37,SAC_00445,DCB20221001,DEV_DCB20221001,DCB20221001,1,retain_current_development,not_approved,FALSE
SAQ_0229,DEV_DCB20221002,ENTWINE II (AKA 218 VINE STREET),2022,92,SAC_00446,DCB20221002,DEV_DCB20221002,DCB20221002,1,retain_current_development,not_approved,FALSE
SAQ_0230,DEV_DCB20060005,ARTHUR CAPPER SENIOR I,2006,162,SAC_00447,DCB20060005,DEV_DCB20060005,DCB20060005,1,retain_current_development,not_approved,FALSE
SAQ_0230,DEV_DCB20100045,CAPPER ACC TOWNHOMES I,2010,39,SAC_00448,DCB20100045,DEV_DCB20100045,DCB20100045,1,retain_current_development,not_approved,FALSE
SAQ_0230,DEV_DCB20120803,CAPPER ACC TOWNHOMES PHASE II,2012,47,SAC_00449,DCB20120803,DEV_DCB20120803,DCB20120803,1,retain_current_development,not_approved,FALSE
SAQ_0231,DEV_DEA20030025,RODNEY COURT,2003,51,SAC_00450,DEA20030025,DEV_DEA20030025,DEA20030025,2,merge_to_review_cluster,not_approved,FALSE
SAQ_0231,DEV_DEA20202009,BIRCHWOOD AT RODNEY COURT,2020,51,SAC_00450,DEA20202009,DEV_DEA20030025,DEA20030025,2,merge_to_review_cluster,not_approved,FALSE
SAQ_0232,DEV_FLA19920165,WOOD PARK POINTE PHASE I,1992,37,SAC_00451,FLA19920165,DEV_FLA19920165,FLA19920165,1,retain_current_development,not_approved,FALSE
SAQ_0232,DEV_FLA19950807,WOOD PARK POINTE PHASE II,1995,36,SAC_00452,FLA19950807,DEV_FLA19950807,FLA19950807,1,retain_current_development,not_approved,FALSE
SAQ_0233,DEV_FLA19910055,NORBOURNE ESTATES I,1991,45,SAC_00453,FLA19910055,DEV_FLA19910055,FLA19910055,1,retain_current_development,not_approved,FALSE
SAQ_0233,DEV_FLA19930110,NORBOURNE ESTATES II,1993,16,SAC_00454,FLA19930110,DEV_FLA19930110,FLA19930110,1,retain_current_development,not_approved,FALSE
SAQ_0234,DEV_FLA00000465,OAKCREST I,,35,SAC_00455,FLA00000465,DEV_FLA00000465,FLA00000465,1,retain_current_development,not_approved,FALSE
SAQ_0234,DEV_FLA20040160,OAKCREST II,2004,20,SAC_00456,FLA20040160,DEV_FLA20040160,FLA20040160,1,retain_current_development,not_approved,FALSE
SAQ_0235,DEV_FLA19960812,PRAXIS OF DEERFIELD BEACH II,1996,96,SAC_00457,FLA19960812,DEV_FLA19960812,FLA19960812,1,retain_current_development,not_approved,FALSE
SAQ_0235,DEV_FLA20000140,PRAXIS OF DEERFIELD BEACH III,2000,128,SAC_00458,FLA20000140,DEV_FLA20000140,FLA20000140,1,retain_current_development,not_approved,FALSE
SAQ_0236,DEV_FLA20080290,SPRING LAKE COVE I,2008,96,SAC_00459,FLA20080290,DEV_FLA20080290,FLA20080290,1,retain_current_development,not_approved,FALSE
SAQ_0236,DEV_FLA20080295,SPRING LAKE COVE II,2008,48,SAC_00460,FLA20080295,DEV_FLA20080295,FLA20080295,1,retain_current_development,not_approved,FALSE
SAQ_0237,DEV_FLA00000770,WILLOWS VILLAGE I,,46,SAC_00461,FLA00000770,DEV_FLA00000770,FLA00000770,1,retain_current_development,not_approved,FALSE
SAQ_0237,DEV_FLA00000775,WILLOWS VILLAGE II,,45,SAC_00462,FLA00000775,DEV_FLA00000775,FLA00000775,1,retain_current_development,not_approved,FALSE
SAQ_0238,DEV_FLA00000070,BREEZEWOOD VILLAGE I,,86,SAC_00463,FLA00000070,DEV_FLA00000070,FLA00000070,1,retain_current_development,not_approved,FALSE
SAQ_0238,DEV_FLA00000075,BREEZEWOOD VILLAGE II,,42,SAC_00464,FLA00000075,DEV_FLA00000075,FLA00000075,1,retain_current_development,not_approved,FALSE
SAQ_0239,DEV_FLA20080220,ROLLING ACRES I,2008,104,SAC_00465,FLA20080220,DEV_FLA20080220,FLA20080220,1,retain_current_development,not_approved,FALSE
SAQ_0239,DEV_FLA20080225,ROLLING ACRES II,2008,35,SAC_00466,FLA20080225,DEV_FLA20080225,FLA20080225,1,retain_current_development,not_approved,FALSE
SAQ_0240,DEV_FLA20010801,WINDSONG I (LAKE CITY),2001,180,SAC_00467,FLA20010801,DEV_FLA20010801,FLA20010801,1,retain_current_development,not_approved,FALSE
SAQ_0240,DEV_FLA20020275,WINDSONG II (LAKE CITY),2002,152,SAC_00468,FLA20020275,DEV_FLA20020275,FLA20020275,1,retain_current_development,not_approved,FALSE
SAQ_0241,DEV_FLA00000495,PANASOFFKEE I,,36,SAC_00469,FLA00000495,DEV_FLA00000495,FLA00000495,1,retain_current_development,not_approved,FALSE
SAQ_0241,DEV_FLA19980814,PANASOFFKEE II,1998,28,SAC_00470,FLA19980814,DEV_FLA19980814,FLA19980814,1,retain_current_development,not_approved,FALSE
SAQ_0242,DEV_FLA20090235,SEA GRAPE I,2009,56,SAC_00471,FLA20090235,DEV_FLA20090235,FLA20090235,1,retain_current_development,not_approved,FALSE
SAQ_0242,DEV_FLA20100090,SEA GRAPE II,2010,28,SAC_00472,FLA20100090,DEV_FLA20100090,FLA20100090,1,retain_current_development,not_approved,FALSE
SAQ_0243,DEV_FLA19930005,LUCERNE,1993,65,SAC_00473,FLA19930005,DEV_FLA19930005,FLA19930005,1,retain_current_development,not_approved,FALSE
SAQ_0243,DEV_FLA20020135,NEW ARENA SQUARE,2002,419,SAC_00474,FLA20020135,DEV_FLA20020135,FLA20020135,1,retain_current_development,not_approved,FALSE
SAQ_0244,DEV_FLA19970808,MEADOW LAKES I,1997,128,SAC_00475,FLA19970808,DEV_FLA19970808,FLA19970808,1,retain_current_development,not_approved,FALSE
SAQ_0244,DEV_FLA19990806,MEADOW LAKES II,1999,124,SAC_00476,FLA19990806,DEV_FLA19990806,FLA19990806,1,retain_current_development,not_approved,FALSE
SAQ_0245,DEV_FLA19960055,STEEPLECHASE APTS I,1996,159,SAC_00477,FLA19960055,DEV_FLA19960055,FLA19960055,1,retain_current_development,not_approved,FALSE
SAQ_0245,DEV_FLA19980155,STEEPLECHASE APTS II,1998,80,SAC_00478,FLA19980155,DEV_FLA19980155,FLA19980155,1,retain_current_development,not_approved,FALSE
SAQ_0246,DEV_FLA20140080,NASSAU BAY I,2014,252,SAC_00479,FLA20140080,DEV_FLA20140080,FLA20140080,1,retain_current_development,not_approved,FALSE
SAQ_0246,DEV_FLA20190029,NASSAU BAY II,2019,240,SAC_00480,FLA20190029,DEV_FLA20190029,FLA20190029,1,retain_current_development,not_approved,FALSE
SAQ_0247,DEV_FLA20080280,MARBELLA COVE,2008,104,SAC_00481,FLA20080280,DEV_FLA20080280,FLA20080280,1,retain_current_development,not_approved,FALSE
SAQ_0247,DEV_FLA20080801,MARBELLA POINTE,2008,120,SAC_00482,FLA20080801,DEV_FLA20080801,FLA20080801,1,retain_current_development,not_approved,FALSE
SAQ_0248,DEV_FLA19990145,METRO PLACE I,1999,288,SAC_00483,FLA19990145,DEV_FLA19990145,FLA19990145,1,retain_current_development,not_approved,FALSE
SAQ_0248,DEV_FLA19990150,METRO PLACE II,1999,248,SAC_00484,FLA19990150,DEV_FLA19990150,FLA19990150,1,retain_current_development,not_approved,FALSE
SAQ_0249,DEV_FLA20080175,OVIEDO TOWN CENTRE I,2008,106,SAC_00485,FLA20080175,DEV_FLA20080175,FLA20080175,1,retain_current_development,not_approved,FALSE
SAQ_0249,DEV_FLA20080180,OVIEDO TOWN CENTRE II,2008,34,SAC_00486,FLA20080180,DEV_FLA20080180,FLA20080180,1,retain_current_development,not_approved,FALSE
SAQ_0249,DEV_FLA20080185,OVIEDO TOWN CENTRE III,2008,72,SAC_00487,FLA20080185,DEV_FLA20080185,FLA20080185,1,retain_current_development,not_approved,FALSE
SAQ_0249,DEV_FLA20080190,OVIEDO TOWN CENTRE IV,2008,24,SAC_00488,FLA20080190,DEV_FLA20080190,FLA20080190,1,retain_current_development,not_approved,FALSE
SAQ_0250,DEV_FLA20040010,ANDREWS PLACE I,2004,200,SAC_00489,FLA20040010,DEV_FLA20040010,FLA20040010,1,retain_current_development,not_approved,FALSE
SAQ_0250,DEV_FLA20060005,ANDREWS PLACE II,2006,120,SAC_00490,FLA20060005,DEV_FLA20060005,FLA20060005,1,retain_current_development,not_approved,FALSE
SAQ_0251,DEV_FLA19910035,HILLMOOR TOWNHOMES,1991,120,SAC_00491,FLA19910035,DEV_FLA19910035,FLA19910035,1,retain_current_development,not_approved,FALSE
SAQ_0251,DEV_FLA19940105,HILLMOOR TOWNHOMES PHASE II,1994,110,SAC_00492,FLA19940105,DEV_FLA19940105,FLA19940105,1,retain_current_development,not_approved,FALSE
SAQ_0252,DEV_FLA19900065,SANDY PINES MANOR,1990,44,SAC_00493,FLA19900065,DEV_FLA19900065,FLA19900065,1,retain_current_development,not_approved,FALSE
SAQ_0252,DEV_FLA20170018,VERANDAS OF PUNTA GORDA II,2017,60,SAC_00494,FLA20170018,DEV_FLA20170018,FLA20170018,1,retain_current_development,not_approved,FALSE
SAQ_0253,DEV_FLA20110004,KENSINGTON GARDENS I,2011,180,SAC_00495,FLA20110004,DEV_FLA20110004,FLA20110004,1,retain_current_development,not_approved,FALSE
SAQ_0253,DEV_FLA20120060,KENSINGTON GARDENS II,2012,96,SAC_00496,FLA20120060,DEV_FLA20120060,FLA20120060,1,retain_current_development,not_approved,FALSE
SAQ_0254,DEV_FLA19990255,WINDERMERE APTS I,1999,352,SAC_00497,FLA19990255,DEV_FLA19990255,FLA19990255,1,retain_current_development,not_approved,FALSE
SAQ_0254,DEV_FLA20000800,WINDERMERE APTS II,2000,252,SAC_00498,FLA20000800,DEV_FLA20000800,FLA20000800,1,retain_current_development,not_approved,FALSE
SAQ_0255,DEV_FLA20090050,JANIE'S GARDEN I,2009,86,SAC_00499,FLA20090050,DEV_FLA20090050,FLA20090050,1,retain_current_development,not_approved,FALSE
SAQ_0255,DEV_FLA20110100,JANIE'S GARDEN II,2011,68,SAC_00500,FLA20110100,DEV_FLA20110100,FLA20110100,1,retain_current_development,not_approved,FALSE
SAQ_0256,DEV_FLA20090030,FAIRVIEW COVE I,2009,88,SAC_00501,FLA20090030,DEV_FLA20090030,FLA20090030,1,retain_current_development,not_approved,FALSE
SAQ_0256,DEV_FLA20090035,FAIRVIEW COVE II,2009,66,SAC_00502,FLA20090035,DEV_FLA20090035,FLA20090035,1,retain_current_development,not_approved,FALSE
SAQ_0257,DEV_FLA20030110,HUNTERS RUN I,2003,216,SAC_00503,FLA20030110,DEV_FLA20030110,FLA20030110,1,retain_current_development,not_approved,FALSE
SAQ_0257,DEV_FLA20030115,HUNTERS RUN II,2003,192,SAC_00504,FLA20030115,DEV_FLA20030115,FLA20030115,1,retain_current_development,not_approved,FALSE
SAQ_0258,DEV_FLA00000735,WEBSTER I,,16,SAC_00505,FLA00000735,DEV_FLA00000735,FLA00000735,1,retain_current_development,not_approved,FALSE
SAQ_0258,DEV_FLA19980803,WEBSTER II,1998,20,SAC_00506,FLA19980803,DEV_FLA19980803,FLA19980803,1,retain_current_development,not_approved,FALSE
SAQ_0259,DEV_FLA19990035,BUENA VISTA PLACE,1999,256,SAC_00507,FLA19990035,DEV_FLA19990035,FLA19990035,1,retain_current_development,not_approved,FALSE
SAQ_0259,DEV_FLA20000020,BUENA VISTA PLACE II,2000,84,SAC_00508,FLA20000020,DEV_FLA20000020,FLA20000020,1,retain_current_development,not_approved,FALSE
SAQ_0260,DEV_GAA19920155,AUTUMNWOOD VILLAGE,1992,36,SAC_00509,GAA19920155,DEV_GAA19920155,GAA19920155,2,merge_to_review_cluster,not_approved,FALSE
SAQ_0260,DEV_GAA20149100,AUTUMNWOOD VILLAGE (NEW),2014,36,SAC_00509,GAA20149100,DEV_GAA19920155,GAA19920155,2,merge_to_review_cluster,not_approved,FALSE
SAQ_0261,DEV_GAA19950095,DEERWOOD APARTMENTS,1995,23,SAC_00510,GAA19950095,DEV_GAA19950095,GAA19950095,1,retain_current_development,not_approved,FALSE
SAQ_0261,DEV_GAA20148106,DEERWOOD VILLAGE,2014,20,SAC_00511,GAA20148106,DEV_GAA20148106,GAA20148106,1,retain_current_development,not_approved,FALSE
SAQ_0262,DEV_GAA0000X113,RAVEN WOODS APARTMENTS,,24,SAC_00512,GAA0000X113,DEV_GAA19950250,GAA19950250,2,merge_to_review_cluster,not_approved,FALSE
SAQ_0262,DEV_GAA19950250,RAVENWOOD APARTMENTS,1995,24,SAC_00512,GAA19950250,DEV_GAA19950250,GAA19950250,2,merge_to_review_cluster,not_approved,FALSE
SAQ_0263,DEV_GAA20079003,"ASHTON PLACE (ASHBURN, GA)",2007,41,SAC_00513,GAA20079003,DEV_GAA20079003,GAA20079003,2,merge_to_review_cluster,not_approved,FALSE
SAQ_0263,DEV_GAA20080007,ASHTON PLACE,2008,41,SAC_00513,GAA20080007,DEV_GAA20079003,GAA20079003,2,merge_to_review_cluster,not_approved,FALSE
SAQ_0264,DEV_GAA20040090,CLARKE GARDENS FKA ASHTON CLARKE APTS,2004,100,SAC_00514,GAA20040090,DEV_GAA20040090,GAA20040090,2,merge_to_review_cluster,not_approved,FALSE
SAQ_0264,DEV_GAA20210007,CLARKE GARDENS APARTMENTS,2021,100,SAC_00514,GAA20210007,DEV_GAA20040090,GAA20040090,2,merge_to_review_cluster,not_approved,FALSE
SAQ_0265,DEV_GAA19990025,EAGLES RUN I,1999,204,SAC_00515,GAA19990025,DEV_GAA19990025,GAA19990025,1,retain_current_development,not_approved,FALSE
SAQ_0265,DEV_GAA19990030,EAGLES RUN II,1999,78,SAC_00516,GAA19990030,DEV_GAA19990030,GAA19990030,1,retain_current_development,not_approved,FALSE
SAQ_0266,DEV_GAA0000X024,CASCADE PINES APARTMENTS,,376,SAC_00517,GAA0000X024,DEV_GAA0000X024,GAA0000X024,1,retain_current_development,not_approved,FALSE
SAQ_0266,DEV_GAA19980031,HUNTINGWOOD POINTE  - CASCADE PINES APTS.,1998,376,SAC_00518,GAA19980031,DEV_GAA19980031,GAA19980031,1,retain_current_development,not_approved,FALSE
SAQ_0267,DEV_GAA19960030,COLUMBIA HILL/DUTCH HILL I,1996,124,SAC_00519,GAA19960030,DEV_GAA19960030,GAA19960030,1,retain_current_development,not_approved,FALSE
SAQ_0267,DEV_GAA20110035,COLUMBIA HILL/DUTCH HILL II,2011,122,SAC_00520,GAA20110035,DEV_GAA20110035,GAA20110035,1,retain_current_development,not_approved,FALSE
SAQ_0267,DEV_GAA20116007,SOUTH RIVER GARDEN,2011,124,SAC_00521,GAA20116007,DEV_GAA20116007,GAA20116007,1,retain_current_development,not_approved,FALSE
SAQ_0268,DEV_GAA0000X008,ATWOOD STREET/416-418,,2,SAC_00522,GAA0000X008,DEV_GAA0000X008,GAA0000X008,1,retain_current_development,not_approved,FALSE
SAQ_0268,DEV_GAA19910084,ATWOOD STREET,1991,2,SAC_00523,GAA19910084,DEV_GAA19910084,GAA19910084,1,retain_current_development,not_approved,FALSE
SAQ_0269,DEV_GAA19900030,AMAL TOWNHOME COMMUNITY,1990,100,SAC_00524,GAA19900030,DEV_GAA19900030,GAA19900030,1,retain_current_development,not_approved,FALSE
SAQ_0269,DEV_GAA19910050,AMAL TOWNHOMES PHASE II,1991,96,SAC_00525,GAA19910050,DEV_GAA19910050,GAA19910050,1,retain_current_development,not_approved,FALSE
SAQ_0270,DEV_GAA20220036,STONE TERRACE,2022,239,SAC_00526,GAA20220036,DEV_GAA20220036,GAA20220036,1,retain_current_development,not_approved,FALSE
SAQ_0270,DEV_GAA20230038,STONE TERRACE II,2023,84,SAC_00527,GAA20230038,DEV_GAA20230038,GAA20230038,1,retain_current_development,not_approved,FALSE
SAQ_0271,DEV_GAA00000401,AUTRY PINES SENIOR VILLAGE,,64,SAC_00528,GAA00000401,DEV_GAA00000401,GAA00000401,1,retain_current_development,not_approved,FALSE
SAQ_0271,DEV_GAA20152001,AUTRY PINES SR VILLAGE,2015,64,SAC_00529,GAA20152001,DEV_GAA20152001,GAA20152001,1,retain_current_development,not_approved,FALSE
SAQ_0272,DEV_GAA20040235,RICHMOND SUMMIT,2004,,SAC_00530,GAA20040235,DEV_GAA20040235,GAA20040235,2,merge_to_review_cluster,not_approved,FALSE
SAQ_0272,DEV_GAA20049006,ASHTON RICHMOND,2004,136,SAC_00530,GAA20049006,DEV_GAA20040235,GAA20040235,2,merge_to_review_cluster,not_approved,FALSE
SAQ_0273,DEV_GAA20050240,AUSTELL VILLAGE,2005,108,SAC_00531,GAA20050240,DEV_GAA20050240,GAA20050240,1,retain_current_development,not_approved,FALSE
SAQ_0273,DEV_GAA20080057,HIGHLAND RIDGE,2008,108,SAC_00532,GAA20080057,DEV_GAA20080057,GAA20080057,1,retain_current_development,not_approved,FALSE
SAQ_0274,DEV_GAA19950160,HOLLY VILLAGE APTS,1995,24,SAC_00533,GAA19950160,DEV_GAA19950160,GAA19950160,2,merge_to_review_cluster,not_approved,FALSE
SAQ_0274,DEV_GAA20148110,HOLLY VILLAGE APARTMENTS (NEW),2014,24,SAC_00533,GAA20148110,DEV_GAA19950160,GAA19950160,2,merge_to_review_cluster,not_approved,FALSE
SAQ_0275,DEV_GAA19990195,SOUTHFORK APTS,1999,80,SAC_00534,GAA19990195,DEV_GAA19990195,GAA19990195,1,retain_current_development,not_approved,FALSE
SAQ_0275,DEV_GAA20160121,SOUTH FORK APARTMENTS,2016,96,SAC_00535,GAA20160121,DEV_GAA20160121,GAA20160121,1,retain_current_development,not_approved,FALSE
SAQ_0276,DEV_GAA0000X082,LYNDOLYN,,20,SAC_00536,GAA0000X082,DEV_GAA0000X082,GAA0000X082,1,retain_current_development,not_approved,FALSE
SAQ_0276,DEV_GAA19910150,LYNDOLYN APARTMENTS II,1991,14,SAC_00537,GAA19910150,DEV_GAA19910150,GAA19910150,1,retain_current_development,not_approved,FALSE
SAQ_0277,DEV_GAA19900250,SALEM GLEN APTS III,1990,80,SAC_00538,GAA19900250,DEV_GAA19900250,GAA19900250,1,retain_current_development,not_approved,FALSE
SAQ_0277,DEV_GAA19950260,"SALEM GLEN APARTMENTS, PHASE II",1995,96,SAC_00539,GAA19950260,DEV_GAA19950260,GAA19950260,1,retain_current_development,not_approved,FALSE
SAQ_0278,DEV_GAA20090150,WILLOW APARTMENTS I,2009,31,SAC_00540,GAA20090150,DEV_GAA20090150,GAA20090150,1,retain_current_development,not_approved,FALSE
SAQ_0278,DEV_GAA20109154,WILLOW APTS,2010,31,SAC_00541,GAA20109154,DEV_GAA20109154,GAA20109154,1,retain_current_development,not_approved,FALSE
SAQ_0279,DEV_GAA19939210,DEERFIELD APARTMENTS (CRAWFORDVILLE),1993,19,SAC_00542,GAA19939210,DEV_GAA19939210,GAA19939210,2,merge_to_review_cluster,not_approved,FALSE
SAQ_0279,DEV_GAA19940050,DEERFIELD APARTMENTS,1994,19,SAC_00542,GAA19940050,DEV_GAA19939210,GAA19939210,2,merge_to_review_cluster,not_approved,FALSE
SAQ_0280,DEV_GAA19950050,BROOKS POINT APARTMENTS,1995,41,SAC_00543,GAA19950050,DEV_GAA19950050,GAA19950050,2,merge_to_review_cluster,not_approved,FALSE
SAQ_0280,DEV_GAA20148103,BROOKS POINT APARTMENTS (NEW),2014,41,SAC_00543,GAA20148103,DEV_GAA19950050,GAA19950050,2,merge_to_review_cluster,not_approved,FALSE
SAQ_0281,DEV_GAA19940060,TRACEWOOD APARTMENTS,1994,38,SAC_00544,GAA19940060,DEV_GAA19940060,GAA19940060,1,retain_current_development,not_approved,FALSE
SAQ_0281,DEV_GAA20134009,DOYLE VILLAGE APARTMENTS,2013,38,SAC_00545,GAA20134009,DEV_GAA20134009,GAA20134009,1,retain_current_development,not_approved,FALSE
SAQ_0282,DEV_GAA20160126,TRINITY WALK,2016,69,SAC_00546,GAA20160126,DEV_GAA20160126,GAA20160126,1,retain_current_development,not_approved,FALSE
SAQ_0282,DEV_GAA20170030,TRINITY WALK PHASE II,2017,52,SAC_00547,GAA20170030,DEV_GAA20170030,GAA20170030,1,retain_current_development,not_approved,FALSE
SAQ_0283,DEV_GAA19920085,HUNTER'S RUN APARTMENTS,1992,50,SAC_00548,GAA19920085,DEV_GAA19920085,GAA19920085,2,merge_to_review_cluster,not_approved,FALSE
SAQ_0283,DEV_GAA20181015,HUNTERS RUN APARTMENTS (17-534),2018,50,SAC_00548,GAA20181015,DEV_GAA19920085,GAA19920085,2,merge_to_review_cluster,not_approved,FALSE
SAQ_0284,DEV_GAA19930005,MARIETTA-COBB WINTER SHELTER,1993,1,SAC_00549,GAA19930005,DEV_GAA19930005,GAA19930005,2,merge_to_review_cluster,not_approved,FALSE
SAQ_0284,DEV_GAA19939209,CONNALLY DRIVE HOME,1993,1,SAC_00549,GAA19939209,DEV_GAA19930005,GAA19930005,2,merge_to_review_cluster,not_approved,FALSE
SAQ_0285,DEV_GAA20050135,ASHTON WALK,2005,150,SAC_00550,GAA20050135,DEV_GAA20050135,GAA20050135,2,merge_to_review_cluster,not_approved,FALSE
SAQ_0285,DEV_GAA20059004,ASHTON FOREST PARK,2005,150,SAC_00550,GAA20059004,DEV_GAA20050135,GAA20050135,2,merge_to_review_cluster,not_approved,FALSE
SAQ_0286,DEV_GAA20220045,WALTON HARBOR,2022,81,SAC_00551,GAA20220045,DEV_GAA20220045,GAA20220045,1,retain_current_development,not_approved,FALSE
SAQ_0286,DEV_GAA20230024,LEGACY AT WALTON HARBOR II,2023,85,SAC_00552,GAA20230024,DEV_GAA20230024,GAA20230024,1,retain_current_development,not_approved,FALSE
SAQ_0287,DEV_GAA19910115,GIBSON VILLAGE,1991,18,SAC_00553,GAA19910115,DEV_GAA19910115,GAA19910115,2,merge_to_review_cluster,not_approved,FALSE
SAQ_0287,DEV_GAA20148109,NEW GIBSON VILLAGE APARTMENTS,2014,18,SAC_00553,GAA20148109,DEV_GAA19910115,GAA19910115,2,merge_to_review_cluster,not_approved,FALSE
SAQ_0288,DEV_GAA19920055,FOX CHASE PHASE II,1992,32,SAC_00554,GAA19920055,DEV_GAA19920055,GAA19920055,1,retain_current_development,not_approved,FALSE
SAQ_0288,DEV_GAA19920060,FOX CHASE I,1992,24,SAC_00555,GAA19920060,DEV_GAA19920060,GAA19920060,1,retain_current_development,not_approved,FALSE
SAQ_0289,DEV_GAA20020070,ST. PHIILIP VILLAS,2002,60,SAC_00556,GAA20020070,DEV_GAA20020070,GAA20020070,2,merge_to_review_cluster,not_approved,FALSE
SAQ_0289,DEV_GAA20029045,ST. PHILLIPS VILLAS,2002,60,SAC_00556,GAA20029045,DEV_GAA20020070,GAA20020070,2,merge_to_review_cluster,not_approved,FALSE
SAQ_0290,DEV_GAA20120970,GATEWAY PINES PHASE I,2012,57,SAC_00557,GAA20120970,DEV_GAA20120970,GAA20120970,1,retain_current_development,not_approved,FALSE
SAQ_0290,DEV_GAA20125016,GATEWAY PINES APARTMENTS,2012,52,SAC_00558,GAA20125016,DEV_GAA20125016,GAA20125016,1,retain_current_development,not_approved,FALSE
SAQ_0291,DEV_GAA19940122,PEPPERTON VILLAS,1994,28,SAC_00559,GAA19940122,DEV_GAA19940122,GAA19940122,1,retain_current_development,not_approved,FALSE
SAQ_0291,DEV_GAA20157160,PEPPERTON VILLAS APTS (NEW),2015,29,SAC_00560,GAA20157160,DEV_GAA20157160,GAA20157160,1,retain_current_development,not_approved,FALSE
SAQ_0292,DEV_GAA19910105,FAIRFIELD,1991,48,SAC_00561,GAA19910105,DEV_GAA19910105,GAA19910105,2,merge_to_review_cluster,not_approved,FALSE
SAQ_0292,DEV_GAA20157152,FAIRFIELD APTS-JASPER,2015,48,SAC_00561,GAA20157152,DEV_GAA19910105,GAA19910105,2,merge_to_review_cluster,not_approved,FALSE
SAQ_0293,DEV_GAA20120085,HEARTHSIDE AT JOHNS CREEK WALK,2012,90,SAC_00562,GAA20120085,DEV_GAA20120085,GAA20120085,2,merge_to_review_cluster,not_approved,FALSE
SAQ_0293,DEV_GAA20125020,HEARTHSIDE AT JOHNS CREEK WALK / HERITAGE JCW,2012,90,SAC_00562,GAA20125020,DEV_GAA20120085,GAA20120085,2,merge_to_review_cluster,not_approved,FALSE
SAQ_0294,DEV_GAA0000X167,LUCY MORGAN II,,89,SAC_00563,GAA0000X167,DEV_GAA0000X167,GAA0000X167,1,retain_current_development,not_approved,FALSE
SAQ_0294,DEV_GAA20240038,PHOENIX WAY,2024,93,SAC_00564,GAA20240038,DEV_GAA20240038,GAA20240038,1,retain_current_development,not_approved,FALSE
SAQ_0295,DEV_GAA20020050,MAGNOLIA VILLAGE APTS (LAWRENCEVILLE),2002,,SAC_00565,GAA20020050,DEV_GAA20020050,GAA20020050,2,merge_to_review_cluster,not_approved,FALSE
SAQ_0295,DEV_GAA20029034,MAGNOLIA VILLAGE,2002,192,SAC_00565,GAA20029034,DEV_GAA20020050,GAA20020050,2,merge_to_review_cluster,not_approved,FALSE
SAQ_0296,DEV_GAA19950280,TANGLEWOOD PARK APARTMENTS,1995,130,SAC_00566,GAA19950280,DEV_GAA19950280,GAA19950280,2,merge_to_review_cluster,not_approved,FALSE
SAQ_0296,DEV_GAA20148115,THE VIEW AT SUGARLOAF AKA TANGLEWOOD HEIGHTS,2014,130,SAC_00566,GAA20148115,DEV_GAA19950280,GAA19950280,2,merge_to_review_cluster,not_approved,FALSE
SAQ_0297,DEV_GAA20010190,GREENS AT HILLCREST,2001,140,SAC_00567,GAA20010190,DEV_GAA20010190,GAA20010190,1,retain_current_development,not_approved,FALSE
SAQ_0297,DEV_GAA20020150,GREENS AT HILLCREST II,2002,146,SAC_00568,GAA20020150,DEV_GAA20020150,GAA20020150,1,retain_current_development,not_approved,FALSE
SAQ_0298,DEV_GAA19950057,NEW BROOKSFIELD APTS,1995,32,SAC_00569,GAA19950057,DEV_GAA19950057,GAA19950057,2,merge_to_review_cluster,not_approved,FALSE
SAQ_0298,DEV_GAA20148104,BROOKSFIELD APARTMENTS (NEW),2014,32,SAC_00569,GAA20148104,DEV_GAA19950057,GAA19950057,2,merge_to_review_cluster,not_approved,FALSE
SAQ_0299,DEV_GAA20049058,VINEVILLE,2004,106,SAC_00570,GAA20049058,DEV_GAA20049058,GAA20049058,1,retain_current_development,not_approved,FALSE
SAQ_0299,DEV_GAA20060030,2009 VINEVILLE,2006,104,SAC_00571,GAA20060030,DEV_GAA20060030,GAA20060030,1,retain_current_development,not_approved,FALSE
SAQ_0300,DEV_GAA20120979,LEGACY AT WALTON HEIGHTS,2012,100,SAC_00572,GAA20120979,DEV_GAA20120979,GAA20120979,2,merge_to_review_cluster,not_approved,FALSE
SAQ_0300,DEV_GAA20139104,TOWN CENTER HEIGHTS/THE LEGACY @ WALTON HGTS,2013,100,SAC_00572,GAA20139104,DEV_GAA20120979,GAA20120979,2,merge_to_review_cluster,not_approved,FALSE
SAQ_0301,DEV_GAA19949801,WINDSOR APARTMENTS,1994,53,SAC_00573,GAA19949801,DEV_GAA19949801,GAA19949801,1,retain_current_development,not_approved,FALSE
SAQ_0301,DEV_GAA20129989,WINDSOR LAKE SENIOR,2012,52,SAC_00574,GAA20129989,DEV_GAA20129989,GAA20129989,1,retain_current_development,not_approved,FALSE
SAQ_0302,DEV_GAA0000X141,WEST CENTRAL AVENUE,,1,SAC_00575,GAA0000X141,DEV_GAA0000X141,GAA0000X141,1,retain_current_development,not_approved,FALSE
SAQ_0302,DEV_GAA19910145,KELLY REEVES PROPERTY RENTALS,1991,1,SAC_00576,GAA19910145,DEV_GAA19910145,GAA19910145,1,retain_current_development,not_approved,FALSE
SAQ_0303,DEV_GAA20089005,CAMERON COURT APARTMENT I,2008,48,SAC_00577,GAA20089005,DEV_GAA20089005,GAA20089005,1,retain_current_development,not_approved,FALSE
SAQ_0303,DEV_GAA20119954,CAMERON COURT APARTMENT II,2011,48,SAC_00578,GAA20119954,DEV_GAA20119954,GAA20119954,2,merge_to_review_cluster,not_approved,FALSE
SAQ_0303,DEV_GAA20120020,CAMERON COURT II,2012,48,SAC_00578,GAA20120020,DEV_GAA20119954,GAA20119954,2,merge_to_review_cluster,not_approved,FALSE
SAQ_0304,DEV_GAA20140996,PINEWOOD VILLAGE,2014,64,SAC_00579,GAA20140996,DEV_GAA20140996,GAA20140996,1,retain_current_development,not_approved,FALSE
SAQ_0304,DEV_GAA20180022,PINEWOOD VILLAGE II APARTMENTS,2018,60,SAC_00580,GAA20180022,DEV_GAA20180022,GAA20180022,1,retain_current_development,not_approved,FALSE
SAQ_0305,DEV_GAA20090085,SPRING CREEK I,2009,,SAC_00581,GAA20090085,DEV_GAA20090085,GAA20090085,1,retain_current_development,not_approved,FALSE
SAQ_0305,DEV_GAA20098024,SPRING CREEK B,2009,42,SAC_00582,GAA20098024,DEV_GAA20098024,GAA20098024,1,retain_current_development,not_approved,FALSE
SAQ_0306,DEV_GAA19950017,ASHTON OF RICHMOND HILL PHASE I,1995,232,SAC_00583,GAA19950017,DEV_GAA19950017,GAA19950017,1,retain_current_development,not_approved,FALSE
SAQ_0306,DEV_GAA19950025,ASHTON OF RICHMOND HILL PHASE II,1995,160,SAC_00584,GAA19950025,DEV_GAA19950025,GAA19950025,1,retain_current_development,not_approved,FALSE
SAQ_0306,DEV_GAA19959005,ASHTON OF RICHMOND HILL,1995,233,SAC_00585,GAA19959005,DEV_GAA19959005,GAA19959005,1,retain_current_development,not_approved,FALSE
SAQ_0307,DEV_GAA19960050,CRESTVIEW MANOR APTS,1996,25,SAC_00586,GAA19960050,DEV_GAA19960050,GAA19960050,2,merge_to_review_cluster,not_approved,FALSE
SAQ_0307,DEV_GAA20157151,ROYSTON CRESTVIEW MANOR APTS (NEW),2015,25,SAC_00586,GAA20157151,DEV_GAA19960050,GAA19960050,2,merge_to_review_cluster,not_approved,FALSE
SAQ_0308,DEV_GAA00000056,SAVANNAH GARDENS 5,,76,SAC_00587,GAA00000056,DEV_GAA00000056,GAA00000056,1,retain_current_development,not_approved,FALSE
SAQ_0308,DEV_GAA20153009,SAVANNAH GARDENS V,2015,76,SAC_00588,GAA20153009,DEV_GAA20153009,GAA20153009,1,retain_current_development,not_approved,FALSE
SAQ_0309,DEV_GAA20110115,SAVANNAH GARDENS I,2011,115,SAC_00589,GAA20110115,DEV_GAA20110115,GAA20110115,1,retain_current_development,not_approved,FALSE
SAQ_0309,DEV_GAA20116024,SAVANNAH GARDENS,2011,115,SAC_00590,GAA20116024,DEV_GAA20116024,GAA20116024,1,retain_current_development,not_approved,FALSE
SAQ_0310,DEV_GAA00000420,MOUNTAIN VIEW SR (THE VIEW),,80,SAC_00591,GAA00000420,DEV_GAA00000420,GAA00000420,1,retain_current_development,not_approved,FALSE
SAQ_0310,DEV_GAA20152025,THE VIEW AKA MOUNTAINVIEW SENIOR,2015,80,SAC_00592,GAA20152025,DEV_GAA20152025,GAA20152025,1,retain_current_development,not_approved,FALSE
SAQ_0311,DEV_GAA19930165,TALBOT VILLAGE II,1993,24,SAC_00593,GAA19930165,DEV_GAA19930165,GAA19930165,1,retain_current_development,not_approved,FALSE
SAQ_0311,DEV_GAA20134027,TALBOT VILLAGE APARTMENTS (NEW),2013,48,SAC_00594,GAA20134027,DEV_GAA20134027,GAA20134027,1,retain_current_development,not_approved,FALSE
SAQ_0312,DEV_GAA20050800,FAIRVIEW APARTMENTS,2005,100,SAC_00595,GAA20050800,DEV_GAA20050800,GAA20050800,2,merge_to_review_cluster,not_approved,FALSE
SAQ_0312,DEV_GAA20213180,FARVIEW APARTMENTS,2021,99,SAC_00595,GAA20213180,DEV_GAA20050800,GAA20050800,2,merge_to_review_cluster,not_approved,FALSE
SAQ_0313,DEV_GAA19940800,ASHLEY HOUSE APARTMENTS,1994,61,SAC_00596,GAA19940800,DEV_GAA19940800,GAA19940800,1,retain_current_development,not_approved,FALSE
SAQ_0313,DEV_GAA20148100,"ASHLEY HOUSE APARTMENTS, PHASE II",2014,61,SAC_00597,GAA20148100,DEV_GAA20148100,GAA20148100,1,retain_current_development,not_approved,FALSE
SAQ_0314,DEV_GAA20116021,POTEMKIN SENIOR VILLAGE,2011,68,SAC_00598,GAA20116021,DEV_GAA20116021,GAA20116021,1,retain_current_development,not_approved,FALSE
SAQ_0314,DEV_GAA20175173,POTEMKIN SENIOR VILLAGE OF WARNER ROBINS II,2017,,SAC_00599,GAA20175173,DEV_GAA20175173,GAA20175173,1,retain_current_development,not_approved,FALSE
SAQ_0315,DEV_GAA20110160,WARE HOTEL II,2011,35,SAC_00600,GAA20110160,DEV_GAA20110160,GAA20110160,1,retain_current_development,not_approved,FALSE
SAQ_0315,DEV_GAA20116040,WARE HOTEL,2011,35,SAC_00601,GAA20116040,DEV_GAA20116040,GAA20116040,1,retain_current_development,not_approved,FALSE
SAQ_0316,DEV_HIA20150002,RICE CAMP KANIKOO,2015,60,SAC_00602,HIA20150002,DEV_HIA20150002,HIA20150002,1,retain_current_development,not_approved,FALSE
SAQ_0316,DEV_HIA20160002,RICE CAMP II (KANIKO O),2016,29,SAC_00603,HIA20160002,DEV_HIA20160002,HIA20160002,1,retain_current_development,not_approved,FALSE
SAQ_0317,DEV_HIA20141003,HALE MOHALU II FAMILY,2014,84,SAC_00604,HIA20141003,DEV_HIA20141003,HIA20141003,1,retain_current_development,not_approved,FALSE
SAQ_0317,DEV_HIA20141004,HALE MOHALU II SENIOR,2014,164,SAC_00605,HIA20141004,DEV_HIA20141004,HIA20141004,1,retain_current_development,not_approved,FALSE
SAQ_0318,DEV_IAA19979296,CEDAR MANOR APTS,1997,24,SAC_00606,IAA19979296,DEV_IAA19979296,IAA19979296,1,retain_current_development,not_approved,FALSE
SAQ_0318,DEV_IAA20090015,CEDAR MANOR APTS II,2009,24,SAC_00607,IAA20090015,DEV_IAA20090015,IAA20090015,1,retain_current_development,not_approved,FALSE
SAQ_0319,DEV_IAA20050035,LAKE PLAZA APTS I,2005,24,SAC_00608,IAA20050035,DEV_IAA20050035,IAA20050035,1,retain_current_development,not_approved,FALSE
SAQ_0319,DEV_IAA20060115,LAKE PLAZA APTS II,2006,23,SAC_00609,IAA20060115,DEV_IAA20060115,IAA20060115,1,retain_current_development,not_approved,FALSE
SAQ_0320,DEV_IAA19970135,WESTERN TRAILS APTS,1997,90,SAC_00610,IAA19970135,DEV_IAA19970135,IAA19970135,1,retain_current_development,not_approved,FALSE
SAQ_0320,DEV_IAA19990095,WESTERN TRAILS II APTS,1999,30,SAC_00611,IAA19990095,DEV_IAA19990095,IAA19990095,1,retain_current_development,not_approved,FALSE
SAQ_0321,DEV_IAA19989330,PARKWILD I,1998,48,SAC_00612,IAA19989330,DEV_IAA19989330,IAA19989330,1,retain_current_development,not_approved,FALSE
SAQ_0321,DEV_IAA19990070,PARKWILD II,1999,48,SAC_00613,IAA19990070,DEV_IAA19990070,IAA19990070,1,retain_current_development,not_approved,FALSE
SAQ_0322,DEV_IAA20040045,MARYCREST,2004,50,SAC_00614,IAA20040045,DEV_IAA20040045,IAA20040045,1,retain_current_development,not_approved,FALSE
SAQ_0322,DEV_IAA20050040,MARYCREST SENIOR CAMPUS II,2005,51,SAC_00615,IAA20050040,DEV_IAA20050040,IAA20050040,1,retain_current_development,not_approved,FALSE
SAQ_0322,DEV_IAA20050045,MARYCREST SENIOR CAMPUS III,2005,31,SAC_00616,IAA20050045,DEV_IAA20050045,IAA20050045,1,retain_current_development,not_approved,FALSE
SAQ_0323,DEV_IAA20020025,MEADOW CREST GARDENS,2002,48,SAC_00617,IAA20020025,DEV_IAA20020025,IAA20020025,1,retain_current_development,not_approved,FALSE
SAQ_0323,DEV_IAA20060080,MEADOW CREST PHASE II,2006,36,SAC_00618,IAA20060080,DEV_IAA20060080,IAA20060080,1,retain_current_development,not_approved,FALSE
SAQ_0324,DEV_IAA19930070,JERSEY RIDGE APTS I,1993,100,SAC_00619,IAA19930070,DEV_IAA19930070,IAA19930070,1,retain_current_development,not_approved,FALSE
SAQ_0324,DEV_IAA19940085,JERSEY RIDGE APTS II,1994,8,SAC_00620,IAA19940085,DEV_IAA19940085,IAA19940085,1,retain_current_development,not_approved,FALSE
SAQ_0324,DEV_IAA19940090,JERSEY RIDGE APTS III,1994,18,SAC_00621,IAA19940090,DEV_IAA19940090,IAA19940090,1,retain_current_development,not_approved,FALSE
SAQ_0325,DEV_IAA20090025,CROSS CREEK APTS OF DAVENPORT,2009,192,SAC_00622,IAA20090025,DEV_IAA20090025,IAA20090025,1,retain_current_development,not_approved,FALSE
SAQ_0325,DEV_IAA20100015,CROSS CREEK APTS OF DAVENPORT PHASE II,2010,144,SAC_00623,IAA20100015,DEV_IAA20100015,IAA20100015,1,retain_current_development,not_approved,FALSE
SAQ_0326,DEV_IAA19950100,SOUTHBROOK GREEN I,1995,26,SAC_00624,IAA19950100,DEV_IAA19950100,IAA19950100,1,retain_current_development,not_approved,FALSE
SAQ_0326,DEV_IAA19950105,SOUTHBROOK GREEN II,1995,36,SAC_00625,IAA19950105,DEV_IAA19950105,IAA19950105,1,retain_current_development,not_approved,FALSE
SAQ_0326,DEV_IAA19990090,SOUTHBROOK GREEN III,1999,36,SAC_00626,IAA19990090,DEV_IAA19990090,IAA19990090,1,retain_current_development,not_approved,FALSE
SAQ_0327,DEV_IAA20039054,PARKSIDE EAST II APTS,2003,18,SAC_00627,IAA20039054,DEV_IAA20039054,IAA20039054,1,retain_current_development,not_approved,FALSE
SAQ_0327,DEV_IAA20040055,PARKSIDE EAST APTS III,2004,54,SAC_00628,IAA20040055,DEV_IAA20040055,IAA20040055,1,retain_current_development,not_approved,FALSE
SAQ_0327,DEV_IAA20050100,PARKSIDE EAST APTS IV,2005,30,SAC_00629,IAA20050100,DEV_IAA20050100,IAA20050100,1,retain_current_development,not_approved,FALSE
SAQ_0328,DEV_IAA20150005,HILLTOP I,2015,36,SAC_00630,IAA20150005,DEV_IAA20150005,IAA20150005,1,retain_current_development,not_approved,FALSE
SAQ_0328,DEV_IAA20150006,HILLTOP SENIOR,2015,62,SAC_00631,IAA20150006,DEV_IAA20150006,IAA20150006,1,retain_current_development,not_approved,FALSE
SAQ_0329,DEV_IAA20130001,BAKER CREEK SENIOR LIVING I,2013,33,SAC_00632,IAA20130001,DEV_IAA20130001,IAA20130001,1,retain_current_development,not_approved,FALSE
SAQ_0329,DEV_IAA20130012,THE CREST AT BAKER CREEK,2013,60,SAC_00633,IAA20130012,DEV_IAA20130012,IAA20130012,1,retain_current_development,not_approved,FALSE
SAQ_0330,DEV_IAA20080020,DEER RIDGE APTS V,2008,72,SAC_00634,IAA20080020,DEV_IAA20080020,IAA20080020,1,retain_current_development,not_approved,FALSE
SAQ_0330,DEV_IAA20090030,DEER RIDGE APTS VI,2009,40,SAC_00635,IAA20090030,DEV_IAA20090030,IAA20090030,1,retain_current_development,not_approved,FALSE
SAQ_0331,DEV_IAA20030005,DEER RIDGE APTS III,2003,24,SAC_00636,IAA20030005,DEV_IAA20030005,IAA20030005,1,retain_current_development,not_approved,FALSE
SAQ_0331,DEV_IAA20039048,DEER RIDGE II APTS,2003,25,SAC_00637,IAA20039048,DEV_IAA20039048,IAA20039048,1,retain_current_development,not_approved,FALSE
SAQ_0331,DEV_IAA20060065,DEER RIDGE APTS IV,2006,60,SAC_00638,IAA20060065,DEV_IAA20060065,IAA20060065,1,retain_current_development,not_approved,FALSE
SAQ_0332,DEV_IAA19999359,EAGLE BLUFF PHASE I,1999,24,SAC_00639,IAA19999359,DEV_IAA19999359,IAA19999359,1,retain_current_development,not_approved,FALSE
SAQ_0332,DEV_IAA20000040,EAGLE BLUFF APTS PHASE II,2000,24,SAC_00640,IAA20000040,DEV_IAA20000040,IAA20000040,1,retain_current_development,not_approved,FALSE
SAQ_0333,DEV_IAA19979004,RIVER WEST APTS,1997,30,SAC_00641,IAA19979004,DEV_IAA19979004,IAA19979004,2,merge_to_review_cluster,not_approved,FALSE
SAQ_0333,DEV_IAA20140100,RIVER WEST APARTMENTS,2014,30,SAC_00641,IAA20140100,DEV_IAA19979004,IAA19979004,2,merge_to_review_cluster,not_approved,FALSE
SAQ_0334,DEV_IAA19980025,CHESAPEAKE APTS I,1998,32,SAC_00642,IAA19980025,DEV_IAA19980025,IAA19980025,1,retain_current_development,not_approved,FALSE
SAQ_0334,DEV_IAA19980030,CHESAPEAKE APTS II,1998,24,SAC_00643,IAA19980030,DEV_IAA19980030,IAA19980030,1,retain_current_development,not_approved,FALSE
SAQ_0335,DEV_IAA20080055,JEFFERSON POINT I,2008,30,SAC_00644,IAA20080055,DEV_IAA20080055,IAA20080055,1,retain_current_development,not_approved,FALSE
SAQ_0335,DEV_IAA20090075,JEFFERSON POINT II,2009,30,SAC_00645,IAA20090075,DEV_IAA20090075,IAA20090075,1,retain_current_development,not_approved,FALSE
SAQ_0336,DEV_IAA19990345,OSKALOOSA IHA SENIOR HOUSING I,1999,24,SAC_00646,IAA19990345,DEV_IAA19990345,IAA19990345,1,retain_current_development,not_approved,FALSE
SAQ_0336,DEV_IAA20000085,OSKALOOSA IHA SENIOR HOUSING II,2000,24,SAC_00647,IAA20000085,DEV_IAA20000085,IAA20000085,1,retain_current_development,not_approved,FALSE
SAQ_0337,DEV_IAA19990353,SOUTHERN HILLS APTS PHASE I,1999,30,SAC_00648,IAA19990353,DEV_IAA19990353,IAA19990353,1,retain_current_development,not_approved,FALSE
SAQ_0337,DEV_IAA20010070,SOUTHERN HILLS APTS PHASE II,2001,30,SAC_00649,IAA20010070,DEV_IAA20010070,IAA20010070,1,retain_current_development,not_approved,FALSE
SAQ_0338,DEV_IAA20090060,CHAPEL RIDGE WEST I,2009,73,SAC_00650,IAA20090060,DEV_IAA20090060,IAA20090060,1,retain_current_development,not_approved,FALSE
SAQ_0338,DEV_IAA20100010,CHAPEL RIDGE WEST II,2010,95,SAC_00651,IAA20100010,DEV_IAA20100010,IAA20100010,1,retain_current_development,not_approved,FALSE
SAQ_0339,DEV_ILA20030045,HAMPTON PLACE,2003,30,SAC_00652,ILA20030045,DEV_ILA20030045,ILA20030045,1,retain_current_development,not_approved,FALSE
SAQ_0339,DEV_ILA20050050,HAMPTON PLACE EXTENSION II,2005,26,SAC_00653,ILA20050050,DEV_ILA20050050,ILA20050050,1,retain_current_development,not_approved,FALSE
SAQ_0340,DEV_ILA20030055,HERITAGE WOODS OF BATAVIA,2003,93,SAC_00654,ILA20030055,DEV_ILA20030055,ILA20030055,1,retain_current_development,not_approved,FALSE
SAQ_0340,DEV_ILA20080050,HERITAGE WOODS OF BATAVIA II,2008,55,SAC_00655,ILA20080050,DEV_ILA20080050,ILA20080050,1,retain_current_development,not_approved,FALSE
SAQ_0341,DEV_ILA19960250,BRADLEY PLACE SENIOR APTS PHASE I,1996,60,SAC_00656,ILA19960250,DEV_ILA19960250,ILA19960250,1,retain_current_development,not_approved,FALSE
SAQ_0341,DEV_ILA19990901,BRADLEY PLACE SENIOR APTS PHASE II,1999,47,SAC_00657,ILA19990901,DEV_ILA19990901,ILA19990901,1,retain_current_development,not_approved,FALSE
SAQ_0342,DEV_ILA20120005,COUNTRYSIDE VILLAGE II (CAMBRIA),2012,23,SAC_00658,ILA20120005,DEV_ILA20120005,ILA20120005,1,retain_current_development,not_approved,FALSE
SAQ_0342,DEV_ILA20120813,COUNTRYSIDE VILLAGE I (CAMBRIA),2012,23,SAC_00659,ILA20120813,DEV_ILA20120813,ILA20120813,1,retain_current_development,not_approved,FALSE
SAQ_0343,DEV_ILA20040030,CARBONDALE TOWER,2004,271,SAC_00660,ILA20040030,DEV_ILA20040030,ILA20040030,1,retain_current_development,not_approved,FALSE
SAQ_0343,DEV_ILA20140021,MILL STREET STATION,2014,63,SAC_00661,ILA20140021,DEV_ILA20140021,ILA20140021,1,retain_current_development,not_approved,FALSE
SAQ_0344,DEV_ILA19890119,MARTIN LAMPLIGHTER (CENTRALIA),1989,16,SAC_00662,ILA19890119,DEV_ILA19890119,ILA19890119,1,retain_current_development,not_approved,FALSE
SAQ_0344,DEV_ILA20120806,MAPLEWOOD ESTATES,2012,48,SAC_00663,ILA20120806,DEV_ILA20120806,ILA20120806,1,retain_current_development,not_approved,FALSE
SAQ_0345,DEV_ILA20050190,MAHALIA PLACE OF LEGENDS SOUTH,2005,110,SAC_00664,ILA20050190,DEV_ILA20050190,ILA20050190,1,retain_current_development,not_approved,FALSE
SAQ_0345,DEV_ILA20070245,ROBERT TAYLOR HOMES A-1,2007,182,SAC_00665,ILA20070245,DEV_ILA20070245,ILA20070245,1,retain_current_development,not_approved,FALSE
SAQ_0345,DEV_ILB20060807,MAHALIA PLACE,2006,118,SAC_00666,ILB20060807,DEV_ILB20060807,ILB20060807,1,retain_current_development,not_approved,FALSE
SAQ_0345,DEV_ILB20090813,COLEMAN PLACE,2009,118,SAC_00667,ILB20090813,DEV_ILB20090813,ILB20090813,1,retain_current_development,not_approved,FALSE
SAQ_0346,DEV_ILB20060804,FC CENTRAL STATION SENIOR,2006,91,SAC_00668,ILB20060804,DEV_ILB20060804,ILB20060804,1,retain_current_development,not_approved,FALSE
SAQ_0346,DEV_ILB20069004,THE PARK AT CENTRAL STATION,2006,92,SAC_00669,ILB20069004,DEV_ILB20069004,ILB20069004,1,retain_current_development,not_approved,FALSE
SAQ_0347,DEV_ILB20010805,HOLLAND,2001,81,SAC_00670,ILB20010805,DEV_ILB20010805,ILB20010805,2,merge_to_review_cluster,not_approved,FALSE
SAQ_0347,DEV_ILB20019902,HOLLAND APARTMENTS,2001,81,SAC_00670,ILB20019902,DEV_ILB20010805,ILB20010805,2,merge_to_review_cluster,not_approved,FALSE
SAQ_0348,DEV_ILA20110933,WEST END PHASE II,2011,112,SAC_00671,ILA20110933,DEV_ILA20110933,ILA20110933,1,retain_current_development,not_approved,FALSE
SAQ_0348,DEV_ILB20060805,WEST END 1B,2006,92,SAC_00672,ILB20060805,DEV_ILB20060805,ILB20060805,1,retain_current_development,not_approved,FALSE
SAQ_0349,DEV_ILA20070090,NORTH AVENUE REDEVELOPMENT,2007,24,SAC_00673,ILA20070090,DEV_ILA20070090,ILA20070090,1,retain_current_development,not_approved,FALSE
SAQ_0349,DEV_ILA20080085,NORTH AVENUE REDEVLEOPMENT ELDERLY,2008,54,SAC_00674,ILA20080085,DEV_ILA20080085,ILA20080085,1,retain_current_development,not_approved,FALSE
SAQ_0350,DEV_ILB20060803,WATER'S EDGE APTS,2006,92,SAC_00675,ILB20060803,DEV_ILB20060803,ILB20060803,2,merge_to_review_cluster,not_approved,FALSE
SAQ_0350,DEV_ILB20069008,LATHROP ELDERLY DBA WATERS EDGE APTS,2006,92,SAC_00675,ILB20069008,DEV_ILB20060803,ILB20060803,2,merge_to_review_cluster,not_approved,FALSE
SAQ_0351,DEV_ILB0000X068,SENIOR SUITES OF RAVENSWOOD MANOR,,81,SAC_00676,ILB0000X068,DEV_ILB0000X068,ILB0000X068,1,retain_current_development,not_approved,FALSE
SAQ_0351,DEV_ILB19980005,SENIOR SUITES OF RAVENWOOD,1998,80,SAC_00677,ILB19980005,DEV_ILB19980005,ILB19980005,1,retain_current_development,not_approved,FALSE
SAQ_0352,DEV_ILB20040801,SENIOR SUITES OF RAINBOW BEACH,2004,84,SAC_00678,ILB20040801,DEV_ILB20040801,ILB20040801,1,retain_current_development,not_approved,FALSE
SAQ_0352,DEV_ILB20049014,SENIOR SUITES RAINBOW BEACH,2004,84,SAC_00679,ILB20049014,DEV_ILB20049014,ILB20049014,1,retain_current_development,not_approved,FALSE
SAQ_0353,DEV_ILA19890085,301-11 S CENTRAL PARK,1989,23,SAC_00680,ILA19890085,DEV_ILA19890085,ILA19890085,1,retain_current_development,not_approved,FALSE
SAQ_0353,DEV_ILA19890100,COLUMBUS PARK APTS,1989,39,SAC_00681,ILA19890100,DEV_ILA19890100,ILA19890100,1,retain_current_development,not_approved,FALSE
SAQ_0354,DEV_ILA20110935,VICTORY CENTER OF SOUTH CHICAGO,2011,72,SAC_00682,ILA20110935,DEV_ILB20090808,ILB20090808,2,merge_to_review_cluster,not_approved,FALSE
SAQ_0354,DEV_ILB20090808,VICTORY CENTRE OF SOUTH CHICAGO,2009,112,SAC_00682,ILB20090808,DEV_ILB20090808,ILB20090808,2,merge_to_review_cluster,not_approved,FALSE
SAQ_0355,DEV_ILB20109003,HAIRPIN LOFTS APARTMENTS,2010,28,SAC_00683,ILB20109003,DEV_ILB20109003,ILB20109003,2,merge_to_review_cluster,not_approved,FALSE
SAQ_0355,DEV_ILB20110811,HAIRPIN LOFT APTS,2011,28,SAC_00683,ILB20110811,DEV_ILB20109003,ILB20109003,2,merge_to_review_cluster,not_approved,FALSE
SAQ_0356,DEV_ILB20040800,SENIOR SUITES OF WEST HUMBOLDT PARK,2004,88,SAC_00684,ILB20040800,DEV_ILB20040800,ILB20040800,2,merge_to_review_cluster,not_approved,FALSE
SAQ_0356,DEV_ILB20049013,SENIOR SUITES HUMBOLDT PARK,2004,88,SAC_00684,ILB20049013,DEV_ILB20040800,ILB20040800,2,merge_to_review_cluster,not_approved,FALSE
SAQ_0357,DEV_ILA20100921,THE SENIOR SUITES OF AUTUMN GREEN AT WRIGHT,2010,36,SAC_00685,ILA20100921,DEV_ILA20100921,ILA20100921,2,merge_to_review_cluster,not_approved,FALSE
SAQ_0357,DEV_ILB20105002,THE SENIOR SUITES OF AUTUMN GREEN AT WRIGHT CAMPUS,2010,32,SAC_00685,ILB20105002,DEV_ILA20100921,ILA20100921,2,merge_to_review_cluster,not_approved,FALSE
SAQ_0358,DEV_ILB0000X050,MIRIAM APARTMENTS,,66,SAC_00686,ILB0000X050,DEV_ILB0000X050,ILB0000X050,1,retain_current_development,not_approved,FALSE
SAQ_0358,DEV_ILB19920025,FRIENDLY TOWERS,1992,66,SAC_00687,ILB19920025,DEV_ILB19920025,ILB19920025,1,retain_current_development,not_approved,FALSE
SAQ_0359,DEV_ILA19880052,LAVERGNE COURTS,1988,158,SAC_00688,ILA19880052,DEV_ILA19880052,ILA19880052,1,retain_current_development,not_approved,FALSE
SAQ_0359,DEV_ILA19880075,WASHINGTON COURTS APTS,1988,22,SAC_00689,ILA19880075,DEV_ILA19880075,ILA19880075,1,retain_current_development,not_approved,FALSE
SAQ_0360,DEV_ILA00000114,PARKVIEW TOWERS APTS,,102,SAC_00690,ILA00000114,DEV_ILA00000114,ILA00000114,1,retain_current_development,not_approved,FALSE
SAQ_0360,DEV_ILB19880075,PARKVIEW (CHICAGO),1988,102,SAC_00691,ILB19880075,DEV_ILB19880075,ILB19880075,1,retain_current_development,not_approved,FALSE
SAQ_0361,DEV_ILB20130100,SENIOR SUITES AT MIDWAY VILLAGE,2013,89,SAC_00692,ILB20130100,DEV_ILB20130100,ILB20130100,1,retain_current_development,not_approved,FALSE
SAQ_0361,DEV_ILB20136005,SENIOR SUITES OF MIDWAY VILLAGE .,2013,89,SAC_00693,ILB20136005,DEV_ILB20136005,ILB20136005,1,retain_current_development,not_approved,FALSE
SAQ_0362,DEV_ILA19920035,BAYBERRY B APTS,1992,12,SAC_00694,ILA19920035,DEV_ILA19920035,ILA19920035,1,retain_current_development,not_approved,FALSE
SAQ_0362,DEV_ILA19930050,BAYBERRY C APTS,1993,12,SAC_00695,ILA19930050,DEV_ILA19930050,ILA19930050,1,retain_current_development,not_approved,FALSE
SAQ_0363,DEV_ILA20080020,CANTERBURY HOUSE - DIXON,2008,50,SAC_00696,ILA20080020,DEV_ILA20080020,ILA20080020,1,retain_current_development,not_approved,FALSE
SAQ_0363,DEV_ILA20120814,CANTERBURY HOUSE APTS II,2012,58,SAC_00697,ILA20120814,DEV_ILA20120814,ILA20120814,1,retain_current_development,not_approved,FALSE
SAQ_0364,DEV_ILA20020150,PARSONS PLACE,2002,174,SAC_00698,ILA20020150,DEV_ILA20020150,ILA20020150,1,retain_current_development,not_approved,FALSE
SAQ_0364,DEV_ILA20050095,PARSONS PLACE PHASE II,2005,102,SAC_00699,ILA20050095,DEV_ILA20050095,ILA20050095,1,retain_current_development,not_approved,FALSE
SAQ_0365,DEV_ILA19980080,HOLLOW TREE APTS,1998,62,SAC_00700,ILA19980080,DEV_ILA19980080,ILA19980080,1,retain_current_development,not_approved,FALSE
SAQ_0365,DEV_ILA20010055,HOLLOW TREE II,2001,40,SAC_00701,ILA20010055,DEV_ILA20010055,ILA20010055,1,retain_current_development,not_approved,FALSE
SAQ_0366,DEV_ILA19890105,D'ADRIAN MEADOWS APTS,1989,16,SAC_00702,ILA19890105,DEV_ILA19890105,ILA19890105,1,retain_current_development,not_approved,FALSE
SAQ_0366,DEV_ILA19900165,PREIS LANE APTS,1990,8,SAC_00703,ILA19900165,DEV_ILA19900165,ILA19900165,1,retain_current_development,not_approved,FALSE
SAQ_0366,DEV_ILA19910010,D'ADRIAN MEADOWS APTS II,1991,16,SAC_00704,ILA19910010,DEV_ILA19910010,ILA19910010,1,retain_current_development,not_approved,FALSE
SAQ_0367,DEV_ILA19930115,GREENWOOD APTS,1993,11,SAC_00705,ILA19930115,DEV_ILA19930115,ILA19930115,1,retain_current_development,not_approved,FALSE
SAQ_0367,DEV_ILA19960100,GRIDLEY MANOR APTS,1996,12,SAC_00706,ILA19960100,DEV_ILA19960100,ILA19960100,1,retain_current_development,not_approved,FALSE
SAQ_0368,DEV_ILA20080900,RIVERWOODS APTS,2008,125,SAC_00707,ILA20080900,DEV_ILA20080900,ILA20080900,2,merge_to_review_cluster,not_approved,FALSE
SAQ_0368,DEV_ILA20240012,RIVERWOODS APARTMENTS,2024,125,SAC_00707,ILA20240012,DEV_ILA20080900,ILA20080900,2,merge_to_review_cluster,not_approved,FALSE
SAQ_0369,DEV_ILA19890120,MARTIN LAMPLIGHTER (MC LEAN),1989,48,SAC_00708,ILA19890120,DEV_ILA19890120,ILA19890120,1,retain_current_development,not_approved,FALSE
SAQ_0369,DEV_ILA20120807,LAMPLIGHT MANOR,2012,24,SAC_00709,ILA20120807,DEV_ILA20120807,ILA20120807,1,retain_current_development,not_approved,FALSE
SAQ_0370,DEV_ILA19960255,CANTERBURY HOUSE APTS,1996,48,SAC_00710,ILA19960255,DEV_ILA19960255,ILA19960255,1,retain_current_development,not_approved,FALSE
SAQ_0370,DEV_ILA20030145,CANTERBURY WOOD APTS,2003,50,SAC_00711,ILA20030145,DEV_ILA20030145,ILA20030145,1,retain_current_development,not_approved,FALSE
SAQ_0371,DEV_ILA19880046,KATHERINE MANOR 103,1988,1,SAC_00712,ILA19880046,DEV_ILA19880046,ILA19880046,1,retain_current_development,not_approved,FALSE
SAQ_0371,DEV_ILA19880047,KATHERINE MANOR 113,1988,1,SAC_00713,ILA19880047,DEV_ILA19880047,ILA19880047,1,retain_current_development,not_approved,FALSE
SAQ_0371,DEV_ILA19880048,KATHERINE MANOR 201,1988,1,SAC_00714,ILA19880048,DEV_ILA19880048,ILA19880048,1,retain_current_development,not_approved,FALSE
SAQ_0371,DEV_ILA19880049,KATHERINE MANOR 203,1988,1,SAC_00715,ILA19880049,DEV_ILA19880049,ILA19880049,1,retain_current_development,not_approved,FALSE
SAQ_0371,DEV_ILA19880050,KATHERINE MANOR 208,1988,1,SAC_00716,ILA19880050,DEV_ILA19880050,ILA19880050,1,retain_current_development,not_approved,FALSE
SAQ_0372,DEV_ILA20050125,TURNBERRY COURT APTS,2005,60,SAC_00717,ILA20050125,DEV_ILA20050125,ILA20050125,1,retain_current_development,not_approved,FALSE
SAQ_0372,DEV_ILA20070250,TURNBERRY COURT APTS II,2007,50,SAC_00718,ILA20070250,DEV_ILA20070250,ILA20070250,1,retain_current_development,not_approved,FALSE
SAQ_0373,DEV_ILA20020070,OTTAWA PLACE SENIOR APTS,2002,42,SAC_00719,ILA20020070,DEV_ILA20020070,ILA20020070,1,retain_current_development,not_approved,FALSE
SAQ_0373,DEV_ILA20130820,OTTAWA SENIOR HOUSING,2013,62,SAC_00720,ILA20130820,DEV_ILA20130820,ILA20130820,1,retain_current_development,not_approved,FALSE
SAQ_0374,DEV_ILA20010205,RIVER WEST,2001,200,SAC_00721,ILA20010205,DEV_ILA20010205,ILA20010205,1,retain_current_development,not_approved,FALSE
SAQ_0374,DEV_ILA20030175,PEORIA AFFORDABLE HOUSING II,2003,60,SAC_00722,ILA20030175,DEV_ILA20030175,ILA20030175,1,retain_current_development,not_approved,FALSE
SAQ_0374,DEV_ILA20060055,RIVER WEST SOUTH,2006,26,SAC_00723,ILA20060055,DEV_ILA20060055,ILA20060055,1,retain_current_development,not_approved,FALSE
SAQ_0375,DEV_ILA19990130,PRINCETON SENIOR HOUSING,1999,50,SAC_00724,ILA19990130,DEV_ILA19990130,ILA19990130,1,retain_current_development,not_approved,FALSE
SAQ_0375,DEV_ILA20010225,VICTOR MEADOWS PHASE II,2001,36,SAC_00725,ILA20010225,DEV_ILA20010225,ILA20010225,1,retain_current_development,not_approved,FALSE
SAQ_0376,DEV_ILA20000015,CARRIAGE CREEK APTS,2000,226,SAC_00726,ILA20000015,DEV_ILA20000015,ILA20000015,1,retain_current_development,not_approved,FALSE
SAQ_0376,DEV_ILA20050120,THE RESIDENCE AT CARRIAGE CREEK,2005,60,SAC_00727,ILA20050120,DEV_ILA20050120,ILA20050120,1,retain_current_development,not_approved,FALSE
SAQ_0377,DEV_ILA20040115,TERRACE APTS,2004,128,SAC_00728,ILA20040115,DEV_ILA20040115,ILA20040115,2,merge_to_review_cluster,not_approved,FALSE
SAQ_0377,DEV_ILA20220051,THE TERRACE APARTMENTS,2022,128,SAC_00728,ILA20220051,DEV_ILA20040115,ILA20040115,2,merge_to_review_cluster,not_approved,FALSE
SAQ_0378,DEV_ILA19930085,DD DEVELOPMENT OF STERLING I,1993,12,SAC_00729,ILA19930085,DEV_ILA19930085,ILA19930085,1,retain_current_development,not_approved,FALSE
SAQ_0378,DEV_ILA19940055,DD DEVELOPMENT OF STERLING II,1994,10,SAC_00730,ILA19940055,DEV_ILA19940055,ILA19940055,1,retain_current_development,not_approved,FALSE
SAQ_0378,DEV_ILA20120009,STERLING FAMILY HOUSING,2012,22,SAC_00731,ILA20120009,DEV_ILA20120009,ILA20120009,1,retain_current_development,not_approved,FALSE
SAQ_0379,DEV_ILA19950170,PRAIRIE GREEN APTS PHASE I,1995,56,SAC_00732,ILA19950170,DEV_ILA19950170,ILA19950170,1,retain_current_development,not_approved,FALSE
SAQ_0379,DEV_ILA19950175,PRAIRIE GREEN APTS PHASE II,1995,24,SAC_00733,ILA19950175,DEV_ILA19950175,ILA19950175,1,retain_current_development,not_approved,FALSE
SAQ_0379,DEV_ILA19960170,PRAIRIE GREEN APTS PHASE III,1996,48,SAC_00734,ILA19960170,DEV_ILA19960170,ILA19960170,1,retain_current_development,not_approved,FALSE
SAQ_0380,DEV_ILA19960115,J & J APTS #1,1996,6,SAC_00735,ILA19960115,DEV_ILA19960115,ILA19960115,1,retain_current_development,not_approved,FALSE
SAQ_0380,DEV_ILA19960120,J & J APTS #2,1996,12,SAC_00736,ILA19960120,DEV_ILA19960120,ILA19960120,1,retain_current_development,not_approved,FALSE
SAQ_0381,DEV_ILA19930195,WATERFORD APTS PHASE I,1993,144,SAC_00737,ILA19930195,DEV_ILA19930195,ILA19930195,1,retain_current_development,not_approved,FALSE
SAQ_0381,DEV_ILA19930360,WATERFORD APTS PHASE II,1993,144,SAC_00738,ILA19930360,DEV_ILA19930360,ILA19930360,1,retain_current_development,not_approved,FALSE
SAQ_0381,DEV_ILA20110926,CRANE MEADOWS APTS,2011,266,SAC_00739,ILA20110926,DEV_ILA20110926,ILA20110926,1,retain_current_development,not_approved,FALSE
SAQ_0382,DEV_INA20020048,NORTHCREST APTS I,2002,28,SAC_00740,INA20020048,DEV_INA20020048,INA20020048,1,retain_current_development,not_approved,FALSE
SAQ_0382,DEV_INA20020050,NORTHCREST APTS II,2002,28,SAC_00741,INA20020050,DEV_INA20020050,INA20020050,1,retain_current_development,not_approved,FALSE
SAQ_0383,DEV_INA19910026,INDIAN TERRACE VILLAS PHASE II,1991,12,SAC_00742,INA19910026,DEV_INA19910026,INA19910026,1,retain_current_development,not_approved,FALSE
SAQ_0383,DEV_INA19920045,INDIAN TERRACE VILLAS II,1992,48,SAC_00743,INA19920045,DEV_INA19920045,INA19920045,1,retain_current_development,not_approved,FALSE
SAQ_0384,DEV_INA20030142,CANTERBURY HOUSE APTS (BLOOMINGTON),2003,208,SAC_00744,INA20030142,DEV_INA20030142,INA20030142,1,retain_current_development,not_approved,FALSE
SAQ_0384,DEV_INA20202177,LIMESTONE CROSSING APARTMENTS,2020,208,SAC_00745,INA20202177,DEV_INA20202177,INA20202177,1,retain_current_development,not_approved,FALSE
SAQ_0385,DEV_INA20010010,BROWNSBURG POINTE I,2001,80,SAC_00746,INA20010010,DEV_INA20010010,INA20010010,1,retain_current_development,not_approved,FALSE
SAQ_0385,DEV_INA20030035,BROWNSBURG POINTE II,2003,80,SAC_00747,INA20030035,DEV_INA20030035,INA20030035,1,retain_current_development,not_approved,FALSE
SAQ_0386,DEV_INA19870011,FAWN HAVEN APTS,1987,26,SAC_00748,INA19870011,DEV_INA19870011,INA19870011,1,retain_current_development,not_approved,FALSE
SAQ_0386,DEV_INA19890033,FAWN VILLAS I,1989,8,SAC_00749,INA19890033,DEV_INA19890033,INA19890033,1,retain_current_development,not_approved,FALSE
SAQ_0386,DEV_INA19890034,FAWN VILLAS II,1989,8,SAC_00750,INA19890034,DEV_INA19890034,INA19890034,1,retain_current_development,not_approved,FALSE
SAQ_0386,DEV_INA19910017,FAWN VILLAS III,1991,8,SAC_00751,INA19910017,DEV_INA19910017,INA19910017,1,retain_current_development,not_approved,FALSE
SAQ_0387,DEV_INA19920178,ORCHARD APTS II,1992,60,SAC_00752,INA19920178,DEV_INA19920178,INA19920178,1,retain_current_development,not_approved,FALSE
SAQ_0387,DEV_INA19940106,ORCHARD APTS III,1994,58,SAC_00753,INA19940106,DEV_INA19940106,INA19940106,1,retain_current_development,not_approved,FALSE
SAQ_0388,DEV_INA19930145,PRESTWICK SQUARE APTS OF COLUMBUS I,1993,40,SAC_00754,INA19930145,DEV_INA19930145,INA19930145,1,retain_current_development,not_approved,FALSE
SAQ_0388,DEV_INA19940080,PRESTWICK SQUARE APTS OF COLUMBUS II,1994,28,SAC_00755,INA19940080,DEV_INA19940080,INA19940080,1,retain_current_development,not_approved,FALSE
SAQ_0389,DEV_INA20000012,CONNER COURT APTS I,2000,64,SAC_00756,INA20000012,DEV_INA20000012,INA20000012,1,retain_current_development,not_approved,FALSE
SAQ_0389,DEV_INA20030060,CONNER COURT APTS II,2003,64,SAC_00757,INA20030060,DEV_INA20030060,INA20030060,1,retain_current_development,not_approved,FALSE
SAQ_0390,DEV_INA19900047,SHADY KNOLL APTS I,1990,112,SAC_00758,INA19900047,DEV_INA19900047,INA19900047,1,retain_current_development,not_approved,FALSE
SAQ_0390,DEV_INA19940085,SHADY KNOLL APTS II,1994,48,SAC_00759,INA19940085,DEV_INA19940085,INA19940085,1,retain_current_development,not_approved,FALSE
SAQ_0390,DEV_INA19950150,SHADY KNOLL APTS III,1995,48,SAC_00760,INA19950150,DEV_INA19950150,INA19950150,1,retain_current_development,not_approved,FALSE
SAQ_0391,DEV_INA19950055,DEER CREEKE APTS I,1995,108,SAC_00761,INA19950055,DEV_INA19950055,INA19950055,1,retain_current_development,not_approved,FALSE
SAQ_0391,DEV_INA19960050,DEER CREEKE APTS II,1996,62,SAC_00762,INA19960050,DEV_INA19960050,INA19960050,1,retain_current_development,not_approved,FALSE
SAQ_0392,DEV_INA20030020,ASHTON PINES PHASE I,2003,144,SAC_00763,INA20030020,DEV_INA20030020,INA20030020,1,retain_current_development,not_approved,FALSE
SAQ_0392,DEV_INA20100005,ASHTON PINES PHASE II,2010,144,SAC_00764,INA20100005,DEV_INA20100005,INA20100005,1,retain_current_development,not_approved,FALSE
SAQ_0393,DEV_INA20110025,CEDAR TRACE APTS II,2011,35,SAC_00765,INA20110025,DEV_INA20110025,INA20110025,1,retain_current_development,not_approved,FALSE
SAQ_0393,DEV_INA20120050,CEDAR TRACE APTS III,2012,48,SAC_00766,INA20120050,DEV_INA20120050,INA20120050,1,retain_current_development,not_approved,FALSE
SAQ_0394,DEV_INA19930190,VANN PARK APTS I,1993,40,SAC_00767,INA19930190,DEV_INA19930190,INA19930190,1,retain_current_development,not_approved,FALSE
SAQ_0394,DEV_INA19940119,VANN PARK APTS II,1994,48,SAC_00768,INA19940119,DEV_INA19940119,INA19940119,1,retain_current_development,not_approved,FALSE
SAQ_0394,DEV_INA19950180,VANN PARK APTS III,1995,64,SAC_00769,INA19950180,DEV_INA19950180,INA19950180,1,retain_current_development,not_approved,FALSE
SAQ_0394,DEV_INA19960190,VANN PARK APTS IV,1996,40,SAC_00770,INA19960190,DEV_INA19960190,INA19960190,1,retain_current_development,not_approved,FALSE
SAQ_0395,DEV_INA19990080,MEMORIAL PLACE APTS,1999,16,SAC_00771,INA19990080,DEV_INA19990080,INA19990080,1,retain_current_development,not_approved,FALSE
SAQ_0395,DEV_INA20080080,MEMORIAL TOWNHOUSES II,2008,35,SAC_00772,INA20080080,DEV_INA20080080,INA20080080,1,retain_current_development,not_approved,FALSE
SAQ_0396,DEV_INA19960160,TAMERA GARDENS I,1996,48,SAC_00773,INA19960160,DEV_INA19960160,INA19960160,1,retain_current_development,not_approved,FALSE
SAQ_0396,DEV_INA20040046,TAMERA SENIOR VILLAS,2004,52,SAC_00774,INA20040046,DEV_INA20040046,INA20040046,1,retain_current_development,not_approved,FALSE
SAQ_0397,DEV_INA19970025,CANTERBURY HOUSE APTS (SPRINGBROOK),1997,64,SAC_00775,INA19970025,DEV_INA19970025,INA19970025,1,retain_current_development,not_approved,FALSE
SAQ_0397,DEV_INA19990045,FRANKFORT PLACE APTS,1999,36,SAC_00776,INA19990045,DEV_INA19990045,INA19990045,1,retain_current_development,not_approved,FALSE
SAQ_0398,DEV_INA20060083,CONNIE JEAN CROSSING PHASE I,2006,32,SAC_00777,INA20060083,DEV_INA20060083,INA20060083,1,retain_current_development,not_approved,FALSE
SAQ_0398,DEV_INA20070075,CONNIE JEAN CROSSING PHASE II,2007,32,SAC_00778,INA20070075,DEV_INA20070075,INA20070075,1,retain_current_development,not_approved,FALSE
SAQ_0399,DEV_INA20020027,EMERSON HOUSING,2002,44,SAC_00779,INA20020027,DEV_INA20020027,INA20020027,1,retain_current_development,not_approved,FALSE
SAQ_0399,DEV_INA20030130,LANCASTER,2003,60,SAC_00780,INA20030130,DEV_INA20030130,INA20030130,1,retain_current_development,not_approved,FALSE
SAQ_0400,DEV_INA19950152,ST JOHN HOMES,1995,144,SAC_00781,INA19950152,DEV_INA19950152,INA19950152,1,retain_current_development,not_approved,FALSE
SAQ_0400,DEV_INA20060086,HOMEWOOD VILLAGE,2006,92,SAC_00782,INA20060086,DEV_INA20060086,INA20060086,1,retain_current_development,not_approved,FALSE
SAQ_0401,DEV_INA20110100,TROTTERS POINTE PHASE III,2011,96,SAC_00783,INA20110100,DEV_INA20110100,INA20110100,1,retain_current_development,not_approved,FALSE
SAQ_0401,DEV_INA20140120,TROTTERS POINTE PHASE IV,2014,24,SAC_00784,INA20140120,DEV_INA20140120,INA20140120,1,retain_current_development,not_approved,FALSE
SAQ_0402,DEV_INA19930060,DOUGLAS POINTE APTS I,1993,108,SAC_00785,INA19930060,DEV_INA19930060,INA19930060,1,retain_current_development,not_approved,FALSE
SAQ_0402,DEV_INA19950065,DOUGLAS POINTE APTS II,1995,112,SAC_00786,INA19950065,DEV_INA19950065,INA19950065,1,retain_current_development,not_approved,FALSE
SAQ_0402,DEV_INA19960052,DOUGLAS POINTE APTS III,1996,64,SAC_00787,INA19960052,DEV_INA19960052,INA19960052,1,retain_current_development,not_approved,FALSE
SAQ_0403,DEV_INA19970130,MERIDIAN,1997,49,SAC_00788,INA19970130,DEV_INA19970130,INA19970130,2,merge_to_review_cluster,not_approved,FALSE
SAQ_0403,DEV_INA20150012,THE MERIDIAN APARTMENTS,2015,49,SAC_00788,INA20150012,DEV_INA19970130,INA19970130,2,merge_to_review_cluster,not_approved,FALSE
SAQ_0404,DEV_INA20193167,AMBER WOODS IV,2019,50,SAC_00789,INA20193167,DEV_INA20193167,INA20193167,1,retain_current_development,not_approved,FALSE
SAQ_0404,DEV_INA20202165,AMBER WOODS II,2020,42,SAC_00790,INA20202165,DEV_INA20202165,INA20202165,1,retain_current_development,not_approved,FALSE
SAQ_0404,DEV_INA20202166,AMBER WOODS III,2020,50,SAC_00791,INA20202166,DEV_INA20202166,INA20202166,1,retain_current_development,not_approved,FALSE
SAQ_0404,DEV_INA20202167,AMBER WOODS V,2020,50,SAC_00792,INA20202167,DEV_INA20202167,INA20202167,1,retain_current_development,not_approved,FALSE
SAQ_0405,DEV_INA19940118,MAPLETON FALL CREEK (MFC) RECLAMATION I,1994,32,SAC_00793,INA19940118,DEV_INA19940118,INA19940118,1,retain_current_development,not_approved,FALSE
SAQ_0405,DEV_INA19950110,MAPLETON FALL CREEK (MFC) RECLAMATION II,1995,33,SAC_00794,INA19950110,DEV_INA19950110,INA19950110,1,retain_current_development,not_approved,FALSE
SAQ_0405,DEV_INA19980070,MAPLETON FALL CREEK (MFC) RECLAMATION III,1998,28,SAC_00795,INA19980070,DEV_INA19980070,INA19980070,1,retain_current_development,not_approved,FALSE
SAQ_0406,DEV_INA19970155,WILLIAM PENN COMMONS,1997,39,SAC_00796,INA19970155,DEV_INA19970155,INA19970155,1,retain_current_development,not_approved,FALSE
SAQ_0406,DEV_INA19990107,SOUTHSIDE PARTNERS I,1999,31,SAC_00797,INA19990107,DEV_INA19990107,INA19990107,1,retain_current_development,not_approved,FALSE
SAQ_0407,DEV_INA19870007,EASTSIDE EQUITY FUND I,1987,11,SAC_00798,INA19870007,DEV_INA19870007,INA19870007,1,retain_current_development,not_approved,FALSE
SAQ_0407,DEV_INA19870008,EASTSIDE EQUITY FUND II,1987,7,SAC_00799,INA19870008,DEV_INA19870008,INA19870008,1,retain_current_development,not_approved,FALSE
SAQ_0407,DEV_INA19910054,EASTSIDE EQUITY FUND V - A,1991,2,SAC_00800,INA19910054,DEV_INA19910054,INA19910054,1,retain_current_development,not_approved,FALSE
SAQ_0408,DEV_INA20050005,RED MAPLE GROVE I,2005,40,SAC_00801,INA20050005,DEV_INA20050005,INA20050005,1,retain_current_development,not_approved,FALSE
SAQ_0408,DEV_INA20070030,BROKENBURR IIA,2007,60,SAC_00802,INA20070030,DEV_INA20070030,INA20070030,1,retain_current_development,not_approved,FALSE
SAQ_0408,DEV_INA20080095,RED MAPLE GROVE IIB,2008,65,SAC_00803,INA20080095,DEV_INA20080095,INA20080095,1,retain_current_development,not_approved,FALSE
SAQ_0409,DEV_INA20060055,NEW PARKWOODS II-A,2006,60,SAC_00804,INA20060055,DEV_INA20060055,INA20060055,1,retain_current_development,not_approved,FALSE
SAQ_0409,DEV_INA20070165,NEW PARKWOODS II-B LP,2007,64,SAC_00805,INA20070165,DEV_INA20070165,INA20070165,1,retain_current_development,not_approved,FALSE
SAQ_0409,DEV_INA20070170,NEW PARKWOODS III,2007,76,SAC_00806,INA20070170,DEV_INA20070170,INA20070170,1,retain_current_development,not_approved,FALSE
SAQ_0410,DEV_INA20030095,MARTIN LUTHER KING HOMES,2003,25,SAC_00807,INA20030095,DEV_INA20030095,INA20030095,1,retain_current_development,not_approved,FALSE
SAQ_0410,DEV_INA20050050,NORTHAMPTON VILLAGE,2005,90,SAC_00808,INA20050050,DEV_INA20050050,INA20050050,1,retain_current_development,not_approved,FALSE
SAQ_0411,DEV_INA19930085,GEORGETOWN WOODS SENIOR APTS,1993,90,SAC_00809,INA19930085,DEV_INA19930085,INA19930085,1,retain_current_development,not_approved,FALSE
SAQ_0411,DEV_INA19930130,OXFORD TERRACE HOMES III,1993,26,SAC_00810,INA19930130,DEV_INA19930130,INA19930130,1,retain_current_development,not_approved,FALSE
SAQ_0412,DEV_INA20030045,CANTERBURY HOUSE APTS I (INDIANAPOLIS),2003,64,SAC_00811,INA20030045,DEV_INA20030045,INA20030045,1,retain_current_development,not_approved,FALSE
SAQ_0412,DEV_INA20060082,CANTERBURY HOUSE APTS II (INDIANAPOLIS),2006,46,SAC_00812,INA20060082,DEV_INA20060082,INA20060082,1,retain_current_development,not_approved,FALSE
SAQ_0413,DEV_INA19930055,DEERFIELD APTS I,1993,40,SAC_00813,INA19930055,DEV_INA19930055,INA19930055,1,retain_current_development,not_approved,FALSE
SAQ_0413,DEV_INA19940032,DEERFIELD APTS II,1994,40,SAC_00814,INA19940032,DEV_INA19940032,INA19940032,1,retain_current_development,not_approved,FALSE
SAQ_0414,DEV_INA19990005,AMBERWOOD PLACE I,1999,112,SAC_00815,INA19990005,DEV_INA19990005,INA19990005,1,retain_current_development,not_approved,FALSE
SAQ_0414,DEV_INA20020005,AMBERWOOD PLACE II,2002,40,SAC_00816,INA20020005,DEV_INA20020005,INA20020005,1,retain_current_development,not_approved,FALSE
SAQ_0415,DEV_INA19980090,SUMMERSET APTS PHASE I,1998,40,SAC_00817,INA19980090,DEV_INA19980090,INA19980090,1,retain_current_development,not_approved,FALSE
SAQ_0415,DEV_INA20020071,SUMMERSET APTS PHASE II,2002,40,SAC_00818,INA20020071,DEV_INA20020071,INA20020071,1,retain_current_development,not_approved,FALSE
SAQ_0416,DEV_INA20050108,MAPLE TREE APTS I,2005,68,SAC_00819,INA20050108,DEV_INA20050108,INA20050108,1,retain_current_development,not_approved,FALSE
SAQ_0416,DEV_INA20060090,MAPLE TREE APTS II,2006,92,SAC_00820,INA20060090,DEV_INA20060090,INA20060090,1,retain_current_development,not_approved,FALSE
SAQ_0417,DEV_INA19950060,DEER RUN APTS,1995,84,SAC_00821,INA19950060,DEV_INA19950060,INA19950060,1,retain_current_development,not_approved,FALSE
SAQ_0417,DEV_INA20129177,DEER RUN APARTMENTS II,2012,84,SAC_00822,INA20129177,DEV_INA20129177,INA20129177,1,retain_current_development,not_approved,FALSE
SAQ_0418,DEV_INA19910031,MEADOW BROOK SENIOR APTS PHASE II,1991,24,SAC_00823,INA19910031,DEV_INA19910031,INA19910031,1,retain_current_development,not_approved,FALSE
SAQ_0418,DEV_INA20129165,GREENE COUNTY III,2012,89,SAC_00824,INA20129165,DEV_INA20129165,INA20129165,1,retain_current_development,not_approved,FALSE
SAQ_0419,DEV_INA20010001,ARBORS AT IRONWOOD APTS II,2001,40,SAC_00825,INA20010001,DEV_INA20010001,INA20010001,1,retain_current_development,not_approved,FALSE
SAQ_0419,DEV_INA20010082,ARBORS AT IRONWOOD APTS I,2001,88,SAC_00826,INA20010082,DEV_INA20010082,INA20010082,1,retain_current_development,not_approved,FALSE
SAQ_0419,DEV_INA20193173,IRONWOOD VILLAGE APARTMENTS,2019,128,SAC_00827,INA20193173,DEV_INA20193173,INA20193173,1,retain_current_development,not_approved,FALSE
SAQ_0420,DEV_INA20000010,CREEKSIDE APTS I,2000,68,SAC_00828,INA20000010,DEV_INA20000010,INA20000010,1,retain_current_development,not_approved,FALSE
SAQ_0420,DEV_INA20010035,CREEKSIDE APTS II,2001,52,SAC_00829,INA20010035,DEV_INA20010035,INA20010035,1,retain_current_development,not_approved,FALSE
SAQ_0421,DEV_INA20030092,MILLENNIUM PLACE I,2003,30,SAC_00830,INA20030092,DEV_INA20030092,INA20030092,1,retain_current_development,not_approved,FALSE
SAQ_0421,DEV_INA20050047,MILLENNIUM PLACE II,2005,55,SAC_00831,INA20050047,DEV_INA20050047,INA20050047,1,retain_current_development,not_approved,FALSE
SAQ_0421,DEV_INA20060091,MILLENNIUM PLACE III,2006,35,SAC_00832,INA20060091,DEV_INA20060091,INA20060091,1,retain_current_development,not_approved,FALSE
SAQ_0421,DEV_INA20070150,MILLENNIUM PLACE IV,2007,40,SAC_00833,INA20070150,DEV_INA20070150,INA20070150,1,retain_current_development,not_approved,FALSE
SAQ_0421,DEV_INA20090055,HISTORIC MUNCIE APTS,2009,35,SAC_00834,INA20090055,DEV_INA20090055,INA20090055,1,retain_current_development,not_approved,FALSE
SAQ_0422,DEV_INA19920155,PRESTWICK SQUARE OF NEW ALBANY I,1992,52,SAC_00835,INA19920155,DEV_INA19920155,INA19920155,1,retain_current_development,not_approved,FALSE
SAQ_0422,DEV_INA19930147,PRESTWICK SQUARE OF NEW ALBANY II,1993,20,SAC_00836,INA19930147,DEV_INA19930147,INA19930147,1,retain_current_development,not_approved,FALSE
SAQ_0423,DEV_INA19960145,SPRINGVIEW APTS PHASE I,1996,96,SAC_00837,INA19960145,DEV_INA19960145,INA19960145,1,retain_current_development,not_approved,FALSE
SAQ_0423,DEV_INA20060070,SPRINGVIEW APTS PHASE II,2006,66,SAC_00838,INA20060070,DEV_INA20060070,INA20060070,1,retain_current_development,not_approved,FALSE
SAQ_0424,DEV_INA19960225,SHARON WOODS APTS I,1996,32,SAC_00839,INA19960225,DEV_INA19960225,INA19960225,1,retain_current_development,not_approved,FALSE
SAQ_0424,DEV_INA20030120,SHARON WOODS APTS II,2003,24,SAC_00840,INA20030120,DEV_INA20030120,INA20030120,1,retain_current_development,not_approved,FALSE
SAQ_0425,DEV_INA20050104,CANTERBURY HOUSE APTS I (NEWBURGH),2005,68,SAC_00841,INA20050104,DEV_INA20050104,INA20050104,1,retain_current_development,not_approved,FALSE
SAQ_0425,DEV_INA20080025,CANTERBURY HOUSE II (NEWBURGH),2008,65,SAC_00842,INA20080025,DEV_INA20080025,INA20080025,1,retain_current_development,not_approved,FALSE
SAQ_0426,DEV_INA20050098,DEER CHASE APTS I,2005,144,SAC_00843,INA20050098,DEV_INA20050098,INA20050098,1,retain_current_development,not_approved,FALSE
SAQ_0426,DEV_INA20060084,DEER CHASE APTS II,2006,144,SAC_00844,INA20060084,DEV_INA20060084,INA20060084,1,retain_current_development,not_approved,FALSE
SAQ_0427,DEV_INA19960222,GLADDEN FARMS APTS I,1996,140,SAC_00845,INA19960222,DEV_INA19960222,INA19960222,1,retain_current_development,not_approved,FALSE
SAQ_0427,DEV_INA19970060,GLADDEN FARMS APTS II,1997,80,SAC_00846,INA19970060,DEV_INA19970060,INA19970060,1,retain_current_development,not_approved,FALSE
SAQ_0428,DEV_INA19900044,PORT CROSSING APTS I,1990,160,SAC_00847,INA19900044,DEV_INA19900044,INA19900044,1,retain_current_development,not_approved,FALSE
SAQ_0428,DEV_INA19950135,PORT CROSSING APTS II,1995,96,SAC_00848,INA19950135,DEV_INA19950135,INA19950135,1,retain_current_development,not_approved,FALSE
SAQ_0428,DEV_INA19960140,PORT CROSSING APTS III,1996,176,SAC_00849,INA19960140,DEV_INA19960140,INA19960140,1,retain_current_development,not_approved,FALSE
SAQ_0429,DEV_INA19870014,REDKEY APTS,1987,16,SAC_00850,INA19870014,DEV_INA19870014,INA19870014,2,merge_to_review_cluster,not_approved,FALSE
SAQ_0429,DEV_INA19870022,WESTWIND APTS,1987,16,SAC_00850,INA19870022,DEV_INA19870014,INA19870014,2,merge_to_review_cluster,not_approved,FALSE
SAQ_0430,DEV_INA20010070,MADISON COTTAGES OF RENSSELAER I,2001,38,SAC_00851,INA20010070,DEV_INA20010070,INA20010070,1,retain_current_development,not_approved,FALSE
SAQ_0430,DEV_INA20030090,MADISON COTTAGES OF RENSSELAER II,2003,33,SAC_00852,INA20030090,DEV_INA20030090,INA20030090,1,retain_current_development,not_approved,FALSE
SAQ_0431,DEV_INA20020008,ASPEN MEADOWS I,2002,32,SAC_00853,INA20020008,DEV_INA20020008,INA20020008,1,retain_current_development,not_approved,FALSE
SAQ_0431,DEV_INA20030025,ASPEN MEADOWS II,2003,16,SAC_00854,INA20030025,DEV_INA20030025,INA20030025,1,retain_current_development,not_approved,FALSE
SAQ_0432,DEV_INA19910029,LOPER COMMONS APTS I,1991,98,SAC_00855,INA19910029,DEV_INA19910029,INA19910029,1,retain_current_development,not_approved,FALSE
SAQ_0432,DEV_INA19960105,LOPER COMMONS APTS II,1996,48,SAC_00856,INA19960105,DEV_INA19960105,INA19960105,1,retain_current_development,not_approved,FALSE
SAQ_0433,DEV_INA20030005,ARBORS AT BELLEVILLE PARK I,2003,104,SAC_00857,INA20030005,DEV_INA20030005,INA20030005,1,retain_current_development,not_approved,FALSE
SAQ_0433,DEV_INA20040005,ARBORS AT BELLEVILLE PARK II,2004,64,SAC_00858,INA20040005,DEV_INA20040005,INA20040005,1,retain_current_development,not_approved,FALSE
SAQ_0433,DEV_INA20070005,ARBORS AT BELLEVILLE PARK III,2007,40,SAC_00859,INA20070005,DEV_INA20070005,INA20070005,1,retain_current_development,not_approved,FALSE
SAQ_0434,DEV_INA20080090,PRAIRIE APTS PHASE I,2008,108,SAC_00860,INA20080090,DEV_INA20080090,INA20080090,1,retain_current_development,not_approved,FALSE
SAQ_0434,DEV_INA20119221,PRAIRIE APTS PHASE II,2011,96,SAC_00861,INA20119221,DEV_INA20119221,INA20119221,1,retain_current_development,not_approved,FALSE
SAQ_0435,DEV_INA19930100,HUNTER'S POINTE I,1993,100,SAC_00862,INA19930100,DEV_INA19930100,INA19930100,1,retain_current_development,not_approved,FALSE
SAQ_0435,DEV_INA19950095,HUNTER'S POINTE II,1995,52,SAC_00863,INA19950095,DEV_INA19950095,INA19950095,1,retain_current_development,not_approved,FALSE
SAQ_0436,DEV_INA20020065,MASTERS APTS I,2002,96,SAC_00864,INA20020065,DEV_INA20020065,INA20020065,1,retain_current_development,not_approved,FALSE
SAQ_0436,DEV_INA20080110,MASTERS APTS II,2008,64,SAC_00865,INA20080110,DEV_INA20080110,INA20080110,1,retain_current_development,not_approved,FALSE
SAQ_0437,DEV_INA20030050,CANTERBURY HOUSE APTS I (WARSAW),2003,80,SAC_00866,INA20030050,DEV_INA20030050,INA20030050,1,retain_current_development,not_approved,FALSE
SAQ_0437,DEV_INA20050105,CANTERBURY HOUSE APTS II (WARSAW),2005,68,SAC_00867,INA20050105,DEV_INA20050105,INA20050105,1,retain_current_development,not_approved,FALSE
SAQ_0438,DEV_INA20000053,NORTH DEARBORN VILLAGE I APTS,2000,54,SAC_00868,INA20000053,DEV_INA20000053,INA20000053,1,retain_current_development,not_approved,FALSE
SAQ_0438,DEV_INA20030085,NORTH DEARBORN VILLAGE II,2003,26,SAC_00869,INA20030085,DEV_INA20030085,INA20030085,1,retain_current_development,not_approved,FALSE
SAQ_0439,DEV_KSA19990010,BONNER HIGHLANDS APTS I,1999,48,SAC_00870,KSA19990010,DEV_KSA19990010,KSA19990010,1,retain_current_development,not_approved,FALSE
SAQ_0439,DEV_KSA20060025,BONNER HIGHLANDS APTS II,2006,36,SAC_00871,KSA20060025,DEV_KSA20060025,KSA20060025,1,retain_current_development,not_approved,FALSE
SAQ_0440,DEV_KSA19900085,VALLEY VIEW VILLAGE APTS IV,1990,24,SAC_00872,KSA19900085,DEV_KSA19900085,KSA19900085,1,retain_current_development,not_approved,FALSE
SAQ_0440,DEV_KSA19910100,VALLEY VIEW VILLAGE APTS,1991,24,SAC_00873,KSA19910100,DEV_KSA19910100,KSA19910100,1,retain_current_development,not_approved,FALSE
SAQ_0441,DEV_KSA20040160,VALLEY SPRINGS SENIOR HOUSING I,2004,52,SAC_00874,KSA20040160,DEV_KSA20040160,KSA20040160,1,retain_current_development,not_approved,FALSE
SAQ_0441,DEV_KSA20140600,VALLEY SPRINGS SENIOR HOUSING II,2014,28,SAC_00875,KSA20140600,DEV_KSA20140600,KSA20140600,1,retain_current_development,not_approved,FALSE
SAQ_0442,DEV_KSA19910050,SPRING CREEK APTS I,1991,72,SAC_00876,KSA19910050,DEV_KSA19910050,KSA19910050,1,retain_current_development,not_approved,FALSE
SAQ_0442,DEV_KSA19920090,SPRING CREEK APTS II,1992,50,SAC_00877,KSA19920090,DEV_KSA19920090,KSA19920090,1,retain_current_development,not_approved,FALSE
SAQ_0443,DEV_KSA19950110,WALNUT RIVER APTS PHASE I,1995,76,SAC_00878,KSA19950110,DEV_KSA19950110,KSA19950110,1,retain_current_development,not_approved,FALSE
SAQ_0443,DEV_KSA20010105,WALNUT RIVER APTS PHASE II,2001,48,SAC_00879,KSA20010105,DEV_KSA20010105,KSA20010105,1,retain_current_development,not_approved,FALSE
SAQ_0444,DEV_KSA20120800,THE RESERVES AT PRAIRIE RIDGE I,2012,32,SAC_00880,KSA20120800,DEV_KSA20120800,KSA20120800,1,retain_current_development,not_approved,FALSE
SAQ_0444,DEV_KSA20140599,THE RESERVES AT PRAIRIE RIDGE II,2014,32,SAC_00881,KSA20140599,DEV_KSA20140599,KSA20140599,1,retain_current_development,not_approved,FALSE
SAQ_0445,DEV_KSA20060185,WALNUT CREEK APTS,2006,12,SAC_00882,KSA20060185,DEV_KSA20060185,KSA20060185,2,merge_to_review_cluster,not_approved,FALSE
SAQ_0445,DEV_KSA20060190,WALNUT GLENN APTS,2006,12,SAC_00882,KSA20060190,DEV_KSA20060185,KSA20060185,2,merge_to_review_cluster,not_approved,FALSE
SAQ_0446,DEV_KSA19980135,SUNDANCE OF HAYS I,1998,40,SAC_00883,KSA19980135,DEV_KSA19980135,KSA19980135,1,retain_current_development,not_approved,FALSE
SAQ_0446,DEV_KSA20000165,SUNDANCE OF HAYS II,2000,16,SAC_00884,KSA20000165,DEV_KSA20000165,KSA20000165,1,retain_current_development,not_approved,FALSE
SAQ_0447,DEV_KSA20010010,EVERGREEN PARK TOWNHOMES,2001,16,SAC_00885,KSA20010010,DEV_KSA20010010,KSA20010010,1,retain_current_development,not_approved,FALSE
SAQ_0447,DEV_KSA20030055,EVERGREEN PARK TOWNHOMES PHASE II,2003,8,SAC_00886,KSA20030055,DEV_KSA20030055,KSA20030055,1,retain_current_development,not_approved,FALSE
SAQ_0448,DEV_KSA19970065,PRAIRIE VILLAGE RESIDENCES I,1997,72,SAC_00887,KSA19970065,DEV_KSA19970065,KSA19970065,1,retain_current_development,not_approved,FALSE
SAQ_0448,DEV_KSA19980040,PRAIRIE VILLAGE RESIDENCES II,1998,32,SAC_00888,KSA19980040,DEV_KSA19980040,KSA19980040,1,retain_current_development,not_approved,FALSE
SAQ_0448,DEV_KSA20000075,PRAIRIE VILLAGE RESIDENCES III,2000,32,SAC_00889,KSA20000075,DEV_KSA20000075,KSA20000075,1,retain_current_development,not_approved,FALSE
SAQ_0449,DEV_KSA20110055,HICKORY HILLS RESIDENCES I,2011,80,SAC_00890,KSA20110055,DEV_KSA20110055,KSA20110055,1,retain_current_development,not_approved,FALSE
SAQ_0449,DEV_KSA20120030,HICKORY HILLS RESIDENCES II,2012,40,SAC_00891,KSA20120030,DEV_KSA20120030,KSA20120030,1,retain_current_development,not_approved,FALSE
SAQ_0450,DEV_KSA19890070,WESTKAN APTS III,1989,36,SAC_00892,KSA19890070,DEV_KSA19890070,KSA19890070,1,retain_current_development,not_approved,FALSE
SAQ_0450,DEV_KSA19900060,WESTKAN APTS IV,1990,16,SAC_00893,KSA19900060,DEV_KSA19900060,KSA19900060,1,retain_current_development,not_approved,FALSE
SAQ_0451,DEV_KSA20060055,FIELDSTONE APTS PHASE I,2006,48,SAC_00894,KSA20060055,DEV_KSA20060055,KSA20060055,1,retain_current_development,not_approved,FALSE
SAQ_0451,DEV_KSA20080027,FIELDSTONE APTS PHASE II,2008,48,SAC_00895,KSA20080027,DEV_KSA20080027,KSA20080027,1,retain_current_development,not_approved,FALSE
SAQ_0451,DEV_KSA20120025,FIELDSTONE APTS PHASE III,2012,48,SAC_00896,KSA20120025,DEV_KSA20120025,KSA20120025,1,retain_current_development,not_approved,FALSE
SAQ_0452,DEV_KSA00000042,TUTTLE CREEK RESIDENCES,,15,SAC_00897,KSA00000042,DEV_KSA00000042,KSA00000042,1,retain_current_development,not_approved,FALSE
SAQ_0452,DEV_KSA20040155,COUNTRY MEADOW RESIDENCES,2004,108,SAC_00898,KSA20040155,DEV_KSA20040155,KSA20040155,1,retain_current_development,not_approved,FALSE
SAQ_0453,DEV_KSA20060060,GARDENS AT FLINT HILLS,2006,48,SAC_00899,KSA20060060,DEV_KSA20060060,KSA20060060,1,retain_current_development,not_approved,FALSE
SAQ_0453,DEV_KSA20070080,FLINT HILLS REHAB,2007,58,SAC_00900,KSA20070080,DEV_KSA20070080,KSA20070080,1,retain_current_development,not_approved,FALSE
SAQ_0454,DEV_KSA19940030,MEADOWBROOK APTS,1994,68,SAC_00901,KSA19940030,DEV_KSA19940030,KSA19940030,1,retain_current_development,not_approved,FALSE
SAQ_0454,DEV_KSA20010095,SOUTH PARK APTS II,2001,60,SAC_00902,KSA20010095,DEV_KSA20010095,KSA20010095,1,retain_current_development,not_approved,FALSE
SAQ_0455,DEV_KSA19880145,TERRACE APTS,1988,84,SAC_00903,KSA19880145,DEV_KSA19880145,KSA19880145,1,retain_current_development,not_approved,FALSE
SAQ_0455,DEV_KSA19950105,TORRIES CHASE,1995,99,SAC_00904,KSA19950105,DEV_KSA19950105,KSA19950105,1,retain_current_development,not_approved,FALSE
SAQ_0456,DEV_KSA19950030,HIDDEN MEADOWS I,1995,56,SAC_00905,KSA19950030,DEV_KSA19950030,KSA19950030,1,retain_current_development,not_approved,FALSE
SAQ_0456,DEV_KSA19960015,HIDDEN MEADOWS II,1996,16,SAC_00906,KSA19960015,DEV_KSA19960015,KSA19960015,1,retain_current_development,not_approved,FALSE
SAQ_0457,DEV_KSA20030030,COUNTRY PARK RESIDENCES I,2003,80,SAC_00907,KSA20030030,DEV_KSA20030030,KSA20030030,1,retain_current_development,not_approved,FALSE
SAQ_0457,DEV_KSA20100020,COUNTRY PARK RESIDENCES II,2010,28,SAC_00908,KSA20100020,DEV_KSA20100020,KSA20100020,1,retain_current_development,not_approved,FALSE
SAQ_0458,DEV_KSA19970140,SALINA CHAPEL RIDGE APTS I,1997,88,SAC_00909,KSA19970140,DEV_KSA19970140,KSA19970140,1,retain_current_development,not_approved,FALSE
SAQ_0458,DEV_KSA19990205,SALINA CHAPEL RIDGE APTS II,1999,152,SAC_00910,KSA19990205,DEV_KSA19990205,KSA19990205,1,retain_current_development,not_approved,FALSE
SAQ_0459,DEV_KSA20050115,THE RESERVES AT PRAIRIE GLEN I,2005,48,SAC_00911,KSA20050115,DEV_KSA20050115,KSA20050115,1,retain_current_development,not_approved,FALSE
SAQ_0459,DEV_KSA20060160,THE RESERVES AT PRAIRIE GLEN II,2006,48,SAC_00912,KSA20060160,DEV_KSA20060160,KSA20060160,1,retain_current_development,not_approved,FALSE
SAQ_0460,DEV_KSA19880150,VILLA WEST APTS I,1988,56,SAC_00913,KSA19880150,DEV_KSA19880150,KSA19880150,1,retain_current_development,not_approved,FALSE
SAQ_0460,DEV_KSA19890060,VILLA WEST APTS II,1989,60,SAC_00914,KSA19890060,DEV_KSA19890060,KSA19890060,1,retain_current_development,not_approved,FALSE
SAQ_0460,DEV_KSA19900055,VILLA WEST APTS III,1990,80,SAC_00915,KSA19900055,DEV_KSA19900055,KSA19900055,1,retain_current_development,not_approved,FALSE
SAQ_0460,DEV_KSA19910105,VILLA WEST APTS IV,1991,60,SAC_00916,KSA19910105,DEV_KSA19910105,KSA19910105,1,retain_current_development,not_approved,FALSE
SAQ_0461,DEV_KSA20050080,ROSEHILL APTS I,2005,48,SAC_00917,KSA20050080,DEV_KSA20050080,KSA20050080,1,retain_current_development,not_approved,FALSE
SAQ_0461,DEV_KSA20050170,ROSEHILL APTS II,2005,36,SAC_00918,KSA20050170,DEV_KSA20050170,KSA20050170,1,retain_current_development,not_approved,FALSE
SAQ_0462,DEV_KSA20000070,NORTHROCK APTS I,2000,52,SAC_00919,KSA20000070,DEV_KSA20000070,KSA20000070,1,retain_current_development,not_approved,FALSE
SAQ_0462,DEV_KSA20010165,NORTHROCK APTS II,2001,38,SAC_00920,KSA20010165,DEV_KSA20010165,KSA20010165,1,retain_current_development,not_approved,FALSE
SAQ_0462,DEV_KSA20030100,NORTHROCK APTS III,2003,32,SAC_00921,KSA20030100,DEV_KSA20030100,KSA20030100,1,retain_current_development,not_approved,FALSE
SAQ_0463,DEV_KSA19930075,SOUTHBROOK VILLAGE,1993,76,SAC_00922,KSA19930075,DEV_KSA19930075,KSA19930075,1,retain_current_development,not_approved,FALSE
SAQ_0463,DEV_KSA19940060,SOUTHBROOK VILLAGE II,1994,74,SAC_00923,KSA19940060,DEV_KSA19940060,KSA19940060,1,retain_current_development,not_approved,FALSE
SAQ_0463,DEV_KSA19950070,SOUTHBROOK VILLAGE IIIA,1995,28,SAC_00924,KSA19950070,DEV_KSA19950070,KSA19950070,1,retain_current_development,not_approved,FALSE
SAQ_0463,DEV_KSA19960085,SOUTHBROOK VILLAGE IIIB,1996,49,SAC_00925,KSA19960085,DEV_KSA19960085,KSA19960085,1,retain_current_development,not_approved,FALSE
SAQ_0464,DEV_KSA00000034,SUNFLOWER GARDENS PHASE II,,18,SAC_00926,KSA00000034,DEV_KSA00000034,KSA00000034,1,retain_current_development,not_approved,FALSE
SAQ_0464,DEV_KSA20040145,SUNFLOWER GARDENS,2004,18,SAC_00927,KSA20040145,DEV_KSA20040145,KSA20040145,1,retain_current_development,not_approved,FALSE
SAQ_0465,DEV_KSA20080040,HOPE PROPERTIES III,2008,32,SAC_00928,KSA20080040,DEV_KSA20080040,KSA20080040,1,retain_current_development,not_approved,FALSE
SAQ_0465,DEV_KSA20080514,MULLEN COURT,2008,32,SAC_00929,KSA20080514,DEV_KSA20080514,KSA20080514,1,retain_current_development,not_approved,FALSE
SAQ_0466,DEV_KSA19960065,PINECREST VILLAGE I,1996,117,SAC_00930,KSA19960065,DEV_KSA19960065,KSA19960065,1,retain_current_development,not_approved,FALSE
SAQ_0466,DEV_KSA19970050,PINECREST VILLAGE II (WICHITA),1997,40,SAC_00931,KSA19970050,DEV_KSA19970050,KSA19970050,1,retain_current_development,not_approved,FALSE
SAQ_0467,DEV_KSA19890075,WILLIAMSBURG RESIDENTIAL I,1989,70,SAC_00932,KSA19890075,DEV_KSA19890075,KSA19890075,1,retain_current_development,not_approved,FALSE
SAQ_0467,DEV_KSA19900070,WILLIAMSBURG RESIDENTIAL II,1990,56,SAC_00933,KSA19900070,DEV_KSA19900070,KSA19900070,1,retain_current_development,not_approved,FALSE
SAQ_0468,DEV_KSA19880050,CROSS CREEK APART I,1988,50,SAC_00934,KSA19880050,DEV_KSA19880050,KSA19880050,1,retain_current_development,not_approved,FALSE
SAQ_0468,DEV_KSA19890025,CROSS CREEK APART II,1989,60,SAC_00935,KSA19890025,DEV_KSA19890025,KSA19890025,1,retain_current_development,not_approved,FALSE
SAQ_0468,DEV_KSA19890030,CROSS CREEK APART III,1989,36,SAC_00936,KSA19890030,DEV_KSA19890030,KSA19890030,1,retain_current_development,not_approved,FALSE
SAQ_0468,DEV_KSA19910025,CROSS CREEK IV,1991,60,SAC_00937,KSA19910025,DEV_KSA19910025,KSA19910025,1,retain_current_development,not_approved,FALSE
SAQ_0468,DEV_KSA19920010,CROSS CREEK V,1992,68,SAC_00938,KSA19920010,DEV_KSA19920010,KSA19920010,1,retain_current_development,not_approved,FALSE
SAQ_0469,DEV_KSA19930005,BERKSHIRE APTS III,1993,56,SAC_00939,KSA19930005,DEV_KSA19930005,KSA19930005,1,retain_current_development,not_approved,FALSE
SAQ_0469,DEV_KSA19930010,BERKSHIRE APTS IV,1993,40,SAC_00940,KSA19930010,DEV_KSA19930010,KSA19930010,1,retain_current_development,not_approved,FALSE
SAQ_0470,DEV_KSA19890015,BERKSHIRE APTS I,1989,90,SAC_00941,KSA19890015,DEV_KSA19890015,KSA19890015,1,retain_current_development,not_approved,FALSE
SAQ_0470,DEV_KSA19900005,BERKSHIRE APTS II,1990,66,SAC_00942,KSA19900005,DEV_KSA19900005,KSA19900005,1,retain_current_development,not_approved,FALSE
SAQ_0471,DEV_LAA20110010,ABITA EAST APTS,2011,32,SAC_00943,LAA20110010,DEV_LAA20110010,LAA20110010,2,merge_to_review_cluster,not_approved,FALSE
SAQ_0471,DEV_LAA20110849,ABITA EAST APARTMENTS,2011,32,SAC_00943,LAA20110849,DEV_LAA20110010,LAA20110010,2,merge_to_review_cluster,not_approved,FALSE
SAQ_0472,DEV_LAA20049011,RIVER BEND SUBDIVISION,2004,64,SAC_00944,LAA20049011,DEV_LAA20049011,LAA20049011,1,retain_current_development,not_approved,FALSE
SAQ_0472,DEV_LAA20070096,RIVER BEND SUBDIVISION II,2007,26,SAC_00945,LAA20070096,DEV_LAA20070096,LAA20070096,1,retain_current_development,not_approved,FALSE
SAQ_0472,DEV_LAA20070097,RIVER BEND SUBDIVISION III,2007,26,SAC_00946,LAA20070097,DEV_LAA20070097,LAA20070097,1,retain_current_development,not_approved,FALSE
SAQ_0472,DEV_LAA20080265,PIN OAK CROSSING,2008,22,SAC_00947,LAA20080265,DEV_LAA20080265,LAA20080265,1,retain_current_development,not_approved,FALSE
SAQ_0472,DEV_LAA20080310,SILVER LEAF ESTATES,2008,22,SAC_00948,LAA20080310,DEV_LAA20080310,LAA20080310,1,retain_current_development,not_approved,FALSE
SAQ_0473,DEV_LAA20070062,LAWSON HEIGHTS I,2007,24,SAC_00949,LAA20070062,DEV_LAA20070062,LAA20070062,1,retain_current_development,not_approved,FALSE
SAQ_0473,DEV_LAA20070063,LAWSON HEIGHTS II APARTMENTS,2007,24,SAC_00950,LAA20070063,DEV_LAA20070063,LAA20070063,1,retain_current_development,not_approved,FALSE
SAQ_0474,DEV_LAA19920055,HUDSON SQUARE APTS,1992,82,SAC_00951,LAA19920055,DEV_LAA19920055,LAA19920055,2,merge_to_review_cluster,not_approved,FALSE
SAQ_0474,DEV_LAA19929992,HUDSON SQUARE APARTMENTS,1992,82,SAC_00951,LAA19929992,DEV_LAA19920055,LAA19920055,2,merge_to_review_cluster,not_approved,FALSE
SAQ_0475,DEV_LAA19950047,JEFFERSON LAKES II  APARTMENTS,1995,112,SAC_00952,LAA19950047,DEV_LAA19950047,LAA19950047,1,retain_current_development,not_approved,FALSE
SAQ_0475,DEV_LAA20099818,JEFFERSON LAKES I APARTMENTS,2009,296,SAC_00953,LAA20099818,DEV_LAA20099818,LAA20099818,1,retain_current_development,not_approved,FALSE
SAQ_0476,DEV_LAA19970113,ST JEAN I,1997,208,SAC_00954,LAA19970113,DEV_LAA19970113,LAA19970113,1,retain_current_development,not_approved,FALSE
SAQ_0476,DEV_LAA19970114,ST JEAN II,1997,208,SAC_00955,LAA19970114,DEV_LAA19970114,LAA19970114,1,retain_current_development,not_approved,FALSE
SAQ_0477,DEV_LAA20130006,BELT LINE TOWNHOMES (FORMERLY GCHP-MIDCITY),2013,32,SAC_00956,LAA20130006,DEV_LAA20130006,LAA20130006,1,retain_current_development,not_approved,FALSE
SAQ_0477,DEV_LAA20130017,THE CORONA (FORMERLY 1854 NORTH STREET),2013,37,SAC_00957,LAA20130017,DEV_LAA20130017,LAA20130017,1,retain_current_development,not_approved,FALSE
SAQ_0478,DEV_LAA19990093,PELICAN BAY I,1999,52,SAC_00958,LAA19990093,DEV_LAA19990093,LAA19990093,1,retain_current_development,not_approved,FALSE
SAQ_0478,DEV_LAA20000085,PELICAN BAY II,2000,62,SAC_00959,LAA20000085,DEV_LAA20000085,LAA20000085,1,retain_current_development,not_approved,FALSE
SAQ_0478,DEV_LAA20010140,PELICAN BAY III,2001,48,SAC_00960,LAA20010140,DEV_LAA20010140,LAA20010140,1,retain_current_development,not_approved,FALSE
SAQ_0479,DEV_LAA20020053,RESTORATION BATON ROUGE I,2002,32,SAC_00961,LAA20020053,DEV_LAA20020053,LAA20020053,1,retain_current_development,not_approved,FALSE
SAQ_0479,DEV_LAA20040080,RESTORATION BATON ROUGE 2002,2004,56,SAC_00962,LAA20040080,DEV_LAA20040080,LAA20040080,1,retain_current_development,not_approved,FALSE
SAQ_0480,DEV_LAA20090045,CEDAR POINTE SUBDIVISION,2009,80,SAC_00963,LAA20090045,DEV_LAA20090045,LAA20090045,1,retain_current_development,not_approved,FALSE
SAQ_0480,DEV_LAA20100080,OAKWOOD TERRACE SUBDIVISION,2010,60,SAC_00964,LAA20100080,DEV_LAA20100080,LAA20100080,1,retain_current_development,not_approved,FALSE
SAQ_0481,DEV_LAA20040024,AMERICAN DREAM HOMES PHASE I,2004,41,SAC_00965,LAA20040024,DEV_LAA20040024,LAA20040024,1,retain_current_development,not_approved,FALSE
SAQ_0481,DEV_LAA20040025,AMERICAN DREAM HOMES PHASE II,2004,43,SAC_00966,LAA20040025,DEV_LAA20040025,LAA20040025,1,retain_current_development,not_approved,FALSE
SAQ_0482,DEV_LAA20030022,BON CARRE' COURT (MELROSE),2003,172,SAC_00967,LAA20030022,DEV_LAA20030022,LAA20030022,1,retain_current_development,not_approved,FALSE
SAQ_0482,DEV_LAA20040020,MELROSE EAST II,2004,172,SAC_00968,LAA20040020,DEV_LAA20040020,LAA20040020,1,retain_current_development,not_approved,FALSE
SAQ_0483,DEV_LAA19979002,BLANCHARD PLACE II APARTMENTS,1997,32,SAC_00969,LAA19979002,DEV_LAA19979002,LAA19979002,1,retain_current_development,not_approved,FALSE
SAQ_0483,DEV_LAA20010020,BLANCHARD PLACE APTS.,2001,32,SAC_00970,LAA20010020,DEV_LAA20010020,LAA20010020,1,retain_current_development,not_approved,FALSE
SAQ_0484,DEV_LAA19870030,BUNKIE SENIORS APTS I,1987,24,SAC_00971,LAA19870030,DEV_LAA19870030,LAA19870030,1,retain_current_development,not_approved,FALSE
SAQ_0484,DEV_LAA20110030,BUNKIE SRS. APTS. II,2011,32,SAC_00972,LAA20110030,DEV_LAA20110030,LAA20110030,1,retain_current_development,not_approved,FALSE
SAQ_0485,DEV_LAA20070007,BOBBY SMITH SUBDIVISION I SINGLE FAMILY HOUSING,2007,23,SAC_00973,LAA20070007,DEV_LAA20070007,LAA20070007,1,retain_current_development,not_approved,FALSE
SAQ_0485,DEV_LAA20070010,BOBBY SMITH SUBDIVISION II,2007,23,SAC_00974,LAA20070010,DEV_LAA20070010,LAA20070010,1,retain_current_development,not_approved,FALSE
SAQ_0486,DEV_LAA20080025,ASHLEY PLACE II,2008,36,SAC_00975,LAA20080025,DEV_LAA20080025,LAA20080025,1,retain_current_development,not_approved,FALSE
SAQ_0486,DEV_LAA20080030,ASHLEY PLACE III,2008,28,SAC_00976,LAA20080030,DEV_LAA20080030,LAA20080030,1,retain_current_development,not_approved,FALSE
SAQ_0487,DEV_LAA19890065,GIBSLAND VILLAS,1989,24,SAC_00977,LAA19890065,DEV_LAA19890065,LAA19890065,1,retain_current_development,not_approved,FALSE
SAQ_0487,DEV_LAA20100035,GIBSLAND SENIORS APARTMENTS,2010,32,SAC_00978,LAA20100035,DEV_LAA20100035,LAA20100035,1,retain_current_development,not_approved,FALSE
SAQ_0488,DEV_LAA00000480,WEST PARK HOMES PHASE I,,30,SAC_00979,LAA00000480,DEV_LAA00000480,LAA00000480,1,retain_current_development,not_approved,FALSE
SAQ_0488,DEV_LAA00000485,WEST PARK HOMES PHASE III,,24,SAC_00980,LAA00000485,DEV_LAA00000485,LAA00000485,1,retain_current_development,not_approved,FALSE
SAQ_0488,DEV_LAA00000500,WEST PARK HOMES PHASE II,,30,SAC_00981,LAA00000500,DEV_LAA00000500,LAA00000500,1,retain_current_development,not_approved,FALSE
SAQ_0489,DEV_LAA20144012,TERRACE OF HAMMOND,2014,80,SAC_00982,LAA20144012,DEV_LAA20144012,LAA20144012,1,retain_current_development,not_approved,FALSE
SAQ_0489,DEV_LAA20158971,TERRACE OF HAMMOND PHASE II,2015,58,SAC_00983,LAA20158971,DEV_LAA20158971,LAA20158971,1,retain_current_development,not_approved,FALSE
SAQ_0490,DEV_LAA20090816,VALENCIA VILLAS I,2009,30,SAC_00984,LAA20090816,DEV_LAA20090816,LAA20090816,1,retain_current_development,not_approved,FALSE
SAQ_0490,DEV_LAA20090817,VALENCIA VILLAS II,2009,30,SAC_00985,LAA20090817,DEV_LAA20090817,LAA20090817,1,retain_current_development,not_approved,FALSE
SAQ_0491,DEV_LAA19900070,MADISON SQUARE I,1990,168,SAC_00986,LAA19900070,DEV_LAA19900070,LAA19900070,1,retain_current_development,not_approved,FALSE
SAQ_0491,DEV_LAA19910075,MADISON SQAURE II,1991,152,SAC_00987,LAA19910075,DEV_LAA19910075,LAA19910075,1,retain_current_development,not_approved,FALSE
SAQ_0492,DEV_LAA20039011,RESTORATION BATON ROUGE V,2003,23,SAC_00988,LAA20039011,DEV_LAA20039011,LAA20039011,1,retain_current_development,not_approved,FALSE
SAQ_0492,DEV_LAA20040035,BAYBERRY POINT II,2004,23,SAC_00989,LAA20040035,DEV_LAA20040035,LAA20040035,1,retain_current_development,not_approved,FALSE
SAQ_0493,DEV_LAA20070085,QUINN COURT,2007,29,SAC_00990,LAA20070085,DEV_LAA20070085,LAA20070085,1,retain_current_development,not_approved,FALSE
SAQ_0493,DEV_LAA20080215,LOUISE LANDING,2008,56,SAC_00991,LAA20080215,DEV_LAA20080215,LAA20080215,1,retain_current_development,not_approved,FALSE
SAQ_0494,DEV_LAA19990055,FIFTH AVENUE APTS,1999,80,SAC_00992,LAA19990055,DEV_LAA19990055,LAA19990055,1,retain_current_development,not_approved,FALSE
SAQ_0494,DEV_LAA20000030,FIFTH AVENUE APTS II,2000,40,SAC_00993,LAA20000030,DEV_LAA20000030,LAA20000030,1,retain_current_development,not_approved,FALSE
SAQ_0495,DEV_LAA20050027,COTTON BAYOU ESTATES I,2005,26,SAC_00994,LAA20050027,DEV_LAA20050027,LAA20050027,1,retain_current_development,not_approved,FALSE
SAQ_0495,DEV_LAA20050028,COTTON BAYOU ESTATES II,2005,25,SAC_00995,LAA20050028,DEV_LAA20050028,LAA20050028,1,retain_current_development,not_approved,FALSE
SAQ_0496,DEV_LAA20010517,CHAUVIN POINTE APTS,2001,60,SAC_00996,LAA20010517,DEV_LAA20010517,LAA20010517,1,retain_current_development,not_approved,FALSE
SAQ_0496,DEV_LAA20040050,CHAUVIN POINTE II,2004,65,SAC_00997,LAA20040050,DEV_LAA20040050,LAA20040050,1,retain_current_development,not_approved,FALSE
SAQ_0497,DEV_LAA20100001,LAFITTE REDEVELOPMENT BLOCKS 5-7,2010,142,SAC_00998,LAA20100001,DEV_LAA20100001,LAA20100001,1,retain_current_development,not_approved,FALSE
SAQ_0497,DEV_LAA20110100,LAFITTE REDEVELOPMENT BLOCKS 1-3,2011,134,SAC_00999,LAA20110100,DEV_LAA20110100,LAA20110100,1,retain_current_development,not_approved,FALSE
SAQ_0497,DEV_LAA20110870,LAFITTE TREME-OAK PLACE  (FMRLY OFF-SITE REHABS),2011,46,SAC_01000,LAA20110870,DEV_LAA20110870,LAA20110870,1,retain_current_development,not_approved,FALSE
SAQ_0498,DEV_LAA20153003,IBERVILLE ON-SITE PHASE I,2015,152,SAC_01001,LAA20153003,DEV_LAA20153003,LAA20153003,1,retain_current_development,not_approved,FALSE
SAQ_0498,DEV_LAA20167974,IBERVILLE ON-SITE PHASE III,2016,105,SAC_01002,LAA20167974,DEV_LAA20167974,LAA20167974,1,retain_current_development,not_approved,FALSE
SAQ_0499,DEV_LAA20080090,CLASSIC CONSTR OF N.O. VENTURE II - LAUREL TERRACE,2008,56,SAC_01003,LAA20080090,DEV_LAA20080090,LAA20080090,1,retain_current_development,not_approved,FALSE
SAQ_0499,DEV_LAA20080190,LAUREL GLEN,2008,56,SAC_01004,LAA20080190,DEV_LAA20080190,LAA20080190,1,retain_current_development,not_approved,FALSE
SAQ_0500,DEV_LAA20090090,FILMORE PARC I,2009,108,SAC_01005,LAA20090090,DEV_LAA20090090,LAA20090090,1,retain_current_development,not_approved,FALSE
SAQ_0500,DEV_LAA20096004,FILMORE PARC II,2009,56,SAC_01006,LAA20096004,DEV_LAA20096004,LAA20096004,1,retain_current_development,not_approved,FALSE
SAQ_0501,DEV_LAA20070801,GEORGETOWN OF NEW ORLEANS,2007,119,SAC_01007,LAA20070801,DEV_LAA20070801,LAA20070801,1,retain_current_development,not_approved,FALSE
SAQ_0501,DEV_LAA20090105,GEORGETOWN VILLAGES,2009,80,SAC_01008,LAA20090105,DEV_LAA20090105,LAA20090105,1,retain_current_development,not_approved,FALSE
SAQ_0501,DEV_LAA20100030,GEORGETOWN MANOR,2010,50,SAC_01009,LAA20100030,DEV_LAA20100030,LAA20100030,1,retain_current_development,not_approved,FALSE
SAQ_0502,DEV_LAA19940097,RIVERLANDS II,1994,27,SAC_01010,LAA19940097,DEV_LAA19940097,LAA19940097,1,retain_current_development,not_approved,FALSE
SAQ_0502,DEV_LAA19940275,RIVERLANDS I,1994,32,SAC_01011,LAA19940275,DEV_LAA19940275,LAA19940275,1,retain_current_development,not_approved,FALSE
SAQ_0503,DEV_LAA20030057,ST JOE ESTATES II,2003,36,SAC_01012,LAA20030057,DEV_LAA20030057,LAA20030057,1,retain_current_development,not_approved,FALSE
SAQ_0503,DEV_LAA20030058,ST JOE I ESTATES,2003,48,SAC_01013,LAA20030058,DEV_LAA20030058,LAA20030058,1,retain_current_development,not_approved,FALSE
SAQ_0504,DEV_LAA20010235,TIMBER TRAILS APTS.,2001,32,SAC_01014,LAA20010235,DEV_LAA20010235,LAA20010235,1,retain_current_development,not_approved,FALSE
SAQ_0504,DEV_LAA20019043,TIMBER TRAILS II APTS.,2001,32,SAC_01015,LAA20019043,DEV_LAA20019043,LAA20019043,1,retain_current_development,not_approved,FALSE
SAQ_0505,DEV_LAA19970010,BIENVILLE APTS II,1997,32,SAC_01016,LAA19970010,DEV_LAA19970010,LAA19970010,1,retain_current_development,not_approved,FALSE
SAQ_0505,DEV_LAA20010017,BIENVILLE APTS,2001,32,SAC_01017,LAA20010017,DEV_LAA20010017,LAA20010017,1,retain_current_development,not_approved,FALSE
SAQ_0506,DEV_LAA19980040,EMERALD TRACE APTS II,1998,24,SAC_01018,LAA19980040,DEV_LAA19980040,LAA19980040,1,retain_current_development,not_approved,FALSE
SAQ_0506,DEV_LAA19990037,EMERALD TRACE APTS I,1999,48,SAC_01019,LAA19990037,DEV_LAA19990037,LAA19990037,1,retain_current_development,not_approved,FALSE
SAQ_0507,DEV_LAA20020020,FOX CREEK I,2002,64,SAC_01020,LAA20020020,DEV_LAA20020020,LAA20020020,1,retain_current_development,not_approved,FALSE
SAQ_0507,DEV_LAA20020025,FOX CREEK II,2002,64,SAC_01021,LAA20020025,DEV_LAA20020025,LAA20020025,1,retain_current_development,not_approved,FALSE
SAQ_0508,DEV_LAA20078016,KINGS OAKS SUBDIVISION I,2007,26,SAC_01022,LAA20078016,DEV_LAA20078016,LAA20078016,1,retain_current_development,not_approved,FALSE
SAQ_0508,DEV_LAA20087018,KING OAKS SUBDIVISION III,2008,22,SAC_01023,LAA20087018,DEV_LAA20087018,LAA20087018,1,retain_current_development,not_approved,FALSE
SAQ_0508,DEV_LAA20087019,KING OAKS SUBDIVISION IV,2008,22,SAC_01024,LAA20087019,DEV_LAA20087019,LAA20087019,1,retain_current_development,not_approved,FALSE
SAQ_0509,DEV_LAA20040095,ROSENWALD I,2004,28,SAC_01025,LAA20040095,DEV_LAA20040095,LAA20040095,1,retain_current_development,not_approved,FALSE
SAQ_0509,DEV_LAA20050052,ROSENWALD SUBDIVISION II,2005,28,SAC_01026,LAA20050052,DEV_LAA20050052,LAA20050052,1,retain_current_development,not_approved,FALSE
SAQ_0510,DEV_LAA20060080,ROSENWALD SUBDIVISION IV,2006,26,SAC_01027,LAA20060080,DEV_LAA20060080,LAA20060080,1,retain_current_development,not_approved,FALSE
SAQ_0510,DEV_LAA20069005,ROSENWALD SUBDIVISION III,2006,26,SAC_01028,LAA20069005,DEV_LAA20069005,LAA20069005,1,retain_current_development,not_approved,FALSE
SAQ_0511,DEV_LAA20090155,NORTHERN HEIGHTS,2009,40,SAC_01029,LAA20090155,DEV_LAA20090155,LAA20090155,2,merge_to_review_cluster,not_approved,FALSE
SAQ_0511,DEV_LAA20099003,NORTHERN HEIGHTS HOMES,2009,40,SAC_01029,LAA20099003,DEV_LAA20090155,LAA20090155,2,merge_to_review_cluster,not_approved,FALSE
SAQ_0512,DEV_LAA19930045,FALSE RIVER MANOR,1993,40,SAC_01030,LAA19930045,DEV_LAA19930045,LAA19930045,1,retain_current_development,not_approved,FALSE
SAQ_0512,DEV_LAA20010057,FAIRMONT TOWERS APTS.,2001,254,SAC_01031,LAA20010057,DEV_LAA20010057,LAA20010057,1,retain_current_development,not_approved,FALSE
SAQ_0513,DEV_LAA20020065,SULPHUR SPRINGS I,2002,76,SAC_01032,LAA20020065,DEV_LAA20020065,LAA20020065,1,retain_current_development,not_approved,FALSE
SAQ_0513,DEV_LAA20020070,SULPHUR SPRINGS II,2002,72,SAC_01033,LAA20020070,DEV_LAA20020070,LAA20020070,1,retain_current_development,not_approved,FALSE
SAQ_0514,DEV_LAA19990125,VILLE PLATTE,1999,32,SAC_01034,LAA19990125,DEV_LAA19990125,LAA19990125,1,retain_current_development,not_approved,FALSE
SAQ_0514,DEV_LAA20176456,VILLE PLATTE VILLAGE,2017,31,SAC_01035,LAA20176456,DEV_LAA20176456,LAA20176456,1,retain_current_development,not_approved,FALSE
SAQ_0515,DEV_LAA20070070,LIVE OAK MANOR I,2007,60,SAC_01036,LAA20070070,DEV_LAA20070070,LAA20070070,1,retain_current_development,not_approved,FALSE
SAQ_0515,DEV_LAA20080195,LIVE OAK MANOR II,2008,60,SAC_01037,LAA20080195,DEV_LAA20080195,LAA20080195,1,retain_current_development,not_approved,FALSE
SAQ_0516,DEV_LAA20114001,FLORAL ACRES APT I,2011,42,SAC_01038,LAA20114001,DEV_LAA20114001,LAA20114001,1,retain_current_development,not_approved,FALSE
SAQ_0516,DEV_LAA20114002,FLORAL ACRES APT II,2011,32,SAC_01039,LAA20114002,DEV_LAA20114002,LAA20114002,1,retain_current_development,not_approved,FALSE
SAQ_0517,DEV_MAB20050130,YWCA BOSTON,2005,184,SAC_01040,MAB20050130,DEV_MAB20050130,MAB20050130,1,retain_current_development,not_approved,FALSE
SAQ_0517,DEV_MAB20231001,140 CLARENDON,2023,210,SAC_01041,MAB20231001,DEV_MAB20231001,MAB20231001,1,retain_current_development,not_approved,FALSE
SAQ_0518,DEV_MAB00000562,SETH APTS I,,100,SAC_01042,MAB00000562,DEV_MAB00000562,MAB00000562,1,retain_current_development,not_approved,FALSE
SAQ_0518,DEV_MAB00000616,TENANT'S DEVELOPMENT II,,185,SAC_01043,MAB00000616,DEV_MAB00000616,MAB00000616,1,retain_current_development,not_approved,FALSE
SAQ_0519,DEV_MAB00000079,ADMIRAL HILL ASSISTED LIVING I,,69,SAC_01044,MAB00000079,DEV_MAB00000079,MAB00000079,1,retain_current_development,not_approved,FALSE
SAQ_0519,DEV_MAB19960010,COHEN FLORENCE LEVINE ESTATES,1996,63,SAC_01045,MAB19960010,DEV_MAB19960010,MAB19960010,1,retain_current_development,not_approved,FALSE
SAQ_0520,DEV_MAB19930080,KENDALL HOTEL,1993,44,SAC_01046,MAB19930080,DEV_MAB19930080,MAB19930080,1,retain_current_development,not_approved,FALSE
SAQ_0520,DEV_MAB20171008,KENDALL APARTMENTS,2017,39,SAC_01047,MAB20171008,DEV_MAB20171008,MAB20171008,1,retain_current_development,not_approved,FALSE
SAQ_0521,DEV_MAA20070010,BARNES SCHOOL,2007,74,SAC_01048,MAA20070010,DEV_MAA20070010,MAA20070010,1,retain_current_development,not_approved,FALSE
SAQ_0521,DEV_MAC20149050,GREENWAY APTS,2014,27,SAC_01049,MAC20149050,DEV_MAC20149050,MAC20149050,1,retain_current_development,not_approved,FALSE
SAQ_0522,DEV_MAB00000415,MAVERICK LANDING I,,150,SAC_01050,MAB00000415,DEV_MAB00000415,MAB00000415,1,retain_current_development,not_approved,FALSE
SAQ_0522,DEV_MAB00000418,MAVERICK LANDING IV,,74,SAC_01051,MAB00000418,DEV_MAB00000418,MAB00000418,1,retain_current_development,not_approved,FALSE
SAQ_0522,DEV_MAB20050060,MAVERICK LANDING II,2005,80,SAC_01052,MAB20050060,DEV_MAB20050060,MAB20050060,1,retain_current_development,not_approved,FALSE
SAQ_0522,DEV_MAB20060030,MAVERICK LANDING III,2006,92,SAC_01053,MAB20060030,DEV_MAB20060030,MAB20060030,1,retain_current_development,not_approved,FALSE
SAQ_0523,DEV_MAB19880145,HEYWOOD WAKEFIELD PLACE 1,1988,175,SAC_01054,MAB19880145,DEV_MAB19880145,MAB19880145,1,retain_current_development,not_approved,FALSE
SAQ_0523,DEV_MAB20110100,HEYWOOD WAKEFIELD PLACE 3,2011,78,SAC_01055,MAB20110100,DEV_MAB20110100,MAB20110100,1,retain_current_development,not_approved,FALSE
SAQ_0523,DEV_MAB20151009,HEYWOOD WAKEFIELD 4,2015,55,SAC_01056,MAB20151009,DEV_MAB20151009,MAB20151009,1,retain_current_development,not_approved,FALSE
SAQ_0524,DEV_MAB19880135,SOUTH HOLYOKE HOUSING,1988,48,SAC_01057,MAB19880135,DEV_MAB19880135,MAB19880135,1,retain_current_development,not_approved,FALSE
SAQ_0524,DEV_MAB20020050,PUERTA DE LA ESPERANZA,2002,33,SAC_01058,MAB20020050,DEV_MAB20020050,MAB20020050,1,retain_current_development,not_approved,FALSE
SAQ_0525,DEV_MAB00000568,SOUTH CANAL LP,,127,SAC_01059,MAB00000568,DEV_MAB00000568,MAB00000568,1,retain_current_development,not_approved,FALSE
SAQ_0525,DEV_MAB20201008,SC HAMILTON PHASE 1,2020,127,SAC_01060,MAB20201008,DEV_MAB20201008,MAB20201008,1,retain_current_development,not_approved,FALSE
SAQ_0526,DEV_MAB20020030,ORANGE WHEELER 2,2002,13,SAC_01061,MAB20020030,DEV_MAB20020030,MAB20020030,1,retain_current_development,not_approved,FALSE
SAQ_0526,DEV_MAB20020035,ORANGE WHEELER 3,2002,10,SAC_01062,MAB20020035,DEV_MAB20020035,MAB20020035,1,retain_current_development,not_approved,FALSE
SAQ_0527,DEV_MAC00000096,SCHOOLHOUSE BROOKLEDGE CUMMINS LP,,90,SAC_01063,MAC00000096,DEV_MAC00000096,MAC00000096,1,retain_current_development,not_approved,FALSE
SAQ_0527,DEV_MAC00000097,SCHOOLHOUSE KENILWORTH WILLIAMS LP,,37,SAC_01064,MAC00000097,DEV_MAC00000097,MAC00000097,1,retain_current_development,not_approved,FALSE
SAQ_0528,DEV_MAB00000271,EVANS PARK AT NEWTON CORNER,,112,SAC_01065,MAB00000271,DEV_MAB00000271,MAB00000271,1,retain_current_development,not_approved,FALSE
SAQ_0528,DEV_MAB19940070,HERITAGE AT VERNON COURT,1994,,SAC_01066,MAB19940070,DEV_MAB19940070,MAB19940070,1,retain_current_development,not_approved,FALSE
SAQ_0529,DEV_MAB20050075,PYNCHON I,2005,250,SAC_01067,MAB20050075,DEV_MAB20050075,MAB20050075,1,retain_current_development,not_approved,FALSE
SAQ_0529,DEV_MAB20050080,PYNCHON II,2005,363,SAC_01068,MAB20050080,DEV_MAB20050080,MAB20050080,1,retain_current_development,not_approved,FALSE
SAQ_0530,DEV_MAB00000064,ALLEN PARK I,,170,SAC_01069,MAB00000064,DEV_MAB00000064,MAB00000064,1,retain_current_development,not_approved,FALSE
SAQ_0530,DEV_MAB00000067,ALLEN PARK II,,94,SAC_01070,MAB00000067,DEV_MAB00000067,MAB00000067,1,retain_current_development,not_approved,FALSE
SAQ_0531,DEV_MAB20100020,CITY VIEW COMMONS I,2010,150,SAC_01071,MAB20100020,DEV_MAB20100020,MAB20100020,1,retain_current_development,not_approved,FALSE
SAQ_0531,DEV_MAB20130007,CONCORD HEIGHTS,2013,104,SAC_01072,MAB20130007,DEV_MAB20130007,MAB20130007,1,retain_current_development,not_approved,FALSE
SAQ_0532,DEV_MAB20040055,MUSEUM PARK I,2004,94,SAC_01073,MAB20040055,DEV_MAB20040055,MAB20040055,1,retain_current_development,not_approved,FALSE
SAQ_0532,DEV_MAB20070040,MUSEUM PARK II,2007,22,SAC_01074,MAB20070040,DEV_MAB20070040,MAB20070040,1,retain_current_development,not_approved,FALSE
SAQ_0533,DEV_MAB19880030,BELLE STREET,1988,47,SAC_01075,MAB19880030,DEV_MAB19880030,MAB19880030,1,retain_current_development,not_approved,FALSE
SAQ_0533,DEV_MAB20030010,BELLE FRANKLIN I,2003,68,SAC_01076,MAB20030010,DEV_MAB20030010,MAB20030010,1,retain_current_development,not_approved,FALSE
SAQ_0534,DEV_MAB20070060,QUAIL RUN APTS PHASE I,2007,108,SAC_01077,MAB20070060,DEV_MAB20070060,MAB20070060,1,retain_current_development,not_approved,FALSE
SAQ_0534,DEV_MAB20070065,QUAIL RUN APTS PHASE II,2007,24,SAC_01078,MAB20070065,DEV_MAB20070065,MAB20070065,1,retain_current_development,not_approved,FALSE
SAQ_0535,DEV_MAB19940040,CROMESETT WOODS,1994,27,SAC_01079,MAB19940040,DEV_MAB19940040,MAB19940040,1,retain_current_development,not_approved,FALSE
SAQ_0535,DEV_MAB19980025,CROMESETT HEIGHTS,1998,18,SAC_01080,MAB19980025,DEV_MAB19980025,MAB19980025,1,retain_current_development,not_approved,FALSE
SAQ_0536,DEV_MAB20160004,WORCESTER LOOMWORKS-9% PHASE TWO,2016,48,SAC_01081,MAB20160004,DEV_MAC00000137,MAC00000137,2,merge_to_review_cluster,not_approved,FALSE
SAQ_0536,DEV_MAC00000137,WORCESTER LOOMWORKS PHASE 2,2015,,SAC_01081,MAC00000137,DEV_MAC00000137,MAC00000137,2,merge_to_review_cluster,not_approved,FALSE
SAQ_0537,DEV_MDA19890905,LANVALE APTS,1989,38,SAC_01082,MDA19890905,DEV_MDA19890905,MDA19890905,1,retain_current_development,not_approved,FALSE
SAQ_0537,DEV_MDA19910045,NEWINGTON APTS,1991,10,SAC_01083,MDA19910045,DEV_MDA19910045,MDA19910045,1,retain_current_development,not_approved,FALSE
SAQ_0538,DEV_MDA19970053,MARLBOROUGH APTS,1997,227,SAC_01084,MDA19970053,DEV_MDA19970053,MDA19970053,2,merge_to_review_cluster,not_approved,FALSE
SAQ_0538,DEV_MDA20151004,MARLBOROUGH APARTMENTS,2015,227,SAC_01084,MDA20151004,DEV_MDA19970053,MDA19970053,2,merge_to_review_cluster,not_approved,FALSE
SAQ_0539,DEV_MDA19900015,QUAIL RUN I,1990,8,SAC_01085,MDA19900015,DEV_MDA19900015,MDA19900015,1,retain_current_development,not_approved,FALSE
SAQ_0539,DEV_MDA19900902,QUAIL RUN II,1990,46,SAC_01086,MDA19900902,DEV_MDA19900902,MDA19900902,1,retain_current_development,not_approved,FALSE
SAQ_0540,DEV_MDA19960085,PIN OAK VILLAGE I,1996,110,SAC_01087,MDA19960085,DEV_MDA19960085,MDA19960085,1,retain_current_development,not_approved,FALSE
SAQ_0540,DEV_MDA19980050,PIN OAK VILLAGE II,1998,110,SAC_01088,MDA19980050,DEV_MDA19980050,MDA19980050,1,retain_current_development,not_approved,FALSE
SAQ_0541,DEV_MDA20000058,ST PAUL SENIOR LIVING PHASE I,2000,29,SAC_01089,MDA20000058,DEV_MDA20000058,MDA20000058,1,retain_current_development,not_approved,FALSE
SAQ_0541,DEV_MDA20000060,ST PAUL SENIOR LIVING PHASE II,2000,73,SAC_01090,MDA20000060,DEV_MDA20000060,MDA20000060,1,retain_current_development,not_approved,FALSE
SAQ_0542,DEV_MDA19990020,CHESTERTOWN LANDING PHASE I,1999,72,SAC_01091,MDA19990020,DEV_MDA19990020,MDA19990020,1,retain_current_development,not_approved,FALSE
SAQ_0542,DEV_MDA19990025,CHESTERTOWN LANDING PHASE II,1999,60,SAC_01092,MDA19990025,DEV_MDA19990025,MDA19990025,1,retain_current_development,not_approved,FALSE
SAQ_0543,DEV_MDA20049128,MAGNOLIA MEADOWS APTS,2004,98,SAC_01093,MDA20049128,DEV_MDA20049128,MDA20049128,1,retain_current_development,not_approved,FALSE
SAQ_0543,DEV_MDA20049129,MAGNOLIA MEADOWS ASSOC LP,2004,107,SAC_01094,MDA20049129,DEV_MDA20049129,MDA20049129,1,retain_current_development,not_approved,FALSE
SAQ_0544,DEV_MDA20010082,STEWARTOWN APTS,2001,94,SAC_01095,MDA20010082,DEV_MDA20010082,MDA20010082,2,merge_to_review_cluster,not_approved,FALSE
SAQ_0544,DEV_MDA20212012,STEWARTOWN HOMES,2021,94,SAC_01095,MDA20212012,DEV_MDA20010082,MDA20010082,2,merge_to_review_cluster,not_approved,FALSE
SAQ_0545,DEV_MDA20010020,CHURCHILL SENIOR,2001,121,SAC_01096,MDA20010020,DEV_MDA20010020,MDA20010020,1,retain_current_development,not_approved,FALSE
SAQ_0545,DEV_MDA20161005,CHURCHILL SENIOR LIVING PHASE II,2016,133,SAC_01097,MDA20161005,DEV_MDA20161005,MDA20161005,1,retain_current_development,not_approved,FALSE
SAQ_0546,DEV_MDA19900050,GLENARDEN I,1990,354,SAC_01098,MDA19900050,DEV_MDA19900050,MDA19900050,1,retain_current_development,not_approved,FALSE
SAQ_0546,DEV_MDA19900055,GLENARDEN II,1990,208,SAC_01099,MDA19900055,DEV_MDA19900055,MDA19900055,1,retain_current_development,not_approved,FALSE
SAQ_0547,DEV_MDA20020055,HAGERSTOWN/ROBINWOOD SENIOR I,2002,64,SAC_01100,MDA20020055,DEV_MDA20020055,MDA20020055,1,retain_current_development,not_approved,FALSE
SAQ_0547,DEV_MDA20040045,HAGERSTOWN/ROBINWOOD SENIOR II,2004,56,SAC_01101,MDA20040045,DEV_MDA20040045,MDA20040045,1,retain_current_development,not_approved,FALSE
SAQ_0548,DEV_MDA20070070,LODGES AT NAYLOR MILL,2007,65,SAC_01102,MDA20070070,DEV_MDA20070070,MDA20070070,1,retain_current_development,not_approved,FALSE
SAQ_0548,DEV_MDA20160013,THE LODGES AT NAYLOR MILL PHASE II,2016,45,SAC_01103,MDA20160013,DEV_MDA20160013,MDA20160013,1,retain_current_development,not_approved,FALSE
SAQ_0549,DEV_MDA20080045,NATIONAL PARK SEMINARY APTS,2008,66,SAC_01104,MDA20080045,DEV_MDA20080045,MDA20080045,2,merge_to_review_cluster,not_approved,FALSE
SAQ_0549,DEV_MDA20089141,NATIONAL PARK SEMINARY [AKA] FOREST GLEN MAIN,2008,66,SAC_01104,MDA20089141,DEV_MDA20080045,MDA20080045,2,merge_to_review_cluster,not_approved,FALSE
SAQ_0550,DEV_MDA20020117,WESTMINSTER BOND SENIOR I,2002,75,SAC_01105,MDA20020117,DEV_MDA20020117,MDA20020117,1,retain_current_development,not_approved,FALSE
SAQ_0550,DEV_MDA20050135,WESTMINSTER BOND SENIOR II,2005,75,SAC_01106,MDA20050135,DEV_MDA20050135,MDA20050135,1,retain_current_development,not_approved,FALSE
SAQ_0551,DEV_MEA20200005,STEPHEN B. MOOERS VILLAGE,2020,39,SAC_01107,MEA20200005,DEV_MEA20200005,MEA20200005,1,retain_current_development,not_approved,FALSE
SAQ_0551,DEV_MEA20211004,NEWTON PLACE,2021,40,SAC_01108,MEA20211004,DEV_MEA20211004,MEA20211004,1,retain_current_development,not_approved,FALSE
SAQ_0552,DEV_MEA20000007,FREESE ASSISTED LIVING,2000,39,SAC_01109,MEA20000007,DEV_MEA20000007,MEA20000007,1,retain_current_development,not_approved,FALSE
SAQ_0552,DEV_MEA20020015,FRYEBURG & BETHEL STATION,2002,16,SAC_01110,MEA20020015,DEV_MEA20020015,MEA20020015,1,retain_current_development,not_approved,FALSE
SAQ_0553,DEV_MEA19880085,LISBON SENIOR VILLAGE,1988,20,SAC_01111,MEA19880085,DEV_MEA19880085,MEA19880085,1,retain_current_development,not_approved,FALSE
SAQ_0553,DEV_MEA19890040,DOMINICAN COURT,1989,45,SAC_01112,MEA19890040,DEV_MEA19890040,MEA19890040,1,retain_current_development,not_approved,FALSE
SAQ_0554,DEV_MEA19880015,82 PINE ST,1988,18,SAC_01113,MEA19880015,DEV_MEA19880015,MEA19880015,1,retain_current_development,not_approved,FALSE
SAQ_0554,DEV_MEA20220001,GAUVREAU PLACE,2022,35,SAC_01114,MEA20220001,DEV_MEA20220001,MEA20220001,1,retain_current_development,not_approved,FALSE
SAQ_0555,DEV_MEA19910020,EAST BRIDGE STREET APTS,1991,100,SAC_01115,MEA19910020,DEV_MEA19910020,MEA19910020,1,retain_current_development,not_approved,FALSE
SAQ_0555,DEV_MEA20240013,MILLBROOK ESTATES,2024,100,SAC_01116,MEA20240013,DEV_MEA20240013,MEA20240013,1,retain_current_development,not_approved,FALSE
SAQ_0556,DEV_MIA19990225,PARKHURST APTS,1999,48,SAC_01117,MIA19990225,DEV_MIA19990225,MIA19990225,1,retain_current_development,not_approved,FALSE
SAQ_0556,DEV_MIA20130017,PAULINE APTS,2013,32,SAC_01118,MIA20130017,DEV_MIA20130017,MIA20130017,1,retain_current_development,not_approved,FALSE
SAQ_0557,DEV_MIA20060230,RESIDENCES AT WESTBROOK PLACE I,2006,69,SAC_01119,MIA20060230,DEV_MIA20060230,MIA20060230,1,retain_current_development,not_approved,FALSE
SAQ_0557,DEV_MIA20080150,RESIDENCES AT WESTBROOK PLACE II,2008,48,SAC_01120,MIA20080150,DEV_MIA20080150,MIA20080150,1,retain_current_development,not_approved,FALSE
SAQ_0558,DEV_MIA19960090,JACKLYN APTS I,1996,28,SAC_01121,MIA19960090,DEV_MIA19960090,MIA19960090,1,retain_current_development,not_approved,FALSE
SAQ_0558,DEV_MIA19980065,JACKLYN APTS III,1998,44,SAC_01122,MIA19980065,DEV_MIA19980065,MIA19980065,1,retain_current_development,not_approved,FALSE
SAQ_0559,DEV_MIA20120959,PARKWOOD MANOR II,2012,100,SAC_01123,MIA20120959,DEV_MIA20120959,MIA20120959,1,retain_current_development,not_approved,FALSE
SAQ_0559,DEV_MIA20120960,PARKWOOD MANOR I,2012,200,SAC_01124,MIA20120960,DEV_MIA20120960,MIA20120960,1,retain_current_development,not_approved,FALSE
SAQ_0560,DEV_MIA20010025,COUNTRYVIEW PHASE I APTS & TOWER,2001,110,SAC_01125,MIA20010025,DEV_MIA20010025,MIA20010025,1,retain_current_development,not_approved,FALSE
SAQ_0560,DEV_MIA20010030,COUNTRYVIEW PHASE II APTS & TOWER,2001,88,SAC_01126,MIA20010030,DEV_MIA20010030,MIA20010030,1,retain_current_development,not_approved,FALSE
SAQ_0561,DEV_MIA19880135,PARKVIEW APTS PHASE II,1988,32,SAC_01127,MIA19880135,DEV_MIA19880135,MIA19880135,1,retain_current_development,not_approved,FALSE
SAQ_0561,DEV_MIA19900385,PARKVIEW APTS PHASE III,1990,32,SAC_01128,MIA19900385,DEV_MIA19900385,MIA19900385,1,retain_current_development,not_approved,FALSE
SAQ_0562,DEV_MIA19900340,MILL POND APT,1990,36,SAC_01129,MIA19900340,DEV_MIA19900340,MIA19900340,1,retain_current_development,not_approved,FALSE
SAQ_0562,DEV_MIA19900350,MILL POND SENIOR APTS,1990,12,SAC_01130,MIA19900350,DEV_MIA19900350,MIA19900350,1,retain_current_development,not_approved,FALSE
SAQ_0563,DEV_MIA19910190,GREEN PINE ACRES-UNIT 11,1991,12,SAC_01131,MIA19910190,DEV_MIA19910190,MIA19910190,1,retain_current_development,not_approved,FALSE
SAQ_0563,DEV_MIA19910195,GREEN PINE ACRES-UNIT 12,1991,12,SAC_01132,MIA19910195,DEV_MIA19910195,MIA19910195,1,retain_current_development,not_approved,FALSE
SAQ_0564,DEV_MIA19880090,GREEN PINE ACRES - INNSBROOK,1988,12,SAC_01133,MIA19880090,DEV_MIA19880090,MIA19880090,1,retain_current_development,not_approved,FALSE
SAQ_0564,DEV_MIA19900235,GREEN PINE ACRES - CONTI I,1990,12,SAC_01134,MIA19900235,DEV_MIA19900235,MIA19900235,1,retain_current_development,not_approved,FALSE
SAQ_0564,DEV_MIA19900240,GREEN PINE ACRES - CONTI II,1990,12,SAC_01135,MIA19900240,DEV_MIA19900240,MIA19900240,1,retain_current_development,not_approved,FALSE
SAQ_0565,DEV_MIA19880085,GREEN PINE ACRES - #4 NELSON #1,1988,12,SAC_01136,MIA19880085,DEV_MIA19880085,MIA19880085,1,retain_current_development,not_approved,FALSE
SAQ_0565,DEV_MIA19900245,GREEN PINE ACRES - D'ASCENZO,1990,6,SAC_01137,MIA19900245,DEV_MIA19900245,MIA19900245,1,retain_current_development,not_approved,FALSE
SAQ_0565,DEV_MIA19900250,GREEN PINE ACRES - ELAHI,1990,12,SAC_01138,MIA19900250,DEV_MIA19900250,MIA19900250,1,retain_current_development,not_approved,FALSE
SAQ_0566,DEV_MIA19900375,OAKVIEW SQUARE PHASE I,1990,240,SAC_01139,MIA19900375,DEV_MIA19900375,MIA19900375,1,retain_current_development,not_approved,FALSE
SAQ_0566,DEV_MIA19910285,OAKVIEW SQUARE PHASE II,1991,108,SAC_01140,MIA19910285,DEV_MIA19910285,MIA19910285,1,retain_current_development,not_approved,FALSE
SAQ_0567,DEV_MIA19950030,BRIDGEWATER PARK I,1995,176,SAC_01141,MIA19950030,DEV_MIA19950030,MIA19950030,1,retain_current_development,not_approved,FALSE
SAQ_0567,DEV_MIA19950035,BRIDGEWATER PARK II,1995,88,SAC_01142,MIA19950035,DEV_MIA19950035,MIA19950035,1,retain_current_development,not_approved,FALSE
SAQ_0568,DEV_MIA19920220,ROLLING BROOK III (CLAY),1992,25,SAC_01143,MIA19920220,DEV_MIA19920220,MIA19920220,1,retain_current_development,not_approved,FALSE
SAQ_0568,DEV_MIA20110908,ROLLING BROOK APTS (ALGONAC),2011,74,SAC_01144,MIA20110908,DEV_MIA20110908,MIA20110908,1,retain_current_development,not_approved,FALSE
SAQ_0569,DEV_MIA19960035,DAVISON CREEKWOOD II - 10ABC (KNOBLOCK),1996,6,SAC_01145,MIA19960035,DEV_MIA19960035,MIA19960035,1,retain_current_development,not_approved,FALSE
SAQ_0569,DEV_MIA19960060,DAVISON CREEKWOOD II - 12C (A&P BLOCK),1996,2,SAC_01146,MIA19960060,DEV_MIA19960060,MIA19960060,1,retain_current_development,not_approved,FALSE
SAQ_0570,DEV_MIA19900135,DAVISON CREEKWOOD - 4,1990,6,SAC_01147,MIA19900135,DEV_MIA19900135,MIA19900135,1,retain_current_development,not_approved,FALSE
SAQ_0570,DEV_MIA19900140,DAVISON CREEKWOOD - 7,1990,6,SAC_01148,MIA19900140,DEV_MIA19900140,MIA19900140,1,retain_current_development,not_approved,FALSE
SAQ_0570,DEV_MIA19910150,DAVISON CREEKWOOD - 3,1991,6,SAC_01149,MIA19910150,DEV_MIA19910150,MIA19910150,1,retain_current_development,not_approved,FALSE
SAQ_0570,DEV_MIA19910155,DAVISON CREEKWOOD - 5,1991,6,SAC_01150,MIA19910155,DEV_MIA19910155,MIA19910155,1,retain_current_development,not_approved,FALSE
SAQ_0570,DEV_MIA19910160,DAVISON CREEKWOOD - 6,1991,6,SAC_01151,MIA19910160,DEV_MIA19910160,MIA19910160,1,retain_current_development,not_approved,FALSE
SAQ_0570,DEV_MIA19910165,DAVISON CREEKWOOD - 8,1991,6,SAC_01152,MIA19910165,DEV_MIA19910165,MIA19910165,1,retain_current_development,not_approved,FALSE
SAQ_0571,DEV_MIA19990290,THE VILLAGES AT PARKSIDE II,1999,138,SAC_01153,MIA19990290,DEV_MIA19990290,MIA19990290,1,retain_current_development,not_approved,FALSE
SAQ_0571,DEV_MIA19990295,THE VILLAGES AT PARKSIDE IV,1999,136,SAC_01154,MIA19990295,DEV_MIA19990295,MIA19990295,1,retain_current_development,not_approved,FALSE
SAQ_0572,DEV_MIA20110035,CORNERSTONE ESTATES PHASE I,2011,58,SAC_01155,MIA20110035,DEV_MIA20110035,MIA20110035,1,retain_current_development,not_approved,FALSE
SAQ_0572,DEV_MIA20120020,CORNERSTONE ESTATES PHASE III,2012,62,SAC_01156,MIA20120020,DEV_MIA20120020,MIA20120020,1,retain_current_development,not_approved,FALSE
SAQ_0573,DEV_MIA20040340,WOODBRIDGE ESTATES APTS I,2004,48,SAC_01157,MIA20040340,DEV_MIA20040340,MIA20040340,1,retain_current_development,not_approved,FALSE
SAQ_0573,DEV_MIA20040345,WOODBRIDGE ESTATES APTS II,2004,70,SAC_01158,MIA20040345,DEV_MIA20040345,MIA20040345,1,retain_current_development,not_approved,FALSE
SAQ_0573,DEV_MIA20060267,WOODBRIDGE ESTATES APTS III,2006,38,SAC_01159,MIA20060267,DEV_MIA20060267,MIA20060267,1,retain_current_development,not_approved,FALSE
SAQ_0573,DEV_MIA20060268,WOODBRIDGE ESTATES APTS IV,2006,45,SAC_01160,MIA20060268,DEV_MIA20060268,MIA20060268,1,retain_current_development,not_approved,FALSE
SAQ_0573,DEV_MIA20060269,WOODBRIDGE ESTATES APTS V,2006,64,SAC_01161,MIA20060269,DEV_MIA20060269,MIA20060269,1,retain_current_development,not_approved,FALSE
SAQ_0574,DEV_MIA20040140,MARTIN LUTHER KING HOMES I,2004,169,SAC_01162,MIA20040140,DEV_MIA20040140,MIA20040140,1,retain_current_development,not_approved,FALSE
SAQ_0574,DEV_MIA20040165,MARTIN LUTHER KING HOMES II,2004,312,SAC_01163,MIA20040165,DEV_MIA20040165,MIA20040165,1,retain_current_development,not_approved,FALSE
SAQ_0575,DEV_MIA20120025,EMERALD SPRINGS 1A,2012,79,SAC_01164,MIA20120025,DEV_MIA20120025,MIA20120025,1,retain_current_development,not_approved,FALSE
SAQ_0575,DEV_MIA20120030,EMERALD SPRINGS 1B,2012,79,SAC_01165,MIA20120030,DEV_MIA20120030,MIA20120030,1,retain_current_development,not_approved,FALSE
SAQ_0575,DEV_MIA20140025,EMERALD SPRINGS II,2014,48,SAC_01166,MIA20140025,DEV_MIA20140025,MIA20140025,1,retain_current_development,not_approved,FALSE
SAQ_0576,DEV_MIA20182008,WELLINGTON SQUARE I,2018,46,SAC_01167,MIA20182008,DEV_MIA20182008,MIA20182008,1,retain_current_development,not_approved,FALSE
SAQ_0576,DEV_MIA20183007,WELLINGTON SQUARE II,2018,45,SAC_01168,MIA20183007,DEV_MIA20183007,MIA20183007,1,retain_current_development,not_approved,FALSE
SAQ_0577,DEV_MIA19880185,WILLOW CREEK ELDERLY I,1988,24,SAC_01169,MIA19880185,DEV_MIA19880185,MIA19880185,1,retain_current_development,not_approved,FALSE
SAQ_0577,DEV_MIA19930320,WILLOW CREEK ELDERLY II,1993,32,SAC_01170,MIA19930320,DEV_MIA19930320,MIA19930320,1,retain_current_development,not_approved,FALSE
SAQ_0578,DEV_MIA19940010,APPLE RIDGE APTS,1994,32,SAC_01171,MIA19940010,DEV_MIA19940010,MIA19940010,1,retain_current_development,not_approved,FALSE
SAQ_0578,DEV_MIA20130007,JPS FREMONT,2013,110,SAC_01172,MIA20130007,DEV_MIA20130007,MIA20130007,1,retain_current_development,not_approved,FALSE
SAQ_0579,DEV_MIA19910105,ALPINE ALTEN ZIMMMER III,1991,24,SAC_01173,MIA19910105,DEV_MIA19910105,MIA19910105,1,retain_current_development,not_approved,FALSE
SAQ_0579,DEV_MIA20110010,ALPINE ALTEN ZIMMMER II,2011,48,SAC_01174,MIA20110010,DEV_MIA20110010,MIA20110010,1,retain_current_development,not_approved,FALSE
SAQ_0580,DEV_MIA19920190,MT MERCY APTS,1992,125,SAC_01175,MIA19920190,DEV_MIA19920190,MIA19920190,1,retain_current_development,not_approved,FALSE
SAQ_0580,DEV_MIA20050105,MT MERCY HOUSING DEVELOPMENT II,2005,55,SAC_01176,MIA20050105,DEV_MIA20050105,MIA20050105,1,retain_current_development,not_approved,FALSE
SAQ_0581,DEV_MIA20172001,20 FULTON STREET EAST APARTMENTS,2017,23,SAC_01177,MIA20172001,DEV_MIA20172001,MIA20172001,1,retain_current_development,not_approved,FALSE
SAQ_0581,DEV_MIA20172002,20 FULTON STREET EAST II APARTMENTS,2017,22,SAC_01178,MIA20172002,DEV_MIA20172002,MIA20172002,1,retain_current_development,not_approved,FALSE
SAQ_0582,DEV_MIA19990305,WHISPERING PINES SENIOR,1999,24,SAC_01179,MIA19990305,DEV_MIA19990305,MIA19990305,2,merge_to_review_cluster,not_approved,FALSE
SAQ_0582,DEV_MIA20221023,WHISPERING PINES SENIOR (GRAYLING),2022,24,SAC_01179,MIA20221023,DEV_MIA19990305,MIA19990305,2,merge_to_review_cluster,not_approved,FALSE
SAQ_0583,DEV_MIA19890195,CENTURY PLACE APTS I,1989,47,SAC_01180,MIA19890195,DEV_MIA19890195,MIA19890195,1,retain_current_development,not_approved,FALSE
SAQ_0583,DEV_MIA19890200,CENTURY PLACE APTS II,1989,47,SAC_01181,MIA19890200,DEV_MIA19890200,MIA19890200,1,retain_current_development,not_approved,FALSE
SAQ_0584,DEV_MIA19900300,HOWARD PLACE APTS,1990,210,SAC_01182,MIA19900300,DEV_MIA19900300,MIA19900300,1,retain_current_development,not_approved,FALSE
SAQ_0584,DEV_MIA20130002,BELLA VISTA GLEN,2013,138,SAC_01183,MIA20130002,DEV_MIA20130002,MIA20130002,1,retain_current_development,not_approved,FALSE
SAQ_0585,DEV_MIA20100900,WAVERLY MEADOWS II,2010,48,SAC_01184,MIA20100900,DEV_MIA20100900,MIA20100900,1,retain_current_development,not_approved,FALSE
SAQ_0585,DEV_MIA20100901,WAVERLY MEADOWS I,2010,70,SAC_01185,MIA20100901,DEV_MIA20100901,MIA20100901,1,retain_current_development,not_approved,FALSE
SAQ_0586,DEV_MIA19930220,MARINER COVE APTS,1993,32,SAC_01186,MIA19930220,DEV_MIA19930220,MIA19930220,1,retain_current_development,not_approved,FALSE
SAQ_0586,DEV_MIA19930225,MARINER COVE SENIOR APTS,1993,24,SAC_01187,MIA19930225,DEV_MIA19930225,MIA19930225,1,retain_current_development,not_approved,FALSE
SAQ_0587,DEV_MIA20060259,OXFORD ROW I,2006,130,SAC_01188,MIA20060259,DEV_MIA20060259,MIA20060259,1,retain_current_development,not_approved,FALSE
SAQ_0587,DEV_MIA20060260,OXFORD ROW II,2006,189,SAC_01189,MIA20060260,DEV_MIA20060260,MIA20060260,1,retain_current_development,not_approved,FALSE
SAQ_0588,DEV_MIA20050165,SPRINGBROOK TOWNHOMES PHASE I,2005,48,SAC_01190,MIA20050165,DEV_MIA20050165,MIA20050165,1,retain_current_development,not_approved,FALSE
SAQ_0588,DEV_MIA20060180,SPRINGBROOK TOWNHOMES PHASE II,2006,48,SAC_01191,MIA20060180,DEV_MIA20060180,MIA20060180,1,retain_current_development,not_approved,FALSE
SAQ_0589,DEV_MIA20010010,ARBORS AT EAGLE CREST I,2001,120,SAC_01192,MIA20010010,DEV_MIA20010010,MIA20010010,1,retain_current_development,not_approved,FALSE
SAQ_0589,DEV_MIA20070015,ARBORS AT EAGLE CREST II,2007,48,SAC_01193,MIA20070015,DEV_MIA20070015,MIA20070015,1,retain_current_development,not_approved,FALSE
SAQ_0590,DEV_MIA20110007,ALDERSGATE VILLAGE I,2011,75,SAC_01194,MIA20110007,DEV_MIA20110007,MIA20110007,1,retain_current_development,not_approved,FALSE
SAQ_0590,DEV_MIA20110008,ALDERSGATE VILLAGE II,2011,24,SAC_01195,MIA20110008,DEV_MIA20110008,MIA20110008,1,retain_current_development,not_approved,FALSE
SAQ_0591,DEV_MIA19880125,MILL PARK TOWNHOMES PHASE I,1988,40,SAC_01196,MIA19880125,DEV_MIA19880125,MIA19880125,1,retain_current_development,not_approved,FALSE
SAQ_0591,DEV_MIA19900330,MILL PARK TOWNHOMES PHASE II,1990,56,SAC_01197,MIA19900330,DEV_MIA19900330,MIA19900330,1,retain_current_development,not_approved,FALSE
SAQ_0592,DEV_MIA19910405,WOODLAKE HILLS I,1991,72,SAC_01198,MIA19910405,DEV_MIA19910405,MIA19910405,1,retain_current_development,not_approved,FALSE
SAQ_0592,DEV_MIA19920250,WOODLAKE HILLS II,1992,72,SAC_01199,MIA19920250,DEV_MIA19920250,MIA19920250,1,retain_current_development,not_approved,FALSE
SAQ_0593,DEV_MIA20110030,BRIDGTON TOWNHOMES,2011,230,SAC_01200,MIA20110030,DEV_MIA20110030,MIA20110030,1,retain_current_development,not_approved,FALSE
SAQ_0593,DEV_MIA20110092,WICKES PARK HOMES,2011,24,SAC_01201,MIA20110092,DEV_MIA20110092,MIA20110092,1,retain_current_development,not_approved,FALSE
SAQ_0594,DEV_MIA19970030,THE CROSSINGS AT BUENA VISTA PHASE I,1997,128,SAC_01202,MIA19970030,DEV_MIA19970030,MIA19970030,1,retain_current_development,not_approved,FALSE
SAQ_0594,DEV_MIA20000080,THE CROSSINGS AT BUENA VISTA PHASE II,2000,112,SAC_01203,MIA20000080,DEV_MIA20000080,MIA20000080,1,retain_current_development,not_approved,FALSE
SAQ_0595,DEV_MIA20080175,SAWMILL ESTATES FAMILY,2008,48,SAC_01204,MIA20080175,DEV_MIA20080175,MIA20080175,1,retain_current_development,not_approved,FALSE
SAQ_0595,DEV_MIA20080180,SAWMILL ESTATES SENIOR,2008,34,SAC_01205,MIA20080180,DEV_MIA20080180,MIA20080180,1,retain_current_development,not_approved,FALSE
SAQ_0596,DEV_MIA20060175,SOUTHSIDE APTS I,2006,36,SAC_01206,MIA20060175,DEV_MIA20060175,MIA20060175,1,retain_current_development,not_approved,FALSE
SAQ_0596,DEV_MIA20100067,SOUTHSIDE APTS II,2010,48,SAC_01207,MIA20100067,DEV_MIA20100067,MIA20100067,1,retain_current_development,not_approved,FALSE
SAQ_0597,DEV_MIA20120040,HAMILTON CROSSING PHASE II,2012,74,SAC_01208,MIA20120040,DEV_MIA20120040,MIA20120040,1,retain_current_development,not_approved,FALSE
SAQ_0597,DEV_MIA20130006,HAMILTON CROSSING PHASE I,2013,70,SAC_01209,MIA20130006,DEV_MIA20130006,MIA20130006,1,retain_current_development,not_approved,FALSE
SAQ_0598,DEV_MNB19969001,ANISHINABE WAKIAGUN,1996,40,SAC_01210,MNB19969001,DEV_MNB19969001,MNB19969001,1,retain_current_development,not_approved,FALSE
SAQ_0598,DEV_MNB20160001,ANISHINABE BII GII WIIN,2016,77,SAC_01211,MNB20160001,DEV_MNB20160001,MNB20160001,1,retain_current_development,not_approved,FALSE
SAQ_0599,DEV_MNB20105005,MINNESOTA VISTAS,2010,60,SAC_01212,MNB20105005,DEV_MNB20105005,MNB20105005,1,retain_current_development,not_approved,FALSE
SAQ_0599,DEV_MNB20106005,MINNESOTA PLACE,2010,77,SAC_01213,MNB20106005,DEV_MNB20106005,MNB20106005,1,retain_current_development,not_approved,FALSE
SAQ_0600,DEV_MOA19950225,LOST TREE PHASE I,1995,88,SAC_01214,MOA19950225,DEV_MOA19950225,MOA19950225,1,retain_current_development,not_approved,FALSE
SAQ_0600,DEV_MOA19970160,LOST TREE PHASE II,1997,44,SAC_01215,MOA19970160,DEV_MOA19970160,MOA19970160,1,retain_current_development,not_approved,FALSE
SAQ_0600,DEV_MOA20000115,LOST TREE PHASE III,2000,24,SAC_01216,MOA20000115,DEV_MOA20000115,MOA20000115,1,retain_current_development,not_approved,FALSE
SAQ_0601,DEV_MOA20090160,VALLEY RIDGE RESIDENCES I,2009,68,SAC_01217,MOA20090160,DEV_MOA20090160,MOA20090160,1,retain_current_development,not_approved,FALSE
SAQ_0601,DEV_MOA20120115,VALLEY RIDGE RESIDENCES II,2012,44,SAC_01218,MOA20120115,DEV_MOA20120115,MOA20120115,1,retain_current_development,not_approved,FALSE
SAQ_0601,DEV_MOA20129143,VALLEY RIDGE RESIDENCES III,2012,39,SAC_01219,MOA20129143,DEV_MOA20129143,MOA20129143,1,retain_current_development,not_approved,FALSE
SAQ_0602,DEV_MOA19970030,CABOOL APTS II,1997,12,SAC_01220,MOA19970030,DEV_MOA19970030,MOA19970030,1,retain_current_development,not_approved,FALSE
SAQ_0602,DEV_MOA20030005,CABOOL APTS I,2003,28,SAC_01221,MOA20030005,DEV_MOA20030005,MOA20030005,1,retain_current_development,not_approved,FALSE
SAQ_0603,DEV_MOA19970185,MORITZ PLACE PHASE II,1997,52,SAC_01222,MOA19970185,DEV_MOA19970185,MOA19970185,1,retain_current_development,not_approved,FALSE
SAQ_0603,DEV_MOA20109118,MORITZ PLACE PHASE I,2010,56,SAC_01223,MOA20109118,DEV_MOA20109118,MOA20109118,1,retain_current_development,not_approved,FALSE
SAQ_0604,DEV_MOA19949298,NORTH HAMPTON VILLAGE LP,1994,48,SAC_01224,MOA19949298,DEV_MOA19949298,MOA19949298,1,retain_current_development,not_approved,FALSE
SAQ_0604,DEV_MOA19960240,NORTH HAMPTON PLACE,1996,36,SAC_01225,MOA19960240,DEV_MOA19960240,MOA19960240,1,retain_current_development,not_approved,FALSE
SAQ_0605,DEV_MOA19890520,DUENWEG APTS,1989,32,SAC_01226,MOA19890520,DEV_MOA19890520,MOA19890520,1,retain_current_development,not_approved,FALSE
SAQ_0605,DEV_MOA19990050,DUENWEG APTS II,1999,24,SAC_01227,MOA19990050,DEV_MOA19990050,MOA19990050,1,retain_current_development,not_approved,FALSE
SAQ_0606,DEV_MOA19920345,MEADOW VIEW APTS,1992,12,SAC_01228,MOA19920345,DEV_MOA19920345,MOA19920345,1,retain_current_development,not_approved,FALSE
SAQ_0606,DEV_MOA20160019,MEADOWVIEW I APARTMENTS& MEADOWVIEW II A,2016,36,SAC_01229,MOA20160019,DEV_MOA20160019,MOA20160019,1,retain_current_development,not_approved,FALSE
SAQ_0607,DEV_MOA19980170,OAK KNOLL APTS,1998,48,SAC_01230,MOA19980170,DEV_MOA19980170,MOA19980170,1,retain_current_development,not_approved,FALSE
SAQ_0607,DEV_MOA19980175,OAK KNOLL APTS PHASE II,1998,48,SAC_01231,MOA19980175,DEV_MOA19980175,MOA19980175,1,retain_current_development,not_approved,FALSE
SAQ_0608,DEV_MOA19920370,OAKVIEW APTS,1992,24,SAC_01232,MOA19920370,DEV_MOA19920370,MOA19920370,1,retain_current_development,not_approved,FALSE
SAQ_0608,DEV_MOA20090050,HANNIBAL APTS,2009,72,SAC_01233,MOA20090050,DEV_MOA20090050,MOA20090050,1,retain_current_development,not_approved,FALSE
SAQ_0609,DEV_MOA19920240,JACKSON VILLA 2,1992,12,SAC_01234,MOA19920240,DEV_MOA19920240,MOA19920240,1,retain_current_development,not_approved,FALSE
SAQ_0609,DEV_MOA20130015,JACKSON VILLA,2013,48,SAC_01235,MOA20130015,DEV_MOA20130015,MOA20130015,1,retain_current_development,not_approved,FALSE
SAQ_0610,DEV_MOA19900450,LINWOOD BLVD APTS,1990,20,SAC_01236,MOA19900450,DEV_MOA19900450,MOA19900450,1,retain_current_development,not_approved,FALSE
SAQ_0610,DEV_MOA20070090,JUSTIN PLACE APTS,2007,100,SAC_01237,MOA20070090,DEV_MOA20070090,MOA20070090,1,retain_current_development,not_approved,FALSE
SAQ_0611,DEV_MOA19900185,4226-32 PASEO,1990,4,SAC_01238,MOA19900185,DEV_MOA19900185,MOA19900185,1,retain_current_development,not_approved,FALSE
SAQ_0611,DEV_MOA19930150,FOUR-PLEX BUILDING,1993,4,SAC_01239,MOA19930150,DEV_MOA19930150,MOA19930150,1,retain_current_development,not_approved,FALSE
SAQ_0612,DEV_MOA19880570,911 S APACHE DR,1988,24,SAC_01240,MOA19880570,DEV_MOA19880570,MOA19880570,1,retain_current_development,not_approved,FALSE
SAQ_0612,DEV_MOA20200019,WESTPORT VILLAGE,2020,24,SAC_01241,MOA20200019,DEV_MOA20200019,MOA20200019,1,retain_current_development,not_approved,FALSE
SAQ_0613,DEV_MOA19900310,BELLE FIELD APTS,1990,24,SAC_01242,MOA19900310,DEV_MOA19900310,MOA19900310,1,retain_current_development,not_approved,FALSE
SAQ_0613,DEV_MOA20110025,BELLEFIELD ESTATES,2011,22,SAC_01243,MOA20110025,DEV_MOA20110025,MOA20110025,1,retain_current_development,not_approved,FALSE
SAQ_0614,DEV_MOA19880690,NORTH ASH STREET,1988,16,SAC_01244,MOA19880690,DEV_MOA19880690,MOA19880690,1,retain_current_development,not_approved,FALSE
SAQ_0614,DEV_MOA19910520,VALLEY VIEW APTS II,1991,16,SAC_01245,MOA19910520,DEV_MOA19910520,MOA19910520,1,retain_current_development,not_approved,FALSE
SAQ_0614,DEV_MOA19960330,VALLEY VIEW APTS III,1996,20,SAC_01246,MOA19960330,DEV_MOA19960330,MOA19960330,1,retain_current_development,not_approved,FALSE
SAQ_0615,DEV_MOA19940070,ABBEY ORCHARD APTS II,1994,56,SAC_01247,MOA19940070,DEV_MOA19940070,MOA19940070,1,retain_current_development,not_approved,FALSE
SAQ_0615,DEV_MOA19940090,BRANSON/CHRISTIAN CO,1994,48,SAC_01248,MOA19940090,DEV_MOA19940090,MOA19940090,1,retain_current_development,not_approved,FALSE
SAQ_0616,DEV_MOA19980065,FOREST PARK,1998,2,SAC_01249,MOA19980065,DEV_MOA19980065,MOA19980065,1,retain_current_development,not_approved,FALSE
SAQ_0616,DEV_MOA19980260,VILLAS AT FOREST PARK,1998,40,SAC_01250,MOA19980260,DEV_MOA19980260,MOA19980260,1,retain_current_development,not_approved,FALSE
SAQ_0617,DEV_MOA19890504,ANDERSON COUNTRY ESTATES,1989,24,SAC_01251,MOA19890504,DEV_MOA19890504,MOA19890504,1,retain_current_development,not_approved,FALSE
SAQ_0617,DEV_MOA20070010,ANDERSON ESTATES,2007,62,SAC_01252,MOA20070010,DEV_MOA20070010,MOA20070010,1,retain_current_development,not_approved,FALSE
SAQ_0618,DEV_MOA19960280,PURDY SENIOR II,1996,20,SAC_01253,MOA19960280,DEV_MOA19960280,MOA19960280,1,retain_current_development,not_approved,FALSE
SAQ_0618,DEV_MOA19960285,PURDY SENIORS I,1996,20,SAC_01254,MOA19960285,DEV_MOA19960285,MOA19960285,1,retain_current_development,not_approved,FALSE
SAQ_0619,DEV_MOA19870360,REPUBLIC HEIGHTS APTS,1987,12,SAC_01255,MOA19870360,DEV_MOA19870360,MOA19870360,1,retain_current_development,not_approved,FALSE
SAQ_0619,DEV_MOA19880720,REPUBLIC APTS III,1988,24,SAC_01256,MOA19880720,DEV_MOA19880720,MOA19880720,1,retain_current_development,not_approved,FALSE
SAQ_0620,DEV_MOA20160043,WEST CLAY SENIOR LIVING,2016,60,SAC_01257,MOA20160043,DEV_MOA20160043,MOA20160043,1,retain_current_development,not_approved,FALSE
SAQ_0620,DEV_MOA20200018,WEST CLAY SENIOR LIVING PHASE II,2020,38,SAC_01258,MOA20200018,DEV_MOA20200018,MOA20200018,1,retain_current_development,not_approved,FALSE
SAQ_0621,DEV_MOA19890680,FOURTH & OHIO,1989,68,SAC_01259,MOA19890680,DEV_MOA19890680,MOA19890680,1,retain_current_development,not_approved,FALSE
SAQ_0621,DEV_MOA20110060,COMMERCE BUILDING LOFTS,2011,26,SAC_01260,MOA20110060,DEV_MOA20110060,MOA20110060,1,retain_current_development,not_approved,FALSE
SAQ_0622,DEV_MOA19870085,WILSHIRE-HUGHES II,1987,54,SAC_01261,MOA19870085,DEV_MOA19870085,MOA19870085,2,merge_to_review_cluster,not_approved,FALSE
SAQ_0622,DEV_MOA19880660,JOHN B HUGHES APTS II,1988,54,SAC_01261,MOA19880660,DEV_MOA19870085,MOA19870085,2,merge_to_review_cluster,not_approved,FALSE
SAQ_0623,DEV_MOA19870095,WILSHIRE-HUGHES I,1987,84,SAC_01262,MOA19870095,DEV_MOA19870095,MOA19870095,2,merge_to_review_cluster,not_approved,FALSE
SAQ_0623,DEV_MOA19880655,JOHN B HUGHES APTS I,1988,84,SAC_01262,MOA19880655,DEV_MOA19870095,MOA19870095,2,merge_to_review_cluster,not_approved,FALSE
SAQ_0624,DEV_MOA19870370,SHERDAN APTS,1987,9,SAC_01263,MOA19870370,DEV_MOA19870370,MOA19870370,1,retain_current_development,not_approved,FALSE
SAQ_0624,DEV_MOA19880355,4301-07 NORTH 20TH,1988,12,SAC_01264,MOA19880355,DEV_MOA19880355,MOA19880355,1,retain_current_development,not_approved,FALSE
SAQ_0625,DEV_MSA00000395,JWS APTS,,4,SAC_01265,MSA00000395,DEV_MSA19890239,MSA19890239,2,merge_to_review_cluster,not_approved,FALSE
SAQ_0625,DEV_MSA19890239,J W S APTS,1989,4,SAC_01265,MSA19890239,DEV_MSA19890239,MSA19890239,2,merge_to_review_cluster,not_approved,FALSE
SAQ_0625,DEV_MSA19890195,CANAL STREET D,1989,4,SAC_01266,MSA19890195,DEV_MSA19890195,MSA19890195,1,retain_current_development,not_approved,FALSE
SAQ_0625,DEV_MSA20080105,CYPRESS MEADOW APTS,2008,48,SAC_01267,MSA20080105,DEV_MSA20080105,MSA20080105,1,retain_current_development,not_approved,FALSE
SAQ_0626,DEV_MSA00000385,JWS APTS BUILDING K,,4,SAC_01268,MSA00000385,DEV_MSA00000385,MSA00000385,1,retain_current_development,not_approved,FALSE
SAQ_0626,DEV_MSA19890240,J W S APTS-K,1989,4,SAC_01269,MSA19890240,DEV_MSA19890240,MSA19890240,1,retain_current_development,not_approved,FALSE
SAQ_0627,DEV_MSA00000390,JWS APTS BUILDING L,,4,SAC_01270,MSA00000390,DEV_MSA00000390,MSA00000390,1,retain_current_development,not_approved,FALSE
SAQ_0627,DEV_MSA19890237,J W S APTS,1989,4,SAC_01271,MSA19890237,DEV_MSA19890237,MSA19890237,1,retain_current_development,not_approved,FALSE
SAQ_0627,DEV_MSA19890241,J W S APTS-L,1989,4,SAC_01272,MSA19890241,DEV_MSA19890241,MSA19890241,1,retain_current_development,not_approved,FALSE
SAQ_0628,DEV_MSA20110110,UNITED FAMILY LIFE VILLAGE II,2011,36,SAC_01273,MSA20110110,DEV_MSA20110110,MSA20110110,1,retain_current_development,not_approved,FALSE
SAQ_0628,DEV_MSA20110115,UNITED FAMILY LIFE VILLAGE III,2011,40,SAC_01274,MSA20110115,DEV_MSA20110115,MSA20110115,1,retain_current_development,not_approved,FALSE
SAQ_0629,DEV_MSA19930015,CLINTON HEIGHTS,1993,48,SAC_01275,MSA19930015,DEV_MSA19930015,MSA19930015,2,merge_to_review_cluster,not_approved,FALSE
SAQ_0629,DEV_MSA20240011,THE HEIGHTS AT CLINTON,2024,48,SAC_01275,MSA20240011,DEV_MSA19930015,MSA19930015,2,merge_to_review_cluster,not_approved,FALSE
SAQ_0630,DEV_MSA19890059,BROADWAY TERRACE,1989,48,SAC_01276,MSA19890059,DEV_MSA19890059,MSA19890059,1,retain_current_development,not_approved,FALSE
SAQ_0630,DEV_MSA19890189,BROADWAY TERRACE APTS (89-070),1989,48,SAC_01277,MSA19890189,DEV_MSA19890189,MSA19890189,1,retain_current_development,not_approved,FALSE
SAQ_0631,DEV_MSA19870018,LEAD-BAYOU-APTS,1987,47,SAC_01278,MSA19870018,DEV_MSA19870018,MSA19870018,1,retain_current_development,not_approved,FALSE
SAQ_0631,DEV_MSA19890066,CYPRESS VIEW ESTATES,1989,24,SAC_01279,MSA19890066,DEV_MSA19890066,MSA19890066,1,retain_current_development,not_approved,FALSE
SAQ_0632,DEV_MSA20200008,HARTWOOD APARTMENTS I,2020,40,SAC_01280,MSA20200008,DEV_MSA20200008,MSA20200008,1,retain_current_development,not_approved,FALSE
SAQ_0632,DEV_MSA20200009,HARTWOOD APARTMENTS II,2020,40,SAC_01281,MSA20200009,DEV_MSA20200009,MSA20200009,1,retain_current_development,not_approved,FALSE
SAQ_0633,DEV_MSA20000060,RIVERWALK APTS PHASE I,2000,32,SAC_01282,MSA20000060,DEV_MSA20000060,MSA20000060,1,retain_current_development,not_approved,FALSE
SAQ_0633,DEV_MSA20020030,RIVERWALK APTS PHASE II,2002,72,SAC_01283,MSA20020030,DEV_MSA20020030,MSA20020030,1,retain_current_development,not_approved,FALSE
SAQ_0634,DEV_MSA19940055,GREENWOOD PLACE,1994,36,SAC_01284,MSA19940055,DEV_MSA19940055,MSA19940055,1,retain_current_development,not_approved,FALSE
SAQ_0634,DEV_MSA20040055,WILLIAMSBURG ESTATES I,2004,49,SAC_01285,MSA20040055,DEV_MSA20040055,MSA20040055,1,retain_current_development,not_approved,FALSE
SAQ_0635,DEV_MSA20050065,STONEGATE APTS (GULFPORT),2005,44,SAC_01286,MSA20050065,DEV_MSA20050065,MSA20050065,2,merge_to_review_cluster,not_approved,FALSE
SAQ_0635,DEV_MSA20230009,STONEGATE,2023,44,SAC_01286,MSA20230009,DEV_MSA20050065,MSA20050065,2,merge_to_review_cluster,not_approved,FALSE
SAQ_0636,DEV_MSA20050005,BROOKSTONE PARK APTS I,2005,48,SAC_01287,MSA20050005,DEV_MSA20050005,MSA20050005,1,retain_current_development,not_approved,FALSE
SAQ_0636,DEV_MSA20050010,BROOKSTONE PARK APTS II,2005,48,SAC_01288,MSA20050010,DEV_MSA20050010,MSA20050010,1,retain_current_development,not_approved,FALSE
SAQ_0637,DEV_MSA20120035,MILL CREEK PLACE,2012,26,SAC_01289,MSA20120035,DEV_MSA20120035,MSA20120035,1,retain_current_development,not_approved,FALSE
SAQ_0637,DEV_MSA20130009,MILL CREEK PLACE II,2013,26,SAC_01290,MSA20130009,DEV_MSA20130009,MSA20130009,1,retain_current_development,not_approved,FALSE
SAQ_0638,DEV_MSA20030075,WISTERIA ESTATES 01,2003,30,SAC_01291,MSA20030075,DEV_MSA20030075,MSA20030075,1,retain_current_development,not_approved,FALSE
SAQ_0638,DEV_MSA20030080,WISTERIA ESTATES 02,2003,30,SAC_01292,MSA20030080,DEV_MSA20030080,MSA20030080,1,retain_current_development,not_approved,FALSE
SAQ_0639,DEV_MSA20010032,PARK PINES APTS PHASE I,2001,48,SAC_01293,MSA20010032,DEV_MSA20010032,MSA20010032,1,retain_current_development,not_approved,FALSE
SAQ_0639,DEV_MSA20010033,PARK PINES APTS PHASE II,2001,48,SAC_01294,MSA20010033,DEV_MSA20010033,MSA20010033,1,retain_current_development,not_approved,FALSE
SAQ_0640,DEV_MSA19990095,PINE HAVEN HEIGHTS PHASE II,1999,32,SAC_01295,MSA19990095,DEV_MSA19990095,MSA19990095,1,retain_current_development,not_approved,FALSE
SAQ_0640,DEV_MSA19990105,PINE HAVEN HEIGHTS 99,1999,20,SAC_01296,MSA19990105,DEV_MSA19990105,MSA19990105,1,retain_current_development,not_approved,FALSE
SAQ_0641,DEV_MSA19880044,SOUTHERN VILLAGE AB&C,1988,11,SAC_01297,MSA19880044,DEV_MSA19880044,MSA19880044,1,retain_current_development,not_approved,FALSE
SAQ_0641,DEV_MSA19880151,"SOUTHERN VILLAGE A, B, & C",1988,7,SAC_01298,MSA19880151,DEV_MSA19880151,MSA19880151,1,retain_current_development,not_approved,FALSE
SAQ_0642,DEV_MSA20050050,PIEDMONT PARK I,2005,104,SAC_01299,MSA20050050,DEV_MSA20050050,MSA20050050,1,retain_current_development,not_approved,FALSE
SAQ_0642,DEV_MSA20050055,PIEDMONT PARK II,2005,48,SAC_01300,MSA20050055,DEV_MSA20050055,MSA20050055,1,retain_current_development,not_approved,FALSE
SAQ_0643,DEV_MSA20180004,PINE VIEW I,2018,48,SAC_01301,MSA20180004,DEV_MSA20180004,MSA20180004,1,retain_current_development,not_approved,FALSE
SAQ_0643,DEV_MSA20180005,PINE VIEW II,2018,48,SAC_01302,MSA20180005,DEV_MSA20180005,MSA20180005,1,retain_current_development,not_approved,FALSE
SAQ_0644,DEV_MSA19890063,CANTEBURY APTS,1989,48,SAC_01303,MSA19890063,DEV_MSA19890063,MSA19890063,2,merge_to_review_cluster,not_approved,FALSE
SAQ_0644,DEV_MSA19890197,CANTERBURY APTS,1989,48,SAC_01303,MSA19890197,DEV_MSA19890063,MSA19890063,2,merge_to_review_cluster,not_approved,FALSE
SAQ_0645,DEV_MSA19960125,VIRDEN PARK APTS,1996,72,SAC_01304,MSA19960125,DEV_MSA19960125,MSA19960125,1,retain_current_development,not_approved,FALSE
SAQ_0645,DEV_MSA20120010,CADE COURTYARD SENIOR APTS,2012,41,SAC_01305,MSA20120010,DEV_MSA20120010,MSA20120010,1,retain_current_development,not_approved,FALSE
SAQ_0646,DEV_MSA20030026,FOREST PARK APTS,2003,120,SAC_01306,MSA20030026,DEV_MSA20030026,MSA20030026,1,retain_current_development,not_approved,FALSE
SAQ_0646,DEV_MSA20220008,FOREST PARK APARTMENTS II,2022,120,SAC_01307,MSA20220008,DEV_MSA20220008,MSA20220008,1,retain_current_development,not_approved,FALSE
SAQ_0647,DEV_MSA19880020,DMO ENTERPRISES,1988,4,SAC_01308,MSA19880020,DEV_MSA19880020,MSA19880020,2,merge_to_review_cluster,not_approved,FALSE
SAQ_0647,DEV_MSA19880099,DMD ENTERPRISES,1988,4,SAC_01308,MSA19880099,DEV_MSA19880020,MSA19880020,2,merge_to_review_cluster,not_approved,FALSE
SAQ_0648,DEV_MSA19890234,HOLMES APTS,1989,4,SAC_01309,MSA19890234,DEV_MSA19890234,MSA19890234,2,merge_to_review_cluster,not_approved,FALSE
SAQ_0648,DEV_MSA19900130,HOLMES STREET APTS,1990,4,SAC_01309,MSA19900130,DEV_MSA19890234,MSA19890234,2,merge_to_review_cluster,not_approved,FALSE
SAQ_0649,DEV_MSA19880035,PURDY APTS,1988,4,SAC_01310,MSA19880035,DEV_MSA19880035,MSA19880035,1,retain_current_development,not_approved,FALSE
SAQ_0649,DEV_MSA19880135,PURDY APTS I,1988,16,SAC_01311,MSA19880135,DEV_MSA19880135,MSA19880135,1,retain_current_development,not_approved,FALSE
SAQ_0650,DEV_MSA19870004,336 SEWANEE DR,1987,1,SAC_01312,MSA19870004,DEV_MSA19870004,MSA19870004,1,retain_current_development,not_approved,FALSE
SAQ_0650,DEV_MSA19880069,336 SEWANEE,1988,1,SAC_01313,MSA19880069,DEV_MSA19880069,MSA19880069,1,retain_current_development,not_approved,FALSE
SAQ_0651,DEV_MSA00000475,MACK APTS,,4,SAC_01314,MSA00000475,DEV_MSA00000475,MSA00000475,1,retain_current_development,not_approved,FALSE
SAQ_0651,DEV_MSA19890098,WILCHAR APTS #4,1989,4,SAC_01315,MSA19890098,DEV_MSA19890098,MSA19890098,1,retain_current_development,not_approved,FALSE
SAQ_0652,DEV_MSA20050015,CAMERON PARK APTS I,2005,96,SAC_01316,MSA20050015,DEV_MSA20050015,MSA20050015,1,retain_current_development,not_approved,FALSE
SAQ_0652,DEV_MSA20050020,CAMERON PARK APTS II,2005,72,SAC_01317,MSA20050020,DEV_MSA20050020,MSA20050020,1,retain_current_development,not_approved,FALSE
SAQ_0653,DEV_MSA19880142,REMEMBRANCE PLACE APT A,1988,4,SAC_01318,MSA19880142,DEV_MSA19880142,MSA19880142,1,retain_current_development,not_approved,FALSE
SAQ_0653,DEV_MSA19880143,REMEMBRANCE PLACE APT B,1988,4,SAC_01319,MSA19880143,DEV_MSA19880143,MSA19880143,1,retain_current_development,not_approved,FALSE
SAQ_0653,DEV_MSA19880144,REMEMBRANCE PLACE APT C,1988,4,SAC_01320,MSA19880144,DEV_MSA19880144,MSA19880144,1,retain_current_development,not_approved,FALSE
SAQ_0654,DEV_MSA19890069,FRENCH APTS,1989,16,SAC_01321,MSA19890069,DEV_MSA19890069,MSA19890069,1,retain_current_development,not_approved,FALSE
SAQ_0654,DEV_MSA19890211,FRENCH APTS(REFER 88-62),1989,8,SAC_01322,MSA19890211,DEV_MSA19890211,MSA19890211,1,retain_current_development,not_approved,FALSE
SAQ_0655,DEV_MSA19890198,CHALET VILLAGE PHASE II,1989,116,SAC_01323,MSA19890198,DEV_MSA19890198,MSA19890198,1,retain_current_development,not_approved,FALSE
SAQ_0655,DEV_MSA19910056,CHALET VILLAGE PHASE I,1991,60,SAC_01324,MSA19910056,DEV_MSA19910056,MSA19910056,1,retain_current_development,not_approved,FALSE
SAQ_0656,DEV_MSA19980001,ARBOR PARK I,1998,160,SAC_01325,MSA19980001,DEV_MSA19980001,MSA19980001,1,retain_current_development,not_approved,FALSE
SAQ_0656,DEV_MSA19980002,ARBOR PARK II,1998,56,SAC_01326,MSA19980002,DEV_MSA19980002,MSA19980002,1,retain_current_development,not_approved,FALSE
SAQ_0657,DEV_MSA19960106,WILLOW POINT APTS II,1996,120,SAC_01327,MSA19960106,DEV_MSA19960106,MSA19960106,1,retain_current_development,not_approved,FALSE
SAQ_0657,DEV_MSA19990132,WILLOW POINT APTS I,1999,40,SAC_01328,MSA19990132,DEV_MSA19990132,MSA19990132,1,retain_current_development,not_approved,FALSE
SAQ_0658,DEV_MSA20020012,BRISTOL PARK APTS,2002,152,SAC_01329,MSA20020012,DEV_MSA20020012,MSA20020012,1,retain_current_development,not_approved,FALSE
SAQ_0658,DEV_MSA20080015,AVALON PARK APTS,2008,128,SAC_01330,MSA20080015,DEV_MSA20080015,MSA20080015,1,retain_current_development,not_approved,FALSE
SAQ_0659,DEV_MSA19890171,902 EMINENCE ROW\WONSLEY PROJECT,1989,2,SAC_01331,MSA19890171,DEV_MSA19890171,MSA19890171,1,retain_current_development,not_approved,FALSE
SAQ_0659,DEV_MSA19900116,902 EMINENCE ROW,1990,2,SAC_01332,MSA19900116,DEV_MSA19900116,MSA19900116,1,retain_current_development,not_approved,FALSE
SAQ_0660,DEV_MSA19890051,908 EMINENCE ROW,1989,2,SAC_01333,MSA19890051,DEV_MSA19890051,MSA19890051,1,retain_current_development,not_approved,FALSE
SAQ_0660,DEV_MSA19890173,908 EMINENCE ROW\WONSLEY PROJECT,1989,2,SAC_01334,MSA19890173,DEV_MSA19890173,MSA19890173,1,retain_current_development,not_approved,FALSE
SAQ_0661,DEV_MSA19880042,S & J MANOR,1988,4,SAC_01335,MSA19880042,DEV_MSA19880042,MSA19880042,2,merge_to_review_cluster,not_approved,FALSE
SAQ_0661,DEV_MSA19880081,C & J APTS,1988,4,SAC_01335,MSA19880081,DEV_MSA19880042,MSA19880042,2,merge_to_review_cluster,not_approved,FALSE
SAQ_0662,DEV_MSA19890093,RIDGE CREEK APTS - BLDG A,1989,4,SAC_01336,MSA19890093,DEV_MSA19890093,MSA19890093,1,retain_current_development,not_approved,FALSE
SAQ_0662,DEV_MSA19890273,RIDGE CREEK APTS B,1989,4,SAC_01337,MSA19890273,DEV_MSA19890273,MSA19890273,2,merge_to_review_cluster,not_approved,FALSE
SAQ_0662,DEV_MSA19900135,RIDGE CREEK APTS - BLDG B,1990,4,SAC_01337,MSA19900135,DEV_MSA19890273,MSA19890273,2,merge_to_review_cluster,not_approved,FALSE
SAQ_0663,DEV_MSA20190009,PALISADES PARK,2019,16,SAC_01338,MSA20190009,DEV_MSA20190009,MSA20190009,1,retain_current_development,not_approved,FALSE
SAQ_0663,DEV_MSA20190010,PALISADES PARK II,2019,16,SAC_01339,MSA20190010,DEV_MSA20190010,MSA20190010,1,retain_current_development,not_approved,FALSE
SAQ_0664,DEV_MSA20220001,BEACON HOMES,2022,54,SAC_01340,MSA20220001,DEV_MSA20220001,MSA20220001,1,retain_current_development,not_approved,FALSE
SAQ_0664,DEV_MSA20220002,BEACON HOMES PHASE II,2022,24,SAC_01341,MSA20220002,DEV_MSA20220002,MSA20220002,1,retain_current_development,not_approved,FALSE
SAQ_0665,DEV_MSA19920025,CEDAR CREEK APTS,1992,16,SAC_01342,MSA19920025,DEV_MSA19920025,MSA19920025,1,retain_current_development,not_approved,FALSE
SAQ_0665,DEV_MSA19920150,WESTSIDE APTS,1992,32,SAC_01343,MSA19920150,DEV_MSA19920150,MSA19920150,1,retain_current_development,not_approved,FALSE
SAQ_0666,DEV_MSA19990110,PINEVIEW ESTATES PHASE I,1999,16,SAC_01344,MSA19990110,DEV_MSA19990110,MSA19990110,1,retain_current_development,not_approved,FALSE
SAQ_0666,DEV_MSA19990117,PINEVIEW HEIGHTS PHASE II,1999,20,SAC_01345,MSA19990117,DEV_MSA19990117,MSA19990117,1,retain_current_development,not_approved,FALSE
SAQ_0667,DEV_MSA20060010,AZALEA PARK APTS PHASE I,2006,96,SAC_01346,MSA20060010,DEV_MSA20060010,MSA20060010,1,retain_current_development,not_approved,FALSE
SAQ_0667,DEV_MSA20060015,AZALEA PARK APTS PHASE II,2006,40,SAC_01347,MSA20060015,DEV_MSA20060015,MSA20060015,1,retain_current_development,not_approved,FALSE
SAQ_0667,DEV_MSA20070005,AZALEA PARK APTS PHASE III,2007,40,SAC_01348,MSA20070005,DEV_MSA20070005,MSA20070005,1,retain_current_development,not_approved,FALSE
SAQ_0668,DEV_MSA19960060,ESCATAWAPA VILLAGE APTS,1996,32,SAC_01349,MSA19960060,DEV_MSA19960060,MSA19960060,1,retain_current_development,not_approved,FALSE
SAQ_0668,DEV_MSA20190006,ESCATAWPA VILLAGE APARTMENTS,2019,31,SAC_01350,MSA20190006,DEV_MSA20190006,MSA20190006,1,retain_current_development,not_approved,FALSE
SAQ_0669,DEV_MSA19880023,KINGSWOOD APTS,1988,24,SAC_01351,MSA19880023,DEV_MSA19880023,MSA19880023,1,retain_current_development,not_approved,FALSE
SAQ_0669,DEV_MSA19880108,KINGSWOOD APTS II,1988,24,SAC_01352,MSA19880108,DEV_MSA19880108,MSA19880108,1,retain_current_development,not_approved,FALSE
SAQ_0670,DEV_MSA19980031,LOWER WOODVILLE HEIGHTS I,1998,40,SAC_01353,MSA19980031,DEV_MSA19980031,MSA19980031,1,retain_current_development,not_approved,FALSE
SAQ_0670,DEV_MSA19980032,LOWER WOODVILLE HEIGHTS II,1998,20,SAC_01354,MSA19980032,DEV_MSA19980032,MSA19980032,1,retain_current_development,not_approved,FALSE
SAQ_0670,DEV_MSA20150015,LOWER WOODVILLE APARTMENTS,2015,60,SAC_01355,MSA20150015,DEV_MSA20150015,MSA20150015,1,retain_current_development,not_approved,FALSE
SAQ_0671,DEV_MSA00000004,BRITTANY ARMS APTS,,30,SAC_01356,MSA00000004,DEV_MSA00000004,MSA00000004,1,retain_current_development,not_approved,FALSE
SAQ_0671,DEV_MSA20010005,BRITTANY ARMS II,2001,40,SAC_01357,MSA20010005,DEV_MSA20010005,MSA20010005,1,retain_current_development,not_approved,FALSE
SAQ_0672,DEV_MSA20020018,HERITAGE PARK APTS PHASE I,2002,48,SAC_01358,MSA20020018,DEV_MSA20020018,MSA20020018,1,retain_current_development,not_approved,FALSE
SAQ_0672,DEV_MSA20020019,HERITAGE PARK APTS PHASE II,2002,48,SAC_01359,MSA20020019,DEV_MSA20020019,MSA20020019,1,retain_current_development,not_approved,FALSE
SAQ_0673,DEV_MSA19980056,PLANTERSVILLE TOWNHOUSES,1998,30,SAC_01360,MSA19980056,DEV_MSA19980056,MSA19980056,1,retain_current_development,not_approved,FALSE
SAQ_0673,DEV_MSA20140150,WISTERIA APTS (PLANTERSVILLE),2014,30,SAC_01361,MSA20140150,DEV_MSA20140150,MSA20140150,1,retain_current_development,not_approved,FALSE
SAQ_0674,DEV_MSA19880021,EAST MAGNOLIA VILLIAGE APTS,1988,24,SAC_01362,MSA19880021,DEV_MSA19880021,MSA19880021,2,merge_to_review_cluster,not_approved,FALSE
SAQ_0674,DEV_MSA19880101,EAST MAGNOLIA VILLAGE APTS,1988,24,SAC_01362,MSA19880101,DEV_MSA19880021,MSA19880021,2,merge_to_review_cluster,not_approved,FALSE
SAQ_0675,DEV_MSA19940130,RICHLAND APTS,1994,48,SAC_01363,MSA19940130,DEV_MSA19940130,MSA19940130,1,retain_current_development,not_approved,FALSE
SAQ_0675,DEV_MSA20240008,RICHLAND GARDENS,2024,54,SAC_01364,MSA20240008,DEV_MSA20240008,MSA20240008,1,retain_current_development,not_approved,FALSE
SAQ_0676,DEV_MSA20030030,FOX RIDGE ESTATES II,2003,32,SAC_01365,MSA20030030,DEV_MSA20030030,MSA20030030,1,retain_current_development,not_approved,FALSE
SAQ_0676,DEV_MSA20030045,KIRBY ROAD ESTATES 00-01,2003,58,SAC_01366,MSA20030045,DEV_MSA20030045,MSA20030045,1,retain_current_development,not_approved,FALSE
SAQ_0676,DEV_MSA20030050,KIRBY ROAD ESTATES 01-02,2003,62,SAC_01367,MSA20030050,DEV_MSA20030050,MSA20030050,1,retain_current_development,not_approved,FALSE
SAQ_0676,DEV_MSA20030070,SHADY LANE II,2003,96,SAC_01368,MSA20030070,DEV_MSA20030070,MSA20030070,1,retain_current_development,not_approved,FALSE
SAQ_0677,DEV_MSA20020035,SANDHILL ARMS,2002,50,SAC_01369,MSA20020035,DEV_MSA20020035,MSA20020035,1,retain_current_development,not_approved,FALSE
SAQ_0677,DEV_MSA20020040,SOUTHGATE ARMS,2002,74,SAC_01370,MSA20020040,DEV_MSA20020040,MSA20020040,1,retain_current_development,not_approved,FALSE
SAQ_0678,DEV_MSA20040005,CHANDLER PARK APTS I,2004,98,SAC_01371,MSA20040005,DEV_MSA20040005,MSA20040005,1,retain_current_development,not_approved,FALSE
SAQ_0678,DEV_MSA20040010,CHANDLER PARK APTS II,2004,70,SAC_01372,MSA20040010,DEV_MSA20040010,MSA20040010,1,retain_current_development,not_approved,FALSE
SAQ_0679,DEV_MSA19910208,SUNFLOWER RIVER APTS,1991,24,SAC_01373,MSA19910208,DEV_MSA19910208,MSA19910208,2,merge_to_review_cluster,not_approved,FALSE
SAQ_0679,DEV_MSA20210029,SUNFLOWER RIVER APARTMENTS,2021,24,SAC_01373,MSA20210029,DEV_MSA19910208,MSA19910208,2,merge_to_review_cluster,not_approved,FALSE
SAQ_0680,DEV_MSA19990005,ACADEMY HEIGHTS,1999,40,SAC_01374,MSA19990005,DEV_MSA19990005,MSA19990005,1,retain_current_development,not_approved,FALSE
SAQ_0680,DEV_MSA20020005,ACADEMY HEIGHTS II,2002,24,SAC_01375,MSA20020005,DEV_MSA20020005,MSA20020005,1,retain_current_development,not_approved,FALSE
SAQ_0681,DEV_MSA20160001,BARLEY COURT PHASE I,2016,52,SAC_01376,MSA20160001,DEV_MSA20160001,MSA20160001,1,retain_current_development,not_approved,FALSE
SAQ_0681,DEV_MSA20160002,BARLEY COURT PHASE II,2016,48,SAC_01377,MSA20160002,DEV_MSA20160002,MSA20160002,1,retain_current_development,not_approved,FALSE
SAQ_0682,DEV_MSA20140020,CARR CENTRAL APTS I,2014,36,SAC_01378,MSA20140020,DEV_MSA20140020,MSA20140020,1,retain_current_development,not_approved,FALSE
SAQ_0682,DEV_MSA20140030,CARR CENTRAL APTS II,2014,36,SAC_01379,MSA20140030,DEV_MSA20140030,MSA20140030,1,retain_current_development,not_approved,FALSE
SAQ_0683,DEV_MTA19980010,BIG SKY APARTMENTS - PHASE I,1998,24,SAC_01380,MTA19980010,DEV_MTA19980010,MTA19980010,1,retain_current_development,not_approved,FALSE
SAQ_0683,DEV_MTA19989002,BIG SKY APARTMENTS II,1998,12,SAC_01381,MTA19989002,DEV_MTA19989002,MTA19989002,1,retain_current_development,not_approved,FALSE
SAQ_0684,DEV_MTA20120015,CASCADE RIDGE SENIOR LIVING,2012,40,SAC_01382,MTA20120015,DEV_MTA20120015,MTA20120015,1,retain_current_development,not_approved,FALSE
SAQ_0684,DEV_MTA20160001,CASCADE RIDGE RESIDENCES II,2016,16,SAC_01383,MTA20160001,DEV_MTA20160001,MTA20160001,1,retain_current_development,not_approved,FALSE
SAQ_0685,DEV_NCA19940005,1000 PARKTHROUGH ST,1994,1,SAC_01384,NCA19940005,DEV_NCA19940005,NCA19940005,1,retain_current_development,not_approved,FALSE
SAQ_0685,DEV_NCA19949080,PWE 1000 PARKTHROUGH ST,1994,1,SAC_01385,NCA19949080,DEV_NCA19949080,NCA19949080,1,retain_current_development,not_approved,FALSE
SAQ_0686,DEV_NCA19940010,1002 PARKTHROUGH ST,1994,1,SAC_01386,NCA19940010,DEV_NCA19940010,NCA19940010,1,retain_current_development,not_approved,FALSE
SAQ_0686,DEV_NCA19949081,PWE 1002 PARKTHROUGH ST,1994,1,SAC_01387,NCA19949081,DEV_NCA19949081,NCA19949081,1,retain_current_development,not_approved,FALSE
SAQ_0687,DEV_NCA19940040,1008 PARKTHROUGH ST,1994,1,SAC_01388,NCA19940040,DEV_NCA19940040,NCA19940040,1,retain_current_development,not_approved,FALSE
SAQ_0687,DEV_NCA19949082,PWE 1008 PARKTHROUGH ST,1994,1,SAC_01389,NCA19949082,DEV_NCA19949082,NCA19949082,1,retain_current_development,not_approved,FALSE
SAQ_0688,DEV_NCA19940075,1014 PARKTHROUGH ST,1994,1,SAC_01390,NCA19940075,DEV_NCA19940075,NCA19940075,1,retain_current_development,not_approved,FALSE
SAQ_0688,DEV_NCA19949083,PWE 1014 PARKTHROUGH ST,1994,1,SAC_01391,NCA19949083,DEV_NCA19949083,NCA19949083,1,retain_current_development,not_approved,FALSE
SAQ_0689,DEV_NCA19940095,1018 PARKTHROUGH ST,1994,1,SAC_01392,NCA19940095,DEV_NCA19940095,NCA19940095,1,retain_current_development,not_approved,FALSE
SAQ_0689,DEV_NCA19949084,PWE 1018 PARKTHROUGH ST,1994,1,SAC_01393,NCA19949084,DEV_NCA19949084,NCA19949084,1,retain_current_development,not_approved,FALSE
SAQ_0690,DEV_NCA00000063,BOULEVARD PHASE II,,74,SAC_01394,NCA00000063,DEV_NCA00000063,NCA00000063,1,retain_current_development,not_approved,FALSE
SAQ_0690,DEV_NCA00000064,BOULEVARD SENIORS,,110,SAC_01395,NCA00000064,DEV_NCA00000064,NCA00000064,1,retain_current_development,not_approved,FALSE
SAQ_0691,DEV_NCA19880590,TV PROPERTIES,1988,2,SAC_01396,NCA19880590,DEV_NCA19880590,NCA19880590,2,merge_to_review_cluster,not_approved,FALSE
SAQ_0691,DEV_NCA19890670,WINGATE AVENUE,1989,2,SAC_01396,NCA19890670,DEV_NCA19880590,NCA19880590,2,merge_to_review_cluster,not_approved,FALSE
SAQ_0692,DEV_NCA19880595,TV PROPERTIES,1988,2,SAC_01397,NCA19880595,DEV_NCA19880595,NCA19880595,2,merge_to_review_cluster,not_approved,FALSE
SAQ_0692,DEV_NCA19890665,WINGATE AVENUE,1989,2,SAC_01397,NCA19890665,DEV_NCA19880595,NCA19880595,2,merge_to_review_cluster,not_approved,FALSE
SAQ_0693,DEV_NCA19880600,TV PROPERTIES,1988,2,SAC_01398,NCA19880600,DEV_NCA19880600,NCA19880600,2,merge_to_review_cluster,not_approved,FALSE
SAQ_0693,DEV_NCA19890675,WINGATE AVENUE,1989,2,SAC_01398,NCA19890675,DEV_NCA19880600,NCA19880600,2,merge_to_review_cluster,not_approved,FALSE
SAQ_0694,DEV_NCA19920025,318 CROMER ST,1992,1,SAC_01399,NCA19920025,DEV_NCA19920025,NCA19920025,2,merge_to_review_cluster,not_approved,FALSE
SAQ_0694,DEV_NCA19929005,318 CROMER STREET,1992,1,SAC_01399,NCA19929005,DEV_NCA19920025,NCA19920025,2,merge_to_review_cluster,not_approved,FALSE
SAQ_0695,DEV_NCA19950200,5623 WOODARD ST,1995,1,SAC_01400,NCA19950200,DEV_NCA19950200,NCA19950200,1,retain_current_development,not_approved,FALSE
SAQ_0695,DEV_NCA19959089,PWE 5623 WOODARD STREET,1995,1,SAC_01401,NCA19959089,DEV_NCA19959089,NCA19959089,1,retain_current_development,not_approved,FALSE
SAQ_0696,DEV_NCA19940440,MARTIN DUPLEX #2,1994,2,SAC_01402,NCA19940440,DEV_NCA19940440,NCA19940440,1,retain_current_development,not_approved,FALSE
SAQ_0696,DEV_NCA19949076,MARTIN #2 DUPLEX,1994,2,SAC_01403,NCA19949076,DEV_NCA19949076,NCA19949076,1,retain_current_development,not_approved,FALSE
SAQ_0697,DEV_NCA19920115,BROWN BLVD APTS,1992,1,SAC_01404,NCA19920115,DEV_NCA19920115,NCA19920115,2,merge_to_review_cluster,not_approved,FALSE
SAQ_0697,DEV_NCA19929077,PWE BROWN BLVD APTS,1992,1,SAC_01404,NCA19929077,DEV_NCA19920115,NCA19920115,2,merge_to_review_cluster,not_approved,FALSE
SAQ_0698,DEV_NCA19930010,1621 EASTWOOD AVE,1993,1,SAC_01405,NCA19930010,DEV_NCA19930010,NCA19930010,1,retain_current_development,not_approved,FALSE
SAQ_0698,DEV_NCA19939054,PWN 1621 EASTWOOD AVE,1993,1,SAC_01406,NCA19939054,DEV_NCA19939054,NCA19939054,1,retain_current_development,not_approved,FALSE
SAQ_0699,DEV_NCA19930015,1630 ALICE AVE,1993,1,SAC_01407,NCA19930015,DEV_NCA19930015,NCA19930015,1,retain_current_development,not_approved,FALSE
SAQ_0699,DEV_NCA19939037,PWE 1630 ALICE AVE,1993,1,SAC_01408,NCA19939037,DEV_NCA19939037,NCA19939037,1,retain_current_development,not_approved,FALSE
SAQ_0700,DEV_NCA19920060,ALLEN STREET,1992,1,SAC_01409,NCA19920060,DEV_NCA19920060,NCA19920060,2,merge_to_review_cluster,not_approved,FALSE
SAQ_0700,DEV_NCA19929076,PWE ALLEN STREET,1992,1,SAC_01409,NCA19929076,DEV_NCA19920060,NCA19920060,2,merge_to_review_cluster,not_approved,FALSE
SAQ_0701,DEV_NCA19950010,1702 ALICE AVE,1995,1,SAC_01410,NCA19950010,DEV_NCA19950010,NCA19950010,2,merge_to_review_cluster,not_approved,FALSE
SAQ_0701,DEV_NCA19959002,1702 ALICE AVENUE,1995,1,SAC_01410,NCA19959002,DEV_NCA19950010,NCA19950010,2,merge_to_review_cluster,not_approved,FALSE
SAQ_0702,DEV_NCA19920020,2915 LIBERTY RD,1992,1,SAC_01411,NCA19920020,DEV_NCA19920020,NCA19920020,2,merge_to_review_cluster,not_approved,FALSE
SAQ_0702,DEV_NCA19929004,2915 LIBERTY ROAD,1992,1,SAC_01411,NCA19929004,DEV_NCA19920020,NCA19920020,2,merge_to_review_cluster,not_approved,FALSE
SAQ_0703,DEV_NCA19940165,3410 CALUMET PL,1994,3,SAC_01412,NCA19940165,DEV_NCA19940165,NCA19940165,2,merge_to_review_cluster,not_approved,FALSE
SAQ_0703,DEV_NCA19949027,3410 CALUMET PLACE,1994,3,SAC_01412,NCA19949027,DEV_NCA19940165,NCA19940165,2,merge_to_review_cluster,not_approved,FALSE
SAQ_0704,DEV_NCA19900255,IMAN PROPERTY,1990,1,SAC_01413,NCA19900255,DEV_NCA19900255,NCA19900255,2,merge_to_review_cluster,not_approved,FALSE
SAQ_0704,DEV_NCA19909020,PWE IMAN PROPERTY,1990,1,SAC_01413,NCA19909020,DEV_NCA19900255,NCA19900255,2,merge_to_review_cluster,not_approved,FALSE
SAQ_0705,DEV_NCA19950185,3837 W AVE,1995,1,SAC_01414,NCA19950185,DEV_NCA19950185,NCA19950185,2,merge_to_review_cluster,not_approved,FALSE
SAQ_0705,DEV_NCA19959036,3837 WEST AVENUE,1995,1,SAC_01414,NCA19959036,DEV_NCA19950185,NCA19950185,2,merge_to_review_cluster,not_approved,FALSE
SAQ_0706,DEV_NCA19910295,MARQUIS STREET,1991,3,SAC_01415,NCA19910295,DEV_NCA19910295,NCA19910295,2,merge_to_review_cluster,not_approved,FALSE
SAQ_0706,DEV_NCA19919059,PWN MARQUIS STREET,1991,3,SAC_01415,NCA19919059,DEV_NCA19910295,NCA19910295,2,merge_to_review_cluster,not_approved,FALSE
SAQ_0707,DEV_NCA19920030,4410 ANDERSON ST,1992,1,SAC_01416,NCA19920030,DEV_NCA19920030,NCA19920030,1,retain_current_development,not_approved,FALSE
SAQ_0707,DEV_NCA19929082,PWN 4410 ANDERSON ST,1992,1,SAC_01417,NCA19929082,DEV_NCA19929082,NCA19929082,1,retain_current_development,not_approved,FALSE
SAQ_0708,DEV_NCA19940205,728 ROBERSON ST,1994,1,SAC_01418,NCA19940205,DEV_NCA19940205,NCA19940205,2,merge_to_review_cluster,not_approved,FALSE
SAQ_0708,DEV_NCA19949034,728 ROBERSON STREET,1994,1,SAC_01418,NCA19949034,DEV_NCA19940205,NCA19940205,2,merge_to_review_cluster,not_approved,FALSE
SAQ_0709,DEV_NCA19900275,KENWORTH SENIOR CITIZENS CENTER,1990,37,SAC_01419,NCA19900275,DEV_NCA19900275,NCA19900275,1,retain_current_development,not_approved,FALSE
SAQ_0709,DEV_NCA19910240,KENWORTH SENIOR CENTER PHASE II,1991,18,SAC_01420,NCA19910240,DEV_NCA19910240,NCA19910240,1,retain_current_development,not_approved,FALSE
SAQ_0710,DEV_NCA19920325,LEONARD RENTAL UNIT,1992,1,SAC_01421,NCA19920325,DEV_NCA19920325,NCA19920325,2,merge_to_review_cluster,not_approved,FALSE
SAQ_0710,DEV_NCA19929083,PWN LEONARD RENTAL UNIT,1992,1,SAC_01421,NCA19929083,DEV_NCA19920325,NCA19920325,2,merge_to_review_cluster,not_approved,FALSE
SAQ_0711,DEV_NCA19900295,LHS APTS,1990,44,SAC_01422,NCA19900295,DEV_NCA19900295,NCA19900295,2,merge_to_review_cluster,not_approved,FALSE
SAQ_0711,DEV_NCA19909091,LHS APARTMENTS,1990,44,SAC_01422,NCA19909091,DEV_NCA19900295,NCA19900295,2,merge_to_review_cluster,not_approved,FALSE
SAQ_0712,DEV_NCA19930025,1924 TISCHER RD,1993,1,SAC_01423,NCA19930025,DEV_NCA19930025,NCA19930025,1,retain_current_development,not_approved,FALSE
SAQ_0712,DEV_NCA19939038,PWE 1924 TISCHER RD,1993,1,SAC_01424,NCA19939038,DEV_NCA19939038,NCA19939038,1,retain_current_development,not_approved,FALSE
SAQ_0713,DEV_NCA19930040,1929 TISCHER RD,1993,1,SAC_01425,NCA19930040,DEV_NCA19930040,NCA19930040,2,merge_to_review_cluster,not_approved,FALSE
SAQ_0713,DEV_NCA19939005,1929 TISCHER ROAD,1993,1,SAC_01425,NCA19939005,DEV_NCA19930040,NCA19930040,2,merge_to_review_cluster,not_approved,FALSE
SAQ_0714,DEV_NCA0000X202,SUMNER POINTE,,96,SAC_01426,NCA0000X202,DEV_NCA0000X202,NCA0000X202,1,retain_current_development,not_approved,FALSE
SAQ_0714,DEV_NCA0000X205,THE POINTE AT TOWN CENTER,,144,SAC_01427,NCA0000X205,DEV_NCA0000X205,NCA0000X205,1,retain_current_development,not_approved,FALSE
SAQ_0714,DEV_NCA0000X249,SUMNER POINTE II,,96,SAC_01428,NCA0000X249,DEV_NCA0000X249,NCA0000X249,1,retain_current_development,not_approved,FALSE
SAQ_0714,DEV_NCA0000X252,THE POINTE AT TOWN CENTER II,,120,SAC_01429,NCA0000X252,DEV_NCA0000X252,NCA0000X252,1,retain_current_development,not_approved,FALSE
SAQ_0715,DEV_NCA19970110,5418 TALSERWOOD DR,1997,1,SAC_01430,NCA19970110,DEV_NCA19970110,NCA19970110,1,retain_current_development,not_approved,FALSE
SAQ_0715,DEV_NCA19979050,PWE 5418 TALSERWOOD DRIVE,1997,1,SAC_01431,NCA19979050,DEV_NCA19979050,NCA19979050,1,retain_current_development,not_approved,FALSE
SAQ_0716,DEV_NCA19970115,5421 TALSERWOOD DR,1997,1,SAC_01432,NCA19970115,DEV_NCA19970115,NCA19970115,1,retain_current_development,not_approved,FALSE
SAQ_0716,DEV_NCA19979051,PWN 5421 TALSERWOOD DRIVE,1997,1,SAC_01433,NCA19979051,DEV_NCA19979051,NCA19979051,1,retain_current_development,not_approved,FALSE
SAQ_0717,DEV_NCA19900610,SKEETER CREEK APTS,1990,6,SAC_01434,NCA19900610,DEV_NCA19900610,NCA19900610,2,merge_to_review_cluster,not_approved,FALSE
SAQ_0717,DEV_NCA19909021,PWE SKEETER CREEK APTS,1990,6,SAC_01434,NCA19909021,DEV_NCA19900610,NCA19900610,2,merge_to_review_cluster,not_approved,FALSE
SAQ_0718,DEV_NCA19940180,617 CAROLINA AVE,1994,1,SAC_01435,NCA19940180,DEV_NCA19940180,NCA19940180,2,merge_to_review_cluster,not_approved,FALSE
SAQ_0718,DEV_NCA19949029,617 CAROLINA AVENUE,1994,1,SAC_01435,NCA19949029,DEV_NCA19940180,NCA19940180,2,merge_to_review_cluster,not_approved,FALSE
SAQ_0719,DEV_NCA19940185,619 CAROLINA AVE,1994,1,SAC_01436,NCA19940185,DEV_NCA19940185,NCA19940185,2,merge_to_review_cluster,not_approved,FALSE
SAQ_0719,DEV_NCA19949030,619 CAROLINA AVENUE,1994,1,SAC_01436,NCA19949030,DEV_NCA19940185,NCA19940185,2,merge_to_review_cluster,not_approved,FALSE
SAQ_0720,DEV_NCA19940190,621 CAROLINA AVE,1994,1,SAC_01437,NCA19940190,DEV_NCA19940190,NCA19940190,2,merge_to_review_cluster,not_approved,FALSE
SAQ_0720,DEV_NCA19949031,621 CAROLINA AVENUE,1994,1,SAC_01437,NCA19949031,DEV_NCA19940190,NCA19940190,2,merge_to_review_cluster,not_approved,FALSE
SAQ_0721,DEV_NCA19950205,623 CAROLINA AVE,1995,1,SAC_01438,NCA19950205,DEV_NCA19950205,NCA19950205,2,merge_to_review_cluster,not_approved,FALSE
SAQ_0721,DEV_NCA19959039,623 CAROLINA AVENUE,1995,1,SAC_01438,NCA19959039,DEV_NCA19950205,NCA19950205,2,merge_to_review_cluster,not_approved,FALSE
SAQ_0722,DEV_NCA19950225,8107 FARMLEA CIR,1995,1,SAC_01439,NCA19950225,DEV_NCA19950225,NCA19950225,2,merge_to_review_cluster,not_approved,FALSE
SAQ_0722,DEV_NCA19959043,8107 FARMLEA CIRCLE,1995,1,SAC_01439,NCA19959043,DEV_NCA19950225,NCA19950225,2,merge_to_review_cluster,not_approved,FALSE
SAQ_0723,DEV_NCA19950230,8109 FARMLEA CIR,1995,1,SAC_01440,NCA19950230,DEV_NCA19950230,NCA19950230,2,merge_to_review_cluster,not_approved,FALSE
SAQ_0723,DEV_NCA19959044,8109 FARMLEA CIRCLE,1995,1,SAC_01440,NCA19959044,DEV_NCA19950230,NCA19950230,2,merge_to_review_cluster,not_approved,FALSE
SAQ_0724,DEV_NDA20221002,ELLIOTT PLACE FOUR,2022,52,SAC_01441,NDA20221002,DEV_NDA20221002,NDA20221002,1,retain_current_development,not_approved,FALSE
SAQ_0724,DEV_NDA20221003,ELLIOTT PLACE NINE,2022,32,SAC_01442,NDA20221003,DEV_NDA20221003,NDA20221003,1,retain_current_development,not_approved,FALSE
SAQ_0725,DEV_NDA20040035,SITTING BULL COLLEGE NEW #1,2004,18,SAC_01443,NDA20040035,DEV_NDA20040035,NDA20040035,1,retain_current_development,not_approved,FALSE
SAQ_0725,DEV_NDA20049009,SITTING BULL COLLEGE,2004,18,SAC_01444,NDA20049009,DEV_NDA20049009,NDA20049009,1,retain_current_development,not_approved,FALSE
SAQ_0726,DEV_NEA19960005,BLAIR APTS II,1996,24,SAC_01445,NEA19960005,DEV_NEA19960005,NEA19960005,1,retain_current_development,not_approved,FALSE
SAQ_0726,DEV_NEA19960807,BLAIR APTS,1996,48,SAC_01446,NEA19960807,DEV_NEA19960807,NEA19960807,1,retain_current_development,not_approved,FALSE
SAQ_0727,DEV_NEA19970020,CHERRY PARK APTS,1997,60,SAC_01447,NEA19970020,DEV_NEA19970020,NEA19970020,1,retain_current_development,not_approved,FALSE
SAQ_0727,DEV_NEA19990040,CHERRY PARK APTS PHASE II,1999,60,SAC_01448,NEA19990040,DEV_NEA19990040,NEA19990040,1,retain_current_development,not_approved,FALSE
SAQ_0728,DEV_NEA20060045,STONERIDGE APTS,2006,80,SAC_01449,NEA20060045,DEV_NEA20060045,NEA20060045,1,retain_current_development,not_approved,FALSE
SAQ_0728,DEV_NEA20100808,STONERIDGE APTS PHASE II,2010,24,SAC_01450,NEA20100808,DEV_NEA20100808,NEA20100808,1,retain_current_development,not_approved,FALSE
SAQ_0729,DEV_NEA20040030,VILLAGE AT KEARNEY,2004,37,SAC_01451,NEA20040030,DEV_NEA20040030,NEA20040030,1,retain_current_development,not_approved,FALSE
SAQ_0729,DEV_NEA20080803,THE VILLAGE AT KEARNEY II,2008,4,SAC_01452,NEA20080803,DEV_NEA20080803,NEA20080803,1,retain_current_development,not_approved,FALSE
SAQ_0730,DEV_NHA20160002,MAST LANDING UNIT A,2016,32,SAC_01453,NHA20160002,DEV_NHA20160002,NHA20160002,1,retain_current_development,not_approved,FALSE
SAQ_0730,DEV_NHA20160003,MAST LANDING UNIT B,2016,26,SAC_01454,NHA20160003,DEV_NHA20160003,NHA20160003,1,retain_current_development,not_approved,FALSE
SAQ_0731,DEV_NHA20181001,BRADLEY COMMONS I,2018,39,SAC_01455,NHA20181001,DEV_NHA20181001,NHA20181001,1,retain_current_development,not_approved,FALSE
SAQ_0731,DEV_NHA20200001,BRADLEY COMMONS PHASE II,2020,10,SAC_01456,NHA20200001,DEV_NHA20200001,NHA20200001,1,retain_current_development,not_approved,FALSE
SAQ_0732,DEV_NHA20171001,"THE MEADOWS AT GRAPVINE RUN, PHASE I",2017,24,SAC_01457,NHA20171001,DEV_NHA20171001,NHA20171001,1,retain_current_development,not_approved,FALSE
SAQ_0732,DEV_NHA20191003,THE MEADOWS AT GRAPEVINE RUN PHASE II,2019,48,SAC_01458,NHA20191003,DEV_NHA20191003,NHA20191003,1,retain_current_development,not_approved,FALSE
SAQ_0733,DEV_NHA20170001,CHANDLER PLACE,2017,25,SAC_01459,NHA20170001,DEV_NHA20170001,NHA20170001,1,retain_current_development,not_approved,FALSE
SAQ_0733,DEV_NHA20191002,CHANDLER PLACE PHASE II,2019,14,SAC_01460,NHA20191002,DEV_NHA20191002,NHA20191002,1,retain_current_development,not_approved,FALSE
SAQ_0734,DEV_NHA19990025,QUAIL HOLLOW PHASE I,1999,76,SAC_01461,NHA19990025,DEV_NHA19990025,NHA19990025,1,retain_current_development,not_approved,FALSE
SAQ_0734,DEV_NHA20010025,QUAIL HOLLOW PHASE II,2001,38,SAC_01462,NHA20010025,DEV_NHA20010025,NHA20010025,1,retain_current_development,not_approved,FALSE
SAQ_0735,DEV_NJA20120951,405 RIDGE AVENUE,2012,2,SAC_01463,NJA20120951,DEV_NJA20120951,NJA20120951,2,merge_to_review_cluster,not_approved,FALSE
SAQ_0735,DEV_NJA20123006,405 RIDGE AVENUE #331,2012,2,SAC_01463,NJA20123006,DEV_NJA20120951,NJA20120951,2,merge_to_review_cluster,not_approved,FALSE
SAQ_0736,DEV_NJA20039001,BALTIC PLAZA APARTMENTS,2003,169,SAC_01464,NJA20039001,DEV_NJA20039001,NJA20039001,2,merge_to_review_cluster,not_approved,FALSE
SAQ_0736,DEV_NJA20213004,BALTIC PLAZA #2144,2021,,SAC_01464,NJA20213004,DEV_NJA20039001,NJA20039001,2,merge_to_review_cluster,not_approved,FALSE
SAQ_0737,DEV_NJA19939010,46 NORTH CONNECTICUT AVENUE,1993,13,SAC_01465,NJA19939010,DEV_NJA19939010,NJA19939010,3,merge_to_review_cluster,not_approved,FALSE
SAQ_0737,DEV_NJA20120949,46 N CONNECTICUT AVE APTS,2012,13,SAC_01465,NJA20120949,DEV_NJA19939010,NJA19939010,3,merge_to_review_cluster,not_approved,FALSE
SAQ_0737,DEV_NJA20123008,46 N. CONNECTICUT AVENUE APTS. #302,2012,13,SAC_01465,NJA20123008,DEV_NJA19939010,NJA19939010,3,merge_to_review_cluster,not_approved,FALSE
SAQ_0738,DEV_NJA19930095,MARINA CLUB APTS,1993,161,SAC_01466,NJA19930095,DEV_NJA19930095,NJA19930095,1,retain_current_development,not_approved,FALSE
SAQ_0738,DEV_NJA19939048,THE HIGHGATE,1993,107,SAC_01467,NJA19939048,DEV_NJA19939048,NJA19939048,1,retain_current_development,not_approved,FALSE
SAQ_0739,DEV_NJA20130358,LAUREL OAKS FAMILY APARTMENTS II,2013,24,SAC_01468,NJA20130358,DEV_NJA20130358,NJA20130358,1,retain_current_development,not_approved,FALSE
SAQ_0739,DEV_NJA20132012,LAUREL OAKS FAMILY APARTMENTS,2013,69,SAC_01469,NJA20132012,DEV_NJA20132012,NJA20132012,1,retain_current_development,not_approved,FALSE
SAQ_0739,DEV_NJA20139013,LAUREL OAKS - LITC #1105,2013,69,SAC_01470,NJA20139013,DEV_NJA20139013,NJA20139013,1,retain_current_development,not_approved,FALSE
SAQ_0740,DEV_NJA19959020,SENIOR HOUSING OF BARRINGTON,1995,284,SAC_01471,NJA19959020,DEV_NJA19959020,NJA19959020,2,merge_to_review_cluster,not_approved,FALSE
SAQ_0740,DEV_NJA19959887,BARRINGTON MEWS,1995,284,SAC_01471,NJA19959887,DEV_NJA19959020,NJA19959020,2,merge_to_review_cluster,not_approved,FALSE
SAQ_0741,DEV_NJA20019050,BAYONNE SR. RES. #614 AKA MANRO YWCA LLC,2001,16,SAC_01472,NJA20019050,DEV_NJA20019050,NJA20019050,3,merge_to_review_cluster,not_approved,FALSE
SAQ_0741,DEV_NJA20120939,BAYONNE SENIOR RESIDENCE,2012,16,SAC_01472,NJA20120939,DEV_NJA20019050,NJA20019050,3,merge_to_review_cluster,not_approved,FALSE
SAQ_0741,DEV_NJA20123019,BAYONNE SENIOR RESIDENCE #614,2012,16,SAC_01472,NJA20123019,DEV_NJA20019050,NJA20019050,3,merge_to_review_cluster,not_approved,FALSE
SAQ_0742,DEV_NJA20162032,BORDENTOWN SENIOR APTS,2016,48,SAC_01473,NJA20162032,DEV_NJA20162032,NJA20162032,2,merge_to_review_cluster,not_approved,FALSE
SAQ_0742,DEV_NJA20168029,UNION EAGLE SENIOR APARTMENTS,2016,48,SAC_01473,NJA20168029,DEV_NJA20162032,NJA20162032,2,merge_to_review_cluster,not_approved,FALSE
SAQ_0743,DEV_NJA0000X181,YORK VILLAGE EAST,,50,SAC_01474,NJA0000X181,DEV_NJA0000X181,NJA0000X181,1,retain_current_development,not_approved,FALSE
SAQ_0743,DEV_NJA0000X182,YORK VILLAGE WEST,,50,SAC_01475,NJA0000X182,DEV_NJA0000X182,NJA0000X182,1,retain_current_development,not_approved,FALSE
SAQ_0744,DEV_NJA20059131,LITC#708 - FAISON MEWS/PEARLYE BUILDING,2005,51,SAC_01476,NJA20059131,DEV_NJA20059131,NJA20059131,1,retain_current_development,not_approved,FALSE
SAQ_0744,DEV_NJA20069076,PEARLYE/PARKVIEW APARTMENTS,2006,51,SAC_01477,NJA20069076,DEV_NJA20069076,NJA20069076,1,retain_current_development,not_approved,FALSE
SAQ_0745,DEV_NJA20069006,FERRY MANOR  #731,2006,86,SAC_01478,NJA20069006,DEV_NJA20069006,NJA20069006,2,merge_to_review_cluster,not_approved,FALSE
SAQ_0745,DEV_NJA20069086,FERRY MANOR,2006,86,SAC_01478,NJA20069086,DEV_NJA20069006,NJA20069006,2,merge_to_review_cluster,not_approved,FALSE
SAQ_0746,DEV_NJA20070015,BALDWINS RUN SENIOR,2007,74,SAC_01479,NJA20070015,DEV_NJA20070015,NJA20070015,1,retain_current_development,not_approved,FALSE
SAQ_0746,DEV_NJA20078013,LITC#05907 BALDWIN'S RUN SENIOR,2007,74,SAC_01480,NJA20078013,DEV_NJA20078013,NJA20078013,1,retain_current_development,not_approved,FALSE
SAQ_0747,DEV_NJA19990120,SOUTH MUNN COURT YARD,1999,50,SAC_01481,NJA19990120,DEV_NJA19990120,NJA19990120,2,merge_to_review_cluster,not_approved,FALSE
SAQ_0747,DEV_NJA19999020,ESSEX PROPERTIES - SOUTH MUNN COURT YARD,1999,50,SAC_01481,NJA19999020,DEV_NJA19990120,NJA19990120,2,merge_to_review_cluster,not_approved,FALSE
SAQ_0748,DEV_NJA20161027,THE PAVILLION,2016,298,SAC_01482,NJA20161027,DEV_NJA20161027,NJA20161027,2,merge_to_review_cluster,not_approved,FALSE
SAQ_0748,DEV_NJA20168025,THE PAVILION,2016,298,SAC_01482,NJA20168025,DEV_NJA20161027,NJA20161027,2,merge_to_review_cluster,not_approved,FALSE
SAQ_0749,DEV_NJA19930030,46 S ARLINGTON AVE,1993,13,SAC_01483,NJA19930030,DEV_NJA19930030,NJA19930030,2,merge_to_review_cluster,not_approved,FALSE
SAQ_0749,DEV_NJA19939032,46 SOUTH ARLINGTON,1993,13,SAC_01483,NJA19939032,DEV_NJA19930030,NJA19930030,2,merge_to_review_cluster,not_approved,FALSE
SAQ_0750,DEV_NJA19970015,83 N WALNUT ST,1997,25,SAC_01484,NJA19970015,DEV_NJA19970015,NJA19970015,2,merge_to_review_cluster,not_approved,FALSE
SAQ_0750,DEV_NJA19979022,83 NORTH WALNUT STREET,1997,25,SAC_01484,NJA19979022,DEV_NJA19970015,NJA19970015,2,merge_to_review_cluster,not_approved,FALSE
SAQ_0751,DEV_NJA19979052,FERRY PLAZA - LITC #500,1997,31,SAC_01485,NJA19979052,DEV_NJA19979052,NJA19979052,1,retain_current_development,not_approved,FALSE
SAQ_0751,DEV_NJA20120917,EDGEWATER SENIOR CITIZEN HOUSING,2012,31,SAC_01486,NJA20120917,DEV_NJA20120917,NJA20120917,1,retain_current_development,not_approved,FALSE
SAQ_0752,DEV_NJA20170019,ROOSEVELT HOSPITAL,2017,85,SAC_01487,NJA20170019,DEV_NJA20170019,NJA20170019,2,merge_to_review_cluster,not_approved,FALSE
SAQ_0752,DEV_NJA20177034,RESIDENCE AT ROOSEVELT PARK,2017,85,SAC_01487,NJA20177034,DEV_NJA20170019,NJA20170019,2,merge_to_review_cluster,not_approved,FALSE
SAQ_0753,DEV_NJA19980115,WINFIELD SCOTT TOWER,1998,48,SAC_01488,NJA19980115,DEV_NJA19980115,NJA19980115,1,retain_current_development,not_approved,FALSE
SAQ_0753,DEV_NJA20123156,WINFIELD SCOTT TOWER #475,2012,48,SAC_01489,NJA20123156,DEV_NJA20123156,NJA20123156,1,retain_current_development,not_approved,FALSE
SAQ_0754,DEV_NJA00000057,HERMAN EKAPP RESIDENCE #719,,59,SAC_01490,NJA00000057,DEV_NJA00000057,NJA00000057,1,retain_current_development,not_approved,FALSE
SAQ_0754,DEV_NJA20050040,CHURCH STREET SENIOR RESIDENCES,2005,60,SAC_01491,NJA20050040,DEV_NJA20050040,NJA20050040,1,retain_current_development,not_approved,FALSE
SAQ_0754,DEV_NJA20059077,CHURCH STREET SENIOR AKA HERMAN E. KAPP,2005,59,SAC_01492,NJA20059077,DEV_NJA20059077,NJA20059077,1,retain_current_development,not_approved,FALSE
SAQ_0754,DEV_NJA20059132,LITC#719 CHURCH STREET SENIOR RESIDENCES,2005,59,SAC_01493,NJA20059132,DEV_NJA20059132,NJA20059132,1,retain_current_development,not_approved,FALSE
SAQ_0755,DEV_NJA20060140,HERITAGE VILLAGE AT ELTON CORNER,2006,150,SAC_01494,NJA20060140,DEV_NJA20060140,NJA20060140,4,merge_to_review_cluster,not_approved,FALSE
SAQ_0755,DEV_NJA20069007,HERITAGE VILLAGE @ ELTON CORNER #699,2006,150,SAC_01494,NJA20069007,DEV_NJA20060140,NJA20060140,4,merge_to_review_cluster,not_approved,FALSE
SAQ_0755,DEV_NJA20069802,ELTON CORNER SENIOR HOUSING,2006,150,SAC_01494,NJA20069802,DEV_NJA20060140,NJA20060140,4,merge_to_review_cluster,not_approved,FALSE
SAQ_0755,DEV_NJA20069829,HERITAGE VILLAGE AT ELTON CORNER#699,2006,150,SAC_01494,NJA20069829,DEV_NJA20060140,NJA20060140,4,merge_to_review_cluster,not_approved,FALSE
SAQ_0756,DEV_NJA20049060,CARPENTER'S SQUARE #693,2004,101,SAC_01495,NJA20049060,DEV_NJA20049060,NJA20049060,2,merge_to_review_cluster,not_approved,FALSE
SAQ_0756,DEV_NJA20059066,CARPENTER'S SQUARE,2005,100,SAC_01495,NJA20059066,DEV_NJA20049060,NJA20049060,2,merge_to_review_cluster,not_approved,FALSE
SAQ_0757,DEV_NJA20231023,WHITE HORSE ASSISTED LIVING RESIDENCE #1858,2023,162,SAC_01496,NJA20231023,DEV_NJA20231023,NJA20231023,2,merge_to_review_cluster,not_approved,FALSE
SAQ_0757,DEV_NJA20231024,WHITE HORSE PIKE MULLICA SUPPORTIVE HOUSING,2023,162,SAC_01496,NJA20231024,DEV_NJA20231023,NJA20231023,2,merge_to_review_cluster,not_approved,FALSE
SAQ_0758,DEV_NJA20070195,STORMS AVENUE ELDERLY APARTMENTS,2007,79,SAC_01497,NJA20070195,DEV_NJA20070195,NJA20070195,2,merge_to_review_cluster,not_approved,FALSE
SAQ_0758,DEV_NJA20078032,YWCA,2007,79,SAC_01497,NJA20078032,DEV_NJA20070195,NJA20070195,2,merge_to_review_cluster,not_approved,FALSE
SAQ_0759,DEV_NJA19979011,CARMEL HOUSE,1997,22,SAC_01498,NJA19979011,DEV_NJA19979011,NJA19979011,2,merge_to_review_cluster,not_approved,FALSE
SAQ_0759,DEV_NJA20123025,CARMEL HOUSE I #442,2012,22,SAC_01498,NJA20123025,DEV_NJA19979011,NJA19979011,2,merge_to_review_cluster,not_approved,FALSE
SAQ_0760,DEV_NJA19930090,JEWISH HOME AND REHAB CENTER,1993,67,SAC_01499,NJA19930090,DEV_NJA19930090,NJA19930090,3,merge_to_review_cluster,not_approved,FALSE
SAQ_0760,DEV_NJA20120892,JEWISH HOME & REHABILITATION CENTER,2012,67,SAC_01499,NJA20120892,DEV_NJA19930090,NJA19930090,3,merge_to_review_cluster,not_approved,FALSE
SAQ_0760,DEV_NJA20123067,JEWISH HOME & REHAB CTR -#260,2012,67,SAC_01499,NJA20123067,DEV_NJA19930090,NJA19930090,3,merge_to_review_cluster,not_approved,FALSE
SAQ_0761,DEV_NJA20078010,LITC#05903 BERNIUS COURT - TOY FACTORY,2007,46,SAC_01500,NJA20078010,DEV_NJA20078010,NJA20078010,1,retain_current_development,not_approved,FALSE
SAQ_0761,DEV_NJA20079004,BERNIUS COURT APARTMENTS,2007,46,SAC_01501,NJA20079004,DEV_NJA20079004,NJA20079004,1,retain_current_development,not_approved,FALSE
SAQ_0762,DEV_NJA20120907,GARFIELD HEIGHTS,2012,36,SAC_01502,NJA20120907,DEV_NJA20120907,NJA20120907,2,merge_to_review_cluster,not_approved,FALSE
SAQ_0762,DEV_NJA20123049,GARFIELD HEIGHTS #551,2012,36,SAC_01502,NJA20123049,DEV_NJA20120907,NJA20120907,2,merge_to_review_cluster,not_approved,FALSE
SAQ_0763,DEV_NJA19940050,MATTISON ARMS,1994,24,SAC_01503,NJA19940050,DEV_NJA19940050,NJA19940050,1,retain_current_development,not_approved,FALSE
SAQ_0763,DEV_NJA19949010,6-8-10 BERGEN AVENUE,1994,23,SAC_01504,NJA19949010,DEV_NJA19949010,NJA19949010,1,retain_current_development,not_approved,FALSE
SAQ_0764,DEV_NJA20120894,JERSEY CITY YMCA  REDEVELOPMENT,2012,131,SAC_01505,NJA20120894,DEV_NJA20120894,NJA20120894,2,merge_to_review_cluster,not_approved,FALSE
SAQ_0764,DEV_NJA20123065,JERSEY CITY YMCA REDEVELOPMENT #485,2012,131,SAC_01505,NJA20123065,DEV_NJA20120894,NJA20120894,2,merge_to_review_cluster,not_approved,FALSE
SAQ_0764,DEV_NJA20220002,BERGENVIEW APARTMENTS,2022,111,SAC_01506,NJA20220002,DEV_NJA20220002,NJA20220002,1,retain_current_development,not_approved,FALSE
SAQ_0765,DEV_NJA20120849,PROJECT HOME,2012,18,SAC_01507,NJA20120849,DEV_NJA20120849,NJA20120849,2,merge_to_review_cluster,not_approved,FALSE
SAQ_0765,DEV_NJA20123110,PROJECT HOME #528,2012,18,SAC_01507,NJA20123110,DEV_NJA20120849,NJA20120849,2,merge_to_review_cluster,not_approved,FALSE
SAQ_0766,DEV_NJA20120944,99 RUTGERS,2012,13,SAC_01508,NJA20120944,DEV_NJA20120944,NJA20120944,2,merge_to_review_cluster,not_approved,FALSE
SAQ_0766,DEV_NJA20123012,99 RUTGERS #608,2012,13,SAC_01508,NJA20123012,DEV_NJA20120944,NJA20120944,2,merge_to_review_cluster,not_approved,FALSE
SAQ_0767,DEV_NJA19989069,CHURCH STREET SENIOR HOUSING #544,1998,33,SAC_01509,NJA19989069,DEV_NJA19989069,NJA19989069,1,retain_current_development,not_approved,FALSE
SAQ_0767,DEV_NJA20050210,CHURCH STREET SENIOR HOUSING,2005,33,SAC_01510,NJA20050210,DEV_NJA20050210,NJA20050210,1,retain_current_development,not_approved,FALSE
SAQ_0768,DEV_NJA20059051,HIGHPOINTE AT LAMBERTVILLE,2005,86,SAC_01511,NJA20059051,DEV_NJA20059051,NJA20059051,4,merge_to_review_cluster,not_approved,FALSE
SAQ_0768,DEV_NJA20059128,HERITAGE VILLAGE AT LAMBERTVILLE LITC #696,2005,87,SAC_01511,NJA20059128,DEV_NJA20059051,NJA20059051,4,merge_to_review_cluster,not_approved,FALSE
SAQ_0768,DEV_NJA20120897,HERITAGE VILLAGE LAMBERTVILLE APTS,2012,87,SAC_01511,NJA20120897,DEV_NJA20059051,NJA20059051,4,merge_to_review_cluster,not_approved,FALSE
SAQ_0768,DEV_NJA20123059,HERITAGE VILLAGE LAMBERTVILLE APTS. #696,2012,87,SAC_01511,NJA20123059,DEV_NJA20059051,NJA20059051,4,merge_to_review_cluster,not_approved,FALSE
SAQ_0769,DEV_NJA20220005,HARTFORD VILLAGE,2022,71,SAC_01512,NJA20220005,DEV_NJA20220005,NJA20220005,2,merge_to_review_cluster,not_approved,FALSE
SAQ_0769,DEV_NJA20222014,HARFORD VILLAGE,2022,70,SAC_01512,NJA20222014,DEV_NJA20220005,NJA20220005,2,merge_to_review_cluster,not_approved,FALSE
SAQ_0770,DEV_NJA20120878,LOCK STREET APARTMENTS,2012,49,SAC_01513,NJA20120878,DEV_NJA20120878,NJA20120878,2,merge_to_review_cluster,not_approved,FALSE
SAQ_0770,DEV_NJA20123081,LOCK STREET APARTMENTS #616,2012,49,SAC_01513,NJA20123081,DEV_NJA20120878,NJA20120878,2,merge_to_review_cluster,not_approved,FALSE
SAQ_0771,DEV_NJA0000X026,DOUGLAS HOMES,,135,SAC_01514,NJA0000X026,DEV_NJA0000X026,NJA0000X026,1,retain_current_development,not_approved,FALSE
SAQ_0771,DEV_NJA20200014,DOUGLAS HOMES (NCC),2020,134,SAC_01515,NJA20200014,DEV_NJA20200014,NJA20200014,1,retain_current_development,not_approved,FALSE
SAQ_0772,DEV_NJA20120828,SUNRISE HOUSE,2012,20,SAC_01516,NJA20120828,DEV_NJA20120828,NJA20120828,2,merge_to_review_cluster,not_approved,FALSE
SAQ_0772,DEV_NJA20123132,SUNRISE HOUSE #443,2012,20,SAC_01516,NJA20123132,DEV_NJA20120828,NJA20120828,2,merge_to_review_cluster,not_approved,FALSE
SAQ_0773,DEV_NJA0000X082,WASHINGTON STREET APTS,,200,SAC_01517,NJA0000X082,DEV_NJA0000X082,NJA0000X082,1,retain_current_development,not_approved,FALSE
SAQ_0773,DEV_NJA20200045,WASHINGTON STREET APARTMENTS,2020,199,SAC_01518,NJA20200045,DEV_NJA20200045,NJA20200045,1,retain_current_development,not_approved,FALSE
SAQ_0774,DEV_NJA20160003,GALENTO PLAZA TRANSIT VILLAGE,2016,113,SAC_01519,NJA20160003,DEV_NJA20160003,NJA20160003,1,retain_current_development,not_approved,FALSE
SAQ_0774,DEV_NJA20168016,LINC 32 AT ORANGE STATION,2016,113,SAC_01520,NJA20168016,DEV_NJA20168016,NJA20168016,1,retain_current_development,not_approved,FALSE
SAQ_0775,DEV_NJA20170011,HARVARD PRINTING MIXED INCOME,2017,128,SAC_01521,NJA20170011,DEV_NJA20170011,NJA20170011,2,merge_to_review_cluster,not_approved,FALSE
SAQ_0775,DEV_NJA20177025,HARVARD PRINTING,2017,128,SAC_01521,NJA20177025,DEV_NJA20170011,NJA20170011,2,merge_to_review_cluster,not_approved,FALSE
SAQ_0776,DEV_NJA19980160,SHELTERING ARMS,1998,33,SAC_01522,NJA19980160,DEV_NJA19980160,NJA19980160,1,retain_current_development,not_approved,FALSE
SAQ_0776,DEV_NJA19989025,PATERSON SHELTER PLUS CARE  FAMILY HOUSING,1998,32,SAC_01523,NJA19989025,DEV_NJA19989025,NJA19989025,1,retain_current_development,not_approved,FALSE
SAQ_0777,DEV_NJA20120925,COOKE BUILDING,2012,34,SAC_01524,NJA20120925,DEV_NJA20120925,NJA20120925,2,merge_to_review_cluster,not_approved,FALSE
SAQ_0777,DEV_NJA20123033,COOKE BUILDING   #250,2012,34,SAC_01524,NJA20123033,DEV_NJA20120925,NJA20120925,2,merge_to_review_cluster,not_approved,FALSE
SAQ_0778,DEV_NJA19940065,MOTT SCHOOL PROJECT,1994,3,SAC_01525,NJA19940065,DEV_NJA19940065,NJA19940065,1,retain_current_development,not_approved,FALSE
SAQ_0778,DEV_NJA19949011,81 GODWIN AVENUE,1994,3,SAC_01526,NJA19949011,DEV_NJA19949011,NJA19949011,1,retain_current_development,not_approved,FALSE
SAQ_0779,DEV_NJA20100025,CEDARBROOK PARK APTS,2010,141,SAC_01527,NJA20100025,DEV_NJA20100025,NJA20100025,4,merge_to_review_cluster,not_approved,FALSE
SAQ_0779,DEV_NJA20105005,CEDARBROOK PARK APARTMENTS,2010,140,SAC_01527,NJA20105005,DEV_NJA20100025,NJA20100025,4,merge_to_review_cluster,not_approved,FALSE
SAQ_0779,DEV_NJA20109029,CEDARBROOK APARTMENTS,2010,141,SAC_01527,NJA20109029,DEV_NJA20100025,NJA20100025,4,merge_to_review_cluster,not_approved,FALSE
SAQ_0779,DEV_NJA20109038,LITC#0847 CEDARBROOK APARTMENTS,2010,140,SAC_01527,NJA20109038,DEV_NJA20100025,NJA20100025,4,merge_to_review_cluster,not_approved,FALSE
SAQ_0780,DEV_NJA20170017,PLEASANTVILLE SENIOR,2017,65,SAC_01528,NJA20170017,DEV_NJA20170017,NJA20170017,1,retain_current_development,not_approved,FALSE
SAQ_0780,DEV_NJA20177033,PLEASANTVILLE SENIOR #1518,2017,64,SAC_01529,NJA20177033,DEV_NJA20177033,NJA20177033,1,retain_current_development,not_approved,FALSE
SAQ_0781,DEV_NJA20231017,PRINCETON SENIOR LIVING,2023,80,SAC_01530,NJA20231017,DEV_NJA20231017,NJA20231017,2,merge_to_review_cluster,not_approved,FALSE
SAQ_0781,DEV_NJA20231018,PRINCETON SENIOR LIVING #2155,2023,80,SAC_01530,NJA20231018,DEV_NJA20231017,NJA20231017,2,merge_to_review_cluster,not_approved,FALSE
SAQ_0782,DEV_NJA19920020,295 SHREWSBURY AVE,1992,2,SAC_01531,NJA19920020,DEV_NJA19920020,NJA19920020,2,merge_to_review_cluster,not_approved,FALSE
SAQ_0782,DEV_NJA19929007,295 SHREWSBURY AVENUE,1992,2,SAC_01531,NJA19929007,DEV_NJA19920020,NJA19920020,2,merge_to_review_cluster,not_approved,FALSE
SAQ_0783,DEV_NJA20090065,ROSELLE SENIOR RESIDENCE FACILITY,2009,46,SAC_01532,NJA20090065,DEV_NJA20090065,NJA20090065,2,merge_to_review_cluster,not_approved,FALSE
SAQ_0783,DEV_NJA20098017,ROSELLE SENIOR,2009,46,SAC_01532,NJA20098017,DEV_NJA20090065,NJA20090065,2,merge_to_review_cluster,not_approved,FALSE
SAQ_0784,DEV_NJA20240001,1425 TEANECK ROAD,2024,40,SAC_01533,NJA20240001,DEV_NJA20240001,NJA20240001,2,merge_to_review_cluster,not_approved,FALSE
SAQ_0784,DEV_NJA20240002,1425 TEANECK ROAD #2014,2024,40,SAC_01533,NJA20240002,DEV_NJA20240001,NJA20240001,2,merge_to_review_cluster,not_approved,FALSE
SAQ_0785,DEV_NJA20070150,MEADOWBROOK APARTMENTS,2007,96,SAC_01534,NJA20070150,DEV_NJA20070150,NJA20070150,3,merge_to_review_cluster,not_approved,FALSE
SAQ_0785,DEV_NJA20078025,MEADOW BROOK APARTMENTS LITC#06406,2007,96,SAC_01534,NJA20078025,DEV_NJA20070150,NJA20070150,3,merge_to_review_cluster,not_approved,FALSE
SAQ_0785,DEV_NJA20079090,MEADOW BROOK APARTMENTS #06406,2007,96,SAC_01534,NJA20079090,DEV_NJA20070150,NJA20070150,3,merge_to_review_cluster,not_approved,FALSE
SAQ_0786,DEV_NJA19980110,TINTON FALLS SENIOR CITIZENS,1998,120,SAC_01535,NJA19980110,DEV_NJA19980110,NJA19980110,2,merge_to_review_cluster,not_approved,FALSE
SAQ_0786,DEV_NJA19989034,TINTON FALLS SENIOR RESIDENCE,1998,120,SAC_01535,NJA19989034,DEV_NJA19980110,NJA19980110,2,merge_to_review_cluster,not_approved,FALSE
SAQ_0787,DEV_NJA19899024,CITYSIDE APARTMENTS - I,1989,126,SAC_01536,NJA19899024,DEV_NJA19899024,NJA19899024,1,retain_current_development,not_approved,FALSE
SAQ_0787,DEV_NJA19909025,CITYSIDE APARTMENTS - II,1990,107,SAC_01537,NJA19909025,DEV_NJA19909025,NJA19909025,1,retain_current_development,not_approved,FALSE
SAQ_0788,DEV_NJA19960015,MT ZION URBAN RENEWAL,1996,40,SAC_01538,NJA19960015,DEV_NJA19960015,NJA19960015,2,merge_to_review_cluster,not_approved,FALSE
SAQ_0788,DEV_NJA19969019,MOUNT ZION HOUSING COMPLEX,1996,40,SAC_01538,NJA19969019,DEV_NJA19960015,NJA19960015,2,merge_to_review_cluster,not_approved,FALSE
SAQ_0789,DEV_NJA19960030,SCATTERED SITE TRANSITIONAL HOUSING,1996,20,SAC_01539,NJA19960030,DEV_NJA19960030,NJA19960030,1,retain_current_development,not_approved,FALSE
SAQ_0789,DEV_NJA19969030,TRENTON TRANSITIONAL HOUSING,1996,20,SAC_01540,NJA19969030,DEV_NJA19969030,NJA19969030,1,retain_current_development,not_approved,FALSE
SAQ_0790,DEV_NJA19949012,CENTRE STREET APARTMENTS,1994,21,SAC_01541,NJA19949012,DEV_NJA19949012,NJA19949012,2,merge_to_review_cluster,not_approved,FALSE
SAQ_0790,DEV_NJA19949867,MOTT CENTRE STREET APTS,1994,21,SAC_01541,NJA19949867,DEV_NJA19949012,NJA19949012,2,merge_to_review_cluster,not_approved,FALSE
SAQ_0791,DEV_NJA19970155,CIRCLE F SENIOR APTS,1997,69,SAC_01542,NJA19970155,DEV_NJA19970155,NJA19970155,2,merge_to_review_cluster,not_approved,FALSE
SAQ_0791,DEV_NJA19979042,TRENTON WATCH FACTORY,1997,69,SAC_01542,NJA19979042,DEV_NJA19970155,NJA19970155,2,merge_to_review_cluster,not_approved,FALSE
SAQ_0792,DEV_NJA20120832,ST. MICHAELS PAVILION,2012,70,SAC_01543,NJA20120832,DEV_NJA20120832,NJA20120832,4,merge_to_review_cluster,not_approved,FALSE
SAQ_0792,DEV_NJA20123128,ST. MICHAEL'S PAVILION #1551,2012,70,SAC_01543,NJA20123128,DEV_NJA20120832,NJA20120832,4,merge_to_review_cluster,not_approved,FALSE
SAQ_0792,DEV_NJA20149013,ST. MICHAEL'S MONASTERY #1551,2014,70,SAC_01543,NJA20149013,DEV_NJA20120832,NJA20120832,4,merge_to_review_cluster,not_approved,FALSE
SAQ_0792,DEV_NJA20152035,ST. MICHAELS MONASTERY,2015,70,SAC_01543,NJA20152035,DEV_NJA20120832,NJA20120832,4,merge_to_review_cluster,not_approved,FALSE
SAQ_0793,DEV_NJA20080802,VINELAND GARDENS,2008,76,SAC_01544,NJA20080802,DEV_NJA20080802,NJA20080802,2,merge_to_review_cluster,not_approved,FALSE
SAQ_0793,DEV_NJA20089116,VINELAND GARDENS #0841,2008,76,SAC_01544,NJA20089116,DEV_NJA20080802,NJA20080802,2,merge_to_review_cluster,not_approved,FALSE
SAQ_0794,DEV_NJA20201001,ALLENWOOD TERRACE APARTMENTS,2020,85,SAC_01545,NJA20201001,DEV_NJA20201001,NJA20201001,2,merge_to_review_cluster,not_approved,FALSE
SAQ_0794,DEV_NJA20213001,ALLENWOOD TERRACE APARTMENTS #1813,2021,85,SAC_01545,NJA20213001,DEV_NJA20201001,NJA20201001,2,merge_to_review_cluster,not_approved,FALSE
SAQ_0795,DEV_NJA19930145,STRENGTHEN OUR SISTERS TRNS HS,1993,21,SAC_01546,NJA19930145,DEV_NJA19930145,NJA19930145,1,retain_current_development,not_approved,FALSE
SAQ_0795,DEV_NJA19939047,STRENGTHEN OUR SISTERS TRANSITIONAL HOUSING,1993,10,SAC_01547,NJA19939047,DEV_NJA19939047,NJA19939047,1,retain_current_development,not_approved,FALSE
SAQ_0796,DEV_NJA19989024,MIROTA SENIOR RESIDENCE (READINGTON SENIOR),1998,60,SAC_01548,NJA19989024,DEV_NJA19989024,NJA19989024,2,merge_to_review_cluster,not_approved,FALSE
SAQ_0796,DEV_NJA19989082,STEVEN L. MIROTA SR. CITIZENS,1998,61,SAC_01548,NJA19989082,DEV_NJA19989024,NJA19989024,2,merge_to_review_cluster,not_approved,FALSE
SAQ_0797,DEV_NJA19889017,MONROE TOWNE - I,1988,36,SAC_01549,NJA19889017,DEV_NJA19889017,NJA19889017,1,retain_current_development,not_approved,FALSE
SAQ_0797,DEV_NJA19889018,MONROE TOWNE - II,1988,36,SAC_01550,NJA19889018,DEV_NJA19889018,NJA19889018,1,retain_current_development,not_approved,FALSE
SAQ_0798,DEV_NMA00000444,SILVER GARDENS PHASE I,,56,SAC_01551,NMA00000444,DEV_NMA00000444,NMA00000444,1,retain_current_development,not_approved,FALSE
SAQ_0798,DEV_NMA00000445,SILVER GARDENS PHASE II,,45,SAC_01552,NMA00000445,DEV_NMA00000445,NMA00000445,1,retain_current_development,not_approved,FALSE
SAQ_0799,DEV_NMA19969443,SANDIA VALLEY APTS PHASE I,1996,108,SAC_01553,NMA19969443,DEV_NMA19969443,NMA19969443,1,retain_current_development,not_approved,FALSE
SAQ_0799,DEV_NMA19979444,SANDIA VALLEY APTS PHASE II,1997,107,SAC_01554,NMA19979444,DEV_NMA19979444,NMA19979444,1,retain_current_development,not_approved,FALSE
SAQ_0800,DEV_NMA00000420,FRANKLIN VISTA APTS VI,,24,SAC_01555,NMA00000420,DEV_NMA00000420,NMA00000420,1,retain_current_development,not_approved,FALSE
SAQ_0800,DEV_NMA00000421,FRANKLIN VISTA APTS VII,,24,SAC_01556,NMA00000421,DEV_NMA00000421,NMA00000421,1,retain_current_development,not_approved,FALSE
SAQ_0801,DEV_NMA00000002,AZTEC PROPERTIES II,,30,SAC_01557,NMA00000002,DEV_NMA00000002,NMA00000002,1,retain_current_development,not_approved,FALSE
SAQ_0801,DEV_NMA19930005,AZTEC PROPERTIES I,1993,30,SAC_01558,NMA19930005,DEV_NMA19930005,NMA19930005,1,retain_current_development,not_approved,FALSE
SAQ_0802,DEV_NMA00000007,EATON VILLAGE APTS I,,60,SAC_01559,NMA00000007,DEV_NMA00000007,NMA00000007,1,retain_current_development,not_approved,FALSE
SAQ_0802,DEV_NMA19960015,EATON VILLAGE APTS,1996,36,SAC_01560,NMA19960015,DEV_NMA19960015,NMA19960015,1,retain_current_development,not_approved,FALSE
SAQ_0803,DEV_NMA20030050,VALLE VERDE APTS II,2003,25,SAC_01561,NMA20030050,DEV_NMA20030050,NMA20030050,1,retain_current_development,not_approved,FALSE
SAQ_0803,DEV_NMA20030055,VALLE VERDE APTS III,2003,10,SAC_01562,NMA20030055,DEV_NMA20030055,NMA20030055,1,retain_current_development,not_approved,FALSE
SAQ_0804,DEV_NMA00000090,CASA ALEGRE APTS PHASE I,,42,SAC_01563,NMA00000090,DEV_NMA00000090,NMA00000090,1,retain_current_development,not_approved,FALSE
SAQ_0804,DEV_NMA19930010,CASA ALEGRE APTS PHASE II,1993,20,SAC_01564,NMA19930010,DEV_NMA19930010,NMA19930010,1,retain_current_development,not_approved,FALSE
SAQ_0805,DEV_NMA20020045,VENTANA DE VIDA PHASE II,2002,60,SAC_01565,NMA20020045,DEV_NMA20020045,NMA20020045,1,retain_current_development,not_approved,FALSE
SAQ_0805,DEV_NMA20020050,VENTANA DE VIDA SENIOR APTS,2002,60,SAC_01566,NMA20020050,DEV_NMA20020050,NMA20020050,1,retain_current_development,not_approved,FALSE
SAQ_0806,DEV_NMA19920075,VILLA REAL APTS I,1992,60,SAC_01567,NMA19920075,DEV_NMA19920075,NMA19920075,1,retain_current_development,not_approved,FALSE
SAQ_0806,DEV_NMA19920090,VILLA REAL APTS II,1992,60,SAC_01568,NMA19920090,DEV_NMA19920090,NMA19920090,1,retain_current_development,not_approved,FALSE
SAQ_0807,DEV_NVA20060025,AUTUMN VILLAGE I,2006,46,SAC_01569,NVA20060025,DEV_NVA20060025,NVA20060025,1,retain_current_development,not_approved,FALSE
SAQ_0807,DEV_NVA20069001,AUTUMN VILLAGE,2006,47,SAC_01570,NVA20069001,DEV_NVA20069001,NVA20069001,1,retain_current_development,not_approved,FALSE
SAQ_0808,DEV_NVA20050010,ANNABELLE PINES I,2005,50,SAC_01571,NVA20050010,DEV_NVA20050010,NVA20050010,1,retain_current_development,not_approved,FALSE
SAQ_0808,DEV_NVA20059002,ANNABELLE PINES II,2005,50,SAC_01572,NVA20059002,DEV_NVA20059002,NVA20059002,1,retain_current_development,not_approved,FALSE
SAQ_0809,DEV_NVA19940015,PECOS TERRACE I,1994,56,SAC_01573,NVA19940015,DEV_NVA19940015,NVA19940015,1,retain_current_development,not_approved,FALSE
SAQ_0809,DEV_NVA19950005,PECOS TERRACE II,1995,128,SAC_01574,NVA19950005,DEV_NVA19950005,NVA19950005,1,retain_current_development,not_approved,FALSE
SAQ_0810,DEV_NVA00000160,TAMMANY HALL APTS I,,60,SAC_01575,NVA00000160,DEV_NVA00000160,NVA00000160,1,retain_current_development,not_approved,FALSE
SAQ_0810,DEV_NVA19910005,TAMMANY HALL APTS II,1991,26,SAC_01576,NVA19910005,DEV_NVA19910005,NVA19910005,1,retain_current_development,not_approved,FALSE
SAQ_0811,DEV_NVA20120025,SANTA BARBARA PALMS I,2012,72,SAC_01577,NVA20120025,DEV_NVA20120025,NVA20120025,1,retain_current_development,not_approved,FALSE
SAQ_0811,DEV_NVA20132007,SANTA BARBARA PALMS 2,2013,42,SAC_01578,NVA20132007,DEV_NVA20132007,NVA20132007,1,retain_current_development,not_approved,FALSE
SAQ_0812,DEV_NVA19980055,MCKNIGHT SENIOR VILLAGE I,1998,110,SAC_01579,NVA19980055,DEV_NVA19980055,NVA19980055,1,retain_current_development,not_approved,FALSE
SAQ_0812,DEV_NVA20100061,MCKNIGHT SENIOR VILLAGE II,2010,78,SAC_01580,NVA20100061,DEV_NVA20100061,NVA20100061,1,retain_current_development,not_approved,FALSE
SAQ_0812,DEV_NVA20110020,MCKNIGHT SENIOR VILLAGE III,2011,24,SAC_01581,NVA20110020,DEV_NVA20110020,NVA20110020,1,retain_current_development,not_approved,FALSE
SAQ_0813,DEV_NVA20080010,RIVERWOOD VILLAGE,2008,208,SAC_01582,NVA20080010,DEV_NVA20080010,NVA20080010,1,retain_current_development,not_approved,FALSE
SAQ_0813,DEV_NVA20087005,RIVERWOOD I APTS.,2008,108,SAC_01583,NVA20087005,DEV_NVA20087005,NVA20087005,1,retain_current_development,not_approved,FALSE
SAQ_0814,DEV_NVA20130095,LOVELOCK MANOR/ ROSEWOOD APTS,2013,24,SAC_01584,NVA20130095,DEV_NVA20130095,NVA20130095,2,merge_to_review_cluster,not_approved,FALSE
SAQ_0814,DEV_NVA20132005,ROSEWOOD VILLAGE APARTMENTS,2013,24,SAC_01584,NVA20132005,DEV_NVA20130095,NVA20130095,2,merge_to_review_cluster,not_approved,FALSE
SAQ_0815,DEV_NVA20190010,NORTH 5TH STREET,2019,176,SAC_01585,NVA20190010,DEV_NVA20190010,NVA20190010,1,retain_current_development,not_approved,FALSE
SAQ_0815,DEV_NVA20200004,ROME PINES II - NORTH 5TH STREET 2,2020,116,SAC_01586,NVA20200004,DEV_NVA20200004,NVA20200004,1,retain_current_development,not_approved,FALSE
SAQ_0816,DEV_NVA20190008,MADISON PALMS,2019,54,SAC_01587,NVA20190008,DEV_NVA20190008,NVA20190008,1,retain_current_development,not_approved,FALSE
SAQ_0816,DEV_NVA20190009,MADISON PALMS TC,2019,73,SAC_01588,NVA20190009,DEV_NVA20190009,NVA20190009,1,retain_current_development,not_approved,FALSE
SAQ_0817,DEV_NVA00000155,SKYVIEW ASSOC,,39,SAC_01589,NVA00000155,DEV_NVA00000155,NVA00000155,1,retain_current_development,not_approved,FALSE
SAQ_0817,DEV_NVA19940035,SKYVIEW APARTMENTS,1994,100,SAC_01590,NVA19940035,DEV_NVA19940035,NVA19940035,1,retain_current_development,not_approved,FALSE
SAQ_0818,DEV_NVA20049015,WHITTELL POINTE APARTMENTS,2004,120,SAC_01591,NVA20049015,DEV_NVA20049015,NVA20049015,1,retain_current_development,not_approved,FALSE
SAQ_0818,DEV_NVA20059010,WHITTELL POINTE II APARTMENTS,2005,108,SAC_01592,NVA20059010,DEV_NVA20059010,NVA20059010,1,retain_current_development,not_approved,FALSE
SAQ_0819,DEV_NVA20020010,CITIVISTA SENIORS,2002,152,SAC_01593,NVA20020010,DEV_NVA20020010,NVA20020010,2,merge_to_review_cluster,not_approved,FALSE
SAQ_0819,DEV_NVA20029002,CITIVISTA SENIOR APARTMENTS,2002,152,SAC_01593,NVA20029002,DEV_NVA20020010,NVA20020010,2,merge_to_review_cluster,not_approved,FALSE
SAQ_0820,DEV_NVA20120015,LARIOS ARMS SENIOR APARTMENTS,2012,30,SAC_01594,NVA20120015,DEV_NVA20120015,NVA20120015,1,retain_current_development,not_approved,FALSE
SAQ_0820,DEV_NVA20160003,LARIOS ARRMS II,2016,30,SAC_01595,NVA20160003,DEV_NVA20160003,NVA20160003,1,retain_current_development,not_approved,FALSE
SAQ_0821,DEV_NYA20000045,BROADWAY WEST APTS,2000,72,SAC_01596,NYA20000045,DEV_NYA20000045,NYA20000045,1,retain_current_development,not_approved,FALSE
SAQ_0821,DEV_NYA20030015,BROADWAY WEST II,2003,42,SAC_01597,NYA20030015,DEV_NYA20030015,NYA20030015,1,retain_current_development,not_approved,FALSE
SAQ_0822,DEV_NYC20040280,1240 WASHINGTON AVENUE ASSOC LP,2004,100,SAC_01598,NYC20040280,DEV_NYC20040280,NYC20040280,2,merge_to_review_cluster,not_approved,FALSE
SAQ_0822,DEV_NYC20049001,"1240 WASHINGTON AVENUE ASSOCIATES, LP",2004,100,SAC_01598,NYC20049001,DEV_NYC20040280,NYC20040280,2,merge_to_review_cluster,not_approved,FALSE
SAQ_0823,DEV_NYC20171017,COMPASS RESIDENCE 2B LLC,2017,164,SAC_01599,NYC20171017,DEV_NYC20171017,NYC20171017,2,merge_to_review_cluster,not_approved,FALSE
SAQ_0823,DEV_NYC20171019,COMPASS RESIDENCES 2B,2017,164,SAC_01599,NYC20171019,DEV_NYC20171017,NYC20171017,2,merge_to_review_cluster,not_approved,FALSE
SAQ_0824,DEV_NYC20060053,VYSE AVENUE APTS,2006,96,SAC_01600,NYC20060053,DEV_NYC20060053,NYC20060053,2,merge_to_review_cluster,not_approved,FALSE
SAQ_0824,DEV_NYC20069022,"VYSE AVENUE ASSOCIATES, LP",2006,96,SAC_01600,NYC20069022,DEV_NYC20060053,NYC20060053,2,merge_to_review_cluster,not_approved,FALSE
SAQ_0825,DEV_NYC20060034,LAFONTAINE AVENUE APTS PHASE II,2006,88,SAC_01601,NYC20060034,DEV_NYC20060034,NYC20060034,1,retain_current_development,not_approved,FALSE
SAQ_0825,DEV_NYC20069035,"LA FONTAINE OWNERS ASSOCIATES, LLC",2006,88,SAC_01602,NYC20069035,DEV_NYC20069035,NYC20069035,1,retain_current_development,not_approved,FALSE
SAQ_0826,DEV_NYC20191002,2030 CRESTON,2019,113,SAC_01603,NYC20191002,DEV_NYC20191002,NYC20191002,1,retain_current_development,not_approved,FALSE
SAQ_0826,DEV_NYC20200001,2030 CRESTON AVENUE LLC,2020,189,SAC_01604,NYC20200001,DEV_NYC20200001,NYC20200001,1,retain_current_development,not_approved,FALSE
SAQ_0827,DEV_NYC20040128,LAFONTAINE AVENUE APTS PHASE I,2004,74,SAC_01605,NYC20040128,DEV_NYC20040128,NYC20040128,1,retain_current_development,not_approved,FALSE
SAQ_0827,DEV_NYC20049003,LAFONTAINE AVENUE ASSOCIATES L.P.,2004,74,SAC_01606,NYC20049003,DEV_NYC20049003,NYC20049003,1,retain_current_development,not_approved,FALSE
SAQ_0828,DEV_NYC20070080,EAST BURNSIDE AVENUE ASSOC,2007,114,SAC_01607,NYC20070080,DEV_NYC20070080,NYC20070080,2,merge_to_review_cluster,not_approved,FALSE
SAQ_0828,DEV_NYC20079009,"EAST BURNSIDE AVENUE ASSOCIATES, LP",2007,114,SAC_01607,NYC20079009,DEV_NYC20070080,NYC20070080,2,merge_to_review_cluster,not_approved,FALSE
SAQ_0829,DEV_NYC20100540,DECATUR APTS PHASE II,2010,50,SAC_01608,NYC20100540,DEV_NYC20100540,NYC20100540,1,retain_current_development,not_approved,FALSE
SAQ_0829,DEV_NYC20106010,"DECATUR II ASSOCIATES, LLC",2010,50,SAC_01609,NYC20106010,DEV_NYC20106010,NYC20106010,1,retain_current_development,not_approved,FALSE
SAQ_0830,DEV_NYC20070415,WEST TREMONT AVE ASSOC LP,2007,84,SAC_01610,NYC20070415,DEV_NYC20070415,NYC20070415,2,merge_to_review_cluster,not_approved,FALSE
SAQ_0830,DEV_NYC20079028,WEST TREMONT AVENUE ASSOCIATES LP,2007,84,SAC_01610,NYC20079028,DEV_NYC20070415,NYC20070415,2,merge_to_review_cluster,not_approved,FALSE
SAQ_0831,DEV_NYC20070270,VILLA AVENUE APTS,2007,111,SAC_01611,NYC20070270,DEV_NYC20070270,NYC20070270,2,merge_to_review_cluster,not_approved,FALSE
SAQ_0831,DEV_NYC20079027,"VILLA AVENUE ASSOCIATES, LP",2007,111,SAC_01611,NYC20079027,DEV_NYC20070270,NYC20070270,2,merge_to_review_cluster,not_approved,FALSE
SAQ_0832,DEV_NYC19990800,3716 THIRD AVE LLC,1999,41,SAC_01612,NYC19990800,DEV_NYC19990800,NYC19990800,1,retain_current_development,not_approved,FALSE
SAQ_0832,DEV_NYC19999001,"3716 THIRD AVENUE, LLC",1999,27,SAC_01613,NYC19999001,DEV_NYC19999001,NYC19999001,1,retain_current_development,not_approved,FALSE
SAQ_0833,DEV_NYC20120804,ST LUKE'S HOUSING FOR THE ELDERLY,2012,16,SAC_01614,NYC20120804,DEV_NYC20120804,NYC20120804,1,retain_current_development,not_approved,FALSE
SAQ_0833,DEV_NYC20120848,ST. LUKES HOUSING,2012,81,SAC_01615,NYC20120848,DEV_NYC20120848,NYC20120848,1,retain_current_development,not_approved,FALSE
SAQ_0834,DEV_NYC20050115,URBAN RENAISSANCE COLLABORATION,2005,105,SAC_01616,NYC20050115,DEV_NYC20050115,NYC20050115,1,retain_current_development,not_approved,FALSE
SAQ_0834,DEV_NYC20050163,PROMESA- URBAN RENAISSANCE,2005,8,SAC_01617,NYC20050163,DEV_NYC20050163,NYC20050163,1,retain_current_development,not_approved,FALSE
SAQ_0835,DEV_NYC20171049,PARK HOUSE APARTMENTS,2017,248,SAC_01618,NYC20171049,DEV_NYC20171049,NYC20171049,2,merge_to_review_cluster,not_approved,FALSE
SAQ_0835,DEV_NYC20171059,WEBSTER AVENUE AFFORDABLE LLC,2017,248,SAC_01618,NYC20171059,DEV_NYC20171049,NYC20171049,2,merge_to_review_cluster,not_approved,FALSE
SAQ_0836,DEV_NYC20181036,RAM HOUSING LIHTC LLC,2018,153,SAC_01619,NYC20181036,DEV_NYC20181036,NYC20181036,1,retain_current_development,not_approved,FALSE
SAQ_0836,DEV_NYC20182008,491 GERARD,2018,77,SAC_01620,NYC20182008,DEV_NYC20182008,NYC20182008,1,retain_current_development,not_approved,FALSE
SAQ_0837,DEV_NYC20100537,BORICUA VILLAGE ASSOC A-2,2010,85,SAC_01621,NYC20100537,DEV_NYC20100537,NYC20100537,2,merge_to_review_cluster,not_approved,FALSE
SAQ_0837,DEV_NYC20106004,"BORICUA VILLAGE ASSOCIATES A-2, LP",2010,85,SAC_01621,NYC20106004,DEV_NYC20100537,NYC20100537,2,merge_to_review_cluster,not_approved,FALSE
SAQ_0838,DEV_NYC20151005,ARTHUR AVENUE RESIDENCE L.P.,2015,108,SAC_01622,NYC20151005,DEV_NYC20151005,NYC20151005,1,retain_current_development,not_approved,FALSE
SAQ_0838,DEV_NYC20162011,ARTHUR AVENUE RESIDENCE,2016,108,SAC_01623,NYC20162011,DEV_NYC20162011,NYC20162011,1,retain_current_development,not_approved,FALSE
SAQ_0839,DEV_NYC20020230,SAGAMORE STREET APTS,2002,84,SAC_01624,NYC20020230,DEV_NYC20020230,NYC20020230,2,merge_to_review_cluster,not_approved,FALSE
SAQ_0839,DEV_NYC20029006,SAGAMORE STREET ASSOCIATES LP,2002,84,SAC_01624,NYC20029006,DEV_NYC20020230,NYC20020230,2,merge_to_review_cluster,not_approved,FALSE
SAQ_0840,DEV_NYC20000800,STUDEBAKER PLACE,2000,27,SAC_01625,NYC20000800,DEV_NYC20000800,NYC20000800,1,retain_current_development,not_approved,FALSE
SAQ_0840,DEV_NYC20009001,1469 STUDEBAKER,2000,26,SAC_01626,NYC20009001,DEV_NYC20009001,NYC20009001,1,retain_current_development,not_approved,FALSE
SAQ_0841,DEV_NYC20070815,STATE RENAISSANCE COURT,2007,158,SAC_01627,NYC20070815,DEV_NYC20070815,NYC20070815,1,retain_current_development,not_approved,FALSE
SAQ_0841,DEV_NYE00000080,"STATE RENAISSANCE, LLC",,47,SAC_01628,NYE00000080,DEV_NYE00000080,NYE00000080,1,retain_current_development,not_approved,FALSE
SAQ_0842,DEV_NYC20130005,270 PULASKI ST,2013,10,SAC_01629,NYC20130005,DEV_NYC20130005,NYC20130005,1,retain_current_development,not_approved,FALSE
SAQ_0842,DEV_NYC20130184,"270 PULASKI STREET, LP",2013,72,SAC_01630,NYC20130184,DEV_NYC20130184,NYC20130184,1,retain_current_development,not_approved,FALSE
SAQ_0843,DEV_NYC20171006,535 CARLTON AVE AT PACIFIC PARK BROOKLYN,2017,90,SAC_01631,NYC20171006,DEV_NYC20171006,NYC20171006,1,retain_current_development,not_approved,FALSE
SAQ_0843,DEV_NYC20171048,"PP 535 CARLTON TC, LLC",2017,298,SAC_01632,NYC20171048,DEV_NYC20171048,NYC20171048,1,retain_current_development,not_approved,FALSE
SAQ_0844,DEV_NYC20080030,575 FIFTH AVE,2008,49,SAC_01633,NYC20080030,DEV_NYC20080030,NYC20080030,1,retain_current_development,not_approved,FALSE
SAQ_0844,DEV_NYC20100100,ODESSA APTS,2010,9,SAC_01634,NYC20100100,DEV_NYC20100100,NYC20100100,1,retain_current_development,not_approved,FALSE
SAQ_0845,DEV_NYC20171007,AFFORDABLE AND SUPPORTIVE HOUSING AT VAN DYKE,2017,101,SAC_01635,NYC20171007,DEV_NYC20171007,NYC20171007,2,merge_to_review_cluster,not_approved,FALSE
SAQ_0845,DEV_NYC20171058,VAN DYKE HOUSES,2017,101,SAC_01635,NYC20171058,DEV_NYC20171007,NYC20171007,2,merge_to_review_cluster,not_approved,FALSE
SAQ_0846,DEV_NYA00000072,FAULKNER APTS PHASE I,,23,SAC_01636,NYA00000072,DEV_NYA00000072,NYA00000072,1,retain_current_development,not_approved,FALSE
SAQ_0846,DEV_NYA19930150,FAULKNER APTS PHASE II,1993,24,SAC_01637,NYA19930150,DEV_NYA19930150,NYA19930150,1,retain_current_development,not_approved,FALSE
SAQ_0847,DEV_NYA20020165,OLD ERIE PLACE PHASES IV,2002,24,SAC_01638,NYA20020165,DEV_NYA20020165,NYA20020165,1,retain_current_development,not_approved,FALSE
SAQ_0847,DEV_NYE00000060,OLD ERIE PLACE PHASE III,,23,SAC_01639,NYE00000060,DEV_NYE00000060,NYE00000060,1,retain_current_development,not_approved,FALSE
SAQ_0848,DEV_NYA19910300,WEDGEWOOD I,1991,70,SAC_01640,NYA19910300,DEV_NYA19910300,NYA19910300,1,retain_current_development,not_approved,FALSE
SAQ_0848,DEV_NYA19910305,WEDGEWOOD II,1991,24,SAC_01641,NYA19910305,DEV_NYA19910305,NYA19910305,1,retain_current_development,not_approved,FALSE
SAQ_0849,DEV_NYA19980235,WEST VALLEY TOWNHOUSES I,1998,12,SAC_01642,NYA19980235,DEV_NYA19980235,NYA19980235,1,retain_current_development,not_approved,FALSE
SAQ_0849,DEV_NYA20040310,WEST VALLEY TOWNHOUSES II,2004,12,SAC_01643,NYA20040310,DEV_NYA20040310,NYA20040310,1,retain_current_development,not_approved,FALSE
SAQ_0850,DEV_NYA20050085,MIDDLECREST CROSSING SENIOR APTS I,2005,100,SAC_01644,NYA20050085,DEV_NYA20050085,NYA20050085,1,retain_current_development,not_approved,FALSE
SAQ_0850,DEV_NYA20070125,MIDDLECREST CROSSING SENIOR APTS II,2007,100,SAC_01645,NYA20070125,DEV_NYA20070125,NYA20070125,1,retain_current_development,not_approved,FALSE
SAQ_0851,DEV_NYC19960005,ROCKROSE,1996,148,SAC_01646,NYC19960005,DEV_NYC19960005,NYC19960005,1,retain_current_development,not_approved,FALSE
SAQ_0851,DEV_NYC19969001,100 JANE STREET,1996,30,SAC_01647,NYC19969001,DEV_NYC19969001,NYC19969001,1,retain_current_development,not_approved,FALSE
SAQ_0852,DEV_NYC19940031,TRIBECA TOWER,1994,440,SAC_01648,NYC19940031,DEV_NYC19940031,NYC19940031,2,merge_to_review_cluster,not_approved,FALSE
SAQ_0852,DEV_NYC19949002,TRIBECA TOWERS,1994,88,SAC_01648,NYC19949002,DEV_NYC19940031,NYC19940031,2,merge_to_review_cluster,not_approved,FALSE
SAQ_0853,DEV_NYC20181022,ESSEX CROSSING SITE 2,2018,53,SAC_01649,NYC20181022,DEV_NYC20181022,NYC20181022,1,retain_current_development,not_approved,FALSE
SAQ_0853,DEV_NYC20181040,SITE 2 DSA AFFORDABLE MT LLC,2018,101,SAC_01650,NYC20181040,DEV_NYC20181040,NYC20181040,1,retain_current_development,not_approved,FALSE
SAQ_0854,DEV_NYC20171030,ESSEX CROSSING - SITE 5,2017,59,SAC_01651,NYC20171030,DEV_NYC20171030,NYC20171030,1,retain_current_development,not_approved,FALSE
SAQ_0854,DEV_NYC20171053,SITE 5 - ESSEX CROSSING,2017,105,SAC_01652,NYC20171053,DEV_NYC20171053,NYC20171053,1,retain_current_development,not_approved,FALSE
SAQ_0855,DEV_NYB00000049,1501 LEXINGTON AVENUE,,32,SAC_01653,NYB00000049,DEV_NYB00000049,NYB00000049,1,retain_current_development,not_approved,FALSE
SAQ_0855,DEV_NYB20010010,CARNEGIE PARK TERRACE,2001,160,SAC_01654,NYB20010010,DEV_NYB20010010,NYB20010010,1,retain_current_development,not_approved,FALSE
SAQ_0856,DEV_NYA19920030,175 E 96 ST PROJECT,1992,522,SAC_01655,NYA19920030,DEV_NYA19920030,NYA19920030,1,retain_current_development,not_approved,FALSE
SAQ_0856,DEV_NYC19929001,THE MONTEREY,1992,107,SAC_01656,NYC19929001,DEV_NYC19929001,NYC19929001,1,retain_current_development,not_approved,FALSE
SAQ_0857,DEV_NYC19950140,BRITTANY,1995,273,SAC_01657,NYC19950140,DEV_NYC19950140,NYC19950140,1,retain_current_development,not_approved,FALSE
SAQ_0857,DEV_NYC19959002,THE BRITTANY,1995,55,SAC_01658,NYC19959002,DEV_NYC19959002,NYC19959002,1,retain_current_development,not_approved,FALSE
SAQ_0858,DEV_NYC20050007,EAST 129 STREET CLUSTER,2005,16,SAC_01659,NYC20050007,DEV_NYC20050007,NYC20050007,1,retain_current_development,not_approved,FALSE
SAQ_0858,DEV_NYC20050040,PARK AVENUE CLUSTER,2005,16,SAC_01660,NYC20050040,DEV_NYC20050040,NYC20050040,1,retain_current_development,not_approved,FALSE
SAQ_0859,DEV_NYC20110004,AMSTERDAM,2011,175,SAC_01661,NYC20110004,DEV_NYC20110004,NYC20110004,2,merge_to_review_cluster,not_approved,FALSE
SAQ_0859,DEV_NYC20110858,AMSTERDAM ADDITION,2011,175,SAC_01661,NYC20110858,DEV_NYC20110004,NYC20110004,2,merge_to_review_cluster,not_approved,FALSE
SAQ_0860,DEV_NYC20100455,NEW EAST 124TH STREET LLC,2010,185,SAC_01662,NYC20100455,DEV_NYC20100455,NYC20100455,2,merge_to_review_cluster,not_approved,FALSE
SAQ_0860,DEV_NYC20100843,TAPESTRY,2010,185,SAC_01662,NYC20100843,DEV_NYC20100455,NYC20100455,2,merge_to_review_cluster,not_approved,FALSE
SAQ_0861,DEV_NYC20110806,260 WEST 26 TH STREET,2011,59,SAC_01663,NYC20110806,DEV_NYC20110806,NYC20110806,2,merge_to_review_cluster,not_approved,FALSE
SAQ_0861,DEV_NYC20130183,260 WEST 26TH STREET,2013,204,SAC_01663,NYC20130183,DEV_NYC20110806,NYC20110806,2,merge_to_review_cluster,not_approved,FALSE
SAQ_0862,DEV_NYB20060010,33 WEST END AVENUE APARTMENTS,2006,120,SAC_01664,NYB20060010,DEV_NYB20060010,NYB20060010,1,retain_current_development,not_approved,FALSE
SAQ_0862,DEV_NYC20069023,W. 61ST STREET APARTMENTS,2006,211,SAC_01665,NYC20069023,DEV_NYC20069023,NYC20069023,1,retain_current_development,not_approved,FALSE
SAQ_0863,DEV_NYC19970010,400 W 59TH ST PRTNRS,1997,722,SAC_01666,NYC19970010,DEV_NYC19970010,NYC19970010,1,retain_current_development,not_approved,FALSE
SAQ_0863,DEV_NYC19979002,ONE COLUMBUS PLACE (400 WEST 59TH STREET),1997,149,SAC_01667,NYC19979002,DEV_NYC19979002,NYC19979002,1,retain_current_development,not_approved,FALSE
SAQ_0864,DEV_NYC20120020,"25TH STREET CHELSEA EQUITITES, LLC",2012,168,SAC_01668,NYC20120020,DEV_NYC20120020,NYC20120020,1,retain_current_development,not_approved,FALSE
SAQ_0864,DEV_NYC20120842,ELLIOT CHELSEA,2012,20,SAC_01669,NYC20120842,DEV_NYC20120842,NYC20120842,1,retain_current_development,not_approved,FALSE
SAQ_0865,DEV_NYC19980806,JELB 130,1998,24,SAC_01670,NYC19980806,DEV_NYC19980806,NYC19980806,1,retain_current_development,not_approved,FALSE
SAQ_0865,DEV_NYC19989019,JELB 130LP,1998,24,SAC_01671,NYC19989019,DEV_NYC19989019,NYC19989019,1,retain_current_development,not_approved,FALSE
SAQ_0866,DEV_NYC19980805,55 W 129TH STREET,1998,40,SAC_01672,NYC19980805,DEV_NYC19980805,NYC19980805,1,retain_current_development,not_approved,FALSE
SAQ_0866,DEV_NYC19989016,55 WEST 129TH STREET,1998,40,SAC_01673,NYC19989016,DEV_NYC19989016,NYC19989016,1,retain_current_development,not_approved,FALSE
SAQ_0867,DEV_NYA19980170,PINE TREE VILLAGE FAMILY APTS,1998,40,SAC_01674,NYA19980170,DEV_NYA19980170,NYA19980170,1,retain_current_development,not_approved,FALSE
SAQ_0867,DEV_NYA20020175,PINE TREE VILLAGE SENIOR APTS,2002,35,SAC_01675,NYA20020175,DEV_NYA20020175,NYA20020175,1,retain_current_development,not_approved,FALSE
SAQ_0868,DEV_NYA00000200,CONIFER TOWPATH,,65,SAC_01676,NYA00000200,DEV_NYA00000200,NYA00000200,1,retain_current_development,not_approved,FALSE
SAQ_0868,DEV_NYA19950355,TOWPATH MANOR II,1995,32,SAC_01677,NYA19950355,DEV_NYA19950355,NYA19950355,1,retain_current_development,not_approved,FALSE
SAQ_0869,DEV_NYA19950115,CHURCH STREET APTS,1995,38,SAC_01678,NYA19950115,DEV_NYA19950115,NYA19950115,1,retain_current_development,not_approved,FALSE
SAQ_0869,DEV_NYA20231015,PORT BYRON APARTMENTS,2023,69,SAC_01679,NYA20231015,DEV_NYA20231015,NYA20231015,1,retain_current_development,not_approved,FALSE
SAQ_0870,DEV_NYA19950235,MAIN STREET SCHOOL,1995,59,SAC_01680,NYA19950235,DEV_NYA19950235,NYA19950235,1,retain_current_development,not_approved,FALSE
SAQ_0870,DEV_NYA20160009,LANDMARK ON MAIN,2016,60,SAC_01681,NYA20160009,DEV_NYA20160009,NYA20160009,1,retain_current_development,not_approved,FALSE
SAQ_0871,DEV_NYB20030035,CEDARWOOD TOWERS,2003,206,SAC_01682,NYB20030035,DEV_NYB20030035,NYB20030035,1,retain_current_development,not_approved,FALSE
SAQ_0871,DEV_NYB20194021,WINTON GARDENS TOWERS,2019,206,SAC_01683,NYB20194021,DEV_NYB20194021,NYB20194021,1,retain_current_development,not_approved,FALSE
SAQ_0872,DEV_NYA19960285,ST BERNARD'S APTS I,1996,59,SAC_01684,NYA19960285,DEV_NYA19960285,NYA19960285,1,retain_current_development,not_approved,FALSE
SAQ_0872,DEV_NYA19980195,ST BERNARD'S APTS II,1998,88,SAC_01685,NYA19980195,DEV_NYA19980195,NYA19980195,1,retain_current_development,not_approved,FALSE
SAQ_0872,DEV_NYB20195015,ST.BERNARD'S PARK APARTMENTS,2019,160,SAC_01686,NYB20195015,DEV_NYB20195015,NYB20195015,1,retain_current_development,not_approved,FALSE
SAQ_0873,DEV_NYA20120904,LIBERTY GARDENS REVITALIZATION I,2012,78,SAC_01687,NYA20120904,DEV_NYA20120904,NYA20120904,1,retain_current_development,not_approved,FALSE
SAQ_0873,DEV_NYA20130285,LIBERTY GARDENS REVITALIZATION II,2013,50,SAC_01688,NYA20130285,DEV_NYA20130285,NYA20130285,1,retain_current_development,not_approved,FALSE
SAQ_0874,DEV_NYA19910015,HARBOR COURT,1991,40,SAC_01689,NYA19910015,DEV_NYA19910015,NYA19910015,1,retain_current_development,not_approved,FALSE
SAQ_0874,DEV_NYA19970195,NICHOLAS MANOR,1997,28,SAC_01690,NYA19970195,DEV_NYA19970195,NYA19970195,1,retain_current_development,not_approved,FALSE
SAQ_0875,DEV_NYA20110801,KENNEDY PLAZA LOW-RISE APTS,2011,88,SAC_01691,NYA20110801,DEV_NYA20110801,NYA20110801,1,retain_current_development,not_approved,FALSE
SAQ_0875,DEV_NYB20110807,KENNEDY PLAZA APTS,2011,204,SAC_01692,NYB20110807,DEV_NYB20110807,NYB20110807,1,retain_current_development,not_approved,FALSE
SAQ_0876,DEV_OHA19910250,RIVERBEND APTS II (ABERDEEN),1991,40,SAC_01693,OHA19910250,DEV_OHA19910250,OHA19910250,1,retain_current_development,not_approved,FALSE
SAQ_0876,DEV_OHA19960200,RIVERBEND APTS,1996,50,SAC_01694,OHA19960200,DEV_OHA19960200,OHA19960200,1,retain_current_development,not_approved,FALSE
SAQ_0877,DEV_OHA19979516,THE WATERFORD AT PORTAGE TRAIL PHASE I,1997,168,SAC_01695,OHA19979516,DEV_OHA19979516,OHA19979516,2,merge_to_review_cluster,not_approved,FALSE
SAQ_0877,DEV_OHA19980247,WATERFORD AT PORTAGE TRAIL I,1998,168,SAC_01695,OHA19980247,DEV_OHA19979516,OHA19979516,2,merge_to_review_cluster,not_approved,FALSE
SAQ_0877,DEV_OHA19980250,WATERFORD AT PORTAGE TRAIL II,1998,136,SAC_01696,OHA19980250,DEV_OHA19980250,OHA19980250,2,merge_to_review_cluster,not_approved,FALSE
SAQ_0877,DEV_OHA19989269,THE WATERFORD AT PORTAGE TRAIL PHASE II,1998,136,SAC_01696,OHA19989269,DEV_OHA19980250,OHA19980250,2,merge_to_review_cluster,not_approved,FALSE
SAQ_0878,DEV_OHA20180033,STONEY POINTE COMMONS,2018,68,SAC_01697,OHA20180033,DEV_OHA20180033,OHA20180033,1,retain_current_development,not_approved,FALSE
SAQ_0878,DEV_OHA20200040,STONEY POINTE COMMONS II,2020,,SAC_01698,OHA20200040,DEV_OHA20200040,OHA20200040,1,retain_current_development,not_approved,FALSE
SAQ_0879,DEV_OHA19950050,CEDAR STREET APTS PHASE II,1995,62,SAC_01699,OHA19950050,DEV_OHA19950050,OHA19950050,1,retain_current_development,not_approved,FALSE
SAQ_0879,DEV_OHA19960045,CEDAR STREET APTS III,1996,21,SAC_01700,OHA19960045,DEV_OHA19960045,OHA19960045,1,retain_current_development,not_approved,FALSE
SAQ_0880,DEV_OHA20080080,EDGEWOOD APTS PHASE I,2008,80,SAC_01701,OHA20080080,DEV_OHA20080080,OHA20080080,1,retain_current_development,not_approved,FALSE
SAQ_0880,DEV_OHA20120001,EDGEWOOD VILLAGE IV,2012,48,SAC_01702,OHA20120001,DEV_OHA20120001,OHA20120001,1,retain_current_development,not_approved,FALSE
SAQ_0880,DEV_OHA20120055,EDGEWOOD VILLAGE V,2012,48,SAC_01703,OHA20120055,DEV_OHA20120055,OHA20120055,1,retain_current_development,not_approved,FALSE
SAQ_0881,DEV_OHA20000125,WILLOWBROOK SENIOR HOMES,2000,80,SAC_01704,OHA20000125,DEV_OHA20000125,OHA20000125,1,retain_current_development,not_approved,FALSE
SAQ_0881,DEV_OHA20030225,SAYBROOK ELDERLY II,2003,48,SAC_01705,OHA20030225,DEV_OHA20030225,OHA20030225,1,retain_current_development,not_approved,FALSE
SAQ_0882,DEV_OHA20040015,ASHTABULA HOMES I,2004,40,SAC_01706,OHA20040015,DEV_OHA20040015,OHA20040015,1,retain_current_development,not_approved,FALSE
SAQ_0882,DEV_OHA20059328,ASHTABULA HOMES II,2005,40,SAC_01707,OHA20059328,DEV_OHA20059328,OHA20059328,1,retain_current_development,not_approved,FALSE
SAQ_0882,DEV_OHA20070055,GREENWAY SENIOR,2007,51,SAC_01708,OHA20070055,DEV_OHA20070055,OHA20070055,1,retain_current_development,not_approved,FALSE
SAQ_0883,DEV_OHA19890575,SIR FREDERICK APTS,1989,48,SAC_01709,OHA19890575,DEV_OHA19890575,OHA19890575,1,retain_current_development,not_approved,FALSE
SAQ_0883,DEV_OHA20150022,NICKEL PLATE PLAZA,2015,48,SAC_01710,OHA20150022,DEV_OHA20150022,OHA20150022,1,retain_current_development,not_approved,FALSE
SAQ_0884,DEV_OHA20000097,GABLES AT COUNTRY SIDE LANE,2000,40,SAC_01711,OHA20000097,DEV_OHA20000097,OHA20000097,1,retain_current_development,not_approved,FALSE
SAQ_0884,DEV_OHA20060721,GABLES AT COUNTRY SIDE LANE II,2006,24,SAC_01712,OHA20060721,DEV_OHA20060721,OHA20060721,1,retain_current_development,not_approved,FALSE
SAQ_0885,DEV_OHA20060120,HOUSTON HILLS,2006,50,SAC_01713,OHA20060120,DEV_OHA20060120,OHA20060120,2,merge_to_review_cluster,not_approved,FALSE
SAQ_0885,DEV_OHA20069761,HUSTON HILLS,2006,50,SAC_01713,OHA20069761,DEV_OHA20060120,OHA20060120,2,merge_to_review_cluster,not_approved,FALSE
SAQ_0886,DEV_OHA20000160,MEADOWS,2000,95,SAC_01714,OHA20000160,DEV_OHA20000160,OHA20000160,2,merge_to_review_cluster,not_approved,FALSE
SAQ_0886,DEV_OHA20009251,THE MEADOWS,2000,95,SAC_01714,OHA20009251,DEV_OHA20000160,OHA20000160,2,merge_to_review_cluster,not_approved,FALSE
SAQ_0887,DEV_OHA19990538,MEADOWS AT GRAND LAKE,1999,59,SAC_01715,OHA19990538,DEV_OHA19990538,OHA19990538,1,retain_current_development,not_approved,FALSE
SAQ_0887,DEV_OHA19999543,THE MEADOWS AT GRAND LAKES APARTMENTS,1999,60,SAC_01716,OHA19999543,DEV_OHA19999543,OHA19999543,1,retain_current_development,not_approved,FALSE
SAQ_0888,DEV_OHA20010105,LINCOLN VIEW APTS,2001,54,SAC_01717,OHA20010105,DEV_OHA20010105,OHA20010105,1,retain_current_development,not_approved,FALSE
SAQ_0888,DEV_OHA20020105,LINCOLN COURT FAMILY PHASE III,2002,58,SAC_01718,OHA20020105,DEV_OHA20020105,OHA20020105,1,retain_current_development,not_approved,FALSE
SAQ_0888,DEV_OHA20030140,LAUREL HOMES PHASE II,2003,56,SAC_01719,OHA20030140,DEV_OHA20030140,OHA20030140,1,retain_current_development,not_approved,FALSE
SAQ_0888,DEV_OHA20030155,LINCOLN COURT IV FAMILY,2003,91,SAC_01720,OHA20030155,DEV_OHA20030155,OHA20030155,1,retain_current_development,not_approved,FALSE
SAQ_0889,DEV_OHA20100140,VILLAS OF THE VALLEY,2010,42,SAC_01721,OHA20100140,DEV_OHA20100140,OHA20100140,1,retain_current_development,not_approved,FALSE
SAQ_0889,DEV_OHA20110155,VILLAS OF THE VALLEY PHASE II,2011,35,SAC_01722,OHA20110155,DEV_OHA20110155,OHA20110155,1,retain_current_development,not_approved,FALSE
SAQ_0890,DEV_OHA20110143,ST PAUL VILLAGE I,2011,103,SAC_01723,OHA20110143,DEV_OHA20110143,OHA20110143,1,retain_current_development,not_approved,FALSE
SAQ_0890,DEV_OHA20120085,ST PAUL VILLAGE II,2012,65,SAC_01724,OHA20120085,DEV_OHA20120085,OHA20120085,1,retain_current_development,not_approved,FALSE
SAQ_0891,DEV_OHA20110142,ST LUKE'S HOSPITAL APTS PHASE I,2011,72,SAC_01725,OHA20110142,DEV_OHA20110142,OHA20110142,1,retain_current_development,not_approved,FALSE
SAQ_0891,DEV_OHA20130035,ST LUKE'S HOSPITAL APTS PHASE II,2013,65,SAC_01726,OHA20130035,DEV_OHA20130035,OHA20130035,1,retain_current_development,not_approved,FALSE
SAQ_0892,DEV_OHA19970122,KARE BUILDING,1997,18,SAC_01727,OHA19970122,DEV_OHA19970122,OHA19970122,1,retain_current_development,not_approved,FALSE
SAQ_0892,DEV_OHA19980135,KINSMAN KARE,1998,18,SAC_01728,OHA19980135,DEV_OHA19980135,OHA19980135,1,retain_current_development,not_approved,FALSE
SAQ_0893,DEV_OHA20070170,VALLEYVIEW PHASE I,2007,102,SAC_01729,OHA20070170,DEV_OHA20070170,OHA20070170,1,retain_current_development,not_approved,FALSE
SAQ_0893,DEV_OHA20090160,VALLEYVIEW PHASE II,2009,87,SAC_01730,OHA20090160,DEV_OHA20090160,OHA20090160,1,retain_current_development,not_approved,FALSE
SAQ_0894,DEV_OHA20029275,CLEVELAND HOUSING NETWORK XVII,2002,85,SAC_01731,OHA20029275,DEV_OHA20029275,OHA20029275,1,retain_current_development,not_approved,FALSE
SAQ_0894,DEV_OHA20039293,CLEVELAND HOUSING NETWORK XVIII,2003,82,SAC_01732,OHA20039293,DEV_OHA20039293,OHA20039293,1,retain_current_development,not_approved,FALSE
SAQ_0895,DEV_OHA20100070,GARDEN VALLEY PHASE I,2010,81,SAC_01733,OHA20100070,DEV_OHA20100070,OHA20100070,2,merge_to_review_cluster,not_approved,FALSE
SAQ_0895,DEV_OHA20109832,HERITAGE VIEW HOMES PHASE I,2010,81,SAC_01733,OHA20109832,DEV_OHA20100070,OHA20100070,2,merge_to_review_cluster,not_approved,FALSE
SAQ_0895,DEV_OHA20110055,GARDEN VALLEY PHASE III,2011,69,SAC_01734,OHA20110055,DEV_OHA20110055,OHA20110055,2,merge_to_review_cluster,not_approved,FALSE
SAQ_0895,DEV_OHA20119294,HERITAGE VIEW HOMES III,2011,69,SAC_01734,OHA20119294,DEV_OHA20110055,OHA20110055,2,merge_to_review_cluster,not_approved,FALSE
SAQ_0895,DEV_OHA20119293,HERITAGE VIEW HOMES II,2011,57,SAC_01735,OHA20119293,DEV_OHA20119293,OHA20119293,1,retain_current_development,not_approved,FALSE
SAQ_0896,DEV_OHA19880010,ALHAMBRA,1988,58,SAC_01736,OHA19880010,DEV_OHA19880010,OHA19880010,2,merge_to_review_cluster,not_approved,FALSE
SAQ_0896,DEV_OHA19890670,WADE PARK,1989,58,SAC_01736,OHA19890670,DEV_OHA19880010,OHA19880010,2,merge_to_review_cluster,not_approved,FALSE
SAQ_0897,DEV_OHA19880285,LIVINGSTON & OHIO PROPERTIES,1988,2,SAC_01737,OHA19880285,DEV_OHA19880285,OHA19880285,1,retain_current_development,not_approved,FALSE
SAQ_0897,DEV_OHA19880530,SRP 8,1988,23,SAC_01738,OHA19880530,DEV_OHA19880530,OHA19880530,1,retain_current_development,not_approved,FALSE
SAQ_0898,DEV_OHA19950120,FRANCISCAN HOMES III,1995,35,SAC_01739,OHA19950120,DEV_OHA19950120,OHA19950120,1,retain_current_development,not_approved,FALSE
SAQ_0898,DEV_OHA20079271,WILDWOOD VILLAGE APTS,2007,272,SAC_01740,OHA20079271,DEV_OHA20079271,OHA20079271,1,retain_current_development,not_approved,FALSE
SAQ_0899,DEV_OHA20129184,ELIM MANOR SECTION 202,2012,35,SAC_01741,OHA20129184,DEV_OHA20129184,OHA20129184,1,retain_current_development,not_approved,FALSE
SAQ_0899,DEV_OHA20129185,ELIM MANOR SECTION 8,2012,63,SAC_01742,OHA20129185,DEV_OHA20129185,OHA20129185,1,retain_current_development,not_approved,FALSE
SAQ_0900,DEV_OHA19970185,NEIGHBORHOOD HOUSING SCATTERED SITE I,1997,12,SAC_01743,OHA19970185,DEV_OHA19970185,OHA19970185,1,retain_current_development,not_approved,FALSE
SAQ_0900,DEV_OHA19990155,NEIGHBORHOOD HOUSING SCATTERED SITE II,1999,38,SAC_01744,OHA19990155,DEV_OHA19990155,OHA19990155,1,retain_current_development,not_approved,FALSE
SAQ_0901,DEV_OHA19960090,FOURTH STREET YWCA RENOVATION,1996,102,SAC_01745,OHA19960090,DEV_OHA19960090,OHA19960090,1,retain_current_development,not_approved,FALSE
SAQ_0901,DEV_OHA20160011,GRISWOLD BUILDING RENOVATION,2016,91,SAC_01746,OHA20160011,DEV_OHA20160011,OHA20160011,1,retain_current_development,not_approved,FALSE
SAQ_0902,DEV_OHA19979515,SHILOH VILLAGE,1997,120,SAC_01747,OHA19979515,DEV_OHA19979515,OHA19979515,1,retain_current_development,not_approved,FALSE
SAQ_0902,DEV_OHA20070142,SHILO APTS III,2007,72,SAC_01748,OHA20070142,DEV_OHA20070142,OHA20070142,1,retain_current_development,not_approved,FALSE
SAQ_0903,DEV_OHA20030227,SENIOR VILLAGE AT DAYTON VIEW,2003,30,SAC_01749,OHA20030227,DEV_OHA20030227,OHA20030227,1,retain_current_development,not_approved,FALSE
SAQ_0903,DEV_OHA20129187,FORT MCKINLEY HOMES,2012,25,SAC_01750,OHA20129187,DEV_OHA20129187,OHA20129187,1,retain_current_development,not_approved,FALSE
SAQ_0904,DEV_OHA19930115,DUNKIRK ESTATES,1993,24,SAC_01751,OHA19930115,DEV_OHA19930115,OHA19930115,1,retain_current_development,not_approved,FALSE
SAQ_0904,DEV_OHA20090220,MALLORY MEADOWS,2009,24,SAC_01752,OHA20090220,DEV_OHA20090220,OHA20090220,1,retain_current_development,not_approved,FALSE
SAQ_0905,DEV_OHA19870050,COUNTRY PLACE APTS I,1987,24,SAC_01753,OHA19870050,DEV_OHA19870050,OHA19870050,1,retain_current_development,not_approved,FALSE
SAQ_0905,DEV_OHA19920060,COUNTRY PLACE APTS II,1992,24,SAC_01754,OHA19920060,DEV_OHA19920060,OHA19920060,1,retain_current_development,not_approved,FALSE
SAQ_0906,DEV_OHA19890490,OXFORD HEIGHTS APTS,1989,24,SAC_01755,OHA19890490,DEV_OHA19890490,OHA19890490,1,retain_current_development,not_approved,FALSE
SAQ_0906,DEV_OHA19890615,SURREY LANE APTS,1989,36,SAC_01756,OHA19890615,DEV_OHA19890615,OHA19890615,1,retain_current_development,not_approved,FALSE
SAQ_0907,DEV_OHA20009248,PARK AVENUE APTS,2000,50,SAC_01757,OHA20009248,DEV_OHA20009248,OHA20009248,1,retain_current_development,not_approved,FALSE
SAQ_0907,DEV_OHA20010005,TENTH STREET APTS,2001,31,SAC_01758,OHA20010005,DEV_OHA20010005,OHA20010005,1,retain_current_development,not_approved,FALSE
SAQ_0908,DEV_OHA20070080,LINDEN GREENE-BEAUMONT PLACE,2007,50,SAC_01759,OHA20070080,DEV_OHA20070080,OHA20070080,2,merge_to_review_cluster,not_approved,FALSE
SAQ_0908,DEV_OHA20079260,BEAUMONT PLACE - LINDEN GREENE,2007,50,SAC_01759,OHA20079260,DEV_OHA20070080,OHA20070080,2,merge_to_review_cluster,not_approved,FALSE
SAQ_0909,DEV_OHA19940180,HUNTERS RUN II,1994,52,SAC_01760,OHA19940180,DEV_OHA19940180,OHA19940180,1,retain_current_development,not_approved,FALSE
SAQ_0909,DEV_OHA19950140,HUNTERS RUN,1995,62,SAC_01761,OHA19950140,DEV_OHA19950140,OHA19950140,1,retain_current_development,not_approved,FALSE
SAQ_0910,DEV_OHA19980150,MALABAR TRACE APTS II,1998,32,SAC_01762,OHA19980150,DEV_OHA19980150,OHA19980150,1,retain_current_development,not_approved,FALSE
SAQ_0910,DEV_OHA19989265,MALABAR TRACE I APTS,1998,32,SAC_01763,OHA19989265,DEV_OHA19989265,OHA19989265,1,retain_current_development,not_approved,FALSE
SAQ_0911,DEV_OHA19890560,SANDPIPERS SQUARE APTS,1989,30,SAC_01764,OHA19890560,DEV_OHA19890560,OHA19890560,1,retain_current_development,not_approved,FALSE
SAQ_0911,DEV_OHA20070069,LAMPLIGHTER LANDINGS,2007,30,SAC_01765,OHA20070069,DEV_OHA20070069,OHA20070069,1,retain_current_development,not_approved,FALSE
SAQ_0912,DEV_OHA20110100,MARION ROTARY TOWERS,2011,117,SAC_01766,OHA20110100,DEV_OHA20110100,OHA20110100,1,retain_current_development,not_approved,FALSE
SAQ_0912,DEV_OHA20160019,MARION TOWERS II,2016,45,SAC_01767,OHA20160019,DEV_OHA20160019,OHA20160019,1,retain_current_development,not_approved,FALSE
SAQ_0913,DEV_OHA19960075,CRYSTAL GALE APTS,1996,24,SAC_01768,OHA19960075,DEV_OHA19960075,OHA19960075,2,merge_to_review_cluster,not_approved,FALSE
SAQ_0913,DEV_OHA19969296,CHRISTLA GALE APARTMENTS,1996,24,SAC_01768,OHA19969296,DEV_OHA19960075,OHA19960075,2,merge_to_review_cluster,not_approved,FALSE
SAQ_0914,DEV_OHA20059339,THE RESERVE AT MONROE CROSSING,2005,150,SAC_01769,OHA20059339,DEV_OHA20059339,OHA20059339,2,merge_to_review_cluster,not_approved,FALSE
SAQ_0914,DEV_OHA20069766,RESERVE AT MONROE CROSSINGS,2006,150,SAC_01769,OHA20069766,DEV_OHA20059339,OHA20059339,2,merge_to_review_cluster,not_approved,FALSE
SAQ_0915,DEV_OHA19890515,PARKVIEW ARMS I,1989,62,SAC_01770,OHA19890515,DEV_OHA19890515,OHA19890515,1,retain_current_development,not_approved,FALSE
SAQ_0915,DEV_OHA19890520,PARKVIEW ARMS II,1989,24,SAC_01771,OHA19890520,DEV_OHA19890520,OHA19890520,1,retain_current_development,not_approved,FALSE
SAQ_0916,DEV_OHA19910210,MUIRWOOD PHASE I,1991,96,SAC_01772,OHA19910210,DEV_OHA19910210,OHA19910210,1,retain_current_development,not_approved,FALSE
SAQ_0916,DEV_OHA19910265,SANDUSKY APTS,1991,104,SAC_01773,OHA19910265,DEV_OHA19910265,OHA19910265,1,retain_current_development,not_approved,FALSE
SAQ_0917,DEV_OHA20049660,THE PLAZA,2004,160,SAC_01774,OHA20049660,DEV_OHA20049660,OHA20049660,2,merge_to_review_cluster,not_approved,FALSE
SAQ_0917,DEV_OHA20059337,PLAZA,2005,160,SAC_01774,OHA20059337,DEV_OHA20049660,OHA20049660,2,merge_to_review_cluster,not_approved,FALSE
SAQ_0918,DEV_OHA19900215,MAPLEWOOD VILLAGE (UPPER SANDUSKY),1990,32,SAC_01775,OHA19900215,DEV_OHA19900215,OHA19900215,1,retain_current_development,not_approved,FALSE
SAQ_0918,DEV_OHA20130008,CRAWFORD PLACE,2013,30,SAC_01776,OHA20130008,DEV_OHA20130008,OHA20130008,1,retain_current_development,not_approved,FALSE
SAQ_0919,DEV_OHA19999544,TOD'S CROSSING I,1999,64,SAC_01777,OHA19999544,DEV_OHA19999544,OHA19999544,1,retain_current_development,not_approved,FALSE
SAQ_0919,DEV_OHA20010227,TOD'S CROSSING II,2001,64,SAC_01778,OHA20010227,DEV_OHA20010227,OHA20010227,1,retain_current_development,not_approved,FALSE
SAQ_0920,DEV_OHA19880080,BROCKTON,1988,1,SAC_01779,OHA19880080,DEV_OHA19880080,OHA19880080,1,retain_current_development,not_approved,FALSE
SAQ_0920,DEV_OHA19880250,INDIANOLA,1988,2,SAC_01780,OHA19880250,DEV_OHA19880250,OHA19880250,1,retain_current_development,not_approved,FALSE
SAQ_0921,DEV_OKA19970030,COTTAGE LANE APTS,1997,44,SAC_01781,OKA19970030,DEV_OKA19970030,OKA19970030,1,retain_current_development,not_approved,FALSE
SAQ_0921,DEV_OKA20160006,COTTAGE LANE FAMILY RESIDENCES,2016,52,SAC_01782,OKA20160006,DEV_OKA20160006,OKA20160006,1,retain_current_development,not_approved,FALSE
SAQ_0922,DEV_OKA19930100,SOUTHWIND VILLAGE APTS,1993,23,SAC_01783,OKA19930100,DEV_OKA19930100,OKA19930100,1,retain_current_development,not_approved,FALSE
SAQ_0922,DEV_OKA20140100,SAVANNAH PARK OF ATOKA,2014,24,SAC_01784,OKA20140100,DEV_OKA20140100,OKA20140100,1,retain_current_development,not_approved,FALSE
SAQ_0923,DEV_OKA19970090,WILL ROGERS APTS,1997,38,SAC_01785,OKA19970090,DEV_OKA19970090,OKA19970090,1,retain_current_development,not_approved,FALSE
SAQ_0923,DEV_OKA20160021,WILL ROGERS LOFT,2016,39,SAC_01786,OKA20160021,DEV_OKA20160021,OKA20160021,1,retain_current_development,not_approved,FALSE
SAQ_0924,DEV_OKA00000145,DUNCAN VILLAGE APTS,,48,SAC_01787,OKA00000145,DEV_OKA00000145,OKA00000145,1,retain_current_development,not_approved,FALSE
SAQ_0924,DEV_OKA20190002,DUNCAN TERRACE,2019,48,SAC_01788,OKA20190002,DEV_OKA20190002,OKA20190002,1,retain_current_development,not_approved,FALSE
SAQ_0925,DEV_OKA20080030,HOLDENVILLE OAKRIDGE COMMUNITY PHASE I,2008,34,SAC_01789,OKA20080030,DEV_OKA20080030,OKA20080030,1,retain_current_development,not_approved,FALSE
SAQ_0925,DEV_OKA20110030,HOLDENVILLE OAKRIDGE COMMUNITY PHASE II,2011,22,SAC_01790,OKA20110030,DEV_OKA20110030,OKA20110030,1,retain_current_development,not_approved,FALSE
SAQ_0926,DEV_OKA20020045,KIAMICHI GARDENS I,2002,28,SAC_01791,OKA20020045,DEV_OKA20020045,OKA20020045,1,retain_current_development,not_approved,FALSE
SAQ_0926,DEV_OKA20070035,KIAMICHI GARDENS II,2007,20,SAC_01792,OKA20070035,DEV_OKA20070035,OKA20070035,1,retain_current_development,not_approved,FALSE
SAQ_0927,DEV_OKA20080090,COLUMBIA SQUARE,2008,64,SAC_01793,OKA20080090,DEV_OKA20080090,OKA20080090,2,merge_to_review_cluster,not_approved,FALSE
SAQ_0927,DEV_OKA20089091,VILLANOVA APTS,2008,64,SAC_01793,OKA20089091,DEV_OKA20080090,OKA20080090,2,merge_to_review_cluster,not_approved,FALSE
SAQ_0928,DEV_OKA20010050,GARLAND SQUARE OF NORMAN,2001,100,SAC_01794,OKA20010050,DEV_OKA20010050,OKA20010050,1,retain_current_development,not_approved,FALSE
SAQ_0928,DEV_OKA20020030,GARLAND SQUARE OF NORMAN II,2002,110,SAC_01795,OKA20020030,DEV_OKA20020030,OKA20020030,1,retain_current_development,not_approved,FALSE
SAQ_0929,DEV_OKA20060070,STERLING PARK,2006,32,SAC_01796,OKA20060070,DEV_OKA20060070,OKA20060070,1,retain_current_development,not_approved,FALSE
SAQ_0929,DEV_OKA20100025,STERLING PARK II,2010,40,SAC_01797,OKA20100025,DEV_OKA20100025,OKA20100025,1,retain_current_development,not_approved,FALSE
SAQ_0930,DEV_OKA00000610,WOODLAND HILLS II,,49,SAC_01798,OKA00000610,DEV_OKA00000610,OKA00000610,1,retain_current_development,not_approved,FALSE
SAQ_0930,DEV_OKA19990120,WOODLAND HILLS APTS,1999,51,SAC_01799,OKA19990120,DEV_OKA19990120,OKA19990120,1,retain_current_development,not_approved,FALSE
SAQ_0931,DEV_OKA00000220,HOWARD L MILLER SALLISAW APTS,,24,SAC_01800,OKA00000220,DEV_OKA00000220,OKA00000220,1,retain_current_development,not_approved,FALSE
SAQ_0931,DEV_OKA20130012,ROSEROCK ESTATES PHASES I & II,2013,48,SAC_01801,OKA20130012,DEV_OKA20130012,OKA20130012,1,retain_current_development,not_approved,FALSE
SAQ_0932,DEV_OKA19899326,MAYFAIR PLACE APTS,1989,99,SAC_01802,OKA19899326,DEV_OKA19899326,OKA19899326,1,retain_current_development,not_approved,FALSE
SAQ_0932,DEV_OKA19899327,MAYFAIR PLACE II,1989,99,SAC_01803,OKA19899327,DEV_OKA19899327,OKA19899327,1,retain_current_development,not_approved,FALSE
SAQ_0933,DEV_OKA20050020,BOOMER CREEK APTS,2005,64,SAC_01804,OKA20050020,DEV_OKA20050020,OKA20050020,1,retain_current_development,not_approved,FALSE
SAQ_0933,DEV_OKA20090010,BOOMER CREEK APTS II,2009,44,SAC_01805,OKA20090010,DEV_OKA20090010,OKA20090010,1,retain_current_development,not_approved,FALSE
SAQ_0934,DEV_OKA19990025,COUNTRY LANE & PINE MEADOWS APTS,1999,65,SAC_01806,OKA19990025,DEV_OKA19990025,OKA19990025,2,merge_to_review_cluster,not_approved,FALSE
SAQ_0934,DEV_OKA19999399,PINE MEADOWS APTS,1999,65,SAC_01806,OKA19999399,DEV_OKA19990025,OKA19990025,2,merge_to_review_cluster,not_approved,FALSE
SAQ_0935,DEV_ORA20090065,PUTNAM POINTE,2009,33,SAC_01807,ORA20090065,DEV_ORA20090065,ORA20090065,1,retain_current_development,not_approved,FALSE
SAQ_0935,DEV_ORA20100085,PUTNAM LOFTS,2010,10,SAC_01808,ORA20100085,DEV_ORA20100085,ORA20100085,1,retain_current_development,not_approved,FALSE
SAQ_0936,DEV_ORA20020055,SHELDON VILLAGE PHASE I,2002,43,SAC_01809,ORA20020055,DEV_ORA20020055,ORA20020055,1,retain_current_development,not_approved,FALSE
SAQ_0936,DEV_ORA20020060,SHELDON VILLAGE PHASE II,2002,35,SAC_01810,ORA20020060,DEV_ORA20020060,ORA20020060,1,retain_current_development,not_approved,FALSE
SAQ_0937,DEV_ORA19910005,ARENDS PLACE I,1991,51,SAC_01811,ORA19910005,DEV_ORA19910005,ORA19910005,1,retain_current_development,not_approved,FALSE
SAQ_0937,DEV_ORA20120020,ARENDS PLACE II,2012,62,SAC_01812,ORA20120020,DEV_ORA20120020,ORA20120020,1,retain_current_development,not_approved,FALSE
SAQ_0938,DEV_ORA19950070,MADISON APTS,1995,30,SAC_01813,ORA19950070,DEV_ORA19950070,ORA19950070,1,retain_current_development,not_approved,FALSE
SAQ_0938,DEV_ORA20130616,CROOKED RIVER APTS (3 SITES),2013,94,SAC_01814,ORA20130616,DEV_ORA20130616,ORA20130616,1,retain_current_development,not_approved,FALSE
SAQ_0939,DEV_ORA19870135,WILLIAMETTE PLACE SENIOR APTS I,1987,24,SAC_01815,ORA19870135,DEV_ORA19870135,ORA19870135,1,retain_current_development,not_approved,FALSE
SAQ_0939,DEV_ORA19890130,WILLIAMETTE PLACE SENIOR APTS II,1989,24,SAC_01816,ORA19890130,DEV_ORA19890130,ORA19890130,1,retain_current_development,not_approved,FALSE
SAQ_0940,DEV_ORA20109131,CASCADE VALLEY - BEAVER STATE,2010,40,SAC_01817,ORA20109131,DEV_ORA20109131,ORA20109131,1,retain_current_development,not_approved,FALSE
SAQ_0940,DEV_ORA20110010,BEAVER STATE APTS,2011,239,SAC_01818,ORA20110010,DEV_ORA20110010,ORA20110010,1,retain_current_development,not_approved,FALSE
SAQ_0941,DEV_ORA19900020,BROOKSIDE COURT APTS,1990,40,SAC_01819,ORA19900020,DEV_ORA19900020,ORA19900020,1,retain_current_development,not_approved,FALSE
SAQ_0941,DEV_ORA19910013,BROOKSIDE SENIOR APTS,1991,20,SAC_01820,ORA19910013,DEV_ORA19910013,ORA19910013,1,retain_current_development,not_approved,FALSE
SAQ_0942,DEV_ORA19900025,BROOKSIDE VILLAGE APTS,1990,40,SAC_01821,ORA19900025,DEV_ORA19900025,ORA19900025,1,retain_current_development,not_approved,FALSE
SAQ_0942,DEV_ORA20141003,BROOKSIDE ROSE APTS SITE 1,2014,76,SAC_01822,ORA20141003,DEV_ORA20141003,ORA20141003,1,retain_current_development,not_approved,FALSE
SAQ_0943,DEV_ORA20030080,ST FRANCIS APTS,2003,132,SAC_01823,ORA20030080,DEV_ORA20030080,ORA20030080,2,merge_to_review_cluster,not_approved,FALSE
SAQ_0943,DEV_ORA20039116,THE ST FRANCIS,2003,132,SAC_01823,ORA20039116,DEV_ORA20030080,ORA20030080,2,merge_to_review_cluster,not_approved,FALSE
SAQ_0944,DEV_ORA20050060,POWELL PLAZA I,2005,47,SAC_01824,ORA20050060,DEV_ORA20050060,ORA20050060,1,retain_current_development,not_approved,FALSE
SAQ_0944,DEV_ORA20050065,POWELL PLAZA II,2005,20,SAC_01825,ORA20050065,DEV_ORA20050065,ORA20050065,1,retain_current_development,not_approved,FALSE
SAQ_0945,DEV_ORA20000075,OAK APTS,2000,90,SAC_01826,ORA20000075,DEV_ORA20000075,ORA20000075,2,merge_to_review_cluster,not_approved,FALSE
SAQ_0945,DEV_ORA20203006,333 OAK APTS,2020,90,SAC_01826,ORA20203006,DEV_ORA20000075,ORA20000075,2,merge_to_review_cluster,not_approved,FALSE
SAQ_0946,DEV_ORA19989127,YARDS AT UNION STATION A,1998,158,SAC_01827,ORA19989127,DEV_ORA19989127,ORA19989127,1,retain_current_development,not_approved,FALSE
SAQ_0946,DEV_ORA19999167,YARDS AT UNION STATION B,1999,139,SAC_01828,ORA19999167,DEV_ORA19999167,ORA19999167,1,retain_current_development,not_approved,FALSE
SAQ_0947,DEV_ORA20141006,ROBERT LINDSEY TOWER SITE 1,2014,108,SAC_01829,ORA20141006,DEV_ORA20141006,ORA20141006,1,retain_current_development,not_approved,FALSE
SAQ_0947,DEV_ORA20149038,ROBERT LINDSEY TOWER/PARKWAY EAST APTS,2014,108,SAC_01830,ORA20149038,DEV_ORA20149038,ORA20149038,1,retain_current_development,not_approved,FALSE
SAQ_0948,DEV_ORA19880280,SUNFLOWER APTS II,1988,166,SAC_01831,ORA19880280,DEV_ORA19880280,ORA19880280,1,retain_current_development,not_approved,FALSE
SAQ_0948,DEV_ORA19890105,SUNFLOWER APTS I,1989,72,SAC_01832,ORA19890105,DEV_ORA19890105,ORA19890105,1,retain_current_development,not_approved,FALSE
SAQ_0949,DEV_ORA19980055,CHAMPION PARK APTS,1998,64,SAC_01833,ORA19980055,DEV_ORA19980055,ORA19980055,1,retain_current_development,not_approved,FALSE
SAQ_0949,DEV_ORA20040030,CHAMPION PARK APTS PHASE II,2004,66,SAC_01834,ORA20040030,DEV_ORA20040030,ORA20040030,1,retain_current_development,not_approved,FALSE
SAQ_0950,DEV_ORA20120050,DUCK COUNTRY,2012,76,SAC_01835,ORA20120050,DEV_ORA20120050,ORA20120050,1,retain_current_development,not_approved,FALSE
SAQ_0950,DEV_ORA20129905,WILSONVILLE HEIGHTS-DUCK COUNTRY,2012,24,SAC_01836,ORA20129905,DEV_ORA20129905,ORA20129905,1,retain_current_development,not_approved,FALSE
SAQ_0951,DEV_ORA20090040,NUEVO AMANECER I,2009,50,SAC_01837,ORA20090040,DEV_ORA20090040,ORA20090040,1,retain_current_development,not_approved,FALSE
SAQ_0951,DEV_ORA20090045,NUEVO AMANECER II,2009,40,SAC_01838,ORA20090045,DEV_ORA20090045,ORA20090045,1,retain_current_development,not_approved,FALSE
SAQ_0952,DEV_PAA19990152,MILFORD COMMONS APTS,1999,88,SAC_01839,PAA19990152,DEV_PAA19990152,PAA19990152,1,retain_current_development,not_approved,FALSE
SAQ_0952,DEV_PAA20010125,MILFORD COMMONS APTS PHASE II,2001,42,SAC_01840,PAA20010125,DEV_PAA20010125,PAA20010125,1,retain_current_development,not_approved,FALSE
SAQ_0953,DEV_PAA19870375,PARK PLACE APTS,1987,32,SAC_01841,PAA19870375,DEV_PAA19870375,PAA19870375,2,merge_to_review_cluster,not_approved,FALSE
SAQ_0953,DEV_PAA20222091,PARK PLACE APARTMENTS,2022,32,SAC_01841,PAA20222091,DEV_PAA19870375,PAA19870375,2,merge_to_review_cluster,not_approved,FALSE
SAQ_0954,DEV_PAA20133011,DERSTINE RUN II,2013,60,SAC_01842,PAA20133011,DEV_PAA20133011,PAA20133011,1,retain_current_development,not_approved,FALSE
SAQ_0954,DEV_PAA20212019,SUSIE CLEMENS HOUSE,2021,60,SAC_01843,PAA20212019,DEV_PAA20212019,PAA20212019,1,retain_current_development,not_approved,FALSE
SAQ_0955,DEV_PAA00000129,LANDISVILLE PROJECT,,24,SAC_01844,PAA00000129,DEV_PAA00000129,PAA00000129,1,retain_current_development,not_approved,FALSE
SAQ_0955,DEV_PAA19980155,LANDISVILLE APTS PHASE II,1998,24,SAC_01845,PAA19980155,DEV_PAA19980155,PAA19980155,1,retain_current_development,not_approved,FALSE
SAQ_0956,DEV_PAA00000210,RICHARD ALLEN,,178,SAC_01846,PAA00000210,DEV_PAA00000210,PAA00000210,1,retain_current_development,not_approved,FALSE
SAQ_0956,DEV_PAA20030035,CAMBRIDGE,2003,44,SAC_01847,PAA20030035,DEV_PAA20030035,PAA20030035,1,retain_current_development,not_approved,FALSE
SAQ_0957,DEV_PAA19970200,STATION HOUSE APTS,1997,108,SAC_01848,PAA19970200,DEV_PAA19970200,PAA19970200,1,retain_current_development,not_approved,FALSE
SAQ_0957,DEV_PAA20173017,LOFTS AT 2601 (THE),2017,56,SAC_01849,PAA20173017,DEV_PAA20173017,PAA20173017,1,retain_current_development,not_approved,FALSE
SAQ_0958,DEV_PAA19900430,W DIAMOND STREET,1990,48,SAC_01850,PAA19900430,DEV_PAA19900430,PAA19900430,1,retain_current_development,not_approved,FALSE
SAQ_0958,DEV_PAA19910370,DIAMOND APTS PHASE II,1991,32,SAC_01851,PAA19910370,DEV_PAA19910370,PAA19910370,1,retain_current_development,not_approved,FALSE
SAQ_0959,DEV_PAA20030160,ST IGNATIUS SENIOR HOUSING,2003,67,SAC_01852,PAA20030160,DEV_PAA20030160,PAA20030160,1,retain_current_development,not_approved,FALSE
SAQ_0959,DEV_PAA20080010,ANGELA COURT II,2008,54,SAC_01853,PAA20080010,DEV_PAA20080010,PAA20080010,1,retain_current_development,not_approved,FALSE
SAQ_0960,DEV_PAA19990105,HELP PHILADELPHIA I,1999,40,SAC_01854,PAA19990105,DEV_PAA19990105,PAA19990105,1,retain_current_development,not_approved,FALSE
SAQ_0960,DEV_PAA19990107,HELP PHILADELPHIA II,1999,50,SAC_01855,PAA19990107,DEV_PAA19990107,PAA19990107,1,retain_current_development,not_approved,FALSE
SAQ_0961,DEV_PAA00000199,PASCHALL VILLAGE PHASE I,,50,SAC_01856,PAA00000199,DEV_PAA00000199,PAA00000199,1,retain_current_development,not_approved,FALSE
SAQ_0961,DEV_PAA00000200,PASCHALL VILLAGE PHASE II,,50,SAC_01857,PAA00000200,DEV_PAA00000200,PAA00000200,1,retain_current_development,not_approved,FALSE
SAQ_0962,DEV_PAA19930370,WESTMINSTER AFFORDABLE HS,1993,9,SAC_01858,PAA19930370,DEV_PAA19930370,PAA19930370,1,retain_current_development,not_approved,FALSE
SAQ_0962,DEV_PAA19940320,WESTMINSTER AFFORDABLE HOUSING,1994,12,SAC_01859,PAA19940320,DEV_PAA19940320,PAA19940320,1,retain_current_development,not_approved,FALSE
SAQ_0963,DEV_PAA20100075,NORTH HILLS HIGHLANDS,2010,60,SAC_01860,PAA20100075,DEV_PAA20100075,PAA20100075,1,retain_current_development,not_approved,FALSE
SAQ_0963,DEV_PAA20110065,NORTH HILLS HIGHLANDS II,2011,37,SAC_01861,PAA20110065,DEV_PAA20110065,PAA20110065,1,retain_current_development,not_approved,FALSE
SAQ_0964,DEV_PAA00000031,CARSON RETIREMENT RESIDENCE,,69,SAC_01862,PAA00000031,DEV_PAA00000031,PAA00000031,1,retain_current_development,not_approved,FALSE
SAQ_0964,DEV_PAA00000222,SARAH STREET TOWNHOUSES,,30,SAC_01863,PAA00000222,DEV_PAA00000222,PAA00000222,1,retain_current_development,not_approved,FALSE
SAQ_0965,DEV_PAA20020135,ST GEORGES CLOSE,2002,18,SAC_01864,PAA20020135,DEV_PAA20020135,PAA20020135,1,retain_current_development,not_approved,FALSE
SAQ_0965,DEV_PAA20231015,SHEPTYTSKY ARMS APARTMENTS,2023,50,SAC_01865,PAA20231015,DEV_PAA20231015,PAA20231015,1,retain_current_development,not_approved,FALSE
SAQ_0966,DEV_PAA20020090,OAK HILL IC,2002,150,SAC_01866,PAA20020090,DEV_PAA20020090,PAA20020090,1,retain_current_development,not_approved,FALSE
SAQ_0966,DEV_PAA20030115,OAK HILL ID,2003,86,SAC_01867,PAA20030115,DEV_PAA20030115,PAA20030115,1,retain_current_development,not_approved,FALSE
SAQ_0967,DEV_PAA19880660,TUSCARORA ACRES,1988,17,SAC_01868,PAA19880660,DEV_PAA19880660,PAA19880660,1,retain_current_development,not_approved,FALSE
SAQ_0967,DEV_PAA19910620,TUSCARORA ACRES II,1991,12,SAC_01869,PAA19910620,DEV_PAA19910620,PAA19910620,1,retain_current_development,not_approved,FALSE
SAQ_0968,DEV_PAA19950035,CENTRE STREET APTS,1995,6,SAC_01870,PAA19950035,DEV_PAA19950035,PAA19950035,1,retain_current_development,not_approved,FALSE
SAQ_0968,DEV_PAA19960210,OLDE TWNEMANOR,1996,15,SAC_01871,PAA19960210,DEV_PAA19960210,PAA19960210,1,retain_current_development,not_approved,FALSE
SAQ_0969,DEV_PAA19970095,HAMILTON MANOR APTS,1997,40,SAC_01872,PAA19970095,DEV_PAA19970095,PAA19970095,2,merge_to_review_cluster,not_approved,FALSE
SAQ_0969,DEV_PAA20174009,HAMILTON MANOR APARTMENTS,2017,40,SAC_01872,PAA20174009,DEV_PAA19970095,PAA19970095,2,merge_to_review_cluster,not_approved,FALSE
SAQ_0970,DEV_PAA19890620,HIGHLAND AVENUE,1989,1,SAC_01873,PAA19890620,DEV_PAA19890620,PAA19890620,1,retain_current_development,not_approved,FALSE
SAQ_0970,DEV_PAA19910435,HIGHLAND AVE APTS,1991,3,SAC_01874,PAA19910435,DEV_PAA19910435,PAA19910435,1,retain_current_development,not_approved,FALSE
SAQ_0971,DEV_PAA19880525,LIBERTY TERRACE,1988,8,SAC_01875,PAA19880525,DEV_PAA19880525,PAA19880525,1,retain_current_development,not_approved,FALSE
SAQ_0971,DEV_PAA19880530,LIBERTY TERRACES B,1988,8,SAC_01876,PAA19880530,DEV_PAA19880530,PAA19880530,1,retain_current_development,not_approved,FALSE
SAQ_0971,DEV_PAA19880535,LIBERTY TERRACES C,1988,8,SAC_01877,PAA19880535,DEV_PAA19880535,PAA19880535,1,retain_current_development,not_approved,FALSE
SAQ_0972,DEV_RIA20010005,CATHEDRAL SQUARE I,2001,100,SAC_01878,RIA20010005,DEV_RIA20010005,RIA20010005,1,retain_current_development,not_approved,FALSE
SAQ_0972,DEV_RIA20130004,CATHEDRAL SQUARE II,2013,93,SAC_01879,RIA20130004,DEV_RIA20130004,RIA20130004,1,retain_current_development,not_approved,FALSE
SAQ_0973,DEV_SCA20060020,KINGSTON POINTE I,2006,48,SAC_01880,SCA20060020,DEV_SCA20060020,SCA20060020,1,retain_current_development,not_approved,FALSE
SAQ_0973,DEV_SCA20090031,KINGSTON POINTE II,2009,44,SAC_01881,SCA20090031,DEV_SCA20090031,SCA20090031,1,retain_current_development,not_approved,FALSE
SAQ_0974,DEV_SCA20050115,WILDERNESS COVE APTS,2005,48,SAC_01882,SCA20050115,DEV_SCA20050115,SCA20050115,1,retain_current_development,not_approved,FALSE
SAQ_0974,DEV_SCA20060100,WILDERNESS TOO APTS,2006,24,SAC_01883,SCA20060100,DEV_SCA20060100,SCA20060100,1,retain_current_development,not_approved,FALSE
SAQ_0975,DEV_SCA19970075,WATERFORD COVE I,1997,128,SAC_01884,SCA19970075,DEV_SCA19970075,SCA19970075,1,retain_current_development,not_approved,FALSE
SAQ_0975,DEV_SCA19980105,WATERFORD COVE II,1998,32,SAC_01885,SCA19980105,DEV_SCA19980105,SCA19980105,1,retain_current_development,not_approved,FALSE
SAQ_0976,DEV_SCA19910035,MARLBORO PLACE APTS I,1991,24,SAC_01886,SCA19910035,DEV_SCA19910035,SCA19910035,1,retain_current_development,not_approved,FALSE
SAQ_0976,DEV_SCA19920165,MARLBORO PLACE APTS II,1992,24,SAC_01887,SCA19920165,DEV_SCA19920165,SCA19920165,1,retain_current_development,not_approved,FALSE
SAQ_0977,DEV_SCA19960017,BLUFFTON HOUSE,1996,116,SAC_01888,SCA19960017,DEV_SCA19960017,SCA19960017,1,retain_current_development,not_approved,FALSE
SAQ_0977,DEV_SCA19970005,BLUFFTON HOUSE PHASE II,1997,92,SAC_01889,SCA19970005,DEV_SCA19970005,SCA19970005,1,retain_current_development,not_approved,FALSE
SAQ_0977,DEV_SCA19990005,BLUFFTON HOUSE GARDEN APTS PHASE III,1999,64,SAC_01890,SCA19990005,DEV_SCA19990005,SCA19990005,1,retain_current_development,not_approved,FALSE
SAQ_0978,DEV_SCA19980070,SIMMONS CAY APTS,1998,48,SAC_01891,SCA19980070,DEV_SCA19980070,SCA19980070,1,retain_current_development,not_approved,FALSE
SAQ_0978,DEV_SCA20010085,SIMMONS TOWNHOMES,2001,32,SAC_01892,SCA20010085,DEV_SCA20010085,SCA20010085,1,retain_current_development,not_approved,FALSE
SAQ_0979,DEV_SCA20070025,CHESTER TOWNHOUSES PHASE I,2007,62,SAC_01893,SCA20070025,DEV_SCA20070025,SCA20070025,1,retain_current_development,not_approved,FALSE
SAQ_0979,DEV_SCA20070030,CHESTER TOWNHOUSES PHASE II,2007,52,SAC_01894,SCA20070030,DEV_SCA20070030,SCA20070030,1,retain_current_development,not_approved,FALSE
SAQ_0980,DEV_SCA19880270,MCCALISTER DEVELOPMENT,1988,4,SAC_01895,SCA19880270,DEV_SCA19880270,SCA19880270,2,merge_to_review_cluster,not_approved,FALSE
SAQ_0980,DEV_SCA19880275,OGDEN STREET ASSOC,1988,4,SAC_01895,SCA19880275,DEV_SCA19880270,SCA19880270,2,merge_to_review_cluster,not_approved,FALSE
SAQ_0981,DEV_SCA19890022,BENTLEY COURT APTS II,1989,136,SAC_01896,SCA19890022,DEV_SCA19890022,SCA19890022,1,retain_current_development,not_approved,FALSE
SAQ_0981,DEV_SCA19890023,BENTLEY COURT APTS I,1989,136,SAC_01897,SCA19890023,DEV_SCA19890023,SCA19890023,1,retain_current_development,not_approved,FALSE
SAQ_0982,DEV_SCA19890095,WAVERLY DEVELOPMENT (2),1989,4,SAC_01898,SCA19890095,DEV_SCA19890095,SCA19890095,1,retain_current_development,not_approved,FALSE
SAQ_0982,DEV_SCA19890100,WAVERLY DEVELOPMENT (3),1989,4,SAC_01899,SCA19890100,DEV_SCA19890100,SCA19890100,1,retain_current_development,not_approved,FALSE
SAQ_0983,DEV_SCA19920045,AMES 10 MANOR,1992,4,SAC_01900,SCA19920045,DEV_SCA19920045,SCA19920045,1,retain_current_development,not_approved,FALSE
SAQ_0983,DEV_SCA19930002,AMES MANOR 2,1993,4,SAC_01901,SCA19930002,DEV_SCA19930002,SCA19930002,1,retain_current_development,not_approved,FALSE
SAQ_0983,DEV_SCA19930003,AMES MANOR 3,1993,4,SAC_01902,SCA19930003,DEV_SCA19930003,SCA19930003,1,retain_current_development,not_approved,FALSE
SAQ_0983,DEV_SCA19930004,AMES MANOR 4,1993,4,SAC_01903,SCA19930004,DEV_SCA19930004,SCA19930004,1,retain_current_development,not_approved,FALSE
SAQ_0983,DEV_SCA19930006,AMES MANOR 13,1993,4,SAC_01904,SCA19930006,DEV_SCA19930006,SCA19930006,1,retain_current_development,not_approved,FALSE
SAQ_0983,DEV_SCA19930007,AMES MANOR 14,1993,4,SAC_01905,SCA19930007,DEV_SCA19930007,SCA19930007,1,retain_current_development,not_approved,FALSE
SAQ_0983,DEV_SCA19930008,AMES MANOR 15,1993,4,SAC_01906,SCA19930008,DEV_SCA19930008,SCA19930008,1,retain_current_development,not_approved,FALSE
SAQ_0983,DEV_SCA19930009,AMES MANOR 16,1993,4,SAC_01907,SCA19930009,DEV_SCA19930009,SCA19930009,1,retain_current_development,not_approved,FALSE
SAQ_0983,DEV_SCA19920050,AMES 11 ASSOC,1992,4,SAC_01908,SCA19920050,DEV_SCA19920050,SCA19920050,1,retain_current_development,not_approved,FALSE
SAQ_0983,DEV_SCA19920055,AMES 12 MANOR,1992,4,SAC_01909,SCA19920055,DEV_SCA19920055,SCA19920055,1,retain_current_development,not_approved,FALSE
SAQ_0983,DEV_SCA19920060,AMES 5 ASSOC,1992,4,SAC_01910,SCA19920060,DEV_SCA19920060,SCA19920060,1,retain_current_development,not_approved,FALSE
SAQ_0983,DEV_SCA19920065,AMES 6 ASSOC,1992,4,SAC_01911,SCA19920065,DEV_SCA19920065,SCA19920065,1,retain_current_development,not_approved,FALSE
SAQ_0983,DEV_SCA19920070,AMES 7 ASSOC,1992,4,SAC_01912,SCA19920070,DEV_SCA19920070,SCA19920070,1,retain_current_development,not_approved,FALSE
SAQ_0983,DEV_SCA19920075,AMES 8 ASSOC,1992,4,SAC_01913,SCA19920075,DEV_SCA19920075,SCA19920075,1,retain_current_development,not_approved,FALSE
SAQ_0983,DEV_SCA19920080,AMES 9 ASSOC,1992,4,SAC_01914,SCA19920080,DEV_SCA19920080,SCA19920080,1,retain_current_development,not_approved,FALSE
SAQ_0983,DEV_SCA19930001,AMES MANOR 1,1993,4,SAC_01915,SCA19930001,DEV_SCA19930001,SCA19930001,1,retain_current_development,not_approved,FALSE
SAQ_0984,DEV_SCA20060005,SEVEN FARMS APTS,2006,71,SAC_01916,SCA20060005,DEV_SCA20060005,SCA20060005,1,retain_current_development,not_approved,FALSE
SAQ_0984,DEV_SCA20100095,SEVEN FARMS VILLAGE,2010,42,SAC_01917,SCA20100095,DEV_SCA20100095,SCA20100095,1,retain_current_development,not_approved,FALSE
SAQ_0985,DEV_SCA19980035,CULPEPPER LANDING APTS,1998,119,SAC_01918,SCA19980035,DEV_SCA19980035,SCA19980035,1,retain_current_development,not_approved,FALSE
SAQ_0985,DEV_SCA19980041,CULPEPPER LANDING II APTS,1998,85,SAC_01919,SCA19980041,DEV_SCA19980041,SCA19980041,1,retain_current_development,not_approved,FALSE
SAQ_0986,DEV_SCA20010080,SHEMWOOD CROSSING,2001,200,SAC_01920,SCA20010080,DEV_SCA20010080,SCA20010080,1,retain_current_development,not_approved,FALSE
SAQ_0986,DEV_SCA20240008,WATERS AT AUGUSTA,2024,200,SAC_01921,SCA20240008,DEV_SCA20240008,SCA20240008,1,retain_current_development,not_approved,FALSE
SAQ_0987,DEV_SCA20120900,PARKSIDE AT VERDAE,2012,56,SAC_01922,SCA20120900,DEV_SCA20120900,SCA20120900,1,retain_current_development,not_approved,FALSE
SAQ_0987,DEV_SCA20231008,PARKLYN,2023,90,SAC_01923,SCA20231008,DEV_SCA20231008,SCA20231008,1,retain_current_development,not_approved,FALSE
SAQ_0988,DEV_SCA19960020,CHIMNEY RIDGE APTS PHASE II,1996,48,SAC_01924,SCA19960020,DEV_SCA19960020,SCA19960020,1,retain_current_development,not_approved,FALSE
SAQ_0988,DEV_SCA19960021,CHIMNEY RIDGE APTS,1996,152,SAC_01925,SCA19960021,DEV_SCA19960021,SCA19960021,1,retain_current_development,not_approved,FALSE
SAQ_0989,DEV_SCA20020015,COUNTRY GARDEN ESTATES I,2002,50,SAC_01926,SCA20020015,DEV_SCA20020015,SCA20020015,1,retain_current_development,not_approved,FALSE
SAQ_0989,DEV_SCA20040037,COUNTRY GARDEN ESTATES 2,2004,50,SAC_01927,SCA20040037,DEV_SCA20040037,SCA20040037,1,retain_current_development,not_approved,FALSE
SAQ_0990,DEV_SCA20010048,INDIAN HILLS APTS,2001,60,SAC_01928,SCA20010048,DEV_SCA20010048,SCA20010048,2,merge_to_review_cluster,not_approved,FALSE
SAQ_0990,DEV_SCA20191006,INDIAN HILLS,2019,60,SAC_01928,SCA20191006,DEV_SCA20010048,SCA20010048,2,merge_to_review_cluster,not_approved,FALSE
SAQ_0991,DEV_SCA20050027,"CANEBREAK, A LP",2005,120,SAC_01929,SCA20050027,DEV_SCA20050027,SCA20050027,2,merge_to_review_cluster,not_approved,FALSE
SAQ_0991,DEV_SCA20212001,CANEBREAK APARTMENTS,2021,120,SAC_01929,SCA20212001,DEV_SCA20050027,SCA20050027,2,merge_to_review_cluster,not_approved,FALSE
SAQ_0992,DEV_SDA19880035,MEL ROS VILLAGE,1988,40,SAC_01930,SDA19880035,DEV_SDA19880035,SDA19880035,1,retain_current_development,not_approved,FALSE
SAQ_0992,DEV_SDA20120015,JORDAN PARK TOWNHOMES,2012,40,SAC_01931,SDA20120015,DEV_SDA20120015,SDA20120015,1,retain_current_development,not_approved,FALSE
SAQ_0993,DEV_SDA19990025,LINCOLN APTS,1999,30,SAC_01932,SDA19990025,DEV_SDA19990025,SDA19990025,1,retain_current_development,not_approved,FALSE
SAQ_0993,DEV_SDA19990152,LINCOLN II,1999,30,SAC_01933,SDA19990152,DEV_SDA19990152,SDA19990152,1,retain_current_development,not_approved,FALSE
SAQ_0994,DEV_SDA19910015,COUNTRY VILLAGE,1991,24,SAC_01934,SDA19910015,DEV_SDA19910015,SDA19910015,1,retain_current_development,not_approved,FALSE
SAQ_0994,DEV_SDA19920025,COUNTRY MEADOWS II,1992,20,SAC_01935,SDA19920025,DEV_SDA19920025,SDA19920025,1,retain_current_development,not_approved,FALSE
SAQ_0994,DEV_SDA19920030,COUNTRY MEADOWS III,1992,6,SAC_01936,SDA19920030,DEV_SDA19920030,SDA19920030,1,retain_current_development,not_approved,FALSE
SAQ_0994,DEV_SDA20090233,COUNTRY MEADOWS I,2009,99,SAC_01937,SDA20090233,DEV_SDA20090233,SDA20090233,1,retain_current_development,not_approved,FALSE
SAQ_0995,DEV_SDA19980137,HERITAGE ACRES APTS III,1998,32,SAC_01938,SDA19980137,DEV_SDA19980137,SDA19980137,1,retain_current_development,not_approved,FALSE
SAQ_0995,DEV_SDA20100020,HERITAGE ACRES APTS IV,2010,32,SAC_01939,SDA20100020,DEV_SDA20100020,SDA20100020,1,retain_current_development,not_approved,FALSE
SAQ_0996,DEV_SDA20020035,TOWNE SQUARE APTS,2002,30,SAC_01940,SDA20020035,DEV_SDA20020035,SDA20020035,1,retain_current_development,not_approved,FALSE
SAQ_0996,DEV_SDA20030035,"TOWN SQUARE APTS, PHASE I",2003,40,SAC_01941,SDA20030035,DEV_SDA20030035,SDA20030035,1,retain_current_development,not_approved,FALSE
SAQ_0997,DEV_SDA19920015,CORNELL APTS I,1992,24,SAC_01942,SDA19920015,DEV_SDA19920015,SDA19920015,1,retain_current_development,not_approved,FALSE
SAQ_0997,DEV_SDA19940015,CORNELL APTS II,1994,24,SAC_01943,SDA19940015,DEV_SDA19940015,SDA19940015,1,retain_current_development,not_approved,FALSE
SAQ_0998,DEV_TNA20050015,VILLAGES AT ALTON PARK PHASE II,2005,101,SAC_01944,TNA20050015,DEV_TNA20050015,TNA20050015,1,retain_current_development,not_approved,FALSE
SAQ_0998,DEV_TNA20060135,VILLAGES AT ALTON PARK PHASE III,2006,102,SAC_01945,TNA20060135,DEV_TNA20060135,TNA20060135,1,retain_current_development,not_approved,FALSE
SAQ_0999,DEV_TNA20070055,HERMITAGE MANOR APTS,2007,84,SAC_01946,TNA20070055,DEV_TNA20070055,TNA20070055,2,merge_to_review_cluster,not_approved,FALSE
SAQ_0999,DEV_TNA20090522,AUTUMN WOOD TERRACE APTS,2009,84,SAC_01946,TNA20090522,DEV_TNA20070055,TNA20070055,2,merge_to_review_cluster,not_approved,FALSE
SAQ_1000,DEV_TNA19930095,JAMESTOWN VILLAGE APTS,1993,40,SAC_01947,TNA19930095,DEV_TNA19930095,TNA19930095,2,merge_to_review_cluster,not_approved,FALSE
SAQ_1000,DEV_TNA20202025,JAMESTOWN VILLAGE,2020,40,SAC_01947,TNA20202025,DEV_TNA19930095,TNA19930095,2,merge_to_review_cluster,not_approved,FALSE
SAQ_1001,DEV_TNA20040075,RIVENDELL APTS PHASE I,2004,48,SAC_01948,TNA20040075,DEV_TNA20040075,TNA20040075,1,retain_current_development,not_approved,FALSE
SAQ_1001,DEV_TNA20080509,RIVENDELL APTS PHASE II,2008,48,SAC_01949,TNA20080509,DEV_TNA20080509,TNA20080509,1,retain_current_development,not_approved,FALSE
SAQ_1002,DEV_TNA20080508,UNIVERSITY PLACE II LP,2008,94,SAC_01950,TNA20080508,DEV_TNA20080508,TNA20080508,1,retain_current_development,not_approved,FALSE
SAQ_1002,DEV_TNA20090516,UNIVERSITY PLACE III LP,2009,93,SAC_01951,TNA20090516,DEV_TNA20090516,TNA20090516,1,retain_current_development,not_approved,FALSE
SAQ_1003,DEV_TNA20140015,HERITAGE LANDING PHASE III,2014,105,SAC_01952,TNA20140015,DEV_TNA20140015,TNA20140015,1,retain_current_development,not_approved,FALSE
SAQ_1003,DEV_TNA20158032,MEMPHIS TRIANGLE PHASE IV,2015,67,SAC_01953,TNA20158032,DEV_TNA20158032,TNA20158032,1,retain_current_development,not_approved,FALSE
SAQ_1004,DEV_TNA20070195,ASHLAND LAKES APTS PHASE I,2007,200,SAC_01954,TNA20070195,DEV_TNA20070195,TNA20070195,1,retain_current_development,not_approved,FALSE
SAQ_1004,DEV_TNA20090520,ASHLAND LAKES APTS PHASE II,2009,212,SAC_01955,TNA20090520,DEV_TNA20090520,TNA20090520,1,retain_current_development,not_approved,FALSE
SAQ_1005,DEV_TNA19930120,MOUNTAIN CITY MANOR APTS,1993,40,SAC_01956,TNA19930120,DEV_TNA19930120,TNA19930120,2,merge_to_review_cluster,not_approved,FALSE
SAQ_1005,DEV_TNA20202026,MOUNTAIN CITY MANOR,2020,40,SAC_01956,TNA20202026,DEV_TNA19930120,TNA19930120,2,merge_to_review_cluster,not_approved,FALSE
SAQ_1006,DEV_TNA20202007,PRESERVE AT HIGHLAND RIDGE,2020,201,SAC_01957,TNA20202007,DEV_TNA20202007,TNA20202007,1,retain_current_development,not_approved,FALSE
SAQ_1006,DEV_TNA20202008,PRESERVE AT HIGHLAND RIDGE - PHASE II,2020,60,SAC_01958,TNA20202008,DEV_TNA20202008,TNA20202008,1,retain_current_development,not_approved,FALSE
SAQ_1007,DEV_TNA20080511,KENSINGTON ASSOC APTS II,2008,59,SAC_01959,TNA20080511,DEV_TNA20080511,TNA20080511,1,retain_current_development,not_approved,FALSE
SAQ_1007,DEV_TNA20090800,KENSINGTON ADDITION APTS II,2009,60,SAC_01960,TNA20090800,DEV_TNA20090800,TNA20090800,1,retain_current_development,not_approved,FALSE
SAQ_1008,DEV_TNA19890840,CAMOLOT MANOR APTS,1989,24,SAC_01961,TNA19890840,DEV_TNA19890840,TNA19890840,1,retain_current_development,not_approved,FALSE
SAQ_1008,DEV_TNA20210003,CAMELOT MANOR APARTMENTS,2021,25,SAC_01962,TNA20210003,DEV_TNA20210003,TNA20210003,1,retain_current_development,not_approved,FALSE
SAQ_1009,DEV_TXA19970005,ASTORIA PARK APTS,1997,156,SAC_01963,TXA19970005,DEV_TXA19970005,TXA19970005,1,retain_current_development,not_approved,FALSE
SAQ_1009,DEV_TXA20020110,GREEN ACRES APTS,2002,192,SAC_01964,TXA20020110,DEV_TXA20020110,TXA20020110,1,retain_current_development,not_approved,FALSE
SAQ_1010,DEV_TXA00000265,COTTONWOOD & WESTWAY APTS,,53,SAC_01965,TXA00000265,DEV_TXA00000265,TXA00000265,1,retain_current_development,not_approved,FALSE
SAQ_1010,DEV_TXA19920080,DRIFTWOOD APTS,1992,14,SAC_01966,TXA19920080,DEV_TXA19920080,TXA19920080,1,retain_current_development,not_approved,FALSE
SAQ_1011,DEV_TXA19950180,HUNT'S VIEW APTS,1995,366,SAC_01967,TXA19950180,DEV_TXA19950180,TXA19950180,2,merge_to_review_cluster,not_approved,FALSE
SAQ_1011,DEV_TXA20202782,THE PADDOCK ON PARK ROW (FKA SPANISH PARK),2020,350,SAC_01967,TXA20202782,DEV_TXA19950180,TXA19950180,2,merge_to_review_cluster,not_approved,FALSE
SAQ_1012,DEV_TXA19890340,FAIRVIEW SOUTH APTS,1989,44,SAC_01968,TXA19890340,DEV_TXA19890340,TXA19890340,1,retain_current_development,not_approved,FALSE
SAQ_1012,DEV_TXA20172044,THE OAKS OF FAIRVIEW,2017,98,SAC_01969,TXA20172044,DEV_TXA20172044,TXA20172044,1,retain_current_development,not_approved,FALSE
SAQ_1013,DEV_TXA19910075,BASTROP VILLAGE OAKS APTS,1991,27,SAC_01970,TXA19910075,DEV_TXA19910075,TXA19910075,1,retain_current_development,not_approved,FALSE
SAQ_1013,DEV_TXA19910080,BASTROP VILLAGE OAKS APTS II,1991,20,SAC_01971,TXA19910080,DEV_TXA19910080,TXA19910080,1,retain_current_development,not_approved,FALSE
SAQ_1013,DEV_TXA20193614,BASTROP OAK GROVE,2019,48,SAC_01972,TXA20193614,DEV_TXA20193614,TXA20193614,1,retain_current_development,not_approved,FALSE
SAQ_1014,DEV_TXA00000320,HEIGHTS APTS,,48,SAC_01973,TXA00000320,DEV_TXA00000320,TXA00000320,1,retain_current_development,not_approved,FALSE
SAQ_1014,DEV_TXA20050160,KNOLLWOOD HEIGHTS APTS,2005,64,SAC_01974,TXA20050160,DEV_TXA20050160,TXA20050160,1,retain_current_development,not_approved,FALSE
SAQ_1015,DEV_TXA19870130,BLANCO PLAZA,1987,30,SAC_01975,TXA19870130,DEV_TXA19870130,TXA19870130,1,retain_current_development,not_approved,FALSE
SAQ_1015,DEV_TXA20163013,BLANCO SENIORS APARTMENTS,2016,20,SAC_01976,TXA20163013,DEV_TXA20163013,TXA20163013,1,retain_current_development,not_approved,FALSE
SAQ_1016,DEV_TXA00000468,RANCHO DEL CIELO PHASE II,,87,SAC_01977,TXA00000468,DEV_TXA00000468,TXA00000468,1,retain_current_development,not_approved,FALSE
SAQ_1016,DEV_TXA20010150,RANCHO DEL CIELO PHASE I,2001,124,SAC_01978,TXA20010150,DEV_TXA20010150,TXA20010150,1,retain_current_development,not_approved,FALSE
SAQ_1017,DEV_TXA20050170,LA VILLITA APTS PHASE II,2005,128,SAC_01979,TXA20050170,DEV_TXA20050170,TXA20050170,1,retain_current_development,not_approved,FALSE
SAQ_1017,DEV_TXA20060405,LA VILLITA APTS PHASE I,2006,80,SAC_01980,TXA20060405,DEV_TXA20060405,TXA20060405,1,retain_current_development,not_approved,FALSE
SAQ_1018,DEV_TXA19950420,THE COTTAGES AT MAIN,1995,24,SAC_01981,TXA19950420,DEV_TXA19950420,TXA19950420,2,merge_to_review_cluster,not_approved,FALSE
SAQ_1018,DEV_TXA20181022,THE VILLAGE AT MAIN,2018,24,SAC_01981,TXA20181022,DEV_TXA19950420,TXA19950420,2,merge_to_review_cluster,not_approved,FALSE
SAQ_1019,DEV_TXA19910470,SOUTH TIMBER RIDGE APTS,1991,43,SAC_01982,TXA19910470,DEV_TXA19910470,TXA19910470,1,retain_current_development,not_approved,FALSE
SAQ_1019,DEV_TXA20172047,TIMBER RIDGE APARTMENTS,2017,44,SAC_01983,TXA20172047,DEV_TXA20172047,TXA20172047,1,retain_current_development,not_approved,FALSE
SAQ_1020,DEV_TXA20120809,SILVERLEAF AT CHANDLER II,2012,44,SAC_01984,TXA20120809,DEV_TXA20120809,TXA20120809,1,retain_current_development,not_approved,FALSE
SAQ_1020,DEV_TXA20202780,SILVERLEAF AT CHANDLER III,2020,60,SAC_01985,TXA20202780,DEV_TXA20202780,TXA20202780,1,retain_current_development,not_approved,FALSE
SAQ_1021,DEV_TXA20070400,VILLAS AT COSTA TARRAGONA I,2007,250,SAC_01986,TXA20070400,DEV_TXA20070400,TXA20070400,1,retain_current_development,not_approved,FALSE
SAQ_1021,DEV_TXA20120829,VILLAS AT COSTA TARRAGONA II,2012,96,SAC_01987,TXA20120829,DEV_TXA20120829,TXA20120829,1,retain_current_development,not_approved,FALSE
SAQ_1022,DEV_TXA20010160,ROSELAND TOWNHOMES,2001,189,SAC_01988,TXA20010160,DEV_TXA20010160,TXA20010160,1,retain_current_development,not_approved,FALSE
SAQ_1022,DEV_TXA20030285,ROSELAND ESTATES,2003,138,SAC_01989,TXA20030285,DEV_TXA20030285,TXA20030285,1,retain_current_development,not_approved,FALSE
SAQ_1023,DEV_TXA19880465,EL SHADDAI,1988,100,SAC_01990,TXA19880465,DEV_TXA19880465,TXA19880465,2,merge_to_review_cluster,not_approved,FALSE
SAQ_1023,DEV_TXA20163050,PEOPLES EL SHADDAI VILLAGE,2016,100,SAC_01990,TXA20163050,DEV_TXA19880465,TXA19880465,2,merge_to_review_cluster,not_approved,FALSE
SAQ_1024,DEV_TXA0000X904,TERRACE AT HIGHLAND HILLS,,300,SAC_01991,TXA0000X904,DEV_TXA0000X904,TXA0000X904,1,retain_current_development,not_approved,FALSE
SAQ_1024,DEV_TXA20000065,HOMES OF PERSIMMON,2000,180,SAC_01992,TXA20000065,DEV_TXA20000065,TXA20000065,1,retain_current_development,not_approved,FALSE
SAQ_1025,DEV_TXA19880705,ST JAMES MANOR,1988,100,SAC_01993,TXA19880705,DEV_TXA19880705,TXA19880705,2,merge_to_review_cluster,not_approved,FALSE
SAQ_1025,DEV_TXA20163059,SAINT JAMES MANOR,2016,100,SAC_01993,TXA20163059,DEV_TXA19880705,TXA19880705,2,merge_to_review_cluster,not_approved,FALSE
SAQ_1026,DEV_TXA00000407,MILL CITY PARC TOWNHOMES,,116,SAC_01994,TXA00000407,DEV_TXA00000407,TXA00000407,1,retain_current_development,not_approved,FALSE
SAQ_1026,DEV_TXA00000611,WAHOO FRAZIER TOWNHOMES,,95,SAC_01995,TXA00000611,DEV_TXA00000611,TXA00000611,1,retain_current_development,not_approved,FALSE
SAQ_1026,DEV_TXA20060105,FRAZIER FELLOWSHIP,2006,76,SAC_01996,TXA20060105,DEV_TXA20060105,TXA20060105,1,retain_current_development,not_approved,FALSE
SAQ_1027,DEV_TXA19900295,SPINDLETOP APTS,1990,204,SAC_01997,TXA19900295,DEV_TXA19900295,TXA19900295,1,retain_current_development,not_approved,FALSE
SAQ_1027,DEV_TXA19960110,MELODY VILLAGE APTS,1996,271,SAC_01998,TXA19960110,DEV_TXA19960110,TXA19960110,1,retain_current_development,not_approved,FALSE
SAQ_1028,DEV_TXA19900300,BROOK APTS,1990,192,SAC_01999,TXA19900300,DEV_TXA19900300,TXA19900300,1,retain_current_development,not_approved,FALSE
SAQ_1028,DEV_TXA19950250,MELODY PLACE APTS,1995,192,SAC_02000,TXA19950250,DEV_TXA19950250,TXA19950250,1,retain_current_development,not_approved,FALSE
SAQ_1029,DEV_TXA19950325,RETIREMENT CENTER OF DAYTON,1995,48,SAC_02001,TXA19950325,DEV_TXA19950325,TXA19950325,2,merge_to_review_cluster,not_approved,FALSE
SAQ_1029,DEV_TXA20202732,DAYTON RETIREMENT CENTER,2020,48,SAC_02001,TXA20202732,DEV_TXA19950325,TXA19950325,2,merge_to_review_cluster,not_approved,FALSE
SAQ_1030,DEV_TXA00000276,DAYTON PARK APTS I,,50,SAC_02002,TXA00000276,DEV_TXA00000276,TXA00000276,1,retain_current_development,not_approved,FALSE
SAQ_1030,DEV_TXA19970040,DAYTON PARK APTS II,1997,50,SAC_02003,TXA19970040,DEV_TXA19970040,TXA19970040,1,retain_current_development,not_approved,FALSE
SAQ_1031,DEV_TXA20050140,HERITAGE PARK,2005,100,SAC_02004,TXA20050140,DEV_TXA20050140,TXA20050140,1,retain_current_development,not_approved,FALSE
SAQ_1031,DEV_TXA20070180,LAKEVIEW PARK,2007,76,SAC_02005,TXA20070180,DEV_TXA20070180,TXA20070180,1,retain_current_development,not_approved,FALSE
SAQ_1032,DEV_TXA19880430,DIMMITT SENIOR CITIZEN PHASE I,1988,24,SAC_02006,TXA19880430,DEV_TXA19880430,TXA19880430,1,retain_current_development,not_approved,FALSE
SAQ_1032,DEV_TXA19910155,DIMMITT SENIOR CITIZEN PHASE II,1991,24,SAC_02007,TXA19910155,DEV_TXA19910155,TXA19910155,1,retain_current_development,not_approved,FALSE
SAQ_1033,DEV_TXA20089801,EL NIDO APTS,2008,104,SAC_02008,TXA20089801,DEV_TXA20089801,TXA20089801,1,retain_current_development,not_approved,FALSE
SAQ_1033,DEV_TXA20109818,JOSE ANTONIO ESCAJEDA APTS,2010,88,SAC_02009,TXA20109818,DEV_TXA20109818,TXA20109818,1,retain_current_development,not_approved,FALSE
SAQ_1034,DEV_TXA00000618,WESTERN GALLAGHER II,,9,SAC_02010,TXA00000618,DEV_TXA00000618,TXA00000618,1,retain_current_development,not_approved,FALSE
SAQ_1034,DEV_TXA20000185,WESTERN GALLAGHER I,2000,20,SAC_02011,TXA20000185,DEV_TXA20000185,TXA20000185,1,retain_current_development,not_approved,FALSE
SAQ_1035,DEV_TXA19910355,PEPPERTREE - PART B,1991,152,SAC_02012,TXA19910355,DEV_TXA19910355,TXA19910355,1,retain_current_development,not_approved,FALSE
SAQ_1035,DEV_TXA19930120,PEPPERTREE - PART A,1993,152,SAC_02013,TXA19930120,DEV_TXA19930120,TXA19930120,1,retain_current_development,not_approved,FALSE
SAQ_1036,DEV_TXA19950210,LAGO VISTA APTS,1995,260,SAC_02014,TXA19950210,DEV_TXA19950210,TXA19950210,1,retain_current_development,not_approved,FALSE
SAQ_1036,DEV_TXA20110845,LAKEVIEW APTS,2011,140,SAC_02015,TXA20110845,DEV_TXA20110845,TXA20110845,1,retain_current_development,not_approved,FALSE
SAQ_1037,DEV_TXA20030410,TOWNE PARK IN FREDERICKSBURG I,2003,88,SAC_02016,TXA20030410,DEV_TXA20030410,TXA20030410,1,retain_current_development,not_approved,FALSE
SAQ_1037,DEV_TXA20060230,TOWNE PARK IN FREDERICKSBURG II,2006,44,SAC_02017,TXA20060230,DEV_TXA20060230,TXA20060230,1,retain_current_development,not_approved,FALSE
SAQ_1038,DEV_TXA0000X978,FREDERICKSBURG SENIORS,,48,SAC_02018,TXA0000X978,DEV_TXA19910195,TXA19910195,2,merge_to_review_cluster,not_approved,FALSE
SAQ_1038,DEV_TXA19910195,FREDRICKSBURG SENIORS,1991,48,SAC_02018,TXA19910195,DEV_TXA19910195,TXA19910195,2,merge_to_review_cluster,not_approved,FALSE
SAQ_1039,DEV_TXA19880765,WEST GREENVILLE GARDEN APTS,1988,100,SAC_02019,TXA19880765,DEV_TXA19880765,TXA19880765,1,retain_current_development,not_approved,FALSE
SAQ_1039,DEV_TXA19940280,ARBORS APTS,1994,100,SAC_02020,TXA19940280,DEV_TXA19940280,TXA19940280,1,retain_current_development,not_approved,FALSE
SAQ_1040,DEV_TXA20009366,HALLETTWEST APTS,2000,24,SAC_02021,TXA20009366,DEV_TXA20009366,TXA20009366,1,retain_current_development,not_approved,FALSE
SAQ_1040,DEV_TXA20177116,PECAN CHASE APT.,2017,24,SAC_02022,TXA20177116,DEV_TXA20177116,TXA20177116,1,retain_current_development,not_approved,FALSE
SAQ_1041,DEV_TXA00000509,ROSEMONT OF HILLSBORO PHASE I,,24,SAC_02023,TXA00000509,DEV_TXA00000509,TXA00000509,1,retain_current_development,not_approved,FALSE
SAQ_1041,DEV_TXA00000511,ROSEMONT OF HILLSBORO PHASE II,,52,SAC_02024,TXA00000511,DEV_TXA00000511,TXA00000511,1,retain_current_development,not_approved,FALSE
SAQ_1042,DEV_TXA19930065,HONDO GARDEN APTS,1993,31,SAC_02025,TXA19930065,DEV_TXA19930065,TXA19930065,1,retain_current_development,not_approved,FALSE
SAQ_1042,DEV_TXA20193622,HONDO GARDENS,2019,32,SAC_02026,TXA20193622,DEV_TXA20193622,TXA20193622,1,retain_current_development,not_approved,FALSE
SAQ_1043,DEV_TXA20100808,SOUTH ACRES RANCH,2010,81,SAC_02027,TXA20100808,DEV_TXA20100808,TXA20100808,1,retain_current_development,not_approved,FALSE
SAQ_1043,DEV_TXA20110834,SOUTH ACRES RANCH II,2011,49,SAC_02028,TXA20110834,DEV_TXA20110834,TXA20110834,1,retain_current_development,not_approved,FALSE
SAQ_1044,DEV_TXA19950310,PINES OF WESTBURY PHASE I,1995,377,SAC_02029,TXA19950310,DEV_TXA19950310,TXA19950310,1,retain_current_development,not_approved,FALSE
SAQ_1044,DEV_TXA19960130,PINES OF WESTBURY PHASE II,1996,563,SAC_02030,TXA19960130,DEV_TXA19960130,TXA19960130,1,retain_current_development,not_approved,FALSE
SAQ_1045,DEV_TXA20030125,FOUNTAINS AT TIDWELL,2003,188,SAC_02031,TXA20030125,DEV_TXA20030125,TXA20030125,1,retain_current_development,not_approved,FALSE
SAQ_1045,DEV_TXA20070380,ENCLAVE,2007,40,SAC_02032,TXA20070380,DEV_TXA20070380,TXA20070380,1,retain_current_development,not_approved,FALSE
SAQ_1046,DEV_TXA00001034,PLEASANT HILL VILLAGE,,165,SAC_02033,TXA00001034,DEV_TXA00001034,TXA00001034,1,retain_current_development,not_approved,FALSE
SAQ_1046,DEV_TXA19970140,PLEASANT HILL COMMUNITY APTS,1997,165,SAC_02034,TXA19970140,DEV_TXA19970140,TXA19970140,1,retain_current_development,not_approved,FALSE
SAQ_1047,DEV_TXA19880375,SILVER GLEN,1988,160,SAC_02035,TXA19880375,DEV_TXA19880375,TXA19880375,2,merge_to_review_cluster,not_approved,FALSE
SAQ_1047,DEV_TXA20139957,SILVER GLEN FKA BRANCH VILLAGE APARTMENTS,2013,160,SAC_02035,TXA20139957,DEV_TXA19880375,TXA19880375,2,merge_to_review_cluster,not_approved,FALSE
SAQ_1048,DEV_TXA19900120,BRIGHTON WAY EAST,1990,128,SAC_02036,TXA19900120,DEV_TXA19900120,TXA19900120,1,retain_current_development,not_approved,FALSE
SAQ_1048,DEV_TXA19900125,BRIGHTON WAY WEST,1990,142,SAC_02037,TXA19900125,DEV_TXA19900125,TXA19900125,1,retain_current_development,not_approved,FALSE
SAQ_1049,DEV_TXA00000280,HERITAGE SQUARE APTS,,50,SAC_02038,TXA00000280,DEV_TXA00000280,TXA00000280,1,retain_current_development,not_approved,FALSE
SAQ_1049,DEV_TXA19900290,SOUTHWOOD APTS,1990,40,SAC_02039,TXA19900290,DEV_TXA19900290,TXA19900290,1,retain_current_development,not_approved,FALSE
SAQ_1050,DEV_TXA20010195,SWEETBRIAR HILLS HOUSING I,2001,32,SAC_02040,TXA20010195,DEV_TXA20010195,TXA20010195,1,retain_current_development,not_approved,FALSE
SAQ_1050,DEV_TXA20010200,SWEETBRIAR HILLS HOUSING II,2001,28,SAC_02041,TXA20010200,DEV_TXA20010200,TXA20010200,1,retain_current_development,not_approved,FALSE
SAQ_1051,DEV_TXA19900210,JEFFERSON CAPITAL APTS,1990,30,SAC_02042,TXA19900210,DEV_TXA19900210,TXA19900210,1,retain_current_development,not_approved,FALSE
SAQ_1051,DEV_TXA19900215,JEFFERSON MANOR APTS,1990,32,SAC_02043,TXA19900215,DEV_TXA19900215,TXA19900215,1,retain_current_development,not_approved,FALSE
SAQ_1052,DEV_TXA19890585,WINDWOOD RETIREMENT,1989,34,SAC_02044,TXA19890585,DEV_TXA19890585,TXA19890585,1,retain_current_development,not_approved,FALSE
SAQ_1052,DEV_TXA19950495,WINDWOOD APTS II,1995,34,SAC_02045,TXA19950495,DEV_TXA19950495,TXA19950495,1,retain_current_development,not_approved,FALSE
SAQ_1052,DEV_TXA20211863,WINDWOOD I & II,2021,68,SAC_02046,TXA20211863,DEV_TXA20211863,TXA20211863,1,retain_current_development,not_approved,FALSE
SAQ_1053,DEV_TXA00000134,GARDEN WALK OF LAGRANGE,,16,SAC_02047,TXA00000134,DEV_TXA00000134,TXA00000134,1,retain_current_development,not_approved,FALSE
SAQ_1053,DEV_TXA19950090,CIMARRON TRAIL,1995,16,SAC_02048,TXA19950090,DEV_TXA19950090,TXA19950090,1,retain_current_development,not_approved,FALSE
SAQ_1053,DEV_TXA20145008,"GARDENWALK OF LA GRANGE, SCHULENBURG & WEIMAR",2014,40,SAC_02049,TXA20145008,DEV_TXA20145008,TXA20145008,1,retain_current_development,not_approved,FALSE
SAQ_1054,DEV_TXA00000503,ROSEMONT AT LAREDO VISTA PHASE I,,38,SAC_02050,TXA00000503,DEV_TXA00000503,TXA00000503,1,retain_current_development,not_approved,FALSE
SAQ_1054,DEV_TXA00000504,ROSEMONT AT LAREDO VISTA PHASE II,,115,SAC_02051,TXA00000504,DEV_TXA00000504,TXA00000504,1,retain_current_development,not_approved,FALSE
SAQ_1054,DEV_TXA20030165,LAREDO VISTA I,2003,160,SAC_02052,TXA20030165,DEV_TXA20030165,TXA20030165,1,retain_current_development,not_approved,FALSE
SAQ_1055,DEV_TXA19990045,CREEKSIDE ESTATES PHASE I,1999,72,SAC_02053,TXA19990045,DEV_TXA19990045,TXA19990045,1,retain_current_development,not_approved,FALSE
SAQ_1055,DEV_TXA20040065,CREEKSIDE ESTATES PHASE II,2004,60,SAC_02054,TXA20040065,DEV_TXA20040065,TXA20040065,1,retain_current_development,not_approved,FALSE
SAQ_1056,DEV_TXA19880570,MADISON PLACE,1988,36,SAC_02055,TXA19880570,DEV_TXA19880570,TXA19880570,1,retain_current_development,not_approved,FALSE
SAQ_1056,DEV_TXA19950215,LANCE STREET APTS,1995,36,SAC_02056,TXA19950215,DEV_TXA19950215,TXA19950215,1,retain_current_development,not_approved,FALSE
SAQ_1056,DEV_TXA20110866,OAKWOOD APARTMENTS,2011,36,SAC_02057,TXA20110866,DEV_TXA20110866,TXA20110866,1,retain_current_development,not_approved,FALSE
SAQ_1057,DEV_TXA20163030,HERITAGE PLAZA,2016,80,SAC_02058,TXA20163030,DEV_TXA20163030,TXA20163030,1,retain_current_development,not_approved,FALSE
SAQ_1057,DEV_TXA20193621,HERITAGE SENIORS,2019,80,SAC_02059,TXA20193621,DEV_TXA20193621,TXA20193621,1,retain_current_development,not_approved,FALSE
SAQ_1058,DEV_TXA00000301,GARDEN GATE APTS II,,31,SAC_02060,TXA00000301,DEV_TXA00000301,TXA00000301,1,retain_current_development,not_approved,FALSE
SAQ_1058,DEV_TXA19990080,GARDEN GATE APTS I,1999,56,SAC_02061,TXA19990080,DEV_TXA19990080,TXA19990080,1,retain_current_development,not_approved,FALSE
SAQ_1059,DEV_TXA00000348,KEY WEST VILLAGE PHASE II,,36,SAC_02062,TXA00000348,DEV_TXA00000348,TXA00000348,1,retain_current_development,not_approved,FALSE
SAQ_1059,DEV_TXA20020140,KEY WEST SENIOR VILLAGE,2002,120,SAC_02063,TXA20020140,DEV_TXA20020140,TXA20020140,1,retain_current_development,not_approved,FALSE
SAQ_1060,DEV_TXA19880605,PARK VISTA PLACE,1988,48,SAC_02064,TXA19880605,DEV_TXA19880605,TXA19880605,1,retain_current_development,not_approved,FALSE
SAQ_1060,DEV_TXA19950255,NORTHSIDE HEIGHTS,1995,48,SAC_02065,TXA19950255,DEV_TXA19950255,TXA19950255,1,retain_current_development,not_approved,FALSE
SAQ_1061,DEV_TXA19870145,CENTER PLACE APTS - PASADENA,1987,228,SAC_02066,TXA19870145,DEV_TXA19870145,TXA19870145,1,retain_current_development,not_approved,FALSE
SAQ_1061,DEV_TXA19910110,CENTER PLACE APTS 2,1991,16,SAC_02067,TXA19910110,DEV_TXA19910110,TXA19910110,1,retain_current_development,not_approved,FALSE
SAQ_1062,DEV_TXA20070260,SOUTHWOOD CROSSING APTS II,2007,84,SAC_02068,TXA20070260,DEV_TXA20070260,TXA20070260,1,retain_current_development,not_approved,FALSE
SAQ_1062,DEV_TXA20070340,SOUTHWOOD CROSSING APTS I,2007,120,SAC_02069,TXA20070340,DEV_TXA20070340,TXA20070340,1,retain_current_development,not_approved,FALSE
SAQ_1063,DEV_TXA19910385,ROUND ROCK VILLAGE OAK APTS,1991,23,SAC_02070,TXA19910385,DEV_TXA19910385,TXA19910385,1,retain_current_development,not_approved,FALSE
SAQ_1063,DEV_TXA20204790,ROUND ROCK OAK GROVE,2020,24,SAC_02071,TXA20204790,DEV_TXA20204790,TXA20204790,1,retain_current_development,not_approved,FALSE
SAQ_1064,DEV_TXA00000135,CHISUM TRAIL APTS,,8,SAC_02072,TXA00000135,DEV_TXA00000135,TXA00000135,1,retain_current_development,not_approved,FALSE
SAQ_1064,DEV_TXA19950125,DEERFIELD VILLAGE,1995,8,SAC_02073,TXA19950125,DEV_TXA19950125,TXA19950125,1,retain_current_development,not_approved,FALSE
SAQ_1065,DEV_TXA19960160,SHEPHERD SOUTH APTS I,1996,24,SAC_02074,TXA19960160,DEV_TXA19960160,TXA19960160,1,retain_current_development,not_approved,FALSE
SAQ_1065,DEV_TXA19960165,SHEPHERD SOUTH APTS II,1996,24,SAC_02075,TXA19960165,DEV_TXA19960165,TXA19960165,1,retain_current_development,not_approved,FALSE
SAQ_1066,DEV_TXA19980155,HVM MID-TOWN APTS II,1998,24,SAC_02076,TXA19980155,DEV_TXA19980155,TXA19980155,1,retain_current_development,not_approved,FALSE
SAQ_1066,DEV_TXA20100050,HVM MID-TOWN APTS I,2010,54,SAC_02077,TXA20100050,DEV_TXA20100050,TXA20100050,1,retain_current_development,not_approved,FALSE
SAQ_1067,DEV_TXA20154005,BARRON'S BRANCH,2015,92,SAC_02078,TXA20154005,DEV_TXA20154005,TXA20154005,1,retain_current_development,not_approved,FALSE
SAQ_1067,DEV_TXA20163010,BARRON'S BRANCH II,2016,76,SAC_02079,TXA20163010,DEV_TXA20163010,TXA20163010,1,retain_current_development,not_approved,FALSE
SAQ_1068,DEV_TXA00000304,GARDENWALK OF WEIMAR,,,SAC_02080,TXA00000304,DEV_TXA00000304,TXA00000304,1,retain_current_development,not_approved,FALSE
SAQ_1068,DEV_TXA19950485,WILLOWS BEND APTS,1995,16,SAC_02081,TXA19950485,DEV_TXA19950485,TXA19950485,1,retain_current_development,not_approved,FALSE
SAQ_1069,DEV_TXA19870425,WHARTON SQUARE,1987,40,SAC_02082,TXA19870425,DEV_TXA19870425,TXA19870425,1,retain_current_development,not_approved,FALSE
SAQ_1069,DEV_TXA19890570,WHARTON PLAZA APTS,1989,24,SAC_02083,TXA19890570,DEV_TXA19890570,TXA19890570,1,retain_current_development,not_approved,FALSE
SAQ_1070,DEV_TXA19880615,PECANWOOD APTS III,1988,32,SAC_02084,TXA19880615,DEV_TXA19880615,TXA19880615,1,retain_current_development,not_approved,FALSE
SAQ_1070,DEV_TXA20020220,PECANWOOD APTS II,2002,32,SAC_02085,TXA20020220,DEV_TXA20020220,TXA20020220,1,retain_current_development,not_approved,FALSE
SAQ_1071,DEV_TXA20020205,PARKSTONE SENIOR VILLAGE,2002,140,SAC_02086,TXA20020205,DEV_TXA20020205,TXA20020205,1,retain_current_development,not_approved,FALSE
SAQ_1071,DEV_TXA20136014,PARKSTONE SENIOR VILLAGE PHASE II,2013,64,SAC_02087,TXA20136014,DEV_TXA20136014,TXA20136014,1,retain_current_development,not_approved,FALSE
SAQ_1072,DEV_TXA19930195,VILLAGE OAKS APTS,1993,40,SAC_02088,TXA19930195,DEV_TXA19930195,TXA19930195,1,retain_current_development,not_approved,FALSE
SAQ_1072,DEV_TXA19970090,LEATHERWOOD TERRACE APTS,1997,40,SAC_02089,TXA19970090,DEV_TXA19970090,TXA19970090,1,retain_current_development,not_approved,FALSE
SAQ_1073,DEV_UTA19970005,HEATHER ESTATES I,1997,108,SAC_02090,UTA19970005,DEV_UTA19970005,UTA19970005,1,retain_current_development,not_approved,FALSE
SAQ_1073,DEV_UTA19970010,HEATHER ESTATES II,1997,48,SAC_02091,UTA19970010,DEV_UTA19970010,UTA19970010,1,retain_current_development,not_approved,FALSE
SAQ_1074,DEV_UTA20020065,LAZY DAYS APTS.,2002,31,SAC_02092,UTA20020065,DEV_UTA20020065,UTA20020065,1,retain_current_development,not_approved,FALSE
SAQ_1074,DEV_UTA20240010,LAZY DAYS APARTMENTS,2024,30,SAC_02093,UTA20240010,DEV_UTA20240010,UTA20240010,1,retain_current_development,not_approved,FALSE
SAQ_1075,DEV_UTA20020901,STONEHEDGE I APTS.,2002,48,SAC_02094,UTA20020901,DEV_UTA20020901,UTA20020901,2,merge_to_review_cluster,not_approved,FALSE
SAQ_1075,DEV_UTA20193017,STONEHEDGE I APTS. DBA SNOW CREEK I,2019,48,SAC_02094,UTA20193017,DEV_UTA20020901,UTA20020901,2,merge_to_review_cluster,not_approved,FALSE
SAQ_1076,DEV_UTA20090901,RIVER PARK SENIOR HOUSING I,2009,22,SAC_02095,UTA20090901,DEV_UTA20090901,UTA20090901,1,retain_current_development,not_approved,FALSE
SAQ_1076,DEV_UTA20090902,RIVER PARK SENIOR HOUSING II,2009,18,SAC_02096,UTA20090902,DEV_UTA20090902,UTA20090902,1,retain_current_development,not_approved,FALSE
SAQ_1077,DEV_UTA20220008,SENIOR LIVING ON WASHINGTON,2022,78,SAC_02097,UTA20220008,DEV_UTA20220008,UTA20220008,1,retain_current_development,not_approved,FALSE
SAQ_1077,DEV_UTA20221013,SENIOR LIVING ON WASHINGTON - PHASE 2,2022,27,SAC_02098,UTA20221013,DEV_UTA20221013,UTA20221013,1,retain_current_development,not_approved,FALSE
SAQ_1078,DEV_UTA19950920,COTTONWOOD APTS. I,1995,34,SAC_02099,UTA19950920,DEV_UTA19950920,UTA19950920,1,retain_current_development,not_approved,FALSE
SAQ_1078,DEV_UTA19990015,COTTONWOOD APTS. II,1999,20,SAC_02100,UTA19990015,DEV_UTA19990015,UTA19990015,1,retain_current_development,not_approved,FALSE
SAQ_1079,DEV_UTA20170015,NORTH 4TH APARTMENTS,2017,112,SAC_02101,UTA20170015,DEV_UTA20170015,UTA20170015,1,retain_current_development,not_approved,FALSE
SAQ_1079,DEV_UTA20200003,PROJECT OPEN 2,2020,95,SAC_02102,UTA20200003,DEV_UTA20200003,UTA20200003,1,retain_current_development,not_approved,FALSE
SAQ_1080,DEV_UTA19940015,CANYON POINTE I,1994,50,SAC_02103,UTA19940015,DEV_UTA19940015,UTA19940015,1,retain_current_development,not_approved,FALSE
SAQ_1080,DEV_UTA19950921,CANYON POINTE II,1995,48,SAC_02104,UTA19950921,DEV_UTA19950921,UTA19950921,1,retain_current_development,not_approved,FALSE
SAQ_1081,DEV_UTA20020035,FOUNTAIN HEIGHTS I,2002,60,SAC_02105,UTA20020035,DEV_UTA20020035,UTA20020035,1,retain_current_development,not_approved,FALSE
SAQ_1081,DEV_UTA20040015,FOUNTAIN HEIGHTS II,2004,60,SAC_02106,UTA20040015,DEV_UTA20040015,UTA20040015,1,retain_current_development,not_approved,FALSE
SAQ_1082,DEV_VAA20222001,ARDEN - BUILDING A,2022,79,SAC_02107,VAA20222001,DEV_VAA20222001,VAA20222001,2,merge_to_review_cluster,not_approved,FALSE
SAQ_1082,DEV_VAA20222002,ARDEN - BUILDING B,2022,47,SAC_02107,VAA20222002,DEV_VAA20222001,VAA20222001,2,merge_to_review_cluster,not_approved,FALSE
SAQ_1083,DEV_VAA20080070,CREEKSIDE VILLAGE I,2008,220,SAC_02108,VAA20080070,DEV_VAA20080070,VAA20080070,1,retain_current_development,not_approved,FALSE
SAQ_1083,DEV_VAA20080866,CREEKSIDE VILLAGE II,2008,99,SAC_02109,VAA20080866,DEV_VAA20080866,VAA20080866,1,retain_current_development,not_approved,FALSE
SAQ_1084,DEV_VAA20020515,BERKELEY,2002,137,SAC_02110,VAA20020515,DEV_VAA20020515,VAA20020515,1,retain_current_development,not_approved,FALSE
SAQ_1084,DEV_VAA20201004,APEX EAST,2020,125,SAC_02111,VAA20201004,DEV_VAA20201004,VAA20201004,1,retain_current_development,not_approved,FALSE
SAQ_1085,DEV_VAA20222009,TERWILLIGER EAST AKA POST EAST FOUR,2022,80,SAC_02112,VAA20222009,DEV_VAA20222009,VAA20222009,2,merge_to_review_cluster,not_approved,FALSE
SAQ_1085,DEV_VAA20222010,TERWILLIGER WEST,2022,80,SAC_02112,VAA20222010,DEV_VAA20222009,VAA20222009,2,merge_to_review_cluster,not_approved,FALSE
SAQ_1086,DEV_VAA20050065,FOREST COVE I,2005,101,SAC_02113,VAA20050065,DEV_VAA20050065,VAA20050065,1,retain_current_development,not_approved,FALSE
SAQ_1086,DEV_VAA20050070,FOREST COVE II,2005,100,SAC_02114,VAA20050070,DEV_VAA20050070,VAA20050070,1,retain_current_development,not_approved,FALSE
SAQ_1086,DEV_VAA20050075,FOREST COVE III,2005,101,SAC_02115,VAA20050075,DEV_VAA20050075,VAA20050075,1,retain_current_development,not_approved,FALSE
SAQ_1087,DEV_VAA20050090,HUNTERS POINT I,2005,124,SAC_02116,VAA20050090,DEV_VAA20050090,VAA20050090,1,retain_current_development,not_approved,FALSE
SAQ_1087,DEV_VAA20050095,HUNTERS POINT II,2005,32,SAC_02117,VAA20050095,DEV_VAA20050095,VAA20050095,1,retain_current_development,not_approved,FALSE
SAQ_1088,DEV_VAA19910050,CRAIGMONT APTS II,1991,44,SAC_02118,VAA19910050,DEV_VAA19910050,VAA19910050,2,merge_to_review_cluster,not_approved,FALSE
SAQ_1088,DEV_VAA20140006,CRAIGMONT MANOR,2014,44,SAC_02118,VAA20140006,DEV_VAA19910050,VAA19910050,2,merge_to_review_cluster,not_approved,FALSE
SAQ_1089,DEV_VAA19990070,CULPEPER COMMONS II,1999,20,SAC_02119,VAA19990070,DEV_VAA19990070,VAA19990070,1,retain_current_development,not_approved,FALSE
SAQ_1089,DEV_VAA20040615,CULPEPER COMMONS I,2004,142,SAC_02120,VAA20040615,DEV_VAA20040615,VAA20040615,1,retain_current_development,not_approved,FALSE
SAQ_1090,DEV_VAA20160019,RESIDENCES AT GOVERNMENT CENTER I,2016,150,SAC_02121,VAA20160019,DEV_VAA20160019,VAA20160019,1,retain_current_development,not_approved,FALSE
SAQ_1090,DEV_VAA20170029,RESIDENCES AT GOVERNMENT CENTER II,2017,120,SAC_02122,VAA20170029,DEV_VAA20170029,VAA20170029,1,retain_current_development,not_approved,FALSE
SAQ_1091,DEV_VAA20080110,HOLLYBROOKE II,2008,98,SAC_02123,VAA20080110,DEV_VAA20080110,VAA20080110,1,retain_current_development,not_approved,FALSE
SAQ_1091,DEV_VAA20080115,HOLLYBROOKE III,2008,50,SAC_02124,VAA20080115,DEV_VAA20080115,VAA20080115,1,retain_current_development,not_approved,FALSE
SAQ_1092,DEV_VAA19950125,PINE RIDGE,1995,27,SAC_02125,VAA19950125,DEV_VAA19950125,VAA19950125,1,retain_current_development,not_approved,FALSE
SAQ_1092,DEV_VAA20140034,SPRUCE HILL,2014,36,SAC_02126,VAA20140034,DEV_VAA20140034,VAA20140034,1,retain_current_development,not_approved,FALSE
SAQ_1093,DEV_VAA20000090,ENGLAND RUN NORTH II,2000,136,SAC_02127,VAA20000090,DEV_VAA20000090,VAA20000090,1,retain_current_development,not_approved,FALSE
SAQ_1093,DEV_VAA20050744,ENGLAND RUN NORTH I,2005,204,SAC_02128,VAA20050744,DEV_VAA20050744,VAA20050744,1,retain_current_development,not_approved,FALSE
SAQ_1094,DEV_VAA19980175,SALEM RUN II,1998,108,SAC_02129,VAA19980175,DEV_VAA19980175,VAA19980175,1,retain_current_development,not_approved,FALSE
SAQ_1094,DEV_VAA19990386,SALEM RUN I,1999,160,SAC_02130,VAA19990386,DEV_VAA19990386,VAA19990386,1,retain_current_development,not_approved,FALSE
SAQ_1095,DEV_VAA19970040,DERBY RUN II,1997,144,SAC_02131,VAA19970040,DEV_VAA19970040,VAA19970040,1,retain_current_development,not_approved,FALSE
SAQ_1095,DEV_VAA20040596,DERBY RUN I,2004,160,SAC_02132,VAA20040596,DEV_VAA20040596,VAA20040596,1,retain_current_development,not_approved,FALSE
SAQ_1096,DEV_VAA19990110,HERNDON HARBOR HOUSE I,1999,60,SAC_02133,VAA19990110,DEV_VAA19990110,VAA19990110,1,retain_current_development,not_approved,FALSE
SAQ_1096,DEV_VAA20030110,HERNDON HARBOR HOUSE II,2003,60,SAC_02134,VAA20030110,DEV_VAA20030110,VAA20030110,1,retain_current_development,not_approved,FALSE
SAQ_1097,DEV_VAA19990348,FIELDS OF LEESBURG I,1999,156,SAC_02135,VAA19990348,DEV_VAA19990348,VAA19990348,1,retain_current_development,not_approved,FALSE
SAQ_1097,DEV_VAA20000135,MAYFAIR COMMONS,2000,248,SAC_02136,VAA20000135,DEV_VAA20000135,VAA20000135,1,retain_current_development,not_approved,FALSE
SAQ_1098,DEV_VAA19970227,MALLARD COVE I,1997,144,SAC_02137,VAA19970227,DEV_VAA19970227,VAA19970227,1,retain_current_development,not_approved,FALSE
SAQ_1098,DEV_VAA20000427,MALLARD COVE II,2000,108,SAC_02138,VAA20000427,DEV_VAA20000427,VAA20000427,1,retain_current_development,not_approved,FALSE
SAQ_1099,DEV_VAA20120080,HERITAGE FOREST I,2012,144,SAC_02139,VAA20120080,DEV_VAA20120080,VAA20120080,1,retain_current_development,not_approved,FALSE
SAQ_1099,DEV_VAA20130016,HERITAGE FOREST II,2013,104,SAC_02140,VAA20130016,DEV_VAA20130016,VAA20130016,1,retain_current_development,not_approved,FALSE
SAQ_1100,DEV_VAA20060779,IVY WALK II,2006,122,SAC_02141,VAA20060779,DEV_VAA20060779,VAA20060779,1,retain_current_development,not_approved,FALSE
SAQ_1100,DEV_VAA20070791,IVY WALK I,2007,126,SAC_02142,VAA20070791,DEV_VAA20070791,VAA20070791,1,retain_current_development,not_approved,FALSE
SAQ_1101,DEV_VAA20110823,HAMILTON PLACE PHASE I,2011,84,SAC_02143,VAA20110823,DEV_VAA20110823,VAA20110823,1,retain_current_development,not_approved,FALSE
SAQ_1101,DEV_VAA20130014,HAMILTON PLACE PHASE II,2013,84,SAC_02144,VAA20130014,DEV_VAA20130014,VAA20130014,1,retain_current_development,not_approved,FALSE
SAQ_1102,DEV_VAA20140022,NEW RIVER GARDENS II,2014,44,SAC_02145,VAA20140022,DEV_VAA20140022,VAA20140022,1,retain_current_development,not_approved,FALSE
SAQ_1102,DEV_VAA20150020,NEW RIVER OVERLOOK,2015,40,SAC_02146,VAA20150020,DEV_VAA20150020,VAA20150020,1,retain_current_development,not_approved,FALSE
SAQ_1103,DEV_VAA19990359,JACKSON WARD,1999,18,SAC_02147,VAA19990359,DEV_VAA19990359,VAA19990359,1,retain_current_development,not_approved,FALSE
SAQ_1103,DEV_VAA20040668,TOBACCO LANDING,2004,62,SAC_02148,VAA20040668,DEV_VAA20040668,VAA20040668,1,retain_current_development,not_approved,FALSE
SAQ_1104,DEV_VAA20050040,CARTER WOODS I,2005,80,SAC_02149,VAA20050040,DEV_VAA20050040,VAA20050040,1,retain_current_development,not_approved,FALSE
SAQ_1104,DEV_VAA20070780,CARTER WOODS II,2007,72,SAC_02150,VAA20070780,DEV_VAA20070780,VAA20070780,1,retain_current_development,not_approved,FALSE
SAQ_1105,DEV_VAA19950090,LINCOLN MANOR,1995,300,SAC_02151,VAA19950090,DEV_VAA19950090,VAA19950090,1,retain_current_development,not_approved,FALSE
SAQ_1105,DEV_VAA20100045,LINCOLN MEWS I,2010,115,SAC_02152,VAA20100045,DEV_VAA20100045,VAA20100045,1,retain_current_development,not_approved,FALSE
SAQ_1106,DEV_VAA20120215,STUDIOS AT SOUTH RICHMOND,2012,21,SAC_02153,VAA20120215,DEV_VAA20120215,VAA20120215,1,retain_current_development,not_approved,FALSE
SAQ_1106,DEV_VAA20160025,STUDIOS II,2016,40,SAC_02154,VAA20160025,DEV_VAA20160025,VAA20160025,1,retain_current_development,not_approved,FALSE
SAQ_1107,DEV_VAA20000180,SHENANDOAH VILLAGE (ROANOKE),2000,70,SAC_02155,VAA20000180,DEV_VAA20000180,VAA20000180,1,retain_current_development,not_approved,FALSE
SAQ_1107,DEV_VAA20030220,VILLAGE IN ROANOKE,2003,54,SAC_02156,VAA20030220,DEV_VAA20030220,VAA20030220,1,retain_current_development,not_approved,FALSE
SAQ_1108,DEV_VAA20080895,SURRY VILLAGE I,2008,48,SAC_02157,VAA20080895,DEV_VAA20080895,VAA20080895,1,retain_current_development,not_approved,FALSE
SAQ_1108,DEV_VAA20160027,SURRY VILLAGE II,2016,32,SAC_02158,VAA20160027,DEV_VAA20160027,VAA20160027,1,retain_current_development,not_approved,FALSE
SAQ_1109,DEV_VAA20221016,LOUDOUN VIEW EAST,2022,50,SAC_02159,VAA20221016,DEV_VAA20221016,VAA20221016,2,merge_to_review_cluster,not_approved,FALSE
SAQ_1109,DEV_VAA20221017,LOUDOUN VIEW WEST,2022,48,SAC_02159,VAA20221017,DEV_VAA20221016,VAA20221016,2,merge_to_review_cluster,not_approved,FALSE
SAQ_1110,DEV_VAA19980135,LYNNHILL COMMONS II,1998,24,SAC_02160,VAA19980135,DEV_VAA19980135,VAA19980135,1,retain_current_development,not_approved,FALSE
SAQ_1110,DEV_VAA20030594,LYNNHILL COMMONS I,2003,24,SAC_02161,VAA20030594,DEV_VAA20030594,VAA20030594,1,retain_current_development,not_approved,FALSE
SAQ_1111,DEV_VAA20000105,JAMESTOWN COMMONS I,2000,132,SAC_02162,VAA20000105,DEV_VAA20000105,VAA20000105,1,retain_current_development,not_approved,FALSE
SAQ_1111,DEV_VAA20000110,JAMESTOWN COMMONS II,2000,132,SAC_02163,VAA20000110,DEV_VAA20000110,VAA20000110,1,retain_current_development,not_approved,FALSE
SAQ_1112,DEV_VAA19990356,HOLLAND HOUSE II,1999,12,SAC_02164,VAA19990356,DEV_VAA19990356,VAA19990356,1,retain_current_development,not_approved,FALSE
SAQ_1112,DEV_VAA20000420,HOLLAND HOUSE I,2000,100,SAC_02165,VAA20000420,DEV_VAA20000420,VAA20000420,1,retain_current_development,not_approved,FALSE
SAQ_1113,DEV_VAA19990388,SUMMERLAND HEIGHTS II,1999,112,SAC_02166,VAA19990388,DEV_VAA19990388,VAA19990388,1,retain_current_development,not_approved,FALSE
SAQ_1113,DEV_VAA20030577,CROSSINGS AT SUMMERLAND,2003,128,SAC_02167,VAA20030577,DEV_VAA20030577,VAA20030577,1,retain_current_development,not_approved,FALSE
SAQ_1114,DEV_VAA19990363,LANDINGS AT MARKHAMS GRANT I,1999,72,SAC_02168,VAA19990363,DEV_VAA19990363,VAA19990363,1,retain_current_development,not_approved,FALSE
SAQ_1114,DEV_VAA20030591,LANDINGS AT MARKHAMS GRANT II,2003,132,SAC_02169,VAA20030591,DEV_VAA20030591,VAA20030591,1,retain_current_development,not_approved,FALSE
SAQ_1115,DEV_VTA20040065,WATERFRONT HOUSING,2004,40,SAC_02170,VTA20040065,DEV_VTA20040065,VTA20040065,2,merge_to_review_cluster,not_approved,FALSE
SAQ_1115,DEV_VTA20230005,WATERSIDE HOUSING,2023,40,SAC_02170,VTA20230005,DEV_VTA20040065,VTA20040065,2,merge_to_review_cluster,not_approved,FALSE
SAQ_1116,DEV_VTA20030160,WHITCOMB WOODS,2003,64,SAC_02171,VTA20030160,DEV_VTA20030160,VTA20030160,1,retain_current_development,not_approved,FALSE
SAQ_1116,DEV_VTA20050065,WHITCOMB TERRACE,2005,19,SAC_02172,VTA20050065,DEV_VTA20050065,VTA20050065,1,retain_current_development,not_approved,FALSE
SAQ_1117,DEV_VTA19900014,CUMMINGS ST APTS,1990,20,SAC_02173,VTA19900014,DEV_VTA19900014,VTA19900014,2,merge_to_review_cluster,not_approved,FALSE
SAQ_1117,DEV_VTA20080015,CUMMINGS ST APTS REDEVELOPMENT,2008,20,SAC_02173,VTA20080015,DEV_VTA19900014,VTA19900014,2,merge_to_review_cluster,not_approved,FALSE
SAQ_1118,DEV_VTA19990030,MAPLES I,1999,51,SAC_02174,VTA19990030,DEV_VTA19990030,VTA19990030,1,retain_current_development,not_approved,FALSE
SAQ_1118,DEV_VTA20020045,MAPLES II,2002,32,SAC_02175,VTA20020045,DEV_VTA20020045,VTA20020045,1,retain_current_development,not_approved,FALSE
SAQ_1119,DEV_VTA20070055,FARRELL STREET SENIOR HOUSING,2007,63,SAC_02176,VTA20070055,DEV_VTA20070055,VTA20070055,1,retain_current_development,not_approved,FALSE
SAQ_1119,DEV_VTA20100030,GRAND WAY COMMONS II,2010,28,SAC_02177,VTA20100030,DEV_VTA20100030,VTA20100030,1,retain_current_development,not_approved,FALSE
SAQ_1120,DEV_VTA19950060,PINES PHASE I,1995,53,SAC_02178,VTA19950060,DEV_VTA19950060,VTA19950060,1,retain_current_development,not_approved,FALSE
SAQ_1120,DEV_VTA19960068,PINES PHASE II,1996,33,SAC_02179,VTA19960068,DEV_VTA19960068,VTA19960068,1,retain_current_development,not_approved,FALSE
SAQ_1120,DEV_VTA19970081,PINES PHASE III,1997,39,SAC_02180,VTA19970081,DEV_VTA19970081,VTA19970081,1,retain_current_development,not_approved,FALSE
SAQ_1120,DEV_VTA19980085,PINES PHASE IV,1998,60,SAC_02181,VTA19980085,DEV_VTA19980085,VTA19980085,1,retain_current_development,not_approved,FALSE
SAQ_1121,DEV_VTA19910030,ST JOHNSBURY HP PHASE I,1991,32,SAC_02182,VTA19910030,DEV_VTA19910030,VTA19910030,1,retain_current_development,not_approved,FALSE
SAQ_1121,DEV_VTA19960025,ST JOHNSBURY HP PHASE II,1996,32,SAC_02183,VTA19960025,DEV_VTA19960025,VTA19960025,1,retain_current_development,not_approved,FALSE
SAQ_1122,DEV_VTA19940040,CALEDONIA HP PHASE I,1994,28,SAC_02184,VTA19940040,DEV_VTA19940040,VTA19940040,1,retain_current_development,not_approved,FALSE
SAQ_1122,DEV_VTA19950055,CALEDONIA HP PHASE II,1995,32,SAC_02185,VTA19950055,DEV_VTA19950055,VTA19950055,1,retain_current_development,not_approved,FALSE
SAQ_1123,DEV_VTA20070090,WEST RIVER VALLEY ASSISTED LIVING,2007,28,SAC_02186,VTA20070090,DEV_VTA20070090,VTA20070090,1,retain_current_development,not_approved,FALSE
SAQ_1123,DEV_VTA20130275,WEST RIVER VALLEY ASSISTED LIVING PHASE II,2013,12,SAC_02187,VTA20130275,DEV_VTA20130275,VTA20130275,1,retain_current_development,not_approved,FALSE
SAQ_1124,DEV_VTA20000010,GARDENS I @ WILLIAMSTOWN SQUARE,2000,30,SAC_02188,VTA20000010,DEV_VTA20000010,VTA20000010,1,retain_current_development,not_approved,FALSE
SAQ_1124,DEV_VTA20050050,GARDENS II @ WILLIAMSTOWN SQUARE,2005,21,SAC_02189,VTA20050050,DEV_VTA20050050,VTA20050050,1,retain_current_development,not_approved,FALSE
SAQ_1125,DEV_VTA19900005,ARMORY SQUARE,1990,72,SAC_02190,VTA19900005,DEV_VTA19900005,VTA19900005,1,retain_current_development,not_approved,FALSE
SAQ_1125,DEV_VTA20090040,NAMCO BLOCK ALLOCATED,2009,43,SAC_02191,VTA20090040,DEV_VTA20090040,VTA20090040,1,retain_current_development,not_approved,FALSE
SAQ_1125,DEV_VTA20090045,6 UNION ST,2009,15,SAC_02192,VTA20090045,DEV_VTA20090045,VTA20090045,1,retain_current_development,not_approved,FALSE
SAQ_1126,DEV_WAA19880085,HARMONY PARK,1988,24,SAC_02193,WAA19880085,DEV_WAA19880085,WAA19880085,1,retain_current_development,not_approved,FALSE
SAQ_1126,DEV_WAA19900005,AUTUMN RIDGE,1990,30,SAC_02194,WAA19900005,DEV_WAA19900005,WAA19900005,1,retain_current_development,not_approved,FALSE
SAQ_1127,DEV_WIA19950205,SCHOOL HOUSE APTS (BEAR CREEK),1995,9,SAC_02195,WIA19950205,DEV_WIA19950205,WIA19950205,1,retain_current_development,not_approved,FALSE
SAQ_1127,DEV_WIA19990145,SCHOOL HOUSE APTS (BEAR CREEK) PHASE II,1999,4,SAC_02196,WIA19990145,DEV_WIA19990145,WIA19990145,1,retain_current_development,not_approved,FALSE
SAQ_1128,DEV_WIA19910070,COUNTRY VIEW APTS (BLACK RIVER FALLS),1991,24,SAC_02197,WIA19910070,DEV_WIA19910070,WIA19910070,1,retain_current_development,not_approved,FALSE
SAQ_1128,DEV_WIA19940010,BLACK RIVER RUN APTS,1994,48,SAC_02198,WIA19940010,DEV_WIA19940010,WIA19940010,1,retain_current_development,not_approved,FALSE
SAQ_1129,DEV_WIA20100020,DEERWOOD CROSSING,2010,66,SAC_02199,WIA20100020,DEV_WIA20100020,WIA20100020,1,retain_current_development,not_approved,FALSE
SAQ_1129,DEV_WIA20141002,DEERWOOD CROSSING II,2014,30,SAC_02200,WIA20141002,DEV_WIA20141002,WIA20141002,1,retain_current_development,not_approved,FALSE
SAQ_1130,DEV_WIA20000020,BRENWOOD PARK SENIOR COMMUNITY,2000,96,SAC_02201,WIA20000020,DEV_WIA20000020,WIA20000020,1,retain_current_development,not_approved,FALSE
SAQ_1130,DEV_WIA20020015,BRENWOOD PARK SENIOR COMMUNITY PHASE II,2002,62,SAC_02202,WIA20020015,DEV_WIA20020015,WIA20020015,1,retain_current_development,not_approved,FALSE
SAQ_1131,DEV_WIA19870100,WEDGEWOOD COMMONS,1987,72,SAC_02203,WIA19870100,DEV_WIA19870100,WIA19870100,1,retain_current_development,not_approved,FALSE
SAQ_1131,DEV_WIA19900240,WEDGEWOOD COMMONS II,1990,105,SAC_02204,WIA19900240,DEV_WIA19900240,WIA19900240,1,retain_current_development,not_approved,FALSE
SAQ_1132,DEV_WIA19890075,ELVER PARK I,1989,48,SAC_02205,WIA19890075,DEV_WIA19890075,WIA19890075,1,retain_current_development,not_approved,FALSE
SAQ_1132,DEV_WIA19890080,ELVER PARK II,1989,56,SAC_02206,WIA19890080,DEV_WIA19890080,WIA19890080,1,retain_current_development,not_approved,FALSE
SAQ_1133,DEV_WIA19920025,ASSISI HOMES II-A,1992,6,SAC_02207,WIA19920025,DEV_WIA19920025,WIA19920025,1,retain_current_development,not_approved,FALSE
SAQ_1133,DEV_WIA19930015,ASSISI HOMES II-B,1993,14,SAC_02208,WIA19930015,DEV_WIA19930015,WIA19930015,1,retain_current_development,not_approved,FALSE
SAQ_1134,DEV_WIA19930115,MARINER'S POINTE APTS I,1993,64,SAC_02209,WIA19930115,DEV_WIA19930115,WIA19930115,2,merge_to_review_cluster,not_approved,FALSE
SAQ_1134,DEV_WIA19930120,MARINER'S POINTE APTS II,1993,52,SAC_02209,WIA19930120,DEV_WIA19930115,WIA19930115,2,merge_to_review_cluster,not_approved,FALSE
SAQ_1135,DEV_WIA20123039,TOWER REDEVELOPMENT LLC,2012,51,SAC_02210,WIA20123039,DEV_WIA20123039,WIA20123039,1,retain_current_development,not_approved,FALSE
SAQ_1135,DEV_WIA20130021,TOWER REDEVELOPMENT PHASE 2 LLC,2013,53,SAC_02211,WIA20130021,DEV_WIA20130021,WIA20130021,1,retain_current_development,not_approved,FALSE
SAQ_1136,DEV_WIA20080500,PARKVIEW GARDENS,2008,24,SAC_02212,WIA20080500,DEV_WIA20080500,WIA20080500,1,retain_current_development,not_approved,FALSE
SAQ_1136,DEV_WIA20132018,PARKVIEW GARDENS II,2013,23,SAC_02213,WIA20132018,DEV_WIA20132018,WIA20132018,1,retain_current_development,not_approved,FALSE
SAQ_1137,DEV_WIA19960145,REEDSBURG MAPLE RIDGE SENIOR HOUSING,1996,49,SAC_02214,WIA19960145,DEV_WIA19960145,WIA19960145,2,merge_to_review_cluster,not_approved,FALSE
SAQ_1137,DEV_WIA20141016,"SOUTHERN BOND POOL I - MAPLE RIDGE, REEDSBURG",2014,49,SAC_02214,WIA20141016,DEV_WIA19960145,WIA19960145,2,merge_to_review_cluster,not_approved,FALSE
SAQ_1138,DEV_WIA20069105,HI-RISE AFFORDABLE HOUSING PHASE 1,2006,36,SAC_02215,WIA20069105,DEV_WIA20069105,WIA20069105,1,retain_current_development,not_approved,FALSE
SAQ_1138,DEV_WIA20069106,HI-RISE AFFORDABLE HOUSING PHASE 2,2006,37,SAC_02216,WIA20069106,DEV_WIA20069106,WIA20069106,1,retain_current_development,not_approved,FALSE
SAQ_1139,DEV_WIA19960205,WAUPUN SENIOR HOUSING,1996,48,SAC_02217,WIA19960205,DEV_WIA19960205,WIA19960205,1,retain_current_development,not_approved,FALSE
SAQ_1139,DEV_WIA20141015,"SOUTHERN BOND POOL I - GATEWAY, WAUPUN",2014,49,SAC_02218,WIA20141015,DEV_WIA20141015,WIA20141015,1,retain_current_development,not_approved,FALSE
SAQ_1140,DEV_WVA19980050,SABLE POINT PHASE I,1998,80,SAC_02219,WVA19980050,DEV_WVA19980050,WVA19980050,1,retain_current_development,not_approved,FALSE
SAQ_1140,DEV_WVA19990050,SABLE POINT PHASE II,1999,64,SAC_02220,WVA19990050,DEV_WVA19990050,WVA19990050,1,retain_current_development,not_approved,FALSE
SAQ_1141,DEV_WVA19889002,BAKER HEIGHTS II APTS,1988,32,SAC_02221,WVA19889002,DEV_WVA19889002,WVA19889002,1,retain_current_development,not_approved,FALSE
SAQ_1141,DEV_WVA20100010,BAKER HEIGHTS APTS,2010,56,SAC_02222,WVA20100010,DEV_WVA20100010,WVA20100010,1,retain_current_development,not_approved,FALSE
SAQ_1142,DEV_WVA19889171,POST MILL APTS,1988,32,SAC_02223,WVA19889171,DEV_WVA19889171,WVA19889171,2,merge_to_review_cluster,not_approved,FALSE
SAQ_1142,DEV_WVA20190010,POST MILL APARTMENTS,2019,32,SAC_02223,WVA20190010,DEV_WVA19889171,WVA19889171,2,merge_to_review_cluster,not_approved,FALSE
SAQ_1143,DEV_WVA19960020,GREENE GLEN I,1996,48,SAC_02224,WVA19960020,DEV_WVA19960020,WVA19960020,1,retain_current_development,not_approved,FALSE
SAQ_1143,DEV_WVA19980015,GREENE GLEN II,1998,32,SAC_02225,WVA19980015,DEV_WVA19980015,WVA19980015,1,retain_current_development,not_approved,FALSE
SAQ_1144,DEV_WVA20040010,CROSSROADS VILLAGE APTS PHASE I,2004,48,SAC_02226,WVA20040010,DEV_WVA20040010,WVA20040010,1,retain_current_development,not_approved,FALSE
SAQ_1144,DEV_WVA20060015,CROSSROADS VILLAGE APTS PHASE II,2006,26,SAC_02227,WVA20060015,DEV_WVA20060015,WVA20060015,1,retain_current_development,not_approved,FALSE
SAQ_1145,DEV_WVA19970060,TERRAPIN PARK TOWN HOMES,1997,49,SAC_02228,WVA19970060,DEV_WVA19970060,WVA19970060,2,merge_to_review_cluster,not_approved,FALSE
SAQ_1145,DEV_WVA20170007,TERRAPIN PARK,2017,49,SAC_02228,WVA20170007,DEV_WVA19970060,WVA19970060,2,merge_to_review_cluster,not_approved,FALSE
SAQ_1146,DEV_WVA19980010,CRANES MEADOW APTS PHASE I,1998,64,SAC_02229,WVA19980010,DEV_WVA19980010,WVA19980010,1,retain_current_development,not_approved,FALSE
SAQ_1146,DEV_WVA19990030,CRANES MEADOW APTS PHASE II,1999,50,SAC_02230,WVA19990030,DEV_WVA19990030,WVA19990030,1,retain_current_development,not_approved,FALSE
SAQ_1147,DEV_WVA19990035,HART HOUSE APTS,1999,20,SAC_02231,WVA19990035,DEV_WVA19990035,WVA19990035,1,retain_current_development,not_approved,FALSE
SAQ_1147,DEV_WVA20240004,HART HOUSE II APARTMENTS,2024,20,SAC_02232,WVA20240004,DEV_WVA20240004,WVA20240004,1,retain_current_development,not_approved,FALSE
SAQ_1148,DEV_WYA19980020,PERSHING POINTE II,1998,41,SAC_02233,WYA19980020,DEV_WYA19980020,WYA19980020,1,retain_current_development,not_approved,FALSE
SAQ_1148,DEV_WYA20020015,PERSHING POINTE PHASE III,2002,60,SAC_02234,WYA20020015,DEV_WYA20020015,WYA20020015,1,retain_current_development,not_approved,FALSE
SAQ_1149,DEV_WYA20190005,MISSION VILLAGE OF CHEYENNE,2019,41,SAC_02235,WYA20190005,DEV_WYA20190005,WYA20190005,1,retain_current_development,not_approved,FALSE
SAQ_1149,DEV_WYA20230001,DELL RANGE SENIOR RESIDENCES,2023,40,SAC_02236,WYA20230001,DEV_WYA20230001,WYA20230001,1,retain_current_development,not_approved,FALSE
