single_address_question_id,site_key,development_names,review_stratum,review_origin,pass1_reviewed_on,pass2_reviewed_on,final_reviewed_on,outside_discovery_method,outside_discovery_url,shared_geocoding_query_decision,source_rows_changed,n_members,pass1_n_clusters,n_clusters,pass1_identity_decision,final_identity_decision,outside_source_member_count,outside_source_title,outside_source_type,outside_source_url,outside_address_agreement,pass1_reason_code,outside_identity_assessment,final_reason_code
SAQ_0001,AK|8850 CENTENNIAL CIR|ANCHORAGE,EKLUTNA ESTATES | EKLUTNA ESTATES I,phase_or_component_evidence,new_two_read_review,2026-08-11,2026-08-11,2026-08-11,public_directory_sitemap,https://section8search.org/sitemap.xml | https://affordablehousinghub.org/sitemap.xml,not_approved,FALSE,2,1,1,merge_all,merge_all,2,Section8Search: EKLUTNA ESTATES | Section8Search: EKLUTNA ESTATES I,public_housing_directory,https://section8search.org/alaska/anchorage/eklutna-estates-i/yqukuf6nc4i1gzdt9qy9n7fq | https://section8search.org/alaska/anchorage/eklutna-estates/owb542zoof31gvtr1lm87dy4,city_state_only | exact_standardized_site,same_component_duplicate_reporting,corroborates_all_listed_members_and_address,same_component_duplicate_reporting
SAQ_0002,AK|9480 MORNINGSIDE LOOP|ANCHORAGE,SOUTHSIDE SENIORS | SOUTHSIDE SENIORS INC,name_or_timing_evidence,new_two_read_review,2026-08-11,2026-08-11,2026-08-11,public_directory_sitemap,https://section8search.org/sitemap.xml | https://affordablehousinghub.org/sitemap.xml,not_approved,FALSE,2,1,1,merge_all,merge_all,2,Section8Search: SOUTHSIDE SENIORS | Section8Search: SOUTHSIDE SENIORS INC,public_housing_directory,https://section8search.org/alaska/anchorage/southside-seniors-inc/m3hpy9f31w2p6iabdepr14lu | https://section8search.org/alaska/anchorage/southside-seniors/jicpf2s4k1u97zv3s0v2sflk,exact_standardized_site,name_or_reporting_variant_same_physical_development,corroborates_all_listed_members_and_address,name_or_reporting_variant_same_physical_development
SAQ_0003,AK|401 ORCA AVE|CORDOVA,"CORDOVA APTS | CORDOVA MEWS ASSOCIATES OF CORDOVA, LLC",name_or_timing_evidence,new_two_read_review,2026-08-11,2026-08-11,2026-08-11,public_directory_sitemap,https://section8search.org/sitemap.xml | https://affordablehousinghub.org/sitemap.xml,not_approved,FALSE,2,1,1,merge_all,merge_all,1,"Section8Search: CORDOVA MEWS ASSOCIATES OF CORDOVA, LLC",public_housing_directory,https://section8search.org/alaska/cordova/cordova-mews-associates-of-cordova-llc/g2077tyjpew0ky2f9w4z6i33,exact_standardized_site,name_or_reporting_variant_same_physical_development,corroborates_part_of_listed_members_and_address,name_or_reporting_variant_same_physical_development
SAQ_0004,AK|16820 CORONADO RD|EAGLE RIVER,CORONADO PARK | CORONADO PARK I,phase_or_component_evidence,new_two_read_review,2026-08-11,2026-08-11,2026-08-11,public_directory_sitemap,https://section8search.org/sitemap.xml | https://affordablehousinghub.org/sitemap.xml,not_approved,FALSE,2,1,1,merge_all,merge_all,2,Section8Search: CORONADO PARK | Section8Search: CORONADO PARK I,public_housing_directory,https://section8search.org/alaska/eagle-river/coronado-park-i/krui5xz7b2e5yle6duvy2ilu | https://section8search.org/alaska/eagle-river/coronado-park/rrw8x6h44kht3nqlgod9dtwb,city_state_only | exact_standardized_site,same_component_duplicate_reporting,corroborates_all_listed_members_and_address,same_component_duplicate_reporting
SAQ_0005,AK|1910 TURNER ST|FAIRBANKS,LITTLE DIPPER (ACQ/REHAB) | LITTLE DIPPER APTS,shared_address_only,new_two_read_review,2026-08-11,2026-08-11,2026-08-11,public_directory_sitemap,https://section8search.org/sitemap.xml | https://affordablehousinghub.org/sitemap.xml,not_approved,FALSE,2,2,2,retain_each,retain_each,1,Affordable Housing Hub: LITTLE DIPPER APTS,public_housing_directory,https://affordablehousinghub.org/housing/alaska/fairbanks-north-star-county/fairbanks/little-dipper-apts-25241-lihtc,address_not_extracted,shared_address_without_sufficient_identity_evidence,corroborates_part_of_listed_members_and_address,shared_address_without_sufficient_identity_evidence
SAQ_0006,AK|455 THIRD AVE|FAIRBANKS,LACEY STREET APTS (NORTHWARD) | NORTHWARD / LACEY STREET | NORTHWARD BUILDING,shared_address_only,new_two_read_review,2026-08-11,2026-08-11,2026-08-11,public_directory_sitemap,https://section8search.org/sitemap.xml | https://affordablehousinghub.org/sitemap.xml,not_approved,FALSE,3,3,3,retain_each,retain_each,3,Section8Search: LACEY STREET APTS (NORTHWARD) | Section8Search: NORTHWARD / LACEY STREET | Section8Search: NORTHWARD BUILDING,public_housing_directory,https://section8search.org/alaska/fairbanks/lacey-street-apts-northward/k7g2e8zlrgyw5uv89aa1qzpz | https://section8search.org/alaska/fairbanks/northward-building/df72ettobnbqjqybu97a5znv | https://section8search.org/alaska/fairbanks/northward-lacey-street/bwwt1thsks9syp5epykxqd37,city_state_only,shared_address_without_sufficient_identity_evidence,corroborates_all_listed_members_and_address,shared_address_without_sufficient_identity_evidence
SAQ_0007,AK|660 S YORKTOWN|KETCHIKAN,"GLACIER PARK | GLACIER PARK-KETCHIKAN ASSOCIATES, LTD PARTNERSHIP",name_or_timing_evidence,new_two_read_review,2026-08-11,2026-08-11,2026-08-11,public_directory_sitemap,https://section8search.org/sitemap.xml | https://affordablehousinghub.org/sitemap.xml,not_approved,FALSE,2,1,1,merge_all,merge_all,1,"Affordable Housing Hub: GLACIER PARK-KETCHIKAN ASSOCIATES, LTD PARTNERSHIP",public_housing_directory,https://affordablehousinghub.org/housing/alaska/ketchikan-gateway-county/ketchikan/glacier-park-ketchikan-associates-ltd-partnership-30453-lihtc,address_not_extracted,name_or_reporting_variant_same_physical_development,corroborates_part_of_listed_members_and_address,name_or_reporting_variant_same_physical_development
SAQ_0008,AK|515 STEADMAN|NOME,"MUNAQSRI APTS | MUNAQSRI SENIOR ASSOCIATES OF NOME, LLC",name_or_timing_evidence,new_two_read_review,2026-08-11,2026-08-11,2026-08-11,public_directory_sitemap,https://section8search.org/sitemap.xml | https://affordablehousinghub.org/sitemap.xml,not_approved,FALSE,2,1,1,merge_all,merge_all,1,"Section8Search: MUNAQSRI SENIOR ASSOCIATES OF NOME, LLC",public_housing_directory,https://section8search.org/alaska/nome/munaqsri-senior-associates-of-nome-llc/e917gbamjg1mqjssurbngrtb,exact_standardized_site,name_or_reporting_variant_same_physical_development,corroborates_part_of_listed_members_and_address,name_or_reporting_variant_same_physical_development
SAQ_0009,AK|1810 PHOENIX RD|SEWARD,"GATEWAY APTS | GATEWAY-SEWARD ASSOCIATES, LTD PTN",name_or_timing_evidence,new_two_read_review,2026-08-11,2026-08-11,2026-08-11,public_directory_sitemap,https://section8search.org/sitemap.xml | https://affordablehousinghub.org/sitemap.xml,not_approved,FALSE,2,1,1,merge_all,merge_all,2,"Affordable Housing Hub: GATEWAY-SEWARD ASSOCIATES, LTD PTN | Section8Search: GATEWAY APTS",public_housing_directory,https://affordablehousinghub.org/housing/alaska/kenai-peninsula-county/seward/gateway-seward-associates-ltd-ptn-25246-lihtc | https://section8search.org/alaska/seward/gateway-apts/gow8yjl36xlasys7u527ntd4,address_not_extracted | city_state_only,name_or_reporting_variant_same_physical_development,corroborates_all_listed_members_and_address,name_or_reporting_variant_same_physical_development
SAQ_0010,AK|214 6TH AVE|SEWARD,BAYVIEW | BAYVIEW APTS. ASSOC. LP,name_or_timing_evidence,new_two_read_review,2026-08-11,2026-08-11,2026-08-11,public_directory_sitemap,https://section8search.org/sitemap.xml | https://affordablehousinghub.org/sitemap.xml,not_approved,FALSE,2,1,1,merge_all,merge_all,1,Section8Search: BAYVIEW APTS. ASSOC. LP,public_housing_directory,https://section8search.org/alaska/seward/bayview-apts-assoc-lp/o3usmg60joaahup5p8fsnc2y,city_state_only,name_or_reporting_variant_same_physical_development,corroborates_part_of_listed_members_and_address,name_or_reporting_variant_same_physical_development
SAQ_0011,AL|1702 CORNERSTONE DR|ALEXANDER CITY,CORNERSTONE APTS | CORNERSTONE PLACE,shared_address_only,new_two_read_review,2026-08-11,2026-08-11,2026-08-11,public_directory_sitemap,https://section8search.org/sitemap.xml | https://affordablehousinghub.org/sitemap.xml,not_approved,FALSE,2,2,2,retain_each,retain_each,2,Section8Search: CORNERSTONE APTS | Section8Search: CORNERSTONE PLACE,public_housing_directory,https://section8search.org/alabama/alexander-city/cornerstone-apts/j5dtb80zarhyf9jh7ogcv582 | https://section8search.org/alabama/alexander-city/cornerstone-place/junzmvw2kr2x3al2s5guiis8,exact_standardized_site,shared_address_without_sufficient_identity_evidence,corroborates_all_listed_members_and_address,shared_address_without_sufficient_identity_evidence
SAQ_0012,AL|298 JACK SPRINGS RD|ATMORE,PINES APTS I | THE PINES APTS II,shared_address_only,new_two_read_review,2026-08-11,2026-08-11,2026-08-11,public_directory_sitemap,https://section8search.org/sitemap.xml | https://affordablehousinghub.org/sitemap.xml,not_approved,FALSE,2,2,2,retain_each,retain_each,2,Section8Search: PINES APTS I | Section8Search: THE PINES APTS II,public_housing_directory,https://section8search.org/alabama/atmore/pines-apts-i/rc2oslzd4f246ns4rwyrfl38 | https://section8search.org/alabama/atmore/the-pines-apts-ii/xv51twv3epag0y3dyap018hm,exact_standardized_site,shared_address_without_sufficient_identity_evidence,corroborates_all_listed_members_and_address,shared_address_without_sufficient_identity_evidence
SAQ_0013,AL|1820 CARSON RD|BIRMINGHAM,BRANCH APTS AT CARSON SPRINGS I | THE BRANCH AT CARSON SPRINGS II,shared_address_only,new_two_read_review,2026-08-11,2026-08-11,2026-08-11,public_directory_sitemap,https://section8search.org/sitemap.xml | https://affordablehousinghub.org/sitemap.xml,not_approved,FALSE,2,2,2,retain_each,retain_each,2,Section8Search: BRANCH APTS AT CARSON SPRINGS I | Section8Search: THE BRANCH AT CARSON SPRINGS II,public_housing_directory,https://section8search.org/alabama/birmingham/branch-apts-at-carson-springs-i/dmnan0zysamalxy91k34uhuw | https://section8search.org/alabama/birmingham/the-branch-at-carson-springs-ii/d6t4qjxtsgu48gpgaxulf87d,exact_standardized_site,shared_address_without_sufficient_identity_evidence,corroborates_all_listed_members_and_address,shared_address_without_sufficient_identity_evidence
SAQ_0014,AL|2901 HUNTER RIDGE CT|BIRMINGHAM,HUNTER RIDGE APTS PHASE I | HUNTER RIDGE APTS PHASE II,phase_or_component_evidence,new_two_read_review,2026-08-11,2026-08-11,2026-08-11,public_directory_sitemap,https://section8search.org/sitemap.xml | https://affordablehousinghub.org/sitemap.xml,not_approved,FALSE,2,2,2,retain_each,retain_each,2,Section8Search: HUNTER RIDGE APTS PHASE I | Section8Search: HUNTER RIDGE APTS PHASE II,public_housing_directory,https://section8search.org/alabama/birmingham/hunter-ridge-apts-phase-i/bpzg03anirkit3k0j8t9hw7n | https://section8search.org/alabama/birmingham/hunter-ridge-apts-phase-ii/n4ccdqk6j4tse83ol0bq9qmz,exact_standardized_site,distinct_phases_or_components_common_address,corroborates_all_listed_members_and_address,distinct_phases_or_components_common_address
SAQ_0015,AL|40 RATLIFF ST|BLOUNTSVILLE,BLOUNTSVILLE I | BLOUNTSVILLE II,phase_or_component_evidence,new_two_read_review,2026-08-11,2026-08-11,2026-08-11,public_directory_sitemap,https://section8search.org/sitemap.xml | https://affordablehousinghub.org/sitemap.xml,not_approved,FALSE,2,2,2,retain_each,retain_each,2,Section8Search: BLOUNTSVILLE I | Section8Search: BLOUNTSVILLE II,public_housing_directory,https://section8search.org/alabama/blountsville/blountsville-i/ryff4d0v8rao93osdxy4rl6o | https://section8search.org/alabama/blountsville/blountsville-ii/eh85u6evy7uraw36no09tzjm,exact_standardized_site,distinct_phases_or_components_common_address,corroborates_all_listed_members_and_address,distinct_phases_or_components_common_address
SAQ_0016,AL|2821 SANDLIN RD SW|DECATUR,HARBOR POINTE APTS I | HARBOR POINTE APTS II,phase_or_component_evidence,new_two_read_review,2026-08-11,2026-08-11,2026-08-11,public_directory_sitemap,https://section8search.org/sitemap.xml | https://affordablehousinghub.org/sitemap.xml,not_approved,FALSE,2,2,2,retain_each,retain_each,2,Section8Search: HARBOR POINTE APTS I | Section8Search: HARBOR POINTE APTS II,public_housing_directory,https://section8search.org/alabama/decatur/harbor-pointe-apts-i/ti9btnmak786l3zs3pr8vknm | https://section8search.org/alabama/decatur/harbor-pointe-apts-ii/sldtxjw0rpw5gcd0rx942iso,exact_standardized_site,distinct_phases_or_components_common_address,corroborates_all_listed_members_and_address,distinct_phases_or_components_common_address
SAQ_0017,AL|304 COURTNEY DR SW|DECATUR,SUMMER PLACE I | SUMMER PLACE II,phase_or_component_evidence,new_two_read_review,2026-08-11,2026-08-11,2026-08-11,public_directory_sitemap,https://section8search.org/sitemap.xml | https://affordablehousinghub.org/sitemap.xml,not_approved,FALSE,2,2,2,retain_each,retain_each,2,Section8Search: SUMMER PLACE I | Section8Search: SUMMER PLACE II,public_housing_directory,https://section8search.org/alabama/decatur/summer-place-i/u4qx5miyzc73f4t8ongqk4jr | https://section8search.org/alabama/decatur/summer-place-ii/cvku9kgpf2utmdn20f8gt0dd,exact_standardized_site,distinct_phases_or_components_common_address,corroborates_all_listed_members_and_address,distinct_phases_or_components_common_address
SAQ_0018,AL|1181 MURRAY RD|DOTHAN,EAGLE RIDGE APTS | EAGLE RIDGE PLACE,shared_address_only,new_two_read_review,2026-08-11,2026-08-11,2026-08-11,public_directory_sitemap,https://section8search.org/sitemap.xml | https://affordablehousinghub.org/sitemap.xml,not_approved,FALSE,2,2,2,retain_each,retain_each,2,Section8Search: EAGLE RIDGE APTS | Section8Search: EAGLE RIDGE PLACE,public_housing_directory,https://section8search.org/alabama/dothan/eagle-ridge-apts/g856oua1a6w8r7rbesmuxax1 | https://section8search.org/alabama/dothan/eagle-ridge-place/vpq8g6m6boap6kw09bbgi0d4,exact_standardized_site,shared_address_without_sufficient_identity_evidence,corroborates_all_listed_members_and_address,shared_address_without_sufficient_identity_evidence
SAQ_0019,AL|1156 W END ST|EUTAW,ELMWOOD MANOR | ELMWOOD MANOR APTS,shared_address_only,new_two_read_review,2026-08-11,2026-08-11,2026-08-11,public_directory_sitemap,https://section8search.org/sitemap.xml | https://affordablehousinghub.org/sitemap.xml,not_approved,FALSE,2,2,2,retain_each,retain_each,2,Section8Search: ELMWOOD MANOR | Section8Search: ELMWOOD MANOR APTS,public_housing_directory,https://section8search.org/alabama/eutaw/elmwood-manor-apts/qn92t4x5cxqua38fwv30k282 | https://section8search.org/alabama/eutaw/elmwood-manor/equah55gtbty4psin25n555p,city_state_only | exact_standardized_site,shared_address_without_sufficient_identity_evidence,corroborates_all_listed_members_and_address,shared_address_without_sufficient_identity_evidence
SAQ_0020,AL|500 S GREENTREE LN|FOLEY,REGENCY POINTE PHASE I | REGENCY POINTE PHASE II,phase_or_component_evidence,new_two_read_review,2026-08-11,2026-08-11,2026-08-11,public_directory_sitemap,https://section8search.org/sitemap.xml | https://affordablehousinghub.org/sitemap.xml,not_approved,FALSE,2,2,2,retain_each,retain_each,2,Section8Search: REGENCY POINTE PHASE I | Section8Search: REGENCY POINTE PHASE II,public_housing_directory,https://section8search.org/alabama/foley/regency-pointe-phase-i/e2nd49ifptij3nope9m0ft26 | https://section8search.org/alabama/foley/regency-pointe-phase-ii/aqfe3lki98ympdlu04s23kq6,exact_standardized_site,distinct_phases_or_components_common_address,corroborates_all_listed_members_and_address,distinct_phases_or_components_common_address
SAQ_0021,AL|2500 BODDIE LN|GULF SHORES,PEPPERTREE PHASE I | PEPPERTREE PHASE II,phase_or_component_evidence,new_two_read_review,2026-08-11,2026-08-11,2026-08-11,public_directory_sitemap,https://section8search.org/sitemap.xml | https://affordablehousinghub.org/sitemap.xml,not_approved,FALSE,2,2,2,retain_each,retain_each,2,Section8Search: PEPPERTREE PHASE I | Section8Search: PEPPERTREE PHASE II,public_housing_directory,https://section8search.org/alabama/gulf-shores/peppertree-phase-i/arogqpj1r7fdlklwx1qcu5vg | https://section8search.org/alabama/gulf-shores/peppertree-phase-ii/q0e1492uj4fxud56uj4741jb,exact_standardized_site,distinct_phases_or_components_common_address,corroborates_all_listed_members_and_address,distinct_phases_or_components_common_address
SAQ_0022,AL|2403 GREENLEAF DR|HALEYVILLE,GREENLEAF APTS | SHADYBROOK APTS,shared_address_only,new_two_read_review,2026-08-11,2026-08-11,2026-08-11,public_directory_sitemap,https://section8search.org/sitemap.xml | https://affordablehousinghub.org/sitemap.xml,not_approved,FALSE,2,2,2,retain_each,retain_each,2,Section8Search: GREENLEAF APTS | Section8Search: SHADYBROOK APTS,public_housing_directory,https://section8search.org/alabama/haleyville/greenleaf-apts/x6070lzyl6zqcrsh660ga3yf | https://section8search.org/alabama/haleyville/shadybrook-apts/yx2rv6w39tr8heym9dc2a0hc,exact_standardized_site,shared_address_without_sufficient_identity_evidence,corroborates_all_listed_members_and_address,shared_address_without_sufficient_identity_evidence
SAQ_0023,AL|2211 PIZITZ DR SW|HUNTSVILLE,WESTGATE APTS I (HUNTSVILLE) | WESTGATE APTS II (HUNTSVILLE),phase_or_component_evidence,new_two_read_review,2026-08-11,2026-08-11,2026-08-11,public_directory_sitemap,https://section8search.org/sitemap.xml | https://affordablehousinghub.org/sitemap.xml,not_approved,FALSE,2,2,2,retain_each,retain_each,2,Section8Search: WESTGATE APTS I (HUNTSVILLE) | Section8Search: WESTGATE APTS II (HUNTSVILLE),public_housing_directory,https://section8search.org/alabama/huntsville/westgate-apts-i-huntsville/gsd1wz5put1qkvnluklqmgqf | https://section8search.org/alabama/huntsville/westgate-apts-ii-huntsville/um31o56qywaypd4n3vi8e8et,exact_standardized_site,distinct_phases_or_components_common_address,corroborates_all_listed_members_and_address,distinct_phases_or_components_common_address
SAQ_0024,AL|77 HIGH FOREST LN|JASPER,HIGH FOREST APTS I | HIGH FOREST APTS II,phase_or_component_evidence,new_two_read_review,2026-08-11,2026-08-11,2026-08-11,public_directory_sitemap,https://section8search.org/sitemap.xml | https://affordablehousinghub.org/sitemap.xml,not_approved,FALSE,2,2,2,retain_each,retain_each,2,Section8Search: HIGH FOREST APTS I | Section8Search: HIGH FOREST APTS II,public_housing_directory,https://section8search.org/alabama/jasper/high-forest-apts-i/awt0qqv4qfn51em88dhgcqwp | https://section8search.org/alabama/jasper/high-forest-apts-ii/to70x6rfb0nnuhlwn7q9ig7v,exact_standardized_site,distinct_phases_or_components_common_address,corroborates_all_listed_members_and_address,distinct_phases_or_components_common_address
SAQ_0025,AL|100 CHICKASAW DR|LINDEN,CHICKASAW APTS I | CHICKASAW APTS II,phase_or_component_evidence,new_two_read_review,2026-08-11,2026-08-11,2026-08-11,public_directory_sitemap,https://section8search.org/sitemap.xml | https://affordablehousinghub.org/sitemap.xml,not_approved,FALSE,2,2,2,retain_each,retain_each,2,Affordable Housing Hub: CHICKASAW APTS I | Section8Search: CHICKASAW APTS II,public_housing_directory,https://affordablehousinghub.org/housing/alabama/marengo-county/linden/chickasaw-apts-i-30435-lihtc | https://section8search.org/alabama/linden/chickasaw-apts-ii/b1ado4635ov3vt431fqriq7c,address_not_extracted | exact_standardized_site,distinct_phases_or_components_common_address,corroborates_all_listed_members_and_address,distinct_phases_or_components_common_address
SAQ_0026,AL|100 ALEX PL|LIVINGSTON,ALEX PLACE APTS | LAKERIDGE APTS (LIVINGSTON),shared_address_only,new_two_read_review,2026-08-11,2026-08-11,2026-08-11,public_directory_sitemap,https://section8search.org/sitemap.xml | https://affordablehousinghub.org/sitemap.xml,not_approved,FALSE,2,2,2,retain_each,retain_each,2,Section8Search: ALEX PLACE APTS | Section8Search: LAKERIDGE APTS (LIVINGSTON),public_housing_directory,https://section8search.org/alabama/livingston/alex-place-apts/ikqjfbs9n6921e6vbmkwtvq7 | https://section8search.org/alabama/livingston/lakeridge-apts-livingston/lgpmfj6uacm51rk0hg5c3uzd,exact_standardized_site,shared_address_without_sufficient_identity_evidence,corroborates_all_listed_members_and_address,shared_address_without_sufficient_identity_evidence
SAQ_0027,AL|16940 S US HWY 231|MIDLAND CITY,WOOD SPRINGS APTS | WOOD SPRINGS PLACE,shared_address_only,new_two_read_review,2026-08-11,2026-08-11,2026-08-11,public_directory_sitemap,https://section8search.org/sitemap.xml | https://affordablehousinghub.org/sitemap.xml,not_approved,FALSE,2,2,2,retain_each,retain_each,2,Section8Search: WOOD SPRINGS APTS | Section8Search: WOOD SPRINGS PLACE,public_housing_directory,https://section8search.org/alabama/midland-city/wood-springs-apts/ntnl9km6ztkt3oafaf23qmyd | https://section8search.org/alabama/midland-city/wood-springs-place/mz8reb177ok47meon9v8nv0x,exact_standardized_site,shared_address_without_sufficient_identity_evidence,corroborates_all_listed_members_and_address,shared_address_without_sufficient_identity_evidence
SAQ_0028,AL|210 MAYFIELD ST|MONROEVILLE,CANDLEWICK PLACE I | CANDLEWICK PLACE II,phase_or_component_evidence,new_two_read_review,2026-08-11,2026-08-11,2026-08-11,public_directory_sitemap,https://section8search.org/sitemap.xml | https://affordablehousinghub.org/sitemap.xml,not_approved,FALSE,2,2,2,retain_each,retain_each,2,Section8Search: CANDLEWICK PLACE I | Section8Search: CANDLEWICK PLACE II,public_housing_directory,https://section8search.org/alabama/monroeville/candlewick-place-i/hlmxjhn0poguqaplunav4cta | https://section8search.org/alabama/monroeville/candlewick-place-ii/saab4d0ghjubsej39907kfg3,exact_standardized_site,distinct_phases_or_components_common_address,corroborates_all_listed_members_and_address,distinct_phases_or_components_common_address
SAQ_0029,AL|4110 FITZPATRICK BLVD|MONTGOMERY,SHERBURN HOMES | VIRGINIA MEADOWS PHASE I | VIRGINIA MEADOWS PHASE II,phase_or_component_evidence,new_two_read_review,2026-08-11,2026-08-11,2026-08-11,public_directory_sitemap,https://section8search.org/sitemap.xml | https://affordablehousinghub.org/sitemap.xml,not_approved,FALSE,3,3,3,retain_each,retain_each,3,Section8Search: SHERBURN HOMES | Section8Search: VIRGINIA MEADOWS PHASE I | Section8Search: VIRGINIA MEADOWS PHASE II,public_housing_directory,https://section8search.org/alabama/montgomery/sherburn-homes/drqob8akhelo1h1rqm5p6mi7 | https://section8search.org/alabama/montgomery/virginia-meadows-phase-i/h9o0oz5m41k0uhx2dx4k35xb | https://section8search.org/alabama/montgomery/virginia-meadows-phase-ii/i1fxsqo3gx9uzl4lhpwbhgjp,exact_standardized_site,distinct_phases_or_components_common_address,corroborates_all_listed_members_and_address,distinct_phases_or_components_common_address
SAQ_0030,AL|4440 VIRGINIA LOOP RD|MONTGOMERY,VIRGINIA DOWNS APTS I | VIRGINIA DOWNS APTS II,phase_or_component_evidence,new_two_read_review,2026-08-11,2026-08-11,2026-08-11,public_directory_sitemap,https://section8search.org/sitemap.xml | https://affordablehousinghub.org/sitemap.xml,not_approved,FALSE,2,2,2,retain_each,retain_each,2,Section8Search: VIRGINIA DOWNS APTS I | Section8Search: VIRGINIA DOWNS APTS II,public_housing_directory,https://section8search.org/alabama/montgomery/virginia-downs-apts-i/ikd2xg5b1hhhjsek13h62t3a | https://section8search.org/alabama/montgomery/virginia-downs-apts-ii/qwp4rita09azvdc6vxu2ug9q,exact_standardized_site,distinct_phases_or_components_common_address,corroborates_all_listed_members_and_address,distinct_phases_or_components_common_address
SAQ_0031,AL|4616 VIRGINIA LOOP RD|MONTGOMERY,VIRGINIA PINES APTS PHASE I | VIRGINIA PINES APTS PHASE II,phase_or_component_evidence,new_two_read_review,2026-08-11,2026-08-11,2026-08-11,public_directory_sitemap,https://section8search.org/sitemap.xml | https://affordablehousinghub.org/sitemap.xml,not_approved,FALSE,2,2,2,retain_each,retain_each,2,Section8Search: VIRGINIA PINES APTS PHASE I | Section8Search: VIRGINIA PINES APTS PHASE II,public_housing_directory,https://section8search.org/alabama/montgomery/virginia-pines-apts-phase-i/njy18epldy08nnhjityvqgmg | https://section8search.org/alabama/montgomery/virginia-pines-apts-phase-ii/vybw8js3g2axwnd8g75rneck,exact_standardized_site,distinct_phases_or_components_common_address,corroborates_all_listed_members_and_address,distinct_phases_or_components_common_address
SAQ_0032,AL|4766 BURNSDALE WAY|MONTGOMERY,WESTPORT APTS I (MONTGOMERY) | WESTPORT APTS II (MONTGOMERY) | WESTPORT APTS III (MONTGOMERY),phase_or_component_evidence,new_two_read_review,2026-08-11,2026-08-11,2026-08-11,public_directory_sitemap,https://section8search.org/sitemap.xml | https://affordablehousinghub.org/sitemap.xml,not_approved,FALSE,3,3,3,retain_each,retain_each,3,Section8Search: WESTPORT APTS I (MONTGOMERY) | Section8Search: WESTPORT APTS II (MONTGOMERY) | Section8Search: WESTPORT APTS III (MONTGOMERY),public_housing_directory,https://section8search.org/alabama/montgomery/westport-apts-i-montgomery/kyznoy3puq7jqqzh7hcb14mb | https://section8search.org/alabama/montgomery/westport-apts-ii-montgomery/glx80y5f19lsypn1cccdyri8 | https://section8search.org/alabama/montgomery/westport-apts-iii-montgomery/mszklt4cx8cw3g5hs9t4klk9,exact_standardized_site,distinct_phases_or_components_common_address,corroborates_all_listed_members_and_address,distinct_phases_or_components_common_address
SAQ_0033,AL|560 COLISEUM BLVD|MONTGOMERY,EASTBROOK APTS I | EASTBROOK APTS II | EASTBROOK APTS III | EASTBROOK APTS IV,phase_or_component_evidence,new_two_read_review,2026-08-11,2026-08-11,2026-08-11,public_directory_sitemap,https://section8search.org/sitemap.xml | https://affordablehousinghub.org/sitemap.xml,not_approved,FALSE,4,4,4,retain_each,retain_each,4,Section8Search: EASTBROOK APTS I | Section8Search: EASTBROOK APTS II | Section8Search: EASTBROOK APTS III | Section8Search: EASTBROOK APTS IV,public_housing_directory,https://section8search.org/alabama/montgomery/eastbrook-apts-i/uv41o1evxlsih2in8lk6kets | https://section8search.org/alabama/montgomery/eastbrook-apts-ii/psf5ay0que6kfd51ret6b0i6 | https://section8search.org/alabama/montgomery/eastbrook-apts-iii/vjltds7j1wq5wap9swdsa17z | https://section8search.org/alabama/montgomery/eastbrook-apts-iv/qmgomxot00l5msaov76dczky,exact_standardized_site,distinct_phases_or_components_common_address,corroborates_all_listed_members_and_address,distinct_phases_or_components_common_address
SAQ_0034,AL|1155 PICKENS ST|MOULTON,ALEXANDER TERRACE APTS I | ALEXANDER TERRACE APTS II,phase_or_component_evidence,new_two_read_review,2026-08-11,2026-08-11,2026-08-11,public_directory_sitemap,https://section8search.org/sitemap.xml | https://affordablehousinghub.org/sitemap.xml,not_approved,FALSE,2,2,2,retain_each,retain_each,2,Section8Search: ALEXANDER TERRACE APTS I | Section8Search: ALEXANDER TERRACE APTS II,public_housing_directory,https://section8search.org/alabama/moulton/alexander-terrace-apts-i/j0oqwru358soub9uo7j1ntls | https://section8search.org/alabama/moulton/alexander-terrace-apts-ii/zcvhdmo6kaaasi9iwinb4ku3,exact_standardized_site,distinct_phases_or_components_common_address,corroborates_all_listed_members_and_address,distinct_phases_or_components_common_address
SAQ_0035,AL|2100 VICTORIA PL|PRATTVILLE,VICTORIA PLACE APTS I | VICTORIA PLACE APTS II,phase_or_component_evidence,new_two_read_review,2026-08-11,2026-08-11,2026-08-11,public_directory_sitemap,https://section8search.org/sitemap.xml | https://affordablehousinghub.org/sitemap.xml,not_approved,FALSE,2,2,2,retain_each,retain_each,2,Section8Search: VICTORIA PLACE APTS I | Section8Search: VICTORIA PLACE APTS II,public_housing_directory,https://section8search.org/alabama/prattville/victoria-place-apts-i/lcqlmecn66tg8m6056c0y9a6 | https://section8search.org/alabama/prattville/victoria-place-apts-ii/ru693di4m11uv9n9v3p4zjs7,exact_standardized_site,distinct_phases_or_components_common_address,corroborates_all_listed_members_and_address,distinct_phases_or_components_common_address
SAQ_0036,AL|100 DEER POINT LN|ROGERSVILLE,DEERPOINT APTS I | DEERPOINT APTS II,phase_or_component_evidence,new_two_read_review,2026-08-11,2026-08-11,2026-08-11,public_directory_sitemap,https://section8search.org/sitemap.xml | https://affordablehousinghub.org/sitemap.xml,not_approved,FALSE,2,2,2,retain_each,retain_each,2,Section8Search: DEERPOINT APTS I | Section8Search: DEERPOINT APTS II,public_housing_directory,https://section8search.org/alabama/rogersville/deerpoint-apts-i/is4hjqllk7m02zei275x1wku | https://section8search.org/alabama/rogersville/deerpoint-apts-ii/e5kfhu51dczbf93ydh2enshe,exact_standardized_site,distinct_phases_or_components_common_address,corroborates_all_listed_members_and_address,distinct_phases_or_components_common_address
SAQ_0037,AL|410 W CLOVERDALE RD|SCOTTSBORO,SUNSET SQUARE APTS I | SUNSET SQUARE APTS II,phase_or_component_evidence,new_two_read_review,2026-08-11,2026-08-11,2026-08-11,public_directory_sitemap,https://section8search.org/sitemap.xml | https://affordablehousinghub.org/sitemap.xml,not_approved,FALSE,2,2,2,retain_each,retain_each,2,Section8Search: SUNSET SQUARE APTS I | Section8Search: SUNSET SQUARE APTS II,public_housing_directory,https://section8search.org/alabama/scottsboro/sunset-square-apts-i/n1uzlqqo0xoo9q0y9841ytx2 | https://section8search.org/alabama/scottsboro/sunset-square-apts-ii/ug87xndjq96e25ym5b0kdspr,exact_standardized_site,distinct_phases_or_components_common_address,corroborates_all_listed_members_and_address,distinct_phases_or_components_common_address
SAQ_0038,AL|2501 MINTER AVE|SELMA,MINTER TERRACE APTS I | MINTER TERRACE APTS II,phase_or_component_evidence,new_two_read_review,2026-08-11,2026-08-11,2026-08-11,public_directory_sitemap,https://section8search.org/sitemap.xml | https://affordablehousinghub.org/sitemap.xml,not_approved,FALSE,2,2,2,retain_each,retain_each,2,Section8Search: MINTER TERRACE APTS I | Section8Search: MINTER TERRACE APTS II,public_housing_directory,https://section8search.org/alabama/selma/minter-terrace-apts-i/aggjududhhpgele8lj3dszs9 | https://section8search.org/alabama/selma/minter-terrace-apts-ii/noqt4k5vim8o0l7wh5afevvy,exact_standardized_site,distinct_phases_or_components_common_address,corroborates_all_listed_members_and_address,distinct_phases_or_components_common_address
SAQ_0039,AL|1900 GARDEN DR|SYLACAUGA,SYLACAUGA GARDEN APTS III | SYLACAUGA HERITAGE APTS,shared_address_only,new_two_read_review,2026-08-11,2026-08-11,2026-08-11,public_directory_sitemap,https://section8search.org/sitemap.xml | https://affordablehousinghub.org/sitemap.xml,not_approved,FALSE,2,2,2,retain_each,retain_each,2,Affordable Housing Hub: SYLACAUGA GARDEN APTS III | Section8Search: SYLACAUGA HERITAGE APTS,public_housing_directory,https://affordablehousinghub.org/housing/alabama/talladega-county/sylacauga/sylacauga-garden-apts-iii-25296-lihtc | https://section8search.org/alabama/sylacauga/sylacauga-heritage-apts/jaur2z5yeeo1udhtt21e0fcx,address_not_extracted | exact_standardized_site,shared_address_without_sufficient_identity_evidence,corroborates_all_listed_members_and_address,shared_address_without_sufficient_identity_evidence
SAQ_0040,AL|613 BROADWAY AVE|TALLADEGA,SUNRISE APTS I | SUNRISE APTS II,phase_or_component_evidence,new_two_read_review,2026-08-11,2026-08-11,2026-08-11,public_directory_sitemap,https://section8search.org/sitemap.xml | https://affordablehousinghub.org/sitemap.xml,not_approved,FALSE,2,2,2,retain_each,retain_each,2,Section8Search: SUNRISE APTS I | Section8Search: SUNRISE APTS II,public_housing_directory,https://section8search.org/alabama/talladega/sunrise-apts-i/mrmdzzodzphdiwfjipcs16cv | https://section8search.org/alabama/talladega/sunrise-apts-ii/be6cu13augw9yn0x7bi79296,exact_standardized_site,distinct_phases_or_components_common_address,corroborates_all_listed_members_and_address,distinct_phases_or_components_common_address
SAQ_0041,AL|2525 DUPONT AVE|TUSCALOOSA,MCKENZIE COURT REDEVELOPMENT PHASE I | MCKENZIE COURT REDEVELOPMENT PHASE II,phase_or_component_evidence,new_two_read_review,2026-08-11,2026-08-11,2026-08-11,public_directory_sitemap,https://section8search.org/sitemap.xml | https://affordablehousinghub.org/sitemap.xml,not_approved,FALSE,2,2,2,retain_each,retain_each,2,Section8Search: MCKENZIE COURT REDEVELOPMENT PHASE I | Section8Search: MCKENZIE COURT REDEVELOPMENT PHASE II,public_housing_directory,https://section8search.org/alabama/tuscaloosa/mckenzie-court-redevelopment-phase-i/b4tu635gwnaa2g5x22fup28f | https://section8search.org/alabama/tuscaloosa/mckenzie-court-redevelopment-phase-ii/mzsvf4d41gm6ixaxvyei1mou,exact_standardized_site,distinct_phases_or_components_common_address,corroborates_all_listed_members_and_address,distinct_phases_or_components_common_address
SAQ_0042,AL|2808 TENTH AVE|TUSCALOOSA,ROSEDALE REDEVELOPMENT I | ROSEDALE REDEVELOPMENT II,phase_or_component_evidence,new_two_read_review,2026-08-11,2026-08-11,2026-08-11,public_directory_sitemap,https://section8search.org/sitemap.xml | https://affordablehousinghub.org/sitemap.xml,not_approved,FALSE,2,2,2,retain_each,retain_each,2,Section8Search: ROSEDALE REDEVELOPMENT I | Section8Search: ROSEDALE REDEVELOPMENT II,public_housing_directory,https://section8search.org/alabama/tuscaloosa/rosedale-redevelopment-i/xzinjhotgtye9vmgq9iek883 | https://section8search.org/alabama/tuscaloosa/rosedale-redevelopment-ii/mdagd4rjt1jvov23syvf5rxt,exact_standardized_site,distinct_phases_or_components_common_address,corroborates_all_listed_members_and_address,distinct_phases_or_components_common_address
SAQ_0043,AL|9801 OLD GREENSBORO RD|TUSCALOOSA,CHESTNUT TRACE I | CHESTNUT TRACE II,phase_or_component_evidence,new_two_read_review,2026-08-11,2026-08-11,2026-08-11,public_directory_sitemap,https://section8search.org/sitemap.xml | https://affordablehousinghub.org/sitemap.xml,not_approved,FALSE,2,2,2,retain_each,retain_each,2,Section8Search: CHESTNUT TRACE I | Section8Search: CHESTNUT TRACE II,public_housing_directory,https://section8search.org/alabama/tuscaloosa/chestnut-trace-i/pkd1oby6ewgc8fmddiubwwkn | https://section8search.org/alabama/tuscaloosa/chestnut-trace-ii/tgsvnn50kmrnix8wgksedj13,exact_standardized_site,distinct_phases_or_components_common_address,corroborates_all_listed_members_and_address,distinct_phases_or_components_common_address
SAQ_0044,AL|400 JOHN ALDRIDGE DR|TUSCUMBIA,IVY POINTE APARTMENTS | IVY POINTE APTS I | IVY POINTE APTS II,phase_or_component_evidence,new_two_read_review,2026-08-11,2026-08-11,2026-08-11,public_directory_sitemap,https://section8search.org/sitemap.xml | https://affordablehousinghub.org/sitemap.xml,not_approved,FALSE,3,2,2,partition,partition,3,Section8Search: IVY POINTE APARTMENTS | Section8Search: IVY POINTE APTS I | Section8Search: IVY POINTE APTS II,public_housing_directory,https://section8search.org/alabama/tuscumbia/ivy-pointe-apartments/szw00exfb1xl2l489fed5bl1 | https://section8search.org/alabama/tuscumbia/ivy-pointe-apts-i/pa8vo7nk6xsuw5ndnxd0x7u0 | https://section8search.org/alabama/tuscumbia/ivy-pointe-apts-ii/yvs67ik6mlgz9l97tt61phcp,city_state_only | exact_standardized_site,mixed_duplicate_and_distinct_components,corroborates_all_listed_members_and_address,mixed_duplicate_and_distinct_components
SAQ_0045,AR|1106 DAVID LN|BLYTHEVILLE,DAVID LANE SUNSET ACRES I | DAVID LANE SUNSET ACRES II,phase_or_component_evidence,new_two_read_review,2026-08-11,2026-08-11,2026-08-11,public_directory_sitemap,https://section8search.org/sitemap.xml | https://affordablehousinghub.org/sitemap.xml,not_approved,FALSE,2,2,2,retain_each,retain_each,2,Section8Search: DAVID LANE SUNSET ACRES I | Section8Search: DAVID LANE SUNSET ACRES II,public_housing_directory,https://section8search.org/arkansas/blytheville/david-lane-sunset-acres-i/ay9ce3akf81kmje94xpm4weq | https://section8search.org/arkansas/blytheville/david-lane-sunset-acres-ii/k9vmk4r9b05nla9q9lkxf78z,exact_standardized_site,distinct_phases_or_components_common_address,corroborates_all_listed_members_and_address,distinct_phases_or_components_common_address
SAQ_0046,AR|352 CURIA CREEK LN|CAVE CITY,CURIA CREEK APTS PHASE I | CURIA CREEK II APARTMENTS,shared_address_only,new_two_read_review,2026-08-11,2026-08-11,2026-08-11,public_directory_sitemap,https://section8search.org/sitemap.xml | https://affordablehousinghub.org/sitemap.xml,not_approved,FALSE,2,2,2,retain_each,retain_each,2,Section8Search: CURIA CREEK APTS PHASE I | Section8Search: CURIA CREEK II APARTMENTS,public_housing_directory,https://section8search.org/arkansas/cave-city/curia-creek-apts-phase-i/xh0sxr595lpf495aln0vdmhp | https://section8search.org/arkansas/cave-city/curia-creek-ii-apartments/mgctk7jab06c1x5j935ttuhw,exact_standardized_site,shared_address_without_sufficient_identity_evidence,corroborates_all_listed_members_and_address,shared_address_without_sufficient_identity_evidence
SAQ_0047,AR|449 OLD MILITARY RD|COLT,COLT SENIOR CITIZEN APARTMENTS | RIVER VIEW VILLAGE,shared_address_only,new_two_read_review,2026-08-11,2026-08-11,2026-08-11,public_directory_sitemap,https://section8search.org/sitemap.xml | https://affordablehousinghub.org/sitemap.xml,not_approved,FALSE,2,2,2,retain_each,retain_each,2,Section8Search: COLT SENIOR CITIZEN APARTMENTS | Section8Search: RIVER VIEW VILLAGE,public_housing_directory,https://section8search.org/arkansas/colt/colt-senior-citizen-apartments/zl3h0fjaotz04lmooyx4kbc9 | https://section8search.org/arkansas/colt/river-view-village/qd3a606cag26ld1487lxbyw5,exact_standardized_site,shared_address_without_sufficient_identity_evidence,corroborates_all_listed_members_and_address,shared_address_without_sufficient_identity_evidence
SAQ_0048,AR|1985 RICH SMITH LN|CONWAY,STONE RIDGE AT CONWAY FKA PARK RIDGE PHASE II | STONE RIDGE AT CONWAY PHASE I,phase_or_component_evidence,new_two_read_review,2026-08-11,2026-08-11,2026-08-11,public_directory_sitemap,https://section8search.org/sitemap.xml | https://affordablehousinghub.org/sitemap.xml,not_approved,FALSE,2,2,2,retain_each,retain_each,2,Section8Search: STONE RIDGE AT CONWAY FKA PARK RIDGE PHASE II | Section8Search: STONE RIDGE AT CONWAY PHASE I,public_housing_directory,https://section8search.org/arkansas/conway/stone-ridge-at-conway-fka-park-ridge-phase-ii/xcl27xtgi40y2kdx1mbpl16w | https://section8search.org/arkansas/conway/stone-ridge-at-conway-phase-i/nups55dspte48txryrhl2buy,exact_standardized_site,distinct_phases_or_components_common_address,corroborates_all_listed_members_and_address,distinct_phases_or_components_common_address
SAQ_0049,AR|70 JACK DANTE DR|DUMAS,MEADOWS APARTMENTS | MEADOWS APARTMENTS - DUMAS,name_or_timing_evidence,new_two_read_review,2026-08-11,2026-08-11,2026-08-11,public_directory_sitemap,https://section8search.org/sitemap.xml | https://affordablehousinghub.org/sitemap.xml,not_approved,FALSE,2,1,1,merge_all,merge_all,2,Section8Search: MEADOWS APARTMENTS | Section8Search: MEADOWS APARTMENTS - DUMAS,public_housing_directory,https://section8search.org/arkansas/dumas/meadows-apartments-dumas/rht52izqyjp3vdnme20wvmth | https://section8search.org/arkansas/dumas/meadows-apartments/dedskhtre5elpvti764l07p8,exact_standardized_site,name_or_reporting_variant_same_physical_development,corroborates_all_listed_members_and_address,name_or_reporting_variant_same_physical_development
SAQ_0050,AR|305 KITTLE RD|FORREST CITY,FORREST MEADOWS APTS PHASE I | FORREST MEADOWS APTS PHASE II,phase_or_component_evidence,new_two_read_review,2026-08-11,2026-08-11,2026-08-11,public_directory_sitemap,https://section8search.org/sitemap.xml | https://affordablehousinghub.org/sitemap.xml,not_approved,FALSE,2,2,2,retain_each,retain_each,2,Section8Search: FORREST MEADOWS APTS PHASE I | Section8Search: FORREST MEADOWS APTS PHASE II,public_housing_directory,https://section8search.org/arkansas/forrest-city/forrest-meadows-apts-phase-i/w0c1kyf5njw4pzbgi9xoc2fc | https://section8search.org/arkansas/forrest-city/forrest-meadows-apts-phase-ii/ccf70xwp07kubald92vq5dc5,exact_standardized_site,distinct_phases_or_components_common_address,corroborates_all_listed_members_and_address,distinct_phases_or_components_common_address
SAQ_0051,AR|7114 TEXAS RD|FORT SMITH,GARLAND SQUARE OF FORT SMITH | MONARK VILLAGE,shared_address_only,new_two_read_review,2026-08-11,2026-08-11,2026-08-11,public_directory_sitemap,https://section8search.org/sitemap.xml | https://affordablehousinghub.org/sitemap.xml,not_approved,FALSE,2,2,2,retain_each,retain_each,2,Section8Search: GARLAND SQUARE OF FORT SMITH | Section8Search: MONARK VILLAGE,public_housing_directory,https://section8search.org/arkansas/fort-smith/garland-square-of-fort-smith/v3fm23xx81p21ibbr05tf2x1 | https://section8search.org/arkansas/fort-smith/monark-village/pvwxob2wy41rzok42rf1deto,exact_standardized_site,shared_address_without_sufficient_identity_evidence,corroborates_all_listed_members_and_address,shared_address_without_sufficient_identity_evidence
SAQ_0052,AR|54 MOUNTAIN DR|GREENBRIER,GREENBRIER GARDENS | GREENBRIER GARDENS PHASE II,shared_address_only,new_two_read_review,2026-08-11,2026-08-11,2026-08-11,public_directory_sitemap,https://section8search.org/sitemap.xml | https://affordablehousinghub.org/sitemap.xml,not_approved,FALSE,2,2,2,retain_each,retain_each,2,Section8Search: GREENBRIER GARDENS | Section8Search: GREENBRIER GARDENS PHASE II,public_housing_directory,https://section8search.org/arkansas/greenbrier/greenbrier-gardens-phase-ii/enh18bxjhu2ul3cup3mkyt5p | https://section8search.org/arkansas/greenbrier/greenbrier-gardens/riawelhtwdkh5hi2us89dypq,exact_standardized_site,shared_address_without_sufficient_identity_evidence,corroborates_all_listed_members_and_address,shared_address_without_sufficient_identity_evidence
SAQ_0053,AR|217 BISCOE ST|HELENA,HELENA HEIGHTS | OLD HELENA HIGH SCHOOL,name_or_timing_evidence,new_two_read_review,2026-08-11,2026-08-11,2026-08-11,public_directory_sitemap,https://section8search.org/sitemap.xml | https://affordablehousinghub.org/sitemap.xml,not_approved,FALSE,2,1,1,merge_all,merge_all,2,Affordable Housing Hub: OLD HELENA HIGH SCHOOL | Section8Search: HELENA HEIGHTS,public_housing_directory,https://affordablehousinghub.org/housing/arkansas/phillips-county/helena/old-helena-high-school-29686-lihtc | https://section8search.org/arkansas/helena/helena-heights/zdph3erexr96q4vmcxhy4xrk,address_not_extracted | exact_standardized_site,name_or_reporting_variant_same_physical_development,corroborates_all_listed_members_and_address,name_or_reporting_variant_same_physical_development
SAQ_0054,AR|469 SPRUCE ST|HOLLY GROVE,HOLLY GROVE MANOR APARTMENTS | HOLLY GROVE MANOR II,shared_address_only,new_two_read_review,2026-08-11,2026-08-11,2026-08-11,public_directory_sitemap,https://section8search.org/sitemap.xml | https://affordablehousinghub.org/sitemap.xml,not_approved,FALSE,2,2,2,retain_each,retain_each,2,Section8Search: HOLLY GROVE MANOR APARTMENTS | Section8Search: HOLLY GROVE MANOR II,public_housing_directory,https://section8search.org/arkansas/holly-grove/holly-grove-manor-apartments/t0bzjz7tyemc2cryehr5kp4o | https://section8search.org/arkansas/holly-grove/holly-grove-manor-ii/jamid5d8l1cddebmtexm5vz0,exact_standardized_site,shared_address_without_sufficient_identity_evidence,corroborates_all_listed_members_and_address,shared_address_without_sufficient_identity_evidence
SAQ_0055,AR|321 BUSH ST|HUGHES,HUGHES VILLAS | HUGHES VILLAS II,shared_address_only,new_two_read_review,2026-08-11,2026-08-11,2026-08-11,public_directory_sitemap,https://section8search.org/sitemap.xml | https://affordablehousinghub.org/sitemap.xml,not_approved,FALSE,2,2,2,retain_each,retain_each,2,Section8Search: HUGHES VILLAS | Section8Search: HUGHES VILLAS II,public_housing_directory,https://section8search.org/arkansas/hughes/hughes-villas-ii/xtvruk6lbi1hd9cvl74r67ow | https://section8search.org/arkansas/hughes/hughes-villas/lvmx8fkpdwt6gdd9usjw5tzp,exact_standardized_site,shared_address_without_sufficient_identity_evidence,corroborates_all_listed_members_and_address,shared_address_without_sufficient_identity_evidence
SAQ_0056,AR|1600 S JP WRIGHT LOOP RD|JACKSONVILLE,COURTYARD COTTAGES OF JACKSONVILLE I | COURTYARD COTTAGES OF JACKSONVILLE II,phase_or_component_evidence,new_two_read_review,2026-08-11,2026-08-11,2026-08-11,public_directory_sitemap,https://section8search.org/sitemap.xml | https://affordablehousinghub.org/sitemap.xml,not_approved,FALSE,2,2,2,retain_each,retain_each,2,Section8Search: COURTYARD COTTAGES OF JACKSONVILLE I | Section8Search: COURTYARD COTTAGES OF JACKSONVILLE II,public_housing_directory,https://section8search.org/arkansas/jacksonville/courtyard-cottages-of-jacksonville-i/se9yev1m219ws41dbeokkcb2 | https://section8search.org/arkansas/jacksonville/courtyard-cottages-of-jacksonville-ii/cre6hhwua3cy843l3y8vokpj,exact_standardized_site,distinct_phases_or_components_common_address,corroborates_all_listed_members_and_address,distinct_phases_or_components_common_address
SAQ_0057,AR|202 E CHURCH ST|JASPER,GRANDVIEW APARTMENTS - JASPER | GRANDVIEW APARTMENTS/JASPER SR. CITIZENS,shared_address_only,new_two_read_review,2026-08-11,2026-08-11,2026-08-11,public_directory_sitemap,https://section8search.org/sitemap.xml | https://affordablehousinghub.org/sitemap.xml,not_approved,FALSE,2,2,2,retain_each,retain_each,2,Affordable Housing Hub: GRANDVIEW APARTMENTS/JASPER SR. CITIZENS | Section8Search: GRANDVIEW APARTMENTS - JASPER,public_housing_directory,https://affordablehousinghub.org/housing/arkansas/newton-county/jasper/grandview-apartments-jasper-sr-citizens-29848-lihtc | https://section8search.org/arkansas/jasper/grandview-apartments-jasper/i8tvnd8op2pchiv62ba34zwk,address_not_extracted | exact_standardized_site,shared_address_without_sufficient_identity_evidence,corroborates_all_listed_members_and_address,shared_address_without_sufficient_identity_evidence
SAQ_0058,AR|1001 N PATRICK ST|JONESBORO,RIDGE AT JONESBORO | RIDGE AT JONESBORO PHASE II,phase_or_component_evidence,new_two_read_review,2026-08-11,2026-08-11,2026-08-11,public_directory_sitemap,https://section8search.org/sitemap.xml | https://affordablehousinghub.org/sitemap.xml,not_approved,FALSE,2,2,2,retain_each,retain_each,2,Section8Search: RIDGE AT JONESBORO | Section8Search: RIDGE AT JONESBORO PHASE II,public_housing_directory,https://section8search.org/arkansas/jonesboro/ridge-at-jonesboro-phase-ii/d85t12cne1151loi71qcjgxm | https://section8search.org/arkansas/jonesboro/ridge-at-jonesboro/wqass3frn7imfmg9igazpaku,exact_standardized_site,distinct_phases_or_components_common_address,corroborates_all_listed_members_and_address,distinct_phases_or_components_common_address
SAQ_0059,AR|2901 ALDERSGATE RD|LITTLE ROCK,COTTAGES OF GOOD SHEPHERD I | COTTAGES OF GOOD SHEPHERD II,phase_or_component_evidence,new_two_read_review,2026-08-11,2026-08-11,2026-08-11,public_directory_sitemap,https://section8search.org/sitemap.xml | https://affordablehousinghub.org/sitemap.xml,not_approved,FALSE,2,2,2,retain_each,retain_each,2,Section8Search: COTTAGES OF GOOD SHEPHERD I | Section8Search: COTTAGES OF GOOD SHEPHERD II,public_housing_directory,https://section8search.org/arkansas/little-rock/cottages-of-good-shepherd-i/ggdyqi3f61v5x4tvmxsmw7p8 | https://section8search.org/arkansas/little-rock/cottages-of-good-shepherd-ii/ktg5acnf0q0f3w0wfv0k4h6j,exact_standardized_site,distinct_phases_or_components_common_address,corroborates_all_listed_members_and_address,distinct_phases_or_components_common_address
SAQ_0060,AR|5001 W 65TH ST|LITTLE ROCK,SPANISH JON'S APARTMENTS | ST JOHN'S APTS,name_or_timing_evidence,new_two_read_review,2026-08-11,2026-08-11,2026-08-11,focused_web_search,https://section8search.org/arkansas/little-rock?listingTypeFilter=%7B%22pha%22%3Afalse%2C%22property%22%3Atrue%7D,not_approved,FALSE,2,1,1,merge_all,merge_all,2,"Section 8 housing in Little Rock, Arkansas",public_property_directory,https://section8search.org/arkansas/little-rock?listingTypeFilter=%7B%22pha%22%3Afalse%2C%22property%22%3Atrue%7D,manual_source_confirms_listed_address,name_or_reporting_variant_same_physical_development,supports_merge_all,outside_source_confirms_duplicate_or_later_episode
SAQ_0061,AR|6900 CANTRELL RD|LITTLE ROCK,ARKANSAS RIVER APTS | CANTRELL HEIGHTS,shared_address_only,new_two_read_review,2026-08-11,2026-08-11,2026-08-11,public_directory_sitemap,https://section8search.org/sitemap.xml | https://affordablehousinghub.org/sitemap.xml,not_approved,FALSE,2,2,2,retain_each,retain_each,2,Section8Search: ARKANSAS RIVER APTS | Section8Search: CANTRELL HEIGHTS,public_housing_directory,https://section8search.org/arkansas/little-rock/arkansas-river-apts/hwmxlu6f7klpar7xqtkdn56r | https://section8search.org/arkansas/little-rock/cantrell-heights/a17np66q1pt0akauguj77str,exact_standardized_site,shared_address_without_sufficient_identity_evidence,corroborates_all_listed_members_and_address,shared_address_without_sufficient_identity_evidence
SAQ_0062,AR|825 SULPHUR SPRINGS RD|MALVERN,MARLA SQUARE APTS I | MARLA SQUARE APTS II,phase_or_component_evidence,new_two_read_review,2026-08-11,2026-08-11,2026-08-11,public_directory_sitemap,https://section8search.org/sitemap.xml | https://affordablehousinghub.org/sitemap.xml,not_approved,FALSE,2,2,2,retain_each,retain_each,2,Section8Search: MARLA SQUARE APTS I | Section8Search: MARLA SQUARE APTS II,public_housing_directory,https://section8search.org/arkansas/malvern/marla-square-apts-i/kovect79ddgrfu1mcxdsliqs | https://section8search.org/arkansas/malvern/marla-square-apts-ii/jo0739d8xr0a32u8gfj4asus,exact_standardized_site,distinct_phases_or_components_common_address,corroborates_all_listed_members_and_address,distinct_phases_or_components_common_address
SAQ_0063,AR|1749 GLENBRIAR DR|MOUNTAIN HOME,MOUNTAIN STATION APTS | MOUNTAIN STATION II APARTMENTS,shared_address_only,new_two_read_review,2026-08-11,2026-08-11,2026-08-11,public_directory_sitemap,https://section8search.org/sitemap.xml | https://affordablehousinghub.org/sitemap.xml,not_approved,FALSE,2,2,2,retain_each,retain_each,2,Section8Search: MOUNTAIN STATION APTS | Section8Search: MOUNTAIN STATION II APARTMENTS,public_housing_directory,https://section8search.org/arkansas/mountain-home/mountain-station-apts/qc8qgfpzaw0tqnh5x7ro7qyd | https://section8search.org/arkansas/mountain-home/mountain-station-ii-apartments/pzu9ollfbrrwi6olpl8zuxxs,exact_standardized_site,shared_address_without_sufficient_identity_evidence,corroborates_all_listed_members_and_address,shared_address_without_sufficient_identity_evidence
SAQ_0064,AR|6301 CAMP ROBINSON RD|NORTH LITTLE ROCK,ARRINGTON APARTMENTS II | ARRINGTON APTS PHASE I,shared_address_only,new_two_read_review,2026-08-11,2026-08-11,2026-08-11,public_directory_sitemap,https://section8search.org/sitemap.xml | https://affordablehousinghub.org/sitemap.xml,not_approved,FALSE,2,2,2,retain_each,retain_each,2,Section8Search: ARRINGTON APARTMENTS II | Section8Search: ARRINGTON APTS PHASE I,public_housing_directory,https://section8search.org/arkansas/north-little-rock/arrington-apartments-ii/xig3bzuob65w1f179qgn3f49 | https://section8search.org/arkansas/north-little-rock/arrington-apts-phase-i/jcsro6hbbokxw1t2jnjhjktt,exact_standardized_site,shared_address_without_sufficient_identity_evidence,corroborates_all_listed_members_and_address,shared_address_without_sufficient_identity_evidence
SAQ_0065,AR|2001 QUALITY DR|SEARCY,RIDGE AT SEARCY II | RIDGE AT SEARCY PHASE I,shared_address_only,new_two_read_review,2026-08-11,2026-08-11,2026-08-11,public_directory_sitemap,https://section8search.org/sitemap.xml | https://affordablehousinghub.org/sitemap.xml,not_approved,FALSE,2,2,2,retain_each,retain_each,2,Section8Search: RIDGE AT SEARCY II | Section8Search: RIDGE AT SEARCY PHASE I,public_housing_directory,https://section8search.org/arkansas/searcy/ridge-at-searcy-ii/o6wwp0rpr24sz913n27smz9i | https://section8search.org/arkansas/searcy/ridge-at-searcy-phase-i/s3el5ai169zo6rpyigt84gcu,exact_standardized_site,shared_address_without_sufficient_identity_evidence,corroborates_all_listed_members_and_address,shared_address_without_sufficient_identity_evidence
SAQ_0066,AR|2225 E ST|TEXARKANA,VILLAGE PARK SOUTH I | VILLAGE PARK SOUTH II,phase_or_component_evidence,new_two_read_review,2026-08-11,2026-08-11,2026-08-11,public_directory_sitemap,https://section8search.org/sitemap.xml | https://affordablehousinghub.org/sitemap.xml,not_approved,FALSE,2,2,2,retain_each,retain_each,2,Section8Search: VILLAGE PARK SOUTH I | Section8Search: VILLAGE PARK SOUTH II,public_housing_directory,https://section8search.org/arkansas/texarkana/village-park-south-i/b6qifx44clbuxzj8jmvje3sw | https://section8search.org/arkansas/texarkana/village-park-south-ii/y5m4w44kr5c8niegb8s83r99,city_state_only,distinct_phases_or_components_common_address,corroborates_all_listed_members_and_address,distinct_phases_or_components_common_address
SAQ_0067,AZ|1110 N DYSART RD|AVONDALE,MADISON HEIGHTS PHASE I | MADISON HEIGHTS PHASE II,phase_or_component_evidence,new_two_read_review,2026-08-11,2026-08-11,2026-08-11,public_directory_sitemap,https://section8search.org/sitemap.xml | https://affordablehousinghub.org/sitemap.xml,not_approved,FALSE,2,2,2,retain_each,retain_each,2,Section8Search: MADISON HEIGHTS PHASE I | Section8Search: MADISON HEIGHTS PHASE II,public_housing_directory,https://section8search.org/arizona/avondale/madison-heights-phase-i/io7que8d9gfeg3rx6qb5a1i7 | https://section8search.org/arizona/avondale/madison-heights-phase-ii/iy7pfj5je5j67jbaj096zzof,city_state_only,distinct_phases_or_components_common_address,corroborates_all_listed_members_and_address,distinct_phases_or_components_common_address
SAQ_0068,AZ|525 E HARRISON DR|AVONDALE,ROSE TERRACE I | ROSE TERRACE II APTS,shared_address_only,new_two_read_review,2026-08-11,2026-08-11,2026-08-11,public_directory_sitemap,https://section8search.org/sitemap.xml | https://affordablehousinghub.org/sitemap.xml,not_approved,FALSE,2,2,2,retain_each,retain_each,2,Section8Search: ROSE TERRACE I | Section8Search: ROSE TERRACE II APTS,public_housing_directory,https://section8search.org/arizona/avondale/rose-terrace-i/pnrm9gq2g1jyjhl3vv7oulmf | https://section8search.org/arizona/avondale/rose-terrace-ii-apts/cpif3fukud6v5jvq385qgq05,exact_standardized_site,shared_address_without_sufficient_identity_evidence,corroborates_all_listed_members_and_address,shared_address_without_sufficient_identity_evidence
SAQ_0069,AZ|1207 N POWER LINE RD|BULLHEAD CITY,KATHERINE HEIGHTS TOWNHOMES I | KATHERINE HEIGHTS TOWNHOMES II | KATHERINE HEIGHTS TOWNHOMES III,phase_or_component_evidence,new_two_read_review,2026-08-11,2026-08-11,2026-08-11,public_directory_sitemap,https://section8search.org/sitemap.xml | https://affordablehousinghub.org/sitemap.xml,not_approved,FALSE,3,3,3,retain_each,retain_each,3,Affordable Housing Hub: KATHERINE HEIGHTS TOWNHOMES I | Affordable Housing Hub: KATHERINE HEIGHTS TOWNHOMES II | Section8Search: KATHERINE HEIGHTS TOWNHOMES III,public_housing_directory,https://affordablehousinghub.org/housing/arizona/mohave-county/bullhead-city/katherine-heights-townhomes-i-29385-lihtc | https://affordablehousinghub.org/housing/arizona/mohave-county/bullhead-city/katherine-heights-townhomes-ii-26460-lihtc | https://section8search.org/arizona/bullhead-city/katherine-heights-townhomes-iii/vehopxafcnsxm7y9k728beti,address_not_extracted | exact_standardized_site,distinct_phases_or_components_common_address,corroborates_all_listed_members_and_address,distinct_phases_or_components_common_address
SAQ_0070,AZ|2030 PROSPECTOR CT|BULLHEAD CITY,GOLD RUSH APTS PHASE I | GOLD RUSH APTS PHASE II,phase_or_component_evidence,new_two_read_review,2026-08-11,2026-08-11,2026-08-11,public_directory_sitemap,https://section8search.org/sitemap.xml | https://affordablehousinghub.org/sitemap.xml,not_approved,FALSE,2,2,2,retain_each,retain_each,2,Section8Search: GOLD RUSH APTS PHASE I | Section8Search: GOLD RUSH APTS PHASE II,public_housing_directory,https://section8search.org/arizona/bullhead-city/gold-rush-apts-phase-i/rctsm8piuhdxzbsoit8s6253 | https://section8search.org/arizona/bullhead-city/gold-rush-apts-phase-ii/m4t4zm8ocnh5lknqjuligylr,exact_standardized_site,distinct_phases_or_components_common_address,corroborates_all_listed_members_and_address,distinct_phases_or_components_common_address
SAQ_0071,AZ|2251 N IZABEL ST|FLAGSTAFF,CEDAR CREST APARTMENTS | MOUNTAINSIDE VILLAGE APTS PHASE 2 | MOUNTAINSIDE VILLAGE APTS PHASE I,phase_or_component_evidence,new_two_read_review,2026-08-11,2026-08-11,2026-08-11,public_directory_sitemap,https://section8search.org/sitemap.xml | https://affordablehousinghub.org/sitemap.xml,not_approved,FALSE,3,3,3,retain_each,retain_each,3,Section8Search: CEDAR CREST APARTMENTS | Section8Search: MOUNTAINSIDE VILLAGE APTS PHASE 2 | Section8Search: MOUNTAINSIDE VILLAGE APTS PHASE I,public_housing_directory,https://section8search.org/arizona/flagstaff/cedar-crest-apartments/fe7o314q30h534im8zuqr3bm | https://section8search.org/arizona/flagstaff/mountainside-village-apts-phase-2/hq4xvy16zy00qwv6g8ec1ask | https://section8search.org/arizona/flagstaff/mountainside-village-apts-phase-i/r46wvb0q22km7e0fh1mglnu6,city_state_only | exact_standardized_site,distinct_phases_or_components_common_address,corroborates_all_listed_members_and_address,distinct_phases_or_components_common_address
SAQ_0072,AZ|3400 S KOFA DR|FLAGSTAFF,OAKWOOD VILLAGE APTS II | OAKWOOD VILLAGE APTS III,phase_or_component_evidence,new_two_read_review,2026-08-11,2026-08-11,2026-08-11,public_directory_sitemap,https://section8search.org/sitemap.xml | https://affordablehousinghub.org/sitemap.xml,not_approved,FALSE,2,2,2,retain_each,retain_each,2,Section8Search: OAKWOOD VILLAGE APTS II | Section8Search: OAKWOOD VILLAGE APTS III,public_housing_directory,https://section8search.org/arizona/flagstaff/oakwood-village-apts-ii/lpzfsyabln4lxt764dnw7yaa | https://section8search.org/arizona/flagstaff/oakwood-village-apts-iii/ft01tsp5yd4v4wphijufomlh,exact_standardized_site,distinct_phases_or_components_common_address,corroborates_all_listed_members_and_address,distinct_phases_or_components_common_address
SAQ_0073,AZ|40 RODEO DR|LAKESIDE,HOMESTEAD WEST | RODEO COURT (FKA HOMESTEAD WEST),shared_address_only,new_two_read_review,2026-08-11,2026-08-11,2026-08-11,public_directory_sitemap,https://section8search.org/sitemap.xml | https://affordablehousinghub.org/sitemap.xml,not_approved,FALSE,2,1,1,merge_all,merge_all,2,Section8Search: HOMESTEAD WEST | Section8Search: RODEO COURT (FKA HOMESTEAD WEST),public_housing_directory,https://section8search.org/arizona/lakeside/homestead-west/msa2t6h2ctfe0eonmo70pbyz | https://section8search.org/arizona/lakeside/rodeo-court-fka-homestead-west/rqlsil5xwvukippfyu2gezuo,city_state_only | exact_standardized_site,later_financing_or_renamed_same_physical_development,corroborates_all_listed_members_and_address,later_financing_or_renamed_same_physical_development
SAQ_0074,AZ|42507 W PETERS NALL RD|MARICOPA,AK-CHIN HOMES I | AK-CHIN HOMES II,phase_or_component_evidence,new_two_read_review,2026-08-11,2026-08-11,2026-08-11,public_directory_sitemap,https://section8search.org/sitemap.xml | https://affordablehousinghub.org/sitemap.xml,not_approved,FALSE,2,2,2,retain_each,retain_each,2,Affordable Housing Hub: AK-CHIN HOMES I | Affordable Housing Hub: AK-CHIN HOMES II,public_housing_directory,https://affordablehousinghub.org/housing/arizona/pinal-county/maricopa/ak-chin-homes-i-29268-lihtc | https://affordablehousinghub.org/housing/arizona/pinal-county/maricopa/ak-chin-homes-ii-29519-lihtc,address_not_extracted,distinct_phases_or_components_common_address,corroborates_all_listed_members_and_address,distinct_phases_or_components_common_address
SAQ_0075,AZ|50 E MAIN ST|MESA,ENCORE ON 1ST | RESIDENCES AT CENTER STREET STATION,name_or_timing_evidence,new_two_read_review,2026-08-11,2026-08-11,2026-08-11,public_directory_sitemap,https://section8search.org/sitemap.xml | https://affordablehousinghub.org/sitemap.xml,not_approved,FALSE,2,1,1,merge_all,merge_all,2,Affordable Housing Hub: RESIDENCES AT CENTER STREET STATION | Section8Search: ENCORE ON 1ST,public_housing_directory,https://affordablehousinghub.org/housing/arizona/maricopa-county/mesa/residences-at-center-street-station-29392-lihtc | https://section8search.org/arizona/mesa/encore-on-1st/evp0ni9kqs486lrwekeq9o8t,address_not_extracted | exact_standardized_site,name_or_reporting_variant_same_physical_development,corroborates_all_listed_members_and_address,name_or_reporting_variant_same_physical_development
SAQ_0076,AZ|800 E BAFFERT DR|NOGALES,MOUNTAIN POINTE APTS PHASE I | MOUNTAIN POINTE APTS PHASE II,phase_or_component_evidence,new_two_read_review,2026-08-11,2026-08-11,2026-08-11,public_directory_sitemap,https://section8search.org/sitemap.xml | https://affordablehousinghub.org/sitemap.xml,not_approved,FALSE,2,2,2,retain_each,retain_each,2,Section8Search: MOUNTAIN POINTE APTS PHASE I | Section8Search: MOUNTAIN POINTE APTS PHASE II,public_housing_directory,https://section8search.org/arizona/nogales/mountain-pointe-apts-phase-i/gcfqz4snvziirlrvtsy6bg0i | https://section8search.org/arizona/nogales/mountain-pointe-apts-phase-ii/d8r74rr25wl5ezho5ar6j4rl,exact_standardized_site,distinct_phases_or_components_common_address,corroborates_all_listed_members_and_address,distinct_phases_or_components_common_address
SAQ_0077,AZ|1325 N 14TH ST|PHOENIX,STEPPING STONE PHASE III | STEPPING STONE PLACE,shared_address_only,new_two_read_review,2026-08-11,2026-08-11,2026-08-11,public_directory_sitemap,https://section8search.org/sitemap.xml | https://affordablehousinghub.org/sitemap.xml,not_approved,FALSE,2,2,2,retain_each,retain_each,2,Section8Search: STEPPING STONE PHASE III | Section8Search: STEPPING STONE PLACE,public_housing_directory,https://section8search.org/arizona/phoenix/stepping-stone-phase-iii/lhw8iyh4m6l6tdkko4h0o3o5 | https://section8search.org/arizona/phoenix/stepping-stone-place/dcgoynz2r51ge3fyfmhj93gk,city_state_only | exact_standardized_site,shared_address_without_sufficient_identity_evidence,corroborates_all_listed_members_and_address,shared_address_without_sufficient_identity_evidence
SAQ_0078,AZ|618 N CENTRAL AVE|PHOENIX,WESTWARD HO APARTMENTS | WESTWARD HO APTS,shared_address_only,new_two_read_review,2026-08-11,2026-08-11,2026-08-11,public_directory_sitemap,https://section8search.org/sitemap.xml | https://affordablehousinghub.org/sitemap.xml,not_approved,FALSE,2,2,2,retain_each,retain_each,2,Section8Search: WESTWARD HO APARTMENTS | Section8Search: WESTWARD HO APTS,public_housing_directory,https://section8search.org/arizona/phoenix/westward-ho-apartments/pmf0l6wc1336ekd3uvrgmoc4 | https://section8search.org/arizona/phoenix/westward-ho-apts/e3uykahi5itkuq4eg5vfbjb7,city_state_only | exact_standardized_site,shared_address_without_sufficient_identity_evidence,corroborates_all_listed_members_and_address,shared_address_without_sufficient_identity_evidence
SAQ_0079,AZ|840 W TONTO ST|PHOENIX,MATTHEW HENSON I | MATTHEW HENSON III | MATTHEW HENSON IV,phase_or_component_evidence,new_two_read_review,2026-08-11,2026-08-11,2026-08-11,public_directory_sitemap,https://section8search.org/sitemap.xml | https://affordablehousinghub.org/sitemap.xml,not_approved,FALSE,3,3,3,retain_each,retain_each,3,Section8Search: MATTHEW HENSON I | Section8Search: MATTHEW HENSON III | Section8Search: MATTHEW HENSON IV,public_housing_directory,https://section8search.org/arizona/phoenix/matthew-henson-i/ls26aby2b5r6c2cz3hq9wlwv | https://section8search.org/arizona/phoenix/matthew-henson-iii/e5p1q0a4c1myrs1cc2s48c29 | https://section8search.org/arizona/phoenix/matthew-henson-iv/ivs0qlpiqgr48ui9mazw0wr6,exact_standardized_site,distinct_phases_or_components_common_address,corroborates_all_listed_members_and_address,distinct_phases_or_components_common_address
SAQ_0080,AZ|10177 E OSBORN RD|SCOTTSDALE,CANALSIDE HOMES I | CANALSIDE HOMES II,phase_or_component_evidence,new_two_read_review,2026-08-11,2026-08-11,2026-08-11,public_directory_sitemap,https://section8search.org/sitemap.xml | https://affordablehousinghub.org/sitemap.xml,not_approved,FALSE,2,2,2,retain_each,retain_each,2,Section8Search: CANALSIDE HOMES I | Section8Search: CANALSIDE HOMES II,public_housing_directory,https://section8search.org/arizona/scottsdale/canalside-homes-i/sogthqm24n508f6i7x27968v | https://section8search.org/arizona/scottsdale/canalside-homes-ii/abbjfu5nn0v1up2nq114otz9,exact_standardized_site,distinct_phases_or_components_common_address,corroborates_all_listed_members_and_address,distinct_phases_or_components_common_address
SAQ_0081,AZ|1020 S CARMICHAEL AVE|SIERRA VISTA,CASA DEL SOL | CASA DEL SOL II,shared_address_only,new_two_read_review,2026-08-11,2026-08-11,2026-08-11,public_directory_sitemap,https://section8search.org/sitemap.xml | https://affordablehousinghub.org/sitemap.xml,not_approved,FALSE,2,2,2,retain_each,retain_each,2,Section8Search: CASA DEL SOL | Section8Search: CASA DEL SOL II,public_housing_directory,https://section8search.org/arizona/sierra-vista/casa-del-sol-ii/aot1f4i5wcyass45shda7x2n | https://section8search.org/arizona/sierra-vista/casa-del-sol/vyhuzanen2bezfy2mlbhicmd,exact_standardized_site,shared_address_without_sufficient_identity_evidence,corroborates_all_listed_members_and_address,shared_address_without_sufficient_identity_evidence
SAQ_0082,AZ|232 N CHALMERS LN|THATCHER,GILA RIVER I | GILA RIVER II,phase_or_component_evidence,new_two_read_review,2026-08-11,2026-08-11,2026-08-11,public_directory_sitemap,https://section8search.org/sitemap.xml | https://affordablehousinghub.org/sitemap.xml,not_approved,FALSE,2,2,2,retain_each,retain_each,2,Section8Search: GILA RIVER I | Section8Search: GILA RIVER II,public_housing_directory,https://section8search.org/arizona/thatcher/gila-river-i/bz71snqcnpovgmqgeq3z9eyg | https://section8search.org/arizona/thatcher/gila-river-ii/kdp1lmc6u377f3rpqtl9evnf,exact_standardized_site,distinct_phases_or_components_common_address,corroborates_all_listed_members_and_address,distinct_phases_or_components_common_address
SAQ_0083,AZ|2455 N DODGE BLVD|TUCSON,MISSION VISTA | MISSION VISTA APTS,shared_address_only,new_two_read_review,2026-08-11,2026-08-11,2026-08-11,public_directory_sitemap,https://section8search.org/sitemap.xml | https://affordablehousinghub.org/sitemap.xml,not_approved,FALSE,2,1,1,merge_all,merge_all,2,Section8Search: MISSION VISTA | Section8Search: MISSION VISTA APTS,public_housing_directory,https://section8search.org/arizona/tucson/mission-vista-apts/ouidxicehd5p6wuc4568ugyn | https://section8search.org/arizona/tucson/mission-vista/uktt7hytxkmnna95n9zaujud,exact_standardized_site,later_financing_or_renamed_same_physical_development,corroborates_all_listed_members_and_address,later_financing_or_renamed_same_physical_development
SAQ_0084,AZ|5515 S FORGEUS AVE|TUCSON,LAS VILLAS DE KINO I | LAS VILLAS DE KINO II,phase_or_component_evidence,new_two_read_review,2026-08-11,2026-08-11,2026-08-11,public_directory_sitemap,https://section8search.org/sitemap.xml | https://affordablehousinghub.org/sitemap.xml,not_approved,FALSE,2,2,2,retain_each,retain_each,2,Section8Search: LAS VILLAS DE KINO I | Section8Search: LAS VILLAS DE KINO II,public_housing_directory,https://section8search.org/arizona/tucson/las-villas-de-kino-i/vrqt5nar9594w9jblqajb4it | https://section8search.org/arizona/tucson/las-villas-de-kino-ii/djdwhp2vlqy6abf5r5bz8v1c,exact_standardized_site,distinct_phases_or_components_common_address,corroborates_all_listed_members_and_address,distinct_phases_or_components_common_address
SAQ_0085,CA|740 SYCAMORE RD|ARVIN,SYCAMORE FAMILY APTS I | SYCAMORE FAMILY APTS II,phase_or_component_evidence,new_two_read_review,2026-08-11,2026-08-11,2026-08-11,public_directory_sitemap,https://section8search.org/sitemap.xml | https://affordablehousinghub.org/sitemap.xml,not_approved,FALSE,2,2,2,retain_each,retain_each,2,Section8Search: SYCAMORE FAMILY APTS I | Section8Search: SYCAMORE FAMILY APTS II,public_housing_directory,https://section8search.org/california/arvin/sycamore-family-apts-i/pbz16616hjkql1kwaeeldeav | https://section8search.org/california/arvin/sycamore-family-apts-ii/vxkn8e0w0c5c7tiz3bqvgwsf,exact_standardized_site,distinct_phases_or_components_common_address,corroborates_all_listed_members_and_address,distinct_phases_or_components_common_address
SAQ_0086,CA|801 S CORCORAN AVE|AVENAL,ARROYO DEL CAMINO | ARROYO DEL CAMINO II,shared_address_only,new_two_read_review,2026-08-11,2026-08-11,2026-08-11,public_directory_sitemap,https://section8search.org/sitemap.xml | https://affordablehousinghub.org/sitemap.xml,not_approved,FALSE,2,2,2,retain_each,retain_each,2,Section8Search: ARROYO DEL CAMINO | Section8Search: ARROYO DEL CAMINO II,public_housing_directory,https://section8search.org/california/avenal/arroyo-del-camino-ii/y4ed7s874ekdh0g9pidn9wov | https://section8search.org/california/avenal/arroyo-del-camino/hw6lgnbspn540hohmqulsbd7,city_state_only,shared_address_without_sufficient_identity_evidence,corroborates_all_listed_members_and_address,shared_address_without_sufficient_identity_evidence
SAQ_0087,CA|6200 VICTOR ST|BAKERSFIELD,SUMMERHILL APTS | SUMMERHILL FAMILY APARTMENTS,shared_address_only,new_two_read_review,2026-08-11,2026-08-11,2026-08-11,public_directory_sitemap,https://section8search.org/sitemap.xml | https://affordablehousinghub.org/sitemap.xml,not_approved,FALSE,2,1,1,merge_all,merge_all,2,Affordable Housing Hub: SUMMERHILL APTS | Section8Search: SUMMERHILL FAMILY APARTMENTS,public_housing_directory,https://affordablehousinghub.org/housing/california/kern-county/bakersfield/summerhill-apts-26552-lihtc | https://section8search.org/california/bakersfield/summerhill-family-apartments/bcd62uql7cjur3jj5c1u9ij6,address_not_extracted | city_state_only,later_financing_or_renamed_same_physical_development,corroborates_all_listed_members_and_address,later_financing_or_renamed_same_physical_development
SAQ_0088,CA|710 BRUNDAGE LN|BAKERSFIELD,BAKERSFIELD FAMILY APTS I | P STREET FAMILY APTS,shared_address_only,new_two_read_review,2026-08-11,2026-08-11,2026-08-11,public_directory_sitemap,https://section8search.org/sitemap.xml | https://affordablehousinghub.org/sitemap.xml,not_approved,FALSE,2,2,2,retain_each,retain_each,2,Section8Search: BAKERSFIELD FAMILY APTS I | Section8Search: P STREET FAMILY APTS,public_housing_directory,https://section8search.org/california/bakersfield/bakersfield-family-apts-i/a87vkzr1xjql4oafoo1lvsp7 | https://section8search.org/california/bakersfield/p-street-family-apts/pvg3gdhrsi6ytfd7bzamcpuz,exact_standardized_site,shared_address_without_sufficient_identity_evidence,corroborates_all_listed_members_and_address,shared_address_without_sufficient_identity_evidence
SAQ_0089,CA|180 MALAN ST|BRAWLEY,MALAN STREET APARTMENTS | MALAN STREET APARTMENTS II,shared_address_only,new_two_read_review,2026-08-11,2026-08-11,2026-08-11,public_directory_sitemap,https://section8search.org/sitemap.xml | https://affordablehousinghub.org/sitemap.xml,not_approved,FALSE,2,2,2,retain_each,retain_each,2,Section8Search: MALAN STREET APARTMENTS | Section8Search: MALAN STREET APARTMENTS II,public_housing_directory,https://section8search.org/california/brawley/malan-street-apartments-ii/e8lxsscgq540b248d7fwrz42 | https://section8search.org/california/brawley/malan-street-apartments/e1wj63cecg5kmwgmxxnyftnx,city_state_only,shared_address_without_sufficient_identity_evidence,corroborates_all_listed_members_and_address,shared_address_without_sufficient_identity_evidence
SAQ_0090,CA|2151 ROCKWOOD AVE|CALEXICO,ALEJANDRO RIVERA SENIOR CITIZENS APTS I | ALEJANDRO RIVERA SENIOR CITIZENS APTS II,phase_or_component_evidence,new_two_read_review,2026-08-11,2026-08-11,2026-08-11,public_directory_sitemap,https://section8search.org/sitemap.xml | https://affordablehousinghub.org/sitemap.xml,not_approved,FALSE,2,2,2,retain_each,retain_each,2,Affordable Housing Hub: ALEJANDRO RIVERA SENIOR CITIZENS APTS II | Section8Search: ALEJANDRO RIVERA SENIOR CITIZENS APTS I,public_housing_directory,https://affordablehousinghub.org/housing/california/imperial-county/calexico/alejandro-rivera-senior-citizens-apts-ii-26676-lihtc | https://section8search.org/california/calexico/alejandro-rivera-senior-citizens-apts-i/blx90hr7e4hexjmbpe89d4xp,address_not_extracted | exact_standardized_site,distinct_phases_or_components_common_address,corroborates_all_listed_members_and_address,distinct_phases_or_components_common_address
SAQ_0091,CA|4525 MANZANITA AVE|CARMICHAEL,SIERRA SUNRISE SENIOR APARTMENTS | SIERRA SUNRISE SENIOR APTS I | SIERRA SUNRISE SENIOR APTS II,phase_or_component_evidence,new_two_read_review,2026-08-11,2026-08-11,2026-08-11,public_directory_sitemap,https://section8search.org/sitemap.xml | https://affordablehousinghub.org/sitemap.xml,not_approved,FALSE,3,2,2,partition,partition,3,Section8Search: SIERRA SUNRISE SENIOR APARTMENTS | Section8Search: SIERRA SUNRISE SENIOR APTS I | Section8Search: SIERRA SUNRISE SENIOR APTS II,public_housing_directory,https://section8search.org/california/carmichael/sierra-sunrise-senior-apartments/gis9zw8ue5ek64zwc45l6bh7 | https://section8search.org/california/carmichael/sierra-sunrise-senior-apts-i/nkqtyzzp1tk75d98g7ir83l2 | https://section8search.org/california/carmichael/sierra-sunrise-senior-apts-ii/en8m8m1pqyl7z6irxhd9tbh8,city_state_only | exact_standardized_site,mixed_duplicate_and_distinct_components,corroborates_all_listed_members_and_address,mixed_duplicate_and_distinct_components
SAQ_0092,CA|555 E CARSON ST|CARSON,GRACE AVENUE HOUSING | THE VILLAGGIO II,shared_address_only,new_two_read_review,2026-08-11,2026-08-11,2026-08-11,public_directory_sitemap,https://section8search.org/sitemap.xml | https://affordablehousinghub.org/sitemap.xml,not_approved,FALSE,2,2,2,retain_each,retain_each,2,Section8Search: GRACE AVENUE HOUSING | Section8Search: THE VILLAGGIO II,public_housing_directory,https://section8search.org/california/carson/grace-avenue-housing/y0qseay6ho7gqvsgra4ln4xm | https://section8search.org/california/carson/the-villaggio-ii/ry0c17gfxn838phn8oqq8yk9,exact_standardized_site,shared_address_without_sufficient_identity_evidence,corroborates_all_listed_members_and_address,shared_address_without_sufficient_identity_evidence
SAQ_0093,CA|96 SHASTA CT|CHOWCHILLA,SHASTA COURT | SHASTA VILLAS,shared_address_only,new_two_read_review,2026-08-11,2026-08-11,2026-08-11,public_directory_sitemap,https://section8search.org/sitemap.xml | https://affordablehousinghub.org/sitemap.xml,not_approved,FALSE,2,2,2,retain_each,retain_each,2,Section8Search: SHASTA COURT | Section8Search: SHASTA VILLAS,public_housing_directory,https://section8search.org/california/chowchilla/shasta-court/axgh371lrnt1prvq7dmu2y1c | https://section8search.org/california/chowchilla/shasta-villas/gwqigcetf1435yz7e9rg5zxr,exact_standardized_site,shared_address_without_sufficient_identity_evidence,corroborates_all_listed_members_and_address,shared_address_without_sufficient_identity_evidence
SAQ_0094,CA|84500 AVE 52|COACHELLA,ORCHARD VILLAS I | ORCHARD VILLAS II,phase_or_component_evidence,new_two_read_review,2026-08-11,2026-08-11,2026-08-11,public_directory_sitemap,https://section8search.org/sitemap.xml | https://affordablehousinghub.org/sitemap.xml,not_approved,FALSE,2,2,2,retain_each,retain_each,2,Section8Search: ORCHARD VILLAS I | Section8Search: ORCHARD VILLAS II,public_housing_directory,https://section8search.org/california/coachella/orchard-villas-i/wpujhvm7d8hjb69ofi4gzm78 | https://section8search.org/california/coachella/orchard-villas-ii/fm1dydbb9oeu3mg88t9ousv9,exact_standardized_site,distinct_phases_or_components_common_address,corroborates_all_listed_members_and_address,distinct_phases_or_components_common_address
SAQ_0095,CA|800 E WASHINGTON ST|COLTON,NOVA POINTE APTS PHASE I | NOVA POINTE APTS PHASE II,phase_or_component_evidence,new_two_read_review,2026-08-11,2026-08-11,2026-08-11,public_directory_sitemap,https://section8search.org/sitemap.xml | https://affordablehousinghub.org/sitemap.xml,not_approved,FALSE,2,2,2,retain_each,retain_each,2,Section8Search: NOVA POINTE APTS PHASE I | Section8Search: NOVA POINTE APTS PHASE II,public_housing_directory,https://section8search.org/california/colton/nova-pointe-apts-phase-i/a4rbcy6q7txcag77zwm7qeu1 | https://section8search.org/california/colton/nova-pointe-apts-phase-ii/ovspm4qab3rmuoonsgkky6ue,exact_standardized_site,distinct_phases_or_components_common_address,corroborates_all_listed_members_and_address,distinct_phases_or_components_common_address
SAQ_0096,CA|312 AUSTIN ST|DELANO,CASAS DEL VALLE | MAGANDA PARK,shared_address_only,new_two_read_review,2026-08-11,2026-08-11,2026-08-11,public_directory_sitemap,https://section8search.org/sitemap.xml | https://affordablehousinghub.org/sitemap.xml,not_approved,FALSE,2,2,2,retain_each,retain_each,2,Section8Search: CASAS DEL VALLE | Section8Search: MAGANDA PARK,public_housing_directory,https://section8search.org/california/delano/casas-del-valle/dhqd7psv9kkb0ujawt2ubygw | https://section8search.org/california/delano/maganda-park/oue96wwu43ls8414svtywxgy,exact_standardized_site,shared_address_without_sufficient_identity_evidence,corroborates_all_listed_members_and_address,shared_address_without_sufficient_identity_evidence
SAQ_0097,CA|66765 TWO BUNCH PALMS TRL|DESERT HOT SPRINGS,ARROYO DE PAZ APTS I | ARROYO DE PAZ APTS II,phase_or_component_evidence,new_two_read_review,2026-08-11,2026-08-11,2026-08-11,public_directory_sitemap,https://section8search.org/sitemap.xml | https://affordablehousinghub.org/sitemap.xml,not_approved,FALSE,2,2,2,retain_each,retain_each,2,Section8Search: ARROYO DE PAZ APTS I | Section8Search: ARROYO DE PAZ APTS II,public_housing_directory,https://section8search.org/california/desert-hot-springs/arroyo-de-paz-apts-i/o0bqsdt0p0l4b2mtknaqe32s | https://section8search.org/california/desert-hot-springs/arroyo-de-paz-apts-ii/ixk7yoj5if3t0bug68i2sbf0,city_state_only,distinct_phases_or_components_common_address,corroborates_all_listed_members_and_address,distinct_phases_or_components_common_address
SAQ_0098,CA|66950 IRONWOOD DR|DESERT HOT SPRINGS,BELLA VISTA APTS II | VERBENA CROSSING APTS,shared_address_only,new_two_read_review,2026-08-11,2026-08-11,2026-08-11,public_directory_sitemap,https://section8search.org/sitemap.xml | https://affordablehousinghub.org/sitemap.xml,not_approved,FALSE,2,2,2,retain_each,retain_each,2,Affordable Housing Hub: BELLA VISTA APTS II | Section8Search: VERBENA CROSSING APTS,public_housing_directory,https://affordablehousinghub.org/housing/california/riverside-county/desert-hot-springs/bella-vista-apts-ii-26789-lihtc | https://section8search.org/california/desert-hot-springs/verbena-crossing-apts/t9vl5ycjkw6djxkpzea07uwm,address_not_extracted | exact_standardized_site,shared_address_without_sufficient_identity_evidence,corroborates_all_listed_members_and_address,shared_address_without_sufficient_identity_evidence
SAQ_0099,CA|8501 BRUCEVILLE RD|ELK GROVE,SILVERADO CREEK FAMILY APTS PHASE I | SILVERADO CREEK FAMILY APTS PHASE II,phase_or_component_evidence,new_two_read_review,2026-08-11,2026-08-11,2026-08-11,public_directory_sitemap,https://section8search.org/sitemap.xml | https://affordablehousinghub.org/sitemap.xml,not_approved,FALSE,2,2,2,retain_each,retain_each,2,Section8Search: SILVERADO CREEK FAMILY APTS PHASE I | Section8Search: SILVERADO CREEK FAMILY APTS PHASE II,public_housing_directory,https://section8search.org/california/elk-grove/silverado-creek-family-apts-phase-i/kaop6c84ma8xga2lm511njyl | https://section8search.org/california/elk-grove/silverado-creek-family-apts-phase-ii/c6ie9rekk3q1vbn7quyqljfr,exact_standardized_site,distinct_phases_or_components_common_address,corroborates_all_listed_members_and_address,distinct_phases_or_components_common_address
SAQ_0100,CA|8740 AUBERRY DR|ELK GROVE,BOW STREET APARTMENTS | BOW STREET APARTMENTS II,shared_address_only,new_two_read_review,2026-08-11,2026-08-11,2026-08-11,public_directory_sitemap,https://section8search.org/sitemap.xml | https://affordablehousinghub.org/sitemap.xml,not_approved,FALSE,2,2,2,retain_each,retain_each,2,Section8Search: BOW STREET APARTMENTS | Section8Search: BOW STREET APARTMENTS II,public_housing_directory,https://section8search.org/california/elk-grove/bow-street-apartments-ii/ru2d9fgcap7clcxdavxmng9j | https://section8search.org/california/elk-grove/bow-street-apartments/omcjmtxg1nj6o5ulynqcbdm0,city_state_only,shared_address_without_sufficient_identity_evidence,corroborates_all_listed_members_and_address,shared_address_without_sufficient_identity_evidence
SAQ_0101,CA|260 N MIDWAY DR|ESCONDIDO,CYPRESS COVE | CYPRESS COVE APARTMENTS,shared_address_only,new_two_read_review,2026-08-11,2026-08-11,2026-08-11,public_directory_sitemap,https://section8search.org/sitemap.xml | https://affordablehousinghub.org/sitemap.xml,not_approved,FALSE,2,2,2,retain_each,retain_each,2,Section8Search: CYPRESS COVE | Section8Search: CYPRESS COVE APARTMENTS,public_housing_directory,https://section8search.org/california/escondido/cypress-cove-apartments/nprqw0osxn4stqw0p2navjjw | https://section8search.org/california/escondido/cypress-cove/gk5gjidm2ntr7t5v2gaex40s,city_state_only | exact_standardized_site,shared_address_without_sufficient_identity_evidence,corroborates_all_listed_members_and_address,shared_address_without_sufficient_identity_evidence
SAQ_0102,CA|200 N STEVEN AVE|FARMERSVILLE,GATEWAY VILLAGE (FARMERSVILLE) | GATEWAY VILLAGE II,shared_address_only,new_two_read_review,2026-08-11,2026-08-11,2026-08-11,public_directory_sitemap,https://section8search.org/sitemap.xml | https://affordablehousinghub.org/sitemap.xml,not_approved,FALSE,2,2,2,retain_each,retain_each,2,Section8Search: GATEWAY VILLAGE (FARMERSVILLE) | Section8Search: GATEWAY VILLAGE II,public_housing_directory,https://section8search.org/california/farmersville/gateway-village-farmersville/k09e8q6dqrzmnjpcbqmikey6 | https://section8search.org/california/farmersville/gateway-village-ii/mmo3wv5sc4wicxon3uh5ht46,exact_standardized_site,shared_address_without_sufficient_identity_evidence,corroborates_all_listed_members_and_address,shared_address_without_sufficient_identity_evidence
SAQ_0103,CA|10050 JUNIPER AVE|FONTANA,PASEO VERDE FAMILY APTS I | PASEO VERDE FAMILY APTS II | PASEO VERDE FAMILY APTS III,phase_or_component_evidence,new_two_read_review,2026-08-11,2026-08-11,2026-08-11,public_directory_sitemap,https://section8search.org/sitemap.xml | https://affordablehousinghub.org/sitemap.xml,not_approved,FALSE,3,3,3,retain_each,retain_each,3,Section8Search: PASEO VERDE FAMILY APTS I | Section8Search: PASEO VERDE FAMILY APTS II | Section8Search: PASEO VERDE FAMILY APTS III,public_housing_directory,https://section8search.org/california/fontana/paseo-verde-family-apts-i/rhpc11g6onnqhujt1ugtbc78 | https://section8search.org/california/fontana/paseo-verde-family-apts-ii/jt8j16yg3fsdgbovkb0dmksd | https://section8search.org/california/fontana/paseo-verde-family-apts-iii/v1u6djpty5ba7k8bc0szbey9,exact_standardized_site,distinct_phases_or_components_common_address,corroborates_all_listed_members_and_address,distinct_phases_or_components_common_address
SAQ_0104,CA|4402 W AVALON AVE|FRESNO,BRIERWOOD COURT | FRESNO EMERALD PALMS,shared_address_only,new_two_read_review,2026-08-11,2026-08-11,2026-08-11,public_directory_sitemap,https://section8search.org/sitemap.xml | https://affordablehousinghub.org/sitemap.xml,not_approved,FALSE,2,2,2,retain_each,retain_each,2,Affordable Housing Hub: FRESNO EMERALD PALMS | Section8Search: BRIERWOOD COURT,public_housing_directory,https://affordablehousinghub.org/housing/california/fresno-county/fresno/fresno-emerald-palms-26782-lihtc | https://section8search.org/california/fresno/brierwood-court/lmpgfyi4jcixws4ea2koahwh,address_not_extracted | exact_standardized_site,shared_address_without_sufficient_identity_evidence,corroborates_all_listed_members_and_address,shared_address_without_sufficient_identity_evidence
SAQ_0105,CA|12631 SUNSWEPT AVE|GARDEN GROVE,GROVE PARK HOUSING | TUDOR GROVE,shared_address_only,new_two_read_review,2026-08-11,2026-08-11,2026-08-11,public_directory_sitemap,https://section8search.org/sitemap.xml | https://affordablehousinghub.org/sitemap.xml,not_approved,FALSE,2,2,2,retain_each,retain_each,2,Affordable Housing Hub: GROVE PARK HOUSING | Affordable Housing Hub: TUDOR GROVE,public_housing_directory,https://affordablehousinghub.org/housing/california/orange-county/garden-grove/grove-park-housing-29612-lihtc | https://affordablehousinghub.org/housing/california/orange-county/garden-grove/tudor-grove-29555-lihtc,address_not_extracted,shared_address_without_sufficient_identity_evidence,corroborates_all_listed_members_and_address,shared_address_without_sufficient_identity_evidence
SAQ_0106,CA|31161 FLORENCE AVE|GOSHEN,SEQUOIA COMMONS | SEQUOIA COMMONS II (FORMERLY GOSHEN VILLAGE EAST),shared_address_only,new_two_read_review,2026-08-11,2026-08-11,2026-08-11,public_directory_sitemap,https://section8search.org/sitemap.xml | https://affordablehousinghub.org/sitemap.xml,not_approved,FALSE,2,2,2,retain_each,retain_each,2,Section8Search: SEQUOIA COMMONS | Section8Search: SEQUOIA COMMONS II (FORMERLY GOSHEN VILLAGE EAST),public_housing_directory,https://section8search.org/california/goshen/sequoia-commons-ii-formerly-goshen-village-east/dmlw0klxi7od7bkigkcja4wq | https://section8search.org/california/goshen/sequoia-commons/olrfleoxfjdop7lynxctggpo,city_state_only,shared_address_without_sufficient_identity_evidence,corroborates_all_listed_members_and_address,shared_address_without_sufficient_identity_evidence
SAQ_0107,CA|1120 HEIDI DR|GREENFIELD,TYLER PARK TOWNHOMES | TYLER PARK TOWNHOMES II | TYLER PARK TOWNHOMES III,phase_or_component_evidence,new_two_read_review,2026-08-11,2026-08-11,2026-08-11,public_directory_sitemap,https://section8search.org/sitemap.xml | https://affordablehousinghub.org/sitemap.xml,not_approved,FALSE,3,3,3,retain_each,retain_each,3,Affordable Housing Hub: TYLER PARK TOWNHOMES II | Section8Search: TYLER PARK TOWNHOMES | Section8Search: TYLER PARK TOWNHOMES III,public_housing_directory,https://affordablehousinghub.org/housing/california/monterey-county/greenfield/tyler-park-townhomes-ii-26578-lihtc | https://section8search.org/california/greenfield/tyler-park-townhomes-iii/n5ygg4bnb4b0jmxrc9p0jubf | https://section8search.org/california/greenfield/tyler-park-townhomes/c31rpuv3fbcdkcjysq70cuuu,address_not_extracted | exact_standardized_site,distinct_phases_or_components_common_address,corroborates_all_listed_members_and_address,distinct_phases_or_components_common_address
SAQ_0108,CA|1101 MAIN ST|HALF MOON BAY,MAIN STREET APTS | MAIN STREET PARK I,shared_address_only,new_two_read_review,2026-08-11,2026-08-11,2026-08-11,public_directory_sitemap,https://section8search.org/sitemap.xml | https://affordablehousinghub.org/sitemap.xml,not_approved,FALSE,2,2,2,retain_each,retain_each,1,Section8Search: MAIN STREET PARK I,public_housing_directory,https://section8search.org/california/half-moon-bay/main-street-park-i/mcmk4ovq9j2t0fj5s1tk202j,exact_standardized_site,shared_address_without_sufficient_identity_evidence,corroborates_part_of_listed_members_and_address,shared_address_without_sufficient_identity_evidence
SAQ_0109,CA|225 W FRUITVALE AVE|HEMET,HEMET VISTAS APTS I | HEMET VISTAS APTS II,phase_or_component_evidence,new_two_read_review,2026-08-11,2026-08-11,2026-08-11,public_directory_sitemap,https://section8search.org/sitemap.xml | https://affordablehousinghub.org/sitemap.xml,not_approved,FALSE,2,2,2,retain_each,retain_each,2,Affordable Housing Hub: HEMET VISTAS APTS I | Section8Search: HEMET VISTAS APTS II,public_housing_directory,https://affordablehousinghub.org/housing/california/riverside-county/hemet/hemet-vistas-apts-i-29046-lihtc | https://section8search.org/california/hemet/hemet-vistas-apts-ii/idl70yj7uuhc4oejl6wzskt1,address_not_extracted | exact_standardized_site,distinct_phases_or_components_common_address,corroborates_all_listed_members_and_address,distinct_phases_or_components_common_address
SAQ_0110,CA|16576 SULTANA ST|HESPERIA,SANTA FE APARTMENTS | SANTA FE APTS (HESPERIA),shared_address_only,new_two_read_review,2026-08-11,2026-08-11,2026-08-11,public_directory_sitemap,https://section8search.org/sitemap.xml | https://affordablehousinghub.org/sitemap.xml,not_approved,FALSE,2,2,2,retain_each,retain_each,2,Section8Search: SANTA FE APARTMENTS | Section8Search: SANTA FE APTS (HESPERIA),public_housing_directory,https://section8search.org/california/hesperia/santa-fe-apartments/o8omf601w4utxed3k6xoadl5 | https://section8search.org/california/hesperia/santa-fe-apts-hesperia/k8kb8eyss5tv82eb2usvqqyw,city_state_only | exact_standardized_site,shared_address_without_sufficient_identity_evidence,corroborates_all_listed_members_and_address,shared_address_without_sufficient_identity_evidence
SAQ_0111,CA|9055 SANTA FE AVE E|HESPERIA,SAN REMO APARTMENTS | SAN REMO HESPERIA II,shared_address_only,new_two_read_review,2026-08-11,2026-08-11,2026-08-11,public_directory_sitemap,https://section8search.org/sitemap.xml | https://affordablehousinghub.org/sitemap.xml,not_approved,FALSE,2,2,2,retain_each,retain_each,1,Section8Search: SAN REMO HESPERIA II,public_housing_directory,https://section8search.org/california/hesperia/san-remo-hesperia-ii/k1zetaiq9mv6ogujne8vzmc0,exact_standardized_site,shared_address_without_sufficient_identity_evidence,corroborates_part_of_listed_members_and_address,shared_address_without_sufficient_identity_evidence
SAQ_0112,CA|9901 NINTH AVE|HESPERIA,THE VILLAGE AT HESPERIA APTS PHASE I | THE VILLAGE AT HESPERIA APTS PHASE III,phase_or_component_evidence,new_two_read_review,2026-08-11,2026-08-11,2026-08-11,public_directory_sitemap,https://section8search.org/sitemap.xml | https://affordablehousinghub.org/sitemap.xml,not_approved,FALSE,2,2,2,retain_each,retain_each,2,Section8Search: THE VILLAGE AT HESPERIA APTS PHASE I | Section8Search: THE VILLAGE AT HESPERIA APTS PHASE III,public_housing_directory,https://section8search.org/california/hesperia/the-village-at-hesperia-apts-phase-i/k6y4isgbv8zv2clfcthuk1aq | https://section8search.org/california/hesperia/the-village-at-hesperia-apts-phase-iii/oobyheltycmnwbkewgvrtmhf,exact_standardized_site,distinct_phases_or_components_common_address,corroborates_all_listed_members_and_address,distinct_phases_or_components_common_address
SAQ_0113,CA|36850 LASSEN AVE|HURON,PORVENIR ESTATES | PORVENIR ESTATES II,phase_or_component_evidence,new_two_read_review,2026-08-11,2026-08-11,2026-08-11,public_directory_sitemap,https://section8search.org/sitemap.xml | https://affordablehousinghub.org/sitemap.xml,not_approved,FALSE,2,2,2,retain_each,retain_each,2,Section8Search: PORVENIR ESTATES | Section8Search: PORVENIR ESTATES II,public_housing_directory,https://section8search.org/california/huron/porvenir-estates-ii/b1v3edor9jaxie0zw34cxkbo | https://section8search.org/california/huron/porvenir-estates/j6jg39806vte2v49wd8kfoxr,exact_standardized_site,distinct_phases_or_components_common_address,corroborates_all_listed_members_and_address,distinct_phases_or_components_common_address
SAQ_0114,CA|83801 DR CARREON BLVD|INDIO,"FRED YOUNG FARMWORKER APTS PHASE I | VILLA HERMOSA APARTMENTS PHASE II | VILLA HERMOSA APARTMENTS, PHASE III",phase_or_component_evidence,new_two_read_review,2026-08-11,2026-08-11,2026-08-11,public_directory_sitemap,https://section8search.org/sitemap.xml | https://affordablehousinghub.org/sitemap.xml,not_approved,FALSE,3,3,3,retain_each,retain_each,3,"Section8Search: FRED YOUNG FARMWORKER APTS PHASE I | Section8Search: VILLA HERMOSA APARTMENTS PHASE II | Section8Search: VILLA HERMOSA APARTMENTS, PHASE III",public_housing_directory,https://section8search.org/california/indio/fred-young-farmworker-apts-phase-i/urumyr0dfs1pav1b1wich2gc | https://section8search.org/california/indio/villa-hermosa-apartments-phase-ii/rme321bixzfflddzh775rfot | https://section8search.org/california/indio/villa-hermosa-apartments-phase-iii/om5nirdqww1v1982aijfg688,city_state_only | exact_standardized_site,distinct_phases_or_components_common_address,corroborates_all_listed_members_and_address,distinct_phases_or_components_common_address
SAQ_0115,CA|1000 CRESTED BIRD|IRVINE,DORIA APT HOMES PHASE I | DORIA APT HOMES PHASE II,phase_or_component_evidence,new_two_read_review,2026-08-11,2026-08-11,2026-08-11,public_directory_sitemap,https://section8search.org/sitemap.xml | https://affordablehousinghub.org/sitemap.xml,not_approved,FALSE,2,2,2,retain_each,retain_each,2,Section8Search: DORIA APT HOMES PHASE I | Section8Search: DORIA APT HOMES PHASE II,public_housing_directory,https://section8search.org/california/irvine/doria-apt-homes-phase-i/yncbs4r3sn4ko8ir0s1buiyf | https://section8search.org/california/irvine/doria-apt-homes-phase-ii/vppcnyviyow6jcfmb70uyuns,exact_standardized_site,distinct_phases_or_components_common_address,corroborates_all_listed_members_and_address,distinct_phases_or_components_common_address
SAQ_0116,CA|2701 ERSKINE CREEK RD|LAKE ISABELLA,LAKE ISABELLA SENIOR APTS I | LAKE ISABELLA SENIOR APTS II,phase_or_component_evidence,new_two_read_review,2026-08-11,2026-08-11,2026-08-11,public_directory_sitemap,https://section8search.org/sitemap.xml | https://affordablehousinghub.org/sitemap.xml,not_approved,FALSE,2,2,2,retain_each,retain_each,2,Affordable Housing Hub: LAKE ISABELLA SENIOR APTS I | Affordable Housing Hub: LAKE ISABELLA SENIOR APTS II,public_housing_directory,https://affordablehousinghub.org/housing/california/kern-county/lake-isabella/lake-isabella-senior-apts-i-26890-lihtc | https://affordablehousinghub.org/housing/california/kern-county/lake-isabella/lake-isabella-senior-apts-ii-28946-lihtc,address_not_extracted,distinct_phases_or_components_common_address,corroborates_all_listed_members_and_address,distinct_phases_or_components_common_address
SAQ_0117,CA|1685 FIRST ST|LINCOLN,OAKS AT JOINER RANCH I | OAKS AT JOINER RANCH II,phase_or_component_evidence,new_two_read_review,2026-08-11,2026-08-11,2026-08-11,public_directory_sitemap,https://section8search.org/sitemap.xml | https://affordablehousinghub.org/sitemap.xml,not_approved,FALSE,2,2,2,retain_each,retain_each,2,Section8Search: OAKS AT JOINER RANCH I | Section8Search: OAKS AT JOINER RANCH II,public_housing_directory,https://section8search.org/california/lincoln/oaks-at-joiner-ranch-i/fx3jzbz203djvb5z1hqq8fd3 | https://section8search.org/california/lincoln/oaks-at-joiner-ranch-ii/ye2kr6miq1jmv9kus63voan7,exact_standardized_site,distinct_phases_or_components_common_address,corroborates_all_listed_members_and_address,distinct_phases_or_components_common_address
SAQ_0118,CA|328 S HARVARD AVE|LINDSAY,HARVARD COURT APT HOMES PHASE I | HARVARD COURT APT HOMES PHASE II,phase_or_component_evidence,new_two_read_review,2026-08-11,2026-08-11,2026-08-11,public_directory_sitemap,https://section8search.org/sitemap.xml | https://affordablehousinghub.org/sitemap.xml,not_approved,FALSE,2,2,2,retain_each,retain_each,2,Section8Search: HARVARD COURT APT HOMES PHASE I | Section8Search: HARVARD COURT APT HOMES PHASE II,public_housing_directory,https://section8search.org/california/lindsay/harvard-court-apt-homes-phase-i/ad1p4g8qlphcj7bvm95h2iem | https://section8search.org/california/lindsay/harvard-court-apt-homes-phase-ii/n3ypbd483d288h5cjebox4nq,exact_standardized_site,distinct_phases_or_components_common_address,corroborates_all_listed_members_and_address,distinct_phases_or_components_common_address
SAQ_0119,CA|1900 LONG BEACH BLVD|LONG BEACH,THE SPARK AT MIDTOWN | VERMONT CORRIDOR APARTMENT (F.K.A 433 VERMONT APARTMENTS),phase_or_component_evidence,new_two_read_review,2026-08-11,2026-08-11,2026-08-11,public_directory_sitemap,https://section8search.org/sitemap.xml | https://affordablehousinghub.org/sitemap.xml,not_approved,FALSE,2,2,2,retain_each,retain_each,1,Section8Search: THE SPARK AT MIDTOWN,public_housing_directory,https://section8search.org/california/long-beach/the-spark-at-midtown/k4wls3ob8yclemhjjlnwli44,city_state_only,distinct_phases_or_components_common_address,corroborates_part_of_listed_members_and_address,distinct_phases_or_components_common_address
SAQ_0120,CA|2111 W WILLIAMS ST|LONG BEACH,CASA DE CABRILLO | FAMILY COMMONS AT CABRILLO | PLAZA DE CABRILLO,shared_address_only,new_two_read_review,2026-08-11,2026-08-11,2026-08-11,public_directory_sitemap,https://section8search.org/sitemap.xml | https://affordablehousinghub.org/sitemap.xml,not_approved,FALSE,3,2,2,partition,partition,3,Section8Search: CASA DE CABRILLO | Section8Search: FAMILY COMMONS AT CABRILLO | Section8Search: PLAZA DE CABRILLO,public_housing_directory,https://section8search.org/california/long-beach/casa-de-cabrillo/kqriiyvedyjf569pco0ef1rj | https://section8search.org/california/long-beach/family-commons-at-cabrillo/smkuspywcpnfd6ryijunhdki | https://section8search.org/california/long-beach/plaza-de-cabrillo/zg210yc65oy6s53lnj62k9x8,city_state_only | exact_standardized_site,mixed_duplicate_and_distinct_components,corroborates_all_listed_members_and_address,mixed_duplicate_and_distinct_components
SAQ_0121,CA|1035 E 27TH ST|LOS ANGELES,ROBERTA STEPHENS VILLAS I + II | ROBERTA STEVENS VILLAS,shared_address_only,new_two_read_review,2026-08-11,2026-08-11,2026-08-11,public_directory_sitemap,https://section8search.org/sitemap.xml | https://affordablehousinghub.org/sitemap.xml,not_approved,FALSE,2,1,1,merge_all,merge_all,2,Affordable Housing Hub: ROBERTA STEVENS VILLAS | Section8Search: ROBERTA STEPHENS VILLAS I + II,public_housing_directory,https://affordablehousinghub.org/housing/california/los-angeles-county/los-angeles/roberta-stevens-villas-28725-lihtc | https://section8search.org/california/los-angeles/roberta-stephens-villas-i-ii/rij0hawpk2q8zlh6yktu1eau,address_not_extracted | city_state_only,later_financing_or_renamed_same_physical_development,corroborates_all_listed_members_and_address,later_financing_or_renamed_same_physical_development
SAQ_0122,CA|1077 W 38TH ST|LOS ANGELES,ROLLAND CURTIS EAST | ROLLAND CURTIS WEST,phase_or_component_evidence,new_two_read_review,2026-08-11,2026-08-11,2026-08-11,public_directory_sitemap,https://section8search.org/sitemap.xml | https://affordablehousinghub.org/sitemap.xml,not_approved,FALSE,2,2,2,retain_each,retain_each,2,Section8Search: ROLLAND CURTIS EAST | Section8Search: ROLLAND CURTIS WEST,public_housing_directory,https://section8search.org/california/los-angeles/rolland-curtis-east/cibqbx5opuv2sa17w1byf77v | https://section8search.org/california/los-angeles/rolland-curtis-west/locikg22lwvdai1biymy3ycf,city_state_only,distinct_phases_or_components_common_address,corroborates_all_listed_members_and_address,distinct_phases_or_components_common_address
SAQ_0123,CA|3414 MANITOU AVE|LOS ANGELES,MANITOU VISTAS I | MANITOU VISTAS II,phase_or_component_evidence,new_two_read_review,2026-08-11,2026-08-11,2026-08-11,public_directory_sitemap,https://section8search.org/sitemap.xml | https://affordablehousinghub.org/sitemap.xml,not_approved,FALSE,2,2,2,retain_each,retain_each,2,Affordable Housing Hub: MANITOU VISTAS II | Section8Search: MANITOU VISTAS I,public_housing_directory,https://affordablehousinghub.org/housing/california/los-angeles-county/los-angeles/manitou-vistas-ii-29692-lihtc | https://section8search.org/california/los-angeles/manitou-vistas-i/zyu4ct8o9j2sx0znvwplgub8,address_not_extracted | exact_standardized_site,distinct_phases_or_components_common_address,corroborates_all_listed_members_and_address,distinct_phases_or_components_common_address
SAQ_0124,CA|555 S CROCKER ST|LOS ANGELES,WEINGART TOWER I | WEINGART TOWER II,phase_or_component_evidence,new_two_read_review,2026-08-11,2026-08-11,2026-08-11,focused_web_search,https://lacity.primegov.com/Portal/Meeting?compiledMeetingDocumentFileId=8448,not_approved,FALSE,2,2,1,retain_each,merge_all,2,Los Angeles City Council record for Weingart Tower A,municipal_record,https://lacity.primegov.com/Portal/Meeting?compiledMeetingDocumentFileId=8448,manual_source_confirms_listed_address,distinct_phases_or_components_common_address,supports_merge_all,documented_components_one_physical_development
SAQ_0125,CA|7975 SHERWOOD BLVD|LOS MOLINOS,SHERWOOD MANOR APARTMENTS | SHERWOOD MANOR APTS,shared_address_only,new_two_read_review,2026-08-11,2026-08-11,2026-08-11,public_directory_sitemap,https://section8search.org/sitemap.xml | https://affordablehousinghub.org/sitemap.xml,not_approved,FALSE,2,2,2,retain_each,retain_each,2,Affordable Housing Hub: SHERWOOD MANOR APTS | Section8Search: SHERWOOD MANOR APARTMENTS,public_housing_directory,https://affordablehousinghub.org/housing/california/tehama-county/los-molinos/sherwood-manor-apts-28931-lihtc | https://section8search.org/california/los-molinos/sherwood-manor-apartments/lipj50odo46h3onahd1shdvt,address_not_extracted | city_state_only,shared_address_without_sufficient_identity_evidence,corroborates_all_listed_members_and_address,shared_address_without_sufficient_identity_evidence
SAQ_0126,CA|1756 WILLOWBROOK DR|MERCED,WILLOWBROOK APTS I | WILLOWBROOK APTS II,phase_or_component_evidence,new_two_read_review,2026-08-11,2026-08-11,2026-08-11,public_directory_sitemap,https://section8search.org/sitemap.xml | https://affordablehousinghub.org/sitemap.xml,not_approved,FALSE,2,2,2,retain_each,retain_each,2,Affordable Housing Hub: WILLOWBROOK APTS I | Affordable Housing Hub: WILLOWBROOK APTS II,public_housing_directory,https://affordablehousinghub.org/housing/california/merced-county/merced/willowbrook-apts-i-26768-lihtc | https://affordablehousinghub.org/housing/california/merced-county/merced/willowbrook-apts-ii-28858-lihtc,address_not_extracted,distinct_phases_or_components_common_address,corroborates_all_listed_members_and_address,distinct_phases_or_components_common_address
SAQ_0127,CA|24115 COTTONWOOD AVE|MORENO VALLEY,COTTONWOOD PLACE | COTTONWOOD PLACE II | COTTONWOOD PLACE III | COTTONWOOD PLACE IV,phase_or_component_evidence,new_two_read_review,2026-08-11,2026-08-11,2026-08-11,public_directory_sitemap,https://section8search.org/sitemap.xml | https://affordablehousinghub.org/sitemap.xml,not_approved,FALSE,4,4,4,retain_each,retain_each,4,Section8Search: COTTONWOOD PLACE | Section8Search: COTTONWOOD PLACE II | Section8Search: COTTONWOOD PLACE III | Section8Search: COTTONWOOD PLACE IV,public_housing_directory,https://section8search.org/california/moreno-valley/cottonwood-place-ii/hddekik9xlzng0i8h30s04dx | https://section8search.org/california/moreno-valley/cottonwood-place-iii/s5h6dwrz9dh1mpuvvyhxuxhw | https://section8search.org/california/moreno-valley/cottonwood-place-iv/y24la838jllh9s97v0ahrgay | https://section8search.org/california/moreno-valley/cottonwood-place/ycohsvva5ees5ol6cf4o00c5,city_state_only | exact_standardized_site,distinct_phases_or_components_common_address,corroborates_all_listed_members_and_address,distinct_phases_or_components_common_address
SAQ_0128,CA|25105 JOHN F KENNEDY DR|MORENO VALLEY,RANCHO DORADO FAMILY APTS II | RANCHO DORADO SOUTH,shared_address_only,new_two_read_review,2026-08-11,2026-08-11,2026-08-11,public_directory_sitemap,https://section8search.org/sitemap.xml | https://affordablehousinghub.org/sitemap.xml,not_approved,FALSE,2,2,2,retain_each,retain_each,2,Section8Search: RANCHO DORADO FAMILY APTS II | Section8Search: RANCHO DORADO SOUTH,public_housing_directory,https://section8search.org/california/moreno-valley/rancho-dorado-family-apts-ii/tp1gwkxrrpaur2zddil7v52e | https://section8search.org/california/moreno-valley/rancho-dorado-south/m47s0bf8zd4witqftw3ecpb2,exact_standardized_site,shared_address_without_sufficient_identity_evidence,corroborates_all_listed_members_and_address,shared_address_without_sufficient_identity_evidence
SAQ_0129,CA|18555 BUTTERFIELD BLVD|MORGAN HILL,COCHRANE VILLAGE | COCHRANE VILLAGE APTS | MORGAN HILL RANCH,shared_address_only,new_two_read_review,2026-08-11,2026-08-11,2026-08-11,public_directory_sitemap,https://section8search.org/sitemap.xml | https://affordablehousinghub.org/sitemap.xml,not_approved,FALSE,3,3,3,retain_each,retain_each,3,Affordable Housing Hub: COCHRANE VILLAGE APTS | Section8Search: COCHRANE VILLAGE | Section8Search: MORGAN HILL RANCH,public_housing_directory,https://affordablehousinghub.org/housing/california/santa-clara-county/morgan-hill/cochrane-village-apts-26607-lihtc | https://section8search.org/california/morgan-hill/cochrane-village/lttf166nx5yenye41ziosgua | https://section8search.org/california/morgan-hill/morgan-hill-ranch/enpl3inz9l4pjdgwf0nfxm13,address_not_extracted | exact_standardized_site,shared_address_without_sufficient_identity_evidence,corroborates_all_listed_members_and_address,shared_address_without_sufficient_identity_evidence
SAQ_0130,CA|310 E DUNNE AVE|MORGAN HILL,MURPHY RANCH TOWNHOMES I | MURPHY RANCH TOWNHOMES II,phase_or_component_evidence,new_two_read_review,2026-08-11,2026-08-11,2026-08-11,public_directory_sitemap,https://section8search.org/sitemap.xml | https://affordablehousinghub.org/sitemap.xml,not_approved,FALSE,2,2,2,retain_each,retain_each,2,Section8Search: MURPHY RANCH TOWNHOMES I | Section8Search: MURPHY RANCH TOWNHOMES II,public_housing_directory,https://section8search.org/california/morgan-hill/murphy-ranch-townhomes-i/fc7g19l903sqa0qp6e8r8wuu | https://section8search.org/california/morgan-hill/murphy-ranch-townhomes-ii/c9d8pidqd4phgt5fdvfdm0an,exact_standardized_site,distinct_phases_or_components_common_address,corroborates_all_listed_members_and_address,distinct_phases_or_components_common_address
SAQ_0131,CA|460 N SHORELINE BLVD|MOUNTAIN VIEW,SHOREBREEZE APTS | SHOREBREEZE EXPANSION,shared_address_only,new_two_read_review,2026-08-11,2026-08-11,2026-08-11,public_directory_sitemap,https://section8search.org/sitemap.xml | https://affordablehousinghub.org/sitemap.xml,not_approved,FALSE,2,2,2,retain_each,retain_each,2,Section8Search: SHOREBREEZE APTS | Section8Search: SHOREBREEZE EXPANSION,public_housing_directory,https://section8search.org/california/mountain-view/shorebreeze-apts/yrfz3f9mw39tu3lhee2b7w92 | https://section8search.org/california/mountain-view/shorebreeze-expansion/jhtgibc1o1j2bie7xu06925w,city_state_only | exact_standardized_site,shared_address_without_sufficient_identity_evidence,corroborates_all_listed_members_and_address,shared_address_without_sufficient_identity_evidence
SAQ_0132,CA|1720 MACARTHUR BLVD|OAKLAND,ALTENHEIM SENIOR HOUSING PHASE I | ALTENHEIM SENIOR HOUSING PHASE II,phase_or_component_evidence,new_two_read_review,2026-08-11,2026-08-11,2026-08-11,public_directory_sitemap,https://section8search.org/sitemap.xml | https://affordablehousinghub.org/sitemap.xml,not_approved,FALSE,2,2,2,retain_each,retain_each,2,Section8Search: ALTENHEIM SENIOR HOUSING PHASE I | Section8Search: ALTENHEIM SENIOR HOUSING PHASE II,public_housing_directory,https://section8search.org/california/oakland/altenheim-senior-housing-phase-i/eg9su9bhqe4pvys83udb0kg3 | https://section8search.org/california/oakland/altenheim-senior-housing-phase-ii/ta9d2on01lmzmd7xjhsiuaa1,exact_standardized_site,distinct_phases_or_components_common_address,corroborates_all_listed_members_and_address,distinct_phases_or_components_common_address
SAQ_0133,CA|255 8TH AVE|OAKLAND,PASEO ESTERO 4% | PASEO ESTERO 9%,phase_or_component_evidence,new_two_read_review,2026-08-11,2026-08-11,2026-08-11,focused_web_search,https://www.oaklandca.gov/files/assets/city/v/1/planning-amp-building/documents/sp/gp/housing-element/2023-2031-update/hcd-draft-comparison-doc-6.30.2022.pdf,not_approved,FALSE,2,2,1,retain_each,merge_all,2,Oakland housing element for Paseo Estero,municipal_record,https://www.oaklandca.gov/files/assets/city/v/1/planning-amp-building/documents/sp/gp/housing-element/2023-2031-update/hcd-draft-comparison-doc-6.30.2022.pdf,manual_source_confirms_listed_address,distinct_phases_or_components_common_address,supports_merge_all,paired_financing_components_one_physical_development
SAQ_0134,CA|283 13TH ST|OAKLAND,FRANK G MAR APARTMENTS | FRANK G MAR COMMUNITY HOUSING,shared_address_only,new_two_read_review,2026-08-11,2026-08-11,2026-08-11,public_directory_sitemap,https://section8search.org/sitemap.xml | https://affordablehousinghub.org/sitemap.xml,not_approved,FALSE,2,1,1,merge_all,merge_all,2,Affordable Housing Hub: FRANK G MAR COMMUNITY HOUSING | Section8Search: FRANK G MAR APARTMENTS,public_housing_directory,https://affordablehousinghub.org/housing/california/alameda-county/oakland/frank-g-mar-community-housing-26874-lihtc | https://section8search.org/california/oakland/frank-g-mar-apartments/ct20frs3his86pjgyie5xa6t,address_not_extracted | city_state_only,later_financing_or_renamed_same_physical_development,corroborates_all_listed_members_and_address,later_financing_or_renamed_same_physical_development
SAQ_0135,CA|644 14TH ST|OAKLAND,C L DELLUMS APTS | C.L. DELLUMS APARTMENTS,shared_address_only,new_two_read_review,2026-08-11,2026-08-11,2026-08-11,public_directory_sitemap,https://section8search.org/sitemap.xml | https://affordablehousinghub.org/sitemap.xml,not_approved,FALSE,2,1,1,merge_all,merge_all,1,Section8Search: C L DELLUMS APTS,public_housing_directory,https://section8search.org/california/oakland/c-l-dellums-apts/wg61zldbyjs95j6903t70yxw,exact_standardized_site,later_financing_or_renamed_same_physical_development,corroborates_part_of_listed_members_and_address,later_financing_or_renamed_same_physical_development
SAQ_0136,CA|511 N PALMETTO AVE|ONTARIO,MOUNTAIN VIEW SENIOR APTS I | MOUNTAIN VIEW SENIOR APTS II,phase_or_component_evidence,new_two_read_review,2026-08-11,2026-08-11,2026-08-11,public_directory_sitemap,https://section8search.org/sitemap.xml | https://affordablehousinghub.org/sitemap.xml,not_approved,FALSE,2,2,2,retain_each,retain_each,2,Section8Search: MOUNTAIN VIEW SENIOR APTS I | Section8Search: MOUNTAIN VIEW SENIOR APTS II,public_housing_directory,https://section8search.org/california/ontario/mountain-view-senior-apts-i/n9m81dnu1tkgyxt4zmw26t2s | https://section8search.org/california/ontario/mountain-view-senior-apts-ii/q0r4yb5c4tpuu4fgxj6zygkt,exact_standardized_site,distinct_phases_or_components_common_address,corroborates_all_listed_members_and_address,distinct_phases_or_components_common_address
SAQ_0137,CA|100 JAY BLUE DR|OROVILLE,TABLE MOUNTAIN APARTMENTS | TABLE MOUNTAIN APARTMENTS II,shared_address_only,new_two_read_review,2026-08-11,2026-08-11,2026-08-11,focused_web_search,https://www.hcd.ca.gov/sites/default/files/docs/grants-and-funding/disaster-recovery-migitation/21-drmhp-21009-ntp3-table-mountain2.pdf,not_approved,FALSE,2,2,2,retain_each,retain_each,2,California HCD notice to proceed for Table Mountain II,allocating_agency,https://www.hcd.ca.gov/sites/default/files/docs/grants-and-funding/disaster-recovery-migitation/21-drmhp-21009-ntp3-table-mountain2.pdf,manual_source_confirms_listed_address,shared_address_without_sufficient_identity_evidence,supports_retain_each,outside_source_confirms_distinct_phases_or_components
SAQ_0138,CA|805 AVILA AVE|PARLIER,AVILA AVENUE APARTMENTS II | AVILA AVENUE APTS,shared_address_only,new_two_read_review,2026-08-11,2026-08-11,2026-08-11,public_directory_sitemap,https://section8search.org/sitemap.xml | https://affordablehousinghub.org/sitemap.xml,not_approved,FALSE,2,2,2,retain_each,retain_each,2,Section8Search: AVILA AVENUE APARTMENTS II | Section8Search: AVILA AVENUE APTS,public_housing_directory,https://section8search.org/california/parlier/avila-avenue-apartments-ii/evh8cvn226lt59a5ingho378 | https://section8search.org/california/parlier/avila-avenue-apts/waix7tr5l64mib800btbkpl1,city_state_only | exact_standardized_site,shared_address_without_sufficient_identity_evidence,corroborates_all_listed_members_and_address,shared_address_without_sufficient_identity_evidence
SAQ_0139,CA|80 CARY ST|PASO ROBLES,HIDDEN CREEK APTS | HIDDEN CREEK VILLAGE,shared_address_only,new_two_read_review,2026-08-11,2026-08-11,2026-08-11,public_directory_sitemap,https://section8search.org/sitemap.xml | https://affordablehousinghub.org/sitemap.xml,not_approved,FALSE,2,2,2,retain_each,retain_each,2,Section8Search: HIDDEN CREEK APTS | Section8Search: HIDDEN CREEK VILLAGE,public_housing_directory,https://section8search.org/california/paso-robles/hidden-creek-apts/w6v91w89vdmn8z3sr4n135ru | https://section8search.org/california/paso-robles/hidden-creek-village/g7u0vdnlwzocpqp7pzfhypbp,exact_standardized_site,shared_address_without_sufficient_identity_evidence,corroborates_all_listed_members_and_address,shared_address_without_sufficient_identity_evidence
SAQ_0140,CA|625 LOGAN WAY|PATTERSON,STONEGATE VILLAGE I | STONEGATE VILLAGE II,phase_or_component_evidence,new_two_read_review,2026-08-11,2026-08-11,2026-08-11,public_directory_sitemap,https://section8search.org/sitemap.xml | https://affordablehousinghub.org/sitemap.xml,not_approved,FALSE,2,2,2,retain_each,retain_each,2,Section8Search: STONEGATE VILLAGE I | Section8Search: STONEGATE VILLAGE II,public_housing_directory,https://section8search.org/california/patterson/stonegate-village-i/vz2wez390cqpjcy2rp4l98po | https://section8search.org/california/patterson/stonegate-village-ii/s9p8g7hl0smy5qat5tll7kek,exact_standardized_site,distinct_phases_or_components_common_address,corroborates_all_listed_members_and_address,distinct_phases_or_components_common_address
SAQ_0141,CA|5300 CASE AVE|PLEASANTON,PROMANADE I | PROMANADE II,phase_or_component_evidence,new_two_read_review,2026-08-11,2026-08-11,2026-08-11,public_directory_sitemap,https://section8search.org/sitemap.xml | https://affordablehousinghub.org/sitemap.xml,not_approved,FALSE,2,2,2,retain_each,retain_each,2,Section8Search: PROMANADE I | Section8Search: PROMANADE II,public_housing_directory,https://section8search.org/california/pleasanton/promanade-i/i3kfiwsv6791yt9ljk77864f | https://section8search.org/california/pleasanton/promanade-ii/vx20wc6rq1awjhropbs0bzo9,exact_standardized_site,distinct_phases_or_components_common_address,corroborates_all_listed_members_and_address,distinct_phases_or_components_common_address
SAQ_0142,CA|990 E SPRINGFIELD AVE|REEDLEY,RIVERLAND APARTMENTS | RIVERLAND APTS,shared_address_only,new_two_read_review,2026-08-11,2026-08-11,2026-08-11,public_directory_sitemap,https://section8search.org/sitemap.xml | https://affordablehousinghub.org/sitemap.xml,not_approved,FALSE,2,2,2,retain_each,retain_each,2,Affordable Housing Hub: RIVERLAND APTS | Section8Search: RIVERLAND APARTMENTS,public_housing_directory,https://affordablehousinghub.org/housing/california/fresno-county/reedley/riverland-apts-29427-lihtc | https://section8search.org/california/reedley/riverland-apartments/v8m4wxr6te0g35uqcy3kl5bd,address_not_extracted | city_state_only,shared_address_without_sufficient_identity_evidence,corroborates_all_listed_members_and_address,shared_address_without_sufficient_identity_evidence
SAQ_0143,CA|700 S 26TH ST|RICHMOND,EASTER HILL APTS IA | EASTER HILL APTS IB | EASTER HILL APTS PHASE II,phase_or_component_evidence,new_two_read_review,2026-08-11,2026-08-11,2026-08-11,public_directory_sitemap,https://section8search.org/sitemap.xml | https://affordablehousinghub.org/sitemap.xml,not_approved,FALSE,3,3,3,retain_each,retain_each,3,Section8Search: EASTER HILL APTS IA | Section8Search: EASTER HILL APTS IB | Section8Search: EASTER HILL APTS PHASE II,public_housing_directory,https://section8search.org/california/richmond/easter-hill-apts-ia/vfkrzuzp6ee5vcg9y0r392jo | https://section8search.org/california/richmond/easter-hill-apts-ib/gfvgpzaimf2cx6wp6wbqxxbl | https://section8search.org/california/richmond/easter-hill-apts-phase-ii/kij5hpdsc9jrzed1my113zvr,exact_standardized_site,distinct_phases_or_components_common_address,corroborates_all_listed_members_and_address,distinct_phases_or_components_common_address
SAQ_0144,CA|4390 47TH AVE|SACRAMENTO,RIVER ROCK APARTMENTS (F.K.A SAYBROOK APARTMENTS) | SAYBROOK APTS,shared_address_only,new_two_read_review,2026-08-11,2026-08-11,2026-08-11,public_directory_sitemap,https://section8search.org/sitemap.xml | https://affordablehousinghub.org/sitemap.xml,not_approved,FALSE,2,2,2,retain_each,retain_each,1,Section8Search: SAYBROOK APTS,public_housing_directory,https://section8search.org/california/sacramento/saybrook-apts/tdozp0f8952a1nbgdkk6rhlm,exact_standardized_site,shared_address_without_sufficient_identity_evidence,corroborates_part_of_listed_members_and_address,shared_address_without_sufficient_identity_evidence
SAQ_0145,CA|4400 SHINING STAR DR|SACRAMENTO,PHOENIX PARK I | PHOENIX PARK II,phase_or_component_evidence,new_two_read_review,2026-08-11,2026-08-11,2026-08-11,public_directory_sitemap,https://section8search.org/sitemap.xml | https://affordablehousinghub.org/sitemap.xml,not_approved,FALSE,2,2,2,retain_each,retain_each,2,Section8Search: PHOENIX PARK I | Section8Search: PHOENIX PARK II,public_housing_directory,https://section8search.org/california/sacramento/phoenix-park-i/dk0zzvy768tl096viil9o2x8 | https://section8search.org/california/sacramento/phoenix-park-ii/lg3ggikqeuflj65hash8hacg,exact_standardized_site,distinct_phases_or_components_common_address,corroborates_all_listed_members_and_address,distinct_phases_or_components_common_address
SAQ_0146,CA|4451 GATEWAY PARK BLVD|SACRAMENTO,TERRACINA GOLD VILLAGE 2 | TERRACINA GOLD VILLAGES 1&3,shared_address_only,new_two_read_review,2026-08-11,2026-08-11,2026-08-11,public_directory_sitemap,https://section8search.org/sitemap.xml | https://affordablehousinghub.org/sitemap.xml,not_approved,FALSE,2,2,2,retain_each,retain_each,1,Section8Search: TERRACINA GOLD VILLAGE 2,public_housing_directory,https://section8search.org/california/sacramento/terracina-gold-village-2/lu0l2kbkqeqg839zjc7nva8h,exact_standardized_site,shared_address_without_sufficient_identity_evidence,corroborates_part_of_listed_members_and_address,shared_address_without_sufficient_identity_evidence
SAQ_0147,CA|4550 LE DONNE DR|SACRAMENTO,CORNERSTONE NORTH BY MUTUAL HOUSING | CORNERSTONE SOUTH BY MUTUAL HOUSING,phase_or_component_evidence,new_two_read_review,2026-08-11,2026-08-11,2026-08-11,focused_web_search,https://www.shra.org/wp-content/uploads/2024/06/ATT-2-Affordable-Housing-Ordinance-Report-for-2023.pdf,not_approved,FALSE,2,2,2,retain_each,retain_each,2,Sacramento Housing and Redevelopment Agency annual report,housing_authority,https://www.shra.org/wp-content/uploads/2024/06/ATT-2-Affordable-Housing-Ordinance-Report-for-2023.pdf,manual_source_confirms_listed_address,distinct_phases_or_components_common_address,supports_retain_each,outside_source_confirms_distinct_phases_or_components
SAQ_0148,CA|6311 SAMPSON BLVD|SACRAMENTO,MUTUAL HOUSING ON THE GREENWAY | SOUTH SACRAMENTO MUTUAL HOUSING,shared_address_only,new_two_read_review,2026-08-11,2026-08-11,2026-08-11,public_directory_sitemap,https://section8search.org/sitemap.xml | https://affordablehousinghub.org/sitemap.xml,not_approved,FALSE,2,2,2,retain_each,retain_each,2,Affordable Housing Hub: MUTUAL HOUSING ON THE GREENWAY | Section8Search: SOUTH SACRAMENTO MUTUAL HOUSING,public_housing_directory,https://affordablehousinghub.org/housing/california/sacramento-county/sacramento/mutual-housing-on-the-greenway-26808-lihtc | https://section8search.org/california/sacramento/south-sacramento-mutual-housing/mo61djszpha2q3nxd575lg84,address_not_extracted | exact_standardized_site,shared_address_without_sufficient_identity_evidence,corroborates_all_listed_members_and_address,shared_address_without_sufficient_identity_evidence
SAQ_0149,CA|6601 SUNNYSLOPE DR|SACRAMENTO,GARDEN VILLAGE | WILLOW POINTE AT LINDALE APTS,shared_address_only,new_two_read_review,2026-08-11,2026-08-11,2026-08-11,public_directory_sitemap,https://section8search.org/sitemap.xml | https://affordablehousinghub.org/sitemap.xml,not_approved,FALSE,2,2,2,retain_each,retain_each,2,Section8Search: GARDEN VILLAGE | Section8Search: WILLOW POINTE AT LINDALE APTS,public_housing_directory,https://section8search.org/california/sacramento/garden-village/ymsdrm7c2jlwdl44svh3gukc | https://section8search.org/california/sacramento/willow-pointe-at-lindale-apts/jle4htd3n6z8v2z6lkzg9817,exact_standardized_site,shared_address_without_sufficient_identity_evidence,corroborates_all_listed_members_and_address,shared_address_without_sufficient_identity_evidence
SAQ_0150,CA|912 12TH ST|SACRAMENTO,RIDGEWAY HOTEL | RIDGEWAY STUDIOS,shared_address_only,new_two_read_review,2026-08-11,2026-08-11,2026-08-11,public_directory_sitemap,https://section8search.org/sitemap.xml | https://affordablehousinghub.org/sitemap.xml,not_approved,FALSE,2,2,2,retain_each,retain_each,2,Affordable Housing Hub: RIDGEWAY HOTEL | Section8Search: RIDGEWAY STUDIOS,public_housing_directory,https://affordablehousinghub.org/housing/california/sacramento-county/sacramento/ridgeway-hotel-29426-lihtc | https://section8search.org/california/sacramento/ridgeway-studios/l9cvbs3p2glru149g09wkfmw,address_not_extracted | exact_standardized_site,shared_address_without_sufficient_identity_evidence,corroborates_all_listed_members_and_address,shared_address_without_sufficient_identity_evidence
SAQ_0151,CA|1101 NATIONAL AVE|SAN BRUNO,THE CROSSING PHASE I | THE CROSSING PHASE II,phase_or_component_evidence,new_two_read_review,2026-08-11,2026-08-11,2026-08-11,public_directory_sitemap,https://section8search.org/sitemap.xml | https://affordablehousinghub.org/sitemap.xml,not_approved,FALSE,2,2,2,retain_each,retain_each,2,Section8Search: THE CROSSING PHASE I | Section8Search: THE CROSSING PHASE II,public_housing_directory,https://section8search.org/california/san-bruno/the-crossing-phase-i/nxdh22rfl0tikjsw2uo2wewf | https://section8search.org/california/san-bruno/the-crossing-phase-ii/exfzj26ktjs92r94fxr8bfjg,exact_standardized_site,distinct_phases_or_components_common_address,corroborates_all_listed_members_and_address,distinct_phases_or_components_common_address
SAQ_0152,CA|123 CALLE AMISTAD|SAN CLEMENTE,TALEGA JAMBOREE APTS PHASE I | TALEGA JAMBOREE APTS PHASE II,phase_or_component_evidence,new_two_read_review,2026-08-11,2026-08-11,2026-08-11,public_directory_sitemap,https://section8search.org/sitemap.xml | https://affordablehousinghub.org/sitemap.xml,not_approved,FALSE,2,2,2,retain_each,retain_each,2,Section8Search: TALEGA JAMBOREE APTS PHASE I | Section8Search: TALEGA JAMBOREE APTS PHASE II,public_housing_directory,https://section8search.org/california/san-clemente/talega-jamboree-apts-phase-i/q3pvp1uzay9qejfcvzxlq4c3 | https://section8search.org/california/san-clemente/talega-jamboree-apts-phase-ii/sdjeymlrwkizi8yp77ukerv0,exact_standardized_site,distinct_phases_or_components_common_address,corroborates_all_listed_members_and_address,distinct_phases_or_components_common_address
SAQ_0153,CA|4283 EL CAJON BLVD|SAN DIEGO,BRIDGEPORT PROPERTIES I | BRIDGEPORT PROPERTIES II,phase_or_component_evidence,new_two_read_review,2026-08-11,2026-08-11,2026-08-11,public_directory_sitemap,https://section8search.org/sitemap.xml | https://affordablehousinghub.org/sitemap.xml,not_approved,FALSE,2,2,2,retain_each,retain_each,2,Section8Search: BRIDGEPORT PROPERTIES I | Section8Search: BRIDGEPORT PROPERTIES II,public_housing_directory,https://section8search.org/california/san-diego/bridgeport-properties-i/wum7hrw91itkuic7yk5v300i | https://section8search.org/california/san-diego/bridgeport-properties-ii/zvgn88en86gfp1e2nxfrsdmg,exact_standardized_site,distinct_phases_or_components_common_address,corroborates_all_listed_members_and_address,distinct_phases_or_components_common_address
SAQ_0154,CA|550 14TH ST|SAN DIEGO,ALPHA SQUARE 4% | ALPHA SQUARE 9%,phase_or_component_evidence,new_two_read_review,2026-08-11,2026-08-11,2026-08-11,focused_web_search,https://royalpropertymgmt.com/property/alpha-square-apartment-homes/,not_approved,FALSE,2,2,1,retain_each,merge_all,2,Alpha Square Apartment Homes,property_manager,https://royalpropertymgmt.com/property/alpha-square-apartment-homes/,manual_source_confirms_listed_address,distinct_phases_or_components_common_address,supports_merge_all,paired_financing_components_one_physical_development
SAQ_0155,CA|1166 HOWARD ST|SAN FRANCISCO,8TH & HOWARD FAMILY APTS | SOMA STUDIOS,shared_address_only,new_two_read_review,2026-08-11,2026-08-11,2026-08-11,public_directory_sitemap,https://section8search.org/sitemap.xml | https://affordablehousinghub.org/sitemap.xml,not_approved,FALSE,2,2,2,retain_each,retain_each,2,Section8Search: 8TH & HOWARD FAMILY APTS | Section8Search: SOMA STUDIOS,public_housing_directory,https://section8search.org/california/san-francisco/8th-howard-family-apts/kphtaxekruh6qb7bil4zz52x | https://section8search.org/california/san-francisco/soma-studios/tqaqmqox1lob9wvkenojran5,exact_standardized_site,shared_address_without_sufficient_identity_evidence,corroborates_all_listed_members_and_address,shared_address_without_sufficient_identity_evidence
SAQ_0156,CA|201 TURK ST|SAN FRANCISCO,TENDERLOIN FAMILY HOUSING | TURK STREET APTS,shared_address_only,new_two_read_review,2026-08-11,2026-08-11,2026-08-11,public_directory_sitemap,https://section8search.org/sitemap.xml | https://affordablehousinghub.org/sitemap.xml,not_approved,FALSE,2,1,1,merge_all,merge_all,2,Section8Search: TENDERLOIN FAMILY HOUSING | Section8Search: TURK STREET APTS,public_housing_directory,https://section8search.org/california/san-francisco/tenderloin-family-housing/gny41918dwbr3wyvja8cx0cr | https://section8search.org/california/san-francisco/turk-street-apts/gq220nwglotdpg6f6ak8ukpw,city_state_only,later_financing_or_renamed_same_physical_development,corroborates_all_listed_members_and_address,later_financing_or_renamed_same_physical_development
SAQ_0157,CA|355 RACE ST|SAN JOSE,PARKVIEW SENIOR APARTMENTS | PARKVIEW SENIOR APTS,shared_address_only,new_two_read_review,2026-08-11,2026-08-11,2026-08-11,public_directory_sitemap,https://section8search.org/sitemap.xml | https://affordablehousinghub.org/sitemap.xml,not_approved,FALSE,2,2,2,retain_each,retain_each,2,Affordable Housing Hub: PARKVIEW SENIOR APTS | Section8Search: PARKVIEW SENIOR APARTMENTS,public_housing_directory,https://affordablehousinghub.org/housing/california/santa-clara-county/san-jose/parkview-senior-apts-29137-lihtc | https://section8search.org/california/san-jose/parkview-senior-apartments/x47276oyx49d38caez00rsci,address_not_extracted | city_state_only,shared_address_without_sufficient_identity_evidence,corroborates_all_listed_members_and_address,shared_address_without_sufficient_identity_evidence
SAQ_0158,CA|3955 VISTAPARK DR|SAN JOSE,VISTA PARK I | VISTA PARK SENIOR HOMES PHASE II,shared_address_only,new_two_read_review,2026-08-11,2026-08-11,2026-08-11,public_directory_sitemap,https://section8search.org/sitemap.xml | https://affordablehousinghub.org/sitemap.xml,not_approved,FALSE,2,2,2,retain_each,retain_each,2,Section8Search: VISTA PARK I | Section8Search: VISTA PARK SENIOR HOMES PHASE II,public_housing_directory,https://section8search.org/california/san-jose/vista-park-i/vohxmog41tdcqrhpa1x1i7uh | https://section8search.org/california/san-jose/vista-park-senior-homes-phase-ii/ws9zt48d9ow4ab8tv8nfyjtc,exact_standardized_site,shared_address_without_sufficient_identity_evidence,corroborates_all_listed_members_and_address,shared_address_without_sufficient_identity_evidence
SAQ_0159,CA|1730 ELFIN FOREST RD|SAN MARCOS,COPPER CREEK APTS 4 PERCENT | COPPER CREEK APTS 9 PERCENT,phase_or_component_evidence,new_two_read_review,2026-08-11,2026-08-11,2026-08-11,focused_web_search,https://bridgehousing.com/properties/copper-creek-apartments/,not_approved,FALSE,2,2,1,retain_each,merge_all,2,Copper Creek Apartments,property_owner,https://bridgehousing.com/properties/copper-creek-apartments/,manual_source_confirms_listed_address,distinct_phases_or_components_common_address,supports_merge_all,paired_financing_components_one_physical_development
SAQ_0160,CA|616 N LACY ST|SANTA ANA,SANTA ANA STATION DISTRICT PHASE I | SANTA ANA STATION DISTRICT PHASE II,phase_or_component_evidence,new_two_read_review,2026-08-11,2026-08-11,2026-08-11,public_directory_sitemap,https://section8search.org/sitemap.xml | https://affordablehousinghub.org/sitemap.xml,not_approved,FALSE,2,2,2,retain_each,retain_each,2,Section8Search: SANTA ANA STATION DISTRICT PHASE I | Section8Search: SANTA ANA STATION DISTRICT PHASE II,public_housing_directory,https://section8search.org/california/santa-ana/santa-ana-station-district-phase-i/nea0vn747nt9q7c3fq6y2y5e | https://section8search.org/california/santa-ana/santa-ana-station-district-phase-ii/i3ye3k6ig1s2hgwtc9t3yts5,exact_standardized_site,distinct_phases_or_components_common_address,corroborates_all_listed_members_and_address,distinct_phases_or_components_common_address
SAQ_0161,CA|521 N LA CUMBRE RD|SANTA BARBARA,VILLA LA CUMBRE | VILLA SANTA FE APTS II,shared_address_only,new_two_read_review,2026-08-11,2026-08-11,2026-08-11,public_directory_sitemap,https://section8search.org/sitemap.xml | https://affordablehousinghub.org/sitemap.xml,not_approved,FALSE,2,2,2,retain_each,retain_each,2,Affordable Housing Hub: VILLA LA CUMBRE | Section8Search: VILLA SANTA FE APTS II,public_housing_directory,https://affordablehousinghub.org/housing/california/santa-barbara-county/santa-barbara/villa-la-cumbre-29679-lihtc | https://section8search.org/california/santa-barbara/villa-santa-fe-apts-ii/dksrgq5tnxz0gvua5zpr12fj,address_not_extracted | exact_standardized_site,shared_address_without_sufficient_identity_evidence,corroborates_all_listed_members_and_address,shared_address_without_sufficient_identity_evidence
SAQ_0162,CA|1414 N BROADWAY|SANTA MARIA,RANCHO GARDENS APTS I | RANCHO GARDENS APTS II,phase_or_component_evidence,new_two_read_review,2026-08-11,2026-08-11,2026-08-11,public_directory_sitemap,https://section8search.org/sitemap.xml | https://affordablehousinghub.org/sitemap.xml,not_approved,FALSE,2,2,2,retain_each,retain_each,2,Section8Search: RANCHO GARDENS APTS I | Section8Search: RANCHO GARDENS APTS II,public_housing_directory,https://section8search.org/california/santa-maria/rancho-gardens-apts-i/i6musc2cz3bw95a8vj6jyavx | https://section8search.org/california/santa-maria/rancho-gardens-apts-ii/a117s730obmh3yxqo9s8p11p,exact_standardized_site,distinct_phases_or_components_common_address,corroborates_all_listed_members_and_address,distinct_phases_or_components_common_address
SAQ_0163,CA|210 W SANTA BARBARA ST|SANTA PAULA,AAAARODNEY FERNANDEZ GARDENS | RODNEY FERNANDEZ GARDENS PHASE II,shared_address_only,new_two_read_review,2026-08-11,2026-08-11,2026-08-11,public_directory_sitemap,https://section8search.org/sitemap.xml | https://affordablehousinghub.org/sitemap.xml,not_approved,FALSE,2,2,2,retain_each,retain_each,2,Section8Search: AAAARODNEY FERNANDEZ GARDENS | Section8Search: RODNEY FERNANDEZ GARDENS PHASE II,public_housing_directory,https://section8search.org/california/santa-paula/aaaarodney-fernandez-gardens/un9o0sq6h5w50gd5kzovpiky | https://section8search.org/california/santa-paula/rodney-fernandez-gardens-phase-ii/yf1mf5ghv8chunoyxhf0zbt6,exact_standardized_site,shared_address_without_sufficient_identity_evidence,corroborates_all_listed_members_and_address,shared_address_without_sufficient_identity_evidence
SAQ_0164,CA|1300 PEBBLECREEK DR|SANTA ROSA,AMOROSA VILLAGE I | AMOROSA VILLAGE II,phase_or_component_evidence,new_two_read_review,2026-08-11,2026-08-11,2026-08-11,public_directory_sitemap,https://section8search.org/sitemap.xml | https://affordablehousinghub.org/sitemap.xml,not_approved,FALSE,2,2,2,retain_each,retain_each,2,Section8Search: AMOROSA VILLAGE I | Section8Search: AMOROSA VILLAGE II,public_housing_directory,https://section8search.org/california/santa-rosa/amorosa-village-i/n6d7ixfkqwvltv92pfcfjbcd | https://section8search.org/california/santa-rosa/amorosa-village-ii/bl8uylzl3seihrxnd6dx49p4,exact_standardized_site,distinct_phases_or_components_common_address,corroborates_all_listed_members_and_address,distinct_phases_or_components_common_address
SAQ_0165,CA|439 BENITO ST|SOLEDAD,BENITO STREET AFFORDABLE HOUSING COMMUNITY | BENITO STREET FARM LABOR CENTER,shared_address_only,new_two_read_review,2026-08-11,2026-08-11,2026-08-11,public_directory_sitemap,https://section8search.org/sitemap.xml | https://affordablehousinghub.org/sitemap.xml,not_approved,FALSE,2,2,2,retain_each,retain_each,2,Section8Search: BENITO STREET AFFORDABLE HOUSING COMMUNITY | Section8Search: BENITO STREET FARM LABOR CENTER,public_housing_directory,https://section8search.org/california/soledad/benito-street-affordable-housing-community/g8am92k8usfinxh7ezfp1nlm | https://section8search.org/california/soledad/benito-street-farm-labor-center/l37g19dqpmeh0jzntd5c6bqc,exact_standardized_site,shared_address_without_sufficient_identity_evidence,corroborates_all_listed_members_and_address,shared_address_without_sufficient_identity_evidence
SAQ_0166,CA|636 EL CAMINO REAL|SOUTH SAN FRANCISCO,EL CAMINO FAMILY HOUSING PHASE I | EL CAMINO FAMILY HOUSING PHASE II,phase_or_component_evidence,new_two_read_review,2026-08-11,2026-08-11,2026-08-11,public_directory_sitemap,https://section8search.org/sitemap.xml | https://affordablehousinghub.org/sitemap.xml,not_approved,FALSE,2,2,2,retain_each,retain_each,2,Section8Search: EL CAMINO FAMILY HOUSING PHASE I | Section8Search: EL CAMINO FAMILY HOUSING PHASE II,public_housing_directory,https://section8search.org/california/south-san-francisco/el-camino-family-housing-phase-i/ft286ragkyv667yptnc5tphk | https://section8search.org/california/south-san-francisco/el-camino-family-housing-phase-ii/fuor5g718pa42v604fb6avax,exact_standardized_site,distinct_phases_or_components_common_address,corroborates_all_listed_members_and_address,distinct_phases_or_components_common_address
SAQ_0167,CA|1020 ROSEMARIE LN|STOCKTON,BRADFORD APTS | CHATEAU DE LYON (AKA  BRADFORD APARTMENTS),name_or_timing_evidence,new_two_read_review,2026-08-11,2026-08-11,2026-08-11,public_directory_sitemap,https://section8search.org/sitemap.xml | https://affordablehousinghub.org/sitemap.xml,not_approved,FALSE,2,1,1,merge_all,merge_all,2,Affordable Housing Hub: BRADFORD APTS | Section8Search: CHATEAU DE LYON (AKA  BRADFORD APARTMENTS),public_housing_directory,https://affordablehousinghub.org/housing/california/san-joaquin-county/stockton/bradford-apts-29401-lihtc | https://section8search.org/california/stockton/chateau-de-lyon-aka-bradford-apartments/wxs9szux8gpwmdzuigupx8vp,address_not_extracted | city_state_only,name_or_reporting_variant_same_physical_development,corroborates_all_listed_members_and_address,name_or_reporting_variant_same_physical_development
SAQ_0168,CA|804 N HUNTER ST|STOCKTON,LIBERTY SQUARE (HYBRID 4%) | LIBERTY SQUARE (HYBRID 9%),phase_or_component_evidence,new_two_read_review,2026-08-11,2026-08-11,2026-08-11,focused_web_search,https://visionaryhomebuilders.org/properties/liberty-square/,not_approved,FALSE,2,2,1,retain_each,merge_all,2,Liberty Square,property_owner,https://visionaryhomebuilders.org/properties/liberty-square/,manual_source_confirms_listed_address,distinct_phases_or_components_common_address,supports_merge_all,paired_financing_components_one_physical_development
SAQ_0169,CA|28410 ENCANTO DR|SUN CITY,HILLSIDE I | HILLSIDE II,phase_or_component_evidence,new_two_read_review,2026-08-11,2026-08-11,2026-08-11,public_directory_sitemap,https://section8search.org/sitemap.xml | https://affordablehousinghub.org/sitemap.xml,not_approved,FALSE,2,2,2,retain_each,retain_each,2,Affordable Housing Hub: HILLSIDE I | Affordable Housing Hub: HILLSIDE II,public_housing_directory,https://affordablehousinghub.org/housing/california/riverside-county/sun-city/hillside-i-29500-lihtc | https://affordablehousinghub.org/housing/california/riverside-county/sun-city/hillside-ii-29529-lihtc,address_not_extracted,distinct_phases_or_components_common_address,corroborates_all_listed_members_and_address,distinct_phases_or_components_common_address
SAQ_0170,CA|11111 STRATHERN ST|SUN VALLEY,LORNE PARK | STRATHERN PARK,shared_address_only,new_two_read_review,2026-08-11,2026-08-11,2026-08-11,public_directory_sitemap,https://section8search.org/sitemap.xml | https://affordablehousinghub.org/sitemap.xml,not_approved,FALSE,2,2,2,retain_each,retain_each,2,Affordable Housing Hub: LORNE PARK | Affordable Housing Hub: STRATHERN PARK,public_housing_directory,https://affordablehousinghub.org/housing/california/los-angeles-county/sun-valley/lorne-park-29001-lihtc | https://affordablehousinghub.org/housing/california/los-angeles-county/sun-valley/strathern-park-26823-lihtc,address_not_extracted,shared_address_without_sufficient_identity_evidence,corroborates_all_listed_members_and_address,shared_address_without_sufficient_identity_evidence
SAQ_0171,CA|1601 TENAKA PL|SUNNYVALE,HOMESTEAD PARK | MOULTON PLAZA,shared_address_only,new_two_read_review,2026-08-11,2026-08-11,2026-08-11,public_directory_sitemap,https://section8search.org/sitemap.xml | https://affordablehousinghub.org/sitemap.xml,not_approved,FALSE,2,2,2,retain_each,retain_each,2,Section8Search: HOMESTEAD PARK | Section8Search: MOULTON PLAZA,public_housing_directory,https://section8search.org/california/sunnyvale/homestead-park/foptjctqecru7xwnt27sl5tc | https://section8search.org/california/sunnyvale/moulton-plaza/o7ghls2taadcq9zoue0u8dbk,exact_standardized_site,shared_address_without_sufficient_identity_evidence,corroborates_all_listed_members_and_address,shared_address_without_sufficient_identity_evidence
SAQ_0172,CA|351 N W ST|TULARE,VALLEY OAKS APT HOMES | VALLEY OAKS APTS PHASE II,shared_address_only,new_two_read_review,2026-08-11,2026-08-11,2026-08-11,public_directory_sitemap,https://section8search.org/sitemap.xml | https://affordablehousinghub.org/sitemap.xml,not_approved,FALSE,2,2,2,retain_each,retain_each,2,Section8Search: VALLEY OAKS APT HOMES | Section8Search: VALLEY OAKS APTS PHASE II,public_housing_directory,https://section8search.org/california/tulare/valley-oaks-apt-homes/brcvaild11ajfyvqiysexsdt | https://section8search.org/california/tulare/valley-oaks-apts-phase-ii/phu9gwmhrw3h2kmnclrbt6kd,exact_standardized_site,shared_address_without_sufficient_identity_evidence,corroborates_all_listed_members_and_address,shared_address_without_sufficient_identity_evidence
SAQ_0173,CA|500 W LINWOOD AVE|TURLOCK,"AVENA BELLA APTS | AVENA BELLA, PHASE 2",shared_address_only,new_two_read_review,2026-08-11,2026-08-11,2026-08-11,public_directory_sitemap,https://section8search.org/sitemap.xml | https://affordablehousinghub.org/sitemap.xml,not_approved,FALSE,2,2,2,retain_each,retain_each,2,"Section8Search: AVENA BELLA APTS | Section8Search: AVENA BELLA, PHASE 2",public_housing_directory,https://section8search.org/california/turlock/avena-bella-apts/k9tuxiha20wfwc2l0xffrpq7 | https://section8search.org/california/turlock/avena-bella-phase-2/drkmjwjr2ibl1qc4tismvw0g,city_state_only | exact_standardized_site,shared_address_without_sufficient_identity_evidence,corroborates_all_listed_members_and_address,shared_address_without_sufficient_identity_evidence
SAQ_0174,CA|6215 OCOTILLO AVE|TWENTYNINE PALMS,SAGE WOOD MANOR | SAGEWOOD MANOR APARTMENTS,shared_address_only,new_two_read_review,2026-08-11,2026-08-11,2026-08-11,public_directory_sitemap,https://section8search.org/sitemap.xml | https://affordablehousinghub.org/sitemap.xml,not_approved,FALSE,2,1,1,merge_all,merge_all,2,Affordable Housing Hub: SAGE WOOD MANOR | Section8Search: SAGEWOOD MANOR APARTMENTS,public_housing_directory,https://affordablehousinghub.org/housing/california/san-bernardino-county/twentynine-palms/sage-wood-manor-28895-lihtc | https://section8search.org/california/twentynine-palms/sagewood-manor-apartments/hnhiihpyh72poadinx3jz2vc,address_not_extracted | city_state_only,later_financing_or_renamed_same_physical_development,corroborates_all_listed_members_and_address,later_financing_or_renamed_same_physical_development
SAQ_0175,CA|34888 11TH ST|UNION CITY,STATION CENTER PHASE I | STATION CENTER PHASE II,phase_or_component_evidence,new_two_read_review,2026-08-11,2026-08-11,2026-08-11,public_directory_sitemap,https://section8search.org/sitemap.xml | https://affordablehousinghub.org/sitemap.xml,not_approved,FALSE,2,2,2,retain_each,retain_each,2,Section8Search: STATION CENTER PHASE I | Section8Search: STATION CENTER PHASE II,public_housing_directory,https://section8search.org/california/union-city/station-center-phase-i/k3680rf75nmqizk85hfqn95h | https://section8search.org/california/union-city/station-center-phase-ii/okggjx7d7au4l1pr3bzlpyxc,exact_standardized_site,distinct_phases_or_components_common_address,corroborates_all_listed_members_and_address,distinct_phases_or_components_common_address
SAQ_0176,CA|201 MAINE ST|VALLEJO,LONGSHORE COVE APARTMENTS | MARINA VISTA I | MARINA VISTA II,phase_or_component_evidence,new_two_read_review,2026-08-11,2026-08-11,2026-08-11,public_directory_sitemap,https://section8search.org/sitemap.xml | https://affordablehousinghub.org/sitemap.xml,not_approved,FALSE,3,3,3,retain_each,retain_each,3,Section8Search: LONGSHORE COVE APARTMENTS | Section8Search: MARINA VISTA I | Section8Search: MARINA VISTA II,public_housing_directory,https://section8search.org/california/vallejo/longshore-cove-apartments/qr76k0i801hiwrh2h7l2srpw | https://section8search.org/california/vallejo/marina-vista-i/bx1djgtf7iw1rg0vc6ic41yf | https://section8search.org/california/vallejo/marina-vista-ii/s60zptzxzwf35yqjarqaqzcp,city_state_only | exact_standardized_site,distinct_phases_or_components_common_address,corroborates_all_listed_members_and_address,distinct_phases_or_components_common_address
SAQ_0177,CA|7250 HAZELTINE AVE|VAN NUYS,HAZELTINE & WYANDOTTE APTS | HAZELTINE APTS,shared_address_only,new_two_read_review,2026-08-11,2026-08-11,2026-08-11,public_directory_sitemap,https://section8search.org/sitemap.xml | https://affordablehousinghub.org/sitemap.xml,not_approved,FALSE,2,2,2,retain_each,retain_each,2,Section8Search: HAZELTINE & WYANDOTTE APTS | Section8Search: HAZELTINE APTS,public_housing_directory,https://section8search.org/california/van-nuys/hazeltine-apts/q2iml9bkvkvrinkb9sg3p5yh | https://section8search.org/california/van-nuys/hazeltine-wyandotte-apts/z32i2kcwwtrnjvj75pf3zvym,exact_standardized_site,shared_address_without_sufficient_identity_evidence,corroborates_all_listed_members_and_address,shared_address_without_sufficient_identity_evidence
SAQ_0178,CA|16980 NISQUALLI RD|VICTORVILLE,CASA BELLA APTS 1A | CASA BELLA APTS 1B | CASA BELLA APTS 2,phase_or_component_evidence,new_two_read_review,2026-08-11,2026-08-11,2026-08-11,public_directory_sitemap,https://section8search.org/sitemap.xml | https://affordablehousinghub.org/sitemap.xml,not_approved,FALSE,3,3,3,retain_each,retain_each,3,Section8Search: CASA BELLA APTS 1A | Section8Search: CASA BELLA APTS 1B | Section8Search: CASA BELLA APTS 2,public_housing_directory,https://section8search.org/california/victorville/casa-bella-apts-1a/sve1yvzj3o52o71vyzba5zfb | https://section8search.org/california/victorville/casa-bella-apts-1b/d2hqhg6e84rk9pcanb6i3x26 | https://section8search.org/california/victorville/casa-bella-apts-2/kvd151tl3zsvuct2saayxrb6,exact_standardized_site,distinct_phases_or_components_common_address,corroborates_all_listed_members_and_address,distinct_phases_or_components_common_address
SAQ_0179,CA|2455 W CAPITOL AVE|WEST SACRAMENTO,WEST CAPITOL COURTYARDS I | WEST CAPITOL COURTYARDS II,phase_or_component_evidence,new_two_read_review,2026-08-11,2026-08-11,2026-08-11,public_directory_sitemap,https://section8search.org/sitemap.xml | https://affordablehousinghub.org/sitemap.xml,not_approved,FALSE,2,2,2,retain_each,retain_each,2,Section8Search: WEST CAPITOL COURTYARDS I | Section8Search: WEST CAPITOL COURTYARDS II,public_housing_directory,https://section8search.org/california/west-sacramento/west-capitol-courtyards-i/o1e0577skj2ogrrentc3mi8d | https://section8search.org/california/west-sacramento/west-capitol-courtyards-ii/ku1a6pal5uvtt3vw3x7aq237,city_state_only | exact_standardized_site,distinct_phases_or_components_common_address,corroborates_all_listed_members_and_address,distinct_phases_or_components_common_address
SAQ_0180,CA|6697 OLD REDWOOD HWY|WINDSOR,FOREST WINDS | FOREST WINDS 2,shared_address_only,new_two_read_review,2026-08-11,2026-08-11,2026-08-11,public_directory_sitemap,https://section8search.org/sitemap.xml | https://affordablehousinghub.org/sitemap.xml,not_approved,FALSE,2,1,1,merge_all,merge_all,2,Affordable Housing Hub: FOREST WINDS 2 | Section8Search: FOREST WINDS,public_housing_directory,https://affordablehousinghub.org/housing/california/sonoma-county/windsor/forest-winds-2-26868-lihtc | https://section8search.org/california/windsor/forest-winds/amsi240tycsystz6g93gn14c,address_not_extracted | city_state_only,later_financing_or_renamed_same_physical_development,corroborates_all_listed_members_and_address,later_financing_or_renamed_same_physical_development
SAQ_0181,CA|2170 FARMERS CENTRAL RD|WOODLAND,MUTUAL HOUSING AT SPRING LAKE | MUTUAL HOUSING AT SPRING LAKE PHASE II,shared_address_only,new_two_read_review,2026-08-11,2026-08-11,2026-08-11,public_directory_sitemap,https://section8search.org/sitemap.xml | https://affordablehousinghub.org/sitemap.xml,not_approved,FALSE,2,2,2,retain_each,retain_each,2,Section8Search: MUTUAL HOUSING AT SPRING LAKE | Section8Search: MUTUAL HOUSING AT SPRING LAKE PHASE II,public_housing_directory,https://section8search.org/california/woodland/mutual-housing-at-spring-lake-phase-ii/z6vgk0qku6kjk414l4mpa1al | https://section8search.org/california/woodland/mutual-housing-at-spring-lake/nvindnxu71oxzvqj5k06ygkn,city_state_only,shared_address_without_sufficient_identity_evidence,corroborates_all_listed_members_and_address,shared_address_without_sufficient_identity_evidence
SAQ_0182,CA|57110 TWENTYNINE PALMS HWY|YUCCA VALLEY,DUMOSA SENIOR VILLAGE | YUCCA VALLEY SENIOR APTS,name_or_timing_evidence,new_two_read_review,2026-08-11,2026-08-11,2026-08-11,public_directory_sitemap,https://section8search.org/sitemap.xml | https://affordablehousinghub.org/sitemap.xml,not_approved,FALSE,2,1,1,merge_all,merge_all,2,Affordable Housing Hub: YUCCA VALLEY SENIOR APTS | Section8Search: DUMOSA SENIOR VILLAGE,public_housing_directory,https://affordablehousinghub.org/housing/california/san-bernardino-county/yucca-valley/yucca-valley-senior-apts-29447-lihtc | https://section8search.org/california/yucca-valley/dumosa-senior-village/q2gody4ozcmannv4qqg5dtqu,address_not_extracted | city_state_only,name_or_reporting_variant_same_physical_development,corroborates_all_listed_members_and_address,name_or_reporting_variant_same_physical_development
SAQ_0183,CO|10175 W 58TH PL|ARVADA,ARVADA HOUSE | ARVADA HOUSE PRESERVATION,shared_address_only,new_two_read_review,2026-08-11,2026-08-11,2026-08-11,public_directory_sitemap,https://section8search.org/sitemap.xml | https://affordablehousinghub.org/sitemap.xml,not_approved,FALSE,2,1,1,merge_all,merge_all,2,Section8Search: ARVADA HOUSE | Section8Search: ARVADA HOUSE PRESERVATION,public_housing_directory,https://section8search.org/colorado/arvada/arvada-house-preservation/kapx8elltmb6ww8bj4tq67d0 | https://section8search.org/colorado/arvada/arvada-house/m33l6ygjkwt9vr6qtt4kzc4k,city_state_only | exact_standardized_site,later_financing_or_renamed_same_physical_development,corroborates_all_listed_members_and_address,later_financing_or_renamed_same_physical_development
SAQ_0184,CO|850 S IRONTON ST|AURORA,VILLAGE AT WESTERLY CREEK - SENIOR BUILDING 2 | VILLAGE AT WESTERLY CREEK BUILDING 3,shared_address_only,new_two_read_review,2026-08-11,2026-08-11,2026-08-11,public_directory_sitemap,https://section8search.org/sitemap.xml | https://affordablehousinghub.org/sitemap.xml,not_approved,FALSE,2,2,2,retain_each,retain_each,2,Affordable Housing Hub: VILLAGE AT WESTERLY CREEK - SENIOR BUILDING 2 | Section8Search: VILLAGE AT WESTERLY CREEK BUILDING 3,public_housing_directory,https://affordablehousinghub.org/housing/colorado/arapahoe-county/aurora/village-at-westerly-creek-senior-building-2-574-lihtc | https://section8search.org/colorado/aurora/village-at-westerly-creek-building-3/objb9o2mzwvwhijqxnsiahcc,address_not_extracted | exact_standardized_site,shared_address_without_sufficient_identity_evidence,corroborates_all_listed_members_and_address,shared_address_without_sufficient_identity_evidence
SAQ_0185,CO|4600 BROADWAY ST|BOULDER,HOLIDAY NEIGHBORHOOD | WESTVIEW COMMUNITY,shared_address_only,new_two_read_review,2026-08-11,2026-08-11,2026-08-11,public_directory_sitemap,https://section8search.org/sitemap.xml | https://affordablehousinghub.org/sitemap.xml,not_approved,FALSE,2,2,2,retain_each,retain_each,2,Affordable Housing Hub: WESTVIEW COMMUNITY | Section8Search: HOLIDAY NEIGHBORHOOD,public_housing_directory,https://affordablehousinghub.org/housing/colorado/boulder-county/boulder/westview-community-1821-lihtc | https://section8search.org/colorado/boulder/holiday-neighborhood/fjjb8yqv9v1q462iuiwu7beh,address_not_extracted | exact_standardized_site,shared_address_without_sufficient_identity_evidence,corroborates_all_listed_members_and_address,shared_address_without_sufficient_identity_evidence
SAQ_0186,CO|1401 WASHINGTON ST|CANON CITY,NORTH PARK II REDO | NORTH PARK VILLAGE PHASE III,shared_address_only,new_two_read_review,2026-08-11,2026-08-11,2026-08-11,public_directory_sitemap,https://section8search.org/sitemap.xml | https://affordablehousinghub.org/sitemap.xml,not_approved,FALSE,2,2,2,retain_each,retain_each,2,Section8Search: NORTH PARK II REDO | Section8Search: NORTH PARK VILLAGE PHASE III,public_housing_directory,https://section8search.org/colorado/canon-city/north-park-ii-redo/p2sr5j8wiayurwclr7gqeiii | https://section8search.org/colorado/canon-city/north-park-village-phase-iii/mr6lr2pfyrxl6j4v16feibhf,exact_standardized_site,shared_address_without_sufficient_identity_evidence,corroborates_all_listed_members_and_address,shared_address_without_sufficient_identity_evidence
SAQ_0187,CO|2220 CASTLEGATE DR N|CASTLE ROCK,PINES AT CASTLE ROCK II | PINES AT CASTLE ROCK PHASE I | PINES AT CASTLE ROCK PHASE III,phase_or_component_evidence,new_two_read_review,2026-08-11,2026-08-11,2026-08-11,public_directory_sitemap,https://section8search.org/sitemap.xml | https://affordablehousinghub.org/sitemap.xml,not_approved,FALSE,3,3,3,retain_each,retain_each,3,Affordable Housing Hub: PINES AT CASTLE ROCK II | Section8Search: PINES AT CASTLE ROCK PHASE I | Section8Search: PINES AT CASTLE ROCK PHASE III,public_housing_directory,https://affordablehousinghub.org/housing/colorado/douglas-county/castle-rock/pines-at-castle-rock-ii-48096-lihtc | https://section8search.org/colorado/castle-rock/pines-at-castle-rock-phase-i/r9kl98wj6hrwuiwxfk2ic64a | https://section8search.org/colorado/castle-rock/pines-at-castle-rock-phase-iii/xl829sehev2v8w6k4eg0wyr8,address_not_extracted | exact_standardized_site,distinct_phases_or_components_common_address,corroborates_all_listed_members_and_address,distinct_phases_or_components_common_address
SAQ_0188,CO|6140 E 63RD PL|COMMERCE CITY,KEARNEY PLAZA | KEARNEY PLAZA APTS AHPC,shared_address_only,new_two_read_review,2026-08-11,2026-08-11,2026-08-11,public_directory_sitemap,https://section8search.org/sitemap.xml | https://affordablehousinghub.org/sitemap.xml,not_approved,FALSE,2,2,2,retain_each,retain_each,2,Section8Search: KEARNEY PLAZA | Section8Search: KEARNEY PLAZA APTS AHPC,public_housing_directory,https://section8search.org/colorado/commerce-city/kearney-plaza-apts-ahpc/pinfpju1ltzlrmqwsek3s4fb | https://section8search.org/colorado/commerce-city/kearney-plaza/li2veferiebv4r3misj3ni72,city_state_only | exact_standardized_site,shared_address_without_sufficient_identity_evidence,corroborates_all_listed_members_and_address,shared_address_without_sufficient_identity_evidence
SAQ_0189,CO|6600 E 60TH PL|COMMERCE CITY,CONTER ESTATES SENIOR APTS I | CONTER ESTATES SENIOR APTS II,phase_or_component_evidence,new_two_read_review,2026-08-11,2026-08-11,2026-08-11,public_directory_sitemap,https://section8search.org/sitemap.xml | https://affordablehousinghub.org/sitemap.xml,not_approved,FALSE,2,2,2,retain_each,retain_each,2,Section8Search: CONTER ESTATES SENIOR APTS I | Section8Search: CONTER ESTATES SENIOR APTS II,public_housing_directory,https://section8search.org/colorado/commerce-city/conter-estates-senior-apts-i/mq9qclsctwtjc17evtunz6uh | https://section8search.org/colorado/commerce-city/conter-estates-senior-apts-ii/fwqhc1jsja5chslx596f6kop,exact_standardized_site,distinct_phases_or_components_common_address,corroborates_all_listed_members_and_address,distinct_phases_or_components_common_address
SAQ_0190,CO|1975 18TH ST|DENVER,ASHLEY UNION STATION | CHESTNUT,shared_address_only,new_two_read_review,2026-08-11,2026-08-11,2026-08-11,public_directory_sitemap,https://section8search.org/sitemap.xml | https://affordablehousinghub.org/sitemap.xml,not_approved,FALSE,2,2,2,retain_each,retain_each,2,Affordable Housing Hub: CHESTNUT | Section8Search: ASHLEY UNION STATION,public_housing_directory,https://affordablehousinghub.org/housing/colorado/denver-county/denver/chestnut-48092-lihtc | https://section8search.org/colorado/denver/ashley-union-station/k0i44cbavq4p5rem9qtn6en9,address_not_extracted | city_state_only,shared_address_without_sufficient_identity_evidence,corroborates_all_listed_members_and_address,shared_address_without_sufficient_identity_evidence
SAQ_0191,CO|2075 BROADWAY|DENVER,RENAISSANCE DOWNTOWN LOFTS LIHTC | RENAISSANCE DOWNTOWN LOFTS PAB,shared_address_only,new_two_read_review,2026-08-11,2026-08-11,2026-08-11,public_directory_sitemap,https://section8search.org/sitemap.xml | https://affordablehousinghub.org/sitemap.xml,not_approved,FALSE,2,2,2,retain_each,retain_each,2,Section8Search: RENAISSANCE DOWNTOWN LOFTS LIHTC | Section8Search: RENAISSANCE DOWNTOWN LOFTS PAB,public_housing_directory,https://section8search.org/colorado/denver/renaissance-downtown-lofts-lihtc/rsrj8m1sm96ttwg630jki88g | https://section8search.org/colorado/denver/renaissance-downtown-lofts-pab/qai0b01b02zzxmg1znvf63ho,exact_standardized_site,shared_address_without_sufficient_identity_evidence,corroborates_all_listed_members_and_address,shared_address_without_sufficient_identity_evidence
SAQ_0192,CO|2175 CALIFORNIA ST|DENVER,RENAISSANCE LEGACY LOFTS LIHTC | RENAISSANCE LEGACY LOFTS PAB,shared_address_only,new_two_read_review,2026-08-11,2026-08-11,2026-08-11,public_directory_sitemap,https://section8search.org/sitemap.xml | https://affordablehousinghub.org/sitemap.xml,not_approved,FALSE,2,2,2,retain_each,retain_each,2,Section8Search: RENAISSANCE LEGACY LOFTS LIHTC | Section8Search: RENAISSANCE LEGACY LOFTS PAB,public_housing_directory,https://section8search.org/colorado/denver/renaissance-legacy-lofts-lihtc/jhctixzocvf7hymg0cgumnj8 | https://section8search.org/colorado/denver/renaissance-legacy-lofts-pab/qve668k0rzi4pnrrvuhdkqeq,exact_standardized_site,shared_address_without_sufficient_identity_evidence,corroborates_all_listed_members_and_address,shared_address_without_sufficient_identity_evidence
SAQ_0193,CO|250 W 14TH AVE|DENVER,FORUM APARTMENTS | FORUM APARTMENTS 2021,shared_address_only,new_two_read_review,2026-08-11,2026-08-11,2026-08-11,public_directory_sitemap,https://section8search.org/sitemap.xml | https://affordablehousinghub.org/sitemap.xml,not_approved,FALSE,2,2,2,retain_each,retain_each,2,Section8Search: FORUM APARTMENTS | Section8Search: FORUM APARTMENTS 2021,public_housing_directory,https://section8search.org/colorado/denver/forum-apartments-2021/uuzeoxytcw4v5bgyui8c7r8m | https://section8search.org/colorado/denver/forum-apartments/fkjl8lu9iar8l76ii9cn0ybf,exact_standardized_site,shared_address_without_sufficient_identity_evidence,corroborates_all_listed_members_and_address,shared_address_without_sufficient_identity_evidence
SAQ_0194,CO|3421 ELM ST|DENVER,DAHLIA SQUARE SENIOR APTS I | DAHLIA SQUARE SENIOR APTS II,phase_or_component_evidence,new_two_read_review,2026-08-11,2026-08-11,2026-08-11,public_directory_sitemap,https://section8search.org/sitemap.xml | https://affordablehousinghub.org/sitemap.xml,not_approved,FALSE,2,2,2,retain_each,retain_each,2,Section8Search: DAHLIA SQUARE SENIOR APTS I | Section8Search: DAHLIA SQUARE SENIOR APTS II,public_housing_directory,https://section8search.org/colorado/denver/dahlia-square-senior-apts-i/sqblckw2uouygxtuwlxalvwz | https://section8search.org/colorado/denver/dahlia-square-senior-apts-ii/hz1312c54qs10sz5rl90qu5f,exact_standardized_site,distinct_phases_or_components_common_address,corroborates_all_listed_members_and_address,distinct_phases_or_components_common_address
SAQ_0195,CO|4017 W COLFAX AVE|DENVER,VIDA AT SLOANS 4 | VIDA AT SLOANS 9,phase_or_component_evidence,new_two_read_review,2026-08-11,2026-08-11,2026-08-11,public_directory_sitemap,https://section8search.org/sitemap.xml | https://affordablehousinghub.org/sitemap.xml,not_approved,FALSE,2,2,2,retain_each,retain_each,2,Section8Search: VIDA AT SLOANS 4 | Section8Search: VIDA AT SLOANS 9,public_housing_directory,https://section8search.org/colorado/denver/vida-at-sloans-4/otxcni7ddh38nq0zfi9tmb7b | https://section8search.org/colorado/denver/vida-at-sloans-9/fxjmjddfub8ingr0kuzi1j5q,exact_standardized_site,distinct_phases_or_components_common_address,corroborates_all_listed_members_and_address,distinct_phases_or_components_common_address
SAQ_0196,CO|4775 ARGONNE ST|DENVER,REDSTONE RANCH I | REDSTONE RANCH III,shared_address_only,new_two_read_review,2026-08-11,2026-08-11,2026-08-11,public_directory_sitemap,https://section8search.org/sitemap.xml | https://affordablehousinghub.org/sitemap.xml,not_approved,FALSE,2,2,2,retain_each,retain_each,2,Affordable Housing Hub: REDSTONE RANCH I | Section8Search: REDSTONE RANCH III,public_housing_directory,https://affordablehousinghub.org/housing/colorado/denver-county/denver/redstone-ranch-i-551-lihtc | https://section8search.org/colorado/denver/redstone-ranch-iii/tlgfup0vbeop0v3z8nkd6tvp,address_not_extracted | exact_standardized_site,shared_address_without_sufficient_identity_evidence,corroborates_all_listed_members_and_address,shared_address_without_sufficient_identity_evidence
SAQ_0197,CO|8350 E YALE AVE|DENVER,FOX CROSSING | FOX CROSSING PHASE I,shared_address_only,new_two_read_review,2026-08-11,2026-08-11,2026-08-11,public_directory_sitemap,https://section8search.org/sitemap.xml | https://affordablehousinghub.org/sitemap.xml,not_approved,FALSE,2,2,2,retain_each,retain_each,2,Section8Search: FOX CROSSING | Section8Search: FOX CROSSING PHASE I,public_housing_directory,https://section8search.org/colorado/denver/fox-crossing-phase-i/spics5saqf015wp7kanvyl3d | https://section8search.org/colorado/denver/fox-crossing/a7gj7q89rzpek659fxi0alyg,exact_standardized_site,shared_address_without_sufficient_identity_evidence,corroborates_all_listed_members_and_address,shared_address_without_sufficient_identity_evidence
SAQ_0198,CO|212 HYBROOK RD S|DIVIDE,HYBROOK TOWNHOMES I | HYBROOK TOWNHOMES II,phase_or_component_evidence,new_two_read_review,2026-08-11,2026-08-11,2026-08-11,public_directory_sitemap,https://section8search.org/sitemap.xml | https://affordablehousinghub.org/sitemap.xml,not_approved,FALSE,2,2,2,retain_each,retain_each,2,Section8Search: HYBROOK TOWNHOMES I | Section8Search: HYBROOK TOWNHOMES II,public_housing_directory,https://section8search.org/colorado/divide/hybrook-townhomes-i/dnrnqn6lk4l7xj8i82lcu19k | https://section8search.org/colorado/divide/hybrook-townhomes-ii/ffevysxcctx0up7ycqv99rna,exact_standardized_site,distinct_phases_or_components_common_address,corroborates_all_listed_members_and_address,distinct_phases_or_components_common_address
SAQ_0199,CO|3190 E ANIMAS VILLAGE DR|DURANGO,ANIMAS VILLAGE APTS | LUMIEN APARTMENTS | LUMIEN APARTMENTS II,shared_address_only,new_two_read_review,2026-08-11,2026-08-11,2026-08-11,public_directory_sitemap,https://section8search.org/sitemap.xml | https://affordablehousinghub.org/sitemap.xml,not_approved,FALSE,3,3,3,retain_each,retain_each,3,Affordable Housing Hub: ANIMAS VILLAGE APTS | Section8Search: LUMIEN APARTMENTS | Section8Search: LUMIEN APARTMENTS II,public_housing_directory,https://affordablehousinghub.org/housing/colorado/la-plata-county/durango/animas-village-apts-927-lihtc | https://section8search.org/colorado/durango/lumien-apartments-ii/h9x5fxz70gp357zbtag7vt10 | https://section8search.org/colorado/durango/lumien-apartments/agz5wkmlc4tbf3t59qfz4178,address_not_extracted | city_state_only | exact_standardized_site,shared_address_without_sufficient_identity_evidence,corroborates_all_listed_members_and_address,shared_address_without_sufficient_identity_evidence
SAQ_0200,CO|405 NOGAL RD|EAGLE,EAGLE VILLAS II | HERITAGE EAGLE VILLAS,shared_address_only,new_two_read_review,2026-08-11,2026-08-11,2026-08-11,public_directory_sitemap,https://section8search.org/sitemap.xml | https://affordablehousinghub.org/sitemap.xml,not_approved,FALSE,2,2,2,retain_each,retain_each,2,Affordable Housing Hub: EAGLE VILLAS II | Section8Search: HERITAGE EAGLE VILLAS,public_housing_directory,https://affordablehousinghub.org/housing/colorado/eagle-county/eagle/eagle-villas-ii-859-lihtc | https://section8search.org/colorado/eagle/heritage-eagle-villas/ottih795jfov7ug9iondye7q,address_not_extracted | exact_standardized_site,shared_address_without_sufficient_identity_evidence,corroborates_all_listed_members_and_address,shared_address_without_sufficient_identity_evidence
SAQ_0201,CO|14404 E FREMONT AVE|ENGLEWOOD,CENTENNIAL EAST APTS I | CENTENNIAL EAST APTS II,phase_or_component_evidence,new_two_read_review,2026-08-11,2026-08-11,2026-08-11,public_directory_sitemap,https://section8search.org/sitemap.xml | https://affordablehousinghub.org/sitemap.xml,not_approved,FALSE,2,2,2,retain_each,retain_each,2,Affordable Housing Hub: CENTENNIAL EAST APTS I | Affordable Housing Hub: CENTENNIAL EAST APTS II,public_housing_directory,https://affordablehousinghub.org/housing/colorado/arapahoe-county/englewood/centennial-east-apts-i-1780-lihtc | https://affordablehousinghub.org/housing/colorado/arapahoe-county/englewood/centennial-east-apts-ii-1802-lihtc,address_not_extracted,distinct_phases_or_components_common_address,corroborates_all_listed_members_and_address,distinct_phases_or_components_common_address
SAQ_0202,CO|4300 S LOWELL BLVD|ENGLEWOOD,SHERIDAN GARDENS | SHERIDAN GARDENS APTS AHPC,shared_address_only,new_two_read_review,2026-08-11,2026-08-11,2026-08-11,public_directory_sitemap,https://section8search.org/sitemap.xml | https://affordablehousinghub.org/sitemap.xml,not_approved,FALSE,2,1,1,merge_all,merge_all,2,Section8Search: SHERIDAN GARDENS | Section8Search: SHERIDAN GARDENS APTS AHPC,public_housing_directory,https://section8search.org/colorado/englewood/sheridan-gardens-apts-ahpc/b97ffikco8ndt11rq27mqguh | https://section8search.org/colorado/englewood/sheridan-gardens/gmz6tnxhyzs4ku9ake3egtk1,exact_standardized_site,later_financing_or_renamed_same_physical_development,corroborates_all_listed_members_and_address,later_financing_or_renamed_same_physical_development
SAQ_0203,CO|9783 PYRAMID CT|ENGLEWOOD,LINCOLN POINTE LOFTS I | LINCOLN POINTE LOFTS II,phase_or_component_evidence,new_two_read_review,2026-08-11,2026-08-11,2026-08-11,public_directory_sitemap,https://section8search.org/sitemap.xml | https://affordablehousinghub.org/sitemap.xml,not_approved,FALSE,2,2,2,retain_each,retain_each,2,Affordable Housing Hub: LINCOLN POINTE LOFTS II | Section8Search: LINCOLN POINTE LOFTS I,public_housing_directory,https://affordablehousinghub.org/housing/colorado/douglas-county/englewood/lincoln-pointe-lofts-ii-1956-lihtc | https://section8search.org/colorado/englewood/lincoln-pointe-lofts-i/r3k8dibhsgf1ndxpiampzy4q,address_not_extracted | exact_standardized_site,distinct_phases_or_components_common_address,corroborates_all_listed_members_and_address,distinct_phases_or_components_common_address
SAQ_0204,CO|711 HARRISON AVE|LEADVILLE,TABOR GRAND | TABOR GRAND REVIVAL,shared_address_only,new_two_read_review,2026-08-11,2026-08-11,2026-08-11,public_directory_sitemap,https://section8search.org/sitemap.xml | https://affordablehousinghub.org/sitemap.xml,not_approved,FALSE,2,1,1,merge_all,merge_all,2,Section8Search: TABOR GRAND | Section8Search: TABOR GRAND REVIVAL,public_housing_directory,https://section8search.org/colorado/leadville/tabor-grand-revival/dwa38jstigy67cwid5g5tsyc | https://section8search.org/colorado/leadville/tabor-grand/jy02r9jsh7dzelp7ebwlaqu5,exact_standardized_site,later_financing_or_renamed_same_physical_development,corroborates_all_listed_members_and_address,later_financing_or_renamed_same_physical_development
SAQ_0205,CO|630 S PECK DR|LONGMONT,CLOVER BASIN VILLAGE III | CLOVERBASIN VILLAGE I | CLOVERBASIN VILLAGE II | CLOVERBASIN VILLAGE III,phase_or_component_evidence,new_two_read_review,2026-08-11,2026-08-11,2026-08-11,public_directory_sitemap,https://section8search.org/sitemap.xml | https://affordablehousinghub.org/sitemap.xml,not_approved,FALSE,4,3,3,partition,partition,4,Affordable Housing Hub: CLOVERBASIN VILLAGE II | Affordable Housing Hub: CLOVERBASIN VILLAGE III | Section8Search: CLOVER BASIN VILLAGE III | Section8Search: CLOVERBASIN VILLAGE I,public_housing_directory,https://affordablehousinghub.org/housing/colorado/boulder-county/longmont/cloverbasin-village-ii-1803-lihtc | https://affordablehousinghub.org/housing/colorado/boulder-county/longmont/cloverbasin-village-iii-1690-lihtc | https://section8search.org/colorado/longmont/clover-basin-village-iii/gmjkml4p63betn9f7m2dq6v3 | https://section8search.org/colorado/longmont/cloverbasin-village-i/qiw82bjo924unwj6mu1vkecw,address_not_extracted | exact_standardized_site,mixed_duplicate_and_distinct_components,corroborates_all_listed_members_and_address,mixed_duplicate_and_distinct_components
SAQ_0206,CO|1650 CHURCH ST|MONTROSE,SAN JUAN APARTMENTS | SAN JUAN APTS (MONTROSE),shared_address_only,new_two_read_review,2026-08-11,2026-08-11,2026-08-11,public_directory_sitemap,https://section8search.org/sitemap.xml | https://affordablehousinghub.org/sitemap.xml,not_approved,FALSE,2,1,1,merge_all,merge_all,2,Section8Search: SAN JUAN APARTMENTS | Section8Search: SAN JUAN APTS (MONTROSE),public_housing_directory,https://section8search.org/colorado/montrose/san-juan-apartments/rqfh0ebtxhljw89g0i1pnxz7 | https://section8search.org/colorado/montrose/san-juan-apts-montrose/xjlp6lxxjk2wi96x351vuu8c,exact_standardized_site,later_financing_or_renamed_same_physical_development,corroborates_all_listed_members_and_address,later_financing_or_renamed_same_physical_development
SAQ_0207,CO|748 CEDAR CREEK AVE|MONTROSE,SUNSHINE PEAK APTS I | SUNSHINE PEAK APTS II,phase_or_component_evidence,new_two_read_review,2026-08-11,2026-08-11,2026-08-11,public_directory_sitemap,https://section8search.org/sitemap.xml | https://affordablehousinghub.org/sitemap.xml,not_approved,FALSE,2,2,2,retain_each,retain_each,2,Section8Search: SUNSHINE PEAK APTS I | Section8Search: SUNSHINE PEAK APTS II,public_housing_directory,https://section8search.org/colorado/montrose/sunshine-peak-apts-i/uwd4fk7qvfkp1gbeer7d522s | https://section8search.org/colorado/montrose/sunshine-peak-apts-ii/k2b179mk2x0hd1vfwe2emohr,exact_standardized_site,distinct_phases_or_components_common_address,corroborates_all_listed_members_and_address,distinct_phases_or_components_common_address
SAQ_0208,CO|10001 PONCHA SPRINGS LN|PONCHA SPRINGS,DEANZA VISTA I | DEANZA VISTA REDEVELOPMENT,shared_address_only,new_two_read_review,2026-08-11,2026-08-11,2026-08-11,public_directory_sitemap,https://section8search.org/sitemap.xml | https://affordablehousinghub.org/sitemap.xml,not_approved,FALSE,2,2,2,retain_each,retain_each,2,Section8Search: DEANZA VISTA I | Section8Search: DEANZA VISTA REDEVELOPMENT,public_housing_directory,https://section8search.org/colorado/poncha-springs/deanza-vista-i/cv8twexrb03xfndb9dtp7rm9 | https://section8search.org/colorado/poncha-springs/deanza-vista-redevelopment/xnq4ji7sa15d9fxta4akv9yu,city_state_only | exact_standardized_site,shared_address_without_sufficient_identity_evidence,corroborates_all_listed_members_and_address,shared_address_without_sufficient_identity_evidence
SAQ_0209,CO|2400 OAKSHIRE LN|PUEBLO,OAKSHIRE COMMONS | OAKSHIRE GARDENS,shared_address_only,new_two_read_review,2026-08-11,2026-08-11,2026-08-11,public_directory_sitemap,https://section8search.org/sitemap.xml | https://affordablehousinghub.org/sitemap.xml,not_approved,FALSE,2,2,2,retain_each,retain_each,2,Section8Search: OAKSHIRE COMMONS | Section8Search: OAKSHIRE GARDENS,public_housing_directory,https://section8search.org/colorado/pueblo/oakshire-commons/q9nygb07v3gijrt57ztodko9 | https://section8search.org/colorado/pueblo/oakshire-gardens/y9jaqwpq0rs9bd71qxxh19jr,city_state_only | exact_standardized_site,shared_address_without_sufficient_identity_evidence,corroborates_all_listed_members_and_address,shared_address_without_sufficient_identity_evidence
SAQ_0210,CO|2430 OAKSHIRE LN|PUEBLO,OAKSHIRE COMMONS II | TRINITY LIFE GARDENS,shared_address_only,new_two_read_review,2026-08-11,2026-08-11,2026-08-11,public_directory_sitemap,https://section8search.org/sitemap.xml | https://affordablehousinghub.org/sitemap.xml,not_approved,FALSE,2,2,2,retain_each,retain_each,2,Section8Search: OAKSHIRE COMMONS II | Section8Search: TRINITY LIFE GARDENS,public_housing_directory,https://section8search.org/colorado/pueblo/oakshire-commons-ii/hw56jeqq1dvlgluvdz8clqb4 | https://section8search.org/colorado/pueblo/trinity-life-gardens/m4jjrdwm1pq4szcx3h6pk40l,city_state_only | exact_standardized_site,shared_address_without_sufficient_identity_evidence,corroborates_all_listed_members_and_address,shared_address_without_sufficient_identity_evidence
SAQ_0211,CO|3105 WESTVIEW DR|PUEBLO,VILLAGE AT PUEBLO I | VILLAGE AT PUEBLO II,phase_or_component_evidence,new_two_read_review,2026-08-11,2026-08-11,2026-08-11,public_directory_sitemap,https://section8search.org/sitemap.xml | https://affordablehousinghub.org/sitemap.xml,not_approved,FALSE,2,2,2,retain_each,retain_each,1,Section8Search: VILLAGE AT PUEBLO II,public_housing_directory,https://section8search.org/colorado/pueblo/village-at-pueblo-ii/d33b00rtmja2rldwow2dwrdj,exact_standardized_site,distinct_phases_or_components_common_address,corroborates_part_of_listed_members_and_address,distinct_phases_or_components_common_address
SAQ_0212,CO|960 E SAXONY DR|PUEBLO WEST,PUEBLO WEST GARDENS I | PUEBLO WEST GARDENS II,phase_or_component_evidence,new_two_read_review,2026-08-11,2026-08-11,2026-08-11,public_directory_sitemap,https://section8search.org/sitemap.xml | https://affordablehousinghub.org/sitemap.xml,not_approved,FALSE,2,2,2,retain_each,retain_each,2,Section8Search: PUEBLO WEST GARDENS I | Section8Search: PUEBLO WEST GARDENS II,public_housing_directory,https://section8search.org/colorado/pueblo-west/pueblo-west-gardens-i/krtut4x9fmtql40k6es8tr2q | https://section8search.org/colorado/pueblo-west/pueblo-west-gardens-ii/e3rjhwps0d5dlnx8tdgrnd5l,exact_standardized_site,distinct_phases_or_components_common_address,corroborates_all_listed_members_and_address,distinct_phases_or_components_common_address
SAQ_0213,CO|9700 WELBY RD|THORNTON,RESERVE AT THORNTON I | RESERVE AT THORNTON II,phase_or_component_evidence,new_two_read_review,2026-08-11,2026-08-11,2026-08-11,public_directory_sitemap,https://section8search.org/sitemap.xml | https://affordablehousinghub.org/sitemap.xml,not_approved,FALSE,2,2,2,retain_each,retain_each,2,Section8Search: RESERVE AT THORNTON I | Section8Search: RESERVE AT THORNTON II,public_housing_directory,https://section8search.org/colorado/thornton/reserve-at-thornton-i/g7fwx2rjtvwegpx0ik3c66gs | https://section8search.org/colorado/thornton/reserve-at-thornton-ii/wyg10zfwoeh074e3ltb887kw,exact_standardized_site,distinct_phases_or_components_common_address,corroborates_all_listed_members_and_address,distinct_phases_or_components_common_address
SAQ_0214,CO|1500 TIPTON DR|WINDSOR,WINDSOR MEADOWS APARTMENTS PHASE II | WINDSOR MEADOWS APTS,shared_address_only,new_two_read_review,2026-08-11,2026-08-11,2026-08-11,public_directory_sitemap,https://section8search.org/sitemap.xml | https://affordablehousinghub.org/sitemap.xml,not_approved,FALSE,2,2,2,retain_each,retain_each,2,Section8Search: WINDSOR MEADOWS APARTMENTS PHASE II | Section8Search: WINDSOR MEADOWS APTS,public_housing_directory,https://section8search.org/colorado/windsor/windsor-meadows-apartments-phase-ii/bp1kllhmpik5a6jx81statug | https://section8search.org/colorado/windsor/windsor-meadows-apts/o8en08geapunqet3lbcq1hg5,city_state_only | exact_standardized_site,shared_address_without_sufficient_identity_evidence,corroborates_all_listed_members_and_address,shared_address_without_sufficient_identity_evidence
SAQ_0215,CT|285 MAPLEWOOD AVE|BRIDGEPORT,SYCAMORE PLACE | SYCAMORE PLACE APTS,shared_address_only,new_two_read_review,2026-08-11,2026-08-11,2026-08-11,public_directory_sitemap,https://section8search.org/sitemap.xml | https://affordablehousinghub.org/sitemap.xml,not_approved,FALSE,2,2,2,retain_each,retain_each,2,Affordable Housing Hub: SYCAMORE PLACE APTS | Section8Search: SYCAMORE PLACE,public_housing_directory,https://affordablehousinghub.org/housing/connecticut/fairfield-county/bridgeport/sycamore-place-apts-1505-lihtc | https://section8search.org/connecticut/bridgeport/sycamore-place/uuzcmnjbuj09dtom5fx34hym,address_not_extracted | city_state_only,shared_address_without_sufficient_identity_evidence,corroborates_all_listed_members_and_address,shared_address_without_sufficient_identity_evidence
SAQ_0216,CT|200 BLAKESLEE ST|BRISTOL,HUNTINGTON WOODS APARTMENTS | HUNTINGTON WOODS APTS LP,shared_address_only,new_two_read_review,2026-08-11,2026-08-11,2026-08-11,public_directory_sitemap,https://section8search.org/sitemap.xml | https://affordablehousinghub.org/sitemap.xml,not_approved,FALSE,2,2,2,retain_each,retain_each,2,Affordable Housing Hub: HUNTINGTON WOODS APTS LP | Section8Search: HUNTINGTON WOODS APARTMENTS,public_housing_directory,https://affordablehousinghub.org/housing/connecticut/hartford-county/bristol/huntington-woods-apts-lp-1431-lihtc | https://section8search.org/connecticut/bristol/huntington-woods-apartments/m5k7oibi9ftj4viiwj6u9rmh,address_not_extracted | city_state_only,shared_address_without_sufficient_identity_evidence,corroborates_all_listed_members_and_address,shared_address_without_sufficient_identity_evidence
SAQ_0217,CT|137 WYLLYS ST|HARTFORD,DUTCH POINT RENTAL PHASE I | DUTCH POINT RENTAL PHASE II,phase_or_component_evidence,new_two_read_review,2026-08-11,2026-08-11,2026-08-11,public_directory_sitemap,https://section8search.org/sitemap.xml | https://affordablehousinghub.org/sitemap.xml,not_approved,FALSE,2,2,2,retain_each,retain_each,2,Section8Search: DUTCH POINT RENTAL PHASE I | Section8Search: DUTCH POINT RENTAL PHASE II,public_housing_directory,https://section8search.org/connecticut/hartford/dutch-point-rental-phase-i/hr2z8jca2v46qd5hffq8jubp | https://section8search.org/connecticut/hartford/dutch-point-rental-phase-ii/cd4dsjqj6fa8ahaivrr8oj1b,exact_standardized_site,distinct_phases_or_components_common_address,corroborates_all_listed_members_and_address,distinct_phases_or_components_common_address
SAQ_0218,CT|206 COLLINS ST|HARTFORD,SIGOURNEY MEWS | SIGOURNEY MEWS APARTMENTS,shared_address_only,new_two_read_review,2026-08-11,2026-08-11,2026-08-11,public_directory_sitemap,https://section8search.org/sitemap.xml | https://affordablehousinghub.org/sitemap.xml,not_approved,FALSE,2,2,2,retain_each,retain_each,2,Affordable Housing Hub: SIGOURNEY MEWS | Section8Search: SIGOURNEY MEWS APARTMENTS,public_housing_directory,https://affordablehousinghub.org/housing/connecticut/hartford-county/hartford/sigourney-mews-1428-lihtc | https://section8search.org/connecticut/hartford/sigourney-mews-apartments/bq44fl4f4t73341spbgzekrl,address_not_extracted | city_state_only,shared_address_without_sufficient_identity_evidence,corroborates_all_listed_members_and_address,shared_address_without_sufficient_identity_evidence
SAQ_0219,CT|8 LIBERTY ST|MIDDLETOWN,LIBERTY COMMONS | MIDDLESEX HOUSING LP,shared_address_only,new_two_read_review,2026-08-11,2026-08-11,2026-08-11,public_directory_sitemap,https://section8search.org/sitemap.xml | https://affordablehousinghub.org/sitemap.xml,not_approved,FALSE,2,2,2,retain_each,retain_each,2,Section8Search: LIBERTY COMMONS | Section8Search: MIDDLESEX HOUSING LP,public_housing_directory,https://section8search.org/connecticut/middletown/liberty-commons/iawbdjd4zsiy1venkur0nuev | https://section8search.org/connecticut/middletown/middlesex-housing-lp/joycq3bx9a8jfi26g5kmsfp8,exact_standardized_site,shared_address_without_sufficient_identity_evidence,corroborates_all_listed_members_and_address,shared_address_without_sufficient_identity_evidence
SAQ_0220,CT|122 WILMOT RD|NEW HAVEN,122 WILMONT RD | 122 WILMOT ROAD,shared_address_only,new_two_read_review,2026-08-11,2026-08-11,2026-08-11,public_directory_sitemap,https://section8search.org/sitemap.xml | https://affordablehousinghub.org/sitemap.xml,not_approved,FALSE,2,2,2,retain_each,retain_each,2,Affordable Housing Hub: 122 WILMONT RD | Section8Search: 122 WILMOT ROAD,public_housing_directory,https://affordablehousinghub.org/housing/connecticut/new-haven-county/new-haven/122-wilmont-rd-1373-lihtc | https://section8search.org/connecticut/new-haven/122-wilmot-road/hoosz4tqmxey6ikiovsjztzt,address_not_extracted | city_state_only,shared_address_without_sufficient_identity_evidence,corroborates_all_listed_members_and_address,shared_address_without_sufficient_identity_evidence
SAQ_0221,CT|392 ORCHARD ST|NEW HAVEN,KENSINGTON SQUARE APTS | KENSINGTON SQUARE I,shared_address_only,new_two_read_review,2026-08-11,2026-08-11,2026-08-11,public_directory_sitemap,https://section8search.org/sitemap.xml | https://affordablehousinghub.org/sitemap.xml,not_approved,FALSE,2,2,2,retain_each,retain_each,2,Section8Search: KENSINGTON SQUARE APTS | Section8Search: KENSINGTON SQUARE I,public_housing_directory,https://section8search.org/connecticut/new-haven/kensington-square-apts/ban3vkwfbqnvtj6q1na7bzei | https://section8search.org/connecticut/new-haven/kensington-square-i/d082gxt18krks7i8h29s63lq,exact_standardized_site,shared_address_without_sufficient_identity_evidence,corroborates_all_listed_members_and_address,shared_address_without_sufficient_identity_evidence
SAQ_0222,CT|69 WEBSTER ST|NEW HAVEN,ELM HAVEN RENTAL I | ELM HAVEN RENTAL II-B | ELM HAVEN RENTAL II-C | MONTEREY PLACE RENTAL PHASE II,phase_or_component_evidence,new_two_read_review,2026-08-11,2026-08-11,2026-08-11,public_directory_sitemap,https://section8search.org/sitemap.xml | https://affordablehousinghub.org/sitemap.xml,not_approved,FALSE,4,4,4,retain_each,retain_each,4,Affordable Housing Hub: ELM HAVEN RENTAL II-B | Affordable Housing Hub: ELM HAVEN RENTAL II-C | Section8Search: ELM HAVEN RENTAL I | Section8Search: MONTEREY PLACE RENTAL PHASE II,public_housing_directory,https://affordablehousinghub.org/housing/connecticut/new-haven-county/new-haven/elm-haven-rental-ii-b-1554-lihtc | https://affordablehousinghub.org/housing/connecticut/new-haven-county/new-haven/elm-haven-rental-ii-c-1555-lihtc | https://section8search.org/connecticut/new-haven/elm-haven-rental-i/xmk64fr3dykmvkfc5vrerevh | https://section8search.org/connecticut/new-haven/monterey-place-rental-phase-ii/f3yakrcr9dhk3rrgx4ebztc4,address_not_extracted | exact_standardized_site,distinct_phases_or_components_common_address,corroborates_all_listed_members_and_address,distinct_phases_or_components_common_address
SAQ_0223,CT|205 OAKLAND RD|SOUTH WINDSOR,BERRY PATCH ASSOC I | BERRY PATCH ASSOC II,phase_or_component_evidence,new_two_read_review,2026-08-11,2026-08-11,2026-08-11,public_directory_sitemap,https://section8search.org/sitemap.xml | https://affordablehousinghub.org/sitemap.xml,not_approved,FALSE,2,2,2,retain_each,retain_each,2,Section8Search: BERRY PATCH ASSOC I | Section8Search: BERRY PATCH ASSOC II,public_housing_directory,https://section8search.org/connecticut/south-windsor/berry-patch-assoc-i/lj4v44admvz9ta281fu736gf | https://section8search.org/connecticut/south-windsor/berry-patch-assoc-ii/eir7kqlzona3f4hfqeiarjuk,exact_standardized_site,distinct_phases_or_components_common_address,corroborates_all_listed_members_and_address,distinct_phases_or_components_common_address
SAQ_0224,CT|14 SOUTHWOOD DR|STAMFORD,SOUTHFIELD VILLAGE LP III | SOUTHWOOD SQUARE I,shared_address_only,new_two_read_review,2026-08-11,2026-08-11,2026-08-11,public_directory_sitemap,https://section8search.org/sitemap.xml | https://affordablehousinghub.org/sitemap.xml,not_approved,FALSE,2,2,2,retain_each,retain_each,2,Section8Search: SOUTHFIELD VILLAGE LP III | Section8Search: SOUTHWOOD SQUARE I,public_housing_directory,https://section8search.org/connecticut/stamford/southfield-village-lp-iii/pvr7ty5c04jz7tw2nbvvrp94 | https://section8search.org/connecticut/stamford/southwood-square-i/dkhri0hbziy512u7nrjqlj2m,exact_standardized_site,shared_address_without_sufficient_identity_evidence,corroborates_all_listed_members_and_address,shared_address_without_sufficient_identity_evidence
SAQ_0225,CT|1655 POST RD E|WESTPORT,HIDDEN BROOK | SASCO CREEK VILLAGE,shared_address_only,new_two_read_review,2026-08-11,2026-08-11,2026-08-11,public_directory_sitemap,https://section8search.org/sitemap.xml | https://affordablehousinghub.org/sitemap.xml,not_approved,FALSE,2,2,2,retain_each,retain_each,2,Section8Search: HIDDEN BROOK | Section8Search: SASCO CREEK VILLAGE,public_housing_directory,https://section8search.org/connecticut/westport/hidden-brook/v5ihhd3lcgcnmrvwlaly6vbm | https://section8search.org/connecticut/westport/sasco-creek-village/slzum8iujl2e002y2q9wppj3,city_state_only | exact_standardized_site,shared_address_without_sufficient_identity_evidence,corroborates_all_listed_members_and_address,shared_address_without_sufficient_identity_evidence
SAQ_0226,DC|1125 SPRING RD NW|WASHINGTON,SPRING FLATS SENIOR 4% | SPRING FLATS SENIOR 9%,phase_or_component_evidence,new_two_read_review,2026-08-11,2026-08-11,2026-08-11,focused_web_search,https://mayor.dc.gov/release/mayor-bowser-closes-deal-long-awaited-affordable-housing-community-spring-flats-ward-4,not_approved,FALSE,2,2,1,retain_each,merge_all,2,DC financing announcement for Spring Flats,municipal_record,https://mayor.dc.gov/release/mayor-bowser-closes-deal-long-awaited-affordable-housing-community-spring-flats-ward-4,manual_source_confirms_listed_address,distinct_phases_or_components_common_address,supports_merge_all,paired_financing_components_one_physical_development
SAQ_0227,DC|1200 N CAPITOL ST NW|WASHINGTON,TYLER HOUSE | TYLER HOUSE APARTMENTS,shared_address_only,new_two_read_review,2026-08-11,2026-08-11,2026-08-11,public_directory_sitemap,https://section8search.org/sitemap.xml | https://affordablehousinghub.org/sitemap.xml,not_approved,FALSE,2,1,1,merge_all,merge_all,2,Section8Search: TYLER HOUSE | Section8Search: TYLER HOUSE APARTMENTS,public_housing_directory,https://section8search.org/district-of-columbia/washington/tyler-house-apartments/oy0ncahk3q5vrr9t19o67i52 | https://section8search.org/district-of-columbia/washington/tyler-house/o1plcnlxbpj9n4p2if0yj1b6,exact_standardized_site,later_financing_or_renamed_same_physical_development,corroborates_all_listed_members_and_address,later_financing_or_renamed_same_physical_development
SAQ_0228,DC|1804 ALABAMA AVE SE|WASHINGTON,HENSON RIDGE I | HENSON RIDGE II,phase_or_component_evidence,new_two_read_review,2026-08-11,2026-08-11,2026-08-11,public_directory_sitemap,https://section8search.org/sitemap.xml | https://affordablehousinghub.org/sitemap.xml,not_approved,FALSE,2,2,2,retain_each,retain_each,2,Affordable Housing Hub: HENSON RIDGE I | Section8Search: HENSON RIDGE II,public_housing_directory,https://affordablehousinghub.org/housing/district-of-columbia/district-of-columbia-county/washington/henson-ridge-i-2864-lihtc | https://section8search.org/district-of-columbia/washington/henson-ridge-ii/qdthaa6b1kr2qxol8to4j8mr,address_not_extracted | exact_standardized_site,distinct_phases_or_components_common_address,corroborates_all_listed_members_and_address,distinct_phases_or_components_common_address
SAQ_0229,DC|218 VINE ST NW|WASHINGTON,ENTWINE I (AKA 218 VINE STREET) | ENTWINE II (AKA 218 VINE STREET),phase_or_component_evidence,new_two_read_review,2026-08-11,2026-08-11,2026-08-11,public_directory_sitemap,https://section8search.org/sitemap.xml | https://affordablehousinghub.org/sitemap.xml,not_approved,FALSE,2,2,2,retain_each,retain_each,2,Section8Search: ENTWINE I (AKA 218 VINE STREET) | Section8Search: ENTWINE II (AKA 218 VINE STREET),public_housing_directory,https://section8search.org/district-of-columbia/washington/entwine-i-aka-218-vine-street/bvhq186t50zs7fzpi93p0fkd | https://section8search.org/district-of-columbia/washington/entwine-ii-aka-218-vine-street/huk3ebqw88aeidqo7xps3gr0,city_state_only,distinct_phases_or_components_common_address,corroborates_all_listed_members_and_address,distinct_phases_or_components_common_address
SAQ_0230,DC|900 FIFTH ST SE|WASHINGTON,ARTHUR CAPPER SENIOR I | CAPPER ACC TOWNHOMES I | CAPPER ACC TOWNHOMES PHASE II,shared_address_only,new_two_read_review,2026-08-11,2026-08-11,2026-08-11,public_directory_sitemap,https://section8search.org/sitemap.xml | https://affordablehousinghub.org/sitemap.xml,not_approved,FALSE,3,3,3,retain_each,retain_each,3,Section8Search: ARTHUR CAPPER SENIOR I | Section8Search: CAPPER ACC TOWNHOMES I | Section8Search: CAPPER ACC TOWNHOMES PHASE II,public_housing_directory,https://section8search.org/district-of-columbia/washington/arthur-capper-senior-i/u7s52ct054t3utvih665saz8 | https://section8search.org/district-of-columbia/washington/capper-acc-townhomes-i/wuycylmohfj83ch2q54nbpob | https://section8search.org/district-of-columbia/washington/capper-acc-townhomes-phase-ii/xiwd4nlxrsvpmkln5v186a1g,exact_standardized_site,shared_address_without_sufficient_identity_evidence,corroborates_all_listed_members_and_address,shared_address_without_sufficient_identity_evidence
SAQ_0231,DE|1100 PENNSYLVANIA AVE|WILMINGTON,BIRCHWOOD AT RODNEY COURT | RODNEY COURT,shared_address_only,new_two_read_review,2026-08-11,2026-08-11,2026-08-11,public_directory_sitemap,https://section8search.org/sitemap.xml | https://affordablehousinghub.org/sitemap.xml,not_approved,FALSE,2,1,1,merge_all,merge_all,2,Section8Search: BIRCHWOOD AT RODNEY COURT | Section8Search: RODNEY COURT,public_housing_directory,https://section8search.org/delaware/wilmington/birchwood-at-rodney-court/h4a31cskxxxpl0m5fpjwx2ct | https://section8search.org/delaware/wilmington/rodney-court/bqk0pox2rp0n0mtqzz2uucy7,city_state_only,later_financing_or_renamed_same_physical_development,corroborates_all_listed_members_and_address,later_financing_or_renamed_same_physical_development
SAQ_0232,FL|600 W GIBSON ST|ARCADIA,WOOD PARK POINTE PHASE I | WOOD PARK POINTE PHASE II,phase_or_component_evidence,new_two_read_review,2026-08-11,2026-08-11,2026-08-11,public_directory_sitemap,https://section8search.org/sitemap.xml | https://affordablehousinghub.org/sitemap.xml,not_approved,FALSE,2,2,2,retain_each,retain_each,2,Section8Search: WOOD PARK POINTE PHASE I | Section8Search: WOOD PARK POINTE PHASE II,public_housing_directory,https://section8search.org/florida/arcadia/wood-park-pointe-phase-i/o4e6vjhbapcozxvuoosxo9og | https://section8search.org/florida/arcadia/wood-park-pointe-phase-ii/kw99t7f0a3g20nynxiqsixiq,exact_standardized_site,distinct_phases_or_components_common_address,corroborates_all_listed_members_and_address,distinct_phases_or_components_common_address
SAQ_0233,FL|600 DARBY LN|BROOKSVILLE,NORBOURNE ESTATES I | NORBOURNE ESTATES II,phase_or_component_evidence,new_two_read_review,2026-08-11,2026-08-11,2026-08-11,public_directory_sitemap,https://section8search.org/sitemap.xml | https://affordablehousinghub.org/sitemap.xml,not_approved,FALSE,2,2,2,retain_each,retain_each,2,Affordable Housing Hub: NORBOURNE ESTATES I | Affordable Housing Hub: NORBOURNE ESTATES II,public_housing_directory,https://affordablehousinghub.org/housing/florida/hernando-county/brooksville/norbourne-estates-i-2248-lihtc | https://affordablehousinghub.org/housing/florida/hernando-county/brooksville/norbourne-estates-ii-2492-lihtc,address_not_extracted,distinct_phases_or_components_common_address,corroborates_all_listed_members_and_address,distinct_phases_or_components_common_address
SAQ_0234,FL|14940 WILLOWBROOK DR|DADE CITY,OAKCREST I | OAKCREST II,phase_or_component_evidence,new_two_read_review,2026-08-11,2026-08-11,2026-08-11,public_directory_sitemap,https://section8search.org/sitemap.xml | https://affordablehousinghub.org/sitemap.xml,not_approved,FALSE,2,2,2,retain_each,retain_each,2,Affordable Housing Hub: OAKCREST I | Section8Search: OAKCREST II,public_housing_directory,https://affordablehousinghub.org/housing/florida/pasco-county/dade-city/oakcrest-i-2346-lihtc | https://section8search.org/florida/dade-city/oakcrest-ii/lol9nljfco1z7cit1nn58ng2,address_not_extracted | exact_standardized_site,distinct_phases_or_components_common_address,corroborates_all_listed_members_and_address,distinct_phases_or_components_common_address
SAQ_0235,FL|1111 SW 15TH ST|DEERFIELD BEACH,PRAXIS OF DEERFIELD BEACH II | PRAXIS OF DEERFIELD BEACH III,phase_or_component_evidence,new_two_read_review,2026-08-11,2026-08-11,2026-08-11,public_directory_sitemap,https://section8search.org/sitemap.xml | https://affordablehousinghub.org/sitemap.xml,not_approved,FALSE,2,2,2,retain_each,retain_each,2,Section8Search: PRAXIS OF DEERFIELD BEACH II | Section8Search: PRAXIS OF DEERFIELD BEACH III,public_housing_directory,https://section8search.org/florida/deerfield-beach/praxis-of-deerfield-beach-ii/ky1u7kfc0dfoy3r89xrwxysi | https://section8search.org/florida/deerfield-beach/praxis-of-deerfield-beach-iii/qevggl8hwj4qgu3bd5bedw4s,city_state_only | exact_standardized_site,distinct_phases_or_components_common_address,corroborates_all_listed_members_and_address,distinct_phases_or_components_common_address
SAQ_0236,FL|1508 SPRING LAKE COVE LN|FRUITLAND PARK,SPRING LAKE COVE I | SPRING LAKE COVE II,phase_or_component_evidence,new_two_read_review,2026-08-11,2026-08-11,2026-08-11,public_directory_sitemap,https://section8search.org/sitemap.xml | https://affordablehousinghub.org/sitemap.xml,not_approved,FALSE,2,2,2,retain_each,retain_each,2,Affordable Housing Hub: SPRING LAKE COVE II | Section8Search: SPRING LAKE COVE I,public_housing_directory,https://affordablehousinghub.org/housing/florida/lake-county/fruitland-park/spring-lake-cove-ii-3371-lihtc | https://section8search.org/florida/fruitland-park/spring-lake-cove-i/z3jpknkb7y5ym09ld4i3rppk,address_not_extracted | exact_standardized_site,distinct_phases_or_components_common_address,corroborates_all_listed_members_and_address,distinct_phases_or_components_common_address
SAQ_0237,FL|1730 W CARROLL ST|KISSIMMEE,WILLOWS VILLAGE I | WILLOWS VILLAGE II,phase_or_component_evidence,new_two_read_review,2026-08-11,2026-08-11,2026-08-11,public_directory_sitemap,https://section8search.org/sitemap.xml | https://affordablehousinghub.org/sitemap.xml,not_approved,FALSE,2,2,2,retain_each,retain_each,2,Affordable Housing Hub: WILLOWS VILLAGE I | Affordable Housing Hub: WILLOWS VILLAGE II,public_housing_directory,https://affordablehousinghub.org/housing/florida/osceola-county/kissimmee/willows-village-i-2131-lihtc | https://affordablehousinghub.org/housing/florida/osceola-county/kissimmee/willows-village-ii-2132-lihtc,address_not_extracted,distinct_phases_or_components_common_address,corroborates_all_listed_members_and_address,distinct_phases_or_components_common_address
SAQ_0238,FL|814A COUNTRY CIR|KISSIMMEE,BREEZEWOOD VILLAGE I | BREEZEWOOD VILLAGE II,phase_or_component_evidence,new_two_read_review,2026-08-11,2026-08-11,2026-08-11,public_directory_sitemap,https://section8search.org/sitemap.xml | https://affordablehousinghub.org/sitemap.xml,not_approved,FALSE,2,2,2,retain_each,retain_each,2,Affordable Housing Hub: BREEZEWOOD VILLAGE I | Affordable Housing Hub: BREEZEWOOD VILLAGE II,public_housing_directory,https://affordablehousinghub.org/housing/florida/osceola-county/kissimmee/breezewood-village-i-2503-lihtc | https://affordablehousinghub.org/housing/florida/osceola-county/kissimmee/breezewood-village-ii-2504-lihtc,address_not_extracted,distinct_phases_or_components_common_address,corroborates_all_listed_members_and_address,distinct_phases_or_components_common_address
SAQ_0239,FL|824 COUNTY RD 466|LADY LAKE,ROLLING ACRES I | ROLLING ACRES II,phase_or_component_evidence,new_two_read_review,2026-08-11,2026-08-11,2026-08-11,public_directory_sitemap,https://section8search.org/sitemap.xml | https://affordablehousinghub.org/sitemap.xml,not_approved,FALSE,2,2,2,retain_each,retain_each,2,Section8Search: ROLLING ACRES I | Section8Search: ROLLING ACRES II,public_housing_directory,https://section8search.org/florida/lady-lake/rolling-acres-i/fdfkee391t4r5trv0zgja284 | https://section8search.org/florida/lady-lake/rolling-acres-ii/zgk88cq96raymikmuc10puwp,city_state_only,distinct_phases_or_components_common_address,corroborates_all_listed_members_and_address,distinct_phases_or_components_common_address
SAQ_0240,FL|2580 SW WINDSONG CIR|LAKE CITY,WINDSONG I (LAKE CITY) | WINDSONG II (LAKE CITY),phase_or_component_evidence,new_two_read_review,2026-08-11,2026-08-11,2026-08-11,public_directory_sitemap,https://section8search.org/sitemap.xml | https://affordablehousinghub.org/sitemap.xml,not_approved,FALSE,2,2,2,retain_each,retain_each,2,Section8Search: WINDSONG I (LAKE CITY) | Section8Search: WINDSONG II (LAKE CITY),public_housing_directory,https://section8search.org/florida/lake-city/windsong-i-lake-city/jz9ngiebkixbohm7m06xw6h4 | https://section8search.org/florida/lake-city/windsong-ii-lake-city/eq78rmq9903pej7gp34v9gzf,exact_standardized_site,distinct_phases_or_components_common_address,corroborates_all_listed_members_and_address,distinct_phases_or_components_common_address
SAQ_0241,FL|910 CR 482N|LAKE PANASOFFKEE,PANASOFFKEE I | PANASOFFKEE II,phase_or_component_evidence,new_two_read_review,2026-08-11,2026-08-11,2026-08-11,public_directory_sitemap,https://section8search.org/sitemap.xml | https://affordablehousinghub.org/sitemap.xml,not_approved,FALSE,2,2,2,retain_each,retain_each,2,Affordable Housing Hub: PANASOFFKEE I | Affordable Housing Hub: PANASOFFKEE II,public_housing_directory,https://affordablehousinghub.org/housing/florida/sumter-county/lake-panasoffkee/panasoffkee-i-2352-lihtc | https://affordablehousinghub.org/housing/florida/sumter-county/lake-panasoffkee/panasoffkee-ii-4388-lihtc,address_not_extracted,distinct_phases_or_components_common_address,corroborates_all_listed_members_and_address,distinct_phases_or_components_common_address
SAQ_0242,FL|7159 OVERSEAS HWY|MARATHON,SEA GRAPE I | SEA GRAPE II,phase_or_component_evidence,new_two_read_review,2026-08-11,2026-08-11,2026-08-11,public_directory_sitemap,https://section8search.org/sitemap.xml | https://affordablehousinghub.org/sitemap.xml,not_approved,FALSE,2,2,2,retain_each,retain_each,2,Section8Search: SEA GRAPE I | Section8Search: SEA GRAPE II,public_housing_directory,https://section8search.org/florida/marathon/sea-grape-i/c8arw442udxc18udlgs8t4ub | https://section8search.org/florida/marathon/sea-grape-ii/h8muke22sm96zwmketoj59s2,exact_standardized_site,distinct_phases_or_components_common_address,corroborates_all_listed_members_and_address,distinct_phases_or_components_common_address
SAQ_0243,FL|1023 NW THIRD AVE|MIAMI,LUCERNE | NEW ARENA SQUARE,shared_address_only,new_two_read_review,2026-08-11,2026-08-11,2026-08-11,public_directory_sitemap,https://section8search.org/sitemap.xml | https://affordablehousinghub.org/sitemap.xml,not_approved,FALSE,2,2,2,retain_each,retain_each,1,Section8Search: NEW ARENA SQUARE,public_housing_directory,https://section8search.org/florida/miami/new-arena-square/du92vcgcfxyodrwwhkzfq8qw,exact_standardized_site,shared_address_without_sufficient_identity_evidence,corroborates_part_of_listed_members_and_address,shared_address_without_sufficient_identity_evidence
SAQ_0244,FL|105 MANOR BLVD|NAPLES,MEADOW LAKES I | MEADOW LAKES II,phase_or_component_evidence,new_two_read_review,2026-08-11,2026-08-11,2026-08-11,public_directory_sitemap,https://section8search.org/sitemap.xml | https://affordablehousinghub.org/sitemap.xml,not_approved,FALSE,2,2,2,retain_each,retain_each,2,Section8Search: MEADOW LAKES I | Section8Search: MEADOW LAKES II,public_housing_directory,https://section8search.org/florida/naples/meadow-lakes-i/t0yzmo2divueid2bluz7omp7 | https://section8search.org/florida/naples/meadow-lakes-ii/k5gum3y2d7qggb9vzjhgkmsj,exact_standardized_site,distinct_phases_or_components_common_address,corroborates_all_listed_members_and_address,distinct_phases_or_components_common_address
SAQ_0245,FL|1421 SW 27TH AVE|OCALA,STEEPLECHASE APTS I | STEEPLECHASE APTS II,phase_or_component_evidence,new_two_read_review,2026-08-11,2026-08-11,2026-08-11,public_directory_sitemap,https://section8search.org/sitemap.xml | https://affordablehousinghub.org/sitemap.xml,not_approved,FALSE,2,2,2,retain_each,retain_each,2,Section8Search: STEEPLECHASE APTS I | Section8Search: STEEPLECHASE APTS II,public_housing_directory,https://section8search.org/florida/ocala/steeplechase-apts-i/yvbuz160ctqc3ouzh9ltz6jf | https://section8search.org/florida/ocala/steeplechase-apts-ii/xtucsnqten7cz1wj9ojezd66,exact_standardized_site,distinct_phases_or_components_common_address,corroborates_all_listed_members_and_address,distinct_phases_or_components_common_address
SAQ_0246,FL|5200 N ORANGE BLOSSOM TRL|ORLANDO,NASSAU BAY I | NASSAU BAY II,phase_or_component_evidence,new_two_read_review,2026-08-11,2026-08-11,2026-08-11,public_directory_sitemap,https://section8search.org/sitemap.xml | https://affordablehousinghub.org/sitemap.xml,not_approved,FALSE,2,2,2,retain_each,retain_each,2,Section8Search: NASSAU BAY I | Section8Search: NASSAU BAY II,public_housing_directory,https://section8search.org/florida/orlando/nassau-bay-i/beimc5o2muaf9opwho25ezs7 | https://section8search.org/florida/orlando/nassau-bay-ii/spgb8nii99itdff3kvn5q2ns,city_state_only,distinct_phases_or_components_common_address,corroborates_all_listed_members_and_address,distinct_phases_or_components_common_address
SAQ_0247,FL|7528 MARBELLA POINTE DR|ORLANDO,MARBELLA COVE | MARBELLA POINTE,shared_address_only,new_two_read_review,2026-08-11,2026-08-11,2026-08-11,public_directory_sitemap,https://section8search.org/sitemap.xml | https://affordablehousinghub.org/sitemap.xml,not_approved,FALSE,2,2,2,retain_each,retain_each,2,Section8Search: MARBELLA COVE | Section8Search: MARBELLA POINTE,public_housing_directory,https://section8search.org/florida/orlando/marbella-cove/rnbmzqhqchf4eomkjqoy78gg | https://section8search.org/florida/orlando/marbella-pointe/opsza48iq413bdrjx7ugesn2,city_state_only | exact_standardized_site,shared_address_without_sufficient_identity_evidence,corroborates_all_listed_members_and_address,shared_address_without_sufficient_identity_evidence
SAQ_0248,FL|907 S KIRKMAN RD|ORLANDO,METRO PLACE I | METRO PLACE II,phase_or_component_evidence,new_two_read_review,2026-08-11,2026-08-11,2026-08-11,public_directory_sitemap,https://section8search.org/sitemap.xml | https://affordablehousinghub.org/sitemap.xml,not_approved,FALSE,2,2,2,retain_each,retain_each,2,Section8Search: METRO PLACE I | Section8Search: METRO PLACE II,public_housing_directory,https://section8search.org/florida/orlando/metro-place-i/qfcn3f05izu5wzkcsboz070u | https://section8search.org/florida/orlando/metro-place-ii/pag1uei8u2mh1qwznf0h1nku,exact_standardized_site,distinct_phases_or_components_common_address,corroborates_all_listed_members_and_address,distinct_phases_or_components_common_address
SAQ_0249,FL|450 FONTANA CIR|OVIEDO,OVIEDO TOWN CENTRE I | OVIEDO TOWN CENTRE II | OVIEDO TOWN CENTRE III | OVIEDO TOWN CENTRE IV,phase_or_component_evidence,new_two_read_review,2026-08-11,2026-08-11,2026-08-11,public_directory_sitemap,https://section8search.org/sitemap.xml | https://affordablehousinghub.org/sitemap.xml,not_approved,FALSE,4,4,4,retain_each,retain_each,4,Section8Search: OVIEDO TOWN CENTRE I | Section8Search: OVIEDO TOWN CENTRE II | Section8Search: OVIEDO TOWN CENTRE III | Section8Search: OVIEDO TOWN CENTRE IV,public_housing_directory,https://section8search.org/florida/oviedo/oviedo-town-centre-i/bksga3v4qyqdycz51b3fharb | https://section8search.org/florida/oviedo/oviedo-town-centre-ii/z0b6bheznftwj0c8jv5shsd7 | https://section8search.org/florida/oviedo/oviedo-town-centre-iii/erm5efwr154ol16g4a5fm6bq | https://section8search.org/florida/oviedo/oviedo-town-centre-iv/dfiigh5jttzm4gd7pdjsncvs,city_state_only | exact_standardized_site,distinct_phases_or_components_common_address,corroborates_all_listed_members_and_address,distinct_phases_or_components_common_address
SAQ_0250,FL|1914 FRANKFORD AVE|PANAMA CITY,ANDREWS PLACE I | ANDREWS PLACE II,phase_or_component_evidence,new_two_read_review,2026-08-11,2026-08-11,2026-08-11,public_directory_sitemap,https://section8search.org/sitemap.xml | https://affordablehousinghub.org/sitemap.xml,not_approved,FALSE,2,2,2,retain_each,retain_each,2,Section8Search: ANDREWS PLACE I | Section8Search: ANDREWS PLACE II,public_housing_directory,https://section8search.org/florida/panama-city/andrews-place-i/lgw3nh1mgpjp7g84cwgphkcc | https://section8search.org/florida/panama-city/andrews-place-ii/y7hzgwswyr4r8ow6755d6vxg,exact_standardized_site,distinct_phases_or_components_common_address,corroborates_all_listed_members_and_address,distinct_phases_or_components_common_address
SAQ_0251,FL|1900 SE HILLMOOR DR|PORT ST LUCIE,HILLMOOR TOWNHOMES | HILLMOOR TOWNHOMES PHASE II,shared_address_only,new_two_read_review,2026-08-11,2026-08-11,2026-08-11,public_directory_sitemap,https://section8search.org/sitemap.xml | https://affordablehousinghub.org/sitemap.xml,not_approved,FALSE,2,2,2,retain_each,retain_each,2,Affordable Housing Hub: HILLMOOR TOWNHOMES | Affordable Housing Hub: HILLMOOR TOWNHOMES PHASE II,public_housing_directory,https://affordablehousinghub.org/housing/florida/st-lucie-county/port-st-lucie/hillmoor-townhomes-2245-lihtc | https://affordablehousinghub.org/housing/florida/st-lucie-county/port-st-lucie/hillmoor-townhomes-phase-ii-2222-lihtc,address_not_extracted,shared_address_without_sufficient_identity_evidence,corroborates_all_listed_members_and_address,shared_address_without_sufficient_identity_evidence
SAQ_0252,FL|24500 AIRPORT RD|PUNTA GORDA,SANDY PINES MANOR | VERANDAS OF PUNTA GORDA II,shared_address_only,new_two_read_review,2026-08-11,2026-08-11,2026-08-11,public_directory_sitemap,https://section8search.org/sitemap.xml | https://affordablehousinghub.org/sitemap.xml,not_approved,FALSE,2,2,2,retain_each,retain_each,2,Affordable Housing Hub: SANDY PINES MANOR | Section8Search: VERANDAS OF PUNTA GORDA II,public_housing_directory,https://affordablehousinghub.org/housing/florida/charlotte-county/punta-gorda/sandy-pines-manor-2217-lihtc | https://section8search.org/florida/punta-gorda/verandas-of-punta-gorda-ii/o4b8hz47nyrrnr9t2916rvek,address_not_extracted | city_state_only,shared_address_without_sufficient_identity_evidence,corroborates_all_listed_members_and_address,shared_address_without_sufficient_identity_evidence
SAQ_0253,FL|6008 FARMINGTON OAKS PL|RIVERVIEW,KENSINGTON GARDENS I | KENSINGTON GARDENS II,phase_or_component_evidence,new_two_read_review,2026-08-11,2026-08-11,2026-08-11,public_directory_sitemap,https://section8search.org/sitemap.xml | https://affordablehousinghub.org/sitemap.xml,not_approved,FALSE,2,2,2,retain_each,retain_each,2,Section8Search: KENSINGTON GARDENS I | Section8Search: KENSINGTON GARDENS II,public_housing_directory,https://section8search.org/florida/riverview/kensington-gardens-i/wgf4wdig587aqoxnvwpkvden | https://section8search.org/florida/riverview/kensington-gardens-ii/e3c7i4upsg006wsox33pu784,exact_standardized_site,distinct_phases_or_components_common_address,corroborates_all_listed_members_and_address,distinct_phases_or_components_common_address
SAQ_0254,FL|9474 WINDERMERE LAKE DR|RIVERVIEW,WINDERMERE APTS I | WINDERMERE APTS II,phase_or_component_evidence,new_two_read_review,2026-08-11,2026-08-11,2026-08-11,public_directory_sitemap,https://section8search.org/sitemap.xml | https://affordablehousinghub.org/sitemap.xml,not_approved,FALSE,2,2,2,retain_each,retain_each,2,Section8Search: WINDERMERE APTS I | Section8Search: WINDERMERE APTS II,public_housing_directory,https://section8search.org/florida/riverview/windermere-apts-i/j0pd6tat29jkrb503cyebz3n | https://section8search.org/florida/riverview/windermere-apts-ii/f5lpao13dmsr14qkp26q68q2,exact_standardized_site,distinct_phases_or_components_common_address,corroborates_all_listed_members_and_address,distinct_phases_or_components_common_address
SAQ_0255,FL|2350 CENTRAL AVE|SARASOTA,JANIE'S GARDEN I | JANIE'S GARDEN II,phase_or_component_evidence,new_two_read_review,2026-08-11,2026-08-11,2026-08-11,focused_web_search,https://affordablehousinghub.org/housing/florida/sarasota-county/sarasota?waitlist=closed,not_approved,FALSE,2,2,2,retain_each,retain_each,2,"LIHTC properties in Sarasota, Florida",public_property_directory,https://affordablehousinghub.org/housing/florida/sarasota-county/sarasota?waitlist=closed,manual_source_confirms_listed_address,distinct_phases_or_components_common_address,supports_retain_each,outside_source_confirms_distinct_phases_or_components
SAQ_0256,FL|3755 FAIRVIEW COVE LN|TAMPA,FAIRVIEW COVE I | FAIRVIEW COVE II,phase_or_component_evidence,new_two_read_review,2026-08-11,2026-08-11,2026-08-11,public_directory_sitemap,https://section8search.org/sitemap.xml | https://affordablehousinghub.org/sitemap.xml,not_approved,FALSE,2,2,2,retain_each,retain_each,2,Section8Search: FAIRVIEW COVE I | Section8Search: FAIRVIEW COVE II,public_housing_directory,https://section8search.org/florida/tampa/fairview-cove-i/x9mic8hr9dtmi25pwk68a41o | https://section8search.org/florida/tampa/fairview-cove-ii/hq1hgch1vsq6hyg3e9wu7i1s,city_state_only | exact_standardized_site,distinct_phases_or_components_common_address,corroborates_all_listed_members_and_address,distinct_phases_or_components_common_address
SAQ_0257,FL|6402 ROYAL HUNT DR|TAMPA,HUNTERS RUN I | HUNTERS RUN II,phase_or_component_evidence,new_two_read_review,2026-08-11,2026-08-11,2026-08-11,public_directory_sitemap,https://section8search.org/sitemap.xml | https://affordablehousinghub.org/sitemap.xml,not_approved,FALSE,2,2,2,retain_each,retain_each,2,Section8Search: HUNTERS RUN I | Section8Search: HUNTERS RUN II,public_housing_directory,https://section8search.org/florida/tampa/hunters-run-i/lxbvaryr74trfzn10dsb6tm1 | https://section8search.org/florida/tampa/hunters-run-ii/ffxad1cn0wqxwryaa6resz9w,city_state_only,distinct_phases_or_components_common_address,corroborates_all_listed_members_and_address,distinct_phases_or_components_common_address
SAQ_0258,FL|1010 E CENTRAL AVE|WEBSTER,WEBSTER I | WEBSTER II,phase_or_component_evidence,new_two_read_review,2026-08-11,2026-08-11,2026-08-11,public_directory_sitemap,https://section8search.org/sitemap.xml | https://affordablehousinghub.org/sitemap.xml,not_approved,FALSE,2,2,2,retain_each,retain_each,2,Affordable Housing Hub: WEBSTER I | Section8Search: WEBSTER II,public_housing_directory,https://affordablehousinghub.org/housing/florida/sumter-county/webster/webster-i-2104-lihtc | https://section8search.org/florida/webster/webster-ii/a4vz077znr6lzeedot07p5ju,address_not_extracted | exact_standardized_site,distinct_phases_or_components_common_address,corroborates_all_listed_members_and_address,distinct_phases_or_components_common_address
SAQ_0259,FL|8825 BUENA PL|WINDERMERE,BUENA VISTA PLACE | BUENA VISTA PLACE II,shared_address_only,new_two_read_review,2026-08-11,2026-08-11,2026-08-11,public_directory_sitemap,https://section8search.org/sitemap.xml | https://affordablehousinghub.org/sitemap.xml,not_approved,FALSE,2,2,2,retain_each,retain_each,2,Section8Search: BUENA VISTA PLACE | Section8Search: BUENA VISTA PLACE II,public_housing_directory,https://section8search.org/florida/windermere/buena-vista-place-ii/l2j1qmo55nxoqxphf8zqto8k | https://section8search.org/florida/windermere/buena-vista-place/zrkruc1rwudzcusb04jpd4j4,exact_standardized_site,shared_address_without_sufficient_identity_evidence,corroborates_all_listed_members_and_address,shared_address_without_sufficient_identity_evidence
SAQ_0260,GA|237 IRWINVILLE RD|ABBEVILLE,AUTUMNWOOD VILLAGE | AUTUMNWOOD VILLAGE (NEW),shared_address_only,new_two_read_review,2026-08-11,2026-08-11,2026-08-11,public_directory_sitemap,https://section8search.org/sitemap.xml | https://affordablehousinghub.org/sitemap.xml,not_approved,FALSE,2,1,1,merge_all,merge_all,2,Affordable Housing Hub: AUTUMNWOOD VILLAGE | Section8Search: AUTUMNWOOD VILLAGE (NEW),public_housing_directory,https://affordablehousinghub.org/housing/georgia/wilcox-county/abbeville/autumnwood-village-4064-lihtc | https://section8search.org/georgia/abbeville/autumnwood-village-new/c08gdt056zvhbwnamp65vnex,address_not_extracted | exact_standardized_site,later_financing_or_renamed_same_physical_development,corroborates_all_listed_members_and_address,later_financing_or_renamed_same_physical_development
SAQ_0261,GA|184 E MAIN ST|ADRIAN,DEERWOOD APARTMENTS | DEERWOOD VILLAGE,shared_address_only,new_two_read_review,2026-08-11,2026-08-11,2026-08-11,public_directory_sitemap,https://section8search.org/sitemap.xml | https://affordablehousinghub.org/sitemap.xml,not_approved,FALSE,2,2,2,retain_each,retain_each,2,Section8Search: DEERWOOD APARTMENTS | Section8Search: DEERWOOD VILLAGE,public_housing_directory,https://section8search.org/georgia/adrian/deerwood-apartments/l1rskee9poeq9s71tdckf1me | https://section8search.org/georgia/adrian/deerwood-village/sho8734k2d7uplhsfc4rwz8j,exact_standardized_site,shared_address_without_sufficient_identity_evidence,corroborates_all_listed_members_and_address,shared_address_without_sufficient_identity_evidence
SAQ_0262,GA|795 HAWKINS ST|AMERICUS,RAVEN WOODS APARTMENTS | RAVENWOOD APARTMENTS,name_or_timing_evidence,new_two_read_review,2026-08-11,2026-08-11,2026-08-11,public_directory_sitemap,https://section8search.org/sitemap.xml | https://affordablehousinghub.org/sitemap.xml,not_approved,FALSE,2,1,1,merge_all,merge_all,2,Affordable Housing Hub: RAVENWOOD APARTMENTS | Section8Search: RAVEN WOODS APARTMENTS,public_housing_directory,https://affordablehousinghub.org/housing/georgia/sumter-county/americus/ravenwood-apartments-4650-lihtc | https://section8search.org/georgia/americus/raven-woods-apartments/jrh61eeabqbfvq36mj6qwp2z,address_not_extracted | exact_standardized_site,name_or_reporting_variant_same_physical_development,corroborates_all_listed_members_and_address,name_or_reporting_variant_same_physical_development
SAQ_0263,GA|700 ASHTON PL CIR|ASHBURN,"ASHTON PLACE | ASHTON PLACE (ASHBURN, GA)",name_or_timing_evidence,new_two_read_review,2026-08-11,2026-08-11,2026-08-11,public_directory_sitemap,https://section8search.org/sitemap.xml | https://affordablehousinghub.org/sitemap.xml,not_approved,FALSE,2,1,1,merge_all,merge_all,2,"Affordable Housing Hub: ASHTON PLACE | Section8Search: ASHTON PLACE (ASHBURN, GA)",public_housing_directory,https://affordablehousinghub.org/housing/georgia/turner-county/ashburn/ashton-place-5354-lihtc | https://section8search.org/georgia/ashburn/ashton-place-ashburn-ga/njd7wzqrmmjq3y0pflxco1rw,address_not_extracted | city_state_only,name_or_reporting_variant_same_physical_development,corroborates_all_listed_members_and_address,name_or_reporting_variant_same_physical_development
SAQ_0264,GA|110 CARRIAGE CT|ATHENS,CLARKE GARDENS APARTMENTS | CLARKE GARDENS FKA ASHTON CLARKE APTS,shared_address_only,new_two_read_review,2026-08-11,2026-08-11,2026-08-11,public_directory_sitemap,https://section8search.org/sitemap.xml | https://affordablehousinghub.org/sitemap.xml,not_approved,FALSE,2,1,1,merge_all,merge_all,2,Section8Search: CLARKE GARDENS APARTMENTS | Section8Search: CLARKE GARDENS FKA ASHTON CLARKE APTS,public_housing_directory,https://section8search.org/georgia/athens/clarke-gardens-apartments/h6g4qvbgajyjlhybel9ds1sc | https://section8search.org/georgia/athens/clarke-gardens-fka-ashton-clarke-apts/kpgg8af48xuxvhzwhzxyhra5,city_state_only | exact_standardized_site,later_financing_or_renamed_same_physical_development,corroborates_all_listed_members_and_address,later_financing_or_renamed_same_physical_development
SAQ_0265,GA|2000 BOULDERCREST RD SE|ATLANTA,EAGLES RUN I | EAGLES RUN II,phase_or_component_evidence,new_two_read_review,2026-08-11,2026-08-11,2026-08-11,public_directory_sitemap,https://section8search.org/sitemap.xml | https://affordablehousinghub.org/sitemap.xml,not_approved,FALSE,2,2,2,retain_each,retain_each,2,Affordable Housing Hub: EAGLES RUN I | Section8Search: EAGLES RUN II,public_housing_directory,https://affordablehousinghub.org/housing/georgia/dekalb-county/atlanta/eagles-run-i-3786-lihtc | https://section8search.org/georgia/atlanta/eagles-run-ii/yvl0yw4eek97techwmso4lpt,address_not_extracted | exact_standardized_site,distinct_phases_or_components_common_address,corroborates_all_listed_members_and_address,distinct_phases_or_components_common_address
SAQ_0266,GA|2909 CAMPBELLTON RD SW|ATLANTA,CASCADE PINES APARTMENTS | HUNTINGWOOD POINTE  - CASCADE PINES APTS.,shared_address_only,new_two_read_review,2026-08-11,2026-08-11,2026-08-11,public_directory_sitemap,https://section8search.org/sitemap.xml | https://affordablehousinghub.org/sitemap.xml,not_approved,FALSE,2,2,2,retain_each,retain_each,2,Section8Search: CASCADE PINES APARTMENTS | Section8Search: HUNTINGWOOD POINTE  - CASCADE PINES APTS.,public_housing_directory,https://section8search.org/georgia/atlanta/cascade-pines-apartments/occhgwgos506ltbo6iayxay7 | https://section8search.org/georgia/atlanta/huntingwood-pointe-cascade-pines-apts/pmnk5y9jdnjjal6myafs27i9,exact_standardized_site,shared_address_without_sufficient_identity_evidence,corroborates_all_listed_members_and_address,shared_address_without_sufficient_identity_evidence
SAQ_0267,GA|3450 FORREST PARK RD SE|ATLANTA,COLUMBIA HILL/DUTCH HILL I | COLUMBIA HILL/DUTCH HILL II | SOUTH RIVER GARDEN,phase_or_component_evidence,new_two_read_review,2026-08-11,2026-08-11,2026-08-11,public_directory_sitemap,https://section8search.org/sitemap.xml | https://affordablehousinghub.org/sitemap.xml,not_approved,FALSE,3,3,3,retain_each,retain_each,2,Affordable Housing Hub: COLUMBIA HILL/DUTCH HILL I | Affordable Housing Hub: COLUMBIA HILL/DUTCH HILL II,public_housing_directory,https://affordablehousinghub.org/housing/georgia/fulton-county/atlanta/columbia-hill-dutch-hill-i-3756-lihtc | https://affordablehousinghub.org/housing/georgia/fulton-county/atlanta/columbia-hill-dutch-hill-ii-5332-lihtc,address_not_extracted,distinct_phases_or_components_common_address,corroborates_part_of_listed_members_and_address,distinct_phases_or_components_common_address
SAQ_0268,GA|416 ATWOOD ST SW|ATLANTA,ATWOOD STREET | ATWOOD STREET/416-418,shared_address_only,new_two_read_review,2026-08-11,2026-08-11,2026-08-11,public_directory_sitemap,https://section8search.org/sitemap.xml | https://affordablehousinghub.org/sitemap.xml,not_approved,FALSE,2,2,2,retain_each,retain_each,2,Affordable Housing Hub: ATWOOD STREET | Affordable Housing Hub: ATWOOD STREET/416-418,public_housing_directory,https://affordablehousinghub.org/housing/georgia/fulton-county/atlanta/atwood-street-416-418-3955-lihtc | https://affordablehousinghub.org/housing/georgia/fulton-county/atlanta/atwood-street-4701-lihtc,address_not_extracted,shared_address_without_sufficient_identity_evidence,corroborates_all_listed_members_and_address,shared_address_without_sufficient_identity_evidence
SAQ_0269,GA|535 AMAL DR SW|ATLANTA,AMAL TOWNHOME COMMUNITY | AMAL TOWNHOMES PHASE II,shared_address_only,new_two_read_review,2026-08-11,2026-08-11,2026-08-11,public_directory_sitemap,https://section8search.org/sitemap.xml | https://affordablehousinghub.org/sitemap.xml,not_approved,FALSE,2,2,2,retain_each,retain_each,2,Affordable Housing Hub: AMAL TOWNHOME COMMUNITY | Affordable Housing Hub: AMAL TOWNHOMES PHASE II,public_housing_directory,https://affordablehousinghub.org/housing/georgia/fulton-county/atlanta/amal-townhome-community-4055-lihtc | https://affordablehousinghub.org/housing/georgia/fulton-county/atlanta/amal-townhomes-phase-ii-4695-lihtc,address_not_extracted,shared_address_without_sufficient_identity_evidence,corroborates_all_listed_members_and_address,shared_address_without_sufficient_identity_evidence
SAQ_0270,GA|6659 CHUPP RD|ATLANTA FULTON,STONE TERRACE | STONE TERRACE II,shared_address_only,new_two_read_review,2026-08-11,2026-08-11,2026-08-11,public_directory_sitemap,https://section8search.org/sitemap.xml | https://affordablehousinghub.org/sitemap.xml,not_approved,FALSE,2,2,2,retain_each,retain_each,2,Section8Search: STONE TERRACE | Section8Search: STONE TERRACE II,public_housing_directory,https://section8search.org/georgia/atlanta-fulton/stone-terrace-ii/zded74k67c7s4rysfvg329cf | https://section8search.org/georgia/atlanta-fulton/stone-terrace/qs18lef1zb2givsqx16ltql9,city_state_only,shared_address_without_sufficient_identity_evidence,corroborates_all_listed_members_and_address,shared_address_without_sufficient_identity_evidence
SAQ_0271,GA|155 AUTRY RD|AUBURN,AUTRY PINES SENIOR VILLAGE | AUTRY PINES SR VILLAGE,shared_address_only,new_two_read_review,2026-08-11,2026-08-11,2026-08-11,public_directory_sitemap,https://section8search.org/sitemap.xml | https://affordablehousinghub.org/sitemap.xml,not_approved,FALSE,2,2,2,retain_each,retain_each,2,Affordable Housing Hub: AUTRY PINES SENIOR VILLAGE | Section8Search: AUTRY PINES SR VILLAGE,public_housing_directory,https://affordablehousinghub.org/housing/georgia/barrow-county/auburn/autry-pines-senior-village-3926-lihtc | https://section8search.org/georgia/auburn/autry-pines-sr-village/pzqhjggkv7p68gfz4c10u8rr,address_not_extracted | exact_standardized_site,shared_address_without_sufficient_identity_evidence,corroborates_all_listed_members_and_address,shared_address_without_sufficient_identity_evidence
SAQ_0272,GA|744 BROAD ST|AUGUSTA,ASHTON RICHMOND | RICHMOND SUMMIT,name_or_timing_evidence,new_two_read_review,2026-08-11,2026-08-11,2026-08-11,public_directory_sitemap,https://section8search.org/sitemap.xml | https://affordablehousinghub.org/sitemap.xml,not_approved,FALSE,2,1,1,merge_all,merge_all,2,Section8Search: ASHTON RICHMOND | Section8Search: RICHMOND SUMMIT,public_housing_directory,https://section8search.org/georgia/augusta/ashton-richmond/k7iwf1d0jcbxnqx4xyhhner5 | https://section8search.org/georgia/augusta/richmond-summit/sd4tw0uwg52nhfrfrkq1zyhk,exact_standardized_site,name_or_reporting_variant_same_physical_development,corroborates_all_listed_members_and_address,name_or_reporting_variant_same_physical_development
SAQ_0273,GA|1899 MULKEY RD|AUSTELL,AUSTELL VILLAGE | HIGHLAND RIDGE,shared_address_only,new_two_read_review,2026-08-11,2026-08-11,2026-08-11,public_directory_sitemap,https://section8search.org/sitemap.xml | https://affordablehousinghub.org/sitemap.xml,not_approved,FALSE,2,2,2,retain_each,retain_each,1,Section8Search: HIGHLAND RIDGE,public_housing_directory,https://section8search.org/georgia/austell/highland-ridge/jp5mqxztj8vy7hp5hux0esja,exact_standardized_site,shared_address_without_sufficient_identity_evidence,corroborates_part_of_listed_members_and_address,shared_address_without_sufficient_identity_evidence
SAQ_0274,GA|128 HOLLY ST|BUCHANAN,HOLLY VILLAGE APARTMENTS (NEW) | HOLLY VILLAGE APTS,shared_address_only,new_two_read_review,2026-08-11,2026-08-11,2026-08-11,public_directory_sitemap,https://section8search.org/sitemap.xml | https://affordablehousinghub.org/sitemap.xml,not_approved,FALSE,2,1,1,merge_all,merge_all,2,Section8Search: HOLLY VILLAGE APARTMENTS (NEW) | Section8Search: HOLLY VILLAGE APTS,public_housing_directory,https://section8search.org/georgia/buchanan/holly-village-apartments-new/jaq2ku2lep4qp7ftlb3wkw0d | https://section8search.org/georgia/buchanan/holly-village-apts/u9j2wpa6usbpt1s3625dn7i9,exact_standardized_site,later_financing_or_renamed_same_physical_development,corroborates_all_listed_members_and_address,later_financing_or_renamed_same_physical_development
SAQ_0275,GA|500 S MACARTHUR DR|CAMILLA,SOUTH FORK APARTMENTS | SOUTHFORK APTS,shared_address_only,new_two_read_review,2026-08-11,2026-08-11,2026-08-11,public_directory_sitemap,https://section8search.org/sitemap.xml | https://affordablehousinghub.org/sitemap.xml,not_approved,FALSE,2,2,2,retain_each,retain_each,1,Affordable Housing Hub: SOUTHFORK APTS,public_housing_directory,https://affordablehousinghub.org/housing/georgia/mitchell-county/camilla/southfork-apts-4500-lihtc,address_not_extracted,shared_address_without_sufficient_identity_evidence,corroborates_part_of_listed_members_and_address,shared_address_without_sufficient_identity_evidence
SAQ_0276,GA|4411 1ST AVE|COLUMBUS,LYNDOLYN | LYNDOLYN APARTMENTS II,shared_address_only,new_two_read_review,2026-08-11,2026-08-11,2026-08-11,public_directory_sitemap,https://section8search.org/sitemap.xml | https://affordablehousinghub.org/sitemap.xml,not_approved,FALSE,2,2,2,retain_each,retain_each,2,Section8Search: LYNDOLYN | Section8Search: LYNDOLYN APARTMENTS II,public_housing_directory,https://section8search.org/georgia/columbus/lyndolyn-apartments-ii/tr1ygpylrzfsdyr2fzjtnvhc | https://section8search.org/georgia/columbus/lyndolyn/fbflnyk17d91cj9piyt4nnr9,exact_standardized_site,shared_address_without_sufficient_identity_evidence,corroborates_all_listed_members_and_address,shared_address_without_sufficient_identity_evidence
SAQ_0277,GA|100 SALEM GLEN WAY SE|CONYERS,"SALEM GLEN APARTMENTS, PHASE II | SALEM GLEN APTS III",shared_address_only,new_two_read_review,2026-08-11,2026-08-11,2026-08-11,public_directory_sitemap,https://section8search.org/sitemap.xml | https://affordablehousinghub.org/sitemap.xml,not_approved,FALSE,2,2,2,retain_each,retain_each,2,"Affordable Housing Hub: SALEM GLEN APARTMENTS, PHASE II | Section8Search: SALEM GLEN APTS III",public_housing_directory,https://affordablehousinghub.org/housing/georgia/newton-county/conyers/salem-glen-apartments-phase-ii-4673-lihtc | https://section8search.org/georgia/conyers/salem-glen-apts-iii/w3z500d4b340ecazy2wqarzw,address_not_extracted | exact_standardized_site,shared_address_without_sufficient_identity_evidence,corroborates_all_listed_members_and_address,shared_address_without_sufficient_identity_evidence
SAQ_0278,GA|1202 BLACKSHEAR RD|CORDELE,WILLOW APARTMENTS I | WILLOW APTS,phase_or_component_evidence,new_two_read_review,2026-08-11,2026-08-11,2026-08-11,public_directory_sitemap,https://section8search.org/sitemap.xml | https://affordablehousinghub.org/sitemap.xml,not_approved,FALSE,2,2,2,retain_each,retain_each,2,Affordable Housing Hub: WILLOW APARTMENTS I | Section8Search: WILLOW APTS,public_housing_directory,https://affordablehousinghub.org/housing/georgia/crisp-county/cordele/willow-apartments-i-5230-lihtc | https://section8search.org/georgia/cordele/willow-apts/wu8hegm9yeve8ae95kmuc75g,address_not_extracted | exact_standardized_site,distinct_phases_or_components_common_address,corroborates_all_listed_members_and_address,distinct_phases_or_components_common_address
SAQ_0279,GA|114 DEERFIELD CT NW|CRAWFORDVILLE,DEERFIELD APARTMENTS | DEERFIELD APARTMENTS (CRAWFORDVILLE),name_or_timing_evidence,new_two_read_review,2026-08-11,2026-08-11,2026-08-11,public_directory_sitemap,https://section8search.org/sitemap.xml | https://affordablehousinghub.org/sitemap.xml,not_approved,FALSE,2,1,1,merge_all,merge_all,2,Affordable Housing Hub: DEERFIELD APARTMENTS | Section8Search: DEERFIELD APARTMENTS (CRAWFORDVILLE),public_housing_directory,https://affordablehousinghub.org/housing/georgia/taliaferro-county/crawfordville/deerfield-apartments-3798-lihtc | https://section8search.org/georgia/crawfordville/deerfield-apartments-crawfordville/k7ckr89ysg8xhhgjfalrg5au,address_not_extracted | exact_standardized_site,name_or_reporting_variant_same_physical_development,corroborates_all_listed_members_and_address,name_or_reporting_variant_same_physical_development
SAQ_0280,GA|555 WIMPY MILL RD|DAHLONEGA,BROOKS POINT APARTMENTS | BROOKS POINT APARTMENTS (NEW),shared_address_only,new_two_read_review,2026-08-11,2026-08-11,2026-08-11,public_directory_sitemap,https://section8search.org/sitemap.xml | https://affordablehousinghub.org/sitemap.xml,not_approved,FALSE,2,1,1,merge_all,merge_all,2,Affordable Housing Hub: BROOKS POINT APARTMENTS | Section8Search: BROOKS POINT APARTMENTS (NEW),public_housing_directory,https://affordablehousinghub.org/housing/georgia/lumpkin-county/dahlonega/brooks-point-apartments-4513-lihtc | https://section8search.org/georgia/dahlonega/brooks-point-apartments-new/eldst2v1ln27xvatwplyz8sv,address_not_extracted | exact_standardized_site,later_financing_or_renamed_same_physical_development,corroborates_all_listed_members_and_address,later_financing_or_renamed_same_physical_development
SAQ_0281,GA|1030 N DARIEN ST SW|DARIEN,DOYLE VILLAGE APARTMENTS | TRACEWOOD APARTMENTS,shared_address_only,new_two_read_review,2026-08-11,2026-08-11,2026-08-11,public_directory_sitemap,https://section8search.org/sitemap.xml | https://affordablehousinghub.org/sitemap.xml,not_approved,FALSE,2,2,2,retain_each,retain_each,2,Affordable Housing Hub: TRACEWOOD APARTMENTS | Section8Search: DOYLE VILLAGE APARTMENTS,public_housing_directory,https://affordablehousinghub.org/housing/georgia/mcintosh-county/darien/tracewood-apartments-3799-lihtc | https://section8search.org/georgia/darien/doyle-village-apartments/xhy877dmv6oakp17a1q48hlo,address_not_extracted | exact_standardized_site,shared_address_without_sufficient_identity_evidence,corroborates_all_listed_members_and_address,shared_address_without_sufficient_identity_evidence
SAQ_0282,GA|421 W TRINITY PL|DECATUR,TRINITY WALK | TRINITY WALK PHASE II,shared_address_only,new_two_read_review,2026-08-11,2026-08-11,2026-08-11,public_directory_sitemap,https://section8search.org/sitemap.xml | https://affordablehousinghub.org/sitemap.xml,not_approved,FALSE,2,2,2,retain_each,retain_each,2,Section8Search: TRINITY WALK | Section8Search: TRINITY WALK PHASE II,public_housing_directory,https://section8search.org/georgia/decatur/trinity-walk-phase-ii/zr9fcbu0yz04iueh1f9t4bip | https://section8search.org/georgia/decatur/trinity-walk/ytd0oemfjsw1kd2vu0vkn8zu,exact_standardized_site,shared_address_without_sufficient_identity_evidence,corroborates_all_listed_members_and_address,shared_address_without_sufficient_identity_evidence
SAQ_0283,GA|701 LUPO LN|DOUGLAS,HUNTER'S RUN APARTMENTS | HUNTERS RUN APARTMENTS (17-534),shared_address_only,new_two_read_review,2026-08-11,2026-08-11,2026-08-11,public_directory_sitemap,https://section8search.org/sitemap.xml | https://affordablehousinghub.org/sitemap.xml,not_approved,FALSE,2,1,1,merge_all,merge_all,1,Affordable Housing Hub: HUNTERS RUN APARTMENTS (17-534),public_housing_directory,https://affordablehousinghub.org/housing/georgia/coffee-county/douglas/hunters-run-apartments-17-534-4773-lihtc,address_not_extracted,later_financing_or_renamed_same_physical_development,corroborates_part_of_listed_members_and_address,later_financing_or_renamed_same_physical_development
SAQ_0284,GA|1888 CONNALLY DR|EAST POINT,CONNALLY DRIVE HOME | MARIETTA-COBB WINTER SHELTER,name_or_timing_evidence,new_two_read_review,2026-08-11,2026-08-11,2026-08-11,public_directory_sitemap,https://section8search.org/sitemap.xml | https://affordablehousinghub.org/sitemap.xml,not_approved,FALSE,2,1,1,merge_all,merge_all,2,Affordable Housing Hub: MARIETTA-COBB WINTER SHELTER | Section8Search: CONNALLY DRIVE HOME,public_housing_directory,https://affordablehousinghub.org/housing/georgia/fulton-county/east-point/marietta-cobb-winter-shelter-4155-lihtc | https://section8search.org/georgia/east-point/connally-drive-home/de8pfce5r4wtkpymtduvabwc,address_not_extracted | exact_standardized_site,name_or_reporting_variant_same_physical_development,corroborates_all_listed_members_and_address,name_or_reporting_variant_same_physical_development
SAQ_0285,GA|4950 GOVERNORS DR|FOREST PARK,ASHTON FOREST PARK | ASHTON WALK,name_or_timing_evidence,new_two_read_review,2026-08-11,2026-08-11,2026-08-11,public_directory_sitemap,https://section8search.org/sitemap.xml | https://affordablehousinghub.org/sitemap.xml,not_approved,FALSE,2,1,1,merge_all,merge_all,2,Section8Search: ASHTON FOREST PARK | Section8Search: ASHTON WALK,public_housing_directory,https://section8search.org/georgia/forest-park/ashton-forest-park/igg9s70nwjbgduktz3zhfdrf | https://section8search.org/georgia/forest-park/ashton-walk/rzj14h2r4be4igeq6u956yzm,exact_standardized_site,name_or_reporting_variant_same_physical_development,corroborates_all_listed_members_and_address,name_or_reporting_variant_same_physical_development
SAQ_0286,GA|320 TOWER HEIGHTS RD|GAINESVILLE,LEGACY AT WALTON HARBOR II | WALTON HARBOR,shared_address_only,new_two_read_review,2026-08-11,2026-08-11,2026-08-11,public_directory_sitemap,https://section8search.org/sitemap.xml | https://affordablehousinghub.org/sitemap.xml,not_approved,FALSE,2,2,2,retain_each,retain_each,2,Section8Search: LEGACY AT WALTON HARBOR II | Section8Search: WALTON HARBOR,public_housing_directory,https://section8search.org/georgia/gainesville/legacy-at-walton-harbor-ii/gu4wd9n28i97n6qhgv27dc6h | https://section8search.org/georgia/gainesville/walton-harbor/odo05fc24a6ukwl5z5f7mxzi,exact_standardized_site,shared_address_without_sufficient_identity_evidence,corroborates_all_listed_members_and_address,shared_address_without_sufficient_identity_evidence
SAQ_0287,GA|388 PROJECT ST|GIBSON,GIBSON VILLAGE | NEW GIBSON VILLAGE APARTMENTS,shared_address_only,new_two_read_review,2026-08-11,2026-08-11,2026-08-11,public_directory_sitemap,https://section8search.org/sitemap.xml | https://affordablehousinghub.org/sitemap.xml,not_approved,FALSE,2,1,1,merge_all,merge_all,1,Affordable Housing Hub: GIBSON VILLAGE,public_housing_directory,https://affordablehousinghub.org/housing/georgia/glascock-county/gibson/gibson-village-4729-lihtc,address_not_extracted,later_financing_or_renamed_same_physical_development,corroborates_part_of_listed_members_and_address,later_financing_or_renamed_same_physical_development
SAQ_0288,GA|11 FOX CHASE CIR|GREENSBORO,FOX CHASE I | FOX CHASE PHASE II,shared_address_only,new_two_read_review,2026-08-11,2026-08-11,2026-08-11,public_directory_sitemap,https://section8search.org/sitemap.xml | https://affordablehousinghub.org/sitemap.xml,not_approved,FALSE,2,2,2,retain_each,retain_each,2,Affordable Housing Hub: FOX CHASE PHASE II | Section8Search: FOX CHASE I,public_housing_directory,https://affordablehousinghub.org/housing/georgia/greene-county/greensboro/fox-chase-phase-ii-4210-lihtc | https://section8search.org/georgia/greensboro/fox-chase-i/rwkjcs6r9qst762j3hwa9q7o,address_not_extracted | exact_standardized_site,shared_address_without_sufficient_identity_evidence,corroborates_all_listed_members_and_address,shared_address_without_sufficient_identity_evidence
SAQ_0289,GA|829 N HILL ST|GRIFFIN,ST. PHIILIP VILLAS | ST. PHILLIPS VILLAS,name_or_timing_evidence,new_two_read_review,2026-08-11,2026-08-11,2026-08-11,public_directory_sitemap,https://section8search.org/sitemap.xml | https://affordablehousinghub.org/sitemap.xml,not_approved,FALSE,2,1,1,merge_all,merge_all,2,Section8Search: ST. PHIILIP VILLAS | Section8Search: ST. PHILLIPS VILLAS,public_housing_directory,https://section8search.org/georgia/griffin/st-phiilip-villas/fqoakdpr5ugp0r1j1kvnohhj | https://section8search.org/georgia/griffin/st-phillips-villas/j9wzkmrlbyxn57urog6ufaz3,exact_standardized_site,name_or_reporting_variant_same_physical_development,corroborates_all_listed_members_and_address,name_or_reporting_variant_same_physical_development
SAQ_0290,GA|770 UNION RD|HAHIRA,GATEWAY PINES APARTMENTS | GATEWAY PINES PHASE I,shared_address_only,new_two_read_review,2026-08-11,2026-08-11,2026-08-11,public_directory_sitemap,https://section8search.org/sitemap.xml | https://affordablehousinghub.org/sitemap.xml,not_approved,FALSE,2,2,2,retain_each,retain_each,2,Section8Search: GATEWAY PINES APARTMENTS | Section8Search: GATEWAY PINES PHASE I,public_housing_directory,https://section8search.org/georgia/hahira/gateway-pines-apartments/vnpeczc0z4mxyb4c0e1m1i2f | https://section8search.org/georgia/hahira/gateway-pines-phase-i/c6t3jpf3rm8ky2ox8izi6nhx,city_state_only | exact_standardized_site,shared_address_without_sufficient_identity_evidence,corroborates_all_listed_members_and_address,shared_address_without_sufficient_identity_evidence
SAQ_0291,GA|127 HARPER ST|JACKSON,PEPPERTON VILLAS | PEPPERTON VILLAS APTS (NEW),shared_address_only,new_two_read_review,2026-08-11,2026-08-11,2026-08-11,public_directory_sitemap,https://section8search.org/sitemap.xml | https://affordablehousinghub.org/sitemap.xml,not_approved,FALSE,2,2,2,retain_each,retain_each,2,Affordable Housing Hub: PEPPERTON VILLAS | Section8Search: PEPPERTON VILLAS APTS (NEW),public_housing_directory,https://affordablehousinghub.org/housing/georgia/butts-county/jackson/pepperton-villas-3824-lihtc | https://section8search.org/georgia/jackson/pepperton-villas-apts-new/urs1bd89r6xnbgqebq40xgmq,address_not_extracted | exact_standardized_site,shared_address_without_sufficient_identity_evidence,corroborates_all_listed_members_and_address,shared_address_without_sufficient_identity_evidence
SAQ_0292,GA|691 S MAIN ST|JASPER,FAIRFIELD | FAIRFIELD APTS-JASPER,shared_address_only,new_two_read_review,2026-08-11,2026-08-11,2026-08-11,public_directory_sitemap,https://section8search.org/sitemap.xml | https://affordablehousinghub.org/sitemap.xml,not_approved,FALSE,2,1,1,merge_all,merge_all,2,Affordable Housing Hub: FAIRFIELD APTS-JASPER | Section8Search: FAIRFIELD,public_housing_directory,https://affordablehousinghub.org/housing/georgia/pickens-county/jasper/fairfield-apts-jasper-4015-lihtc | https://section8search.org/georgia/jasper/fairfield/ljz1diyxrltn6kcfiw64bsjm,address_not_extracted | exact_standardized_site,later_financing_or_renamed_same_physical_development,corroborates_all_listed_members_and_address,later_financing_or_renamed_same_physical_development
SAQ_0293,GA|11340 MEDLOCK BRIDGE RD|JOHNS CREEK,HEARTHSIDE AT JOHNS CREEK WALK | HEARTHSIDE AT JOHNS CREEK WALK / HERITAGE JCW,name_or_timing_evidence,new_two_read_review,2026-08-11,2026-08-11,2026-08-11,public_directory_sitemap,https://section8search.org/sitemap.xml | https://affordablehousinghub.org/sitemap.xml,not_approved,FALSE,2,1,1,merge_all,merge_all,2,Section8Search: HEARTHSIDE AT JOHNS CREEK WALK | Section8Search: HEARTHSIDE AT JOHNS CREEK WALK / HERITAGE JCW,public_housing_directory,https://section8search.org/georgia/johns-creek/hearthside-at-johns-creek-walk-heritage-jcw/jlu3gm0x3x2g4j4kc6u53cho | https://section8search.org/georgia/johns-creek/hearthside-at-johns-creek-walk/ulbg3fpdimsak08j9pty4n4k,exact_standardized_site,name_or_reporting_variant_same_physical_development,corroborates_all_listed_members_and_address,name_or_reporting_variant_same_physical_development
SAQ_0294,GA|611 BORTON ST|LAGRANGE,LUCY MORGAN II | PHOENIX WAY,shared_address_only,new_two_read_review,2026-08-11,2026-08-11,2026-08-11,public_directory_sitemap,https://section8search.org/sitemap.xml | https://affordablehousinghub.org/sitemap.xml,not_approved,FALSE,2,2,2,retain_each,retain_each,1,Affordable Housing Hub: LUCY MORGAN II,public_housing_directory,https://affordablehousinghub.org/housing/georgia/troup-county/lagrange/lucy-morgan-ii-3935-lihtc,address_not_extracted,shared_address_without_sufficient_identity_evidence,corroborates_part_of_listed_members_and_address,shared_address_without_sufficient_identity_evidence
SAQ_0295,GA|287 E CROGAN ST|LAWRENCEVILLE,MAGNOLIA VILLAGE | MAGNOLIA VILLAGE APTS (LAWRENCEVILLE),name_or_timing_evidence,new_two_read_review,2026-08-11,2026-08-11,2026-08-11,public_directory_sitemap,https://section8search.org/sitemap.xml | https://affordablehousinghub.org/sitemap.xml,not_approved,FALSE,2,1,1,merge_all,merge_all,2,Section8Search: MAGNOLIA VILLAGE | Section8Search: MAGNOLIA VILLAGE APTS (LAWRENCEVILLE),public_housing_directory,https://section8search.org/georgia/lawrenceville/magnolia-village-apts-lawrenceville/c277exhd7xtdgc9fckwnntq3 | https://section8search.org/georgia/lawrenceville/magnolia-village/l7knh1jr536nk9r5yjoo265g,exact_standardized_site,name_or_reporting_variant_same_physical_development,corroborates_all_listed_members_and_address,name_or_reporting_variant_same_physical_development
SAQ_0296,GA|5355 SUGARLOAF PKWY|LAWRENCEVILLE,TANGLEWOOD PARK APARTMENTS | THE VIEW AT SUGARLOAF AKA TANGLEWOOD HEIGHTS,shared_address_only,new_two_read_review,2026-08-11,2026-08-11,2026-08-11,public_directory_sitemap,https://section8search.org/sitemap.xml | https://affordablehousinghub.org/sitemap.xml,not_approved,FALSE,2,1,1,merge_all,merge_all,2,Section8Search: TANGLEWOOD PARK APARTMENTS | Section8Search: THE VIEW AT SUGARLOAF AKA TANGLEWOOD HEIGHTS,public_housing_directory,https://section8search.org/georgia/lawrenceville/tanglewood-park-apartments/oeuvyy4rw354ds5fqz1ajkkd | https://section8search.org/georgia/lawrenceville/the-view-at-sugarloaf-aka-tanglewood-heights/gzntw23seiqnn7kh2yfktfmm,exact_standardized_site,later_financing_or_renamed_same_physical_development,corroborates_all_listed_members_and_address,later_financing_or_renamed_same_physical_development
SAQ_0297,GA|850 HILLCREST GREEN DR|LAWRENCEVILLE,GREENS AT HILLCREST | GREENS AT HILLCREST II,shared_address_only,new_two_read_review,2026-08-11,2026-08-11,2026-08-11,public_directory_sitemap,https://section8search.org/sitemap.xml | https://affordablehousinghub.org/sitemap.xml,not_approved,FALSE,2,2,2,retain_each,retain_each,2,Section8Search: GREENS AT HILLCREST | Section8Search: GREENS AT HILLCREST II,public_housing_directory,https://section8search.org/georgia/lawrenceville/greens-at-hillcrest-ii/nhmipv6kuluzuh2yvrggsod3 | https://section8search.org/georgia/lawrenceville/greens-at-hillcrest/e14kc6inr5s11hbh1nkqfh1j,exact_standardized_site,shared_address_without_sufficient_identity_evidence,corroborates_all_listed_members_and_address,shared_address_without_sufficient_identity_evidence
SAQ_0298,GA|1101 PEACHTREE ST|LOUISVILLE,BROOKSFIELD APARTMENTS (NEW) | NEW BROOKSFIELD APTS,shared_address_only,new_two_read_review,2026-08-11,2026-08-11,2026-08-11,public_directory_sitemap,https://section8search.org/sitemap.xml | https://affordablehousinghub.org/sitemap.xml,not_approved,FALSE,2,1,1,merge_all,merge_all,1,Section8Search: BROOKSFIELD APARTMENTS (NEW),public_housing_directory,https://section8search.org/georgia/louisville/brooksfield-apartments-new/ix5onw2zlsjj862jboodc3se,exact_standardized_site,later_financing_or_renamed_same_physical_development,corroborates_part_of_listed_members_and_address,later_financing_or_renamed_same_physical_development
SAQ_0299,GA|2009 VINEVILLE AVE|MACON,2009 VINEVILLE | VINEVILLE,shared_address_only,new_two_read_review,2026-08-11,2026-08-11,2026-08-11,public_directory_sitemap,https://section8search.org/sitemap.xml | https://affordablehousinghub.org/sitemap.xml,not_approved,FALSE,2,2,2,retain_each,retain_each,2,Affordable Housing Hub: 2009 VINEVILLE | Section8Search: VINEVILLE,public_housing_directory,https://affordablehousinghub.org/housing/georgia/bibb-county/macon/2009-vineville-5263-lihtc | https://section8search.org/georgia/macon/vineville/iizladj23ijfkfwvnkb6myi0,address_not_extracted | exact_standardized_site,shared_address_without_sufficient_identity_evidence,corroborates_all_listed_members_and_address,shared_address_without_sufficient_identity_evidence
SAQ_0300,GA|178 ROBERTS TRL|MARIETTA,LEGACY AT WALTON HEIGHTS | TOWN CENTER HEIGHTS/THE LEGACY @ WALTON HGTS,name_or_timing_evidence,new_two_read_review,2026-08-11,2026-08-11,2026-08-11,public_directory_sitemap,https://section8search.org/sitemap.xml | https://affordablehousinghub.org/sitemap.xml,not_approved,FALSE,2,1,1,merge_all,merge_all,2,Affordable Housing Hub: TOWN CENTER HEIGHTS/THE LEGACY @ WALTON HGTS | Section8Search: LEGACY AT WALTON HEIGHTS,public_housing_directory,https://affordablehousinghub.org/housing/georgia/cobb-county/marietta/town-center-heights-the-legacy-walton-hgts-4225-lihtc | https://section8search.org/georgia/marietta/legacy-at-walton-heights/t5uk68yx9h6gi4b2h21szcll,address_not_extracted | city_state_only,name_or_reporting_variant_same_physical_development,corroborates_all_listed_members_and_address,name_or_reporting_variant_same_physical_development
SAQ_0301,GA|198 ELDRIDGE ST|METTER,WINDSOR APARTMENTS | WINDSOR LAKE SENIOR,shared_address_only,new_two_read_review,2026-08-11,2026-08-11,2026-08-11,public_directory_sitemap,https://section8search.org/sitemap.xml | https://affordablehousinghub.org/sitemap.xml,not_approved,FALSE,2,2,2,retain_each,retain_each,2,Section8Search: WINDSOR APARTMENTS | Section8Search: WINDSOR LAKE SENIOR,public_housing_directory,https://section8search.org/georgia/metter/windsor-apartments/w9kksdaqjo0gypi0xfgnaut2 | https://section8search.org/georgia/metter/windsor-lake-senior/pjugccvk04bxx8vvb58mj0ue,exact_standardized_site,shared_address_without_sufficient_identity_evidence,corroborates_all_listed_members_and_address,shared_address_without_sufficient_identity_evidence
SAQ_0302,GA|323 W CENTRAL AVE|MOULTRIE,KELLY REEVES PROPERTY RENTALS | WEST CENTRAL AVENUE,shared_address_only,new_two_read_review,2026-08-11,2026-08-11,2026-08-11,public_directory_sitemap,https://section8search.org/sitemap.xml | https://affordablehousinghub.org/sitemap.xml,not_approved,FALSE,2,2,2,retain_each,retain_each,2,Affordable Housing Hub: KELLY REEVES PROPERTY RENTALS | Section8Search: WEST CENTRAL AVENUE,public_housing_directory,https://affordablehousinghub.org/housing/georgia/colquitt-county/moultrie/kelly-reeves-property-rentals-48916-lihtc | https://section8search.org/georgia/moultrie/west-central-avenue/ef6cfyrwahnejq082liummed,address_not_extracted | exact_standardized_site,shared_address_without_sufficient_identity_evidence,corroborates_all_listed_members_and_address,shared_address_without_sufficient_identity_evidence
SAQ_0303,GA|1807 MACON RD|PERRY,CAMERON COURT APARTMENT I | CAMERON COURT APARTMENT II | CAMERON COURT II,phase_or_component_evidence,new_two_read_review,2026-08-11,2026-08-11,2026-08-11,public_directory_sitemap,https://section8search.org/sitemap.xml | https://affordablehousinghub.org/sitemap.xml,not_approved,FALSE,3,2,2,partition,partition,1,Section8Search: CAMERON COURT II,public_housing_directory,https://section8search.org/georgia/perry/cameron-court-ii/fcnohwq0mdd3y2uhayc9j0jz,exact_standardized_site,mixed_duplicate_and_distinct_components,corroborates_part_of_listed_members_and_address,mixed_duplicate_and_distinct_components
SAQ_0304,GA|755 S ROGERS ST|POOLER,PINEWOOD VILLAGE | PINEWOOD VILLAGE II APARTMENTS,shared_address_only,new_two_read_review,2026-08-11,2026-08-11,2026-08-11,public_directory_sitemap,https://section8search.org/sitemap.xml | https://affordablehousinghub.org/sitemap.xml,not_approved,FALSE,2,2,2,retain_each,retain_each,2,Section8Search: PINEWOOD VILLAGE | Section8Search: PINEWOOD VILLAGE II APARTMENTS,public_housing_directory,https://section8search.org/georgia/pooler/pinewood-village-ii-apartments/ho98sthrvi9ih4yv968v3rde | https://section8search.org/georgia/pooler/pinewood-village/apoh7t7n14port4njno284j2,city_state_only | exact_standardized_site,shared_address_without_sufficient_identity_evidence,corroborates_all_listed_members_and_address,shared_address_without_sufficient_identity_evidence
SAQ_0305,GA|2010 S CT ST|QUITMAN,SPRING CREEK B | SPRING CREEK I,phase_or_component_evidence,new_two_read_review,2026-08-11,2026-08-11,2026-08-11,public_directory_sitemap,https://section8search.org/sitemap.xml | https://affordablehousinghub.org/sitemap.xml,not_approved,FALSE,2,2,2,retain_each,retain_each,1,Section8Search: SPRING CREEK B,public_housing_directory,https://section8search.org/georgia/quitman/spring-creek-b/a5xip05doprkk7a4k5j93mkj,city_state_only,distinct_phases_or_components_common_address,corroborates_part_of_listed_members_and_address,distinct_phases_or_components_common_address
SAQ_0306,GA|505 HARRIS TRL RD|RICHMOND HILL,ASHTON OF RICHMOND HILL | ASHTON OF RICHMOND HILL PHASE I | ASHTON OF RICHMOND HILL PHASE II,prior_distinct_constraint,new_two_read_review,2026-08-11,2026-08-11,2026-08-11,public_directory_sitemap,https://section8search.org/sitemap.xml | https://affordablehousinghub.org/sitemap.xml,not_approved,FALSE,3,3,3,retain_each,retain_each,3,Affordable Housing Hub: ASHTON OF RICHMOND HILL PHASE I | Section8Search: ASHTON OF RICHMOND HILL | Section8Search: ASHTON OF RICHMOND HILL PHASE II,public_housing_directory,https://affordablehousinghub.org/housing/georgia/bryan-county/richmond-hill/ashton-of-richmond-hill-phase-i-4486-lihtc | https://section8search.org/georgia/richmond-hill/ashton-of-richmond-hill-phase-ii/uh930ybhl1bddg5hgn0q3t1b | https://section8search.org/georgia/richmond-hill/ashton-of-richmond-hill/hy3tsunajmgyce6trw84tuoy,address_not_extracted | city_state_only,shared_address_without_sufficient_identity_evidence,corroborates_all_listed_members_and_address,shared_address_without_sufficient_identity_evidence
SAQ_0307,GA|401 DOVETOWN RD|ROYSTON,CRESTVIEW MANOR APTS | ROYSTON CRESTVIEW MANOR APTS (NEW),shared_address_only,new_two_read_review,2026-08-11,2026-08-11,2026-08-11,public_directory_sitemap,https://section8search.org/sitemap.xml | https://affordablehousinghub.org/sitemap.xml,not_approved,FALSE,2,1,1,merge_all,merge_all,1,Affordable Housing Hub: CRESTVIEW MANOR APTS,public_housing_directory,https://affordablehousinghub.org/housing/georgia/franklin-county/royston/crestview-manor-apts-3759-lihtc,address_not_extracted,later_financing_or_renamed_same_physical_development,corroborates_part_of_listed_members_and_address,later_financing_or_renamed_same_physical_development
SAQ_0308,GA|202 CRESCENT DR|SAVANNAH,SAVANNAH GARDENS 5 | SAVANNAH GARDENS V,phase_or_component_evidence,new_two_read_review,2026-08-11,2026-08-11,2026-08-11,public_directory_sitemap,https://section8search.org/sitemap.xml | https://affordablehousinghub.org/sitemap.xml,not_approved,FALSE,2,2,2,retain_each,retain_each,2,Affordable Housing Hub: SAVANNAH GARDENS 5 | Section8Search: SAVANNAH GARDENS V,public_housing_directory,https://affordablehousinghub.org/housing/georgia/chatham-county/savannah/savannah-gardens-5-3898-lihtc | https://section8search.org/georgia/savannah/savannah-gardens-v/v4dnip92iidczfuiq6bq04xq,address_not_extracted | city_state_only,distinct_phases_or_components_common_address,corroborates_all_listed_members_and_address,distinct_phases_or_components_common_address
SAQ_0309,GA|515 PENNSYLVANIA AVE|SAVANNAH,SAVANNAH GARDENS | SAVANNAH GARDENS I,phase_or_component_evidence,new_two_read_review,2026-08-11,2026-08-11,2026-08-11,public_directory_sitemap,https://section8search.org/sitemap.xml | https://affordablehousinghub.org/sitemap.xml,not_approved,FALSE,2,2,2,retain_each,retain_each,2,Section8Search: SAVANNAH GARDENS | Section8Search: SAVANNAH GARDENS I,public_housing_directory,https://section8search.org/georgia/savannah/savannah-gardens-i/lh9xx41jfw8omausc3cdza3s | https://section8search.org/georgia/savannah/savannah-gardens/wpa8bzbqera0alwhsp91237y,exact_standardized_site,distinct_phases_or_components_common_address,corroborates_all_listed_members_and_address,distinct_phases_or_components_common_address
SAQ_0310,GA|901 4TH ST|STONE MOUNTAIN,MOUNTAIN VIEW SR (THE VIEW) | THE VIEW AKA MOUNTAINVIEW SENIOR,shared_address_only,new_two_read_review,2026-08-11,2026-08-11,2026-08-11,public_directory_sitemap,https://section8search.org/sitemap.xml | https://affordablehousinghub.org/sitemap.xml,not_approved,FALSE,2,2,2,retain_each,retain_each,2,Affordable Housing Hub: MOUNTAIN VIEW SR (THE VIEW) | Section8Search: THE VIEW AKA MOUNTAINVIEW SENIOR,public_housing_directory,https://affordablehousinghub.org/housing/georgia/dekalb-county/stone-mountain/mountain-view-sr-the-view-3929-lihtc | https://section8search.org/georgia/stone-mountain/the-view-aka-mountainview-senior/b02hec965ezi36j0u4zyje2o,address_not_extracted | exact_standardized_site,shared_address_without_sufficient_identity_evidence,corroborates_all_listed_members_and_address,shared_address_without_sufficient_identity_evidence
SAQ_0311,GA|133 DENNIS CREEK RD|TALBOTTON,TALBOT VILLAGE APARTMENTS (NEW) | TALBOT VILLAGE II,shared_address_only,new_two_read_review,2026-08-11,2026-08-11,2026-08-11,public_directory_sitemap,https://section8search.org/sitemap.xml | https://affordablehousinghub.org/sitemap.xml,not_approved,FALSE,2,2,2,retain_each,retain_each,2,Affordable Housing Hub: TALBOT VILLAGE II | Section8Search: TALBOT VILLAGE APARTMENTS (NEW),public_housing_directory,https://affordablehousinghub.org/housing/georgia/talbot-county/talbotton/talbot-village-ii-4030-lihtc | https://section8search.org/georgia/talbotton/talbot-village-apartments-new/rf7azsno3y4qhl0p60qrwnmb,address_not_extracted | exact_standardized_site,shared_address_without_sufficient_identity_evidence,corroborates_all_listed_members_and_address,shared_address_without_sufficient_identity_evidence
SAQ_0312,GA|300 AVE F|THOMASTON,FAIRVIEW APARTMENTS | FARVIEW APARTMENTS,name_or_timing_evidence,new_two_read_review,2026-08-11,2026-08-11,2026-08-11,public_directory_sitemap,https://section8search.org/sitemap.xml | https://affordablehousinghub.org/sitemap.xml,not_approved,FALSE,2,1,1,merge_all,merge_all,2,Section8Search: FAIRVIEW APARTMENTS | Section8Search: FARVIEW APARTMENTS,public_housing_directory,https://section8search.org/georgia/thomaston/fairview-apartments/vf5i2i67sd5rgtberc1hk9r1 | https://section8search.org/georgia/thomaston/farview-apartments/t713ku72slvuni4phs8ikgs0,city_state_only,name_or_reporting_variant_same_physical_development,corroborates_all_listed_members_and_address,name_or_reporting_variant_same_physical_development
SAQ_0313,GA|109 E HILL AVE|VALDOSTA,"ASHLEY HOUSE APARTMENTS | ASHLEY HOUSE APARTMENTS, PHASE II",shared_address_only,new_two_read_review,2026-08-11,2026-08-11,2026-08-11,public_directory_sitemap,https://section8search.org/sitemap.xml | https://affordablehousinghub.org/sitemap.xml,not_approved,FALSE,2,2,2,retain_each,retain_each,2,"Section8Search: ASHLEY HOUSE APARTMENTS | Section8Search: ASHLEY HOUSE APARTMENTS, PHASE II",public_housing_directory,https://section8search.org/georgia/valdosta/ashley-house-apartments-phase-ii/dl19dhmhvsctl3a4iua758v2 | https://section8search.org/georgia/valdosta/ashley-house-apartments/bzb959u4oswvxxc0qe5lon5v,exact_standardized_site,shared_address_without_sufficient_identity_evidence,corroborates_all_listed_members_and_address,shared_address_without_sufficient_identity_evidence
SAQ_0314,GA|710 ELBERTA RD|WARNER ROBINS,POTEMKIN SENIOR VILLAGE | POTEMKIN SENIOR VILLAGE OF WARNER ROBINS II,shared_address_only,new_two_read_review,2026-08-11,2026-08-11,2026-08-11,public_directory_sitemap,https://section8search.org/sitemap.xml | https://affordablehousinghub.org/sitemap.xml,not_approved,FALSE,2,2,2,retain_each,retain_each,2,Section8Search: POTEMKIN SENIOR VILLAGE | Section8Search: POTEMKIN SENIOR VILLAGE OF WARNER ROBINS II,public_housing_directory,https://section8search.org/georgia/warner-robins/potemkin-senior-village-of-warner-robins-ii/eeyt0tuajgbbz86uh2ofpwym | https://section8search.org/georgia/warner-robins/potemkin-senior-village/cirvlxroqtovc7r6k83l00ty,exact_standardized_site,shared_address_without_sufficient_identity_evidence,corroborates_all_listed_members_and_address,shared_address_without_sufficient_identity_evidence
SAQ_0315,GA|604 ELIZABETH ST|WAYCROSS,WARE HOTEL | WARE HOTEL II,phase_or_component_evidence,new_two_read_review,2026-08-11,2026-08-11,2026-08-11,public_directory_sitemap,https://section8search.org/sitemap.xml | https://affordablehousinghub.org/sitemap.xml,not_approved,FALSE,2,2,2,retain_each,retain_each,2,Affordable Housing Hub: WARE HOTEL II | Section8Search: WARE HOTEL,public_housing_directory,https://affordablehousinghub.org/housing/georgia/ware-county/waycross/ware-hotel-ii-5363-lihtc | https://section8search.org/georgia/waycross/ware-hotel/vxdupicwwt9p0x03n5qch7su,address_not_extracted | exact_standardized_site,distinct_phases_or_components_common_address,corroborates_all_listed_members_and_address,distinct_phases_or_components_common_address
SAQ_0316,HI|4215 HOALA ST|LIHUE,RICE CAMP II (KANIKO O) | RICE CAMP KANIKOO,shared_address_only,new_two_read_review,2026-08-11,2026-08-11,2026-08-11,public_directory_sitemap,https://section8search.org/sitemap.xml | https://affordablehousinghub.org/sitemap.xml,not_approved,FALSE,2,2,2,retain_each,retain_each,1,Section8Search: RICE CAMP KANIKOO,public_housing_directory,https://section8search.org/hawaii/lihue/rice-camp-kanikoo/vq92gvjzecp0ah54zyfxvgd8,exact_standardized_site,shared_address_without_sufficient_identity_evidence,corroborates_part_of_listed_members_and_address,shared_address_without_sufficient_identity_evidence
SAQ_0317,HI|787 KAMEHAMEHA HWY|PEARL CITY,HALE MOHALU II FAMILY | HALE MOHALU II SENIOR,shared_address_only,new_two_read_review,2026-08-11,2026-08-11,2026-08-11,public_directory_sitemap,https://section8search.org/sitemap.xml | https://affordablehousinghub.org/sitemap.xml,not_approved,FALSE,2,2,2,retain_each,retain_each,2,Section8Search: HALE MOHALU II FAMILY | Section8Search: HALE MOHALU II SENIOR,public_housing_directory,https://section8search.org/hawaii/pearl-city/hale-mohalu-ii-family/r9lg6xf8a64rel0jjt1erl0c | https://section8search.org/hawaii/pearl-city/hale-mohalu-ii-senior/z8on8yvk89ly9aiu7qq9y9xn,city_state_only | exact_standardized_site,shared_address_without_sufficient_identity_evidence,corroborates_all_listed_members_and_address,shared_address_without_sufficient_identity_evidence
SAQ_0318,IA|2003 CEDAR ST|BOONE,CEDAR MANOR APTS | CEDAR MANOR APTS II,shared_address_only,new_two_read_review,2026-08-11,2026-08-11,2026-08-11,public_directory_sitemap,https://section8search.org/sitemap.xml | https://affordablehousinghub.org/sitemap.xml,not_approved,FALSE,2,2,2,retain_each,retain_each,2,Affordable Housing Hub: CEDAR MANOR APTS | Section8Search: CEDAR MANOR APTS II,public_housing_directory,https://affordablehousinghub.org/housing/iowa/boone-county/boone/cedar-manor-apts-5090-lihtc | https://section8search.org/iowa/boone/cedar-manor-apts-ii/a41xn09pzk9396l2iij3n99n,address_not_extracted | exact_standardized_site,shared_address_without_sufficient_identity_evidence,corroborates_all_listed_members_and_address,shared_address_without_sufficient_identity_evidence
SAQ_0319,IA|20 N FOURTH ST|CLEAR LAKE,LAKE PLAZA APTS I | LAKE PLAZA APTS II,phase_or_component_evidence,new_two_read_review,2026-08-11,2026-08-11,2026-08-11,public_directory_sitemap,https://section8search.org/sitemap.xml | https://affordablehousinghub.org/sitemap.xml,not_approved,FALSE,2,2,2,retain_each,retain_each,2,Section8Search: LAKE PLAZA APTS I | Section8Search: LAKE PLAZA APTS II,public_housing_directory,https://section8search.org/iowa/clear-lake/lake-plaza-apts-i/vwqn0ekiu70pcvl4jp4ux14e | https://section8search.org/iowa/clear-lake/lake-plaza-apts-ii/kf7hitql5h75lcx8lv66szir,exact_standardized_site,distinct_phases_or_components_common_address,corroborates_all_listed_members_and_address,distinct_phases_or_components_common_address
SAQ_0320,IA|3201 RENNER DR|COUNCIL BLUFFS,WESTERN TRAILS APTS | WESTERN TRAILS II APTS,shared_address_only,new_two_read_review,2026-08-11,2026-08-11,2026-08-11,public_directory_sitemap,https://section8search.org/sitemap.xml | https://affordablehousinghub.org/sitemap.xml,not_approved,FALSE,2,2,2,retain_each,retain_each,2,Section8Search: WESTERN TRAILS APTS | Section8Search: WESTERN TRAILS II APTS,public_housing_directory,https://section8search.org/iowa/council-bluffs/western-trails-apts/nm823jyic8t9qcwqin3jlv47 | https://section8search.org/iowa/council-bluffs/western-trails-ii-apts/nu2q51zlmh60n2e49fjjg9hj,exact_standardized_site,shared_address_without_sufficient_identity_evidence,corroborates_all_listed_members_and_address,shared_address_without_sufficient_identity_evidence
SAQ_0321,IA|649 PARKWILD DR|COUNCIL BLUFFS,PARKWILD I | PARKWILD II,phase_or_component_evidence,new_two_read_review,2026-08-11,2026-08-11,2026-08-11,public_directory_sitemap,https://section8search.org/sitemap.xml | https://affordablehousinghub.org/sitemap.xml,not_approved,FALSE,2,2,2,retain_each,retain_each,2,Affordable Housing Hub: PARKWILD I | Section8Search: PARKWILD II,public_housing_directory,https://affordablehousinghub.org/housing/iowa/pottawattamie-county/council-bluffs/parkwild-i-4951-lihtc | https://section8search.org/iowa/council-bluffs/parkwild-ii/fh9agvpo0islzm915qv31akq,address_not_extracted | exact_standardized_site,distinct_phases_or_components_common_address,corroborates_all_listed_members_and_address,distinct_phases_or_components_common_address
SAQ_0322,IA|1607 W 12TH ST|DAVENPORT,MARYCREST | MARYCREST SENIOR CAMPUS II | MARYCREST SENIOR CAMPUS III,phase_or_component_evidence,new_two_read_review,2026-08-11,2026-08-11,2026-08-11,public_directory_sitemap,https://section8search.org/sitemap.xml | https://affordablehousinghub.org/sitemap.xml,not_approved,FALSE,3,3,3,retain_each,retain_each,3,Section8Search: MARYCREST | Section8Search: MARYCREST SENIOR CAMPUS II | Section8Search: MARYCREST SENIOR CAMPUS III,public_housing_directory,https://section8search.org/iowa/davenport/marycrest-senior-campus-ii/ci23ma8orsgtfadga1bctnm3 | https://section8search.org/iowa/davenport/marycrest-senior-campus-iii/urmw5hz7a03juel34lrafgzz | https://section8search.org/iowa/davenport/marycrest/inq8v1eyp6vlq6xot8tgu059,exact_standardized_site,distinct_phases_or_components_common_address,corroborates_all_listed_members_and_address,distinct_phases_or_components_common_address
SAQ_0323,IA|2501 W 53RD ST|DAVENPORT,MEADOW CREST GARDENS | MEADOW CREST PHASE II,shared_address_only,new_two_read_review,2026-08-11,2026-08-11,2026-08-11,public_directory_sitemap,https://section8search.org/sitemap.xml | https://affordablehousinghub.org/sitemap.xml,not_approved,FALSE,2,2,2,retain_each,retain_each,2,Section8Search: MEADOW CREST GARDENS | Section8Search: MEADOW CREST PHASE II,public_housing_directory,https://section8search.org/iowa/davenport/meadow-crest-gardens/a4kvmey2nbjk8favs0efekxt | https://section8search.org/iowa/davenport/meadow-crest-phase-ii/e19x0cfmpfumn7pik0x6quxe,exact_standardized_site,shared_address_without_sufficient_identity_evidence,corroborates_all_listed_members_and_address,shared_address_without_sufficient_identity_evidence
SAQ_0324,IA|5600 JERSEY RIDGE RD|DAVENPORT,JERSEY RIDGE APTS I | JERSEY RIDGE APTS II | JERSEY RIDGE APTS III,phase_or_component_evidence,new_two_read_review,2026-08-11,2026-08-11,2026-08-11,public_directory_sitemap,https://section8search.org/sitemap.xml | https://affordablehousinghub.org/sitemap.xml,not_approved,FALSE,3,3,3,retain_each,retain_each,3,Affordable Housing Hub: JERSEY RIDGE APTS I | Affordable Housing Hub: JERSEY RIDGE APTS II | Affordable Housing Hub: JERSEY RIDGE APTS III,public_housing_directory,https://affordablehousinghub.org/housing/iowa/scott-county/davenport/jersey-ridge-apts-i-5783-lihtc | https://affordablehousinghub.org/housing/iowa/scott-county/davenport/jersey-ridge-apts-ii-6387-lihtc | https://affordablehousinghub.org/housing/iowa/scott-county/davenport/jersey-ridge-apts-iii-6388-lihtc,address_not_extracted,distinct_phases_or_components_common_address,corroborates_all_listed_members_and_address,distinct_phases_or_components_common_address
SAQ_0325,IA|5901 ELMORE AVE|DAVENPORT,CROSS CREEK APTS OF DAVENPORT | CROSS CREEK APTS OF DAVENPORT PHASE II,shared_address_only,new_two_read_review,2026-08-11,2026-08-11,2026-08-11,public_directory_sitemap,https://section8search.org/sitemap.xml | https://affordablehousinghub.org/sitemap.xml,not_approved,FALSE,2,2,2,retain_each,retain_each,2,Section8Search: CROSS CREEK APTS OF DAVENPORT | Section8Search: CROSS CREEK APTS OF DAVENPORT PHASE II,public_housing_directory,https://section8search.org/iowa/davenport/cross-creek-apts-of-davenport-phase-ii/jupkyxi9hhdk3jdopatnpofb | https://section8search.org/iowa/davenport/cross-creek-apts-of-davenport/sl2o1ksxhv052698zxn89cok,exact_standardized_site,shared_address_without_sufficient_identity_evidence,corroborates_all_listed_members_and_address,shared_address_without_sufficient_identity_evidence
SAQ_0326,IA|1516 EVERGREEN AVE|DES MOINES,SOUTHBROOK GREEN I | SOUTHBROOK GREEN II | SOUTHBROOK GREEN III,phase_or_component_evidence,new_two_read_review,2026-08-11,2026-08-11,2026-08-11,public_directory_sitemap,https://section8search.org/sitemap.xml | https://affordablehousinghub.org/sitemap.xml,not_approved,FALSE,3,3,3,retain_each,retain_each,3,Section8Search: SOUTHBROOK GREEN I | Section8Search: SOUTHBROOK GREEN II | Section8Search: SOUTHBROOK GREEN III,public_housing_directory,https://section8search.org/iowa/des-moines/southbrook-green-i/qerw4b3mpcgvccl4bcsn6slz | https://section8search.org/iowa/des-moines/southbrook-green-ii/pnirqhbk34q5zzdhuktc4x45 | https://section8search.org/iowa/des-moines/southbrook-green-iii/bayb0q96mdg3xy1405frzh1w,exact_standardized_site,distinct_phases_or_components_common_address,corroborates_all_listed_members_and_address,distinct_phases_or_components_common_address
SAQ_0327,IA|3560 E DOUGLAS AVE|DES MOINES,PARKSIDE EAST APTS III | PARKSIDE EAST APTS IV | PARKSIDE EAST II APTS,phase_or_component_evidence,new_two_read_review,2026-08-11,2026-08-11,2026-08-11,public_directory_sitemap,https://section8search.org/sitemap.xml | https://affordablehousinghub.org/sitemap.xml,not_approved,FALSE,3,3,3,retain_each,retain_each,3,Affordable Housing Hub: PARKSIDE EAST II APTS | Section8Search: PARKSIDE EAST APTS III | Section8Search: PARKSIDE EAST APTS IV,public_housing_directory,https://affordablehousinghub.org/housing/iowa/polk-county/des-moines/parkside-east-ii-apts-4950-lihtc | https://section8search.org/iowa/des-moines/parkside-east-apts-iii/wz3hph2ow0qn9araj887g5fg | https://section8search.org/iowa/des-moines/parkside-east-apts-iv/ly1t7y6lat3m56s6mjpde5pq,address_not_extracted | exact_standardized_site,distinct_phases_or_components_common_address,corroborates_all_listed_members_and_address,distinct_phases_or_components_common_address
SAQ_0328,IA|3720 E DOUGLAS AVE|DES MOINES,HILLTOP I | HILLTOP SENIOR,shared_address_only,new_two_read_review,2026-08-11,2026-08-11,2026-08-11,public_directory_sitemap,https://section8search.org/sitemap.xml | https://affordablehousinghub.org/sitemap.xml,not_approved,FALSE,2,2,2,retain_each,retain_each,2,Section8Search: HILLTOP I | Section8Search: HILLTOP SENIOR,public_housing_directory,https://section8search.org/iowa/des-moines/hilltop-i/adyprx06x0ez83ao24isnhtp | https://section8search.org/iowa/des-moines/hilltop-senior/dio3uhwn75y41cjl9r4zkpdr,exact_standardized_site,shared_address_without_sufficient_identity_evidence,corroborates_all_listed_members_and_address,shared_address_without_sufficient_identity_evidence
SAQ_0329,IA|4560 HUBBELL AVE|DES MOINES,BAKER CREEK SENIOR LIVING I | THE CREST AT BAKER CREEK,shared_address_only,new_two_read_review,2026-08-11,2026-08-11,2026-08-11,public_directory_sitemap,https://section8search.org/sitemap.xml | https://affordablehousinghub.org/sitemap.xml,not_approved,FALSE,2,2,2,retain_each,retain_each,2,Section8Search: BAKER CREEK SENIOR LIVING I | Section8Search: THE CREST AT BAKER CREEK,public_housing_directory,https://section8search.org/iowa/des-moines/baker-creek-senior-living-i/n2vhap2fn269hw8lzedum5j7 | https://section8search.org/iowa/des-moines/the-crest-at-baker-creek/g55pgdnahsznleavcmkdsqoa,exact_standardized_site,shared_address_without_sufficient_identity_evidence,corroborates_all_listed_members_and_address,shared_address_without_sufficient_identity_evidence
SAQ_0330,IA|6000 CRESTON AVE|DES MOINES,DEER RIDGE APTS V | DEER RIDGE APTS VI,phase_or_component_evidence,new_two_read_review,2026-08-11,2026-08-11,2026-08-11,public_directory_sitemap,https://section8search.org/sitemap.xml | https://affordablehousinghub.org/sitemap.xml,not_approved,FALSE,2,2,2,retain_each,retain_each,2,Section8Search: DEER RIDGE APTS V | Section8Search: DEER RIDGE APTS VI,public_housing_directory,https://section8search.org/iowa/des-moines/deer-ridge-apts-v/h0479sg0id1lwwfcixbiv1jb | https://section8search.org/iowa/des-moines/deer-ridge-apts-vi/n6lnpb9ed0zgpdmpyldwrggz,exact_standardized_site,distinct_phases_or_components_common_address,corroborates_all_listed_members_and_address,distinct_phases_or_components_common_address
SAQ_0331,IA|6009 CRESTON AVE|DES MOINES,DEER RIDGE APTS III | DEER RIDGE APTS IV | DEER RIDGE II APTS,shared_address_only,new_two_read_review,2026-08-11,2026-08-11,2026-08-11,public_directory_sitemap,https://section8search.org/sitemap.xml | https://affordablehousinghub.org/sitemap.xml,not_approved,FALSE,3,3,3,retain_each,retain_each,3,Affordable Housing Hub: DEER RIDGE II APTS | Section8Search: DEER RIDGE APTS III | Section8Search: DEER RIDGE APTS IV,public_housing_directory,https://affordablehousinghub.org/housing/iowa/polk-county/des-moines/deer-ridge-ii-apts-4861-lihtc | https://section8search.org/iowa/des-moines/deer-ridge-apts-iii/cu53e5k50qi2tujw63blkbex | https://section8search.org/iowa/des-moines/deer-ridge-apts-iv/dfpdxpmzz1ap9gmy83arssbl,address_not_extracted | exact_standardized_site,shared_address_without_sufficient_identity_evidence,corroborates_all_listed_members_and_address,shared_address_without_sufficient_identity_evidence
SAQ_0332,IA|2803A AVE N|FORT MADISON,EAGLE BLUFF APTS PHASE II | EAGLE BLUFF PHASE I,phase_or_component_evidence,new_two_read_review,2026-08-11,2026-08-11,2026-08-11,public_directory_sitemap,https://section8search.org/sitemap.xml | https://affordablehousinghub.org/sitemap.xml,not_approved,FALSE,2,2,2,retain_each,retain_each,2,Affordable Housing Hub: EAGLE BLUFF PHASE I | Section8Search: EAGLE BLUFF APTS PHASE II,public_housing_directory,https://affordablehousinghub.org/housing/iowa/lee-county/fort-madison/eagle-bluff-phase-i-4862-lihtc | https://section8search.org/iowa/fort-madison/eagle-bluff-apts-phase-ii/f07g3ceiyudutqnq8zp6djj6,address_not_extracted | exact_standardized_site,distinct_phases_or_components_common_address,corroborates_all_listed_members_and_address,distinct_phases_or_components_common_address
SAQ_0333,IA|674 TER PARK BLVD|MILFORD,RIVER WEST APARTMENTS | RIVER WEST APTS,shared_address_only,new_two_read_review,2026-08-11,2026-08-11,2026-08-11,public_directory_sitemap,https://section8search.org/sitemap.xml | https://affordablehousinghub.org/sitemap.xml,not_approved,FALSE,2,1,1,merge_all,merge_all,2,Section8Search: RIVER WEST APARTMENTS | Section8Search: RIVER WEST APTS,public_housing_directory,https://section8search.org/iowa/milford/river-west-apartments/prp6cv0uon76niotsuh3a36h | https://section8search.org/iowa/milford/river-west-apts/w9gx0q491ouy7eahlyn584s5,city_state_only,later_financing_or_renamed_same_physical_development,corroborates_all_listed_members_and_address,later_financing_or_renamed_same_physical_development
SAQ_0334,IA|800 N PALM AVE|MT PLEASANT,CHESAPEAKE APTS I | CHESAPEAKE APTS II,phase_or_component_evidence,new_two_read_review,2026-08-11,2026-08-11,2026-08-11,public_directory_sitemap,https://section8search.org/sitemap.xml | https://affordablehousinghub.org/sitemap.xml,not_approved,FALSE,2,2,2,retain_each,retain_each,2,Section8Search: CHESAPEAKE APTS I | Section8Search: CHESAPEAKE APTS II,public_housing_directory,https://section8search.org/iowa/mt-pleasant/chesapeake-apts-i/zhoxoqd2wik4sak6a6rvgrd8 | https://section8search.org/iowa/mt-pleasant/chesapeake-apts-ii/ijjpunfeplybh51ms7ii9p4p,exact_standardized_site,distinct_phases_or_components_common_address,corroborates_all_listed_members_and_address,distinct_phases_or_components_common_address
SAQ_0335,IA|45 W JEFFERSON ST|NORTH LIBERTY,JEFFERSON POINT I | JEFFERSON POINT II,phase_or_component_evidence,new_two_read_review,2026-08-11,2026-08-11,2026-08-11,public_directory_sitemap,https://section8search.org/sitemap.xml | https://affordablehousinghub.org/sitemap.xml,not_approved,FALSE,2,2,2,retain_each,retain_each,2,Section8Search: JEFFERSON POINT I | Section8Search: JEFFERSON POINT II,public_housing_directory,https://section8search.org/iowa/north-liberty/jefferson-point-i/uq19nsl4l5mubmyepa3z4zkh | https://section8search.org/iowa/north-liberty/jefferson-point-ii/lqs7ieh1gfzw1guqslcvf334,exact_standardized_site,distinct_phases_or_components_common_address,corroborates_all_listed_members_and_address,distinct_phases_or_components_common_address
SAQ_0336,IA|109 18TH AVE E|OSKALOOSA,OSKALOOSA IHA SENIOR HOUSING I | OSKALOOSA IHA SENIOR HOUSING II,phase_or_component_evidence,new_two_read_review,2026-08-11,2026-08-11,2026-08-11,public_directory_sitemap,https://section8search.org/sitemap.xml | https://affordablehousinghub.org/sitemap.xml,not_approved,FALSE,2,2,2,retain_each,retain_each,2,Section8Search: OSKALOOSA IHA SENIOR HOUSING I | Section8Search: OSKALOOSA IHA SENIOR HOUSING II,public_housing_directory,https://section8search.org/iowa/oskaloosa/oskaloosa-iha-senior-housing-i/cwt9ubpxa8shshzfuysk9dlv | https://section8search.org/iowa/oskaloosa/oskaloosa-iha-senior-housing-ii/w3gs725uemkp6r2p4yd20lo9,exact_standardized_site,distinct_phases_or_components_common_address,corroborates_all_listed_members_and_address,distinct_phases_or_components_common_address
SAQ_0337,IA|202 18TH AVE E|OSKALOOSA,SOUTHERN HILLS APTS PHASE I | SOUTHERN HILLS APTS PHASE II,phase_or_component_evidence,new_two_read_review,2026-08-11,2026-08-11,2026-08-11,public_directory_sitemap,https://section8search.org/sitemap.xml | https://affordablehousinghub.org/sitemap.xml,not_approved,FALSE,2,2,2,retain_each,retain_each,2,Section8Search: SOUTHERN HILLS APTS PHASE I | Section8Search: SOUTHERN HILLS APTS PHASE II,public_housing_directory,https://section8search.org/iowa/oskaloosa/southern-hills-apts-phase-i/a1s1lbod7ws6xucvp6uw1lkk | https://section8search.org/iowa/oskaloosa/southern-hills-apts-phase-ii/f4a5d2wkymvawsr39an1sp5i,exact_standardized_site,distinct_phases_or_components_common_address,corroborates_all_listed_members_and_address,distinct_phases_or_components_common_address
SAQ_0338,IA|210 S 41ST ST|WEST DES MOINES,CHAPEL RIDGE WEST I | CHAPEL RIDGE WEST II,phase_or_component_evidence,new_two_read_review,2026-08-11,2026-08-11,2026-08-11,public_directory_sitemap,https://section8search.org/sitemap.xml | https://affordablehousinghub.org/sitemap.xml,not_approved,FALSE,2,2,2,retain_each,retain_each,2,Section8Search: CHAPEL RIDGE WEST I | Section8Search: CHAPEL RIDGE WEST II,public_housing_directory,https://section8search.org/iowa/west-des-moines/chapel-ridge-west-i/xvu2sx0wcya268kzud7b3ey2 | https://section8search.org/iowa/west-des-moines/chapel-ridge-west-ii/w8g8120ooblhvxvrh1h62q2x,exact_standardized_site,distinct_phases_or_components_common_address,corroborates_all_listed_members_and_address,distinct_phases_or_components_common_address
SAQ_0339,IL|1439 PEARL ST|ALTON,HAMPTON PLACE | HAMPTON PLACE EXTENSION II,shared_address_only,new_two_read_review,2026-08-11,2026-08-11,2026-08-11,public_directory_sitemap,https://section8search.org/sitemap.xml | https://affordablehousinghub.org/sitemap.xml,not_approved,FALSE,2,2,2,retain_each,retain_each,2,Section8Search: HAMPTON PLACE | Section8Search: HAMPTON PLACE EXTENSION II,public_housing_directory,https://section8search.org/illinois/alton/hampton-place-extension-ii/ppkm9oq7sq5ea9tgpwry50c6 | https://section8search.org/illinois/alton/hampton-place/y1y3jwf9u7wm5u9oxqo3ak9r,exact_standardized_site,shared_address_without_sufficient_identity_evidence,corroborates_all_listed_members_and_address,shared_address_without_sufficient_identity_evidence
SAQ_0340,IL|1079 E WILSON ST|BATAVIA,HERITAGE WOODS OF BATAVIA | HERITAGE WOODS OF BATAVIA II,phase_or_component_evidence,new_two_read_review,2026-08-11,2026-08-11,2026-08-11,public_directory_sitemap,https://section8search.org/sitemap.xml | https://affordablehousinghub.org/sitemap.xml,not_approved,FALSE,2,2,2,retain_each,retain_each,2,Section8Search: HERITAGE WOODS OF BATAVIA | Section8Search: HERITAGE WOODS OF BATAVIA II,public_housing_directory,https://section8search.org/illinois/batavia/heritage-woods-of-batavia-ii/sh93o4qyo5jbv133t8yni45r | https://section8search.org/illinois/batavia/heritage-woods-of-batavia/uwv9m7vfosh0w437ebudsd9r,exact_standardized_site,distinct_phases_or_components_common_address,corroborates_all_listed_members_and_address,distinct_phases_or_components_common_address
SAQ_0341,IL|110 UNCLE LEO DR|BRADLEY,BRADLEY PLACE SENIOR APTS PHASE I | BRADLEY PLACE SENIOR APTS PHASE II,phase_or_component_evidence,new_two_read_review,2026-08-11,2026-08-11,2026-08-11,public_directory_sitemap,https://section8search.org/sitemap.xml | https://affordablehousinghub.org/sitemap.xml,not_approved,FALSE,2,2,2,retain_each,retain_each,2,Section8Search: BRADLEY PLACE SENIOR APTS PHASE I | Section8Search: BRADLEY PLACE SENIOR APTS PHASE II,public_housing_directory,https://section8search.org/illinois/bradley/bradley-place-senior-apts-phase-i/ny30whj2oka9yahlsfl6w9vj | https://section8search.org/illinois/bradley/bradley-place-senior-apts-phase-ii/zqwdxukj7cfvfmu25t8es4ml,exact_standardized_site,distinct_phases_or_components_common_address,corroborates_all_listed_members_and_address,distinct_phases_or_components_common_address
SAQ_0342,IL|102 RALPH ST|CAMBRIA,COUNTRYSIDE VILLAGE I (CAMBRIA) | COUNTRYSIDE VILLAGE II (CAMBRIA),phase_or_component_evidence,new_two_read_review,2026-08-11,2026-08-11,2026-08-11,public_directory_sitemap,https://section8search.org/sitemap.xml | https://affordablehousinghub.org/sitemap.xml,not_approved,FALSE,2,2,2,retain_each,retain_each,2,Section8Search: COUNTRYSIDE VILLAGE I (CAMBRIA) | Section8Search: COUNTRYSIDE VILLAGE II (CAMBRIA),public_housing_directory,https://section8search.org/illinois/cambria/countryside-village-i-cambria/uomii5y9yzdootql0nlwnqn8 | https://section8search.org/illinois/cambria/countryside-village-ii-cambria/xohaix08ejxbhmtcx43fdks0,exact_standardized_site,distinct_phases_or_components_common_address,corroborates_all_listed_members_and_address,distinct_phases_or_components_common_address
SAQ_0343,IL|810 W MILL ST|CARBONDALE,CARBONDALE TOWER | MILL STREET STATION,shared_address_only,new_two_read_review,2026-08-11,2026-08-11,2026-08-11,public_directory_sitemap,https://section8search.org/sitemap.xml | https://affordablehousinghub.org/sitemap.xml,not_approved,FALSE,2,2,2,retain_each,retain_each,2,Section8Search: CARBONDALE TOWER | Section8Search: MILL STREET STATION,public_housing_directory,https://section8search.org/illinois/carbondale/carbondale-tower/oy1xh1en952m2zdvzdwc85jw | https://section8search.org/illinois/carbondale/mill-street-station/ev1utf1jrwxo042cbvkbn64t,exact_standardized_site,shared_address_without_sufficient_identity_evidence,corroborates_all_listed_members_and_address,shared_address_without_sufficient_identity_evidence
SAQ_0344,IL|104 FAIRWAY DR|CENTRALIA,MAPLEWOOD ESTATES | MARTIN LAMPLIGHTER (CENTRALIA),shared_address_only,new_two_read_review,2026-08-11,2026-08-11,2026-08-11,public_directory_sitemap,https://section8search.org/sitemap.xml | https://affordablehousinghub.org/sitemap.xml,not_approved,FALSE,2,2,2,retain_each,retain_each,2,Section8Search: MAPLEWOOD ESTATES | Section8Search: MARTIN LAMPLIGHTER (CENTRALIA),public_housing_directory,https://section8search.org/illinois/centralia/maplewood-estates/wdtsb0l4ljelw2lks4g7kz15 | https://section8search.org/illinois/centralia/martin-lamplighter-centralia/qciisbdjh3mbfkfy8dbvogf6,exact_standardized_site,shared_address_without_sufficient_identity_evidence,corroborates_all_listed_members_and_address,shared_address_without_sufficient_identity_evidence
SAQ_0345,IL|116 E 43RD ST|CHICAGO,COLEMAN PLACE | MAHALIA PLACE | MAHALIA PLACE OF LEGENDS SOUTH | ROBERT TAYLOR HOMES A-1,shared_address_only,new_two_read_review,2026-08-11,2026-08-11,2026-08-11,public_directory_sitemap,https://section8search.org/sitemap.xml | https://affordablehousinghub.org/sitemap.xml,not_approved,FALSE,4,4,4,retain_each,retain_each,4,Affordable Housing Hub: ROBERT TAYLOR HOMES A-1 | Section8Search: COLEMAN PLACE | Section8Search: MAHALIA PLACE | Section8Search: MAHALIA PLACE OF LEGENDS SOUTH,public_housing_directory,https://affordablehousinghub.org/housing/illinois/cook-county/chicago/robert-taylor-homes-a-1-6013-lihtc | https://section8search.org/illinois/chicago/coleman-place/kvai1l9ac4chjox1aciqxzcz | https://section8search.org/illinois/chicago/mahalia-place-of-legends-south/rt8wrr0gi9wmfp64g7tycruk | https://section8search.org/illinois/chicago/mahalia-place/sle94vrwaycfd2u38rucbta6,address_not_extracted | exact_standardized_site,shared_address_without_sufficient_identity_evidence,corroborates_all_listed_members_and_address,shared_address_without_sufficient_identity_evidence
SAQ_0346,IL|1251 S MICHIGAN AVE|CHICAGO,FC CENTRAL STATION SENIOR | THE PARK AT CENTRAL STATION,shared_address_only,new_two_read_review,2026-08-11,2026-08-11,2026-08-11,public_directory_sitemap,https://section8search.org/sitemap.xml | https://affordablehousinghub.org/sitemap.xml,not_approved,FALSE,2,2,2,retain_each,retain_each,2,Section8Search: FC CENTRAL STATION SENIOR | Section8Search: THE PARK AT CENTRAL STATION,public_housing_directory,https://section8search.org/illinois/chicago/fc-central-station-senior/zp1i7th7icbjhisqjltkg4qy | https://section8search.org/illinois/chicago/the-park-at-central-station/zls6vb528mqixap4li3he241,exact_standardized_site,shared_address_without_sufficient_identity_evidence,corroborates_all_listed_members_and_address,shared_address_without_sufficient_identity_evidence
SAQ_0347,IL|240 W 107TH PL|CHICAGO,HOLLAND | HOLLAND APARTMENTS,name_or_timing_evidence,new_two_read_review,2026-08-11,2026-08-11,2026-08-11,public_directory_sitemap,https://section8search.org/sitemap.xml | https://affordablehousinghub.org/sitemap.xml,not_approved,FALSE,2,1,1,merge_all,merge_all,1,Section8Search: HOLLAND,public_housing_directory,https://section8search.org/illinois/chicago/holland/jr9atomnlf09mwbp2my7csa1,exact_standardized_site,name_or_reporting_variant_same_physical_development,corroborates_part_of_listed_members_and_address,name_or_reporting_variant_same_physical_development
SAQ_0348,IL|2425 W ADAMS ST|CHICAGO,WEST END 1B | WEST END PHASE II,shared_address_only,new_two_read_review,2026-08-11,2026-08-11,2026-08-11,public_directory_sitemap,https://section8search.org/sitemap.xml | https://affordablehousinghub.org/sitemap.xml,not_approved,FALSE,2,2,2,retain_each,retain_each,2,Section8Search: WEST END 1B | Section8Search: WEST END PHASE II,public_housing_directory,https://section8search.org/illinois/chicago/west-end-1b/ae06znyl1nam5d0i8ud7rm0k | https://section8search.org/illinois/chicago/west-end-phase-ii/wg2scyj4ugv78flgi6v1ao2j,exact_standardized_site,shared_address_without_sufficient_identity_evidence,corroborates_all_listed_members_and_address,shared_address_without_sufficient_identity_evidence
SAQ_0349,IL|2634 W N AVE|CHICAGO,NORTH AVENUE REDEVELOPMENT | NORTH AVENUE REDEVLEOPMENT ELDERLY,shared_address_only,new_two_read_review,2026-08-11,2026-08-11,2026-08-11,public_directory_sitemap,https://section8search.org/sitemap.xml | https://affordablehousinghub.org/sitemap.xml,not_approved,FALSE,2,2,2,retain_each,retain_each,2,Section8Search: NORTH AVENUE REDEVELOPMENT | Section8Search: NORTH AVENUE REDEVLEOPMENT ELDERLY,public_housing_directory,https://section8search.org/illinois/chicago/north-avenue-redevelopment/h06rn7rcr9zggobhq5nrbs03 | https://section8search.org/illinois/chicago/north-avenue-redevleopment-elderly/mgesm7deyw893hicqhwzshz1,exact_standardized_site,shared_address_without_sufficient_identity_evidence,corroborates_all_listed_members_and_address,shared_address_without_sufficient_identity_evidence
SAQ_0350,IL|2717 N LEAVITT ST|CHICAGO,LATHROP ELDERLY DBA WATERS EDGE APTS | WATER'S EDGE APTS,name_or_timing_evidence,new_two_read_review,2026-08-11,2026-08-11,2026-08-11,public_directory_sitemap,https://section8search.org/sitemap.xml | https://affordablehousinghub.org/sitemap.xml,not_approved,FALSE,2,1,1,merge_all,merge_all,1,Section8Search: LATHROP ELDERLY DBA WATERS EDGE APTS,public_housing_directory,https://section8search.org/illinois/chicago/lathrop-elderly-dba-waters-edge-apts/sl1j7telqan6adpu4l9we8sf,exact_standardized_site,name_or_reporting_variant_same_physical_development,corroborates_part_of_listed_members_and_address,name_or_reporting_variant_same_physical_development
SAQ_0351,IL|2800 W MONTROSE AVE|CHICAGO,SENIOR SUITES OF RAVENSWOOD MANOR | SENIOR SUITES OF RAVENWOOD,shared_address_only,new_two_read_review,2026-08-11,2026-08-11,2026-08-11,public_directory_sitemap,https://section8search.org/sitemap.xml | https://affordablehousinghub.org/sitemap.xml,not_approved,FALSE,2,2,2,retain_each,retain_each,1,Section8Search: SENIOR SUITES OF RAVENWOOD,public_housing_directory,https://section8search.org/illinois/chicago/senior-suites-of-ravenwood/r2jwqdyk8xlgkszbxc7xckri,exact_standardized_site,shared_address_without_sufficient_identity_evidence,corroborates_part_of_listed_members_and_address,shared_address_without_sufficient_identity_evidence
SAQ_0352,IL|2804 E 77TH PL|CHICAGO,SENIOR SUITES OF RAINBOW BEACH | SENIOR SUITES RAINBOW BEACH,phase_or_component_evidence,new_two_read_review,2026-08-11,2026-08-11,2026-08-11,public_directory_sitemap,https://section8search.org/sitemap.xml | https://affordablehousinghub.org/sitemap.xml,not_approved,FALSE,2,2,2,retain_each,retain_each,2,Section8Search: SENIOR SUITES OF RAINBOW BEACH | Section8Search: SENIOR SUITES RAINBOW BEACH,public_housing_directory,https://section8search.org/illinois/chicago/senior-suites-of-rainbow-beach/gsysu2y2wodvhr6tv1zhm9ku | https://section8search.org/illinois/chicago/senior-suites-rainbow-beach/tvrcsxio3t2msfedbhr0fkvm,city_state_only | exact_standardized_site,distinct_phases_or_components_common_address,corroborates_all_listed_members_and_address,distinct_phases_or_components_common_address
SAQ_0353,IL|301 S CENTRAL AVE|CHICAGO,301-11 S CENTRAL PARK | COLUMBUS PARK APTS,shared_address_only,new_two_read_review,2026-08-11,2026-08-11,2026-08-11,public_directory_sitemap,https://section8search.org/sitemap.xml | https://affordablehousinghub.org/sitemap.xml,not_approved,FALSE,2,2,2,retain_each,retain_each,2,Affordable Housing Hub: 301-11 S CENTRAL PARK | Section8Search: COLUMBUS PARK APTS,public_housing_directory,https://affordablehousinghub.org/housing/illinois/cook-county/chicago/301-11-s-central-park-7293-lihtc | https://section8search.org/illinois/chicago/columbus-park-apts/nh0zw8fj809e56ml3wh6mrhc,address_not_extracted | exact_standardized_site,shared_address_without_sufficient_identity_evidence,corroborates_all_listed_members_and_address,shared_address_without_sufficient_identity_evidence
SAQ_0354,IL|3251 E 92ND ST|CHICAGO,VICTORY CENTER OF SOUTH CHICAGO | VICTORY CENTRE OF SOUTH CHICAGO,name_or_timing_evidence,new_two_read_review,2026-08-11,2026-08-11,2026-08-11,public_directory_sitemap,https://section8search.org/sitemap.xml | https://affordablehousinghub.org/sitemap.xml,not_approved,FALSE,2,1,1,merge_all,merge_all,2,Section8Search: VICTORY CENTER OF SOUTH CHICAGO | Section8Search: VICTORY CENTRE OF SOUTH CHICAGO,public_housing_directory,https://section8search.org/illinois/chicago/victory-center-of-south-chicago/ko12ez55nhte0gya4fzdk98n | https://section8search.org/illinois/chicago/victory-centre-of-south-chicago/qam0kbumfb2qz8uo3wg1rlrw,city_state_only | exact_standardized_site,name_or_reporting_variant_same_physical_development,corroborates_all_listed_members_and_address,name_or_reporting_variant_same_physical_development
SAQ_0355,IL|3414 W DIVERSEY AVE|CHICAGO,HAIRPIN LOFT APTS | HAIRPIN LOFTS APARTMENTS,name_or_timing_evidence,new_two_read_review,2026-08-11,2026-08-11,2026-08-11,public_directory_sitemap,https://section8search.org/sitemap.xml | https://affordablehousinghub.org/sitemap.xml,not_approved,FALSE,2,1,1,merge_all,merge_all,1,Section8Search: HAIRPIN LOFT APTS,public_housing_directory,https://section8search.org/illinois/chicago/hairpin-loft-apts/ez16uxzdca6bfsutd1jiw5mb,exact_standardized_site,name_or_reporting_variant_same_physical_development,corroborates_part_of_listed_members_and_address,name_or_reporting_variant_same_physical_development
SAQ_0356,IL|3656 W HURON ST|CHICAGO,SENIOR SUITES HUMBOLDT PARK | SENIOR SUITES OF WEST HUMBOLDT PARK,phase_or_component_evidence,new_two_read_review,2026-08-11,2026-08-11,2026-08-11,public_directory_sitemap,https://section8search.org/sitemap.xml | https://affordablehousinghub.org/sitemap.xml,not_approved,FALSE,2,1,1,merge_all,merge_all,2,Section8Search: SENIOR SUITES HUMBOLDT PARK | Section8Search: SENIOR SUITES OF WEST HUMBOLDT PARK,public_housing_directory,https://section8search.org/illinois/chicago/senior-suites-humboldt-park/jk70jzpn64k1x32akytgd0lx | https://section8search.org/illinois/chicago/senior-suites-of-west-humboldt-park/t2tal60bxwxqgwtalx2cozpc,city_state_only | exact_standardized_site,same_component_duplicate_reporting,corroborates_all_listed_members_and_address,same_component_duplicate_reporting
SAQ_0357,IL|4255 N OAK PARK AVE|CHICAGO,THE SENIOR SUITES OF AUTUMN GREEN AT WRIGHT | THE SENIOR SUITES OF AUTUMN GREEN AT WRIGHT CAMPUS,name_or_timing_evidence,new_two_read_review,2026-08-11,2026-08-11,2026-08-11,public_directory_sitemap,https://section8search.org/sitemap.xml | https://affordablehousinghub.org/sitemap.xml,not_approved,FALSE,2,1,1,merge_all,merge_all,2,Section8Search: THE SENIOR SUITES OF AUTUMN GREEN AT WRIGHT | Section8Search: THE SENIOR SUITES OF AUTUMN GREEN AT WRIGHT CAMPUS,public_housing_directory,https://section8search.org/illinois/chicago/the-senior-suites-of-autumn-green-at-wright-campus/vj8vc4ajghca6tjlrqqycvbk | https://section8search.org/illinois/chicago/the-senior-suites-of-autumn-green-at-wright/fgpqizr3dx039y5tds90t43r,city_state_only | exact_standardized_site,name_or_reporting_variant_same_physical_development,corroborates_all_listed_members_and_address,name_or_reporting_variant_same_physical_development
SAQ_0358,IL|4707 N MALDEN ST|CHICAGO,FRIENDLY TOWERS | MIRIAM APARTMENTS,shared_address_only,new_two_read_review,2026-08-11,2026-08-11,2026-08-11,public_directory_sitemap,https://section8search.org/sitemap.xml | https://affordablehousinghub.org/sitemap.xml,not_approved,FALSE,2,2,2,retain_each,retain_each,2,Affordable Housing Hub: FRIENDLY TOWERS | Section8Search: MIRIAM APARTMENTS,public_housing_directory,https://affordablehousinghub.org/housing/illinois/cook-county/chicago/friendly-towers-7961-lihtc | https://section8search.org/illinois/chicago/miriam-apartments/q2k9u3d7w7omeky15wn8wqsk,address_not_extracted | city_state_only,shared_address_without_sufficient_identity_evidence,corroborates_all_listed_members_and_address,shared_address_without_sufficient_identity_evidence
SAQ_0359,IL|4938 W QUINCY ST|CHICAGO,LAVERGNE COURTS | WASHINGTON COURTS APTS,shared_address_only,new_two_read_review,2026-08-11,2026-08-11,2026-08-11,public_directory_sitemap,https://section8search.org/sitemap.xml | https://affordablehousinghub.org/sitemap.xml,not_approved,FALSE,2,2,2,retain_each,retain_each,2,Section8Search: LAVERGNE COURTS | Section8Search: WASHINGTON COURTS APTS,public_housing_directory,https://section8search.org/illinois/chicago/lavergne-courts/n2l0cucyhwxgn9bhu28m06yv | https://section8search.org/illinois/chicago/washington-courts-apts/wqsg9flq0mq9is1knxp1tcuo,exact_standardized_site,shared_address_without_sufficient_identity_evidence,corroborates_all_listed_members_and_address,shared_address_without_sufficient_identity_evidence
SAQ_0360,IL|5110 S KING DR|CHICAGO,PARKVIEW (CHICAGO) | PARKVIEW TOWERS APTS,shared_address_only,new_two_read_review,2026-08-11,2026-08-11,2026-08-11,public_directory_sitemap,https://section8search.org/sitemap.xml | https://affordablehousinghub.org/sitemap.xml,not_approved,FALSE,2,2,2,retain_each,retain_each,2,Affordable Housing Hub: PARKVIEW (CHICAGO) | Section8Search: PARKVIEW TOWERS APTS,public_housing_directory,https://affordablehousinghub.org/housing/illinois/cook-county/chicago/parkview-chicago-50786-lihtc | https://section8search.org/illinois/chicago/parkview-towers-apts/jxlifsa18pgewm9s68cnx7j5,address_not_extracted | exact_standardized_site,shared_address_without_sufficient_identity_evidence,corroborates_all_listed_members_and_address,shared_address_without_sufficient_identity_evidence
SAQ_0361,IL|6800 S KEATING AVE|CHICAGO,SENIOR SUITES AT MIDWAY VILLAGE | SENIOR SUITES OF MIDWAY VILLAGE .,phase_or_component_evidence,new_two_read_review,2026-08-11,2026-08-11,2026-08-11,public_directory_sitemap,https://section8search.org/sitemap.xml | https://affordablehousinghub.org/sitemap.xml,not_approved,FALSE,2,2,2,retain_each,retain_each,2,Section8Search: SENIOR SUITES AT MIDWAY VILLAGE | Section8Search: SENIOR SUITES OF MIDWAY VILLAGE .,public_housing_directory,https://section8search.org/illinois/chicago/senior-suites-at-midway-village/j2t52tqwrtcxvvbt2bwia4xn | https://section8search.org/illinois/chicago/senior-suites-of-midway-village-/mx83v478thgcq25hw8dtlqq6,city_state_only | exact_standardized_site,distinct_phases_or_components_common_address,corroborates_all_listed_members_and_address,distinct_phases_or_components_common_address
SAQ_0362,IL|1404 N BAYBERRY CT|CHILLICOTHE,BAYBERRY B APTS | BAYBERRY C APTS,phase_or_component_evidence,new_two_read_review,2026-08-11,2026-08-11,2026-08-11,public_directory_sitemap,https://section8search.org/sitemap.xml | https://affordablehousinghub.org/sitemap.xml,not_approved,FALSE,2,2,2,retain_each,retain_each,2,Section8Search: BAYBERRY B APTS | Section8Search: BAYBERRY C APTS,public_housing_directory,https://section8search.org/illinois/chillicothe/bayberry-b-apts/lmu41m5hn93xm2qqur59jf56 | https://section8search.org/illinois/chillicothe/bayberry-c-apts/yooy7z2id1pj1bebs3vaxn6x,exact_standardized_site,distinct_phases_or_components_common_address,corroborates_all_listed_members_and_address,distinct_phases_or_components_common_address
SAQ_0363,IL|1501 LOWELL PARK RD|DIXON,CANTERBURY HOUSE - DIXON | CANTERBURY HOUSE APTS II,shared_address_only,new_two_read_review,2026-08-11,2026-08-11,2026-08-11,public_directory_sitemap,https://section8search.org/sitemap.xml | https://affordablehousinghub.org/sitemap.xml,not_approved,FALSE,2,2,2,retain_each,retain_each,2,Section8Search: CANTERBURY HOUSE - DIXON | Section8Search: CANTERBURY HOUSE APTS II,public_housing_directory,https://section8search.org/illinois/dixon/canterbury-house-apts-ii/nshhmf313wlmsi1sdt1cs6o7 | https://section8search.org/illinois/dixon/canterbury-house-dixon/s27bvlxr8mknmhrqz72jukse,exact_standardized_site,shared_address_without_sufficient_identity_evidence,corroborates_all_listed_members_and_address,shared_address_without_sufficient_identity_evidence
SAQ_0364,IL|1060 N 18TH ST|EAST SAINT LOUIS,PARSONS PLACE | PARSONS PLACE PHASE II,shared_address_only,new_two_read_review,2026-08-11,2026-08-11,2026-08-11,public_directory_sitemap,https://section8search.org/sitemap.xml | https://affordablehousinghub.org/sitemap.xml,not_approved,FALSE,2,2,2,retain_each,retain_each,2,Section8Search: PARSONS PLACE | Section8Search: PARSONS PLACE PHASE II,public_housing_directory,https://section8search.org/illinois/east-saint-louis/parsons-place-phase-ii/wnzevfkgaojzk1skafceamr1 | https://section8search.org/illinois/east-saint-louis/parsons-place/j13nn8x4kexm5tu0qqig59su,exact_standardized_site,shared_address_without_sufficient_identity_evidence,corroborates_all_listed_members_and_address,shared_address_without_sufficient_identity_evidence
SAQ_0365,IL|1351 W CARL SANDBURG DR|GALESBURG,HOLLOW TREE APTS | HOLLOW TREE II,shared_address_only,new_two_read_review,2026-08-11,2026-08-11,2026-08-11,public_directory_sitemap,https://section8search.org/sitemap.xml | https://affordablehousinghub.org/sitemap.xml,not_approved,FALSE,2,2,2,retain_each,retain_each,2,Section8Search: HOLLOW TREE APTS | Section8Search: HOLLOW TREE II,public_housing_directory,https://section8search.org/illinois/galesburg/hollow-tree-apts/l3wbn2dy7i5ftepo59gswd3y | https://section8search.org/illinois/galesburg/hollow-tree-ii/p1m23261e4nj2ii5l3r6oqno,exact_standardized_site,shared_address_without_sufficient_identity_evidence,corroborates_all_listed_members_and_address,shared_address_without_sufficient_identity_evidence
SAQ_0366,IL|1234 PREIS LN|GODFREY,D'ADRIAN MEADOWS APTS | D'ADRIAN MEADOWS APTS II | PREIS LANE APTS,phase_or_component_evidence,new_two_read_review,2026-08-11,2026-08-11,2026-08-11,public_directory_sitemap,https://section8search.org/sitemap.xml | https://affordablehousinghub.org/sitemap.xml,not_approved,FALSE,3,3,3,retain_each,retain_each,1,Section8Search: PREIS LANE APTS,public_housing_directory,https://section8search.org/illinois/godfrey/preis-lane-apts/jlj78azm5leolvuqmwdwidse,exact_standardized_site,distinct_phases_or_components_common_address,corroborates_part_of_listed_members_and_address,distinct_phases_or_components_common_address
SAQ_0367,IL|108 E TENTH ST|GRIDLEY,GREENWOOD APTS | GRIDLEY MANOR APTS,shared_address_only,new_two_read_review,2026-08-11,2026-08-11,2026-08-11,public_directory_sitemap,https://section8search.org/sitemap.xml | https://affordablehousinghub.org/sitemap.xml,not_approved,FALSE,2,2,2,retain_each,retain_each,2,Affordable Housing Hub: GREENWOOD APTS | Section8Search: GRIDLEY MANOR APTS,public_housing_directory,https://affordablehousinghub.org/housing/illinois/mclean-county/gridley/greenwood-apts-48021-lihtc | https://section8search.org/illinois/gridley/gridley-manor-apts/s9x90f7xzorosjfxv1xaidy4,address_not_extracted | exact_standardized_site,shared_address_without_sufficient_identity_evidence,corroborates_all_listed_members_and_address,shared_address_without_sufficient_identity_evidence
SAQ_0368,IL|300 E RIVER ST|KANKAKEE,RIVERWOODS APARTMENTS | RIVERWOODS APTS,shared_address_only,new_two_read_review,2026-08-11,2026-08-11,2026-08-11,public_directory_sitemap,https://section8search.org/sitemap.xml | https://affordablehousinghub.org/sitemap.xml,not_approved,FALSE,2,1,1,merge_all,merge_all,1,Section8Search: RIVERWOODS APTS,public_housing_directory,https://section8search.org/illinois/kankakee/riverwoods-apts/lig9e701s11af9c3i7ezyxu9,exact_standardized_site,later_financing_or_renamed_same_physical_development,corroborates_part_of_listed_members_and_address,later_financing_or_renamed_same_physical_development
SAQ_0369,IL|710 S HANCOCK ST|MC LEANSBORO,LAMPLIGHT MANOR | MARTIN LAMPLIGHTER (MC LEAN),shared_address_only,new_two_read_review,2026-08-11,2026-08-11,2026-08-11,public_directory_sitemap,https://section8search.org/sitemap.xml | https://affordablehousinghub.org/sitemap.xml,not_approved,FALSE,2,2,2,retain_each,retain_each,2,Section8Search: LAMPLIGHT MANOR | Section8Search: MARTIN LAMPLIGHTER (MC LEAN),public_housing_directory,https://section8search.org/illinois/mc-leansboro/lamplight-manor/u69ie96a9fa7ly520winmgvc | https://section8search.org/illinois/mc-leansboro/martin-lamplighter-mc-lean/ud77brto258w99ep8m5s2o0t,exact_standardized_site,shared_address_without_sufficient_identity_evidence,corroborates_all_listed_members_and_address,shared_address_without_sufficient_identity_evidence
SAQ_0370,IL|500 TWILIGHT DR|MORRIS,CANTERBURY HOUSE APTS | CANTERBURY WOOD APTS,shared_address_only,new_two_read_review,2026-08-11,2026-08-11,2026-08-11,public_directory_sitemap,https://section8search.org/sitemap.xml | https://affordablehousinghub.org/sitemap.xml,not_approved,FALSE,2,2,2,retain_each,retain_each,2,Section8Search: CANTERBURY HOUSE APTS | Section8Search: CANTERBURY WOOD APTS,public_housing_directory,https://section8search.org/illinois/morris/canterbury-house-apts/gu4aa6vh4v3sriwghvvj57r4 | https://section8search.org/illinois/morris/canterbury-wood-apts/s5dhlngxcturpb2y94geqqaa,exact_standardized_site,shared_address_without_sufficient_identity_evidence,corroborates_all_listed_members_and_address,shared_address_without_sufficient_identity_evidence
SAQ_0371,IL|1141 IROQUOIS AVE|NAPERVILLE,KATHERINE MANOR 103 | KATHERINE MANOR 113 | KATHERINE MANOR 201 | KATHERINE MANOR 203 | KATHERINE MANOR 208,phase_or_component_evidence,new_two_read_review,2026-08-11,2026-08-11,2026-08-11,public_directory_sitemap,https://section8search.org/sitemap.xml | https://affordablehousinghub.org/sitemap.xml,not_approved,FALSE,5,5,5,retain_each,retain_each,5,Section8Search: KATHERINE MANOR 103 | Section8Search: KATHERINE MANOR 113 | Section8Search: KATHERINE MANOR 201 | Section8Search: KATHERINE MANOR 203 | Section8Search: KATHERINE MANOR 208,public_housing_directory,https://section8search.org/illinois/naperville/katherine-manor-103/wb4dd7j1wmarecwo3w33v8rz | https://section8search.org/illinois/naperville/katherine-manor-113/mynswmdg615n20efmtupd1nf | https://section8search.org/illinois/naperville/katherine-manor-201/hgmo74mu8ffftplb16s4kmhv | https://section8search.org/illinois/naperville/katherine-manor-203/z2ircwgsg6l0qtu0g56qejkh | https://section8search.org/illinois/naperville/katherine-manor-208/h0rlffgv8to6gj5ir044ai3e,exact_standardized_site,distinct_phases_or_components_common_address,corroborates_all_listed_members_and_address,distinct_phases_or_components_common_address
SAQ_0372,IL|2811 CHAMPLAIN ST|OTTAWA,TURNBERRY COURT APTS | TURNBERRY COURT APTS II,shared_address_only,new_two_read_review,2026-08-11,2026-08-11,2026-08-11,public_directory_sitemap,https://section8search.org/sitemap.xml | https://affordablehousinghub.org/sitemap.xml,not_approved,FALSE,2,2,2,retain_each,retain_each,2,Section8Search: TURNBERRY COURT APTS | Section8Search: TURNBERRY COURT APTS II,public_housing_directory,https://section8search.org/illinois/ottawa/turnberry-court-apts-ii/kslpv5q5u7704bc40m97fmxe | https://section8search.org/illinois/ottawa/turnberry-court-apts/f7tlxnvhar2oabi1s5ia0lr2,exact_standardized_site,shared_address_without_sufficient_identity_evidence,corroborates_all_listed_members_and_address,shared_address_without_sufficient_identity_evidence
SAQ_0373,IL|400 JIM THOMAS CIR|OTTAWA,OTTAWA PLACE SENIOR APTS | OTTAWA SENIOR HOUSING,shared_address_only,new_two_read_review,2026-08-11,2026-08-11,2026-08-11,public_directory_sitemap,https://section8search.org/sitemap.xml | https://affordablehousinghub.org/sitemap.xml,not_approved,FALSE,2,2,2,retain_each,retain_each,2,Section8Search: OTTAWA PLACE SENIOR APTS | Section8Search: OTTAWA SENIOR HOUSING,public_housing_directory,https://section8search.org/illinois/ottawa/ottawa-place-senior-apts/yy8rnm4hnw57hhxsf27ko3n4 | https://section8search.org/illinois/ottawa/ottawa-senior-housing/g7cnio7gkh3d4md56t7u2r8y,exact_standardized_site,shared_address_without_sufficient_identity_evidence,corroborates_all_listed_members_and_address,shared_address_without_sufficient_identity_evidence
SAQ_0374,IL|312 S MERRIMAN ST|PEORIA,PEORIA AFFORDABLE HOUSING II | RIVER WEST | RIVER WEST SOUTH,shared_address_only,new_two_read_review,2026-08-11,2026-08-11,2026-08-11,public_directory_sitemap,https://section8search.org/sitemap.xml | https://affordablehousinghub.org/sitemap.xml,not_approved,FALSE,3,3,3,retain_each,retain_each,3,Section8Search: PEORIA AFFORDABLE HOUSING II | Section8Search: RIVER WEST | Section8Search: RIVER WEST SOUTH,public_housing_directory,https://section8search.org/illinois/peoria/peoria-affordable-housing-ii/r6khayyz61tz2riiuliemarh | https://section8search.org/illinois/peoria/river-west-south/k5yib36ngkia0jltdokis44u | https://section8search.org/illinois/peoria/river-west/gq0butz7mv34s30naga0fb0e,exact_standardized_site,shared_address_without_sufficient_identity_evidence,corroborates_all_listed_members_and_address,shared_address_without_sufficient_identity_evidence
SAQ_0375,IL|351 COLEITA CT|PRINCETON,PRINCETON SENIOR HOUSING | VICTOR MEADOWS PHASE II,shared_address_only,new_two_read_review,2026-08-11,2026-08-11,2026-08-11,public_directory_sitemap,https://section8search.org/sitemap.xml | https://affordablehousinghub.org/sitemap.xml,not_approved,FALSE,2,2,2,retain_each,retain_each,2,Section8Search: PRINCETON SENIOR HOUSING | Section8Search: VICTOR MEADOWS PHASE II,public_housing_directory,https://section8search.org/illinois/princeton/princeton-senior-housing/xstudbi07jlsq1bwybjvx1x3 | https://section8search.org/illinois/princeton/victor-meadows-phase-ii/hqzwaambt6kej4agq3imb7u2,exact_standardized_site,shared_address_without_sufficient_identity_evidence,corroborates_all_listed_members_and_address,shared_address_without_sufficient_identity_evidence
SAQ_0376,IL|22501 BUTTERFIELD RD|RICHTON PARK,CARRIAGE CREEK APTS | THE RESIDENCE AT CARRIAGE CREEK,shared_address_only,new_two_read_review,2026-08-11,2026-08-11,2026-08-11,public_directory_sitemap,https://section8search.org/sitemap.xml | https://affordablehousinghub.org/sitemap.xml,not_approved,FALSE,2,2,2,retain_each,retain_each,2,Section8Search: CARRIAGE CREEK APTS | Section8Search: THE RESIDENCE AT CARRIAGE CREEK,public_housing_directory,https://section8search.org/illinois/richton-park/carriage-creek-apts/xo1la24t5771zfi7ukyq8h6u | https://section8search.org/illinois/richton-park/the-residence-at-carriage-creek/c6r6urbw2eknz6daynupcsno,exact_standardized_site,shared_address_without_sufficient_identity_evidence,corroborates_all_listed_members_and_address,shared_address_without_sufficient_identity_evidence
SAQ_0377,IL|2321 HALSTED RD|ROCKFORD,TERRACE APTS | THE TERRACE APARTMENTS,shared_address_only,new_two_read_review,2026-08-11,2026-08-11,2026-08-11,public_directory_sitemap,https://section8search.org/sitemap.xml | https://affordablehousinghub.org/sitemap.xml,not_approved,FALSE,2,1,1,merge_all,merge_all,2,Section8Search: TERRACE APTS | Section8Search: THE TERRACE APARTMENTS,public_housing_directory,https://section8search.org/illinois/rockford/terrace-apts/zcmgod7uoos1roc14z5u4pgk | https://section8search.org/illinois/rockford/the-terrace-apartments/crx7yifj1aqfam76bu9i91ef,exact_standardized_site,later_financing_or_renamed_same_physical_development,corroborates_all_listed_members_and_address,later_financing_or_renamed_same_physical_development
SAQ_0378,IL|2105 FREEPORT RD|STERLING,DD DEVELOPMENT OF STERLING I | DD DEVELOPMENT OF STERLING II | STERLING FAMILY HOUSING,phase_or_component_evidence,new_two_read_review,2026-08-11,2026-08-11,2026-08-11,public_directory_sitemap,https://section8search.org/sitemap.xml | https://affordablehousinghub.org/sitemap.xml,not_approved,FALSE,3,3,3,retain_each,retain_each,3,Section8Search: DD DEVELOPMENT OF STERLING I | Section8Search: DD DEVELOPMENT OF STERLING II | Section8Search: STERLING FAMILY HOUSING,public_housing_directory,https://section8search.org/illinois/sterling/dd-development-of-sterling-i/c0esy4es663qmiu4qc3o44ee | https://section8search.org/illinois/sterling/dd-development-of-sterling-ii/civ3jxxrun2i76gwdl9yk2di | https://section8search.org/illinois/sterling/sterling-family-housing/fuhha4q7kzr3tnc325clvzs4,exact_standardized_site,distinct_phases_or_components_common_address,corroborates_all_listed_members_and_address,distinct_phases_or_components_common_address
SAQ_0379,IL|2502 PRAIRIE GREEN DR|URBANA,PRAIRIE GREEN APTS PHASE I | PRAIRIE GREEN APTS PHASE II | PRAIRIE GREEN APTS PHASE III,phase_or_component_evidence,new_two_read_review,2026-08-11,2026-08-11,2026-08-11,public_directory_sitemap,https://section8search.org/sitemap.xml | https://affordablehousinghub.org/sitemap.xml,not_approved,FALSE,3,3,3,retain_each,retain_each,3,Section8Search: PRAIRIE GREEN APTS PHASE I | Section8Search: PRAIRIE GREEN APTS PHASE II | Section8Search: PRAIRIE GREEN APTS PHASE III,public_housing_directory,https://section8search.org/illinois/urbana/prairie-green-apts-phase-i/tk3wyd4itdjxpfowtyj00bir | https://section8search.org/illinois/urbana/prairie-green-apts-phase-ii/vsdkkn3ctju81xyv2wsnupou | https://section8search.org/illinois/urbana/prairie-green-apts-phase-iii/oga1hgn3jls551gitsq31bv4,exact_standardized_site,distinct_phases_or_components_common_address,corroborates_all_listed_members_and_address,distinct_phases_or_components_common_address
SAQ_0380,IL|701 W FLETCHER ST|VANDALIA,J & J APTS #1 | J & J APTS #2,phase_or_component_evidence,new_two_read_review,2026-08-11,2026-08-11,2026-08-11,public_directory_sitemap,https://section8search.org/sitemap.xml | https://affordablehousinghub.org/sitemap.xml,not_approved,FALSE,2,2,2,retain_each,retain_each,2,Section8Search: J & J APTS #1 | Section8Search: J & J APTS #2,public_housing_directory,https://section8search.org/illinois/vandalia/j-j-apts-1/niypebk81cevle12v39i3drs | https://section8search.org/illinois/vandalia/j-j-apts-2/j9u2g1aohjyhe2vngows3xls,exact_standardized_site,distinct_phases_or_components_common_address,corroborates_all_listed_members_and_address,distinct_phases_or_components_common_address
SAQ_0381,IL|1503 LORELEI DR|ZION,CRANE MEADOWS APTS | WATERFORD APTS PHASE I | WATERFORD APTS PHASE II,phase_or_component_evidence,new_two_read_review,2026-08-11,2026-08-11,2026-08-11,public_directory_sitemap,https://section8search.org/sitemap.xml | https://affordablehousinghub.org/sitemap.xml,not_approved,FALSE,3,3,3,retain_each,retain_each,3,Section8Search: CRANE MEADOWS APTS | Section8Search: WATERFORD APTS PHASE I | Section8Search: WATERFORD APTS PHASE II,public_housing_directory,https://section8search.org/illinois/zion/crane-meadows-apts/wocp8s1k3llr954nsxf78rnt | https://section8search.org/illinois/zion/waterford-apts-phase-i/vtceh35cwcts9tahuuxd28fk | https://section8search.org/illinois/zion/waterford-apts-phase-ii/esmwz6j6rpa0c8mc310jcssv,exact_standardized_site,distinct_phases_or_components_common_address,corroborates_all_listed_members_and_address,distinct_phases_or_components_common_address
SAQ_0382,IN|810 REGENCY CT|ANGOLA,NORTHCREST APTS I | NORTHCREST APTS II,phase_or_component_evidence,new_two_read_review,2026-08-11,2026-08-11,2026-08-11,public_directory_sitemap,https://section8search.org/sitemap.xml | https://affordablehousinghub.org/sitemap.xml,not_approved,FALSE,2,2,2,retain_each,retain_each,2,Section8Search: NORTHCREST APTS I | Section8Search: NORTHCREST APTS II,public_housing_directory,https://section8search.org/indiana/angola/northcrest-apts-i/oaeo1la8wwxfbemwvmh24wra | https://section8search.org/indiana/angola/northcrest-apts-ii/pa3vux1bzc65uagz1pmtbded,exact_standardized_site,distinct_phases_or_components_common_address,corroborates_all_listed_members_and_address,distinct_phases_or_components_common_address
SAQ_0383,IN|1110 HURON WAY|AUBURN,INDIAN TERRACE VILLAS II | INDIAN TERRACE VILLAS PHASE II,phase_or_component_evidence,new_two_read_review,2026-08-11,2026-08-11,2026-08-11,public_directory_sitemap,https://section8search.org/sitemap.xml | https://affordablehousinghub.org/sitemap.xml,not_approved,FALSE,2,2,2,retain_each,retain_each,2,Section8Search: INDIAN TERRACE VILLAS II | Section8Search: INDIAN TERRACE VILLAS PHASE II,public_housing_directory,https://section8search.org/indiana/auburn/indian-terrace-villas-ii/zrorwi1jnmxp3x8fm0nahl6u | https://section8search.org/indiana/auburn/indian-terrace-villas-phase-ii/ooixyvtt9u8y2jtja28ggkyv,address_not_extracted | exact_standardized_site,distinct_phases_or_components_common_address,corroborates_all_listed_members_and_address,distinct_phases_or_components_common_address
SAQ_0384,IN|540 S BASSWOOD DR|BLOOMINGTON,CANTERBURY HOUSE APTS (BLOOMINGTON) | LIMESTONE CROSSING APARTMENTS,shared_address_only,new_two_read_review,2026-08-11,2026-08-11,2026-08-11,public_directory_sitemap,https://section8search.org/sitemap.xml | https://affordablehousinghub.org/sitemap.xml,not_approved,FALSE,2,2,2,retain_each,retain_each,2,Section8Search: CANTERBURY HOUSE APTS (BLOOMINGTON) | Section8Search: LIMESTONE CROSSING APARTMENTS,public_housing_directory,https://section8search.org/indiana/bloomington/canterbury-house-apts-bloomington/aefvb0y8fksuetxd9iddigk6 | https://section8search.org/indiana/bloomington/limestone-crossing-apartments/rthfsrb96u0qbg1ni1jhgfak,exact_standardized_site,shared_address_without_sufficient_identity_evidence,corroborates_all_listed_members_and_address,shared_address_without_sufficient_identity_evidence
SAQ_0385,IN|150 BEAUMONT CIR|BROWNSBURG,BROWNSBURG POINTE I | BROWNSBURG POINTE II,phase_or_component_evidence,new_two_read_review,2026-08-11,2026-08-11,2026-08-11,public_directory_sitemap,https://section8search.org/sitemap.xml | https://affordablehousinghub.org/sitemap.xml,not_approved,FALSE,2,2,2,retain_each,retain_each,2,Section8Search: BROWNSBURG POINTE I | Section8Search: BROWNSBURG POINTE II,public_housing_directory,https://section8search.org/indiana/brownsburg/brownsburg-pointe-i/ik4mg3lkxseb1ozawxs3gg9k | https://section8search.org/indiana/brownsburg/brownsburg-pointe-ii/cij3t8jiwgntnap1ofhmter1,exact_standardized_site,distinct_phases_or_components_common_address,corroborates_all_listed_members_and_address,distinct_phases_or_components_common_address
SAQ_0386,IN|233 HIGH ST|BUTLER,FAWN HAVEN APTS | FAWN VILLAS I | FAWN VILLAS II | FAWN VILLAS III,phase_or_component_evidence,new_two_read_review,2026-08-11,2026-08-11,2026-08-11,public_directory_sitemap,https://section8search.org/sitemap.xml | https://affordablehousinghub.org/sitemap.xml,not_approved,FALSE,4,4,4,retain_each,retain_each,4,Section8Search: FAWN HAVEN APTS | Section8Search: FAWN VILLAS I | Section8Search: FAWN VILLAS II | Section8Search: FAWN VILLAS III,public_housing_directory,https://section8search.org/indiana/butler/fawn-haven-apts/ox1dn0lk5a3sjvg8nxsjbsgo | https://section8search.org/indiana/butler/fawn-villas-i/sj8cvgj3b5rua5s4o3d025cb | https://section8search.org/indiana/butler/fawn-villas-ii/udm9dgk48uiv4z80zq02kcrc | https://section8search.org/indiana/butler/fawn-villas-iii/w5um2iig54xl1070a0cq3bic,exact_standardized_site,distinct_phases_or_components_common_address,corroborates_all_listed_members_and_address,distinct_phases_or_components_common_address
SAQ_0387,IN|700 WAVERLY RD|CHESTERTON,ORCHARD APTS II | ORCHARD APTS III,phase_or_component_evidence,new_two_read_review,2026-08-11,2026-08-11,2026-08-11,public_directory_sitemap,https://section8search.org/sitemap.xml | https://affordablehousinghub.org/sitemap.xml,not_approved,FALSE,2,2,2,retain_each,retain_each,2,Section8Search: ORCHARD APTS II | Section8Search: ORCHARD APTS III,public_housing_directory,https://section8search.org/indiana/chesterton/orchard-apts-ii/a4b8zkdk5yxe6dmkxoijutfm | https://section8search.org/indiana/chesterton/orchard-apts-iii/mep473mxpn9wsr7v5xhnf4lb,exact_standardized_site,distinct_phases_or_components_common_address,corroborates_all_listed_members_and_address,distinct_phases_or_components_common_address
SAQ_0388,IN|420 WINT LN|COLUMBUS,PRESTWICK SQUARE APTS OF COLUMBUS I | PRESTWICK SQUARE APTS OF COLUMBUS II,phase_or_component_evidence,new_two_read_review,2026-08-11,2026-08-11,2026-08-11,public_directory_sitemap,https://section8search.org/sitemap.xml | https://affordablehousinghub.org/sitemap.xml,not_approved,FALSE,2,2,2,retain_each,retain_each,2,Section8Search: PRESTWICK SQUARE APTS OF COLUMBUS I | Section8Search: PRESTWICK SQUARE APTS OF COLUMBUS II,public_housing_directory,https://section8search.org/indiana/columbus/prestwick-square-apts-of-columbus-i/o6ifpvdje4sqfc22sa48f2q9 | https://section8search.org/indiana/columbus/prestwick-square-apts-of-columbus-ii/k5k2a881c4kvv1v0ko4r2yp0,exact_standardized_site,distinct_phases_or_components_common_address,corroborates_all_listed_members_and_address,distinct_phases_or_components_common_address
SAQ_0389,IN|1465 E STATE RD|CONNERSVILLE,CONNER COURT APTS I | CONNER COURT APTS II,phase_or_component_evidence,new_two_read_review,2026-08-11,2026-08-11,2026-08-11,public_directory_sitemap,https://section8search.org/sitemap.xml | https://affordablehousinghub.org/sitemap.xml,not_approved,FALSE,2,2,2,retain_each,retain_each,2,Section8Search: CONNER COURT APTS I | Section8Search: CONNER COURT APTS II,public_housing_directory,https://section8search.org/indiana/connersville/conner-court-apts-i/ir1a6g063i6bvuifi6jwm4h0 | https://section8search.org/indiana/connersville/conner-court-apts-ii/njxys3um6cmhw8pr6qhf38pw,exact_standardized_site,distinct_phases_or_components_common_address,corroborates_all_listed_members_and_address,distinct_phases_or_components_common_address
SAQ_0390,IN|200 KNOLL CIR|CRAWFORDSVILLE,SHADY KNOLL APTS I | SHADY KNOLL APTS II | SHADY KNOLL APTS III,phase_or_component_evidence,new_two_read_review,2026-08-11,2026-08-11,2026-08-11,public_directory_sitemap,https://section8search.org/sitemap.xml | https://affordablehousinghub.org/sitemap.xml,not_approved,FALSE,3,3,3,retain_each,retain_each,3,Section8Search: SHADY KNOLL APTS I | Section8Search: SHADY KNOLL APTS II | Section8Search: SHADY KNOLL APTS III,public_housing_directory,https://section8search.org/indiana/crawfordsville/shady-knoll-apts-i/j1b5f3vrdo6dqgpyw9iz33zx | https://section8search.org/indiana/crawfordsville/shady-knoll-apts-ii/qntkzcu15v6ta9mb2jpz7hvk | https://section8search.org/indiana/crawfordsville/shady-knoll-apts-iii/njoacpqlz1qor8m2n9fxz25c,exact_standardized_site,distinct_phases_or_components_common_address,corroborates_all_listed_members_and_address,distinct_phases_or_components_common_address
SAQ_0391,IN|2801 TOLEDO RD|ELKHART,DEER CREEKE APTS I | DEER CREEKE APTS II,phase_or_component_evidence,new_two_read_review,2026-08-11,2026-08-11,2026-08-11,public_directory_sitemap,https://section8search.org/sitemap.xml | https://affordablehousinghub.org/sitemap.xml,not_approved,FALSE,2,2,2,retain_each,retain_each,2,Section8Search: DEER CREEKE APTS I | Section8Search: DEER CREEKE APTS II,public_housing_directory,https://section8search.org/indiana/elkhart/deer-creeke-apts-i/eounntjq1dusv2x2jruc7ahs | https://section8search.org/indiana/elkhart/deer-creeke-apts-ii/elb49qfrrly5ugjumbxo19nr,exact_standardized_site,distinct_phases_or_components_common_address,corroborates_all_listed_members_and_address,distinct_phases_or_components_common_address
SAQ_0392,IN|4353 BALSAM FIR LN|ELKHART,ASHTON PINES PHASE I | ASHTON PINES PHASE II,phase_or_component_evidence,new_two_read_review,2026-08-11,2026-08-11,2026-08-11,public_directory_sitemap,https://section8search.org/sitemap.xml | https://affordablehousinghub.org/sitemap.xml,not_approved,FALSE,2,2,2,retain_each,retain_each,2,Section8Search: ASHTON PINES PHASE I | Section8Search: ASHTON PINES PHASE II,public_housing_directory,https://section8search.org/indiana/elkhart/ashton-pines-phase-i/nu0lfhceujjdsda8uzeeda9j | https://section8search.org/indiana/elkhart/ashton-pines-phase-ii/wcco0y0i07pcg67v22e6izd8,exact_standardized_site,distinct_phases_or_components_common_address,corroborates_all_listed_members_and_address,distinct_phases_or_components_common_address
SAQ_0393,IN|2200 N SEVENTH AVE|EVANSVILLE,CEDAR TRACE APTS II | CEDAR TRACE APTS III,phase_or_component_evidence,new_two_read_review,2026-08-11,2026-08-11,2026-08-11,public_directory_sitemap,https://section8search.org/sitemap.xml | https://affordablehousinghub.org/sitemap.xml,not_approved,FALSE,2,2,2,retain_each,retain_each,2,Section8Search: CEDAR TRACE APTS II | Section8Search: CEDAR TRACE APTS III,public_housing_directory,https://section8search.org/indiana/evansville/cedar-trace-apts-ii/yb8ishukbqrhfcqb7fuar4al | https://section8search.org/indiana/evansville/cedar-trace-apts-iii/oki2u0glf6gwnpe7th3nkq8r,city_state_only,distinct_phases_or_components_common_address,corroborates_all_listed_members_and_address,distinct_phases_or_components_common_address
SAQ_0394,IN|3305 POLLACK AVE|EVANSVILLE,VANN PARK APTS I | VANN PARK APTS II | VANN PARK APTS III | VANN PARK APTS IV,phase_or_component_evidence,new_two_read_review,2026-08-11,2026-08-11,2026-08-11,public_directory_sitemap,https://section8search.org/sitemap.xml | https://affordablehousinghub.org/sitemap.xml,not_approved,FALSE,4,4,4,retain_each,retain_each,4,Section8Search: VANN PARK APTS I | Section8Search: VANN PARK APTS II | Section8Search: VANN PARK APTS III | Section8Search: VANN PARK APTS IV,public_housing_directory,https://section8search.org/indiana/evansville/vann-park-apts-i/pwjmqsc4kdaw7xg18hlxo5ww | https://section8search.org/indiana/evansville/vann-park-apts-ii/h4indbr1hxm69ucbk0stj7mb | https://section8search.org/indiana/evansville/vann-park-apts-iii/c0a6nh4o1nbyuudnu93ko4no | https://section8search.org/indiana/evansville/vann-park-apts-iv/yiosdcffjh5yieat7suyvbxb,exact_standardized_site,distinct_phases_or_components_common_address,corroborates_all_listed_members_and_address,distinct_phases_or_components_common_address
SAQ_0395,IN|920 OAK ST|EVANSVILLE,MEMORIAL PLACE APTS | MEMORIAL TOWNHOUSES II,shared_address_only,new_two_read_review,2026-08-11,2026-08-11,2026-08-11,public_directory_sitemap,https://section8search.org/sitemap.xml | https://affordablehousinghub.org/sitemap.xml,not_approved,FALSE,2,2,2,retain_each,retain_each,2,Section8Search: MEMORIAL PLACE APTS | Section8Search: MEMORIAL TOWNHOUSES II,public_housing_directory,https://section8search.org/indiana/evansville/memorial-place-apts/qput3lt65s0dh3eziglbh0h9 | https://section8search.org/indiana/evansville/memorial-townhouses-ii/jkz5fqrwm4ay42yfotusqn4k,exact_standardized_site,shared_address_without_sufficient_identity_evidence,corroborates_all_listed_members_and_address,shared_address_without_sufficient_identity_evidence
SAQ_0396,IN|7045 JOHN ST|FORT WAYNE,TAMERA GARDENS I | TAMERA SENIOR VILLAS,shared_address_only,new_two_read_review,2026-08-11,2026-08-11,2026-08-11,public_directory_sitemap,https://section8search.org/sitemap.xml | https://affordablehousinghub.org/sitemap.xml,not_approved,FALSE,2,2,2,retain_each,retain_each,2,Section8Search: TAMERA GARDENS I | Section8Search: TAMERA SENIOR VILLAS,public_housing_directory,https://section8search.org/indiana/fort-wayne/tamera-gardens-i/drp46tbo1djn794w6aq1s5ib | https://section8search.org/indiana/fort-wayne/tamera-senior-villas/mx203xxw53l7l6rx6kuc90y3,exact_standardized_site,shared_address_without_sufficient_identity_evidence,corroborates_all_listed_members_and_address,shared_address_without_sufficient_identity_evidence
SAQ_0397,IN|701 STONE RIDGE DR|FRANKFORT,CANTERBURY HOUSE APTS (SPRINGBROOK) | FRANKFORT PLACE APTS,shared_address_only,new_two_read_review,2026-08-11,2026-08-11,2026-08-11,public_directory_sitemap,https://section8search.org/sitemap.xml | https://affordablehousinghub.org/sitemap.xml,not_approved,FALSE,2,2,2,retain_each,retain_each,2,Section8Search: CANTERBURY HOUSE APTS (SPRINGBROOK) | Section8Search: FRANKFORT PLACE APTS,public_housing_directory,https://section8search.org/indiana/frankfort/canterbury-house-apts-springbrook/ch90wqqccgfke7yhgr3s44j7 | https://section8search.org/indiana/frankfort/frankfort-place-apts/fzaz63rpr6m3ly9iffc7lczv,exact_standardized_site,shared_address_without_sufficient_identity_evidence,corroborates_all_listed_members_and_address,shared_address_without_sufficient_identity_evidence
SAQ_0398,IN|1400 CONNIE JEAN XING|GARRETT,CONNIE JEAN CROSSING PHASE I | CONNIE JEAN CROSSING PHASE II,phase_or_component_evidence,new_two_read_review,2026-08-11,2026-08-11,2026-08-11,public_directory_sitemap,https://section8search.org/sitemap.xml | https://affordablehousinghub.org/sitemap.xml,not_approved,FALSE,2,2,2,retain_each,retain_each,2,Section8Search: CONNIE JEAN CROSSING PHASE I | Section8Search: CONNIE JEAN CROSSING PHASE II,public_housing_directory,https://section8search.org/indiana/garrett/connie-jean-crossing-phase-i/yu16mmedc2nn3kcpsnd52org | https://section8search.org/indiana/garrett/connie-jean-crossing-phase-ii/kdu79vtqytwjhu6ao1w7nc7l,exact_standardized_site,distinct_phases_or_components_common_address,corroborates_all_listed_members_and_address,distinct_phases_or_components_common_address
SAQ_0399,IN|2122 VIRGINIA ST|GARY,EMERSON HOUSING | LANCASTER,shared_address_only,new_two_read_review,2026-08-11,2026-08-11,2026-08-11,public_directory_sitemap,https://section8search.org/sitemap.xml | https://affordablehousinghub.org/sitemap.xml,not_approved,FALSE,2,2,2,retain_each,retain_each,2,Section8Search: EMERSON HOUSING | Section8Search: LANCASTER,public_housing_directory,https://section8search.org/indiana/gary/emerson-housing/nb8wfvxn6b3xfs8sitje2hyo | https://section8search.org/indiana/gary/lancaster/thsbrc05u8ghnjrrjg0b9glw,address_not_extracted | exact_standardized_site,shared_address_without_sufficient_identity_evidence,corroborates_all_listed_members_and_address,shared_address_without_sufficient_identity_evidence
SAQ_0400,IN|2173 CAROLINA ST|GARY,HOMEWOOD VILLAGE | ST JOHN HOMES,shared_address_only,new_two_read_review,2026-08-11,2026-08-11,2026-08-11,public_directory_sitemap,https://section8search.org/sitemap.xml | https://affordablehousinghub.org/sitemap.xml,not_approved,FALSE,2,2,2,retain_each,retain_each,2,Section8Search: HOMEWOOD VILLAGE | Section8Search: ST JOHN HOMES,public_housing_directory,https://section8search.org/indiana/gary/homewood-village/au57l42ya50gd0vccb02k14p | https://section8search.org/indiana/gary/st-john-homes/ddaoy2eqalzn6b07861zwmrw,exact_standardized_site,shared_address_without_sufficient_identity_evidence,corroborates_all_listed_members_and_address,shared_address_without_sufficient_identity_evidence
SAQ_0401,IN|2600 SANTA ANITA DR|GREENWOOD,TROTTERS POINTE PHASE III | TROTTERS POINTE PHASE IV,phase_or_component_evidence,new_two_read_review,2026-08-11,2026-08-11,2026-08-11,public_directory_sitemap,https://section8search.org/sitemap.xml | https://affordablehousinghub.org/sitemap.xml,not_approved,FALSE,2,2,2,retain_each,retain_each,2,Section8Search: TROTTERS POINTE PHASE III | Section8Search: TROTTERS POINTE PHASE IV,public_housing_directory,https://section8search.org/indiana/greenwood/trotters-pointe-phase-iii/bwtbz6eoy2majbrymecy0mjq | https://section8search.org/indiana/greenwood/trotters-pointe-phase-iv/j9fajtr6bm458q1ai14qsnbn,exact_standardized_site,distinct_phases_or_components_common_address,corroborates_all_listed_members_and_address,distinct_phases_or_components_common_address
SAQ_0402,IN|5525 HYLES BLVD|HAMMOND,DOUGLAS POINTE APTS I | DOUGLAS POINTE APTS II | DOUGLAS POINTE APTS III,phase_or_component_evidence,new_two_read_review,2026-08-11,2026-08-11,2026-08-11,public_directory_sitemap,https://section8search.org/sitemap.xml | https://affordablehousinghub.org/sitemap.xml,not_approved,FALSE,3,3,3,retain_each,retain_each,3,Section8Search: DOUGLAS POINTE APTS I | Section8Search: DOUGLAS POINTE APTS II | Section8Search: DOUGLAS POINTE APTS III,public_housing_directory,https://section8search.org/indiana/hammond/douglas-pointe-apts-i/sg841f0fzb23co726z4ya76z | https://section8search.org/indiana/hammond/douglas-pointe-apts-ii/sk48djsgi3g06t0iiq7em4vl | https://section8search.org/indiana/hammond/douglas-pointe-apts-iii/fqu9jwmvqonj49yu76mit5vo,exact_standardized_site,distinct_phases_or_components_common_address,corroborates_all_listed_members_and_address,distinct_phases_or_components_common_address
SAQ_0403,IN|1 E 36TH ST|INDIANAPOLIS,MERIDIAN | THE MERIDIAN APARTMENTS,shared_address_only,new_two_read_review,2026-08-11,2026-08-11,2026-08-11,public_directory_sitemap,https://section8search.org/sitemap.xml | https://affordablehousinghub.org/sitemap.xml,not_approved,FALSE,2,1,1,merge_all,merge_all,2,Section8Search: MERIDIAN | Section8Search: THE MERIDIAN APARTMENTS,public_housing_directory,https://section8search.org/indiana/indianapolis/meridian/sga56yxsll2yl9w1cfxrkgnq | https://section8search.org/indiana/indianapolis/the-meridian-apartments/q6h0znuk14unz7ssuthp9kd7,city_state_only | exact_standardized_site,later_financing_or_renamed_same_physical_development,corroborates_all_listed_members_and_address,later_financing_or_renamed_same_physical_development
SAQ_0404,IN|10202 JOHN JAY DR|INDIANAPOLIS,AMBER WOODS II | AMBER WOODS III | AMBER WOODS IV | AMBER WOODS V,phase_or_component_evidence,new_two_read_review,2026-08-11,2026-08-11,2026-08-11,public_directory_sitemap,https://section8search.org/sitemap.xml | https://affordablehousinghub.org/sitemap.xml,not_approved,FALSE,4,4,4,retain_each,retain_each,4,Section8Search: AMBER WOODS II | Section8Search: AMBER WOODS III | Section8Search: AMBER WOODS IV | Section8Search: AMBER WOODS V,public_housing_directory,https://section8search.org/indiana/indianapolis/amber-woods-ii/j89p8vhplmnqv1im5rj5d3fv | https://section8search.org/indiana/indianapolis/amber-woods-iii/eylfo712occsrguqsz6uhuo9 | https://section8search.org/indiana/indianapolis/amber-woods-iv/mlmpg48uua1xnj34ke6yfgc2 | https://section8search.org/indiana/indianapolis/amber-woods-v/srglei9k8773by64inm3rhnl,exact_standardized_site,distinct_phases_or_components_common_address,corroborates_all_listed_members_and_address,distinct_phases_or_components_common_address
SAQ_0405,IN|130 E 30TH ST|INDIANAPOLIS,MAPLETON FALL CREEK (MFC) RECLAMATION I | MAPLETON FALL CREEK (MFC) RECLAMATION II | MAPLETON FALL CREEK (MFC) RECLAMATION III,phase_or_component_evidence,new_two_read_review,2026-08-11,2026-08-11,2026-08-11,public_directory_sitemap,https://section8search.org/sitemap.xml | https://affordablehousinghub.org/sitemap.xml,not_approved,FALSE,3,3,3,retain_each,retain_each,3,Section8Search: MAPLETON FALL CREEK (MFC) RECLAMATION I | Section8Search: MAPLETON FALL CREEK (MFC) RECLAMATION II | Section8Search: MAPLETON FALL CREEK (MFC) RECLAMATION III,public_housing_directory,https://section8search.org/indiana/indianapolis/mapleton-fall-creek-mfc-reclamation-i/ut88d7rcw2k27ra0273sm0ui | https://section8search.org/indiana/indianapolis/mapleton-fall-creek-mfc-reclamation-ii/n8qjwgx9ey1btd402yeey3bj | https://section8search.org/indiana/indianapolis/mapleton-fall-creek-mfc-reclamation-iii/vkqpx499vz1coimy0g8ip18y,exact_standardized_site,distinct_phases_or_components_common_address,corroborates_all_listed_members_and_address,distinct_phases_or_components_common_address
SAQ_0406,IN|1925 WESTVIEW DR|INDIANAPOLIS,SOUTHSIDE PARTNERS I | WILLIAM PENN COMMONS,shared_address_only,new_two_read_review,2026-08-11,2026-08-11,2026-08-11,public_directory_sitemap,https://section8search.org/sitemap.xml | https://affordablehousinghub.org/sitemap.xml,not_approved,FALSE,2,2,2,retain_each,retain_each,2,Section8Search: SOUTHSIDE PARTNERS I | Section8Search: WILLIAM PENN COMMONS,public_housing_directory,https://section8search.org/indiana/indianapolis/southside-partners-i/ntrjc78jg24292kcihaa4lir | https://section8search.org/indiana/indianapolis/william-penn-commons/hoggml0jlurejunsh5n9afyd,exact_standardized_site,shared_address_without_sufficient_identity_evidence,corroborates_all_listed_members_and_address,shared_address_without_sufficient_identity_evidence
SAQ_0407,IN|26 N ARSENAL AVE|INDIANAPOLIS,EASTSIDE EQUITY FUND I | EASTSIDE EQUITY FUND II | EASTSIDE EQUITY FUND V - A,phase_or_component_evidence,new_two_read_review,2026-08-11,2026-08-11,2026-08-11,public_directory_sitemap,https://section8search.org/sitemap.xml | https://affordablehousinghub.org/sitemap.xml,not_approved,FALSE,3,3,3,retain_each,retain_each,3,Affordable Housing Hub: EASTSIDE EQUITY FUND V - A | Section8Search: EASTSIDE EQUITY FUND I | Section8Search: EASTSIDE EQUITY FUND II,public_housing_directory,https://affordablehousinghub.org/housing/indiana/marion-county/indianapolis/eastside-equity-fund-v-a-7605-lihtc | https://section8search.org/indiana/indianapolis/eastside-equity-fund-i/p6qdwhepz9d8imybovolxhmv | https://section8search.org/indiana/indianapolis/eastside-equity-fund-ii/w6gvm8ctigslq4spa3o94hmq,address_not_extracted | exact_standardized_site,distinct_phases_or_components_common_address,corroborates_all_listed_members_and_address,distinct_phases_or_components_common_address
SAQ_0408,IN|2901 E TABOR ST|INDIANAPOLIS,BROKENBURR IIA | RED MAPLE GROVE I | RED MAPLE GROVE IIB,shared_address_only,new_two_read_review,2026-08-11,2026-08-11,2026-08-11,public_directory_sitemap,https://section8search.org/sitemap.xml | https://affordablehousinghub.org/sitemap.xml,not_approved,FALSE,3,3,3,retain_each,retain_each,3,Section8Search: BROKENBURR IIA | Section8Search: RED MAPLE GROVE I | Section8Search: RED MAPLE GROVE IIB,public_housing_directory,https://section8search.org/indiana/indianapolis/brokenburr-iia/ear46ma1jsvbh1a1vz7zuult | https://section8search.org/indiana/indianapolis/red-maple-grove-i/gf9r8dh6vr75fd2yis4v2w3v | https://section8search.org/indiana/indianapolis/red-maple-grove-iib/q659t7udwi862rwp3lwgaauj,exact_standardized_site,shared_address_without_sufficient_identity_evidence,corroborates_all_listed_members_and_address,shared_address_without_sufficient_identity_evidence
SAQ_0409,IN|3615 SHERMAN FOREST DR|INDIANAPOLIS,NEW PARKWOODS II-A | NEW PARKWOODS II-B LP | NEW PARKWOODS III,shared_address_only,new_two_read_review,2026-08-11,2026-08-11,2026-08-11,public_directory_sitemap,https://section8search.org/sitemap.xml | https://affordablehousinghub.org/sitemap.xml,not_approved,FALSE,3,3,3,retain_each,retain_each,3,Affordable Housing Hub: NEW PARKWOODS II-A | Affordable Housing Hub: NEW PARKWOODS II-B LP | Section8Search: NEW PARKWOODS III,public_housing_directory,https://affordablehousinghub.org/housing/indiana/marion-county/indianapolis/new-parkwoods-ii-a-8424-lihtc | https://affordablehousinghub.org/housing/indiana/marion-county/indianapolis/new-parkwoods-ii-b-lp-8596-lihtc | https://section8search.org/indiana/indianapolis/new-parkwoods-iii/kzkgkoi292tyh0ln2wruzw98,address_not_extracted | exact_standardized_site,shared_address_without_sufficient_identity_evidence,corroborates_all_listed_members_and_address,shared_address_without_sufficient_identity_evidence
SAQ_0410,IN|3775 ALLERTON PL|INDIANAPOLIS,MARTIN LUTHER KING HOMES | NORTHAMPTON VILLAGE,shared_address_only,new_two_read_review,2026-08-11,2026-08-11,2026-08-11,public_directory_sitemap,https://section8search.org/sitemap.xml | https://affordablehousinghub.org/sitemap.xml,not_approved,FALSE,2,2,2,retain_each,retain_each,2,Section8Search: MARTIN LUTHER KING HOMES | Section8Search: NORTHAMPTON VILLAGE,public_housing_directory,https://section8search.org/indiana/indianapolis/martin-luther-king-homes/jcnxyjakx3ls1oo0ldpgbdcs | https://section8search.org/indiana/indianapolis/northampton-village/m055fw6yxjpcd015uqeu9x4s,exact_standardized_site,shared_address_without_sufficient_identity_evidence,corroborates_all_listed_members_and_address,shared_address_without_sufficient_identity_evidence
SAQ_0411,IN|5360 GEORGETOWN RD|INDIANAPOLIS,GEORGETOWN WOODS SENIOR APTS | OXFORD TERRACE HOMES III,shared_address_only,new_two_read_review,2026-08-11,2026-08-11,2026-08-11,public_directory_sitemap,https://section8search.org/sitemap.xml | https://affordablehousinghub.org/sitemap.xml,not_approved,FALSE,2,2,2,retain_each,retain_each,2,Section8Search: GEORGETOWN WOODS SENIOR APTS | Section8Search: OXFORD TERRACE HOMES III,public_housing_directory,https://section8search.org/indiana/indianapolis/georgetown-woods-senior-apts/uvegupywhj8uddmklfio9fie | https://section8search.org/indiana/indianapolis/oxford-terrace-homes-iii/w6evghn6uonka206un7bq7yz,exact_standardized_site,shared_address_without_sufficient_identity_evidence,corroborates_all_listed_members_and_address,shared_address_without_sufficient_identity_evidence
SAQ_0412,IN|7955 KINGSMEAD DR|INDIANAPOLIS,CANTERBURY HOUSE APTS I (INDIANAPOLIS) | CANTERBURY HOUSE APTS II (INDIANAPOLIS),phase_or_component_evidence,new_two_read_review,2026-08-11,2026-08-11,2026-08-11,public_directory_sitemap,https://section8search.org/sitemap.xml | https://affordablehousinghub.org/sitemap.xml,not_approved,FALSE,2,2,2,retain_each,retain_each,2,Section8Search: CANTERBURY HOUSE APTS I (INDIANAPOLIS) | Section8Search: CANTERBURY HOUSE APTS II (INDIANAPOLIS),public_housing_directory,https://section8search.org/indiana/indianapolis/canterbury-house-apts-i-indianapolis/r7fy9t24jcnjbc5i3bpre25v | https://section8search.org/indiana/indianapolis/canterbury-house-apts-ii-indianapolis/uycuf46b30mizitepvpkr4lb,exact_standardized_site,distinct_phases_or_components_common_address,corroborates_all_listed_members_and_address,distinct_phases_or_components_common_address
SAQ_0413,IN|1998 DEERFIELD LN|KENDALLVILLE,DEERFIELD APTS I | DEERFIELD APTS II,phase_or_component_evidence,new_two_read_review,2026-08-11,2026-08-11,2026-08-11,public_directory_sitemap,https://section8search.org/sitemap.xml | https://affordablehousinghub.org/sitemap.xml,not_approved,FALSE,2,2,2,retain_each,retain_each,2,Section8Search: DEERFIELD APTS I | Section8Search: DEERFIELD APTS II,public_housing_directory,https://section8search.org/indiana/kendallville/deerfield-apts-i/rr5y7l3kmbttq7lvjlq6ie6p | https://section8search.org/indiana/kendallville/deerfield-apts-ii/bqb3syovxcb4qg7fq2ojmxhl,exact_standardized_site,distinct_phases_or_components_common_address,corroborates_all_listed_members_and_address,distinct_phases_or_components_common_address
SAQ_0414,IN|2864 AMBERWOOD PL|KOKOMO,AMBERWOOD PLACE I | AMBERWOOD PLACE II,phase_or_component_evidence,new_two_read_review,2026-08-11,2026-08-11,2026-08-11,public_directory_sitemap,https://section8search.org/sitemap.xml | https://affordablehousinghub.org/sitemap.xml,not_approved,FALSE,2,2,2,retain_each,retain_each,2,Section8Search: AMBERWOOD PLACE I | Section8Search: AMBERWOOD PLACE II,public_housing_directory,https://section8search.org/indiana/kokomo/amberwood-place-i/r9lnrtillf6tr1fd02z9pys3 | https://section8search.org/indiana/kokomo/amberwood-place-ii/dch9nyqgg9xbs8be3n3jzjx2,exact_standardized_site,distinct_phases_or_components_common_address,corroborates_all_listed_members_and_address,distinct_phases_or_components_common_address
SAQ_0415,IN|393 W 300 N|KOKOMO,SUMMERSET APTS PHASE I | SUMMERSET APTS PHASE II,phase_or_component_evidence,new_two_read_review,2026-08-11,2026-08-11,2026-08-11,public_directory_sitemap,https://section8search.org/sitemap.xml | https://affordablehousinghub.org/sitemap.xml,not_approved,FALSE,2,2,2,retain_each,retain_each,2,Section8Search: SUMMERSET APTS PHASE I | Section8Search: SUMMERSET APTS PHASE II,public_housing_directory,https://section8search.org/indiana/kokomo/summerset-apts-phase-i/tyntk6yssi3bh6jt78xrsns3 | https://section8search.org/indiana/kokomo/summerset-apts-phase-ii/ldmm30no94mhslez6fp532w4,exact_standardized_site,distinct_phases_or_components_common_address,corroborates_all_listed_members_and_address,distinct_phases_or_components_common_address
SAQ_0416,IN|1405 W 18TH ST|LA PORTE,MAPLE TREE APTS I | MAPLE TREE APTS II,phase_or_component_evidence,new_two_read_review,2026-08-11,2026-08-11,2026-08-11,public_directory_sitemap,https://section8search.org/sitemap.xml | https://affordablehousinghub.org/sitemap.xml,not_approved,FALSE,2,2,2,retain_each,retain_each,2,Section8Search: MAPLE TREE APTS I | Section8Search: MAPLE TREE APTS II,public_housing_directory,https://section8search.org/indiana/la-porte/maple-tree-apts-i/tjejrlon136jb54oq76o9pkr | https://section8search.org/indiana/la-porte/maple-tree-apts-ii/tq8a6rejap8x1bpcj63b2c3t,exact_standardized_site,distinct_phases_or_components_common_address,corroborates_all_listed_members_and_address,distinct_phases_or_components_common_address
SAQ_0417,IN|600 DEER RUN DR|LAWRENCEBURG,DEER RUN APARTMENTS II | DEER RUN APTS,shared_address_only,new_two_read_review,2026-08-11,2026-08-11,2026-08-11,public_directory_sitemap,https://section8search.org/sitemap.xml | https://affordablehousinghub.org/sitemap.xml,not_approved,FALSE,2,2,2,retain_each,retain_each,1,Section8Search: DEER RUN APTS,public_housing_directory,https://section8search.org/indiana/lawrenceburg/deer-run-apts/bg25h1zjz70fugg6ypklxk6p,exact_standardized_site,shared_address_without_sufficient_identity_evidence,corroborates_part_of_listed_members_and_address,shared_address_without_sufficient_identity_evidence
SAQ_0418,IN|1000 MEADOWBROOK|LINTON,GREENE COUNTY III | MEADOW BROOK SENIOR APTS PHASE II,shared_address_only,new_two_read_review,2026-08-11,2026-08-11,2026-08-11,public_directory_sitemap,https://section8search.org/sitemap.xml | https://affordablehousinghub.org/sitemap.xml,not_approved,FALSE,2,2,2,retain_each,retain_each,2,Section8Search: GREENE COUNTY III | Section8Search: MEADOW BROOK SENIOR APTS PHASE II,public_housing_directory,https://section8search.org/indiana/linton/greene-county-iii/ft8tsv47lm8lvs5096slodke | https://section8search.org/indiana/linton/meadow-brook-senior-apts-phase-ii/qr0y6upcnt2k05f3rwtn3xbd,exact_standardized_site,shared_address_without_sufficient_identity_evidence,corroborates_all_listed_members_and_address,shared_address_without_sufficient_identity_evidence
SAQ_0419,IN|1310 BLOSSOM DR|MISHAWAKA,ARBORS AT IRONWOOD APTS I | ARBORS AT IRONWOOD APTS II | IRONWOOD VILLAGE APARTMENTS,phase_or_component_evidence,new_two_read_review,2026-08-11,2026-08-11,2026-08-11,public_directory_sitemap,https://section8search.org/sitemap.xml | https://affordablehousinghub.org/sitemap.xml,not_approved,FALSE,3,3,3,retain_each,retain_each,3,Section8Search: ARBORS AT IRONWOOD APTS I | Section8Search: ARBORS AT IRONWOOD APTS II | Section8Search: IRONWOOD VILLAGE APARTMENTS,public_housing_directory,https://section8search.org/indiana/mishawaka/arbors-at-ironwood-apts-i/ap4zaxsm1ydhdjuzgpuuymfo | https://section8search.org/indiana/mishawaka/arbors-at-ironwood-apts-ii/qux8fsibasp0iramsh6ppvk9 | https://section8search.org/indiana/mishawaka/ironwood-village-apartments/o5ybcv2xj27i8q11j0bt8vds,exact_standardized_site,distinct_phases_or_components_common_address,corroborates_all_listed_members_and_address,distinct_phases_or_components_common_address
SAQ_0420,IN|2901 N ELGIN ST|MUNCIE,CREEKSIDE APTS I | CREEKSIDE APTS II,phase_or_component_evidence,new_two_read_review,2026-08-11,2026-08-11,2026-08-11,public_directory_sitemap,https://section8search.org/sitemap.xml | https://affordablehousinghub.org/sitemap.xml,not_approved,FALSE,2,2,2,retain_each,retain_each,2,Section8Search: CREEKSIDE APTS I | Section8Search: CREEKSIDE APTS II,public_housing_directory,https://section8search.org/indiana/muncie/creekside-apts-i/mvni3wmujg8xdyklphvrjf4b | https://section8search.org/indiana/muncie/creekside-apts-ii/z6wb1sw46xvf30olfem69yja,exact_standardized_site,distinct_phases_or_components_common_address,corroborates_all_listed_members_and_address,distinct_phases_or_components_common_address
SAQ_0421,IN|451 E SECOND ST|MUNCIE,HISTORIC MUNCIE APTS | MILLENNIUM PLACE I | MILLENNIUM PLACE II | MILLENNIUM PLACE III | MILLENNIUM PLACE IV,phase_or_component_evidence,new_two_read_review,2026-08-11,2026-08-11,2026-08-11,public_directory_sitemap,https://section8search.org/sitemap.xml | https://affordablehousinghub.org/sitemap.xml,not_approved,FALSE,5,5,5,retain_each,retain_each,5,Section8Search: HISTORIC MUNCIE APTS | Section8Search: MILLENNIUM PLACE I | Section8Search: MILLENNIUM PLACE II | Section8Search: MILLENNIUM PLACE III | Section8Search: MILLENNIUM PLACE IV,public_housing_directory,https://section8search.org/indiana/muncie/historic-muncie-apts/anjjxkp7birnbx24iykrocvp | https://section8search.org/indiana/muncie/millennium-place-i/civlxm1wzcemf5jbkrjl9rq4 | https://section8search.org/indiana/muncie/millennium-place-ii/zogal9bwnfjvjwkzz5vn6klb | https://section8search.org/indiana/muncie/millennium-place-iii/z1fdiv8v1z09c49r8pz8j8ve | https://section8search.org/indiana/muncie/millennium-place-iv/zvhpf97lurpvw3v5bxu3108g,exact_standardized_site,distinct_phases_or_components_common_address,corroborates_all_listed_members_and_address,distinct_phases_or_components_common_address
SAQ_0422,IN|4100 PRESTWICK SQ|NEW ALBANY,PRESTWICK SQUARE OF NEW ALBANY I | PRESTWICK SQUARE OF NEW ALBANY II,phase_or_component_evidence,new_two_read_review,2026-08-11,2026-08-11,2026-08-11,public_directory_sitemap,https://section8search.org/sitemap.xml | https://affordablehousinghub.org/sitemap.xml,not_approved,FALSE,2,2,2,retain_each,retain_each,2,Section8Search: PRESTWICK SQUARE OF NEW ALBANY I | Section8Search: PRESTWICK SQUARE OF NEW ALBANY II,public_housing_directory,https://section8search.org/indiana/new-albany/prestwick-square-of-new-albany-i/gc7cxytmmehhnbcjom8ev2go | https://section8search.org/indiana/new-albany/prestwick-square-of-new-albany-ii/a0qpaqpk0s5in30r9eqyzvjr,exact_standardized_site,distinct_phases_or_components_common_address,corroborates_all_listed_members_and_address,distinct_phases_or_components_common_address
SAQ_0423,IN|4166 BELL RD|NEWBURGH,SPRINGVIEW APTS PHASE I | SPRINGVIEW APTS PHASE II,phase_or_component_evidence,new_two_read_review,2026-08-11,2026-08-11,2026-08-11,public_directory_sitemap,https://section8search.org/sitemap.xml | https://affordablehousinghub.org/sitemap.xml,not_approved,FALSE,2,2,2,retain_each,retain_each,2,Section8Search: SPRINGVIEW APTS PHASE I | Section8Search: SPRINGVIEW APTS PHASE II,public_housing_directory,https://section8search.org/indiana/newburgh/springview-apts-phase-i/cjkptl7ccmivvlhqebnhjfap | https://section8search.org/indiana/newburgh/springview-apts-phase-ii/u6dtp58855mwm4fse1hgz6mx,exact_standardized_site,distinct_phases_or_components_common_address,corroborates_all_listed_members_and_address,distinct_phases_or_components_common_address
SAQ_0424,IN|7100 SHARON RD|NEWBURGH,SHARON WOODS APTS I | SHARON WOODS APTS II,phase_or_component_evidence,new_two_read_review,2026-08-11,2026-08-11,2026-08-11,public_directory_sitemap,https://section8search.org/sitemap.xml | https://affordablehousinghub.org/sitemap.xml,not_approved,FALSE,2,2,2,retain_each,retain_each,2,Section8Search: SHARON WOODS APTS I | Section8Search: SHARON WOODS APTS II,public_housing_directory,https://section8search.org/indiana/newburgh/sharon-woods-apts-i/w4yi14ti4dfyo7ied0751y7y | https://section8search.org/indiana/newburgh/sharon-woods-apts-ii/n5rasge55q4th6dwwjpfr6ve,exact_standardized_site,distinct_phases_or_components_common_address,corroborates_all_listed_members_and_address,distinct_phases_or_components_common_address
SAQ_0425,IN|7177 OUTER LINCOLN AVE|NEWBURGH,CANTERBURY HOUSE APTS I (NEWBURGH) | CANTERBURY HOUSE II (NEWBURGH),shared_address_only,new_two_read_review,2026-08-11,2026-08-11,2026-08-11,public_directory_sitemap,https://section8search.org/sitemap.xml | https://affordablehousinghub.org/sitemap.xml,not_approved,FALSE,2,2,2,retain_each,retain_each,2,Section8Search: CANTERBURY HOUSE APTS I (NEWBURGH) | Section8Search: CANTERBURY HOUSE II (NEWBURGH),public_housing_directory,https://section8search.org/indiana/newburgh/canterbury-house-apts-i-newburgh/x2y0kgyzy1v9tkjef6bbyb7a | https://section8search.org/indiana/newburgh/canterbury-house-ii-newburgh/ixi4qhusm7zgzuzswgy0jdfl,exact_standardized_site,shared_address_without_sufficient_identity_evidence,corroborates_all_listed_members_and_address,shared_address_without_sufficient_identity_evidence
SAQ_0426,IN|12190 WHIRLAWAY DR|NOBLESVILLE,DEER CHASE APTS I | DEER CHASE APTS II,phase_or_component_evidence,new_two_read_review,2026-08-11,2026-08-11,2026-08-11,public_directory_sitemap,https://section8search.org/sitemap.xml | https://affordablehousinghub.org/sitemap.xml,not_approved,FALSE,2,2,2,retain_each,retain_each,2,Section8Search: DEER CHASE APTS I | Section8Search: DEER CHASE APTS II,public_housing_directory,https://section8search.org/indiana/noblesville/deer-chase-apts-i/ehg7mesrrvwbh500j7a32igg | https://section8search.org/indiana/noblesville/deer-chase-apts-ii/z3mwpwbraxinbwtyaxskiyy7,exact_standardized_site,distinct_phases_or_components_common_address,corroborates_all_listed_members_and_address,distinct_phases_or_components_common_address
SAQ_0427,IN|311 COUNTRY LN|PLAINFIELD,GLADDEN FARMS APTS I | GLADDEN FARMS APTS II,phase_or_component_evidence,new_two_read_review,2026-08-11,2026-08-11,2026-08-11,public_directory_sitemap,https://section8search.org/sitemap.xml | https://affordablehousinghub.org/sitemap.xml,not_approved,FALSE,2,2,2,retain_each,retain_each,2,Section8Search: GLADDEN FARMS APTS I | Section8Search: GLADDEN FARMS APTS II,public_housing_directory,https://section8search.org/indiana/plainfield/gladden-farms-apts-i/dcffarn7s960jxrjlsjq77w8 | https://section8search.org/indiana/plainfield/gladden-farms-apts-ii/xvceyar7ipadz3z33cgz51v7,exact_standardized_site,distinct_phases_or_components_common_address,corroborates_all_listed_members_and_address,distinct_phases_or_components_common_address
SAQ_0428,IN|3300 PORTSIDE CT|PORTAGE,PORT CROSSING APTS I | PORT CROSSING APTS II | PORT CROSSING APTS III,phase_or_component_evidence,new_two_read_review,2026-08-11,2026-08-11,2026-08-11,public_directory_sitemap,https://section8search.org/sitemap.xml | https://affordablehousinghub.org/sitemap.xml,not_approved,FALSE,3,3,3,retain_each,retain_each,3,Section8Search: PORT CROSSING APTS I | Section8Search: PORT CROSSING APTS II | Section8Search: PORT CROSSING APTS III,public_housing_directory,https://section8search.org/indiana/portage/port-crossing-apts-i/z7gevqkyvystyteaca9onk36 | https://section8search.org/indiana/portage/port-crossing-apts-ii/mkx0qj01lbqcgc42fy5od1wm | https://section8search.org/indiana/portage/port-crossing-apts-iii/h033aypktwlai897qbzb56h1,exact_standardized_site,distinct_phases_or_components_common_address,corroborates_all_listed_members_and_address,distinct_phases_or_components_common_address
SAQ_0429,IN|10 S MOONEY ST|REDKEY,REDKEY APTS | WESTWIND APTS,name_or_timing_evidence,new_two_read_review,2026-08-11,2026-08-11,2026-08-11,public_directory_sitemap,https://section8search.org/sitemap.xml | https://affordablehousinghub.org/sitemap.xml,not_approved,FALSE,2,1,1,merge_all,merge_all,2,Section8Search: REDKEY APTS | Section8Search: WESTWIND APTS,public_housing_directory,https://section8search.org/indiana/redkey/redkey-apts/l9zy3lft472j07jdxwuo5rsb | https://section8search.org/indiana/redkey/westwind-apts/r13twhp0hxa6oui8dngrw2pe,exact_standardized_site,name_or_reporting_variant_same_physical_development,corroborates_all_listed_members_and_address,name_or_reporting_variant_same_physical_development
SAQ_0430,IN|1645 N MCCADE ST|RENSSELAER,MADISON COTTAGES OF RENSSELAER I | MADISON COTTAGES OF RENSSELAER II,phase_or_component_evidence,new_two_read_review,2026-08-11,2026-08-11,2026-08-11,public_directory_sitemap,https://section8search.org/sitemap.xml | https://affordablehousinghub.org/sitemap.xml,not_approved,FALSE,2,2,2,retain_each,retain_each,2,Section8Search: MADISON COTTAGES OF RENSSELAER I | Section8Search: MADISON COTTAGES OF RENSSELAER II,public_housing_directory,https://section8search.org/indiana/rensselaer/madison-cottages-of-rensselaer-i/cbotthx9lllk7089y4597q5f | https://section8search.org/indiana/rensselaer/madison-cottages-of-rensselaer-ii/fht0i81zbf4kr2q1t211611b,exact_standardized_site,distinct_phases_or_components_common_address,corroborates_all_listed_members_and_address,distinct_phases_or_components_common_address
SAQ_0431,IN|1017 ASPEN DR|SALEM,ASPEN MEADOWS I | ASPEN MEADOWS II,phase_or_component_evidence,new_two_read_review,2026-08-11,2026-08-11,2026-08-11,public_directory_sitemap,https://section8search.org/sitemap.xml | https://affordablehousinghub.org/sitemap.xml,not_approved,FALSE,2,2,2,retain_each,retain_each,2,Section8Search: ASPEN MEADOWS I | Section8Search: ASPEN MEADOWS II,public_housing_directory,https://section8search.org/indiana/salem/aspen-meadows-i/mncrok4bq3mfhito3jnsp6u8 | https://section8search.org/indiana/salem/aspen-meadows-ii/dnbsqqn7umk93i1hexjgugj1,exact_standardized_site,distinct_phases_or_components_common_address,corroborates_all_listed_members_and_address,distinct_phases_or_components_common_address
SAQ_0432,IN|919 LEWIS CREEK LN|SHELBYVILLE,LOPER COMMONS APTS I | LOPER COMMONS APTS II,phase_or_component_evidence,new_two_read_review,2026-08-11,2026-08-11,2026-08-11,public_directory_sitemap,https://section8search.org/sitemap.xml | https://affordablehousinghub.org/sitemap.xml,not_approved,FALSE,2,2,2,retain_each,retain_each,2,Section8Search: LOPER COMMONS APTS I | Section8Search: LOPER COMMONS APTS II,public_housing_directory,https://section8search.org/indiana/shelbyville/loper-commons-apts-i/qjdumwq489xngzu8qd1l4vus | https://section8search.org/indiana/shelbyville/loper-commons-apts-ii/gm1flbjb17nkj72dmj16twrr,exact_standardized_site,distinct_phases_or_components_common_address,corroborates_all_listed_members_and_address,distinct_phases_or_components_common_address
SAQ_0433,IN|23291 BELLEVILLE CIR|SOUTH BEND,ARBORS AT BELLEVILLE PARK I | ARBORS AT BELLEVILLE PARK II | ARBORS AT BELLEVILLE PARK III,phase_or_component_evidence,new_two_read_review,2026-08-11,2026-08-11,2026-08-11,public_directory_sitemap,https://section8search.org/sitemap.xml | https://affordablehousinghub.org/sitemap.xml,not_approved,FALSE,3,3,3,retain_each,retain_each,3,Section8Search: ARBORS AT BELLEVILLE PARK I | Section8Search: ARBORS AT BELLEVILLE PARK II | Section8Search: ARBORS AT BELLEVILLE PARK III,public_housing_directory,https://section8search.org/indiana/south-bend/arbors-at-belleville-park-i/jke9b5pd4tnapnu85qr5swyb | https://section8search.org/indiana/south-bend/arbors-at-belleville-park-ii/anp8wqb84lwow2hu1hzytbwc | https://section8search.org/indiana/south-bend/arbors-at-belleville-park-iii/ahll5ea88r2pj5tcd3cam974,exact_standardized_site,distinct_phases_or_components_common_address,corroborates_all_listed_members_and_address,distinct_phases_or_components_common_address
SAQ_0434,IN|2630 PRAIRIE AVE|SOUTH BEND,PRAIRIE APTS PHASE I | PRAIRIE APTS PHASE II,phase_or_component_evidence,new_two_read_review,2026-08-11,2026-08-11,2026-08-11,public_directory_sitemap,https://section8search.org/sitemap.xml | https://affordablehousinghub.org/sitemap.xml,not_approved,FALSE,2,2,2,retain_each,retain_each,2,Section8Search: PRAIRIE APTS PHASE I | Section8Search: PRAIRIE APTS PHASE II,public_housing_directory,https://section8search.org/indiana/south-bend/prairie-apts-phase-i/rwnqoumnfv0w9etk6ate8y93 | https://section8search.org/indiana/south-bend/prairie-apts-phase-ii/hvhkz0yq3eiclrav7908692s,exact_standardized_site,distinct_phases_or_components_common_address,corroborates_all_listed_members_and_address,distinct_phases_or_components_common_address
SAQ_0435,IN|1710 VALE PARK RD|VALPARAISO,HUNTER'S POINTE I | HUNTER'S POINTE II,phase_or_component_evidence,new_two_read_review,2026-08-11,2026-08-11,2026-08-11,focused_web_search,https://www.ci.valparaiso.in.us/DocumentCenter/View/8041/Valparaiso-Market-Analysis-Final,not_approved,FALSE,2,2,2,retain_each,retain_each,2,Valparaiso affordable-housing market analysis,municipal_record,https://www.ci.valparaiso.in.us/DocumentCenter/View/8041/Valparaiso-Market-Analysis-Final,manual_source_confirms_listed_address,distinct_phases_or_components_common_address,supports_retain_each,outside_source_confirms_distinct_phases_or_components
SAQ_0436,IN|2700 GLENEAGLES BLVD|VALPARAISO,MASTERS APTS I | MASTERS APTS II,phase_or_component_evidence,new_two_read_review,2026-08-11,2026-08-11,2026-08-11,public_directory_sitemap,https://section8search.org/sitemap.xml | https://affordablehousinghub.org/sitemap.xml,not_approved,FALSE,2,2,2,retain_each,retain_each,2,Section8Search: MASTERS APTS I | Section8Search: MASTERS APTS II,public_housing_directory,https://section8search.org/indiana/valparaiso/masters-apts-i/liq8szkpj0p54cm7xpye1r62 | https://section8search.org/indiana/valparaiso/masters-apts-ii/ht4ix8dohzce13wrpy82dq1s,exact_standardized_site,distinct_phases_or_components_common_address,corroborates_all_listed_members_and_address,distinct_phases_or_components_common_address
SAQ_0437,IN|100 ST AUGUSTINES DR|WARSAW,CANTERBURY HOUSE APTS I (WARSAW) | CANTERBURY HOUSE APTS II (WARSAW),phase_or_component_evidence,new_two_read_review,2026-08-11,2026-08-11,2026-08-11,public_directory_sitemap,https://section8search.org/sitemap.xml | https://affordablehousinghub.org/sitemap.xml,not_approved,FALSE,2,2,2,retain_each,retain_each,2,Section8Search: CANTERBURY HOUSE APTS I (WARSAW) | Section8Search: CANTERBURY HOUSE APTS II (WARSAW),public_housing_directory,https://section8search.org/indiana/warsaw/canterbury-house-apts-i-warsaw/nysx0fbt0vcz0bhwdnefy3en | https://section8search.org/indiana/warsaw/canterbury-house-apts-ii-warsaw/lw7fk450odqd1eae8uc2cbmi,exact_standardized_site,distinct_phases_or_components_common_address,corroborates_all_listed_members_and_address,distinct_phases_or_components_common_address
SAQ_0438,IN|25795 UNITY LN|WEST HARRISON,NORTH DEARBORN VILLAGE I APTS | NORTH DEARBORN VILLAGE II,shared_address_only,new_two_read_review,2026-08-11,2026-08-11,2026-08-11,public_directory_sitemap,https://section8search.org/sitemap.xml | https://affordablehousinghub.org/sitemap.xml,not_approved,FALSE,2,2,2,retain_each,retain_each,2,Section8Search: NORTH DEARBORN VILLAGE I APTS | Section8Search: NORTH DEARBORN VILLAGE II,public_housing_directory,https://section8search.org/indiana/west-harrison/north-dearborn-village-i-apts/txxwmagk5w4kgoefpisehghr | https://section8search.org/indiana/west-harrison/north-dearborn-village-ii/wnnhxyfgh19mox35e9v9o3kb,exact_standardized_site,shared_address_without_sufficient_identity_evidence,corroborates_all_listed_members_and_address,shared_address_without_sufficient_identity_evidence
SAQ_0439,KS|13132 KANSAS AVE|BONNER SPRINGS,BONNER HIGHLANDS APTS I | BONNER HIGHLANDS APTS II,phase_or_component_evidence,new_two_read_review,2026-08-11,2026-08-11,2026-08-11,public_directory_sitemap,https://section8search.org/sitemap.xml | https://affordablehousinghub.org/sitemap.xml,not_approved,FALSE,2,2,2,retain_each,retain_each,2,Affordable Housing Hub: BONNER HIGHLANDS APTS I | Section8Search: BONNER HIGHLANDS APTS II,public_housing_directory,https://affordablehousinghub.org/housing/kansas/wyandotte-county/bonner-springs/bonner-highlands-apts-i-9563-lihtc | https://section8search.org/kansas/bonner-springs/bonner-highlands-apts-ii/mrj5i6h2l4dharhgdkleza2y,address_not_extracted | exact_standardized_site,distinct_phases_or_components_common_address,corroborates_all_listed_members_and_address,distinct_phases_or_components_common_address
SAQ_0440,KS|511 COMMERCIAL ST|CARBONDALE,VALLEY VIEW VILLAGE APTS | VALLEY VIEW VILLAGE APTS IV,phase_or_component_evidence,new_two_read_review,2026-08-11,2026-08-11,2026-08-11,public_directory_sitemap,https://section8search.org/sitemap.xml | https://affordablehousinghub.org/sitemap.xml,not_approved,FALSE,2,2,2,retain_each,retain_each,2,Affordable Housing Hub: VALLEY VIEW VILLAGE APTS IV | Section8Search: VALLEY VIEW VILLAGE APTS,public_housing_directory,https://affordablehousinghub.org/housing/kansas/osage-county/carbondale/valley-view-village-apts-iv-8472-lihtc | https://section8search.org/kansas/carbondale/valley-view-village-apts/g01nlm7g0au7y3h9awb6xgii,address_not_extracted | exact_standardized_site,distinct_phases_or_components_common_address,corroborates_all_listed_members_and_address,distinct_phases_or_components_common_address
SAQ_0441,KS|31605 W 83RD CIR|DE SOTO,VALLEY SPRINGS SENIOR HOUSING I | VALLEY SPRINGS SENIOR HOUSING II,phase_or_component_evidence,new_two_read_review,2026-08-11,2026-08-11,2026-08-11,public_directory_sitemap,https://section8search.org/sitemap.xml | https://affordablehousinghub.org/sitemap.xml,not_approved,FALSE,2,2,2,retain_each,retain_each,2,Affordable Housing Hub: VALLEY SPRINGS SENIOR HOUSING II | Section8Search: VALLEY SPRINGS SENIOR HOUSING I,public_housing_directory,https://affordablehousinghub.org/housing/kansas/johnson-county/de-soto/valley-springs-senior-housing-ii-9309-lihtc | https://section8search.org/kansas/de-soto/valley-springs-senior-housing-i/ngzoa7hlszyj32i03zol9s4m,address_not_extracted | exact_standardized_site,distinct_phases_or_components_common_address,corroborates_all_listed_members_and_address,distinct_phases_or_components_common_address
SAQ_0442,KS|1804 E OSAGE RD|DERBY,SPRING CREEK APTS I | SPRING CREEK APTS II,phase_or_component_evidence,new_two_read_review,2026-08-11,2026-08-11,2026-08-11,public_directory_sitemap,https://section8search.org/sitemap.xml | https://affordablehousinghub.org/sitemap.xml,not_approved,FALSE,2,2,2,retain_each,retain_each,2,Section8Search: SPRING CREEK APTS I | Section8Search: SPRING CREEK APTS II,public_housing_directory,https://section8search.org/kansas/derby/spring-creek-apts-i/w0wzmu70tkbvulrxq8rukhle | https://section8search.org/kansas/derby/spring-creek-apts-ii/sg0wi2qxk414r4fscd6il4mo,exact_standardized_site,distinct_phases_or_components_common_address,corroborates_all_listed_members_and_address,distinct_phases_or_components_common_address
SAQ_0443,KS|925 SE RIVER RD|EL DORADO,WALNUT RIVER APTS PHASE I | WALNUT RIVER APTS PHASE II,phase_or_component_evidence,new_two_read_review,2026-08-11,2026-08-11,2026-08-11,public_directory_sitemap,https://section8search.org/sitemap.xml | https://affordablehousinghub.org/sitemap.xml,not_approved,FALSE,2,2,2,retain_each,retain_each,2,Affordable Housing Hub: WALNUT RIVER APTS PHASE II | Section8Search: WALNUT RIVER APTS PHASE I,public_housing_directory,https://affordablehousinghub.org/housing/kansas/butler-county/el-dorado/walnut-river-apts-phase-ii-10022-lihtc | https://section8search.org/kansas/el-dorado/walnut-river-apts-phase-i/xd95v2cdt0jnjtfaopgrki7q,address_not_extracted | exact_standardized_site,distinct_phases_or_components_common_address,corroborates_all_listed_members_and_address,distinct_phases_or_components_common_address
SAQ_0444,KS|3201 N CAMPUS DR|GARDEN CITY,THE RESERVES AT PRAIRIE RIDGE I | THE RESERVES AT PRAIRIE RIDGE II,phase_or_component_evidence,new_two_read_review,2026-08-11,2026-08-11,2026-08-11,public_directory_sitemap,https://section8search.org/sitemap.xml | https://affordablehousinghub.org/sitemap.xml,not_approved,FALSE,2,2,2,retain_each,retain_each,2,Affordable Housing Hub: THE RESERVES AT PRAIRIE RIDGE I | Section8Search: THE RESERVES AT PRAIRIE RIDGE II,public_housing_directory,https://affordablehousinghub.org/housing/kansas/finney-county/garden-city/the-reserves-at-prairie-ridge-i-9219-lihtc | https://section8search.org/kansas/garden-city/the-reserves-at-prairie-ridge-ii/vo3vnepj0ge4hyh3gky4arnd,address_not_extracted | exact_standardized_site,distinct_phases_or_components_common_address,corroborates_all_listed_members_and_address,distinct_phases_or_components_common_address
SAQ_0445,KS|2314 31ST ST|GREAT BEND,WALNUT CREEK APTS | WALNUT GLENN APTS,name_or_timing_evidence,new_two_read_review,2026-08-11,2026-08-11,2026-08-11,public_directory_sitemap,https://section8search.org/sitemap.xml | https://affordablehousinghub.org/sitemap.xml,not_approved,FALSE,2,1,1,merge_all,merge_all,2,Section8Search: WALNUT CREEK APTS | Section8Search: WALNUT GLENN APTS,public_housing_directory,https://section8search.org/kansas/great-bend/walnut-creek-apts/k1aprjwngbswkhpou47yfuaa | https://section8search.org/kansas/great-bend/walnut-glenn-apts/dm71qpxnnooi63jnhub33dyy,exact_standardized_site,name_or_reporting_variant_same_physical_development,corroborates_all_listed_members_and_address,name_or_reporting_variant_same_physical_development
SAQ_0446,KS|1311 E 33RD ST|HAYS,SUNDANCE OF HAYS I | SUNDANCE OF HAYS II,phase_or_component_evidence,new_two_read_review,2026-08-11,2026-08-11,2026-08-11,public_directory_sitemap,https://section8search.org/sitemap.xml | https://affordablehousinghub.org/sitemap.xml,not_approved,FALSE,2,2,2,retain_each,retain_each,2,Affordable Housing Hub: SUNDANCE OF HAYS I | Section8Search: SUNDANCE OF HAYS II,public_housing_directory,https://affordablehousinghub.org/housing/kansas/ellis-county/hays/sundance-of-hays-i-10165-lihtc | https://section8search.org/kansas/hays/sundance-of-hays-ii/o0ck6as1lhcwiw7nrnwdvbzt,address_not_extracted | exact_standardized_site,distinct_phases_or_components_common_address,corroborates_all_listed_members_and_address,distinct_phases_or_components_common_address
SAQ_0447,KS|1129 E 33RD AVE|HUTCHINSON,EVERGREEN PARK TOWNHOMES | EVERGREEN PARK TOWNHOMES PHASE II,shared_address_only,new_two_read_review,2026-08-11,2026-08-11,2026-08-11,public_directory_sitemap,https://section8search.org/sitemap.xml | https://affordablehousinghub.org/sitemap.xml,not_approved,FALSE,2,2,2,retain_each,retain_each,2,Section8Search: EVERGREEN PARK TOWNHOMES | Section8Search: EVERGREEN PARK TOWNHOMES PHASE II,public_housing_directory,https://section8search.org/kansas/hutchinson/evergreen-park-townhomes-phase-ii/pjspv4rt9rqd2ri2lebyzfjo | https://section8search.org/kansas/hutchinson/evergreen-park-townhomes/j8ddsvx22521kplpd5qxcqmq,exact_standardized_site,shared_address_without_sufficient_identity_evidence,corroborates_all_listed_members_and_address,shared_address_without_sufficient_identity_evidence
SAQ_0448,KS|1300 E 33RD AVE|HUTCHINSON,PRAIRIE VILLAGE RESIDENCES I | PRAIRIE VILLAGE RESIDENCES II | PRAIRIE VILLAGE RESIDENCES III,phase_or_component_evidence,new_two_read_review,2026-08-11,2026-08-11,2026-08-11,public_directory_sitemap,https://section8search.org/sitemap.xml | https://affordablehousinghub.org/sitemap.xml,not_approved,FALSE,3,3,3,retain_each,retain_each,3,Affordable Housing Hub: PRAIRIE VILLAGE RESIDENCES II | Affordable Housing Hub: PRAIRIE VILLAGE RESIDENCES III | Section8Search: PRAIRIE VILLAGE RESIDENCES I,public_housing_directory,https://affordablehousinghub.org/housing/kansas/reno-county/hutchinson/prairie-village-residences-ii-9555-lihtc | https://affordablehousinghub.org/housing/kansas/reno-county/hutchinson/prairie-village-residences-iii-9910-lihtc | https://section8search.org/kansas/hutchinson/prairie-village-residences-i/znjangoqc1hfbdzgv3oazs2r,address_not_extracted | exact_standardized_site,distinct_phases_or_components_common_address,corroborates_all_listed_members_and_address,distinct_phases_or_components_common_address
SAQ_0449,KS|2610 STRAUSS BLVD|JUNCTION CITY,HICKORY HILLS RESIDENCES I | HICKORY HILLS RESIDENCES II,phase_or_component_evidence,new_two_read_review,2026-08-11,2026-08-11,2026-08-11,public_directory_sitemap,https://section8search.org/sitemap.xml | https://affordablehousinghub.org/sitemap.xml,not_approved,FALSE,2,2,2,retain_each,retain_each,2,Affordable Housing Hub: HICKORY HILLS RESIDENCES I | Affordable Housing Hub: HICKORY HILLS RESIDENCES II,public_housing_directory,https://affordablehousinghub.org/housing/kansas/geary-county/junction-city/hickory-hills-residences-i-9108-lihtc | https://affordablehousinghub.org/housing/kansas/geary-county/junction-city/hickory-hills-residences-ii-9191-lihtc,address_not_extracted,distinct_phases_or_components_common_address,corroborates_all_listed_members_and_address,distinct_phases_or_components_common_address
SAQ_0450,KS|104 HAROLD BLVD|LIBERAL,WESTKAN APTS III | WESTKAN APTS IV,shared_address_only,new_two_read_review,2026-08-11,2026-08-11,2026-08-11,public_directory_sitemap,https://section8search.org/sitemap.xml | https://affordablehousinghub.org/sitemap.xml,not_approved,FALSE,2,2,2,retain_each,retain_each,2,Section8Search: WESTKAN APTS III | Section8Search: WESTKAN APTS IV,public_housing_directory,https://section8search.org/kansas/liberal/westkan-apts-iii/kgyqgg5qmos4961mxah2ff0c | https://section8search.org/kansas/liberal/westkan-apts-iv/zxo75ni22g7nn0xb2fwikoiq,exact_standardized_site,shared_address_without_sufficient_identity_evidence,corroborates_all_listed_members_and_address,shared_address_without_sufficient_identity_evidence
SAQ_0451,KS|5050 N MAIZE RD|MAIZE,FIELDSTONE APTS PHASE I | FIELDSTONE APTS PHASE II | FIELDSTONE APTS PHASE III,phase_or_component_evidence,new_two_read_review,2026-08-11,2026-08-11,2026-08-11,public_directory_sitemap,https://section8search.org/sitemap.xml | https://affordablehousinghub.org/sitemap.xml,not_approved,FALSE,3,3,3,retain_each,retain_each,3,Affordable Housing Hub: FIELDSTONE APTS PHASE III | Section8Search: FIELDSTONE APTS PHASE I | Section8Search: FIELDSTONE APTS PHASE II,public_housing_directory,https://affordablehousinghub.org/housing/kansas/sedgwick-county/maize/fieldstone-apts-phase-iii-9190-lihtc | https://section8search.org/kansas/maize/fieldstone-apts-phase-i/a3zfuyxf68h9q2pwtides3ke | https://section8search.org/kansas/maize/fieldstone-apts-phase-ii/fjmraoh6ke9h8ahi9p3g3kw7,address_not_extracted | exact_standardized_site,distinct_phases_or_components_common_address,corroborates_all_listed_members_and_address,distinct_phases_or_components_common_address
SAQ_0452,KS|1300 E MARLATT AVE|MANHATTAN,COUNTRY MEADOW RESIDENCES | TUTTLE CREEK RESIDENCES,shared_address_only,new_two_read_review,2026-08-11,2026-08-11,2026-08-11,public_directory_sitemap,https://section8search.org/sitemap.xml | https://affordablehousinghub.org/sitemap.xml,not_approved,FALSE,2,2,2,retain_each,retain_each,2,Affordable Housing Hub: TUTTLE CREEK RESIDENCES | Section8Search: COUNTRY MEADOW RESIDENCES,public_housing_directory,https://affordablehousinghub.org/housing/kansas/riley-county/manhattan/tuttle-creek-residences-8556-lihtc | https://section8search.org/kansas/manhattan/country-meadow-residences/f9sqggurk8ufkt7vxdr3n86m,address_not_extracted | exact_standardized_site,shared_address_without_sufficient_identity_evidence,corroborates_all_listed_members_and_address,shared_address_without_sufficient_identity_evidence
SAQ_0453,KS|1339 FLINT HILLS PL|MANHATTAN,FLINT HILLS REHAB | GARDENS AT FLINT HILLS,shared_address_only,new_two_read_review,2026-08-11,2026-08-11,2026-08-11,public_directory_sitemap,https://section8search.org/sitemap.xml | https://affordablehousinghub.org/sitemap.xml,not_approved,FALSE,2,2,2,retain_each,retain_each,2,Affordable Housing Hub: FLINT HILLS REHAB | Affordable Housing Hub: GARDENS AT FLINT HILLS,public_housing_directory,https://affordablehousinghub.org/housing/kansas/riley-county/manhattan/flint-hills-rehab-10092-lihtc | https://affordablehousinghub.org/housing/kansas/riley-county/manhattan/gardens-at-flint-hills-10146-lihtc,address_not_extracted,shared_address_without_sufficient_identity_evidence,corroborates_all_listed_members_and_address,shared_address_without_sufficient_identity_evidence
SAQ_0454,KS|1501 OLD MAIN ST|NEWTON,MEADOWBROOK APTS | SOUTH PARK APTS II,shared_address_only,new_two_read_review,2026-08-11,2026-08-11,2026-08-11,public_directory_sitemap,https://section8search.org/sitemap.xml | https://affordablehousinghub.org/sitemap.xml,not_approved,FALSE,2,2,2,retain_each,retain_each,2,Affordable Housing Hub: SOUTH PARK APTS II | Section8Search: MEADOWBROOK APTS,public_housing_directory,https://affordablehousinghub.org/housing/kansas/harvey-county/newton/south-park-apts-ii-10000-lihtc | https://section8search.org/kansas/newton/meadowbrook-apts/mqtrb8l8vqq5qqualu6ypiht,address_not_extracted | exact_standardized_site,shared_address_without_sufficient_identity_evidence,corroborates_all_listed_members_and_address,shared_address_without_sufficient_identity_evidence
SAQ_0455,KS|16615 W 139TH ST|OLATHE,TERRACE APTS | TORRIES CHASE,shared_address_only,new_two_read_review,2026-08-11,2026-08-11,2026-08-11,public_directory_sitemap,https://section8search.org/sitemap.xml | https://affordablehousinghub.org/sitemap.xml,not_approved,FALSE,2,2,2,retain_each,retain_each,2,Affordable Housing Hub: TORRIES CHASE | Section8Search: TERRACE APTS,public_housing_directory,https://affordablehousinghub.org/housing/kansas/johnson-county/olathe/torries-chase-9991-lihtc | https://section8search.org/kansas/olathe/terrace-apts/hsvto377715nz6pqxvvkop75,address_not_extracted | exact_standardized_site,shared_address_without_sufficient_identity_evidence,corroborates_all_listed_members_and_address,shared_address_without_sufficient_identity_evidence
SAQ_0456,KS|1601 S HICKORY ST|OTTAWA,HIDDEN MEADOWS I | HIDDEN MEADOWS II,phase_or_component_evidence,new_two_read_review,2026-08-11,2026-08-11,2026-08-11,public_directory_sitemap,https://section8search.org/sitemap.xml | https://affordablehousinghub.org/sitemap.xml,not_approved,FALSE,2,2,2,retain_each,retain_each,2,Section8Search: HIDDEN MEADOWS I | Section8Search: HIDDEN MEADOWS II,public_housing_directory,https://section8search.org/kansas/ottawa/hidden-meadows-i/e3q8897mt9setig3788c109g | https://section8search.org/kansas/ottawa/hidden-meadows-ii/v29p3z51t95wt61px7afzexs,exact_standardized_site,distinct_phases_or_components_common_address,corroborates_all_listed_members_and_address,distinct_phases_or_components_common_address
SAQ_0457,KS|4616 N HYDRAULIC ST|PARK CITY,COUNTRY PARK RESIDENCES I | COUNTRY PARK RESIDENCES II,phase_or_component_evidence,new_two_read_review,2026-08-11,2026-08-11,2026-08-11,public_directory_sitemap,https://section8search.org/sitemap.xml | https://affordablehousinghub.org/sitemap.xml,not_approved,FALSE,2,2,2,retain_each,retain_each,2,Section8Search: COUNTRY PARK RESIDENCES I | Section8Search: COUNTRY PARK RESIDENCES II,public_housing_directory,https://section8search.org/kansas/park-city/country-park-residences-i/jn0fr7g4ih5vw6dij1cv6okr | https://section8search.org/kansas/park-city/country-park-residences-ii/xmnewnj2z0b52upfem4qkkql,exact_standardized_site,distinct_phases_or_components_common_address,corroborates_all_listed_members_and_address,distinct_phases_or_components_common_address
SAQ_0458,KS|2363 CHAPEL RIDGE PL|SALINA,SALINA CHAPEL RIDGE APTS I | SALINA CHAPEL RIDGE APTS II,phase_or_component_evidence,new_two_read_review,2026-08-11,2026-08-11,2026-08-11,public_directory_sitemap,https://section8search.org/sitemap.xml | https://affordablehousinghub.org/sitemap.xml,not_approved,FALSE,2,2,2,retain_each,retain_each,2,Section8Search: SALINA CHAPEL RIDGE APTS I | Section8Search: SALINA CHAPEL RIDGE APTS II,public_housing_directory,https://section8search.org/kansas/salina/salina-chapel-ridge-apts-i/i7zfcu1jicb9uc7jm1woui6z | https://section8search.org/kansas/salina/salina-chapel-ridge-apts-ii/gmkxdy3gt060lj3d3x1benqn,exact_standardized_site,distinct_phases_or_components_common_address,corroborates_all_listed_members_and_address,distinct_phases_or_components_common_address
SAQ_0459,KS|2515 S OHIO ST|SALINA,THE RESERVES AT PRAIRIE GLEN I | THE RESERVES AT PRAIRIE GLEN II,phase_or_component_evidence,new_two_read_review,2026-08-11,2026-08-11,2026-08-11,public_directory_sitemap,https://section8search.org/sitemap.xml | https://affordablehousinghub.org/sitemap.xml,not_approved,FALSE,2,2,2,retain_each,retain_each,2,Section8Search: THE RESERVES AT PRAIRIE GLEN I | Section8Search: THE RESERVES AT PRAIRIE GLEN II,public_housing_directory,https://section8search.org/kansas/salina/the-reserves-at-prairie-glen-i/kd9ybfd9mvpi8ym4ovnaqwmk | https://section8search.org/kansas/salina/the-reserves-at-prairie-glen-ii/ip67xchwhvw6ttx3e91f5z6s,exact_standardized_site,distinct_phases_or_components_common_address,corroborates_all_listed_members_and_address,distinct_phases_or_components_common_address
SAQ_0460,KS|2744 SW VILLA W DR|TOPEKA,VILLA WEST APTS I | VILLA WEST APTS II | VILLA WEST APTS III | VILLA WEST APTS IV,phase_or_component_evidence,new_two_read_review,2026-08-11,2026-08-11,2026-08-11,public_directory_sitemap,https://section8search.org/sitemap.xml | https://affordablehousinghub.org/sitemap.xml,not_approved,FALSE,4,4,4,retain_each,retain_each,4,Section8Search: VILLA WEST APTS I | Section8Search: VILLA WEST APTS II | Section8Search: VILLA WEST APTS III | Section8Search: VILLA WEST APTS IV,public_housing_directory,https://section8search.org/kansas/topeka/villa-west-apts-i/uoiflijl5l6o7sqxj5xxb8u4 | https://section8search.org/kansas/topeka/villa-west-apts-ii/lcvi8e2kcx9qs3m38ah3qzbo | https://section8search.org/kansas/topeka/villa-west-apts-iii/c0zaq3lsz7qf2xhlo8v2usbt | https://section8search.org/kansas/topeka/villa-west-apts-iv/widbncrlqfzz31l3qev7bfj9,exact_standardized_site,distinct_phases_or_components_common_address,corroborates_all_listed_members_and_address,distinct_phases_or_components_common_address
SAQ_0461,KS|3600 SW GAGE BLVD|TOPEKA,ROSEHILL APTS I | ROSEHILL APTS II,phase_or_component_evidence,new_two_read_review,2026-08-11,2026-08-11,2026-08-11,public_directory_sitemap,https://section8search.org/sitemap.xml | https://affordablehousinghub.org/sitemap.xml,not_approved,FALSE,2,2,2,retain_each,retain_each,2,Affordable Housing Hub: ROSEHILL APTS II | Section8Search: ROSEHILL APTS I,public_housing_directory,https://affordablehousinghub.org/housing/kansas/shawnee-county/topeka/rosehill-apts-ii-10089-lihtc | https://section8search.org/kansas/topeka/rosehill-apts-i/th7blqgdlka13y1a4tnbozb0,address_not_extracted | exact_standardized_site,distinct_phases_or_components_common_address,corroborates_all_listed_members_and_address,distinct_phases_or_components_common_address
SAQ_0462,KS|4800 NW FIELDING PL|TOPEKA,NORTHROCK APTS I | NORTHROCK APTS II | NORTHROCK APTS III,phase_or_component_evidence,new_two_read_review,2026-08-11,2026-08-11,2026-08-11,public_directory_sitemap,https://section8search.org/sitemap.xml | https://affordablehousinghub.org/sitemap.xml,not_approved,FALSE,3,3,3,retain_each,retain_each,3,Affordable Housing Hub: NORTHROCK APTS I | Affordable Housing Hub: NORTHROCK APTS II | Section8Search: NORTHROCK APTS III,public_housing_directory,https://affordablehousinghub.org/housing/kansas/shawnee-county/topeka/northrock-apts-i-9888-lihtc | https://affordablehousinghub.org/housing/kansas/shawnee-county/topeka/northrock-apts-ii-10052-lihtc | https://section8search.org/kansas/topeka/northrock-apts-iii/tj1vy3wwl6tajplfcek09cqu,address_not_extracted | exact_standardized_site,distinct_phases_or_components_common_address,corroborates_all_listed_members_and_address,distinct_phases_or_components_common_address
SAQ_0463,KS|5201 SW 34TH ST|TOPEKA,SOUTHBROOK VILLAGE | SOUTHBROOK VILLAGE II | SOUTHBROOK VILLAGE IIIA | SOUTHBROOK VILLAGE IIIB,phase_or_component_evidence,new_two_read_review,2026-08-11,2026-08-11,2026-08-11,public_directory_sitemap,https://section8search.org/sitemap.xml | https://affordablehousinghub.org/sitemap.xml,not_approved,FALSE,4,4,4,retain_each,retain_each,4,Section8Search: SOUTHBROOK VILLAGE | Section8Search: SOUTHBROOK VILLAGE II | Section8Search: SOUTHBROOK VILLAGE IIIA | Section8Search: SOUTHBROOK VILLAGE IIIB,public_housing_directory,https://section8search.org/kansas/topeka/southbrook-village-ii/q77edf28ba4a7h7m4vinosra | https://section8search.org/kansas/topeka/southbrook-village-iiia/e3pvtlqavdp4hem4dsyrmw1w | https://section8search.org/kansas/topeka/southbrook-village-iiib/dr3s7cyqjt2cu7f1703ftj75 | https://section8search.org/kansas/topeka/southbrook-village/o635ngrxpx0c98kfci6izltk,exact_standardized_site,distinct_phases_or_components_common_address,corroborates_all_listed_members_and_address,distinct_phases_or_components_common_address
SAQ_0464,KS|440 N EMPORIA AVE|VALLEY CENTER,SUNFLOWER GARDENS | SUNFLOWER GARDENS PHASE II,shared_address_only,new_two_read_review,2026-08-11,2026-08-11,2026-08-11,public_directory_sitemap,https://section8search.org/sitemap.xml | https://affordablehousinghub.org/sitemap.xml,not_approved,FALSE,2,2,2,retain_each,retain_each,2,Affordable Housing Hub: SUNFLOWER GARDENS PHASE II | Section8Search: SUNFLOWER GARDENS,public_housing_directory,https://affordablehousinghub.org/housing/kansas/sedgwick-county/valley-center/sunflower-gardens-phase-ii-8315-lihtc | https://section8search.org/kansas/valley-center/sunflower-gardens/s4wni8ahfym3ees269hb1ih3,address_not_extracted | exact_standardized_site,shared_address_without_sufficient_identity_evidence,corroborates_all_listed_members_and_address,shared_address_without_sufficient_identity_evidence
SAQ_0465,KS|1146 N TOPEKA ST|WICHITA,HOPE PROPERTIES III | MULLEN COURT,phase_or_component_evidence,new_two_read_review,2026-08-11,2026-08-11,2026-08-11,public_directory_sitemap,https://section8search.org/sitemap.xml | https://affordablehousinghub.org/sitemap.xml,not_approved,FALSE,2,2,2,retain_each,retain_each,2,Affordable Housing Hub: HOPE PROPERTIES III | Section8Search: MULLEN COURT,public_housing_directory,https://affordablehousinghub.org/housing/kansas/sedgwick-county/wichita/hope-properties-iii-9956-lihtc | https://section8search.org/kansas/wichita/mullen-court/x5m4qm9036iu7sr4x6am9g5k,address_not_extracted | exact_standardized_site,distinct_phases_or_components_common_address,corroborates_all_listed_members_and_address,distinct_phases_or_components_common_address
SAQ_0466,KS|1537 S BATTIN ST|WICHITA,PINECREST VILLAGE I | PINECREST VILLAGE II (WICHITA),shared_address_only,new_two_read_review,2026-08-11,2026-08-11,2026-08-11,public_directory_sitemap,https://section8search.org/sitemap.xml | https://affordablehousinghub.org/sitemap.xml,not_approved,FALSE,2,2,2,retain_each,retain_each,2,Affordable Housing Hub: PINECREST VILLAGE I | Section8Search: PINECREST VILLAGE II (WICHITA),public_housing_directory,https://affordablehousinghub.org/housing/kansas/sedgwick-county/wichita/pinecrest-village-i-10044-lihtc | https://section8search.org/kansas/wichita/pinecrest-village-ii-wichita/o4c5ykjcov41o72qle3d2d3a,address_not_extracted | exact_standardized_site,shared_address_without_sufficient_identity_evidence,corroborates_all_listed_members_and_address,shared_address_without_sufficient_identity_evidence
SAQ_0467,KS|2613 E HARRY ST|WICHITA,WILLIAMSBURG RESIDENTIAL I | WILLIAMSBURG RESIDENTIAL II,phase_or_component_evidence,new_two_read_review,2026-08-11,2026-08-11,2026-08-11,public_directory_sitemap,https://section8search.org/sitemap.xml | https://affordablehousinghub.org/sitemap.xml,not_approved,FALSE,2,2,2,retain_each,retain_each,2,Affordable Housing Hub: WILLIAMSBURG RESIDENTIAL I | Section8Search: WILLIAMSBURG RESIDENTIAL II,public_housing_directory,https://affordablehousinghub.org/housing/kansas/sedgwick-county/wichita/williamsburg-residential-i-8530-lihtc | https://section8search.org/kansas/wichita/williamsburg-residential-ii/cyk6342vc4jhpzmxmaam1z8u,address_not_extracted | exact_standardized_site,distinct_phases_or_components_common_address,corroborates_all_listed_members_and_address,distinct_phases_or_components_common_address
SAQ_0468,KS|7750 E 32ND ST N|WICHITA,CROSS CREEK APART I | CROSS CREEK APART II | CROSS CREEK APART III | CROSS CREEK IV | CROSS CREEK V,phase_or_component_evidence,new_two_read_review,2026-08-11,2026-08-11,2026-08-11,public_directory_sitemap,https://section8search.org/sitemap.xml | https://affordablehousinghub.org/sitemap.xml,not_approved,FALSE,5,5,5,retain_each,retain_each,5,Affordable Housing Hub: CROSS CREEK V | Section8Search: CROSS CREEK APART I | Section8Search: CROSS CREEK APART II | Section8Search: CROSS CREEK APART III | Section8Search: CROSS CREEK IV,public_housing_directory,https://affordablehousinghub.org/housing/kansas/sedgwick-county/wichita/cross-creek-v-10178-lihtc | https://section8search.org/kansas/wichita/cross-creek-apart-i/uqamsz9ijqqxvifzt7jkoeun | https://section8search.org/kansas/wichita/cross-creek-apart-ii/ux2413rveavfuctbg5jaqaqq | https://section8search.org/kansas/wichita/cross-creek-apart-iii/brjjh2jzn4byx1bpnwjcrjhh | https://section8search.org/kansas/wichita/cross-creek-iv/ak1c856y911l568jc5bwoypz,address_not_extracted | exact_standardized_site,distinct_phases_or_components_common_address,corroborates_all_listed_members_and_address,distinct_phases_or_components_common_address
SAQ_0469,KS|8626 W WESTLAWN CIR|WICHITA,BERKSHIRE APTS III | BERKSHIRE APTS IV,shared_address_only,new_two_read_review,2026-08-11,2026-08-11,2026-08-11,public_directory_sitemap,https://section8search.org/sitemap.xml | https://affordablehousinghub.org/sitemap.xml,not_approved,FALSE,2,2,2,retain_each,retain_each,2,Section8Search: BERKSHIRE APTS III | Section8Search: BERKSHIRE APTS IV,public_housing_directory,https://section8search.org/kansas/wichita/berkshire-apts-iii/f7a7ol1corfv6xrlbs6nqq28 | https://section8search.org/kansas/wichita/berkshire-apts-iv/xuob20j3vamlnvappawzcceh,exact_standardized_site,shared_address_without_sufficient_identity_evidence,corroborates_all_listed_members_and_address,shared_address_without_sufficient_identity_evidence
SAQ_0470,KS|8820 W WESTLAWN ST|WICHITA,BERKSHIRE APTS I | BERKSHIRE APTS II,phase_or_component_evidence,new_two_read_review,2026-08-11,2026-08-11,2026-08-11,public_directory_sitemap,https://section8search.org/sitemap.xml | https://affordablehousinghub.org/sitemap.xml,not_approved,FALSE,2,2,2,retain_each,retain_each,2,Section8Search: BERKSHIRE APTS I | Section8Search: BERKSHIRE APTS II,public_housing_directory,https://section8search.org/kansas/wichita/berkshire-apts-i/f5ehmu5xpw75hbrfiay5117u | https://section8search.org/kansas/wichita/berkshire-apts-ii/j6lu33rjkuz7w3v38rnne0cr,exact_standardized_site,distinct_phases_or_components_common_address,corroborates_all_listed_members_and_address,distinct_phases_or_components_common_address
SAQ_0471,LA|22516 HWY 36|ABITA SPRINGS,ABITA EAST APARTMENTS | ABITA EAST APTS,name_or_timing_evidence,new_two_read_review,2026-08-11,2026-08-11,2026-08-11,public_directory_sitemap,https://section8search.org/sitemap.xml | https://affordablehousinghub.org/sitemap.xml,not_approved,FALSE,2,1,1,merge_all,merge_all,2,Section8Search: ABITA EAST APARTMENTS | Section8Search: ABITA EAST APTS,public_housing_directory,https://section8search.org/louisiana/abita-springs/abita-east-apartments/g5ry1dt9uxhztb2pejlqfyyc | https://section8search.org/louisiana/abita-springs/abita-east-apts/f1t7qzm7gr9f6v8tfy3c7yla,address_not_extracted | city_state_only,name_or_reporting_variant_same_physical_development,corroborates_all_listed_members_and_address,name_or_reporting_variant_same_physical_development
SAQ_0472,LA|300 RIVER BEND DR|ALEXANDRIA,PIN OAK CROSSING | RIVER BEND SUBDIVISION | RIVER BEND SUBDIVISION II | RIVER BEND SUBDIVISION III | SILVER LEAF ESTATES,phase_or_component_evidence,new_two_read_review,2026-08-11,2026-08-11,2026-08-11,focused_web_search,https://www.lhc.la.gov/hubfs/Document%20Libraries/Housing%20Development/Funding%20Opportunities/Funding%20Archives/Awards%20List/2006LIHTC1stRoundAwardsList.pdf,not_approved,FALSE,5,5,5,retain_each,retain_each,2,Louisiana Housing Finance Agency 2006 award list,allocating_agency,https://www.lhc.la.gov/hubfs/Document%20Libraries/Housing%20Development/Funding%20Opportunities/Funding%20Archives/Awards%20List/2006LIHTC1stRoundAwardsList.pdf,manual_source_confirms_listed_address,distinct_phases_or_components_common_address,supports_retain_each,outside_source_confirms_distinct_phases_or_components
SAQ_0473,LA|5759 HARRIS DR|ALEXANDRIA,LAWSON HEIGHTS I | LAWSON HEIGHTS II APARTMENTS,phase_or_component_evidence,new_two_read_review,2026-08-11,2026-08-11,2026-08-11,public_directory_sitemap,https://section8search.org/sitemap.xml | https://affordablehousinghub.org/sitemap.xml,not_approved,FALSE,2,2,2,retain_each,retain_each,2,Section8Search: LAWSON HEIGHTS I | Section8Search: LAWSON HEIGHTS II APARTMENTS,public_housing_directory,https://section8search.org/louisiana/alexandria/lawson-heights-i/s2r5yt45exibzf5rvjnxzfnn | https://section8search.org/louisiana/alexandria/lawson-heights-ii-apartments/aqeikw68xxiypei30sklbrj1,city_state_only,distinct_phases_or_components_common_address,corroborates_all_listed_members_and_address,distinct_phases_or_components_common_address
SAQ_0474,LA|10210 AVE L|BATON ROUGE,HUDSON SQUARE APARTMENTS | HUDSON SQUARE APTS,name_or_timing_evidence,new_two_read_review,2026-08-11,2026-08-11,2026-08-11,public_directory_sitemap,https://section8search.org/sitemap.xml | https://affordablehousinghub.org/sitemap.xml,not_approved,FALSE,2,1,1,merge_all,merge_all,2,Section8Search: HUDSON SQUARE APARTMENTS | Section8Search: HUDSON SQUARE APTS,public_housing_directory,https://section8search.org/louisiana/baton-rouge/hudson-square-apartments/mqwvlrak5ufay0swdmdd0gbq | https://section8search.org/louisiana/baton-rouge/hudson-square-apts/cc2zeov908ddjaq9sbgxvygh,city_state_only | exact_standardized_site,name_or_reporting_variant_same_physical_development,corroborates_all_listed_members_and_address,name_or_reporting_variant_same_physical_development
SAQ_0475,LA|12400 JEFFERSON HWY|BATON ROUGE,JEFFERSON LAKES I APARTMENTS | JEFFERSON LAKES II  APARTMENTS,phase_or_component_evidence,new_two_read_review,2026-08-11,2026-08-11,2026-08-11,public_directory_sitemap,https://section8search.org/sitemap.xml | https://affordablehousinghub.org/sitemap.xml,not_approved,FALSE,2,2,2,retain_each,retain_each,2,Section8Search: JEFFERSON LAKES I APARTMENTS | Section8Search: JEFFERSON LAKES II  APARTMENTS,public_housing_directory,https://section8search.org/louisiana/baton-rouge/jefferson-lakes-i-apartments/dfwy30hmzd4b6imo2tlem9vj | https://section8search.org/louisiana/baton-rouge/jefferson-lakes-ii-apartments/zjrsai1xkt6jagzw1ya07g60,city_state_only | exact_standardized_site,distinct_phases_or_components_common_address,corroborates_all_listed_members_and_address,distinct_phases_or_components_common_address
SAQ_0476,LA|16441 S HARRELL S FERRY RD|BATON ROUGE,ST JEAN I | ST JEAN II,phase_or_component_evidence,new_two_read_review,2026-08-11,2026-08-11,2026-08-11,public_directory_sitemap,https://section8search.org/sitemap.xml | https://affordablehousinghub.org/sitemap.xml,not_approved,FALSE,2,2,2,retain_each,retain_each,2,Section8Search: ST JEAN I | Section8Search: ST JEAN II,public_housing_directory,https://section8search.org/louisiana/baton-rouge/st-jean-i/edhqufkthu5a962o4kypq9ib | https://section8search.org/louisiana/baton-rouge/st-jean-ii/y4l4fhtpn09y70dyn7dpnnsx,city_state_only,distinct_phases_or_components_common_address,corroborates_all_listed_members_and_address,distinct_phases_or_components_common_address
SAQ_0477,LA|1854 N ST|BATON ROUGE,BELT LINE TOWNHOMES (FORMERLY GCHP-MIDCITY) | THE CORONA (FORMERLY 1854 NORTH STREET),shared_address_only,new_two_read_review,2026-08-11,2026-08-11,2026-08-11,public_directory_sitemap,https://section8search.org/sitemap.xml | https://affordablehousinghub.org/sitemap.xml,not_approved,FALSE,2,2,2,retain_each,retain_each,2,Affordable Housing Hub: BELT LINE TOWNHOMES (FORMERLY GCHP-MIDCITY) | Section8Search: THE CORONA (FORMERLY 1854 NORTH STREET),public_housing_directory,https://affordablehousinghub.org/housing/louisiana/east-baton-rouge-county/baton-rouge/belt-line-townhomes-formerly-gchp-midcity-11095-lihtc | https://section8search.org/louisiana/baton-rouge/the-corona-formerly-1854-north-street/akne69xb25iyxz3ro3n0do5q,address_not_extracted | city_state_only,shared_address_without_sufficient_identity_evidence,corroborates_all_listed_members_and_address,shared_address_without_sufficient_identity_evidence
SAQ_0478,LA|2121 N LOBDELL BLVD|BATON ROUGE,PELICAN BAY I | PELICAN BAY II | PELICAN BAY III,phase_or_component_evidence,new_two_read_review,2026-08-11,2026-08-11,2026-08-11,public_directory_sitemap,https://section8search.org/sitemap.xml | https://affordablehousinghub.org/sitemap.xml,not_approved,FALSE,3,3,3,retain_each,retain_each,3,Section8Search: PELICAN BAY I | Section8Search: PELICAN BAY II | Section8Search: PELICAN BAY III,public_housing_directory,https://section8search.org/louisiana/baton-rouge/pelican-bay-i/xyhk976jxdmwbslpyhm25qr6 | https://section8search.org/louisiana/baton-rouge/pelican-bay-ii/bqxiass30alhn6yq27os64kw | https://section8search.org/louisiana/baton-rouge/pelican-bay-iii/cwsk5udnwnba9ark405k4yxr,exact_standardized_site,distinct_phases_or_components_common_address,corroborates_all_listed_members_and_address,distinct_phases_or_components_common_address
SAQ_0479,LA|605 N 33RD ST|BATON ROUGE,RESTORATION BATON ROUGE 2002 | RESTORATION BATON ROUGE I,shared_address_only,new_two_read_review,2026-08-11,2026-08-11,2026-08-11,public_directory_sitemap,https://section8search.org/sitemap.xml | https://affordablehousinghub.org/sitemap.xml,not_approved,FALSE,2,2,2,retain_each,retain_each,2,Section8Search: RESTORATION BATON ROUGE 2002 | Section8Search: RESTORATION BATON ROUGE I,public_housing_directory,https://section8search.org/louisiana/baton-rouge/restoration-baton-rouge-2002/z4orxjepq2nh90lsmd8xrpgd | https://section8search.org/louisiana/baton-rouge/restoration-baton-rouge-i/ut814h6bvha8f3g158t8thpf,city_state_only,shared_address_without_sufficient_identity_evidence,corroborates_all_listed_members_and_address,shared_address_without_sufficient_identity_evidence
SAQ_0480,LA|6238 CEDAR POINTE BLVD|BATON ROUGE,CEDAR POINTE SUBDIVISION | OAKWOOD TERRACE SUBDIVISION,shared_address_only,new_two_read_review,2026-08-11,2026-08-11,2026-08-11,public_directory_sitemap,https://section8search.org/sitemap.xml | https://affordablehousinghub.org/sitemap.xml,not_approved,FALSE,2,2,2,retain_each,retain_each,2,Section8Search: CEDAR POINTE SUBDIVISION | Section8Search: OAKWOOD TERRACE SUBDIVISION,public_housing_directory,https://section8search.org/louisiana/baton-rouge/cedar-pointe-subdivision/tp7lrhecwnajzz2dffp4jyjv | https://section8search.org/louisiana/baton-rouge/oakwood-terrace-subdivision/p4e3qh5pppsm80rqenmvepe9,city_state_only,shared_address_without_sufficient_identity_evidence,corroborates_all_listed_members_and_address,shared_address_without_sufficient_identity_evidence
SAQ_0481,LA|6500 SCENIC HWY|BATON ROUGE,AMERICAN DREAM HOMES PHASE I | AMERICAN DREAM HOMES PHASE II,phase_or_component_evidence,new_two_read_review,2026-08-11,2026-08-11,2026-08-11,public_directory_sitemap,https://section8search.org/sitemap.xml | https://affordablehousinghub.org/sitemap.xml,not_approved,FALSE,2,2,2,retain_each,retain_each,2,Section8Search: AMERICAN DREAM HOMES PHASE I | Section8Search: AMERICAN DREAM HOMES PHASE II,public_housing_directory,https://section8search.org/louisiana/baton-rouge/american-dream-homes-phase-i/ugj6yddzlk0httcg0cers710 | https://section8search.org/louisiana/baton-rouge/american-dream-homes-phase-ii/wflu8va5e17f7jx3pa39rknc,exact_standardized_site,distinct_phases_or_components_common_address,corroborates_all_listed_members_and_address,distinct_phases_or_components_common_address
SAQ_0482,LA|6645 HARRY DR|BATON ROUGE,BON CARRE' COURT (MELROSE) | MELROSE EAST II,phase_or_component_evidence,new_two_read_review,2026-08-11,2026-08-11,2026-08-11,public_directory_sitemap,https://section8search.org/sitemap.xml | https://affordablehousinghub.org/sitemap.xml,not_approved,FALSE,2,2,2,retain_each,retain_each,2,Section8Search: BON CARRE' COURT (MELROSE) | Section8Search: MELROSE EAST II,public_housing_directory,https://section8search.org/louisiana/baton-rouge/bon-carre-court-melrose/h9t2e3mtutf7gkyzau1u8inh | https://section8search.org/louisiana/baton-rouge/melrose-east-ii/ske8yjuax9mtuve17opv44id,exact_standardized_site,distinct_phases_or_components_common_address,corroborates_all_listed_members_and_address,distinct_phases_or_components_common_address
SAQ_0483,LA|3900 ROY RD|BLANCHARD,BLANCHARD PLACE APTS. | BLANCHARD PLACE II APARTMENTS,shared_address_only,new_two_read_review,2026-08-11,2026-08-11,2026-08-11,public_directory_sitemap,https://section8search.org/sitemap.xml | https://affordablehousinghub.org/sitemap.xml,not_approved,FALSE,2,2,2,retain_each,retain_each,2,Section8Search: BLANCHARD PLACE APTS. | Section8Search: BLANCHARD PLACE II APARTMENTS,public_housing_directory,https://section8search.org/louisiana/blanchard/blanchard-place-apts/y8iqmtmy97jub29tjms9qzrl | https://section8search.org/louisiana/blanchard/blanchard-place-ii-apartments/ahnst8ebzywyqaltmeujdpmi,city_state_only,shared_address_without_sufficient_identity_evidence,corroborates_all_listed_members_and_address,shared_address_without_sufficient_identity_evidence
SAQ_0484,LA|120 SENIORS II ST|BUNKIE,BUNKIE SENIORS APTS I | BUNKIE SRS. APTS. II,shared_address_only,new_two_read_review,2026-08-11,2026-08-11,2026-08-11,public_directory_sitemap,https://section8search.org/sitemap.xml | https://affordablehousinghub.org/sitemap.xml,not_approved,FALSE,2,2,2,retain_each,retain_each,2,Section8Search: BUNKIE SENIORS APTS I | Section8Search: BUNKIE SRS. APTS. II,public_housing_directory,https://section8search.org/louisiana/bunkie/bunkie-seniors-apts-i/ox4ibo0jjxpxeobk3z8xusy7 | https://section8search.org/louisiana/bunkie/bunkie-srs-apts-ii/tk0v612uhjdzr4ib8xdf7w4d,exact_standardized_site,shared_address_without_sufficient_identity_evidence,corroborates_all_listed_members_and_address,shared_address_without_sufficient_identity_evidence
SAQ_0485,LA|1805 JOSEPH PETE ST|CROWLEY,BOBBY SMITH SUBDIVISION I SINGLE FAMILY HOUSING | BOBBY SMITH SUBDIVISION II,phase_or_component_evidence,new_two_read_review,2026-08-11,2026-08-11,2026-08-11,public_directory_sitemap,https://section8search.org/sitemap.xml | https://affordablehousinghub.org/sitemap.xml,not_approved,FALSE,2,2,2,retain_each,retain_each,2,Section8Search: BOBBY SMITH SUBDIVISION I SINGLE FAMILY HOUSING | Section8Search: BOBBY SMITH SUBDIVISION II,public_housing_directory,https://section8search.org/louisiana/crowley/bobby-smith-subdivision-i-single-family-housing/oiz1vn6nlfw3vtdfxlpiad0p | https://section8search.org/louisiana/crowley/bobby-smith-subdivision-ii/h12iu9dycmx0oipfsttdewiu,city_state_only,distinct_phases_or_components_common_address,corroborates_all_listed_members_and_address,distinct_phases_or_components_common_address
SAQ_0486,LA|500 FRED BANKS DR|DENHAM SPRINGS,ASHLEY PLACE II | ASHLEY PLACE III,phase_or_component_evidence,new_two_read_review,2026-08-11,2026-08-11,2026-08-11,public_directory_sitemap,https://section8search.org/sitemap.xml | https://affordablehousinghub.org/sitemap.xml,not_approved,FALSE,2,2,2,retain_each,retain_each,2,Section8Search: ASHLEY PLACE II | Section8Search: ASHLEY PLACE III,public_housing_directory,https://section8search.org/louisiana/denham-springs/ashley-place-ii/vqrogjnvrqdt05odgmlul8fb | https://section8search.org/louisiana/denham-springs/ashley-place-iii/tcayqdju4ofvobzo4l1na0kr,exact_standardized_site,distinct_phases_or_components_common_address,corroborates_all_listed_members_and_address,distinct_phases_or_components_common_address
SAQ_0487,LA|1934 PEARL ST|GIBSLAND,GIBSLAND SENIORS APARTMENTS | GIBSLAND VILLAS,shared_address_only,new_two_read_review,2026-08-11,2026-08-11,2026-08-11,public_directory_sitemap,https://section8search.org/sitemap.xml | https://affordablehousinghub.org/sitemap.xml,not_approved,FALSE,2,2,2,retain_each,retain_each,2,Section8Search: GIBSLAND SENIORS APARTMENTS | Section8Search: GIBSLAND VILLAS,public_housing_directory,https://section8search.org/louisiana/gibsland/gibsland-seniors-apartments/k4tbzprnhls5jbykho0zzq3y | https://section8search.org/louisiana/gibsland/gibsland-villas/v7ixv6p1ekzatrf4jg595y17,city_state_only | exact_standardized_site,shared_address_without_sufficient_identity_evidence,corroborates_all_listed_members_and_address,shared_address_without_sufficient_identity_evidence
SAQ_0488,LA|4325 W PARK AVE|GRAY,WEST PARK HOMES PHASE I | WEST PARK HOMES PHASE II | WEST PARK HOMES PHASE III,phase_or_component_evidence,new_two_read_review,2026-08-11,2026-08-11,2026-08-11,public_directory_sitemap,https://section8search.org/sitemap.xml | https://affordablehousinghub.org/sitemap.xml,not_approved,FALSE,3,3,3,retain_each,retain_each,3,Affordable Housing Hub: WEST PARK HOMES PHASE I | Affordable Housing Hub: WEST PARK HOMES PHASE II | Affordable Housing Hub: WEST PARK HOMES PHASE III,public_housing_directory,https://affordablehousinghub.org/housing/louisiana/terrebonne-county/gray/west-park-homes-phase-i-10317-lihtc | https://affordablehousinghub.org/housing/louisiana/terrebonne-county/gray/west-park-homes-phase-ii-10341-lihtc | https://affordablehousinghub.org/housing/louisiana/terrebonne-county/gray/west-park-homes-phase-iii-10339-lihtc,address_not_extracted,distinct_phases_or_components_common_address,corroborates_all_listed_members_and_address,distinct_phases_or_components_common_address
SAQ_0489,LA|1203 MARTIN LUTHER KING AVE|HAMMOND,TERRACE OF HAMMOND | TERRACE OF HAMMOND PHASE II,shared_address_only,new_two_read_review,2026-08-11,2026-08-11,2026-08-11,public_directory_sitemap,https://section8search.org/sitemap.xml | https://affordablehousinghub.org/sitemap.xml,not_approved,FALSE,2,2,2,retain_each,retain_each,2,Section8Search: TERRACE OF HAMMOND | Section8Search: TERRACE OF HAMMOND PHASE II,public_housing_directory,https://section8search.org/louisiana/hammond/terrace-of-hammond-phase-ii/h1sw33qgqqo3dukbglguylqz | https://section8search.org/louisiana/hammond/terrace-of-hammond/a0ncbtwomig1hzozkze003d8,city_state_only | exact_standardized_site,shared_address_without_sufficient_identity_evidence,corroborates_all_listed_members_and_address,shared_address_without_sufficient_identity_evidence
SAQ_0490,LA|17011 JADE CT|HAMMOND,VALENCIA VILLAS I | VALENCIA VILLAS II,phase_or_component_evidence,new_two_read_review,2026-08-11,2026-08-11,2026-08-11,public_directory_sitemap,https://section8search.org/sitemap.xml | https://affordablehousinghub.org/sitemap.xml,not_approved,FALSE,2,2,2,retain_each,retain_each,2,Section8Search: VALENCIA VILLAS I | Section8Search: VALENCIA VILLAS II,public_housing_directory,https://section8search.org/louisiana/hammond/valencia-villas-i/pd7vhe2btyg5dprh8ow8hlt4 | https://section8search.org/louisiana/hammond/valencia-villas-ii/vrzcex58iqj5gkmjl54ts04y,city_state_only,distinct_phases_or_components_common_address,corroborates_all_listed_members_and_address,distinct_phases_or_components_common_address
SAQ_0491,LA|1050 MANHATTAN BLVD|HARVEY,MADISON SQAURE II | MADISON SQUARE I,shared_address_only,new_two_read_review,2026-08-11,2026-08-11,2026-08-11,public_directory_sitemap,https://section8search.org/sitemap.xml | https://affordablehousinghub.org/sitemap.xml,not_approved,FALSE,2,2,2,retain_each,retain_each,2,Section8Search: MADISON SQAURE II | Section8Search: MADISON SQUARE I,public_housing_directory,https://section8search.org/louisiana/harvey/madison-sqaure-ii/hxabnty6dukvfe7tu94y6vwp | https://section8search.org/louisiana/harvey/madison-square-i/cf8x43isz5ajuea8nnp4w8gt,exact_standardized_site,shared_address_without_sufficient_identity_evidence,corroborates_all_listed_members_and_address,shared_address_without_sufficient_identity_evidence
SAQ_0492,LA|406 JESSICA ST|LAFAYETTE,BAYBERRY POINT II | RESTORATION BATON ROUGE V,phase_or_component_evidence,new_two_read_review,2026-08-11,2026-08-11,2026-08-11,public_directory_sitemap,https://section8search.org/sitemap.xml | https://affordablehousinghub.org/sitemap.xml,not_approved,FALSE,2,2,2,retain_each,retain_each,2,Section8Search: BAYBERRY POINT II | Section8Search: RESTORATION BATON ROUGE V,public_housing_directory,https://section8search.org/louisiana/lafayette/bayberry-point-ii/gdff5e6v1cv5t4t8kqsfpgai | https://section8search.org/louisiana/lafayette/restoration-baton-rouge-v/ptvnvblr6o9t4yqycgws9knn,city_state_only,distinct_phases_or_components_common_address,corroborates_all_listed_members_and_address,distinct_phases_or_components_common_address
SAQ_0493,LA|2506 RUTH ST|LAKE CHARLES,LOUISE LANDING | QUINN COURT,shared_address_only,new_two_read_review,2026-08-11,2026-08-11,2026-08-11,public_directory_sitemap,https://section8search.org/sitemap.xml | https://affordablehousinghub.org/sitemap.xml,not_approved,FALSE,2,2,2,retain_each,retain_each,2,Section8Search: LOUISE LANDING | Section8Search: QUINN COURT,public_housing_directory,https://section8search.org/louisiana/lake-charles/louise-landing/e0gftdrp535khl3ahdjb5vlr | https://section8search.org/louisiana/lake-charles/quinn-court/kf012wg04dpe4wmcoxj1s8yg,city_state_only,shared_address_without_sufficient_identity_evidence,corroborates_all_listed_members_and_address,shared_address_without_sufficient_identity_evidence
SAQ_0494,LA|4247 FIFTH AVE|LAKE CHARLES,FIFTH AVENUE APTS | FIFTH AVENUE APTS II,shared_address_only,new_two_read_review,2026-08-11,2026-08-11,2026-08-11,public_directory_sitemap,https://section8search.org/sitemap.xml | https://affordablehousinghub.org/sitemap.xml,not_approved,FALSE,2,2,2,retain_each,retain_each,2,Section8Search: FIFTH AVENUE APTS | Section8Search: FIFTH AVENUE APTS II,public_housing_directory,https://section8search.org/louisiana/lake-charles/fifth-avenue-apts-ii/dqci66qrctdjl1eqmg010fnm | https://section8search.org/louisiana/lake-charles/fifth-avenue-apts/rl9t8r96zl5vw28u9v6r3eza,city_state_only,shared_address_without_sufficient_identity_evidence,corroborates_all_listed_members_and_address,shared_address_without_sufficient_identity_evidence
SAQ_0495,LA|127 COTTON BAYOU LN|MONROE,COTTON BAYOU ESTATES I | COTTON BAYOU ESTATES II,phase_or_component_evidence,new_two_read_review,2026-08-11,2026-08-11,2026-08-11,public_directory_sitemap,https://section8search.org/sitemap.xml | https://affordablehousinghub.org/sitemap.xml,not_approved,FALSE,2,2,2,retain_each,retain_each,2,Section8Search: COTTON BAYOU ESTATES I | Section8Search: COTTON BAYOU ESTATES II,public_housing_directory,https://section8search.org/louisiana/monroe/cotton-bayou-estates-i/jwgtqcs2zwgkzofqrmq1jozw | https://section8search.org/louisiana/monroe/cotton-bayou-estates-ii/zfsakld9ygitgwhyh1pm8xlm,city_state_only | exact_standardized_site,distinct_phases_or_components_common_address,corroborates_all_listed_members_and_address,distinct_phases_or_components_common_address
SAQ_0496,LA|4385 CHAUVIN POINTE DR|MONROE,CHAUVIN POINTE APTS | CHAUVIN POINTE II,shared_address_only,new_two_read_review,2026-08-11,2026-08-11,2026-08-11,public_directory_sitemap,https://section8search.org/sitemap.xml | https://affordablehousinghub.org/sitemap.xml,not_approved,FALSE,2,2,2,retain_each,retain_each,2,Section8Search: CHAUVIN POINTE APTS | Section8Search: CHAUVIN POINTE II,public_housing_directory,https://section8search.org/louisiana/monroe/chauvin-pointe-apts/lwn7oqcf323uxrubnv2j1aed | https://section8search.org/louisiana/monroe/chauvin-pointe-ii/vohzjnwt50oc0skah0v2feu7,exact_standardized_site,shared_address_without_sufficient_identity_evidence,corroborates_all_listed_members_and_address,shared_address_without_sufficient_identity_evidence
SAQ_0497,LA|2200 LAFITTE ST|NEW ORLEANS,LAFITTE REDEVELOPMENT BLOCKS 1-3 | LAFITTE REDEVELOPMENT BLOCKS 5-7 | LAFITTE TREME-OAK PLACE  (FMRLY OFF-SITE REHABS),phase_or_component_evidence,new_two_read_review,2026-08-11,2026-08-11,2026-08-11,public_directory_sitemap,https://section8search.org/sitemap.xml | https://affordablehousinghub.org/sitemap.xml,not_approved,FALSE,3,3,3,retain_each,retain_each,3,Affordable Housing Hub: LAFITTE REDEVELOPMENT BLOCKS 1-3 | Affordable Housing Hub: LAFITTE REDEVELOPMENT BLOCKS 5-7 | Affordable Housing Hub: LAFITTE TREME-OAK PLACE  (FMRLY OFF-SITE REHABS),public_housing_directory,https://affordablehousinghub.org/housing/louisiana/orleans-county/new-orleans/lafitte-redevelopment-blocks-1-3-48919-lihtc | https://affordablehousinghub.org/housing/louisiana/orleans-county/new-orleans/lafitte-redevelopment-blocks-5-7-11038-lihtc | https://affordablehousinghub.org/housing/louisiana/orleans-county/new-orleans/lafitte-treme-oak-place-fmrly-off-site-rehabs-11326-lihtc,address_not_extracted,distinct_phases_or_components_common_address,corroborates_all_listed_members_and_address,distinct_phases_or_components_common_address
SAQ_0498,LA|303 BASIN ST|NEW ORLEANS,IBERVILLE ON-SITE PHASE I | IBERVILLE ON-SITE PHASE III,phase_or_component_evidence,new_two_read_review,2026-08-11,2026-08-11,2026-08-11,public_directory_sitemap,https://section8search.org/sitemap.xml | https://affordablehousinghub.org/sitemap.xml,not_approved,FALSE,2,2,2,retain_each,retain_each,2,Affordable Housing Hub: IBERVILLE ON-SITE PHASE I | Affordable Housing Hub: IBERVILLE ON-SITE PHASE III,public_housing_directory,https://affordablehousinghub.org/housing/louisiana/orleans-county/new-orleans/iberville-on-site-phase-i-11229-lihtc | https://affordablehousinghub.org/housing/louisiana/orleans-county/new-orleans/iberville-on-site-phase-iii-10540-lihtc,address_not_extracted,distinct_phases_or_components_common_address,corroborates_all_listed_members_and_address,distinct_phases_or_components_common_address
SAQ_0499,LA|4127 S CLAIBORNE AVE|NEW ORLEANS,CLASSIC CONSTR OF N.O. VENTURE II - LAUREL TERRACE | LAUREL GLEN,phase_or_component_evidence,new_two_read_review,2026-08-11,2026-08-11,2026-08-11,public_directory_sitemap,https://section8search.org/sitemap.xml | https://affordablehousinghub.org/sitemap.xml,not_approved,FALSE,2,2,2,retain_each,retain_each,1,Section8Search: LAUREL GLEN,public_housing_directory,https://section8search.org/louisiana/new-orleans/laurel-glen/bef7l3q280qshry66q70jkb2,city_state_only,distinct_phases_or_components_common_address,corroborates_part_of_listed_members_and_address,distinct_phases_or_components_common_address
SAQ_0500,LA|5172 ST ANTHONY AVE|NEW ORLEANS,FILMORE PARC I | FILMORE PARC II,phase_or_component_evidence,new_two_read_review,2026-08-11,2026-08-11,2026-08-11,public_directory_sitemap,https://section8search.org/sitemap.xml | https://affordablehousinghub.org/sitemap.xml,not_approved,FALSE,2,2,2,retain_each,retain_each,2,Section8Search: FILMORE PARC I | Section8Search: FILMORE PARC II,public_housing_directory,https://section8search.org/louisiana/new-orleans/filmore-parc-i/eljncz3bo4kh6wa7lz8o9m2h | https://section8search.org/louisiana/new-orleans/filmore-parc-ii/epm5z263qww1hxoylla36amo,city_state_only | exact_standardized_site,distinct_phases_or_components_common_address,corroborates_all_listed_members_and_address,distinct_phases_or_components_common_address
SAQ_0501,LA|6419 DERBYSHIRE DR|NEW ORLEANS,GEORGETOWN MANOR | GEORGETOWN OF NEW ORLEANS | GEORGETOWN VILLAGES,shared_address_only,new_two_read_review,2026-08-11,2026-08-11,2026-08-11,public_directory_sitemap,https://section8search.org/sitemap.xml | https://affordablehousinghub.org/sitemap.xml,not_approved,FALSE,3,3,3,retain_each,retain_each,3,Section8Search: GEORGETOWN MANOR | Section8Search: GEORGETOWN OF NEW ORLEANS | Section8Search: GEORGETOWN VILLAGES,public_housing_directory,https://section8search.org/louisiana/new-orleans/georgetown-manor/wmigze77fyjtpr5832a3ubcy | https://section8search.org/louisiana/new-orleans/georgetown-of-new-orleans/oo7bujdormb426os3il8dbva | https://section8search.org/louisiana/new-orleans/georgetown-villages/l7a7wcdijmlc5n2fajflx47p,city_state_only,shared_address_without_sufficient_identity_evidence,corroborates_all_listed_members_and_address,shared_address_without_sufficient_identity_evidence
SAQ_0502,LA|3893 W LONGVIEW RD|PAULINA,RIVERLANDS I | RIVERLANDS II,phase_or_component_evidence,new_two_read_review,2026-08-11,2026-08-11,2026-08-11,public_directory_sitemap,https://section8search.org/sitemap.xml | https://affordablehousinghub.org/sitemap.xml,not_approved,FALSE,2,2,2,retain_each,retain_each,2,Affordable Housing Hub: RIVERLANDS I | Section8Search: RIVERLANDS II,public_housing_directory,https://affordablehousinghub.org/housing/louisiana/st-james-county/paulina/riverlands-i-10539-lihtc | https://section8search.org/louisiana/paulina/riverlands-ii/c7y4m8689fo92zkt2juktlgn,address_not_extracted | exact_standardized_site,distinct_phases_or_components_common_address,corroborates_all_listed_members_and_address,distinct_phases_or_components_common_address
SAQ_0503,LA|39000 HENRY RD|PEARL RIVER,ST JOE ESTATES II | ST JOE I ESTATES,shared_address_only,new_two_read_review,2026-08-11,2026-08-11,2026-08-11,public_directory_sitemap,https://section8search.org/sitemap.xml | https://affordablehousinghub.org/sitemap.xml,not_approved,FALSE,2,2,2,retain_each,retain_each,2,Section8Search: ST JOE ESTATES II | Section8Search: ST JOE I ESTATES,public_housing_directory,https://section8search.org/louisiana/pearl-river/st-joe-estates-ii/oabuet0t9rk8pv3cp6jbch5z | https://section8search.org/louisiana/pearl-river/st-joe-i-estates/a0vitrgwdjvc6k9mv7yc6x0l,city_state_only,shared_address_without_sufficient_identity_evidence,corroborates_all_listed_members_and_address,shared_address_without_sufficient_identity_evidence
SAQ_0504,LA|700 TIMBER TRAILS|PINEVILLE,TIMBER TRAILS APTS. | TIMBER TRAILS II APTS.,phase_or_component_evidence,new_two_read_review,2026-08-11,2026-08-11,2026-08-11,public_directory_sitemap,https://section8search.org/sitemap.xml | https://affordablehousinghub.org/sitemap.xml,not_approved,FALSE,2,2,2,retain_each,retain_each,2,Section8Search: TIMBER TRAILS APTS. | Section8Search: TIMBER TRAILS II APTS.,public_housing_directory,https://section8search.org/louisiana/pineville/timber-trails-apts/bywyknxjvpqbxa1zrmc2t02p | https://section8search.org/louisiana/pineville/timber-trails-ii-apts/vgx5vesrirsgxuqdwe7hpkyh,exact_standardized_site,distinct_phases_or_components_common_address,corroborates_all_listed_members_and_address,distinct_phases_or_components_common_address
SAQ_0505,LA|2000 MILITARY RD|RINGGOLD,BIENVILLE APTS | BIENVILLE APTS II,shared_address_only,new_two_read_review,2026-08-11,2026-08-11,2026-08-11,public_directory_sitemap,https://section8search.org/sitemap.xml | https://affordablehousinghub.org/sitemap.xml,not_approved,FALSE,2,2,2,retain_each,retain_each,2,Section8Search: BIENVILLE APTS | Section8Search: BIENVILLE APTS II,public_housing_directory,https://section8search.org/louisiana/ringgold/bienville-apts-ii/upuujp44n4so7pyg82xqmo05 | https://section8search.org/louisiana/ringgold/bienville-apts/wme80yg36emsy0jnqqo5h4y0,exact_standardized_site,shared_address_without_sufficient_identity_evidence,corroborates_all_listed_members_and_address,shared_address_without_sufficient_identity_evidence
SAQ_0506,LA|419 EMERALD TRACE DR|RUSTON,EMERALD TRACE APTS I | EMERALD TRACE APTS II,phase_or_component_evidence,new_two_read_review,2026-08-11,2026-08-11,2026-08-11,public_directory_sitemap,https://section8search.org/sitemap.xml | https://affordablehousinghub.org/sitemap.xml,not_approved,FALSE,2,2,2,retain_each,retain_each,2,Section8Search: EMERALD TRACE APTS I | Section8Search: EMERALD TRACE APTS II,public_housing_directory,https://section8search.org/louisiana/ruston/emerald-trace-apts-i/f5b55ew0i5tjof7vnixkwjus | https://section8search.org/louisiana/ruston/emerald-trace-apts-ii/qsvw0szgxk3sjfev5e780zmp,city_state_only,distinct_phases_or_components_common_address,corroborates_all_listed_members_and_address,distinct_phases_or_components_common_address
SAQ_0507,LA|1100 W 70TH ST|SHREVEPORT,FOX CREEK I | FOX CREEK II,phase_or_component_evidence,new_two_read_review,2026-08-11,2026-08-11,2026-08-11,public_directory_sitemap,https://section8search.org/sitemap.xml | https://affordablehousinghub.org/sitemap.xml,not_approved,FALSE,2,2,2,retain_each,retain_each,2,Section8Search: FOX CREEK I | Section8Search: FOX CREEK II,public_housing_directory,https://section8search.org/louisiana/shreveport/fox-creek-i/l76qylbqs0u1sah1ie064erc | https://section8search.org/louisiana/shreveport/fox-creek-ii/sfbxccla126or7qcsuj8vrp3,city_state_only,distinct_phases_or_components_common_address,corroborates_all_listed_members_and_address,distinct_phases_or_components_common_address
SAQ_0508,LA|2600 AUDREY LN|SHREVEPORT,KING OAKS SUBDIVISION III | KING OAKS SUBDIVISION IV | KINGS OAKS SUBDIVISION I,phase_or_component_evidence,new_two_read_review,2026-08-11,2026-08-11,2026-08-11,public_directory_sitemap,https://section8search.org/sitemap.xml | https://affordablehousinghub.org/sitemap.xml,not_approved,FALSE,3,3,3,retain_each,retain_each,3,Section8Search: KING OAKS SUBDIVISION III | Section8Search: KING OAKS SUBDIVISION IV | Section8Search: KINGS OAKS SUBDIVISION I,public_housing_directory,https://section8search.org/louisiana/shreveport/king-oaks-subdivision-iii/viyvowieink7avr8gwzxps8u | https://section8search.org/louisiana/shreveport/king-oaks-subdivision-iv/sgog2cc9a7rb8vtjzt0it53p | https://section8search.org/louisiana/shreveport/kings-oaks-subdivision-i/gel5olrregg5zi7bc0j1swh8,city_state_only,distinct_phases_or_components_common_address,corroborates_all_listed_members_and_address,distinct_phases_or_components_common_address
SAQ_0509,LA|2965 TULSA|SHREVEPORT,ROSENWALD I | ROSENWALD SUBDIVISION II,phase_or_component_evidence,new_two_read_review,2026-08-11,2026-08-11,2026-08-11,public_directory_sitemap,https://section8search.org/sitemap.xml | https://affordablehousinghub.org/sitemap.xml,not_approved,FALSE,2,2,2,retain_each,retain_each,2,Section8Search: ROSENWALD I | Section8Search: ROSENWALD SUBDIVISION II,public_housing_directory,https://section8search.org/louisiana/shreveport/rosenwald-i/xboik4octchadf0yrjp0set4 | https://section8search.org/louisiana/shreveport/rosenwald-subdivision-ii/rrjiyb735ckxmffpgcuqi8r1,exact_standardized_site,distinct_phases_or_components_common_address,corroborates_all_listed_members_and_address,distinct_phases_or_components_common_address
SAQ_0510,LA|2965 TULSA ST|SHREVEPORT,ROSENWALD SUBDIVISION III | ROSENWALD SUBDIVISION IV,phase_or_component_evidence,new_two_read_review,2026-08-11,2026-08-11,2026-08-11,public_directory_sitemap,https://section8search.org/sitemap.xml | https://affordablehousinghub.org/sitemap.xml,not_approved,FALSE,2,2,2,retain_each,retain_each,2,Section8Search: ROSENWALD SUBDIVISION III | Section8Search: ROSENWALD SUBDIVISION IV,public_housing_directory,https://section8search.org/louisiana/shreveport/rosenwald-subdivision-iii/q6wg38fd4bdo497m94vtlar6 | https://section8search.org/louisiana/shreveport/rosenwald-subdivision-iv/l9et47mt1xtblqx4lii4mw0p,city_state_only | exact_standardized_site,distinct_phases_or_components_common_address,corroborates_all_listed_members_and_address,distinct_phases_or_components_common_address
SAQ_0511,LA|3000 ROY RD|SHREVEPORT,NORTHERN HEIGHTS | NORTHERN HEIGHTS HOMES,name_or_timing_evidence,new_two_read_review,2026-08-11,2026-08-11,2026-08-11,public_directory_sitemap,https://section8search.org/sitemap.xml | https://affordablehousinghub.org/sitemap.xml,not_approved,FALSE,2,1,1,merge_all,merge_all,2,Section8Search: NORTHERN HEIGHTS | Section8Search: NORTHERN HEIGHTS HOMES,public_housing_directory,https://section8search.org/louisiana/shreveport/northern-heights-homes/h3gkp5otgdd0lvdxcj2boj6m | https://section8search.org/louisiana/shreveport/northern-heights/jvdnes7o47xcxrlv59jzbwcz,city_state_only,name_or_reporting_variant_same_physical_development,corroborates_all_listed_members_and_address,name_or_reporting_variant_same_physical_development
SAQ_0512,LA|726 COTTON ST|SHREVEPORT,FAIRMONT TOWERS APTS. | FALSE RIVER MANOR,shared_address_only,new_two_read_review,2026-08-11,2026-08-11,2026-08-11,public_directory_sitemap,https://section8search.org/sitemap.xml | https://affordablehousinghub.org/sitemap.xml,not_approved,FALSE,2,2,2,retain_each,retain_each,2,Section8Search: FAIRMONT TOWERS APTS. | Section8Search: FALSE RIVER MANOR,public_housing_directory,https://section8search.org/louisiana/shreveport/fairmont-towers-apts/gmkfuufbnsdehu6ectqph7ie | https://section8search.org/louisiana/shreveport/false-river-manor/s1i4u1zhavgbip4phvkpgeqb,city_state_only | exact_standardized_site,shared_address_without_sufficient_identity_evidence,corroborates_all_listed_members_and_address,shared_address_without_sufficient_identity_evidence
SAQ_0513,LA|700 HENNING DR|SULPHUR,SULPHUR SPRINGS I | SULPHUR SPRINGS II,phase_or_component_evidence,new_two_read_review,2026-08-11,2026-08-11,2026-08-11,public_directory_sitemap,https://section8search.org/sitemap.xml | https://affordablehousinghub.org/sitemap.xml,not_approved,FALSE,2,2,2,retain_each,retain_each,2,Section8Search: SULPHUR SPRINGS I | Section8Search: SULPHUR SPRINGS II,public_housing_directory,https://section8search.org/louisiana/sulphur/sulphur-springs-i/mg9s1jdglkqbufjpfofs649k | https://section8search.org/louisiana/sulphur/sulphur-springs-ii/p8oq79xwbaphv5q89ykbqzll,city_state_only,distinct_phases_or_components_common_address,corroborates_all_listed_members_and_address,distinct_phases_or_components_common_address
SAQ_0514,LA|1201 TOM DR|VILLE PLATTE,VILLE PLATTE | VILLE PLATTE VILLAGE,shared_address_only,new_two_read_review,2026-08-11,2026-08-11,2026-08-11,public_directory_sitemap,https://section8search.org/sitemap.xml | https://affordablehousinghub.org/sitemap.xml,not_approved,FALSE,2,2,2,retain_each,retain_each,2,Section8Search: VILLE PLATTE | Section8Search: VILLE PLATTE VILLAGE,public_housing_directory,https://section8search.org/louisiana/ville-platte/ville-platte-village/amest0ex2mmhbt23fn3ce9uh | https://section8search.org/louisiana/ville-platte/ville-platte/zwulonugqync7cnm9bhs6rn0,city_state_only,shared_address_without_sufficient_identity_evidence,corroborates_all_listed_members_and_address,shared_address_without_sufficient_identity_evidence
SAQ_0515,LA|401 JEFFER DR|WAGGAMAN,LIVE OAK MANOR I | LIVE OAK MANOR II,phase_or_component_evidence,new_two_read_review,2026-08-11,2026-08-11,2026-08-11,public_directory_sitemap,https://section8search.org/sitemap.xml | https://affordablehousinghub.org/sitemap.xml,not_approved,FALSE,2,2,2,retain_each,retain_each,2,Section8Search: LIVE OAK MANOR I | Section8Search: LIVE OAK MANOR II,public_housing_directory,https://section8search.org/louisiana/waggaman/live-oak-manor-i/t8rvasvg51i40o5xdp94x9mf | https://section8search.org/louisiana/waggaman/live-oak-manor-ii/odarp5mx6ts7eebafowncgst,city_state_only,distinct_phases_or_components_common_address,corroborates_all_listed_members_and_address,distinct_phases_or_components_common_address
SAQ_0516,LA|733 DANDELION DR|WAGGAMAN,FLORAL ACRES APT I | FLORAL ACRES APT II,phase_or_component_evidence,new_two_read_review,2026-08-11,2026-08-11,2026-08-11,public_directory_sitemap,https://section8search.org/sitemap.xml | https://affordablehousinghub.org/sitemap.xml,not_approved,FALSE,2,2,2,retain_each,retain_each,2,Section8Search: FLORAL ACRES APT I | Section8Search: FLORAL ACRES APT II,public_housing_directory,https://section8search.org/louisiana/waggaman/floral-acres-apt-i/e6g60h0749whtafsuckd1qin | https://section8search.org/louisiana/waggaman/floral-acres-apt-ii/fzoc9z719q71qk405wxve8fs,city_state_only,distinct_phases_or_components_common_address,corroborates_all_listed_members_and_address,distinct_phases_or_components_common_address
SAQ_0517,MA|140 CLARENDON ST|BOSTON,140 CLARENDON | YWCA BOSTON,shared_address_only,new_two_read_review,2026-08-11,2026-08-11,2026-08-11,public_directory_sitemap,https://section8search.org/sitemap.xml | https://affordablehousinghub.org/sitemap.xml,not_approved,FALSE,2,2,2,retain_each,retain_each,1,Section8Search: YWCA BOSTON,public_housing_directory,https://section8search.org/massachusetts/boston/ywca-boston/h66bgl8fitfsa3kkoef1qv85,exact_standardized_site,shared_address_without_sufficient_identity_evidence,corroborates_part_of_listed_members_and_address,shared_address_without_sufficient_identity_evidence
SAQ_0518,MA|566 COLUMBUS AVE|BOSTON,SETH APTS I | TENANT'S DEVELOPMENT II,shared_address_only,new_two_read_review,2026-08-11,2026-08-11,2026-08-11,public_directory_sitemap,https://section8search.org/sitemap.xml | https://affordablehousinghub.org/sitemap.xml,not_approved,FALSE,2,2,2,retain_each,retain_each,1,Section8Search: SETH APTS I,public_housing_directory,https://section8search.org/massachusetts/boston/seth-apts-i/no4dk585g03dcqjoh92e684r,exact_standardized_site,shared_address_without_sufficient_identity_evidence,corroborates_part_of_listed_members_and_address,shared_address_without_sufficient_identity_evidence
SAQ_0519,MA|201 CAPTAINS ROW|CHELSEA,ADMIRAL HILL ASSISTED LIVING I | COHEN FLORENCE LEVINE ESTATES,shared_address_only,new_two_read_review,2026-08-11,2026-08-11,2026-08-11,public_directory_sitemap,https://section8search.org/sitemap.xml | https://affordablehousinghub.org/sitemap.xml,not_approved,FALSE,2,2,2,retain_each,retain_each,2,Section8Search: ADMIRAL HILL ASSISTED LIVING I | Section8Search: COHEN FLORENCE LEVINE ESTATES,public_housing_directory,https://section8search.org/massachusetts/chelsea/admiral-hill-assisted-living-i/rpiwwvujt6mbkslq1zrzevvz | https://section8search.org/massachusetts/chelsea/cohen-florence-levine-estates/acko17wfsu5bh33aoj6tw8fb,exact_standardized_site,shared_address_without_sufficient_identity_evidence,corroborates_all_listed_members_and_address,shared_address_without_sufficient_identity_evidence
SAQ_0520,MA|2 SPRINGFIELD ST|CHICOPEE,KENDALL APARTMENTS | KENDALL HOTEL,shared_address_only,new_two_read_review,2026-08-11,2026-08-11,2026-08-11,public_directory_sitemap,https://section8search.org/sitemap.xml | https://affordablehousinghub.org/sitemap.xml,not_approved,FALSE,2,2,2,retain_each,retain_each,2,Affordable Housing Hub: KENDALL HOTEL | Section8Search: KENDALL APARTMENTS,public_housing_directory,https://affordablehousinghub.org/housing/massachusetts/hampden-county/chicopee/kendall-hotel-11872-lihtc | https://section8search.org/massachusetts/chicopee/kendall-apartments/kp2ys599msieuhm7tgw2qg4a,address_not_extracted | city_state_only,shared_address_without_sufficient_identity_evidence,corroborates_all_listed_members_and_address,shared_address_without_sufficient_identity_evidence
SAQ_0521,MA|127 MARION ST|EAST BOSTON,BARNES SCHOOL | GREENWAY APTS,shared_address_only,new_two_read_review,2026-08-11,2026-08-11,2026-08-11,public_directory_sitemap,https://section8search.org/sitemap.xml | https://affordablehousinghub.org/sitemap.xml,not_approved,FALSE,2,2,2,retain_each,retain_each,2,Affordable Housing Hub: GREENWAY APTS | Section8Search: BARNES SCHOOL,public_housing_directory,https://affordablehousinghub.org/housing/massachusetts/suffolk-county/east-boston/greenway-apts-12437-lihtc | https://section8search.org/massachusetts/east-boston/barnes-school/a41kyftvjrv6usuuih42vqum,address_not_extracted | exact_standardized_site,shared_address_without_sufficient_identity_evidence,corroborates_all_listed_members_and_address,shared_address_without_sufficient_identity_evidence
SAQ_0522,MA|31 LIVERPOOL ST|EAST BOSTON,MAVERICK LANDING I | MAVERICK LANDING II | MAVERICK LANDING III | MAVERICK LANDING IV,phase_or_component_evidence,new_two_read_review,2026-08-11,2026-08-11,2026-08-11,public_directory_sitemap,https://section8search.org/sitemap.xml | https://affordablehousinghub.org/sitemap.xml,not_approved,FALSE,4,4,4,retain_each,retain_each,4,Section8Search: MAVERICK LANDING I | Section8Search: MAVERICK LANDING II | Section8Search: MAVERICK LANDING III | Section8Search: MAVERICK LANDING IV,public_housing_directory,https://section8search.org/massachusetts/east-boston/maverick-landing-i/u3xrza6evtjq0vceo7oggc08 | https://section8search.org/massachusetts/east-boston/maverick-landing-ii/lpqt0ru3vpm958kqkl2gcm32 | https://section8search.org/massachusetts/east-boston/maverick-landing-iii/khlqfvzbp5llmpnjdtk0qkrm | https://section8search.org/massachusetts/east-boston/maverick-landing-iv/fw191nzrypftp9mmefvcvfvu,exact_standardized_site,distinct_phases_or_components_common_address,corroborates_all_listed_members_and_address,distinct_phases_or_components_common_address
SAQ_0523,MA|206 CENTRAL ST|GARDNER,HEYWOOD WAKEFIELD 4 | HEYWOOD WAKEFIELD PLACE 1 | HEYWOOD WAKEFIELD PLACE 3,phase_or_component_evidence,new_two_read_review,2026-08-11,2026-08-11,2026-08-11,public_directory_sitemap,https://section8search.org/sitemap.xml | https://affordablehousinghub.org/sitemap.xml,not_approved,FALSE,3,3,3,retain_each,retain_each,3,Affordable Housing Hub: HEYWOOD WAKEFIELD PLACE 1 | Section8Search: HEYWOOD WAKEFIELD 4 | Section8Search: HEYWOOD WAKEFIELD PLACE 3,public_housing_directory,https://affordablehousinghub.org/housing/massachusetts/worcester-county/gardner/heywood-wakefield-place-1-11966-lihtc | https://section8search.org/massachusetts/gardner/heywood-wakefield-4/cw5kq0d0j00pvjsdtt7ab4g3 | https://section8search.org/massachusetts/gardner/heywood-wakefield-place-3/ucdud6oo9kyj59q938ytcbvo,address_not_extracted | city_state_only | exact_standardized_site,distinct_phases_or_components_common_address,corroborates_all_listed_members_and_address,distinct_phases_or_components_common_address
SAQ_0524,MA|18 HAMILTON ST|HOLYOKE,PUERTA DE LA ESPERANZA | SOUTH HOLYOKE HOUSING,shared_address_only,new_two_read_review,2026-08-11,2026-08-11,2026-08-11,public_directory_sitemap,https://section8search.org/sitemap.xml | https://affordablehousinghub.org/sitemap.xml,not_approved,FALSE,2,2,2,retain_each,retain_each,2,Section8Search: PUERTA DE LA ESPERANZA | Section8Search: SOUTH HOLYOKE HOUSING,public_housing_directory,https://section8search.org/massachusetts/holyoke/puerta-de-la-esperanza/t2w9ti82q3epkt2btf9hvepa | https://section8search.org/massachusetts/holyoke/south-holyoke-housing/wlqa188cj4b45wb35pyz5ltx,exact_standardized_site,shared_address_without_sufficient_identity_evidence,corroborates_all_listed_members_and_address,shared_address_without_sufficient_identity_evidence
SAQ_0525,MA|559 S CANAL ST|HOLYOKE,SC HAMILTON PHASE 1 | SOUTH CANAL LP,shared_address_only,new_two_read_review,2026-08-11,2026-08-11,2026-08-11,public_directory_sitemap,https://section8search.org/sitemap.xml | https://affordablehousinghub.org/sitemap.xml,not_approved,FALSE,2,2,2,retain_each,retain_each,2,Section8Search: SC HAMILTON PHASE 1 | Section8Search: SOUTH CANAL LP,public_housing_directory,https://section8search.org/massachusetts/holyoke/sc-hamilton-phase-1/dylw7t91hw0oasbxng2vc0zu | https://section8search.org/massachusetts/holyoke/south-canal-lp/lli7kwfv5rjjg4grj8pnryhj,city_state_only | exact_standardized_site,shared_address_without_sufficient_identity_evidence,corroborates_all_listed_members_and_address,shared_address_without_sufficient_identity_evidence
SAQ_0526,MA|335 HAVERHILL ST|LAWRENCE,ORANGE WHEELER 2 | ORANGE WHEELER 3,phase_or_component_evidence,new_two_read_review,2026-08-11,2026-08-11,2026-08-11,public_directory_sitemap,https://section8search.org/sitemap.xml | https://affordablehousinghub.org/sitemap.xml,not_approved,FALSE,2,2,2,retain_each,retain_each,2,Section8Search: ORANGE WHEELER 2 | Section8Search: ORANGE WHEELER 3,public_housing_directory,https://section8search.org/massachusetts/lawrence/orange-wheeler-2/rrvdcigod8imbvlx5ouq3fb1 | https://section8search.org/massachusetts/lawrence/orange-wheeler-3/ebiub30hzhngbb9mghmwhezk,exact_standardized_site,distinct_phases_or_components_common_address,corroborates_all_listed_members_and_address,distinct_phases_or_components_common_address
SAQ_0527,MA|610 CUMMINS HWY|MATTAPAN,SCHOOLHOUSE BROOKLEDGE CUMMINS LP | SCHOOLHOUSE KENILWORTH WILLIAMS LP,shared_address_only,new_two_read_review,2026-08-11,2026-08-11,2026-08-11,public_directory_sitemap,https://section8search.org/sitemap.xml | https://affordablehousinghub.org/sitemap.xml,not_approved,FALSE,2,2,2,retain_each,retain_each,2,Affordable Housing Hub: SCHOOLHOUSE BROOKLEDGE CUMMINS LP | Affordable Housing Hub: SCHOOLHOUSE KENILWORTH WILLIAMS LP,public_housing_directory,https://affordablehousinghub.org/housing/massachusetts/suffolk-county/mattapan/schoolhouse-brookledge-cummins-lp-12574-lihtc | https://affordablehousinghub.org/housing/massachusetts/suffolk-county/mattapan/schoolhouse-kenilworth-williams-lp-12575-lihtc,address_not_extracted,shared_address_without_sufficient_identity_evidence,corroborates_all_listed_members_and_address,shared_address_without_sufficient_identity_evidence
SAQ_0528,MA|430 CENTRE ST|NEWTON,EVANS PARK AT NEWTON CORNER | HERITAGE AT VERNON COURT,shared_address_only,new_two_read_review,2026-08-11,2026-08-11,2026-08-11,public_directory_sitemap,https://section8search.org/sitemap.xml | https://affordablehousinghub.org/sitemap.xml,not_approved,FALSE,2,2,2,retain_each,retain_each,2,Affordable Housing Hub: HERITAGE AT VERNON COURT | Section8Search: EVANS PARK AT NEWTON CORNER,public_housing_directory,https://affordablehousinghub.org/housing/massachusetts/middlesex-county/newton/heritage-at-vernon-court-11948-lihtc | https://section8search.org/massachusetts/newton/evans-park-at-newton-corner/kt711sdn12bz0cx8abjlp61x,address_not_extracted | exact_standardized_site,shared_address_without_sufficient_identity_evidence,corroborates_all_listed_members_and_address,shared_address_without_sufficient_identity_evidence
SAQ_0529,MA|101 LOWELL ST|SPRINGFIELD,PYNCHON I | PYNCHON II,phase_or_component_evidence,new_two_read_review,2026-08-11,2026-08-11,2026-08-11,public_directory_sitemap,https://section8search.org/sitemap.xml | https://affordablehousinghub.org/sitemap.xml,not_approved,FALSE,2,2,2,retain_each,retain_each,2,Section8Search: PYNCHON I | Section8Search: PYNCHON II,public_housing_directory,https://section8search.org/massachusetts/springfield/pynchon-i/tqjysjnvlvecwun87yzchyrv | https://section8search.org/massachusetts/springfield/pynchon-ii/xbd1btpv05io3juqno62uf70,exact_standardized_site,distinct_phases_or_components_common_address,corroborates_all_listed_members_and_address,distinct_phases_or_components_common_address
SAQ_0530,MA|251 ALLEN PARK RD|SPRINGFIELD,ALLEN PARK I | ALLEN PARK II,phase_or_component_evidence,new_two_read_review,2026-08-11,2026-08-11,2026-08-11,public_directory_sitemap,https://section8search.org/sitemap.xml | https://affordablehousinghub.org/sitemap.xml,not_approved,FALSE,2,2,2,retain_each,retain_each,2,Section8Search: ALLEN PARK I | Section8Search: ALLEN PARK II,public_housing_directory,https://section8search.org/massachusetts/springfield/allen-park-i/a7yvjfx7wyawqnb3ykjibxic | https://section8search.org/massachusetts/springfield/allen-park-ii/rpqsbjnshxhv35rqnl8t8p04,exact_standardized_site,distinct_phases_or_components_common_address,corroborates_all_listed_members_and_address,distinct_phases_or_components_common_address
SAQ_0531,MA|4 FEDERAL CT|SPRINGFIELD,CITY VIEW COMMONS I | CONCORD HEIGHTS,shared_address_only,new_two_read_review,2026-08-11,2026-08-11,2026-08-11,public_directory_sitemap,https://section8search.org/sitemap.xml | https://affordablehousinghub.org/sitemap.xml,not_approved,FALSE,2,2,2,retain_each,retain_each,2,Section8Search: CITY VIEW COMMONS I | Section8Search: CONCORD HEIGHTS,public_housing_directory,https://section8search.org/massachusetts/springfield/city-view-commons-i/lp818s2xbk5kjmeim8hgk50o | https://section8search.org/massachusetts/springfield/concord-heights/vw3ve4gm165cdwyn7egxs9n4,exact_standardized_site,shared_address_without_sufficient_identity_evidence,corroborates_all_listed_members_and_address,shared_address_without_sufficient_identity_evidence
SAQ_0532,MA|70 CHESTNUT ST|SPRINGFIELD,MUSEUM PARK I | MUSEUM PARK II,phase_or_component_evidence,new_two_read_review,2026-08-11,2026-08-11,2026-08-11,public_directory_sitemap,https://section8search.org/sitemap.xml | https://affordablehousinghub.org/sitemap.xml,not_approved,FALSE,2,2,2,retain_each,retain_each,2,Section8Search: MUSEUM PARK I | Section8Search: MUSEUM PARK II,public_housing_directory,https://section8search.org/massachusetts/springfield/museum-park-i/et7mof0mx3s1iywnl8a7uitr | https://section8search.org/massachusetts/springfield/museum-park-ii/e66ixckuiov3vavdx5ehu09g,exact_standardized_site,distinct_phases_or_components_common_address,corroborates_all_listed_members_and_address,distinct_phases_or_components_common_address
SAQ_0533,MA|77 BELLE ST|SPRINGFIELD,BELLE FRANKLIN I | BELLE STREET,shared_address_only,new_two_read_review,2026-08-11,2026-08-11,2026-08-11,public_directory_sitemap,https://section8search.org/sitemap.xml | https://affordablehousinghub.org/sitemap.xml,not_approved,FALSE,2,2,2,retain_each,retain_each,2,Affordable Housing Hub: BELLE STREET | Section8Search: BELLE FRANKLIN I,public_housing_directory,https://affordablehousinghub.org/housing/massachusetts/hampden-county/springfield/belle-street-11216-lihtc | https://section8search.org/massachusetts/springfield/belle-franklin-i/bk2rl6csmvj25t7xib7akc4y,address_not_extracted | exact_standardized_site,shared_address_without_sufficient_identity_evidence,corroborates_all_listed_members_and_address,shared_address_without_sufficient_identity_evidence
SAQ_0534,MA|12 BUCKLEY RD|STOUGHTON,QUAIL RUN APTS PHASE I | QUAIL RUN APTS PHASE II,phase_or_component_evidence,new_two_read_review,2026-08-11,2026-08-11,2026-08-11,public_directory_sitemap,https://section8search.org/sitemap.xml | https://affordablehousinghub.org/sitemap.xml,not_approved,FALSE,2,2,2,retain_each,retain_each,2,Section8Search: QUAIL RUN APTS PHASE I | Section8Search: QUAIL RUN APTS PHASE II,public_housing_directory,https://section8search.org/massachusetts/stoughton/quail-run-apts-phase-i/zgocmu80qpshrv7v6d25inmd | https://section8search.org/massachusetts/stoughton/quail-run-apts-phase-ii/dbtiu3f9auiuabhs4t5saff8,exact_standardized_site,distinct_phases_or_components_common_address,corroborates_all_listed_members_and_address,distinct_phases_or_components_common_address
SAQ_0535,MA|6 CROMESETT RD|WAREHAM,CROMESETT HEIGHTS | CROMESETT WOODS,shared_address_only,new_two_read_review,2026-08-11,2026-08-11,2026-08-11,public_directory_sitemap,https://section8search.org/sitemap.xml | https://affordablehousinghub.org/sitemap.xml,not_approved,FALSE,2,2,2,retain_each,retain_each,2,Section8Search: CROMESETT HEIGHTS | Section8Search: CROMESETT WOODS,public_housing_directory,https://section8search.org/massachusetts/wareham/cromesett-heights/n7ci1cw0vgta0kgl74g22inn | https://section8search.org/massachusetts/wareham/cromesett-woods/ntp3didf3tqgjvz9xzhkad6s,exact_standardized_site,shared_address_without_sufficient_identity_evidence,corroborates_all_listed_members_and_address,shared_address_without_sufficient_identity_evidence
SAQ_0536,MA|93 GRAND ST|WORCESTER,WORCESTER LOOMWORKS PHASE 2 | WORCESTER LOOMWORKS-9% PHASE TWO,shared_address_only,new_two_read_review,2026-08-11,2026-08-11,2026-08-11,public_directory_sitemap,https://section8search.org/sitemap.xml | https://affordablehousinghub.org/sitemap.xml,not_approved,FALSE,2,1,1,merge_all,merge_all,2,Affordable Housing Hub: WORCESTER LOOMWORKS-9% PHASE TWO | Section8Search: WORCESTER LOOMWORKS PHASE 2,public_housing_directory,https://affordablehousinghub.org/housing/massachusetts/worcester-county/worcester/worcester-loomworks-9-phase-two-12435-lihtc | https://section8search.org/massachusetts/worcester/worcester-loomworks-phase-2/zull03gwz1jm9epxttd69o30,address_not_extracted | city_state_only,same_component_duplicate_reporting,corroborates_all_listed_members_and_address,same_component_duplicate_reporting
SAQ_0537,MD|1600 RUTLAND AVE|BALTIMORE,LANVALE APTS | NEWINGTON APTS,shared_address_only,new_two_read_review,2026-08-11,2026-08-11,2026-08-11,public_directory_sitemap,https://section8search.org/sitemap.xml | https://affordablehousinghub.org/sitemap.xml,not_approved,FALSE,2,2,2,retain_each,retain_each,2,Affordable Housing Hub: LANVALE APTS | Affordable Housing Hub: NEWINGTON APTS,public_housing_directory,https://affordablehousinghub.org/housing/maryland/baltimore-city-county/baltimore/lanvale-apts-13084-lihtc | https://affordablehousinghub.org/housing/maryland/baltimore-city-county/baltimore/newington-apts-13247-lihtc,address_not_extracted,shared_address_without_sufficient_identity_evidence,corroborates_all_listed_members_and_address,shared_address_without_sufficient_identity_evidence
SAQ_0538,MD|1701 EUTAW PL|BALTIMORE,MARLBOROUGH APARTMENTS | MARLBOROUGH APTS,shared_address_only,new_two_read_review,2026-08-11,2026-08-11,2026-08-11,public_directory_sitemap,https://section8search.org/sitemap.xml | https://affordablehousinghub.org/sitemap.xml,not_approved,FALSE,2,1,1,merge_all,merge_all,2,Section8Search: MARLBOROUGH APARTMENTS | Section8Search: MARLBOROUGH APTS,public_housing_directory,https://section8search.org/maryland/baltimore/marlborough-apartments/dzc3mn2iunbscnvs2m2qhrin | https://section8search.org/maryland/baltimore/marlborough-apts/y98d3yc739t2ms8fk0p703fq,city_state_only | exact_standardized_site,later_financing_or_renamed_same_physical_development,corroborates_all_listed_members_and_address,later_financing_or_renamed_same_physical_development
SAQ_0539,MD|509 BAY ST|BERLIN,QUAIL RUN I | QUAIL RUN II,phase_or_component_evidence,new_two_read_review,2026-08-11,2026-08-11,2026-08-11,public_directory_sitemap,https://section8search.org/sitemap.xml | https://affordablehousinghub.org/sitemap.xml,not_approved,FALSE,2,2,2,retain_each,retain_each,2,Affordable Housing Hub: QUAIL RUN I | Affordable Housing Hub: QUAIL RUN II,public_housing_directory,https://affordablehousinghub.org/housing/maryland/worcester-county/berlin/quail-run-i-13087-lihtc | https://affordablehousinghub.org/housing/maryland/worcester-county/berlin/quail-run-ii-13193-lihtc,address_not_extracted,distinct_phases_or_components_common_address,corroborates_all_listed_members_and_address,distinct_phases_or_components_common_address
SAQ_0540,MD|16010 EXCALIBUR RD|BOWIE,PIN OAK VILLAGE I | PIN OAK VILLAGE II,phase_or_component_evidence,new_two_read_review,2026-08-11,2026-08-11,2026-08-11,public_directory_sitemap,https://section8search.org/sitemap.xml | https://affordablehousinghub.org/sitemap.xml,not_approved,FALSE,2,2,2,retain_each,retain_each,2,Section8Search: PIN OAK VILLAGE I | Section8Search: PIN OAK VILLAGE II,public_housing_directory,https://section8search.org/maryland/bowie/pin-oak-village-i/lbn3l0dhvcfvb6sdt3gddua7 | https://section8search.org/maryland/bowie/pin-oak-village-ii/karaxjrjsizc9in9rfymt7bu,exact_standardized_site,distinct_phases_or_components_common_address,corroborates_all_listed_members_and_address,distinct_phases_or_components_common_address
SAQ_0541,MD|1207 ADDISON RD S|CAPITOL HEIGHTS,ST PAUL SENIOR LIVING PHASE I | ST PAUL SENIOR LIVING PHASE II,phase_or_component_evidence,new_two_read_review,2026-08-11,2026-08-11,2026-08-11,public_directory_sitemap,https://section8search.org/sitemap.xml | https://affordablehousinghub.org/sitemap.xml,not_approved,FALSE,2,2,2,retain_each,retain_each,2,Affordable Housing Hub: ST PAUL SENIOR LIVING PHASE I | Affordable Housing Hub: ST PAUL SENIOR LIVING PHASE II,public_housing_directory,https://affordablehousinghub.org/housing/maryland/prince-georges-county/capitol-heights/st-paul-senior-living-phase-i-13128-lihtc | https://affordablehousinghub.org/housing/maryland/prince-georges-county/capitol-heights/st-paul-senior-living-phase-ii-13129-lihtc,address_not_extracted,distinct_phases_or_components_common_address,corroborates_all_listed_members_and_address,distinct_phases_or_components_common_address
SAQ_0542,MD|503 MORGNEC RD|CHESTERTOWN,CHESTERTOWN LANDING PHASE I | CHESTERTOWN LANDING PHASE II,phase_or_component_evidence,new_two_read_review,2026-08-11,2026-08-11,2026-08-11,public_directory_sitemap,https://section8search.org/sitemap.xml | https://affordablehousinghub.org/sitemap.xml,not_approved,FALSE,2,2,2,retain_each,retain_each,2,Section8Search: CHESTERTOWN LANDING PHASE I | Section8Search: CHESTERTOWN LANDING PHASE II,public_housing_directory,https://section8search.org/maryland/chestertown/chestertown-landing-phase-i/n8c1h87fzhb30j8xaqqzcdx7 | https://section8search.org/maryland/chestertown/chestertown-landing-phase-ii/kseldpavzq5nigvx00bila99,exact_standardized_site,distinct_phases_or_components_common_address,corroborates_all_listed_members_and_address,distinct_phases_or_components_common_address
SAQ_0543,MD|7080 LAUREN LN APT 1001|EASTON,MAGNOLIA MEADOWS APTS | MAGNOLIA MEADOWS ASSOC LP,shared_address_only,new_two_read_review,2026-08-11,2026-08-11,2026-08-11,public_directory_sitemap,https://section8search.org/sitemap.xml | https://affordablehousinghub.org/sitemap.xml,not_approved,FALSE,2,2,2,retain_each,retain_each,2,Affordable Housing Hub: MAGNOLIA MEADOWS APTS | Affordable Housing Hub: MAGNOLIA MEADOWS ASSOC LP,public_housing_directory,https://affordablehousinghub.org/housing/maryland/talbot-county/easton/magnolia-meadows-apts-12416-lihtc | https://affordablehousinghub.org/housing/maryland/talbot-county/easton/magnolia-meadows-assoc-lp-12417-lihtc,address_not_extracted,shared_address_without_sufficient_identity_evidence,corroborates_all_listed_members_and_address,shared_address_without_sufficient_identity_evidence
SAQ_0544,MD|9310 MERUST LN|GAITHERSBURG,STEWARTOWN APTS | STEWARTOWN HOMES,shared_address_only,new_two_read_review,2026-08-11,2026-08-11,2026-08-11,public_directory_sitemap,https://section8search.org/sitemap.xml | https://affordablehousinghub.org/sitemap.xml,not_approved,FALSE,2,1,1,merge_all,merge_all,2,Affordable Housing Hub: STEWARTOWN APTS | Section8Search: STEWARTOWN HOMES,public_housing_directory,https://affordablehousinghub.org/housing/maryland/montgomery-county/gaithersburg/stewartown-apts-13207-lihtc | https://section8search.org/maryland/gaithersburg/stewartown-homes/t6ogxvtlrsrv4ttfaa98ka9u,address_not_extracted | city_state_only,later_financing_or_renamed_same_physical_development,corroborates_all_listed_members_and_address,later_financing_or_renamed_same_physical_development
SAQ_0545,MD|21000 FATHER HURLEY BLVD|GERMANTOWN,CHURCHILL SENIOR | CHURCHILL SENIOR LIVING PHASE II,shared_address_only,new_two_read_review,2026-08-11,2026-08-11,2026-08-11,public_directory_sitemap,https://section8search.org/sitemap.xml | https://affordablehousinghub.org/sitemap.xml,not_approved,FALSE,2,2,2,retain_each,retain_each,2,Section8Search: CHURCHILL SENIOR | Section8Search: CHURCHILL SENIOR LIVING PHASE II,public_housing_directory,https://section8search.org/maryland/germantown/churchill-senior-living-phase-ii/av0e5k1kcc7wsu90rd67dkt2 | https://section8search.org/maryland/germantown/churchill-senior/h3qcfk8purun1e5pigsm9ay1,city_state_only | exact_standardized_site,shared_address_without_sufficient_identity_evidence,corroborates_all_listed_members_and_address,shared_address_without_sufficient_identity_evidence
SAQ_0546,MD|2900 BRIGHTSEAT RD|GLENARDEN,GLENARDEN I | GLENARDEN II,phase_or_component_evidence,new_two_read_review,2026-08-11,2026-08-11,2026-08-11,public_directory_sitemap,https://section8search.org/sitemap.xml | https://affordablehousinghub.org/sitemap.xml,not_approved,FALSE,2,2,2,retain_each,retain_each,2,Affordable Housing Hub: GLENARDEN I | Affordable Housing Hub: GLENARDEN II,public_housing_directory,https://affordablehousinghub.org/housing/maryland/prince-georges-county/glenarden/glenarden-i-13113-lihtc | https://affordablehousinghub.org/housing/maryland/prince-georges-county/glenarden/glenarden-ii-13114-lihtc,address_not_extracted,distinct_phases_or_components_common_address,corroborates_all_listed_members_and_address,distinct_phases_or_components_common_address
SAQ_0547,MD|20014 ROSEBANK WAY|HAGERSTOWN,HAGERSTOWN/ROBINWOOD SENIOR I | HAGERSTOWN/ROBINWOOD SENIOR II,phase_or_component_evidence,new_two_read_review,2026-08-11,2026-08-11,2026-08-11,public_directory_sitemap,https://section8search.org/sitemap.xml | https://affordablehousinghub.org/sitemap.xml,not_approved,FALSE,2,2,2,retain_each,retain_each,2,Affordable Housing Hub: HAGERSTOWN/ROBINWOOD SENIOR I | Affordable Housing Hub: HAGERSTOWN/ROBINWOOD SENIOR II,public_housing_directory,https://affordablehousinghub.org/housing/maryland/washington-county/hagerstown/hagerstown-robinwood-senior-i-13264-lihtc | https://affordablehousinghub.org/housing/maryland/washington-county/hagerstown/hagerstown-robinwood-senior-ii-13054-lihtc,address_not_extracted,distinct_phases_or_components_common_address,corroborates_all_listed_members_and_address,distinct_phases_or_components_common_address
SAQ_0548,MD|29339 NAYLOR MILL RD|SALISBURY,LODGES AT NAYLOR MILL | THE LODGES AT NAYLOR MILL PHASE II,shared_address_only,new_two_read_review,2026-08-11,2026-08-11,2026-08-11,public_directory_sitemap,https://section8search.org/sitemap.xml | https://affordablehousinghub.org/sitemap.xml,not_approved,FALSE,2,2,2,retain_each,retain_each,2,Section8Search: LODGES AT NAYLOR MILL | Section8Search: THE LODGES AT NAYLOR MILL PHASE II,public_housing_directory,https://section8search.org/maryland/salisbury/lodges-at-naylor-mill/wkilqkr3ztkhpaxeqxof9pm8 | https://section8search.org/maryland/salisbury/the-lodges-at-naylor-mill-phase-ii/mtzsi5cedi5ccq3ctv42b0kl,city_state_only | exact_standardized_site,shared_address_without_sufficient_identity_evidence,corroborates_all_listed_members_and_address,shared_address_without_sufficient_identity_evidence
SAQ_0549,MD|2801 LINDEN LN|SILVER SPRING,NATIONAL PARK SEMINARY [AKA] FOREST GLEN MAIN | NATIONAL PARK SEMINARY APTS,name_or_timing_evidence,new_two_read_review,2026-08-11,2026-08-11,2026-08-11,public_directory_sitemap,https://section8search.org/sitemap.xml | https://affordablehousinghub.org/sitemap.xml,not_approved,FALSE,2,1,1,merge_all,merge_all,1,Affordable Housing Hub: NATIONAL PARK SEMINARY APTS,public_housing_directory,https://affordablehousinghub.org/housing/maryland/montgomery-county/silver-spring/national-park-seminary-apts-12671-lihtc,address_not_extracted,name_or_reporting_variant_same_physical_development,corroborates_part_of_listed_members_and_address,name_or_reporting_variant_same_physical_development
SAQ_0550,MD|225 FROCK DR|WESTMINSTER,WESTMINSTER BOND SENIOR I | WESTMINSTER BOND SENIOR II,phase_or_component_evidence,new_two_read_review,2026-08-11,2026-08-11,2026-08-11,public_directory_sitemap,https://section8search.org/sitemap.xml | https://affordablehousinghub.org/sitemap.xml,not_approved,FALSE,2,2,2,retain_each,retain_each,2,Section8Search: WESTMINSTER BOND SENIOR I | Section8Search: WESTMINSTER BOND SENIOR II,public_housing_directory,https://section8search.org/maryland/westminster/westminster-bond-senior-i/hbnq8v190907eetttrc63kj4 | https://section8search.org/maryland/westminster/westminster-bond-senior-ii/c8kz63qr7i6p198k0jfwiruo,exact_standardized_site,distinct_phases_or_components_common_address,corroborates_all_listed_members_and_address,distinct_phases_or_components_common_address
SAQ_0551,ME|485 GRANDVIEW AVE|BANGOR,NEWTON PLACE | STEPHEN B. MOOERS VILLAGE,shared_address_only,new_two_read_review,2026-08-11,2026-08-11,2026-08-11,public_directory_sitemap,https://section8search.org/sitemap.xml | https://affordablehousinghub.org/sitemap.xml,not_approved,FALSE,2,2,2,retain_each,retain_each,2,Section8Search: NEWTON PLACE | Section8Search: STEPHEN B. MOOERS VILLAGE,public_housing_directory,https://section8search.org/maine/bangor/newton-place/fyog3gs5cozlf1kzgrrvygcc | https://section8search.org/maine/bangor/stephen-b-mooers-village/ugc3podoj0bniuw5elgc0nwf,city_state_only,shared_address_without_sufficient_identity_evidence,corroborates_all_listed_members_and_address,shared_address_without_sufficient_identity_evidence
SAQ_0552,ME|74 MAIN ST|BANGOR,FREESE ASSISTED LIVING | FRYEBURG & BETHEL STATION,shared_address_only,new_two_read_review,2026-08-11,2026-08-11,2026-08-11,public_directory_sitemap,https://section8search.org/sitemap.xml | https://affordablehousinghub.org/sitemap.xml,not_approved,FALSE,2,2,2,retain_each,retain_each,2,Section8Search: FREESE ASSISTED LIVING | Section8Search: FRYEBURG & BETHEL STATION,public_housing_directory,https://section8search.org/maine/bangor/freese-assisted-living/m5n3c31f6jljh2c61p5l5o0b | https://section8search.org/maine/bangor/fryeburg-bethel-station/n1uqppnujk36cutmmwhkfnk3,exact_standardized_site,shared_address_without_sufficient_identity_evidence,corroborates_all_listed_members_and_address,shared_address_without_sufficient_identity_evidence
SAQ_0553,ME|56 BIRCH ST|LEWISTON,DOMINICAN COURT | LISBON SENIOR VILLAGE,shared_address_only,new_two_read_review,2026-08-11,2026-08-11,2026-08-11,public_directory_sitemap,https://section8search.org/sitemap.xml | https://affordablehousinghub.org/sitemap.xml,not_approved,FALSE,2,2,2,retain_each,retain_each,2,Section8Search: DOMINICAN COURT | Section8Search: LISBON SENIOR VILLAGE,public_housing_directory,https://section8search.org/maine/lewiston/dominican-court/ra1hrdmxvgfkmn5gox6eskkk | https://section8search.org/maine/lewiston/lisbon-senior-village/xq418yrgepbty0saacfk698o,exact_standardized_site,shared_address_without_sufficient_identity_evidence,corroborates_all_listed_members_and_address,shared_address_without_sufficient_identity_evidence
SAQ_0554,ME|82 PINE ST|LEWISTON,82 PINE ST | GAUVREAU PLACE,shared_address_only,new_two_read_review,2026-08-11,2026-08-11,2026-08-11,public_directory_sitemap,https://section8search.org/sitemap.xml | https://affordablehousinghub.org/sitemap.xml,not_approved,FALSE,2,2,2,retain_each,retain_each,2,Affordable Housing Hub: 82 PINE ST | Section8Search: GAUVREAU PLACE,public_housing_directory,https://affordablehousinghub.org/housing/maine/androscoggin-county/lewiston/82-pine-st-12954-lihtc | https://section8search.org/maine/lewiston/gauvreau-place/mfgookpikedkd3jkgahn3ngo,address_not_extracted | city_state_only,shared_address_without_sufficient_identity_evidence,corroborates_all_listed_members_and_address,shared_address_without_sufficient_identity_evidence
SAQ_0555,ME|300 E BRIDGE ST|WESTBROOK,EAST BRIDGE STREET APTS | MILLBROOK ESTATES,shared_address_only,new_two_read_review,2026-08-11,2026-08-11,2026-08-11,public_directory_sitemap,https://section8search.org/sitemap.xml | https://affordablehousinghub.org/sitemap.xml,not_approved,FALSE,2,2,2,retain_each,retain_each,1,Section8Search: EAST BRIDGE STREET APTS,public_housing_directory,https://section8search.org/maine/westbrook/east-bridge-street-apts/nybhgy0gb6w3xy1yg7p5yon2,exact_standardized_site,shared_address_without_sufficient_identity_evidence,corroborates_part_of_listed_members_and_address,shared_address_without_sufficient_identity_evidence
SAQ_0556,MI|1500 PAULINE BLVD|ANN ARBOR,PARKHURST APTS | PAULINE APTS,shared_address_only,new_two_read_review,2026-08-11,2026-08-11,2026-08-11,public_directory_sitemap,https://section8search.org/sitemap.xml | https://affordablehousinghub.org/sitemap.xml,not_approved,FALSE,2,2,2,retain_each,retain_each,2,Section8Search: PARKHURST APTS | Section8Search: PAULINE APTS,public_housing_directory,https://section8search.org/michigan/ann-arbor/parkhurst-apts/vub93x0xurqxrxsyocp4eyke | https://section8search.org/michigan/ann-arbor/pauline-apts/pbcyc1hhw7l1avf67aiibf5a,exact_standardized_site,shared_address_without_sufficient_identity_evidence,corroborates_all_listed_members_and_address,shared_address_without_sufficient_identity_evidence
SAQ_0557,MI|183 W ST|BATTLE CREEK,RESIDENCES AT WESTBROOK PLACE I | RESIDENCES AT WESTBROOK PLACE II,phase_or_component_evidence,new_two_read_review,2026-08-11,2026-08-11,2026-08-11,public_directory_sitemap,https://section8search.org/sitemap.xml | https://affordablehousinghub.org/sitemap.xml,not_approved,FALSE,2,2,2,retain_each,retain_each,2,Section8Search: RESIDENCES AT WESTBROOK PLACE I | Section8Search: RESIDENCES AT WESTBROOK PLACE II,public_housing_directory,https://section8search.org/michigan/battle-creek/residences-at-westbrook-place-i/pzb0m87prnhkt45acxbszghn | https://section8search.org/michigan/battle-creek/residences-at-westbrook-place-ii/xqy2b5o5tx7mz6sa9i95dla0,exact_standardized_site,distinct_phases_or_components_common_address,corroborates_all_listed_members_and_address,distinct_phases_or_components_common_address
SAQ_0558,MI|1250 KENWOOD AVE|BELDING,JACKLYN APTS I | JACKLYN APTS III,shared_address_only,new_two_read_review,2026-08-11,2026-08-11,2026-08-11,public_directory_sitemap,https://section8search.org/sitemap.xml | https://affordablehousinghub.org/sitemap.xml,not_approved,FALSE,2,2,2,retain_each,retain_each,2,Section8Search: JACKLYN APTS I | Section8Search: JACKLYN APTS III,public_housing_directory,https://section8search.org/michigan/belding/jacklyn-apts-i/y77llyk95u96uzw018s0w75s | https://section8search.org/michigan/belding/jacklyn-apts-iii/zjfku16z0ozcp7mbi9rqof6y,exact_standardized_site,shared_address_without_sufficient_identity_evidence,corroborates_all_listed_members_and_address,shared_address_without_sufficient_identity_evidence
SAQ_0559,MI|8800 PARKWOOD ST|BELLEVILLE,PARKWOOD MANOR I | PARKWOOD MANOR II,phase_or_component_evidence,new_two_read_review,2026-08-11,2026-08-11,2026-08-11,public_directory_sitemap,https://section8search.org/sitemap.xml | https://affordablehousinghub.org/sitemap.xml,not_approved,FALSE,2,2,2,retain_each,retain_each,2,Section8Search: PARKWOOD MANOR I | Section8Search: PARKWOOD MANOR II,public_housing_directory,https://section8search.org/michigan/belleville/parkwood-manor-i/i3hhnn2t9veew8jxjrdiab5o | https://section8search.org/michigan/belleville/parkwood-manor-ii/ftwz8q2vio9oqz0tc3jbldzg,exact_standardized_site,distinct_phases_or_components_common_address,corroborates_all_listed_members_and_address,distinct_phases_or_components_common_address
SAQ_0560,MI|1946 E BRITAIN AVE|BENTON HARBOR,COUNTRYVIEW PHASE I APTS & TOWER | COUNTRYVIEW PHASE II APTS & TOWER,phase_or_component_evidence,new_two_read_review,2026-08-11,2026-08-11,2026-08-11,public_directory_sitemap,https://section8search.org/sitemap.xml | https://affordablehousinghub.org/sitemap.xml,not_approved,FALSE,2,2,2,retain_each,retain_each,2,Section8Search: COUNTRYVIEW PHASE I APTS & TOWER | Section8Search: COUNTRYVIEW PHASE II APTS & TOWER,public_housing_directory,https://section8search.org/michigan/benton-harbor/countryview-phase-i-apts-tower/p64uyoomhffu4b7ysmnh172f | https://section8search.org/michigan/benton-harbor/countryview-phase-ii-apts-tower/gkmd6h8806nbrh8n4tdexo28,exact_standardized_site,distinct_phases_or_components_common_address,corroborates_all_listed_members_and_address,distinct_phases_or_components_common_address
SAQ_0561,MI|326 E DIVISION ST|BOYNE CITY,PARKVIEW APTS PHASE II | PARKVIEW APTS PHASE III,phase_or_component_evidence,new_two_read_review,2026-08-11,2026-08-11,2026-08-11,public_directory_sitemap,https://section8search.org/sitemap.xml | https://affordablehousinghub.org/sitemap.xml,not_approved,FALSE,2,2,2,retain_each,retain_each,2,Affordable Housing Hub: PARKVIEW APTS PHASE II | Section8Search: PARKVIEW APTS PHASE III,public_housing_directory,https://affordablehousinghub.org/housing/michigan/charlevoix-county/boyne-city/parkview-apts-phase-ii-14388-lihtc | https://section8search.org/michigan/boyne-city/parkview-apts-phase-iii/fymgl2yg63wq39uh9ft0uqje,address_not_extracted | exact_standardized_site,distinct_phases_or_components_common_address,corroborates_all_listed_members_and_address,distinct_phases_or_components_common_address
SAQ_0562,MI|200 E MILL POND DR|BROOKLYN,MILL POND APT | MILL POND SENIOR APTS,shared_address_only,new_two_read_review,2026-08-11,2026-08-11,2026-08-11,public_directory_sitemap,https://section8search.org/sitemap.xml | https://affordablehousinghub.org/sitemap.xml,not_approved,FALSE,2,2,2,retain_each,retain_each,2,Section8Search: MILL POND APT | Section8Search: MILL POND SENIOR APTS,public_housing_directory,https://section8search.org/michigan/brooklyn/mill-pond-apt/d8ffw9j1mws7tqppt5j66u1p | https://section8search.org/michigan/brooklyn/mill-pond-senior-apts/q2qrkanuamimslk5jz3ie8ua,exact_standardized_site,shared_address_without_sufficient_identity_evidence,corroborates_all_listed_members_and_address,shared_address_without_sufficient_identity_evidence
SAQ_0563,MI|2436 GREEN PINE DR|BURTON,GREEN PINE ACRES-UNIT 11 | GREEN PINE ACRES-UNIT 12,phase_or_component_evidence,new_two_read_review,2026-08-11,2026-08-11,2026-08-11,public_directory_sitemap,https://section8search.org/sitemap.xml | https://affordablehousinghub.org/sitemap.xml,not_approved,FALSE,2,2,2,retain_each,retain_each,2,Affordable Housing Hub: GREEN PINE ACRES-UNIT 11 | Affordable Housing Hub: GREEN PINE ACRES-UNIT 12,public_housing_directory,https://affordablehousinghub.org/housing/michigan/genesee-county/burton/green-pine-acres-unit-11-13511-lihtc | https://affordablehousinghub.org/housing/michigan/genesee-county/burton/green-pine-acres-unit-12-13512-lihtc,address_not_extracted,distinct_phases_or_components_common_address,corroborates_all_listed_members_and_address,distinct_phases_or_components_common_address
SAQ_0564,MI|2486 GREEN PINE DR|BURTON,GREEN PINE ACRES - CONTI I | GREEN PINE ACRES - CONTI II | GREEN PINE ACRES - INNSBROOK,phase_or_component_evidence,new_two_read_review,2026-08-11,2026-08-11,2026-08-11,public_directory_sitemap,https://section8search.org/sitemap.xml | https://affordablehousinghub.org/sitemap.xml,not_approved,FALSE,3,3,3,retain_each,retain_each,3,Affordable Housing Hub: GREEN PINE ACRES - CONTI I | Affordable Housing Hub: GREEN PINE ACRES - CONTI II | Affordable Housing Hub: GREEN PINE ACRES - INNSBROOK,public_housing_directory,https://affordablehousinghub.org/housing/michigan/genesee-county/burton/green-pine-acres-conti-i-14393-lihtc | https://affordablehousinghub.org/housing/michigan/genesee-county/burton/green-pine-acres-conti-ii-14394-lihtc | https://affordablehousinghub.org/housing/michigan/genesee-county/burton/green-pine-acres-innsbrook-14357-lihtc,address_not_extracted,distinct_phases_or_components_common_address,corroborates_all_listed_members_and_address,distinct_phases_or_components_common_address
SAQ_0565,MI|4215 E ATHERTON RD|BURTON,GREEN PINE ACRES - #4 NELSON #1 | GREEN PINE ACRES - D'ASCENZO | GREEN PINE ACRES - ELAHI,phase_or_component_evidence,new_two_read_review,2026-08-11,2026-08-11,2026-08-11,public_directory_sitemap,https://section8search.org/sitemap.xml | https://affordablehousinghub.org/sitemap.xml,not_approved,FALSE,3,3,3,retain_each,retain_each,2,Affordable Housing Hub: GREEN PINE ACRES - #4 NELSON #1 | Affordable Housing Hub: GREEN PINE ACRES - ELAHI,public_housing_directory,https://affordablehousinghub.org/housing/michigan/genesee-county/burton/green-pine-acres-4-nelson-1-14356-lihtc | https://affordablehousinghub.org/housing/michigan/genesee-county/burton/green-pine-acres-elahi-14240-lihtc,address_not_extracted,distinct_phases_or_components_common_address,corroborates_part_of_listed_members_and_address,distinct_phases_or_components_common_address
SAQ_0566,MI|50440 OAKVIEW DR|CHESTERFIELD,OAKVIEW SQUARE PHASE I | OAKVIEW SQUARE PHASE II,phase_or_component_evidence,new_two_read_review,2026-08-11,2026-08-11,2026-08-11,public_directory_sitemap,https://section8search.org/sitemap.xml | https://affordablehousinghub.org/sitemap.xml,not_approved,FALSE,2,2,2,retain_each,retain_each,2,Affordable Housing Hub: OAKVIEW SQUARE PHASE I | Section8Search: OAKVIEW SQUARE PHASE II,public_housing_directory,https://affordablehousinghub.org/housing/michigan/macomb-county/chesterfield/oakview-square-phase-i-14336-lihtc | https://section8search.org/michigan/chesterfield/oakview-square-phase-ii/m7bas0wg1x7urczwhkpo0hu4,address_not_extracted | exact_standardized_site,distinct_phases_or_components_common_address,corroborates_all_listed_members_and_address,distinct_phases_or_components_common_address
SAQ_0567,MI|5801 BRIDGEWATER DR|CLARKSTON,BRIDGEWATER PARK I | BRIDGEWATER PARK II,phase_or_component_evidence,new_two_read_review,2026-08-11,2026-08-11,2026-08-11,public_directory_sitemap,https://section8search.org/sitemap.xml | https://affordablehousinghub.org/sitemap.xml,not_approved,FALSE,2,2,2,retain_each,retain_each,2,Section8Search: BRIDGEWATER PARK I | Section8Search: BRIDGEWATER PARK II,public_housing_directory,https://section8search.org/michigan/clarkston/bridgewater-park-i/nzuhd5koi51dkf5koihjzh1j | https://section8search.org/michigan/clarkston/bridgewater-park-ii/at5t73kiep0b9jekyfwdb2md,exact_standardized_site,distinct_phases_or_components_common_address,corroborates_all_listed_members_and_address,distinct_phases_or_components_common_address
SAQ_0568,MI|1500 FRUIT ST|CLAY,ROLLING BROOK APTS (ALGONAC) | ROLLING BROOK III (CLAY),shared_address_only,new_two_read_review,2026-08-11,2026-08-11,2026-08-11,public_directory_sitemap,https://section8search.org/sitemap.xml | https://affordablehousinghub.org/sitemap.xml,not_approved,FALSE,2,2,2,retain_each,retain_each,2,Section8Search: ROLLING BROOK APTS (ALGONAC) | Section8Search: ROLLING BROOK III (CLAY),public_housing_directory,https://section8search.org/michigan/clay/rolling-brook-apts-algonac/kg3zk2mmvmaatgaisx6k3kh4 | https://section8search.org/michigan/clay/rolling-brook-iii-clay/ykciepn3t57c35zbtqx3nxom,exact_standardized_site,shared_address_without_sufficient_identity_evidence,corroborates_all_listed_members_and_address,shared_address_without_sufficient_identity_evidence
SAQ_0569,MI|8061 LAPEER RD|DAVISON,DAVISON CREEKWOOD II - 10ABC (KNOBLOCK) | DAVISON CREEKWOOD II - 12C (A&P BLOCK),shared_address_only,new_two_read_review,2026-08-11,2026-08-11,2026-08-11,public_directory_sitemap,https://section8search.org/sitemap.xml | https://affordablehousinghub.org/sitemap.xml,not_approved,FALSE,2,2,2,retain_each,retain_each,1,Section8Search: DAVISON CREEKWOOD II - 10ABC (KNOBLOCK),public_housing_directory,https://section8search.org/michigan/davison/davison-creekwood-ii-10abc-knoblock/tkbutmoftdai5qkbym6lyj8v,exact_standardized_site,shared_address_without_sufficient_identity_evidence,corroborates_part_of_listed_members_and_address,shared_address_without_sufficient_identity_evidence
SAQ_0570,MI|8150 CREEKWOOD DR|DAVISON,DAVISON CREEKWOOD - 3 | DAVISON CREEKWOOD - 4 | DAVISON CREEKWOOD - 5 | DAVISON CREEKWOOD - 6 | DAVISON CREEKWOOD - 7 | DAVISON CREEKWOOD - 8,phase_or_component_evidence,new_two_read_review,2026-08-11,2026-08-11,2026-08-11,public_directory_sitemap,https://section8search.org/sitemap.xml | https://affordablehousinghub.org/sitemap.xml,not_approved,FALSE,6,6,6,retain_each,retain_each,6,Section8Search: DAVISON CREEKWOOD - 3 | Section8Search: DAVISON CREEKWOOD - 4 | Section8Search: DAVISON CREEKWOOD - 5 | Section8Search: DAVISON CREEKWOOD - 6 | Section8Search: DAVISON CREEKWOOD - 7 | Section8Search: DAVISON CREEKWOOD - 8,public_housing_directory,https://section8search.org/michigan/davison/davison-creekwood-3/kygipi10jt3gn07089sjsowc | https://section8search.org/michigan/davison/davison-creekwood-4/st98vpchq31jdvxthbipbfhp | https://section8search.org/michigan/davison/davison-creekwood-5/e4n63h9x9m5mlmm4nr1uqogi | https://section8search.org/michigan/davison/davison-creekwood-6/jx38ezjtv1ogaucayd87wtad | https://section8search.org/michigan/davison/davison-creekwood-7/dmpi8if7bc2eav8kvb6rcpvz | https://section8search.org/michigan/davison/davison-creekwood-8/nancioi15nhnc6bden7oc1ri,exact_standardized_site,distinct_phases_or_components_common_address,corroborates_all_listed_members_and_address,distinct_phases_or_components_common_address
SAQ_0571,MI|12515 E WARREN AVE|DETROIT,THE VILLAGES AT PARKSIDE II | THE VILLAGES AT PARKSIDE IV,phase_or_component_evidence,new_two_read_review,2026-08-11,2026-08-11,2026-08-11,public_directory_sitemap,https://section8search.org/sitemap.xml | https://affordablehousinghub.org/sitemap.xml,not_approved,FALSE,2,2,2,retain_each,retain_each,2,Section8Search: THE VILLAGES AT PARKSIDE II | Section8Search: THE VILLAGES AT PARKSIDE IV,public_housing_directory,https://section8search.org/michigan/detroit/the-villages-at-parkside-ii/qn83r6jgonu1xwam429ag8wq | https://section8search.org/michigan/detroit/the-villages-at-parkside-iv/n4xpo7te3n20sla5w0z29eyk,exact_standardized_site,distinct_phases_or_components_common_address,corroborates_all_listed_members_and_address,distinct_phases_or_components_common_address
SAQ_0572,MI|2921 FOURTH ST|DETROIT,CORNERSTONE ESTATES PHASE I | CORNERSTONE ESTATES PHASE III,phase_or_component_evidence,new_two_read_review,2026-08-11,2026-08-11,2026-08-11,public_directory_sitemap,https://section8search.org/sitemap.xml | https://affordablehousinghub.org/sitemap.xml,not_approved,FALSE,2,2,2,retain_each,retain_each,2,Section8Search: CORNERSTONE ESTATES PHASE I | Section8Search: CORNERSTONE ESTATES PHASE III,public_housing_directory,https://section8search.org/michigan/detroit/cornerstone-estates-phase-i/so8oj72ddtknt6dz3vrm1mh5 | https://section8search.org/michigan/detroit/cornerstone-estates-phase-iii/rgbzwpp8tw40h8umrnl43y1c,exact_standardized_site,distinct_phases_or_components_common_address,corroborates_all_listed_members_and_address,distinct_phases_or_components_common_address
SAQ_0573,MI|3521 JOHN C LODGE FWY|DETROIT,WOODBRIDGE ESTATES APTS I | WOODBRIDGE ESTATES APTS II | WOODBRIDGE ESTATES APTS III | WOODBRIDGE ESTATES APTS IV | WOODBRIDGE ESTATES APTS V,phase_or_component_evidence,new_two_read_review,2026-08-11,2026-08-11,2026-08-11,public_directory_sitemap,https://section8search.org/sitemap.xml | https://affordablehousinghub.org/sitemap.xml,not_approved,FALSE,5,5,5,retain_each,retain_each,5,Section8Search: WOODBRIDGE ESTATES APTS I | Section8Search: WOODBRIDGE ESTATES APTS II | Section8Search: WOODBRIDGE ESTATES APTS III | Section8Search: WOODBRIDGE ESTATES APTS IV | Section8Search: WOODBRIDGE ESTATES APTS V,public_housing_directory,https://section8search.org/michigan/detroit/woodbridge-estates-apts-i/lmzka93cwxensajwg14jzt3h | https://section8search.org/michigan/detroit/woodbridge-estates-apts-ii/vjs4zwhfbtmeyitft7g6tu98 | https://section8search.org/michigan/detroit/woodbridge-estates-apts-iii/rf9r036la6ootoveil3qa4r0 | https://section8search.org/michigan/detroit/woodbridge-estates-apts-iv/egsv5umggn2ime058m3bzcov | https://section8search.org/michigan/detroit/woodbridge-estates-apts-v/qmnhfobrv1q9445v3bd0pe39,exact_standardized_site,distinct_phases_or_components_common_address,corroborates_all_listed_members_and_address,distinct_phases_or_components_common_address
SAQ_0574,MI|573 CHENE ST|DETROIT,MARTIN LUTHER KING HOMES I | MARTIN LUTHER KING HOMES II,phase_or_component_evidence,new_two_read_review,2026-08-11,2026-08-11,2026-08-11,public_directory_sitemap,https://section8search.org/sitemap.xml | https://affordablehousinghub.org/sitemap.xml,not_approved,FALSE,2,2,2,retain_each,retain_each,2,Section8Search: MARTIN LUTHER KING HOMES I | Section8Search: MARTIN LUTHER KING HOMES II,public_housing_directory,https://section8search.org/michigan/detroit/martin-luther-king-homes-i/gvufcoq8tg5zcssz8lm8cxhy | https://section8search.org/michigan/detroit/martin-luther-king-homes-ii/ime5nnh8z3olpagezpaqk0k4,exact_standardized_site,distinct_phases_or_components_common_address,corroborates_all_listed_members_and_address,distinct_phases_or_components_common_address
SAQ_0575,MI|5825 EMERALD SPRINGS CIR|DETROIT,EMERALD SPRINGS 1A | EMERALD SPRINGS 1B | EMERALD SPRINGS II,phase_or_component_evidence,new_two_read_review,2026-08-11,2026-08-11,2026-08-11,public_directory_sitemap,https://section8search.org/sitemap.xml | https://affordablehousinghub.org/sitemap.xml,not_approved,FALSE,3,3,3,retain_each,retain_each,3,Affordable Housing Hub: EMERALD SPRINGS II | Section8Search: EMERALD SPRINGS 1A | Section8Search: EMERALD SPRINGS 1B,public_housing_directory,https://affordablehousinghub.org/housing/michigan/wayne-county/detroit/emerald-springs-ii-14719-lihtc | https://section8search.org/michigan/detroit/emerald-springs-1a/ef9rdalleerwdbl7zrtfdt7n | https://section8search.org/michigan/detroit/emerald-springs-1b/xjtlaysu2xecabryruq279uk,address_not_extracted | exact_standardized_site,distinct_phases_or_components_common_address,corroborates_all_listed_members_and_address,distinct_phases_or_components_common_address
SAQ_0576,MI|59 SEWARD|DETROIT,WELLINGTON SQUARE I | WELLINGTON SQUARE II,phase_or_component_evidence,new_two_read_review,2026-08-11,2026-08-11,2026-08-11,public_directory_sitemap,https://section8search.org/sitemap.xml | https://affordablehousinghub.org/sitemap.xml,not_approved,FALSE,2,2,2,retain_each,retain_each,2,Section8Search: WELLINGTON SQUARE I | Section8Search: WELLINGTON SQUARE II,public_housing_directory,https://section8search.org/michigan/detroit/wellington-square-i/pirg96wq3mb1oegwhv8mvy2x | https://section8search.org/michigan/detroit/wellington-square-ii/v33h0or599138n6ugr4rkwx4,exact_standardized_site,distinct_phases_or_components_common_address,corroborates_all_listed_members_and_address,distinct_phases_or_components_common_address
SAQ_0577,MI|2424 EIGHTH AVE S|ESCANABA,WILLOW CREEK ELDERLY I | WILLOW CREEK ELDERLY II,phase_or_component_evidence,new_two_read_review,2026-08-11,2026-08-11,2026-08-11,public_directory_sitemap,https://section8search.org/sitemap.xml | https://affordablehousinghub.org/sitemap.xml,not_approved,FALSE,2,2,2,retain_each,retain_each,2,Affordable Housing Hub: WILLOW CREEK ELDERLY I | Section8Search: WILLOW CREEK ELDERLY II,public_housing_directory,https://affordablehousinghub.org/housing/michigan/delta-county/escanaba/willow-creek-elderly-i-14439-lihtc | https://section8search.org/michigan/escanaba/willow-creek-elderly-ii/shk8o5mfct740wlgv823uo4c,address_not_extracted | exact_standardized_site,distinct_phases_or_components_common_address,corroborates_all_listed_members_and_address,distinct_phases_or_components_common_address
SAQ_0578,MI|318 DEWITT AVE|FREMONT,APPLE RIDGE APTS | JPS FREMONT,shared_address_only,new_two_read_review,2026-08-11,2026-08-11,2026-08-11,public_directory_sitemap,https://section8search.org/sitemap.xml | https://affordablehousinghub.org/sitemap.xml,not_approved,FALSE,2,2,2,retain_each,retain_each,2,Section8Search: APPLE RIDGE APTS | Section8Search: JPS FREMONT,public_housing_directory,https://section8search.org/michigan/fremont/apple-ridge-apts/enw4reuow1ah0z2wsdia619l | https://section8search.org/michigan/fremont/jps-fremont/p8nmin1pdxugqqtgxscbz436,exact_standardized_site,shared_address_without_sufficient_identity_evidence,corroborates_all_listed_members_and_address,shared_address_without_sufficient_identity_evidence
SAQ_0579,MI|120 GRANDVIEW BLVD|GAYLORD,ALPINE ALTEN ZIMMMER II | ALPINE ALTEN ZIMMMER III,phase_or_component_evidence,new_two_read_review,2026-08-11,2026-08-11,2026-08-11,public_directory_sitemap,https://section8search.org/sitemap.xml | https://affordablehousinghub.org/sitemap.xml,not_approved,FALSE,2,2,2,retain_each,retain_each,2,Section8Search: ALPINE ALTEN ZIMMMER II | Section8Search: ALPINE ALTEN ZIMMMER III,public_housing_directory,https://section8search.org/michigan/gaylord/alpine-alten-zimmmer-ii/midxuog07ae3ui1j2ozutfrw | https://section8search.org/michigan/gaylord/alpine-alten-zimmmer-iii/wsisvvseps872ak9vmj7qtwz,exact_standardized_site,distinct_phases_or_components_common_address,corroborates_all_listed_members_and_address,distinct_phases_or_components_common_address
SAQ_0580,MI|1425 BRIDGE ST NW|GRAND RAPIDS,MT MERCY APTS | MT MERCY HOUSING DEVELOPMENT II,shared_address_only,new_two_read_review,2026-08-11,2026-08-11,2026-08-11,public_directory_sitemap,https://section8search.org/sitemap.xml | https://affordablehousinghub.org/sitemap.xml,not_approved,FALSE,2,2,2,retain_each,retain_each,2,Section8Search: MT MERCY APTS | Section8Search: MT MERCY HOUSING DEVELOPMENT II,public_housing_directory,https://section8search.org/michigan/grand-rapids/mt-mercy-apts/pgx1m4ndvr3jeq0b15h028qm | https://section8search.org/michigan/grand-rapids/mt-mercy-housing-development-ii/yd4wslyxpnvawy6u60n0am4x,exact_standardized_site,shared_address_without_sufficient_identity_evidence,corroborates_all_listed_members_and_address,shared_address_without_sufficient_identity_evidence
SAQ_0581,MI|20 FULTON ST|GRAND RAPIDS,20 FULTON STREET EAST APARTMENTS | 20 FULTON STREET EAST II APARTMENTS,phase_or_component_evidence,new_two_read_review,2026-08-11,2026-08-11,2026-08-11,public_directory_sitemap,https://section8search.org/sitemap.xml | https://affordablehousinghub.org/sitemap.xml,not_approved,FALSE,2,2,2,retain_each,retain_each,2,Section8Search: 20 FULTON STREET EAST APARTMENTS | Section8Search: 20 FULTON STREET EAST II APARTMENTS,public_housing_directory,https://section8search.org/michigan/grand-rapids/20-fulton-street-east-apartments/jyeayci64jamculcctsklrfh | https://section8search.org/michigan/grand-rapids/20-fulton-street-east-ii-apartments/rnuw112bfx7tnav8v7tbt26u,city_state_only,distinct_phases_or_components_common_address,corroborates_all_listed_members_and_address,distinct_phases_or_components_common_address
SAQ_0582,MI|595 MEADOWS DR|GRAYLING,WHISPERING PINES SENIOR | WHISPERING PINES SENIOR (GRAYLING),shared_address_only,new_two_read_review,2026-08-11,2026-08-11,2026-08-11,public_directory_sitemap,https://section8search.org/sitemap.xml | https://affordablehousinghub.org/sitemap.xml,not_approved,FALSE,2,1,1,merge_all,merge_all,2,Section8Search: WHISPERING PINES SENIOR | Section8Search: WHISPERING PINES SENIOR (GRAYLING),public_housing_directory,https://section8search.org/michigan/grayling/whispering-pines-senior-grayling/pnqhs152l8au9j8vf5pgv5qv | https://section8search.org/michigan/grayling/whispering-pines-senior/uu3ibsitu3sj4v8axl5gzvt2,city_state_only | exact_standardized_site,later_financing_or_renamed_same_physical_development,corroborates_all_listed_members_and_address,later_financing_or_renamed_same_physical_development
SAQ_0583,MI|1200 E WASHINGTON ST|GREENVILLE,CENTURY PLACE APTS I | CENTURY PLACE APTS II,phase_or_component_evidence,new_two_read_review,2026-08-11,2026-08-11,2026-08-11,public_directory_sitemap,https://section8search.org/sitemap.xml | https://affordablehousinghub.org/sitemap.xml,not_approved,FALSE,2,2,2,retain_each,retain_each,2,Affordable Housing Hub: CENTURY PLACE APTS I | Affordable Housing Hub: CENTURY PLACE APTS II,public_housing_directory,https://affordablehousinghub.org/housing/michigan/montcalm-county/greenville/century-place-apts-i-14101-lihtc | https://affordablehousinghub.org/housing/michigan/montcalm-county/greenville/century-place-apts-ii-14102-lihtc,address_not_extracted,distinct_phases_or_components_common_address,corroborates_all_listed_members_and_address,distinct_phases_or_components_common_address
SAQ_0584,MI|369 GLENDALE ST|HIGHLAND PARK,BELLA VISTA GLEN | HOWARD PLACE APTS,shared_address_only,new_two_read_review,2026-08-11,2026-08-11,2026-08-11,public_directory_sitemap,https://section8search.org/sitemap.xml | https://affordablehousinghub.org/sitemap.xml,not_approved,FALSE,2,2,2,retain_each,retain_each,2,Affordable Housing Hub: HOWARD PLACE APTS | Section8Search: BELLA VISTA GLEN,public_housing_directory,https://affordablehousinghub.org/housing/michigan/wayne-county/highland-park/howard-place-apts-14248-lihtc | https://section8search.org/michigan/highland-park/bella-vista-glen/h5x35fg15obd3kbfntfszgyt,address_not_extracted | exact_standardized_site,shared_address_without_sufficient_identity_evidence,corroborates_all_listed_members_and_address,shared_address_without_sufficient_identity_evidence
SAQ_0585,MI|755 E 16TH ST|HOLLAND,WAVERLY MEADOWS I | WAVERLY MEADOWS II,phase_or_component_evidence,new_two_read_review,2026-08-11,2026-08-11,2026-08-11,public_directory_sitemap,https://section8search.org/sitemap.xml | https://affordablehousinghub.org/sitemap.xml,not_approved,FALSE,2,2,2,retain_each,retain_each,2,Section8Search: WAVERLY MEADOWS I | Section8Search: WAVERLY MEADOWS II,public_housing_directory,https://section8search.org/michigan/holland/waverly-meadows-i/sbpd3euvphsko99hdni6xf8l | https://section8search.org/michigan/holland/waverly-meadows-ii/uyeuepcqklx3qal0q4j7sdqt,exact_standardized_site,distinct_phases_or_components_common_address,corroborates_all_listed_members_and_address,distinct_phases_or_components_common_address
SAQ_0586,MI|6550 KING RD|MARINE CITY,MARINER COVE APTS | MARINER COVE SENIOR APTS,shared_address_only,new_two_read_review,2026-08-11,2026-08-11,2026-08-11,public_directory_sitemap,https://section8search.org/sitemap.xml | https://affordablehousinghub.org/sitemap.xml,not_approved,FALSE,2,2,2,retain_each,retain_each,2,Section8Search: MARINER COVE APTS | Section8Search: MARINER COVE SENIOR APTS,public_housing_directory,https://section8search.org/michigan/marine-city/mariner-cove-apts/vzif3pydq6tr7dg5bvif8uii | https://section8search.org/michigan/marine-city/mariner-cove-senior-apts/uc0f9i8kfs3bo45wnb8d509k,exact_standardized_site,shared_address_without_sufficient_identity_evidence,corroborates_all_listed_members_and_address,shared_address_without_sufficient_identity_evidence
SAQ_0587,MI|1517 CANTERBURY TRL|MT PLEASANT,OXFORD ROW I | OXFORD ROW II,phase_or_component_evidence,new_two_read_review,2026-08-11,2026-08-11,2026-08-11,public_directory_sitemap,https://section8search.org/sitemap.xml | https://affordablehousinghub.org/sitemap.xml,not_approved,FALSE,2,2,2,retain_each,retain_each,2,Section8Search: OXFORD ROW I | Section8Search: OXFORD ROW II,public_housing_directory,https://section8search.org/michigan/mt-pleasant/oxford-row-i/ndjdwmr0d2g2g8vcmh6r3y1e | https://section8search.org/michigan/mt-pleasant/oxford-row-ii/c3wchyjgkrcc8ncsfb0bw63i,city_state_only,distinct_phases_or_components_common_address,corroborates_all_listed_members_and_address,distinct_phases_or_components_common_address
SAQ_0588,MI|4650 S ISABELLA RD|MT PLEASANT,SPRINGBROOK TOWNHOMES PHASE I | SPRINGBROOK TOWNHOMES PHASE II,phase_or_component_evidence,new_two_read_review,2026-08-11,2026-08-11,2026-08-11,public_directory_sitemap,https://section8search.org/sitemap.xml | https://affordablehousinghub.org/sitemap.xml,not_approved,FALSE,2,2,2,retain_each,retain_each,2,Section8Search: SPRINGBROOK TOWNHOMES PHASE I | Section8Search: SPRINGBROOK TOWNHOMES PHASE II,public_housing_directory,https://section8search.org/michigan/mt-pleasant/springbrook-townhomes-phase-i/eb3slkuir9tbbw4jpc8pm0o9 | https://section8search.org/michigan/mt-pleasant/springbrook-townhomes-phase-ii/giw300b3ytp5sxgjc8wzqhn3,exact_standardized_site,distinct_phases_or_components_common_address,corroborates_all_listed_members_and_address,distinct_phases_or_components_common_address
SAQ_0589,MI|5100 N EAGLE CRST|MT PLEASANT,ARBORS AT EAGLE CREST I | ARBORS AT EAGLE CREST II,phase_or_component_evidence,new_two_read_review,2026-08-11,2026-08-11,2026-08-11,public_directory_sitemap,https://section8search.org/sitemap.xml | https://affordablehousinghub.org/sitemap.xml,not_approved,FALSE,2,2,2,retain_each,retain_each,2,Section8Search: ARBORS AT EAGLE CREST I | Section8Search: ARBORS AT EAGLE CREST II,public_housing_directory,https://section8search.org/michigan/mt-pleasant/arbors-at-eagle-crest-i/svf02ipu7pbiys3a4o26b8e5 | https://section8search.org/michigan/mt-pleasant/arbors-at-eagle-crest-ii/n3p2mlpfx94t3e69zov4i75d,exact_standardized_site,distinct_phases_or_components_common_address,corroborates_all_listed_members_and_address,distinct_phases_or_components_common_address
SAQ_0590,MI|1100 KILLMASTER DR|OSCODA,ALDERSGATE VILLAGE I | ALDERSGATE VILLAGE II,phase_or_component_evidence,new_two_read_review,2026-08-11,2026-08-11,2026-08-11,public_directory_sitemap,https://section8search.org/sitemap.xml | https://affordablehousinghub.org/sitemap.xml,not_approved,FALSE,2,2,2,retain_each,retain_each,2,Section8Search: ALDERSGATE VILLAGE I | Section8Search: ALDERSGATE VILLAGE II,public_housing_directory,https://section8search.org/michigan/oscoda/aldersgate-village-i/j0zj4k36gi19ulkr7pwcshx8 | https://section8search.org/michigan/oscoda/aldersgate-village-ii/x98ar3y9i7dj529n0q2i1738,exact_standardized_site,distinct_phases_or_components_common_address,corroborates_all_listed_members_and_address,distinct_phases_or_components_common_address
SAQ_0591,MI|450 HAYMAC DR|PARCHMENT,MILL PARK TOWNHOMES PHASE I | MILL PARK TOWNHOMES PHASE II,phase_or_component_evidence,new_two_read_review,2026-08-11,2026-08-11,2026-08-11,public_directory_sitemap,https://section8search.org/sitemap.xml | https://affordablehousinghub.org/sitemap.xml,not_approved,FALSE,2,2,2,retain_each,retain_each,2,Affordable Housing Hub: MILL PARK TOWNHOMES PHASE I | Section8Search: MILL PARK TOWNHOMES PHASE II,public_housing_directory,https://affordablehousinghub.org/housing/michigan/kalamazoo-county/parchment/mill-park-townhomes-phase-i-14386-lihtc | https://section8search.org/michigan/parchment/mill-park-townhomes-phase-ii/mug0yavqt7wz4u5pr60ss8v6,address_not_extracted | exact_standardized_site,distinct_phases_or_components_common_address,corroborates_all_listed_members_and_address,distinct_phases_or_components_common_address
SAQ_0592,MI|1301 WOODLAKE LN|PONTIAC,WOODLAKE HILLS I | WOODLAKE HILLS II,phase_or_component_evidence,new_two_read_review,2026-08-11,2026-08-11,2026-08-11,public_directory_sitemap,https://section8search.org/sitemap.xml | https://affordablehousinghub.org/sitemap.xml,not_approved,FALSE,2,2,2,retain_each,retain_each,2,Section8Search: WOODLAKE HILLS I | Section8Search: WOODLAKE HILLS II,public_housing_directory,https://section8search.org/michigan/pontiac/woodlake-hills-i/eprx4lz5xwio4hof6nxps0nq | https://section8search.org/michigan/pontiac/woodlake-hills-ii/oeegj0y7tl8hby9vcbhxkf9n,exact_standardized_site,distinct_phases_or_components_common_address,corroborates_all_listed_members_and_address,distinct_phases_or_components_common_address
SAQ_0593,MI|359 VESTRY DR|SAGINAW,BRIDGTON TOWNHOMES | WICKES PARK HOMES,shared_address_only,new_two_read_review,2026-08-11,2026-08-11,2026-08-11,public_directory_sitemap,https://section8search.org/sitemap.xml | https://affordablehousinghub.org/sitemap.xml,not_approved,FALSE,2,2,2,retain_each,retain_each,2,Section8Search: BRIDGTON TOWNHOMES | Section8Search: WICKES PARK HOMES,public_housing_directory,https://section8search.org/michigan/saginaw/bridgton-townhomes/d4aa2mnllnuiuori2pa8ugfz | https://section8search.org/michigan/saginaw/wickes-park-homes/i5918ol9c3xd72jjk7ttjz87,exact_standardized_site,shared_address_without_sufficient_identity_evidence,corroborates_all_listed_members_and_address,shared_address_without_sufficient_identity_evidence
SAQ_0594,MI|3670 HESS AVE|SAGINAW,THE CROSSINGS AT BUENA VISTA PHASE I | THE CROSSINGS AT BUENA VISTA PHASE II,phase_or_component_evidence,new_two_read_review,2026-08-11,2026-08-11,2026-08-11,public_directory_sitemap,https://section8search.org/sitemap.xml | https://affordablehousinghub.org/sitemap.xml,not_approved,FALSE,2,2,2,retain_each,retain_each,2,Section8Search: THE CROSSINGS AT BUENA VISTA PHASE I | Section8Search: THE CROSSINGS AT BUENA VISTA PHASE II,public_housing_directory,https://section8search.org/michigan/saginaw/the-crossings-at-buena-vista-phase-i/n4r2xoy1ic5u2mnnko5wx5x8 | https://section8search.org/michigan/saginaw/the-crossings-at-buena-vista-phase-ii/svphf77pcrk18rgyxhc7cquj,exact_standardized_site,distinct_phases_or_components_common_address,corroborates_all_listed_members_and_address,distinct_phases_or_components_common_address
SAQ_0595,MI|1185 EAGLE DR|WAYLAND,SAWMILL ESTATES FAMILY | SAWMILL ESTATES SENIOR,shared_address_only,new_two_read_review,2026-08-11,2026-08-11,2026-08-11,public_directory_sitemap,https://section8search.org/sitemap.xml | https://affordablehousinghub.org/sitemap.xml,not_approved,FALSE,2,2,2,retain_each,retain_each,2,Affordable Housing Hub: SAWMILL ESTATES FAMILY | Section8Search: SAWMILL ESTATES SENIOR,public_housing_directory,https://affordablehousinghub.org/housing/michigan/allegan-county/wayland/sawmill-estates-family-14765-lihtc | https://section8search.org/michigan/wayland/sawmill-estates-senior/eggwcrjs9dg4k3ur6kfhi4k5,address_not_extracted | exact_standardized_site,shared_address_without_sufficient_identity_evidence,corroborates_all_listed_members_and_address,shared_address_without_sufficient_identity_evidence
SAQ_0596,MI|1845 S FIRST ST|WEST BRANCH,SOUTHSIDE APTS I | SOUTHSIDE APTS II,phase_or_component_evidence,new_two_read_review,2026-08-11,2026-08-11,2026-08-11,public_directory_sitemap,https://section8search.org/sitemap.xml | https://affordablehousinghub.org/sitemap.xml,not_approved,FALSE,2,2,2,retain_each,retain_each,2,Section8Search: SOUTHSIDE APTS I | Section8Search: SOUTHSIDE APTS II,public_housing_directory,https://section8search.org/michigan/west-branch/southside-apts-i/l2q9mh32ahm6vc33534snjdk | https://section8search.org/michigan/west-branch/southside-apts-ii/fkuz7nqjori3czgfwjh4qdby,exact_standardized_site,distinct_phases_or_components_common_address,corroborates_all_listed_members_and_address,distinct_phases_or_components_common_address
SAQ_0597,MI|596 S HAMILTON ST|YPSILANTI,HAMILTON CROSSING PHASE I | HAMILTON CROSSING PHASE II,phase_or_component_evidence,new_two_read_review,2026-08-11,2026-08-11,2026-08-11,public_directory_sitemap,https://section8search.org/sitemap.xml | https://affordablehousinghub.org/sitemap.xml,not_approved,FALSE,2,2,2,retain_each,retain_each,2,Section8Search: HAMILTON CROSSING PHASE I | Section8Search: HAMILTON CROSSING PHASE II,public_housing_directory,https://section8search.org/michigan/ypsilanti/hamilton-crossing-phase-i/w2sxoow2rvdh4xysgrk3yxoy | https://section8search.org/michigan/ypsilanti/hamilton-crossing-phase-ii/cnbzomqd8ms5bryd8e0z2fav,exact_standardized_site,distinct_phases_or_components_common_address,corroborates_all_listed_members_and_address,distinct_phases_or_components_common_address
SAQ_0598,MN|1600 E 19TH ST|MINNEAPOLIS,ANISHINABE BII GII WIIN | ANISHINABE WAKIAGUN,shared_address_only,new_two_read_review,2026-08-11,2026-08-11,2026-08-11,public_directory_sitemap,https://section8search.org/sitemap.xml | https://affordablehousinghub.org/sitemap.xml,not_approved,FALSE,2,2,2,retain_each,retain_each,2,Section8Search: ANISHINABE BII GII WIIN | Section8Search: ANISHINABE WAKIAGUN,public_housing_directory,https://section8search.org/minnesota/minneapolis/anishinabe-bii-gii-wiin/kvrdfl6w1wr1zhcqb4mprhkx | https://section8search.org/minnesota/minneapolis/anishinabe-wakiagun/n1sqjckisfyri8x5geufjfbx,city_state_only,shared_address_without_sufficient_identity_evidence,corroborates_all_listed_members_and_address,shared_address_without_sufficient_identity_evidence
SAQ_0599,MN|46 E FOURTH ST|SAINT PAUL,MINNESOTA PLACE | MINNESOTA VISTAS,shared_address_only,new_two_read_review,2026-08-11,2026-08-11,2026-08-11,public_directory_sitemap,https://section8search.org/sitemap.xml | https://affordablehousinghub.org/sitemap.xml,not_approved,FALSE,2,2,2,retain_each,retain_each,2,Section8Search: MINNESOTA PLACE | Section8Search: MINNESOTA VISTAS,public_housing_directory,https://section8search.org/minnesota/saint-paul/minnesota-place/r72l9fl8bhdt0w8h8kzulmxv | https://section8search.org/minnesota/saint-paul/minnesota-vistas/diz5yiyc48z5jkzokius6f7g,city_state_only,shared_address_without_sufficient_identity_evidence,corroborates_all_listed_members_and_address,shared_address_without_sufficient_identity_evidence
SAQ_0600,MO|150 LOST TREE DR|BRANSON,LOST TREE PHASE I | LOST TREE PHASE II | LOST TREE PHASE III,phase_or_component_evidence,new_two_read_review,2026-08-11,2026-08-11,2026-08-11,public_directory_sitemap,https://section8search.org/sitemap.xml | https://affordablehousinghub.org/sitemap.xml,not_approved,FALSE,3,3,3,retain_each,retain_each,3,Section8Search: LOST TREE PHASE I | Section8Search: LOST TREE PHASE II | Section8Search: LOST TREE PHASE III,public_housing_directory,https://section8search.org/missouri/branson/lost-tree-phase-i/hfd3u2qtw2s4o80vscwydf4z | https://section8search.org/missouri/branson/lost-tree-phase-ii/cl441fwpindlsc87m8ihgzn0 | https://section8search.org/missouri/branson/lost-tree-phase-iii/j7aop3x3zi437jkzm20h5kq9,exact_standardized_site,distinct_phases_or_components_common_address,corroborates_all_listed_members_and_address,distinct_phases_or_components_common_address
SAQ_0601,MO|2026 BIRD RD|BRANSON,VALLEY RIDGE RESIDENCES I | VALLEY RIDGE RESIDENCES II | VALLEY RIDGE RESIDENCES III,phase_or_component_evidence,new_two_read_review,2026-08-11,2026-08-11,2026-08-11,public_directory_sitemap,https://section8search.org/sitemap.xml | https://affordablehousinghub.org/sitemap.xml,not_approved,FALSE,3,3,3,retain_each,retain_each,3,Affordable Housing Hub: VALLEY RIDGE RESIDENCES II | Affordable Housing Hub: VALLEY RIDGE RESIDENCES III | Section8Search: VALLEY RIDGE RESIDENCES I,public_housing_directory,https://affordablehousinghub.org/housing/missouri/taney-county/branson/valley-ridge-residences-ii-17079-lihtc | https://affordablehousinghub.org/housing/missouri/taney-county/branson/valley-ridge-residences-iii-16907-lihtc | https://section8search.org/missouri/branson/valley-ridge-residences-i/f9leb5pl7k3nuljyzox6iv6c,address_not_extracted | exact_standardized_site,distinct_phases_or_components_common_address,corroborates_all_listed_members_and_address,distinct_phases_or_components_common_address
SAQ_0602,MO|903 PKWY DR|CABOOL,CABOOL APTS I | CABOOL APTS II,phase_or_component_evidence,new_two_read_review,2026-08-11,2026-08-11,2026-08-11,public_directory_sitemap,https://section8search.org/sitemap.xml | https://affordablehousinghub.org/sitemap.xml,not_approved,FALSE,2,2,2,retain_each,retain_each,2,Section8Search: CABOOL APTS I | Section8Search: CABOOL APTS II,public_housing_directory,https://section8search.org/missouri/cabool/cabool-apts-i/yt1ijbp72oitzo6o2a5lpiqw | https://section8search.org/missouri/cabool/cabool-apts-ii/dje00sz299q8q1w6bviyawom,exact_standardized_site,distinct_phases_or_components_common_address,corroborates_all_listed_members_and_address,distinct_phases_or_components_common_address
SAQ_0603,MO|1735 HAZEL AVE|CARTHAGE,MORITZ PLACE PHASE I | MORITZ PLACE PHASE II,phase_or_component_evidence,new_two_read_review,2026-08-11,2026-08-11,2026-08-11,public_directory_sitemap,https://section8search.org/sitemap.xml | https://affordablehousinghub.org/sitemap.xml,not_approved,FALSE,2,2,2,retain_each,retain_each,2,Affordable Housing Hub: MORITZ PLACE PHASE I | Section8Search: MORITZ PLACE PHASE II,public_housing_directory,https://affordablehousinghub.org/housing/missouri/jasper-county/carthage/moritz-place-phase-i-16698-lihtc | https://section8search.org/missouri/carthage/moritz-place-phase-ii/t0s72nu4ixyz3f5fmtd99472,address_not_extracted | exact_standardized_site,distinct_phases_or_components_common_address,corroborates_all_listed_members_and_address,distinct_phases_or_components_common_address
SAQ_0604,MO|7000 N BUCKINGHAM SQ|COLUMBIA,NORTH HAMPTON PLACE | NORTH HAMPTON VILLAGE LP,shared_address_only,new_two_read_review,2026-08-11,2026-08-11,2026-08-11,public_directory_sitemap,https://section8search.org/sitemap.xml | https://affordablehousinghub.org/sitemap.xml,not_approved,FALSE,2,2,2,retain_each,retain_each,2,Affordable Housing Hub: NORTH HAMPTON VILLAGE LP | Section8Search: NORTH HAMPTON PLACE,public_housing_directory,https://affordablehousinghub.org/housing/missouri/boone-county/columbia/north-hampton-village-lp-16721-lihtc | https://section8search.org/missouri/columbia/north-hampton-place/ptog18zppa4m7l2wo9wnli70,address_not_extracted | exact_standardized_site,shared_address_without_sufficient_identity_evidence,corroborates_all_listed_members_and_address,shared_address_without_sufficient_identity_evidence
SAQ_0605,MO|312 HARDY ST|DUENWEG,DUENWEG APTS | DUENWEG APTS II,shared_address_only,new_two_read_review,2026-08-11,2026-08-11,2026-08-11,public_directory_sitemap,https://section8search.org/sitemap.xml | https://affordablehousinghub.org/sitemap.xml,not_approved,FALSE,2,2,2,retain_each,retain_each,2,Section8Search: DUENWEG APTS | Section8Search: DUENWEG APTS II,public_housing_directory,https://section8search.org/missouri/duenweg/duenweg-apts-ii/sroe8zt0anxccqb1f8qhnkz7 | https://section8search.org/missouri/duenweg/duenweg-apts/d0dugeb2vi72mediu1s7rxss,address_not_extracted | exact_standardized_site,shared_address_without_sufficient_identity_evidence,corroborates_all_listed_members_and_address,shared_address_without_sufficient_identity_evidence
SAQ_0606,MO|201 LODWICK LN|EXCELSIOR SPRINGS,MEADOW VIEW APTS | MEADOWVIEW I APARTMENTS& MEADOWVIEW II A,shared_address_only,new_two_read_review,2026-08-11,2026-08-11,2026-08-11,public_directory_sitemap,https://section8search.org/sitemap.xml | https://affordablehousinghub.org/sitemap.xml,not_approved,FALSE,2,2,2,retain_each,retain_each,2,Section8Search: MEADOW VIEW APTS | Section8Search: MEADOWVIEW I APARTMENTS& MEADOWVIEW II A,public_housing_directory,https://section8search.org/missouri/excelsior-springs/meadow-view-apts/ndv3c1sb895ptscmlismnzoz | https://section8search.org/missouri/excelsior-springs/meadowview-i-apartments-meadowview-ii-a/x04t37pjl9p9j4hhfi0pkgab,city_state_only | exact_standardized_site,shared_address_without_sufficient_identity_evidence,corroborates_all_listed_members_and_address,shared_address_without_sufficient_identity_evidence
SAQ_0607,MO|1 OAK KNOLL DR|FESTUS,OAK KNOLL APTS | OAK KNOLL APTS PHASE II,phase_or_component_evidence,new_two_read_review,2026-08-11,2026-08-11,2026-08-11,public_directory_sitemap,https://section8search.org/sitemap.xml | https://affordablehousinghub.org/sitemap.xml,not_approved,FALSE,2,2,2,retain_each,retain_each,2,Section8Search: OAK KNOLL APTS | Section8Search: OAK KNOLL APTS PHASE II,public_housing_directory,https://section8search.org/missouri/festus/oak-knoll-apts-phase-ii/jk1eko52ehmow8fv74baqs0h | https://section8search.org/missouri/festus/oak-knoll-apts/wn4hooxufna4mjlmx9tfa6he,exact_standardized_site,distinct_phases_or_components_common_address,corroborates_all_listed_members_and_address,distinct_phases_or_components_common_address
SAQ_0608,MO|202 CENTERVILLE RD|HANNIBAL,HANNIBAL APTS | OAKVIEW APTS,shared_address_only,new_two_read_review,2026-08-11,2026-08-11,2026-08-11,public_directory_sitemap,https://section8search.org/sitemap.xml | https://affordablehousinghub.org/sitemap.xml,not_approved,FALSE,2,2,2,retain_each,retain_each,2,Section8Search: HANNIBAL APTS | Section8Search: OAKVIEW APTS,public_housing_directory,https://section8search.org/missouri/hannibal/hannibal-apts/navh1ogbjptocuh0gt7pmqcd | https://section8search.org/missouri/hannibal/oakview-apts/b4ngv1x1jeubotm9xpa6si9a,exact_standardized_site,shared_address_without_sufficient_identity_evidence,corroborates_all_listed_members_and_address,shared_address_without_sufficient_identity_evidence
SAQ_0609,MO|135 S SHAWNEE BLVD|JACKSON,JACKSON VILLA | JACKSON VILLA 2,shared_address_only,new_two_read_review,2026-08-11,2026-08-11,2026-08-11,public_directory_sitemap,https://section8search.org/sitemap.xml | https://affordablehousinghub.org/sitemap.xml,not_approved,FALSE,2,2,2,retain_each,retain_each,2,Section8Search: JACKSON VILLA | Section8Search: JACKSON VILLA 2,public_housing_directory,https://section8search.org/missouri/jackson/jackson-villa-2/kftvjq1qd1tvfz45a6mht5c5 | https://section8search.org/missouri/jackson/jackson-villa/wgqcempeprekc5dqc5mx9b41,exact_standardized_site,shared_address_without_sufficient_identity_evidence,corroborates_all_listed_members_and_address,shared_address_without_sufficient_identity_evidence
SAQ_0610,MO|2407 E LINWOOD BLVD|KANSAS CITY,JUSTIN PLACE APTS | LINWOOD BLVD APTS,shared_address_only,new_two_read_review,2026-08-11,2026-08-11,2026-08-11,public_directory_sitemap,https://section8search.org/sitemap.xml | https://affordablehousinghub.org/sitemap.xml,not_approved,FALSE,2,2,2,retain_each,retain_each,2,Section8Search: JUSTIN PLACE APTS | Section8Search: LINWOOD BLVD APTS,public_housing_directory,https://section8search.org/missouri/kansas-city/justin-place-apts/mclm0trkk8xdcr3err0c9wey | https://section8search.org/missouri/kansas-city/linwood-blvd-apts/yw41z0h4pj5xi01web3k5lsb,city_state_only | exact_standardized_site,shared_address_without_sufficient_identity_evidence,corroborates_all_listed_members_and_address,shared_address_without_sufficient_identity_evidence
SAQ_0611,MO|4226 PASEO BLVD|KANSAS CITY,4226-32 PASEO | FOUR-PLEX BUILDING,shared_address_only,new_two_read_review,2026-08-11,2026-08-11,2026-08-11,public_directory_sitemap,https://section8search.org/sitemap.xml | https://affordablehousinghub.org/sitemap.xml,not_approved,FALSE,2,2,2,retain_each,retain_each,2,Affordable Housing Hub: 4226-32 PASEO | Affordable Housing Hub: FOUR-PLEX BUILDING,public_housing_directory,https://affordablehousinghub.org/housing/missouri/jackson-county/kansas-city/4226-32-paseo-16122-lihtc | https://affordablehousinghub.org/housing/missouri/jackson-county/kansas-city/four-plex-building-16289-lihtc,address_not_extracted,shared_address_without_sufficient_identity_evidence,corroborates_all_listed_members_and_address,shared_address_without_sufficient_identity_evidence
SAQ_0612,MO|911 S APACHE DR|MARSHALL,911 S APACHE DR | WESTPORT VILLAGE,shared_address_only,new_two_read_review,2026-08-11,2026-08-11,2026-08-11,public_directory_sitemap,https://section8search.org/sitemap.xml | https://affordablehousinghub.org/sitemap.xml,not_approved,FALSE,2,2,2,retain_each,retain_each,2,Section8Search: 911 S APACHE DR | Section8Search: WESTPORT VILLAGE,public_housing_directory,https://section8search.org/missouri/marshall/911-s-apache-dr/a8h139dki45bms95jm798tgv | https://section8search.org/missouri/marshall/westport-village/d6v55yx72q3lpxo0s93x00mq,city_state_only | exact_standardized_site,shared_address_without_sufficient_identity_evidence,corroborates_all_listed_members_and_address,shared_address_without_sufficient_identity_evidence
SAQ_0613,MO|12 GATEWAY SQ|MONROE CITY,BELLE FIELD APTS | BELLEFIELD ESTATES,shared_address_only,new_two_read_review,2026-08-11,2026-08-11,2026-08-11,public_directory_sitemap,https://section8search.org/sitemap.xml | https://affordablehousinghub.org/sitemap.xml,not_approved,FALSE,2,2,2,retain_each,retain_each,2,Section8Search: BELLE FIELD APTS | Section8Search: BELLEFIELD ESTATES,public_housing_directory,https://section8search.org/missouri/monroe-city/belle-field-apts/nwhv84cnzoyvwiff2qduy3ad | https://section8search.org/missouri/monroe-city/bellefield-estates/thx4xan73l8mp69bll7q4t30,exact_standardized_site,shared_address_without_sufficient_identity_evidence,corroborates_all_listed_members_and_address,shared_address_without_sufficient_identity_evidence
SAQ_0614,MO|907 N ASH ST|MOUNTAIN VIEW,NORTH ASH STREET | VALLEY VIEW APTS II | VALLEY VIEW APTS III,phase_or_component_evidence,new_two_read_review,2026-08-11,2026-08-11,2026-08-11,public_directory_sitemap,https://section8search.org/sitemap.xml | https://affordablehousinghub.org/sitemap.xml,not_approved,FALSE,3,3,3,retain_each,retain_each,3,Section8Search: NORTH ASH STREET | Section8Search: VALLEY VIEW APTS II | Section8Search: VALLEY VIEW APTS III,public_housing_directory,https://section8search.org/missouri/mountain-view/north-ash-street/rjg35wsxuj9ql97umk2fhglh | https://section8search.org/missouri/mountain-view/valley-view-apts-ii/kovp3fgm29ahjejujn5r73jd | https://section8search.org/missouri/mountain-view/valley-view-apts-iii/ym58ahkhmmjy7jl5tywwkpii,address_not_extracted | exact_standardized_site,distinct_phases_or_components_common_address,corroborates_all_listed_members_and_address,distinct_phases_or_components_common_address
SAQ_0615,MO|202 S TRUMAN BLVD|NIXA,ABBEY ORCHARD APTS II | BRANSON/CHRISTIAN CO,shared_address_only,new_two_read_review,2026-08-11,2026-08-11,2026-08-11,public_directory_sitemap,https://section8search.org/sitemap.xml | https://affordablehousinghub.org/sitemap.xml,not_approved,FALSE,2,2,2,retain_each,retain_each,2,Affordable Housing Hub: BRANSON/CHRISTIAN CO | Section8Search: ABBEY ORCHARD APTS II,public_housing_directory,https://affordablehousinghub.org/housing/missouri/christian-county/nixa/branson-christian-co-16500-lihtc | https://section8search.org/missouri/nixa/abbey-orchard-apts-ii/a4mydq9p7ztczypi04x69aep,address_not_extracted | exact_standardized_site,shared_address_without_sufficient_identity_evidence,corroborates_all_listed_members_and_address,shared_address_without_sufficient_identity_evidence
SAQ_0616,MO|840 S RED MAPLE CT|NIXA,FOREST PARK | VILLAS AT FOREST PARK,shared_address_only,new_two_read_review,2026-08-11,2026-08-11,2026-08-11,public_directory_sitemap,https://section8search.org/sitemap.xml | https://affordablehousinghub.org/sitemap.xml,not_approved,FALSE,2,2,2,retain_each,retain_each,2,Section8Search: FOREST PARK | Section8Search: VILLAS AT FOREST PARK,public_housing_directory,https://section8search.org/missouri/nixa/forest-park/keypn5ybpgz6jykzkq9e9dbr | https://section8search.org/missouri/nixa/villas-at-forest-park/gc7uizwjebzrinrhjkrwczz3,exact_standardized_site,shared_address_without_sufficient_identity_evidence,corroborates_all_listed_members_and_address,shared_address_without_sufficient_identity_evidence
SAQ_0617,MO|1821 S MAIN ST|PALMYRA,ANDERSON COUNTRY ESTATES | ANDERSON ESTATES,shared_address_only,new_two_read_review,2026-08-11,2026-08-11,2026-08-11,public_directory_sitemap,https://section8search.org/sitemap.xml | https://affordablehousinghub.org/sitemap.xml,not_approved,FALSE,2,2,2,retain_each,retain_each,2,Section8Search: ANDERSON COUNTRY ESTATES | Section8Search: ANDERSON ESTATES,public_housing_directory,https://section8search.org/missouri/palmyra/anderson-country-estates/gykasqxkho0e7nvtsv2pc7gu | https://section8search.org/missouri/palmyra/anderson-estates/onkq0dbcnedqv9b1xj7zj0gv,address_not_extracted | exact_standardized_site,shared_address_without_sufficient_identity_evidence,corroborates_all_listed_members_and_address,shared_address_without_sufficient_identity_evidence
SAQ_0618,MO|201 BUSINESS HWY 37|PURDY,PURDY SENIOR II | PURDY SENIORS I,phase_or_component_evidence,new_two_read_review,2026-08-11,2026-08-11,2026-08-11,public_directory_sitemap,https://section8search.org/sitemap.xml | https://affordablehousinghub.org/sitemap.xml,not_approved,FALSE,2,2,2,retain_each,retain_each,2,Section8Search: PURDY SENIOR II | Section8Search: PURDY SENIORS I,public_housing_directory,https://section8search.org/missouri/purdy/purdy-senior-ii/lolfn1hpp6kto54vfsp4dgn9 | https://section8search.org/missouri/purdy/purdy-seniors-i/rohtqq800in2o9s4fprva4nk,exact_standardized_site,distinct_phases_or_components_common_address,corroborates_all_listed_members_and_address,distinct_phases_or_components_common_address
SAQ_0619,MO|1405 E HINES ST|REPUBLIC,REPUBLIC APTS III | REPUBLIC HEIGHTS APTS,shared_address_only,new_two_read_review,2026-08-11,2026-08-11,2026-08-11,public_directory_sitemap,https://section8search.org/sitemap.xml | https://affordablehousinghub.org/sitemap.xml,not_approved,FALSE,2,2,2,retain_each,retain_each,2,Section8Search: REPUBLIC APTS III | Section8Search: REPUBLIC HEIGHTS APTS,public_housing_directory,https://section8search.org/missouri/republic/republic-apts-iii/h4wchx8lfj5c7x2t2adcypqq | https://section8search.org/missouri/republic/republic-heights-apts/dmvvprt1fy04d5qewyyggkke,exact_standardized_site,shared_address_without_sufficient_identity_evidence,corroborates_all_listed_members_and_address,shared_address_without_sufficient_identity_evidence
SAQ_0620,MO|2800 W CLAY VALLEY DR|SAINT CHARLES,WEST CLAY SENIOR LIVING | WEST CLAY SENIOR LIVING PHASE II,shared_address_only,new_two_read_review,2026-08-11,2026-08-11,2026-08-11,public_directory_sitemap,https://section8search.org/sitemap.xml | https://affordablehousinghub.org/sitemap.xml,not_approved,FALSE,2,2,2,retain_each,retain_each,2,Section8Search: WEST CLAY SENIOR LIVING | Section8Search: WEST CLAY SENIOR LIVING PHASE II,public_housing_directory,https://section8search.org/missouri/saint-charles/west-clay-senior-living-phase-ii/fas4birs374hqk0quip5e77a | https://section8search.org/missouri/saint-charles/west-clay-senior-living/mds44ny93k2iei801aii4moe,city_state_only,shared_address_without_sufficient_identity_evidence,corroborates_all_listed_members_and_address,shared_address_without_sufficient_identity_evidence
SAQ_0621,MO|224 S OHIO AVE|SEDALIA,COMMERCE BUILDING LOFTS | FOURTH & OHIO,shared_address_only,new_two_read_review,2026-08-11,2026-08-11,2026-08-11,public_directory_sitemap,https://section8search.org/sitemap.xml | https://affordablehousinghub.org/sitemap.xml,not_approved,FALSE,2,2,2,retain_each,retain_each,2,Affordable Housing Hub: FOURTH & OHIO | Section8Search: COMMERCE BUILDING LOFTS,public_housing_directory,https://affordablehousinghub.org/housing/missouri/pettis-county/sedalia/fourth-ohio-16747-lihtc | https://section8search.org/missouri/sedalia/commerce-building-lofts/eidhh1oj3hwpt52jl3ms7vha,address_not_extracted | exact_standardized_site,shared_address_without_sufficient_identity_evidence,corroborates_all_listed_members_and_address,shared_address_without_sufficient_identity_evidence
SAQ_0622,MO|2100 N CLIFTON AVE|SPRINGFIELD,JOHN B HUGHES APTS II | WILSHIRE-HUGHES II,phase_or_component_evidence,new_two_read_review,2026-08-11,2026-08-11,2026-08-11,public_directory_sitemap,https://section8search.org/sitemap.xml | https://affordablehousinghub.org/sitemap.xml,not_approved,FALSE,2,1,1,merge_all,merge_all,2,Affordable Housing Hub: WILSHIRE-HUGHES II | Section8Search: JOHN B HUGHES APTS II,public_housing_directory,https://affordablehousinghub.org/housing/missouri/greene-county/springfield/wilshire-hughes-ii-16998-lihtc | https://section8search.org/missouri/springfield/john-b-hughes-apts-ii/bdw1be7uvx1iujqxep7x7ija,address_not_extracted | exact_standardized_site,same_component_duplicate_reporting,corroborates_all_listed_members_and_address,same_component_duplicate_reporting
SAQ_0623,MO|2124 N CLIFTON AVE|SPRINGFIELD,JOHN B HUGHES APTS I | WILSHIRE-HUGHES I,phase_or_component_evidence,new_two_read_review,2026-08-11,2026-08-11,2026-08-11,public_directory_sitemap,https://section8search.org/sitemap.xml | https://affordablehousinghub.org/sitemap.xml,not_approved,FALSE,2,1,1,merge_all,merge_all,2,Affordable Housing Hub: WILSHIRE-HUGHES I | Section8Search: JOHN B HUGHES APTS I,public_housing_directory,https://affordablehousinghub.org/housing/missouri/greene-county/springfield/wilshire-hughes-i-17000-lihtc | https://section8search.org/missouri/springfield/john-b-hughes-apts-i/i91ps2ly94msarxcafjwgl9i,address_not_extracted | exact_standardized_site,same_component_duplicate_reporting,corroborates_all_listed_members_and_address,same_component_duplicate_reporting
SAQ_0624,MO|4301 N 20TH ST|ST LOUIS,4301-07 NORTH 20TH | SHERDAN APTS,shared_address_only,new_two_read_review,2026-08-11,2026-08-11,2026-08-11,public_directory_sitemap,https://section8search.org/sitemap.xml | https://affordablehousinghub.org/sitemap.xml,not_approved,FALSE,2,2,2,retain_each,retain_each,2,Affordable Housing Hub: 4301-07 NORTH 20TH | Section8Search: SHERDAN APTS,public_housing_directory,https://affordablehousinghub.org/housing/missouri/st-louis-city-county/st-louis/4301-07-north-20th-16919-lihtc | https://section8search.org/missouri/st-louis/sherdan-apts/e2xcer6vwf8c5zsgqfwieivw,address_not_extracted | exact_standardized_site,shared_address_without_sufficient_identity_evidence,corroborates_all_listed_members_and_address,shared_address_without_sufficient_identity_evidence
SAQ_0625,MS|373 S CANAL ST|CANTON,CANAL STREET D | CYPRESS MEADOW APTS | J W S APTS | JWS APTS,name_or_timing_evidence,new_two_read_review,2026-08-11,2026-08-11,2026-08-11,public_directory_sitemap,https://section8search.org/sitemap.xml | https://affordablehousinghub.org/sitemap.xml,not_approved,FALSE,4,3,3,partition,partition,4,Affordable Housing Hub: JWS APTS | Section8Search: CANAL STREET D | Section8Search: CYPRESS MEADOW APTS | Section8Search: J W S APTS,public_housing_directory,https://affordablehousinghub.org/housing/mississippi/madison-county/canton/jws-apts-19495-lihtc | https://section8search.org/mississippi/canton/canal-street-d/bca3kjh0m6pi8sc0n43k55m6 | https://section8search.org/mississippi/canton/cypress-meadow-apts/je4wiqk0bin27e2gft8nd82a | https://section8search.org/mississippi/canton/j-w-s-apts/m4r632ay1xgmhrc332wqts6m,address_not_extracted | exact_standardized_site,mixed_duplicate_and_distinct_components,corroborates_all_listed_members_and_address,mixed_duplicate_and_distinct_components
SAQ_0626,MS|373K N CANAL ST|CANTON,J W S APTS-K | JWS APTS BUILDING K,shared_address_only,new_two_read_review,2026-08-11,2026-08-11,2026-08-11,public_directory_sitemap,https://section8search.org/sitemap.xml | https://affordablehousinghub.org/sitemap.xml,not_approved,FALSE,2,2,2,retain_each,retain_each,2,Affordable Housing Hub: J W S APTS-K | Affordable Housing Hub: JWS APTS BUILDING K,public_housing_directory,https://affordablehousinghub.org/housing/mississippi/madison-county/canton/j-w-s-apts-k-19536-lihtc | https://affordablehousinghub.org/housing/mississippi/madison-county/canton/jws-apts-building-k-19493-lihtc,address_not_extracted,shared_address_without_sufficient_identity_evidence,corroborates_all_listed_members_and_address,shared_address_without_sufficient_identity_evidence
SAQ_0627,MS|373L N CANAL ST|CANTON,J W S APTS | J W S APTS-L | JWS APTS BUILDING L,phase_or_component_evidence,new_two_read_review,2026-08-11,2026-08-11,2026-08-11,public_directory_sitemap,https://section8search.org/sitemap.xml | https://affordablehousinghub.org/sitemap.xml,not_approved,FALSE,3,3,3,retain_each,retain_each,3,Affordable Housing Hub: J W S APTS-L | Affordable Housing Hub: JWS APTS BUILDING L | Section8Search: J W S APTS,public_housing_directory,https://affordablehousinghub.org/housing/mississippi/madison-county/canton/j-w-s-apts-l-19537-lihtc | https://affordablehousinghub.org/housing/mississippi/madison-county/canton/jws-apts-building-l-19494-lihtc | https://section8search.org/mississippi/canton/j-w-s-apts/m4r632ay1xgmhrc332wqts6m,address_not_extracted | city_state_only,distinct_phases_or_components_common_address,corroborates_all_listed_members_and_address,distinct_phases_or_components_common_address
SAQ_0628,MS|1769 PEARMAN RD|CLEVELAND,UNITED FAMILY LIFE VILLAGE II | UNITED FAMILY LIFE VILLAGE III,phase_or_component_evidence,new_two_read_review,2026-08-11,2026-08-11,2026-08-11,public_directory_sitemap,https://section8search.org/sitemap.xml | https://affordablehousinghub.org/sitemap.xml,not_approved,FALSE,2,2,2,retain_each,retain_each,2,Section8Search: UNITED FAMILY LIFE VILLAGE II | Section8Search: UNITED FAMILY LIFE VILLAGE III,public_housing_directory,https://section8search.org/mississippi/cleveland/united-family-life-village-ii/ug2vdg9gp7x0n9m4e3vz84jo | https://section8search.org/mississippi/cleveland/united-family-life-village-iii/svhnjy5gd5hwct7iz6740vku,exact_standardized_site,distinct_phases_or_components_common_address,corroborates_all_listed_members_and_address,distinct_phases_or_components_common_address
SAQ_0629,MS|3000 W NORTHSIDE DR|CLINTON,CLINTON HEIGHTS | THE HEIGHTS AT CLINTON,shared_address_only,new_two_read_review,2026-08-11,2026-08-11,2026-08-11,public_directory_sitemap,https://section8search.org/sitemap.xml | https://affordablehousinghub.org/sitemap.xml,not_approved,FALSE,2,1,1,merge_all,merge_all,1,Section8Search: CLINTON HEIGHTS,public_housing_directory,https://section8search.org/mississippi/clinton/clinton-heights/vxg0t83grrkskhhh7qx31nar,exact_standardized_site,later_financing_or_renamed_same_physical_development,corroborates_part_of_listed_members_and_address,later_financing_or_renamed_same_physical_development
SAQ_0630,MS|401 N BROADWAY ST|DREW,BROADWAY TERRACE | BROADWAY TERRACE APTS (89-070),phase_or_component_evidence,new_two_read_review,2026-08-11,2026-08-11,2026-08-11,public_directory_sitemap,https://section8search.org/sitemap.xml | https://affordablehousinghub.org/sitemap.xml,not_approved,FALSE,2,2,2,retain_each,retain_each,2,Affordable Housing Hub: BROADWAY TERRACE APTS (89-070) | Section8Search: BROADWAY TERRACE,public_housing_directory,https://affordablehousinghub.org/housing/mississippi/sunflower-county/drew/broadway-terrace-apts-89-070-18382-lihtc | https://section8search.org/mississippi/drew/broadway-terrace/lclgfq14re2gprpodimatgsv,address_not_extracted | exact_standardized_site,distinct_phases_or_components_common_address,corroborates_all_listed_members_and_address,distinct_phases_or_components_common_address
SAQ_0631,MS|1350 MOON LAKE RD|DUNDEE,CYPRESS VIEW ESTATES | LEAD-BAYOU-APTS,shared_address_only,new_two_read_review,2026-08-11,2026-08-11,2026-08-11,public_directory_sitemap,https://section8search.org/sitemap.xml | https://affordablehousinghub.org/sitemap.xml,not_approved,FALSE,2,2,2,retain_each,retain_each,2,Affordable Housing Hub: LEAD-BAYOU-APTS | Section8Search: CYPRESS VIEW ESTATES,public_housing_directory,https://affordablehousinghub.org/housing/mississippi/coahoma-county/dundee/lead-bayou-apts-19554-lihtc | https://section8search.org/mississippi/dundee/cypress-view-estates/jxmrkh5dk2wd2pc0j0ljfkjg,address_not_extracted | exact_standardized_site,shared_address_without_sufficient_identity_evidence,corroborates_all_listed_members_and_address,shared_address_without_sufficient_identity_evidence
SAQ_0632,MS|97 HARTWOOD ST|DURANT,HARTWOOD APARTMENTS I | HARTWOOD APARTMENTS II,phase_or_component_evidence,new_two_read_review,2026-08-11,2026-08-11,2026-08-11,public_directory_sitemap,https://section8search.org/sitemap.xml | https://affordablehousinghub.org/sitemap.xml,not_approved,FALSE,2,2,2,retain_each,retain_each,2,Section8Search: HARTWOOD APARTMENTS I | Section8Search: HARTWOOD APARTMENTS II,public_housing_directory,https://section8search.org/mississippi/durant/hartwood-apartments-i/ceu3r0rwp6tjz5fyj2r8srda | https://section8search.org/mississippi/durant/hartwood-apartments-ii/ehffltyms64aohv1ujswkqxd,city_state_only | exact_standardized_site,distinct_phases_or_components_common_address,corroborates_all_listed_members_and_address,distinct_phases_or_components_common_address
SAQ_0633,MS|738 W UNION ST|GREENVILLE,RIVERWALK APTS PHASE I | RIVERWALK APTS PHASE II,phase_or_component_evidence,new_two_read_review,2026-08-11,2026-08-11,2026-08-11,public_directory_sitemap,https://section8search.org/sitemap.xml | https://affordablehousinghub.org/sitemap.xml,not_approved,FALSE,2,2,2,retain_each,retain_each,2,Section8Search: RIVERWALK APTS PHASE I | Section8Search: RIVERWALK APTS PHASE II,public_housing_directory,https://section8search.org/mississippi/greenville/riverwalk-apts-phase-i/sjy7htnbugibftfvm7yzqvlw | https://section8search.org/mississippi/greenville/riverwalk-apts-phase-ii/qw43ooxrt9zrmsf5bgsttyka,exact_standardized_site,distinct_phases_or_components_common_address,corroborates_all_listed_members_and_address,distinct_phases_or_components_common_address
SAQ_0634,MS|3011 HWY 82 E|GREENWOOD,GREENWOOD PLACE | WILLIAMSBURG ESTATES I,shared_address_only,new_two_read_review,2026-08-11,2026-08-11,2026-08-11,public_directory_sitemap,https://section8search.org/sitemap.xml | https://affordablehousinghub.org/sitemap.xml,not_approved,FALSE,2,2,2,retain_each,retain_each,2,Section8Search: GREENWOOD PLACE | Section8Search: WILLIAMSBURG ESTATES I,public_housing_directory,https://section8search.org/mississippi/greenwood/greenwood-place/btut24r1r0yu5oyn2gpvgusz | https://section8search.org/mississippi/greenwood/williamsburg-estates-i/b4ljt3i87tvmcvnig8ectjw0,exact_standardized_site,shared_address_without_sufficient_identity_evidence,corroborates_all_listed_members_and_address,shared_address_without_sufficient_identity_evidence
SAQ_0635,MS|3939 21ST ST|GULFPORT,STONEGATE | STONEGATE APTS (GULFPORT),shared_address_only,new_two_read_review,2026-08-11,2026-08-11,2026-08-11,public_directory_sitemap,https://section8search.org/sitemap.xml | https://affordablehousinghub.org/sitemap.xml,not_approved,FALSE,2,1,1,merge_all,merge_all,2,Section8Search: STONEGATE | Section8Search: STONEGATE APTS (GULFPORT),public_housing_directory,https://section8search.org/mississippi/gulfport/stonegate-apts-gulfport/sirjf9bpzbl6llep8omjqds5 | https://section8search.org/mississippi/gulfport/stonegate/yoop2aescjgklepgy5s6z4vv,city_state_only | exact_standardized_site,later_financing_or_renamed_same_physical_development,corroborates_all_listed_members_and_address,later_financing_or_renamed_same_physical_development
SAQ_0636,MS|5014 28TH ST|GULFPORT,BROOKSTONE PARK APTS I | BROOKSTONE PARK APTS II,phase_or_component_evidence,new_two_read_review,2026-08-11,2026-08-11,2026-08-11,public_directory_sitemap,https://section8search.org/sitemap.xml | https://affordablehousinghub.org/sitemap.xml,not_approved,FALSE,2,2,2,retain_each,retain_each,2,Section8Search: BROOKSTONE PARK APTS I | Section8Search: BROOKSTONE PARK APTS II,public_housing_directory,https://section8search.org/mississippi/gulfport/brookstone-park-apts-i/gvh318ihdyx17ws75myv6l4m | https://section8search.org/mississippi/gulfport/brookstone-park-apts-ii/ulv7k5lmbwcer4qblkwphd7s,exact_standardized_site,distinct_phases_or_components_common_address,corroborates_all_listed_members_and_address,distinct_phases_or_components_common_address
SAQ_0637,MS|21 MILL CREEK DR|HATTIESBURG,MILL CREEK PLACE | MILL CREEK PLACE II,phase_or_component_evidence,new_two_read_review,2026-08-11,2026-08-11,2026-08-11,public_directory_sitemap,https://section8search.org/sitemap.xml | https://affordablehousinghub.org/sitemap.xml,not_approved,FALSE,2,2,2,retain_each,retain_each,2,Section8Search: MILL CREEK PLACE | Section8Search: MILL CREEK PLACE II,public_housing_directory,https://section8search.org/mississippi/hattiesburg/mill-creek-place-ii/qq8xmoq6zvm5yc5km04eenxu | https://section8search.org/mississippi/hattiesburg/mill-creek-place/bknmjlp3aayqwkt8giirjipr,exact_standardized_site,distinct_phases_or_components_common_address,corroborates_all_listed_members_and_address,distinct_phases_or_components_common_address
SAQ_0638,MS|21 TONEY DR|HATTIESBURG,WISTERIA ESTATES 01 | WISTERIA ESTATES 02,phase_or_component_evidence,new_two_read_review,2026-08-11,2026-08-11,2026-08-11,public_directory_sitemap,https://section8search.org/sitemap.xml | https://affordablehousinghub.org/sitemap.xml,not_approved,FALSE,2,2,2,retain_each,retain_each,2,Section8Search: WISTERIA ESTATES 01 | Section8Search: WISTERIA ESTATES 02,public_housing_directory,https://section8search.org/mississippi/hattiesburg/wisteria-estates-01/j5rwptls4rkzqs3yaj9o6q1n | https://section8search.org/mississippi/hattiesburg/wisteria-estates-02/t900xw3vef7inna78bgzabtz,exact_standardized_site,distinct_phases_or_components_common_address,corroborates_all_listed_members_and_address,distinct_phases_or_components_common_address
SAQ_0639,MS|447 HELVESTON RD|HATTIESBURG,PARK PINES APTS PHASE I | PARK PINES APTS PHASE II,phase_or_component_evidence,new_two_read_review,2026-08-11,2026-08-11,2026-08-11,public_directory_sitemap,https://section8search.org/sitemap.xml | https://affordablehousinghub.org/sitemap.xml,not_approved,FALSE,2,2,2,retain_each,retain_each,2,Section8Search: PARK PINES APTS PHASE I | Section8Search: PARK PINES APTS PHASE II,public_housing_directory,https://section8search.org/mississippi/hattiesburg/park-pines-apts-phase-i/qzvhzr160zisbqfw2wfqg4ar | https://section8search.org/mississippi/hattiesburg/park-pines-apts-phase-ii/sqes8alwue76v1pgsvlqfr8w,exact_standardized_site,distinct_phases_or_components_common_address,corroborates_all_listed_members_and_address,distinct_phases_or_components_common_address
SAQ_0640,MS|558 HELVESTON RD|HATTIESBURG,PINE HAVEN HEIGHTS 99 | PINE HAVEN HEIGHTS PHASE II,shared_address_only,new_two_read_review,2026-08-11,2026-08-11,2026-08-11,public_directory_sitemap,https://section8search.org/sitemap.xml | https://affordablehousinghub.org/sitemap.xml,not_approved,FALSE,2,2,2,retain_each,retain_each,2,Section8Search: PINE HAVEN HEIGHTS 99 | Section8Search: PINE HAVEN HEIGHTS PHASE II,public_housing_directory,https://section8search.org/mississippi/hattiesburg/pine-haven-heights-99/x2cv1bs04x915d7mywrd1z42 | https://section8search.org/mississippi/hattiesburg/pine-haven-heights-phase-ii/owme6yfhp1c7iq7u444sgjkz,exact_standardized_site,shared_address_without_sufficient_identity_evidence,corroborates_all_listed_members_and_address,shared_address_without_sufficient_identity_evidence
SAQ_0641,MS|605 N 25TH AVE|HATTIESBURG,"SOUTHERN VILLAGE A, B, & C | SOUTHERN VILLAGE AB&C",phase_or_component_evidence,new_two_read_review,2026-08-11,2026-08-11,2026-08-11,public_directory_sitemap,https://section8search.org/sitemap.xml | https://affordablehousinghub.org/sitemap.xml,not_approved,FALSE,2,2,2,retain_each,retain_each,1,"Section8Search: SOUTHERN VILLAGE A, B, & C",public_housing_directory,https://section8search.org/mississippi/hattiesburg/southern-village-a-b-c/xozf9tc60y8g72qqtkaur882,exact_standardized_site,distinct_phases_or_components_common_address,corroborates_part_of_listed_members_and_address,distinct_phases_or_components_common_address
SAQ_0642,MS|78 WISTERIA DR|HATTIESBURG,PIEDMONT PARK I | PIEDMONT PARK II,phase_or_component_evidence,new_two_read_review,2026-08-11,2026-08-11,2026-08-11,public_directory_sitemap,https://section8search.org/sitemap.xml | https://affordablehousinghub.org/sitemap.xml,not_approved,FALSE,2,2,2,retain_each,retain_each,2,Section8Search: PIEDMONT PARK I | Section8Search: PIEDMONT PARK II,public_housing_directory,https://section8search.org/mississippi/hattiesburg/piedmont-park-i/spjelruy7tlyc2qv5ak2v8wc | https://section8search.org/mississippi/hattiesburg/piedmont-park-ii/mf3j1ioj62n4mlg1npevirhe,exact_standardized_site,distinct_phases_or_components_common_address,corroborates_all_listed_members_and_address,distinct_phases_or_components_common_address
SAQ_0643,MS|707 AIRPORT RD|HOUSTON,PINE VIEW I | PINE VIEW II,phase_or_component_evidence,new_two_read_review,2026-08-11,2026-08-11,2026-08-11,public_directory_sitemap,https://section8search.org/sitemap.xml | https://affordablehousinghub.org/sitemap.xml,not_approved,FALSE,2,2,2,retain_each,retain_each,2,Section8Search: PINE VIEW I | Section8Search: PINE VIEW II,public_housing_directory,https://section8search.org/mississippi/houston/pine-view-i/skid1u1abljk5idp7n41vtpi | https://section8search.org/mississippi/houston/pine-view-ii/h59nhhh891dg85rq5zknw93f,city_state_only,distinct_phases_or_components_common_address,corroborates_all_listed_members_and_address,distinct_phases_or_components_common_address
SAQ_0644,MS|810 AIRPORT RD|INDIANOLA,CANTEBURY APTS | CANTERBURY APTS,name_or_timing_evidence,new_two_read_review,2026-08-11,2026-08-11,2026-08-11,public_directory_sitemap,https://section8search.org/sitemap.xml | https://affordablehousinghub.org/sitemap.xml,not_approved,FALSE,2,1,1,merge_all,merge_all,2,Affordable Housing Hub: CANTEBURY APTS | Section8Search: CANTERBURY APTS,public_housing_directory,https://affordablehousinghub.org/housing/mississippi/sunflower-county/indianola/cantebury-apts-19410-lihtc | https://section8search.org/mississippi/indianola/canterbury-apts/f5lwzqsjq6e0ybqsxlzbojrw,address_not_extracted | exact_standardized_site,name_or_reporting_variant_same_physical_development,corroborates_all_listed_members_and_address,name_or_reporting_variant_same_physical_development
SAQ_0645,MS|1035 W MAYES ST|JACKSON,CADE COURTYARD SENIOR APTS | VIRDEN PARK APTS,shared_address_only,new_two_read_review,2026-08-11,2026-08-11,2026-08-11,public_directory_sitemap,https://section8search.org/sitemap.xml | https://affordablehousinghub.org/sitemap.xml,not_approved,FALSE,2,2,2,retain_each,retain_each,2,Section8Search: CADE COURTYARD SENIOR APTS | Section8Search: VIRDEN PARK APTS,public_housing_directory,https://section8search.org/mississippi/jackson/cade-courtyard-senior-apts/jc8g99ldfdmgqmzhc57004ve | https://section8search.org/mississippi/jackson/virden-park-apts/se02v2ksismwjb2u92ukxxfh,exact_standardized_site,shared_address_without_sufficient_identity_evidence,corroborates_all_listed_members_and_address,shared_address_without_sufficient_identity_evidence
SAQ_0646,MS|1651 FOREST AVE|JACKSON,FOREST PARK APARTMENTS II | FOREST PARK APTS,shared_address_only,new_two_read_review,2026-08-11,2026-08-11,2026-08-11,public_directory_sitemap,https://section8search.org/sitemap.xml | https://affordablehousinghub.org/sitemap.xml,not_approved,FALSE,2,2,2,retain_each,retain_each,2,Section8Search: FOREST PARK APARTMENTS II | Section8Search: FOREST PARK APTS,public_housing_directory,https://section8search.org/mississippi/jackson/forest-park-apartments-ii/dn03p244lwob9yfsumtmkcjo | https://section8search.org/mississippi/jackson/forest-park-apts/mor7q91jfj5ru37ndhgp4cb4,city_state_only | exact_standardized_site,shared_address_without_sufficient_identity_evidence,corroborates_all_listed_members_and_address,shared_address_without_sufficient_identity_evidence
SAQ_0647,MS|213 N DENVER ST|JACKSON,DMD ENTERPRISES | DMO ENTERPRISES,name_or_timing_evidence,new_two_read_review,2026-08-11,2026-08-11,2026-08-11,public_directory_sitemap,https://section8search.org/sitemap.xml | https://affordablehousinghub.org/sitemap.xml,not_approved,FALSE,2,1,1,merge_all,merge_all,2,Affordable Housing Hub: DMO ENTERPRISES | Section8Search: DMD ENTERPRISES,public_housing_directory,https://affordablehousinghub.org/housing/mississippi/hinds-county/jackson/dmo-enterprises-18466-lihtc | https://section8search.org/mississippi/jackson/dmd-enterprises/x1spdpmb3w3hqvc0whqzh3j3,address_not_extracted | exact_standardized_site,name_or_reporting_variant_same_physical_development,corroborates_all_listed_members_and_address,name_or_reporting_variant_same_physical_development
SAQ_0648,MS|2615 HOLMES AVE|JACKSON,HOLMES APTS | HOLMES STREET APTS,name_or_timing_evidence,new_two_read_review,2026-08-11,2026-08-11,2026-08-11,public_directory_sitemap,https://section8search.org/sitemap.xml | https://affordablehousinghub.org/sitemap.xml,not_approved,FALSE,2,1,1,merge_all,merge_all,2,Affordable Housing Hub: HOLMES STREET APTS | Section8Search: HOLMES APTS,public_housing_directory,https://affordablehousinghub.org/housing/mississippi/hinds-county/jackson/holmes-street-apts-18478-lihtc | https://section8search.org/mississippi/jackson/holmes-apts/gsqit4owsw6p2dd7c7fhlx97,address_not_extracted | exact_standardized_site,name_or_reporting_variant_same_physical_development,corroborates_all_listed_members_and_address,name_or_reporting_variant_same_physical_development
SAQ_0649,MS|320 OAK ST|JACKSON,PURDY APTS | PURDY APTS I,shared_address_only,new_two_read_review,2026-08-11,2026-08-11,2026-08-11,public_directory_sitemap,https://section8search.org/sitemap.xml | https://affordablehousinghub.org/sitemap.xml,not_approved,FALSE,2,2,2,retain_each,retain_each,2,Affordable Housing Hub: PURDY APTS | Section8Search: PURDY APTS I,public_housing_directory,https://affordablehousinghub.org/housing/mississippi/hinds-county/jackson/purdy-apts-18504-lihtc | https://section8search.org/mississippi/jackson/purdy-apts-i/gyb5o53fdfrxjxocsvv2hf1h,address_not_extracted | exact_standardized_site,shared_address_without_sufficient_identity_evidence,corroborates_all_listed_members_and_address,shared_address_without_sufficient_identity_evidence
SAQ_0650,MS|336 SEWANEE DR|JACKSON,336 SEWANEE | 336 SEWANEE DR,phase_or_component_evidence,new_two_read_review,2026-08-11,2026-08-11,2026-08-11,public_directory_sitemap,https://section8search.org/sitemap.xml | https://affordablehousinghub.org/sitemap.xml,not_approved,FALSE,2,2,2,retain_each,retain_each,2,Affordable Housing Hub: 336 SEWANEE DR | Section8Search: 336 SEWANEE,public_housing_directory,https://affordablehousinghub.org/housing/mississippi/hinds-county/jackson/336-sewanee-dr-19523-lihtc | https://section8search.org/mississippi/jackson/336-sewanee/jyzsi99gst25qfnjnmci52jw,address_not_extracted | exact_standardized_site,distinct_phases_or_components_common_address,corroborates_all_listed_members_and_address,distinct_phases_or_components_common_address
SAQ_0651,MS|3364 MEDGAR EVERS BLVD|JACKSON,MACK APTS | WILCHAR APTS #4,shared_address_only,new_two_read_review,2026-08-11,2026-08-11,2026-08-11,public_directory_sitemap,https://section8search.org/sitemap.xml | https://affordablehousinghub.org/sitemap.xml,not_approved,FALSE,2,2,2,retain_each,retain_each,2,Affordable Housing Hub: MACK APTS | Section8Search: WILCHAR APTS #4,public_housing_directory,https://affordablehousinghub.org/housing/mississippi/hinds-county/jackson/mack-apts-19520-lihtc | https://section8search.org/mississippi/jackson/wilchar-apts-4/ab9zi64a7606lgf1fwthmvg9,address_not_extracted | exact_standardized_site,shared_address_without_sufficient_identity_evidence,corroborates_all_listed_members_and_address,shared_address_without_sufficient_identity_evidence
SAQ_0652,MS|3856 NOBLE ST|JACKSON,CAMERON PARK APTS I | CAMERON PARK APTS II,phase_or_component_evidence,new_two_read_review,2026-08-11,2026-08-11,2026-08-11,public_directory_sitemap,https://section8search.org/sitemap.xml | https://affordablehousinghub.org/sitemap.xml,not_approved,FALSE,2,2,2,retain_each,retain_each,2,Section8Search: CAMERON PARK APTS I | Section8Search: CAMERON PARK APTS II,public_housing_directory,https://section8search.org/mississippi/jackson/cameron-park-apts-i/nez6o5zspwoo41cv3x8mbydj | https://section8search.org/mississippi/jackson/cameron-park-apts-ii/wzqgrwxwxyay39lcpavffqtw,exact_standardized_site,distinct_phases_or_components_common_address,corroborates_all_listed_members_and_address,distinct_phases_or_components_common_address
SAQ_0653,MS|4345 W CAPITOL ST|JACKSON,REMEMBRANCE PLACE APT A | REMEMBRANCE PLACE APT B | REMEMBRANCE PLACE APT C,phase_or_component_evidence,new_two_read_review,2026-08-11,2026-08-11,2026-08-11,public_directory_sitemap,https://section8search.org/sitemap.xml | https://affordablehousinghub.org/sitemap.xml,not_approved,FALSE,3,3,3,retain_each,retain_each,3,Section8Search: REMEMBRANCE PLACE APT A | Section8Search: REMEMBRANCE PLACE APT B | Section8Search: REMEMBRANCE PLACE APT C,public_housing_directory,https://section8search.org/mississippi/jackson/remembrance-place-apt-a/h7t2yw115djbygr0e7ymar8n | https://section8search.org/mississippi/jackson/remembrance-place-apt-b/c2dtyfuiznvy0nnsh8vhcvqe | https://section8search.org/mississippi/jackson/remembrance-place-apt-c/xk2p8wqjdw9ftgqct2fx23uu,exact_standardized_site,distinct_phases_or_components_common_address,corroborates_all_listed_members_and_address,distinct_phases_or_components_common_address
SAQ_0654,MS|4470 FRENCH DR|JACKSON,FRENCH APTS | FRENCH APTS(REFER 88-62),shared_address_only,new_two_read_review,2026-08-11,2026-08-11,2026-08-11,public_directory_sitemap,https://section8search.org/sitemap.xml | https://affordablehousinghub.org/sitemap.xml,not_approved,FALSE,2,2,2,retain_each,retain_each,1,Section8Search: FRENCH APTS,public_housing_directory,https://section8search.org/mississippi/jackson/french-apts/gmxivvmqw7e8rf7ry0iumj89,exact_standardized_site,shared_address_without_sufficient_identity_evidence,corroborates_part_of_listed_members_and_address,shared_address_without_sufficient_identity_evidence
SAQ_0655,MS|530 HIAWATHA ST|JACKSON,CHALET VILLAGE PHASE I | CHALET VILLAGE PHASE II,phase_or_component_evidence,new_two_read_review,2026-08-11,2026-08-11,2026-08-11,public_directory_sitemap,https://section8search.org/sitemap.xml | https://affordablehousinghub.org/sitemap.xml,not_approved,FALSE,2,2,2,retain_each,retain_each,2,Section8Search: CHALET VILLAGE PHASE I | Section8Search: CHALET VILLAGE PHASE II,public_housing_directory,https://section8search.org/mississippi/jackson/chalet-village-phase-i/f75ccnsl6fq1csd21s457vfb | https://section8search.org/mississippi/jackson/chalet-village-phase-ii/i8kvmsx1ngahwj5pejhswekh,exact_standardized_site,distinct_phases_or_components_common_address,corroborates_all_listed_members_and_address,distinct_phases_or_components_common_address
SAQ_0656,MS|5551 SHAW RD|JACKSON,ARBOR PARK I | ARBOR PARK II,phase_or_component_evidence,new_two_read_review,2026-08-11,2026-08-11,2026-08-11,public_directory_sitemap,https://section8search.org/sitemap.xml | https://affordablehousinghub.org/sitemap.xml,not_approved,FALSE,2,2,2,retain_each,retain_each,2,Section8Search: ARBOR PARK I | Section8Search: ARBOR PARK II,public_housing_directory,https://section8search.org/mississippi/jackson/arbor-park-i/v9dtj3wbk9li9h5e0aymregu | https://section8search.org/mississippi/jackson/arbor-park-ii/fpk274o99ly5epiys21ye1yt,exact_standardized_site,distinct_phases_or_components_common_address,corroborates_all_listed_members_and_address,distinct_phases_or_components_common_address
SAQ_0657,MS|755 GLENCROSS DR|JACKSON,WILLOW POINT APTS I | WILLOW POINT APTS II,phase_or_component_evidence,new_two_read_review,2026-08-11,2026-08-11,2026-08-11,public_directory_sitemap,https://section8search.org/sitemap.xml | https://affordablehousinghub.org/sitemap.xml,not_approved,FALSE,2,2,2,retain_each,retain_each,2,Section8Search: WILLOW POINT APTS I | Section8Search: WILLOW POINT APTS II,public_housing_directory,https://section8search.org/mississippi/jackson/willow-point-apts-i/rrtw7s056fzjc8645sbzg7bu | https://section8search.org/mississippi/jackson/willow-point-apts-ii/l35fy8pm300axf69ona3nhd4,exact_standardized_site,distinct_phases_or_components_common_address,corroborates_all_listed_members_and_address,distinct_phases_or_components_common_address
SAQ_0658,MS|791 W CNTY LINE RD|JACKSON,AVALON PARK APTS | BRISTOL PARK APTS,shared_address_only,new_two_read_review,2026-08-11,2026-08-11,2026-08-11,public_directory_sitemap,https://section8search.org/sitemap.xml | https://affordablehousinghub.org/sitemap.xml,not_approved,FALSE,2,2,2,retain_each,retain_each,2,Section8Search: AVALON PARK APTS | Section8Search: BRISTOL PARK APTS,public_housing_directory,https://section8search.org/mississippi/jackson/avalon-park-apts/zk1r79h59qflx0lc497es1wj | https://section8search.org/mississippi/jackson/bristol-park-apts/cpdxa96y8elce574h8166pu4,exact_standardized_site,shared_address_without_sufficient_identity_evidence,corroborates_all_listed_members_and_address,shared_address_without_sufficient_identity_evidence
SAQ_0659,MS|902 EMINENCE ROW|JACKSON,902 EMINENCE ROW | 902 EMINENCE ROW\WONSLEY PROJECT,phase_or_component_evidence,new_two_read_review,2026-08-11,2026-08-11,2026-08-11,public_directory_sitemap,https://section8search.org/sitemap.xml | https://affordablehousinghub.org/sitemap.xml,not_approved,FALSE,2,2,2,retain_each,retain_each,1,Affordable Housing Hub: 902 EMINENCE ROW,public_housing_directory,https://affordablehousinghub.org/housing/mississippi/hinds-county/jackson/902-eminence-row-18446-lihtc,address_not_extracted,distinct_phases_or_components_common_address,corroborates_part_of_listed_members_and_address,distinct_phases_or_components_common_address
SAQ_0660,MS|908 EMINENCE ROW|JACKSON,908 EMINENCE ROW | 908 EMINENCE ROW\WONSLEY PROJECT,phase_or_component_evidence,new_two_read_review,2026-08-11,2026-08-11,2026-08-11,public_directory_sitemap,https://section8search.org/sitemap.xml | https://affordablehousinghub.org/sitemap.xml,not_approved,FALSE,2,2,2,retain_each,retain_each,1,Affordable Housing Hub: 908 EMINENCE ROW,public_housing_directory,https://affordablehousinghub.org/housing/mississippi/hinds-county/jackson/908-eminence-row-19376-lihtc,address_not_extracted,distinct_phases_or_components_common_address,corroborates_part_of_listed_members_and_address,distinct_phases_or_components_common_address
SAQ_0661,MS|916 INGE ST|JACKSON,C & J APTS | S & J MANOR,name_or_timing_evidence,new_two_read_review,2026-08-11,2026-08-11,2026-08-11,public_directory_sitemap,https://section8search.org/sitemap.xml | https://affordablehousinghub.org/sitemap.xml,not_approved,FALSE,2,1,1,merge_all,merge_all,2,Affordable Housing Hub: S & J MANOR | Section8Search: C & J APTS,public_housing_directory,https://affordablehousinghub.org/housing/mississippi/hinds-county/jackson/s-j-manor-18531-lihtc | https://section8search.org/mississippi/jackson/c-j-apts/g0ucmd7j2qq2cuc06nlvnc45,address_not_extracted | exact_standardized_site,name_or_reporting_variant_same_physical_development,corroborates_all_listed_members_and_address,name_or_reporting_variant_same_physical_development
SAQ_0662,MS|970 DIXON RD|JACKSON,RIDGE CREEK APTS - BLDG A | RIDGE CREEK APTS - BLDG B | RIDGE CREEK APTS B,phase_or_component_evidence,new_two_read_review,2026-08-11,2026-08-11,2026-08-11,public_directory_sitemap,https://section8search.org/sitemap.xml | https://affordablehousinghub.org/sitemap.xml,not_approved,FALSE,3,2,2,partition,partition,3,Affordable Housing Hub: RIDGE CREEK APTS - BLDG B | Section8Search: RIDGE CREEK APTS - BLDG A | Section8Search: RIDGE CREEK APTS B,public_housing_directory,https://affordablehousinghub.org/housing/mississippi/hinds-county/jackson/ridge-creek-apts-bldg-b-18481-lihtc | https://section8search.org/mississippi/jackson/ridge-creek-apts-b/gfudr8bojt525ybmxj2hh7vv | https://section8search.org/mississippi/jackson/ridge-creek-apts-bldg-a/l3ajsufv8i40sl4yyb3a59p2,address_not_extracted | exact_standardized_site,mixed_duplicate_and_distinct_components,corroborates_all_listed_members_and_address,mixed_duplicate_and_distinct_components
SAQ_0663,MS|2500 OLD AMY RD|LAUREL,PALISADES PARK | PALISADES PARK II,phase_or_component_evidence,new_two_read_review,2026-08-11,2026-08-11,2026-08-11,public_directory_sitemap,https://section8search.org/sitemap.xml | https://affordablehousinghub.org/sitemap.xml,not_approved,FALSE,2,2,2,retain_each,retain_each,2,Section8Search: PALISADES PARK | Section8Search: PALISADES PARK II,public_housing_directory,https://section8search.org/mississippi/laurel/palisades-park-ii/blnuueogw1r3nvs8q4v184y8 | https://section8search.org/mississippi/laurel/palisades-park/z86ip6fuxxsbtv8rz6l4usjm,city_state_only,distinct_phases_or_components_common_address,corroborates_all_listed_members_and_address,distinct_phases_or_components_common_address
SAQ_0664,MS|801 LEONTYNE PRICE BLVD|LAUREL,BEACON HOMES | BEACON HOMES PHASE II,shared_address_only,new_two_read_review,2026-08-11,2026-08-11,2026-08-11,public_directory_sitemap,https://section8search.org/sitemap.xml | https://affordablehousinghub.org/sitemap.xml,not_approved,FALSE,2,2,2,retain_each,retain_each,2,Section8Search: BEACON HOMES | Section8Search: BEACON HOMES PHASE II,public_housing_directory,https://section8search.org/mississippi/laurel/beacon-homes-phase-ii/fxxan42whpcmf5p20de3euft | https://section8search.org/mississippi/laurel/beacon-homes/s2545enfyjts8qxns1m982bi,city_state_only | exact_standardized_site,shared_address_without_sufficient_identity_evidence,corroborates_all_listed_members_and_address,shared_address_without_sufficient_identity_evidence
SAQ_0665,MS|200 S MONTGOMERY AVE|LOUISVILLE,CEDAR CREEK APTS | WESTSIDE APTS,shared_address_only,new_two_read_review,2026-08-11,2026-08-11,2026-08-11,public_directory_sitemap,https://section8search.org/sitemap.xml | https://affordablehousinghub.org/sitemap.xml,not_approved,FALSE,2,2,2,retain_each,retain_each,2,Section8Search: CEDAR CREEK APTS | Section8Search: WESTSIDE APTS,public_housing_directory,https://section8search.org/mississippi/louisville/cedar-creek-apts/fgi4kmyvkni2b1ey4lkof8vo | https://section8search.org/mississippi/louisville/westside-apts/h4ntbaf43zwwaftfz1v9p4e2,exact_standardized_site,shared_address_without_sufficient_identity_evidence,corroborates_all_listed_members_and_address,shared_address_without_sufficient_identity_evidence
SAQ_0666,MS|1010 AVE B EXT|MCCOMB,PINEVIEW ESTATES PHASE I | PINEVIEW HEIGHTS PHASE II,shared_address_only,new_two_read_review,2026-08-11,2026-08-11,2026-08-11,public_directory_sitemap,https://section8search.org/sitemap.xml | https://affordablehousinghub.org/sitemap.xml,not_approved,FALSE,2,2,2,retain_each,retain_each,2,Section8Search: PINEVIEW ESTATES PHASE I | Section8Search: PINEVIEW HEIGHTS PHASE II,public_housing_directory,https://section8search.org/mississippi/mccomb/pineview-estates-phase-i/uc111yhrjdo92foag54ez0do | https://section8search.org/mississippi/mccomb/pineview-heights-phase-ii/yik0eltips0ub32qcshni7v4,exact_standardized_site,shared_address_without_sufficient_identity_evidence,corroborates_all_listed_members_and_address,shared_address_without_sufficient_identity_evidence
SAQ_0667,MS|803 29TH ST|MERIDIAN,AZALEA PARK APTS PHASE I | AZALEA PARK APTS PHASE II | AZALEA PARK APTS PHASE III,phase_or_component_evidence,new_two_read_review,2026-08-11,2026-08-11,2026-08-11,public_directory_sitemap,https://section8search.org/sitemap.xml | https://affordablehousinghub.org/sitemap.xml,not_approved,FALSE,3,3,3,retain_each,retain_each,3,Section8Search: AZALEA PARK APTS PHASE I | Section8Search: AZALEA PARK APTS PHASE II | Section8Search: AZALEA PARK APTS PHASE III,public_housing_directory,https://section8search.org/mississippi/meridian/azalea-park-apts-phase-i/i5h22nn1dz5ce00uytt7rfhl | https://section8search.org/mississippi/meridian/azalea-park-apts-phase-ii/ryc2krpndsnyc3uzs4kljiki | https://section8search.org/mississippi/meridian/azalea-park-apts-phase-iii/if7jyt35wfqfxhbffco5gwy3,exact_standardized_site,distinct_phases_or_components_common_address,corroborates_all_listed_members_and_address,distinct_phases_or_components_common_address
SAQ_0668,MS|8603 HWY 613|MOSS POINT,ESCATAWAPA VILLAGE APTS | ESCATAWPA VILLAGE APARTMENTS,shared_address_only,new_two_read_review,2026-08-11,2026-08-11,2026-08-11,public_directory_sitemap,https://section8search.org/sitemap.xml | https://affordablehousinghub.org/sitemap.xml,not_approved,FALSE,2,2,2,retain_each,retain_each,2,Section8Search: ESCATAWAPA VILLAGE APTS | Section8Search: ESCATAWPA VILLAGE APARTMENTS,public_housing_directory,https://section8search.org/mississippi/moss-point/escatawapa-village-apts/qeebse1tq6kvqz4lfm9t4ei8 | https://section8search.org/mississippi/moss-point/escatawpa-village-apartments/tdsivwf77gmnw3o5slhwm3nv,exact_standardized_site,shared_address_without_sufficient_identity_evidence,corroborates_all_listed_members_and_address,shared_address_without_sufficient_identity_evidence
SAQ_0669,MS|500 KINGSWOOD DR|MT OLIVE,KINGSWOOD APTS | KINGSWOOD APTS II,phase_or_component_evidence,new_two_read_review,2026-08-11,2026-08-11,2026-08-11,public_directory_sitemap,https://section8search.org/sitemap.xml | https://affordablehousinghub.org/sitemap.xml,not_approved,FALSE,2,2,2,retain_each,retain_each,2,Affordable Housing Hub: KINGSWOOD APTS | Section8Search: KINGSWOOD APTS II,public_housing_directory,https://affordablehousinghub.org/housing/mississippi/covington-county/mt-olive/kingswood-apts-18469-lihtc | https://section8search.org/mississippi/mt-olive/kingswood-apts-ii/wfuzx00zgje9tzgvam4oojkm,address_not_extracted | exact_standardized_site,distinct_phases_or_components_common_address,corroborates_all_listed_members_and_address,distinct_phases_or_components_common_address
SAQ_0670,MS|137 LEWIS DR|NATCHEZ,LOWER WOODVILLE APARTMENTS | LOWER WOODVILLE HEIGHTS I | LOWER WOODVILLE HEIGHTS II,phase_or_component_evidence,new_two_read_review,2026-08-11,2026-08-11,2026-08-11,public_directory_sitemap,https://section8search.org/sitemap.xml | https://affordablehousinghub.org/sitemap.xml,not_approved,FALSE,3,3,3,retain_each,retain_each,3,Section8Search: LOWER WOODVILLE APARTMENTS | Section8Search: LOWER WOODVILLE HEIGHTS I | Section8Search: LOWER WOODVILLE HEIGHTS II,public_housing_directory,https://section8search.org/mississippi/natchez/lower-woodville-apartments/ypew3str1fejmumdrd9dkrni | https://section8search.org/mississippi/natchez/lower-woodville-heights-i/d9ekh5p5wykvs2h28kvrbvjs | https://section8search.org/mississippi/natchez/lower-woodville-heights-ii/q1ni23ucf57cgpykzyvx52a0,city_state_only | exact_standardized_site,distinct_phases_or_components_common_address,corroborates_all_listed_members_and_address,distinct_phases_or_components_common_address
SAQ_0671,MS|501 BRITTANY DR|OXFORD,BRITTANY ARMS APTS | BRITTANY ARMS II,shared_address_only,new_two_read_review,2026-08-11,2026-08-11,2026-08-11,public_directory_sitemap,https://section8search.org/sitemap.xml | https://affordablehousinghub.org/sitemap.xml,not_approved,FALSE,2,2,2,retain_each,retain_each,2,Affordable Housing Hub: BRITTANY ARMS APTS | Section8Search: BRITTANY ARMS II,public_housing_directory,https://affordablehousinghub.org/housing/mississippi/lafayette-county/oxford/brittany-arms-apts-17229-lihtc | https://section8search.org/mississippi/oxford/brittany-arms-ii/hgzzh9c282b91d4z18comppl,address_not_extracted | exact_standardized_site,shared_address_without_sufficient_identity_evidence,corroborates_all_listed_members_and_address,shared_address_without_sufficient_identity_evidence
SAQ_0672,MS|600 MCELROY DR|OXFORD,HERITAGE PARK APTS PHASE I | HERITAGE PARK APTS PHASE II,phase_or_component_evidence,new_two_read_review,2026-08-11,2026-08-11,2026-08-11,public_directory_sitemap,https://section8search.org/sitemap.xml | https://affordablehousinghub.org/sitemap.xml,not_approved,FALSE,2,2,2,retain_each,retain_each,2,Section8Search: HERITAGE PARK APTS PHASE I | Section8Search: HERITAGE PARK APTS PHASE II,public_housing_directory,https://section8search.org/mississippi/oxford/heritage-park-apts-phase-i/qm0nz1bpv4b2litdprwb2i3e | https://section8search.org/mississippi/oxford/heritage-park-apts-phase-ii/kplvmc0rot8n3e7lntjlb98m,exact_standardized_site,distinct_phases_or_components_common_address,corroborates_all_listed_members_and_address,distinct_phases_or_components_common_address
SAQ_0673,MS|140 WOODGREEN RD|PLANTERSVILLE,PLANTERSVILLE TOWNHOUSES | WISTERIA APTS (PLANTERSVILLE),shared_address_only,new_two_read_review,2026-08-11,2026-08-11,2026-08-11,public_directory_sitemap,https://section8search.org/sitemap.xml | https://affordablehousinghub.org/sitemap.xml,not_approved,FALSE,2,2,2,retain_each,retain_each,2,Section8Search: PLANTERSVILLE TOWNHOUSES | Section8Search: WISTERIA APTS (PLANTERSVILLE),public_housing_directory,https://section8search.org/mississippi/plantersville/plantersville-townhouses/aew4tql1chroyh7b4xntdmub | https://section8search.org/mississippi/plantersville/wisteria-apts-plantersville/p0tcbdt46djdfq64eg1391f2,city_state_only | exact_standardized_site,shared_address_without_sufficient_identity_evidence,corroborates_all_listed_members_and_address,shared_address_without_sufficient_identity_evidence
SAQ_0674,MS|714 MAGNOLIA ST|PORT GIBSON,EAST MAGNOLIA VILLAGE APTS | EAST MAGNOLIA VILLIAGE APTS,name_or_timing_evidence,new_two_read_review,2026-08-11,2026-08-11,2026-08-11,public_directory_sitemap,https://section8search.org/sitemap.xml | https://affordablehousinghub.org/sitemap.xml,not_approved,FALSE,2,1,1,merge_all,merge_all,2,Affordable Housing Hub: EAST MAGNOLIA VILLIAGE APTS | Section8Search: EAST MAGNOLIA VILLAGE APTS,public_housing_directory,https://affordablehousinghub.org/housing/mississippi/claiborne-county/port-gibson/east-magnolia-villiage-apts-18467-lihtc | https://section8search.org/mississippi/port-gibson/east-magnolia-village-apts/gw3y3ocz2iwyy8fcq7qsb6cd,address_not_extracted | exact_standardized_site,name_or_reporting_variant_same_physical_development,corroborates_all_listed_members_and_address,name_or_reporting_variant_same_physical_development
SAQ_0675,MS|615 INDUSTRIAL DR|RICHLAND,RICHLAND APTS | RICHLAND GARDENS,shared_address_only,new_two_read_review,2026-08-11,2026-08-11,2026-08-11,public_directory_sitemap,https://section8search.org/sitemap.xml | https://affordablehousinghub.org/sitemap.xml,not_approved,FALSE,2,2,2,retain_each,retain_each,1,Section8Search: RICHLAND APTS,public_housing_directory,https://section8search.org/mississippi/richland/richland-apts/pnajam0901rbgj2euf9n7gjh,exact_standardized_site,shared_address_without_sufficient_identity_evidence,corroborates_part_of_listed_members_and_address,shared_address_without_sufficient_identity_evidence
SAQ_0676,MS|2669 KIRBY RD|ROBINSONVILLE,FOX RIDGE ESTATES II | KIRBY ROAD ESTATES 00-01 | KIRBY ROAD ESTATES 01-02 | SHADY LANE II,phase_or_component_evidence,new_two_read_review,2026-08-11,2026-08-11,2026-08-11,public_directory_sitemap,https://section8search.org/sitemap.xml | https://affordablehousinghub.org/sitemap.xml,not_approved,FALSE,4,4,4,retain_each,retain_each,4,Affordable Housing Hub: KIRBY ROAD ESTATES 00-01 | Affordable Housing Hub: KIRBY ROAD ESTATES 01-02 | Section8Search: FOX RIDGE ESTATES II | Section8Search: SHADY LANE II,public_housing_directory,https://affordablehousinghub.org/housing/mississippi/tunica-county/robinsonville/kirby-road-estates-00-01-18074-lihtc | https://affordablehousinghub.org/housing/mississippi/tunica-county/robinsonville/kirby-road-estates-01-02-18075-lihtc | https://section8search.org/mississippi/robinsonville/fox-ridge-estates-ii/rwlx9m39kt38dwqg9ixm25l9 | https://section8search.org/mississippi/robinsonville/shady-lane-ii/hfm3zhjlyxjlizjf6zuz8oki,address_not_extracted | exact_standardized_site,distinct_phases_or_components_common_address,corroborates_all_listed_members_and_address,distinct_phases_or_components_common_address
SAQ_0677,MS|135 SAND RD|STARKVILLE,SANDHILL ARMS | SOUTHGATE ARMS,shared_address_only,new_two_read_review,2026-08-11,2026-08-11,2026-08-11,public_directory_sitemap,https://section8search.org/sitemap.xml | https://affordablehousinghub.org/sitemap.xml,not_approved,FALSE,2,2,2,retain_each,retain_each,2,Section8Search: SANDHILL ARMS | Section8Search: SOUTHGATE ARMS,public_housing_directory,https://section8search.org/mississippi/starkville/sandhill-arms/q2yoxkea2g9hvor6qvumiuvz | https://section8search.org/mississippi/starkville/southgate-arms/no6q6oc0cxs3ogwwnu6o16gm,exact_standardized_site,shared_address_without_sufficient_identity_evidence,corroborates_all_listed_members_and_address,shared_address_without_sufficient_identity_evidence
SAQ_0678,MS|309 REED RD|STARKVILLE,CHANDLER PARK APTS I | CHANDLER PARK APTS II,phase_or_component_evidence,new_two_read_review,2026-08-11,2026-08-11,2026-08-11,public_directory_sitemap,https://section8search.org/sitemap.xml | https://affordablehousinghub.org/sitemap.xml,not_approved,FALSE,2,2,2,retain_each,retain_each,2,Section8Search: CHANDLER PARK APTS I | Section8Search: CHANDLER PARK APTS II,public_housing_directory,https://section8search.org/mississippi/starkville/chandler-park-apts-i/ltm3drfauvc6b1mm48h64vqk | https://section8search.org/mississippi/starkville/chandler-park-apts-ii/mbrpr83trnppaqnfjsd4drb4,exact_standardized_site,distinct_phases_or_components_common_address,corroborates_all_listed_members_and_address,distinct_phases_or_components_common_address
SAQ_0679,MS|308 E QUIVER ST|SUNFLOWER,SUNFLOWER RIVER APARTMENTS | SUNFLOWER RIVER APTS,shared_address_only,new_two_read_review,2026-08-11,2026-08-11,2026-08-11,public_directory_sitemap,https://section8search.org/sitemap.xml | https://affordablehousinghub.org/sitemap.xml,not_approved,FALSE,2,1,1,merge_all,merge_all,2,Affordable Housing Hub: SUNFLOWER RIVER APTS | Section8Search: SUNFLOWER RIVER APARTMENTS,public_housing_directory,https://affordablehousinghub.org/housing/mississippi/sunflower-county/sunflower/sunflower-river-apts-19349-lihtc | https://section8search.org/mississippi/sunflower/sunflower-river-apartments/i7hr89t2hpawp2ivrns0krv1,address_not_extracted | city_state_only,later_financing_or_renamed_same_physical_development,corroborates_all_listed_members_and_address,later_financing_or_renamed_same_physical_development
SAQ_0680,MS|1177 ACADEMY DR|TUNICA,ACADEMY HEIGHTS | ACADEMY HEIGHTS II,shared_address_only,new_two_read_review,2026-08-11,2026-08-11,2026-08-11,public_directory_sitemap,https://section8search.org/sitemap.xml | https://affordablehousinghub.org/sitemap.xml,not_approved,FALSE,2,2,2,retain_each,retain_each,2,Section8Search: ACADEMY HEIGHTS | Section8Search: ACADEMY HEIGHTS II,public_housing_directory,https://section8search.org/mississippi/tunica/academy-heights-ii/rxe36ghahla6xghjegtl17jg | https://section8search.org/mississippi/tunica/academy-heights/ffh4oojdf7shbue8mtkgf9kt,exact_standardized_site,shared_address_without_sufficient_identity_evidence,corroborates_all_listed_members_and_address,shared_address_without_sufficient_identity_evidence
SAQ_0681,MS|840 BARLEY CT|TUPELO,BARLEY COURT PHASE I | BARLEY COURT PHASE II,phase_or_component_evidence,new_two_read_review,2026-08-11,2026-08-11,2026-08-11,public_directory_sitemap,https://section8search.org/sitemap.xml | https://affordablehousinghub.org/sitemap.xml,not_approved,FALSE,2,2,2,retain_each,retain_each,2,Section8Search: BARLEY COURT PHASE I | Section8Search: BARLEY COURT PHASE II,public_housing_directory,https://section8search.org/mississippi/tupelo/barley-court-phase-i/qu4z1ype16vpht1lsa9dtrfq | https://section8search.org/mississippi/tupelo/barley-court-phase-ii/hhki6q8gnsmtbg3u3o46ramq,city_state_only,distinct_phases_or_components_common_address,corroborates_all_listed_members_and_address,distinct_phases_or_components_common_address
SAQ_0682,MS|1805 CHERRY ST|VICKSBURG,CARR CENTRAL APTS I | CARR CENTRAL APTS II,phase_or_component_evidence,new_two_read_review,2026-08-11,2026-08-11,2026-08-11,public_directory_sitemap,https://section8search.org/sitemap.xml | https://affordablehousinghub.org/sitemap.xml,not_approved,FALSE,2,2,2,retain_each,retain_each,2,Section8Search: CARR CENTRAL APTS I | Section8Search: CARR CENTRAL APTS II,public_housing_directory,https://section8search.org/mississippi/vicksburg/carr-central-apts-i/fx69gubb35qw8l56w8qe4t6t | https://section8search.org/mississippi/vicksburg/carr-central-apts-ii/ui3vaa41rmx28a2zitdxg55q,exact_standardized_site,distinct_phases_or_components_common_address,corroborates_all_listed_members_and_address,distinct_phases_or_components_common_address
SAQ_0683,MT|11 MOOSE RIDGE RD|BIG SKY,BIG SKY APARTMENTS - PHASE I | BIG SKY APARTMENTS II,shared_address_only,new_two_read_review,2026-08-11,2026-08-11,2026-08-11,public_directory_sitemap,https://section8search.org/sitemap.xml | https://affordablehousinghub.org/sitemap.xml,not_approved,FALSE,2,2,2,retain_each,retain_each,2,Section8Search: BIG SKY APARTMENTS - PHASE I | Section8Search: BIG SKY APARTMENTS II,public_housing_directory,https://section8search.org/montana/big-sky/big-sky-apartments-ii/vpgvjo36bvfrgnxa4yw2vh6z | https://section8search.org/montana/big-sky/big-sky-apartments-phase-i/tcezq0wvll83rc819kbkkma1,exact_standardized_site,shared_address_without_sufficient_identity_evidence,corroborates_all_listed_members_and_address,shared_address_without_sufficient_identity_evidence
SAQ_0684,MT|3001 15TH AVE S|GREAT FALLS,CASCADE RIDGE RESIDENCES II | CASCADE RIDGE SENIOR LIVING,shared_address_only,new_two_read_review,2026-08-11,2026-08-11,2026-08-11,public_directory_sitemap,https://section8search.org/sitemap.xml | https://affordablehousinghub.org/sitemap.xml,not_approved,FALSE,2,2,2,retain_each,retain_each,2,Section8Search: CASCADE RIDGE RESIDENCES II | Section8Search: CASCADE RIDGE SENIOR LIVING,public_housing_directory,https://section8search.org/montana/great-falls/cascade-ridge-residences-ii/rtdb3rvvuh8x5tnu1vpfqvct | https://section8search.org/montana/great-falls/cascade-ridge-senior-living/d0vc9zmy9km5ygc6j853uz1n,city_state_only,shared_address_without_sufficient_identity_evidence,corroborates_all_listed_members_and_address,shared_address_without_sufficient_identity_evidence
SAQ_0685,NC|1000 PARKTHROUGH ST|CARY,1000 PARKTHROUGH ST | PWE 1000 PARKTHROUGH ST,phase_or_component_evidence,new_two_read_review,2026-08-11,2026-08-11,2026-08-11,public_directory_sitemap,https://section8search.org/sitemap.xml | https://affordablehousinghub.org/sitemap.xml,not_approved,FALSE,2,2,2,retain_each,retain_each,2,Section8Search: 1000 PARKTHROUGH ST | Section8Search: PWE 1000 PARKTHROUGH ST,public_housing_directory,https://section8search.org/north-carolina/cary/1000-parkthrough-st/fejrz9rkmebfd4sbxz1g5mye | https://section8search.org/north-carolina/cary/pwe-1000-parkthrough-st/k5sirjtwgaav6cv51bj2xoyg,exact_standardized_site,distinct_phases_or_components_common_address,corroborates_all_listed_members_and_address,distinct_phases_or_components_common_address
SAQ_0686,NC|1002 PARKTHROUGH ST|CARY,1002 PARKTHROUGH ST | PWE 1002 PARKTHROUGH ST,phase_or_component_evidence,new_two_read_review,2026-08-11,2026-08-11,2026-08-11,public_directory_sitemap,https://section8search.org/sitemap.xml | https://affordablehousinghub.org/sitemap.xml,not_approved,FALSE,2,2,2,retain_each,retain_each,2,Section8Search: 1002 PARKTHROUGH ST | Section8Search: PWE 1002 PARKTHROUGH ST,public_housing_directory,https://section8search.org/north-carolina/cary/1002-parkthrough-st/bm7wu2cid0hah64nge3xzptt | https://section8search.org/north-carolina/cary/pwe-1002-parkthrough-st/lb8oxy9dy6qd8hleruffd5d5,exact_standardized_site,distinct_phases_or_components_common_address,corroborates_all_listed_members_and_address,distinct_phases_or_components_common_address
SAQ_0687,NC|1008 PARKTHROUGH ST|CARY,1008 PARKTHROUGH ST | PWE 1008 PARKTHROUGH ST,phase_or_component_evidence,new_two_read_review,2026-08-11,2026-08-11,2026-08-11,public_directory_sitemap,https://section8search.org/sitemap.xml | https://affordablehousinghub.org/sitemap.xml,not_approved,FALSE,2,2,2,retain_each,retain_each,2,Section8Search: 1008 PARKTHROUGH ST | Section8Search: PWE 1008 PARKTHROUGH ST,public_housing_directory,https://section8search.org/north-carolina/cary/1008-parkthrough-st/rqq581l6t7eb4o9j5btkxg2f | https://section8search.org/north-carolina/cary/pwe-1008-parkthrough-st/hvy16kx18ulfa5mit40aqift,exact_standardized_site,distinct_phases_or_components_common_address,corroborates_all_listed_members_and_address,distinct_phases_or_components_common_address
SAQ_0688,NC|1014 PARKTHROUGH ST|CARY,1014 PARKTHROUGH ST | PWE 1014 PARKTHROUGH ST,phase_or_component_evidence,new_two_read_review,2026-08-11,2026-08-11,2026-08-11,public_directory_sitemap,https://section8search.org/sitemap.xml | https://affordablehousinghub.org/sitemap.xml,not_approved,FALSE,2,2,2,retain_each,retain_each,2,Section8Search: 1014 PARKTHROUGH ST | Section8Search: PWE 1014 PARKTHROUGH ST,public_housing_directory,https://section8search.org/north-carolina/cary/1014-parkthrough-st/i3tfxrex1wla2cabm4wb71v0 | https://section8search.org/north-carolina/cary/pwe-1014-parkthrough-st/f61pc5jup8pv2y0x1otidpug,exact_standardized_site,distinct_phases_or_components_common_address,corroborates_all_listed_members_and_address,distinct_phases_or_components_common_address
SAQ_0689,NC|1018 PARKTHROUGH ST|CARY,1018 PARKTHROUGH ST | PWE 1018 PARKTHROUGH ST,phase_or_component_evidence,new_two_read_review,2026-08-11,2026-08-11,2026-08-11,public_directory_sitemap,https://section8search.org/sitemap.xml | https://affordablehousinghub.org/sitemap.xml,not_approved,FALSE,2,2,2,retain_each,retain_each,2,Section8Search: 1018 PARKTHROUGH ST | Section8Search: PWE 1018 PARKTHROUGH ST,public_housing_directory,https://section8search.org/north-carolina/cary/1018-parkthrough-st/my9ubzyg2m8bcoho0zqcku7a | https://section8search.org/north-carolina/cary/pwe-1018-parkthrough-st/ckf8ep7ueumfgk6hxs5i2kqd,exact_standardized_site,distinct_phases_or_components_common_address,corroborates_all_listed_members_and_address,distinct_phases_or_components_common_address
SAQ_0690,NC|1620 BROOKSVALE ST|CHARLOTTE,BOULEVARD PHASE II | BOULEVARD SENIORS,shared_address_only,new_two_read_review,2026-08-11,2026-08-11,2026-08-11,public_directory_sitemap,https://section8search.org/sitemap.xml | https://affordablehousinghub.org/sitemap.xml,not_approved,FALSE,2,2,2,retain_each,retain_each,2,Affordable Housing Hub: BOULEVARD PHASE II | Affordable Housing Hub: BOULEVARD SENIORS,public_housing_directory,https://affordablehousinghub.org/housing/north-carolina/mecklenburg-county/charlotte/boulevard-phase-ii-19007-lihtc | https://affordablehousinghub.org/housing/north-carolina/mecklenburg-county/charlotte/boulevard-seniors-19008-lihtc,address_not_extracted,shared_address_without_sufficient_identity_evidence,corroborates_all_listed_members_and_address,shared_address_without_sufficient_identity_evidence
SAQ_0691,NC|2735 WINGATE AVE|CHARLOTTE,TV PROPERTIES | WINGATE AVENUE,name_or_timing_evidence,new_two_read_review,2026-08-11,2026-08-11,2026-08-11,public_directory_sitemap,https://section8search.org/sitemap.xml | https://affordablehousinghub.org/sitemap.xml,not_approved,FALSE,2,1,1,merge_all,merge_all,2,Affordable Housing Hub: TV PROPERTIES | Affordable Housing Hub: WINGATE AVENUE,public_housing_directory,https://affordablehousinghub.org/housing/north-carolina/mecklenburg-county/charlotte/tv-properties-19134-lihtc | https://affordablehousinghub.org/housing/north-carolina/mecklenburg-county/charlotte/wingate-avenue-18832-lihtc,address_not_extracted,name_or_reporting_variant_same_physical_development,corroborates_all_listed_members_and_address,name_or_reporting_variant_same_physical_development
SAQ_0692,NC|2739 WINGATE AVE|CHARLOTTE,TV PROPERTIES | WINGATE AVENUE,name_or_timing_evidence,new_two_read_review,2026-08-11,2026-08-11,2026-08-11,public_directory_sitemap,https://section8search.org/sitemap.xml | https://affordablehousinghub.org/sitemap.xml,not_approved,FALSE,2,1,1,merge_all,merge_all,2,Affordable Housing Hub: TV PROPERTIES | Affordable Housing Hub: WINGATE AVENUE,public_housing_directory,https://affordablehousinghub.org/housing/north-carolina/mecklenburg-county/charlotte/tv-properties-19134-lihtc | https://affordablehousinghub.org/housing/north-carolina/mecklenburg-county/charlotte/wingate-avenue-18832-lihtc,address_not_extracted,name_or_reporting_variant_same_physical_development,corroborates_all_listed_members_and_address,name_or_reporting_variant_same_physical_development
SAQ_0693,NC|2743 WINGATE AVE|CHARLOTTE,TV PROPERTIES | WINGATE AVENUE,name_or_timing_evidence,new_two_read_review,2026-08-11,2026-08-11,2026-08-11,public_directory_sitemap,https://section8search.org/sitemap.xml | https://affordablehousinghub.org/sitemap.xml,not_approved,FALSE,2,1,1,merge_all,merge_all,2,Affordable Housing Hub: TV PROPERTIES | Affordable Housing Hub: WINGATE AVENUE,public_housing_directory,https://affordablehousinghub.org/housing/north-carolina/mecklenburg-county/charlotte/tv-properties-19134-lihtc | https://affordablehousinghub.org/housing/north-carolina/mecklenburg-county/charlotte/wingate-avenue-18832-lihtc,address_not_extracted,name_or_reporting_variant_same_physical_development,corroborates_all_listed_members_and_address,name_or_reporting_variant_same_physical_development
SAQ_0694,NC|318 CROMER ST|CHARLOTTE,318 CROMER ST | 318 CROMER STREET,name_or_timing_evidence,new_two_read_review,2026-08-11,2026-08-11,2026-08-11,public_directory_sitemap,https://section8search.org/sitemap.xml | https://affordablehousinghub.org/sitemap.xml,not_approved,FALSE,2,1,1,merge_all,merge_all,2,Section8Search: 318 CROMER ST | Section8Search: 318 CROMER STREET,public_housing_directory,https://section8search.org/north-carolina/charlotte/318-cromer-st/tcor4ji096w9p8n4haea2vce | https://section8search.org/north-carolina/charlotte/318-cromer-street/mx964brzd62oo63o72tt5bpb,city_state_only | exact_standardized_site,name_or_reporting_variant_same_physical_development,corroborates_all_listed_members_and_address,name_or_reporting_variant_same_physical_development
SAQ_0695,NC|5623 WOODARD ST|CHARLOTTE,5623 WOODARD ST | PWE 5623 WOODARD STREET,phase_or_component_evidence,new_two_read_review,2026-08-11,2026-08-11,2026-08-11,public_directory_sitemap,https://section8search.org/sitemap.xml | https://affordablehousinghub.org/sitemap.xml,not_approved,FALSE,2,2,2,retain_each,retain_each,2,Section8Search: 5623 WOODARD ST | Section8Search: PWE 5623 WOODARD STREET,public_housing_directory,https://section8search.org/north-carolina/charlotte/5623-woodard-st/fywbqp9cl09k20wlaz7s1n6r | https://section8search.org/north-carolina/charlotte/pwe-5623-woodard-street/xtmpnffm8yn24o7lu3q91cud,city_state_only | exact_standardized_site,distinct_phases_or_components_common_address,corroborates_all_listed_members_and_address,distinct_phases_or_components_common_address
SAQ_0696,NC|607 TOT DELLINGER RD|CHERRYVILLE,MARTIN #2 DUPLEX | MARTIN DUPLEX #2,phase_or_component_evidence,new_two_read_review,2026-08-11,2026-08-11,2026-08-11,public_directory_sitemap,https://section8search.org/sitemap.xml | https://affordablehousinghub.org/sitemap.xml,not_approved,FALSE,2,2,2,retain_each,retain_each,2,Section8Search: MARTIN #2 DUPLEX | Section8Search: MARTIN DUPLEX #2,public_housing_directory,https://section8search.org/north-carolina/cherryville/martin-2-duplex/y132utlf9l3ojsed4g0qref1 | https://section8search.org/north-carolina/cherryville/martin-duplex-2/t5qkxl2smi5rfiaiy6jhtf0y,city_state_only | exact_standardized_site,distinct_phases_or_components_common_address,corroborates_all_listed_members_and_address,distinct_phases_or_components_common_address
SAQ_0697,NC|1403 BROWN BLVD|GREENSBORO,BROWN BLVD APTS | PWE BROWN BLVD APTS,name_or_timing_evidence,new_two_read_review,2026-08-11,2026-08-11,2026-08-11,public_directory_sitemap,https://section8search.org/sitemap.xml | https://affordablehousinghub.org/sitemap.xml,not_approved,FALSE,2,1,1,merge_all,merge_all,2,Affordable Housing Hub: BROWN BLVD APTS | Section8Search: PWE BROWN BLVD APTS,public_housing_directory,https://affordablehousinghub.org/housing/north-carolina/guilford-county/greensboro/brown-blvd-apts-18708-lihtc | https://section8search.org/north-carolina/greensboro/pwe-brown-blvd-apts/g6ila75jd2uwhud7zcncb26i,address_not_extracted | exact_standardized_site,name_or_reporting_variant_same_physical_development,corroborates_all_listed_members_and_address,name_or_reporting_variant_same_physical_development
SAQ_0698,NC|1621 EASTWOOD AVE|GREENSBORO,1621 EASTWOOD AVE | PWN 1621 EASTWOOD AVE,phase_or_component_evidence,new_two_read_review,2026-08-11,2026-08-11,2026-08-11,public_directory_sitemap,https://section8search.org/sitemap.xml | https://affordablehousinghub.org/sitemap.xml,not_approved,FALSE,2,2,2,retain_each,retain_each,2,Affordable Housing Hub: 1621 EASTWOOD AVE | Section8Search: PWN 1621 EASTWOOD AVE,public_housing_directory,https://affordablehousinghub.org/housing/north-carolina/guilford-county/greensboro/1621-eastwood-ave-20612-lihtc | https://section8search.org/north-carolina/greensboro/pwn-1621-eastwood-ave/g0ire0t1ngosna94209z6gja,address_not_extracted | exact_standardized_site,distinct_phases_or_components_common_address,corroborates_all_listed_members_and_address,distinct_phases_or_components_common_address
SAQ_0699,NC|1630 ALICE AVE|GREENSBORO,1630 ALICE AVE | PWE 1630 ALICE AVE,phase_or_component_evidence,new_two_read_review,2026-08-11,2026-08-11,2026-08-11,public_directory_sitemap,https://section8search.org/sitemap.xml | https://affordablehousinghub.org/sitemap.xml,not_approved,FALSE,2,2,2,retain_each,retain_each,2,Section8Search: 1630 ALICE AVE | Section8Search: PWE 1630 ALICE AVE,public_housing_directory,https://section8search.org/north-carolina/greensboro/1630-alice-ave/dj7itzrbosfyu1z7fx8r26sc | https://section8search.org/north-carolina/greensboro/pwe-1630-alice-ave/joz7nj5zd9d3380hlxi5affl,exact_standardized_site,distinct_phases_or_components_common_address,corroborates_all_listed_members_and_address,distinct_phases_or_components_common_address
SAQ_0700,NC|1701 ALLEN ST|GREENSBORO,ALLEN STREET | PWE ALLEN STREET,name_or_timing_evidence,new_two_read_review,2026-08-11,2026-08-11,2026-08-11,public_directory_sitemap,https://section8search.org/sitemap.xml | https://affordablehousinghub.org/sitemap.xml,not_approved,FALSE,2,1,1,merge_all,merge_all,2,Section8Search: ALLEN STREET | Section8Search: PWE ALLEN STREET,public_housing_directory,https://section8search.org/north-carolina/greensboro/allen-street/fjbh1850xwlftpuplb5f7s9b | https://section8search.org/north-carolina/greensboro/pwe-allen-street/qtvc4m5mqsobybtxabj52gmp,city_state_only | exact_standardized_site,name_or_reporting_variant_same_physical_development,corroborates_all_listed_members_and_address,name_or_reporting_variant_same_physical_development
SAQ_0701,NC|1702 ALICE AVE|GREENSBORO,1702 ALICE AVE | 1702 ALICE AVENUE,name_or_timing_evidence,new_two_read_review,2026-08-11,2026-08-11,2026-08-11,public_directory_sitemap,https://section8search.org/sitemap.xml | https://affordablehousinghub.org/sitemap.xml,not_approved,FALSE,2,1,1,merge_all,merge_all,2,Section8Search: 1702 ALICE AVE | Section8Search: 1702 ALICE AVENUE,public_housing_directory,https://section8search.org/north-carolina/greensboro/1702-alice-ave/ih2n9fzhsfud28l29se7jnf9 | https://section8search.org/north-carolina/greensboro/1702-alice-avenue/n6sr4bdkrpt4um3rehohessd,city_state_only | exact_standardized_site,name_or_reporting_variant_same_physical_development,corroborates_all_listed_members_and_address,name_or_reporting_variant_same_physical_development
SAQ_0702,NC|2915 LIBERTY RD|GREENSBORO,2915 LIBERTY RD | 2915 LIBERTY ROAD,name_or_timing_evidence,new_two_read_review,2026-08-11,2026-08-11,2026-08-11,public_directory_sitemap,https://section8search.org/sitemap.xml | https://affordablehousinghub.org/sitemap.xml,not_approved,FALSE,2,1,1,merge_all,merge_all,2,Section8Search: 2915 LIBERTY RD | Section8Search: 2915 LIBERTY ROAD,public_housing_directory,https://section8search.org/north-carolina/greensboro/2915-liberty-rd/ran8xfghhietpedj80dt85q9 | https://section8search.org/north-carolina/greensboro/2915-liberty-road/jb3dv608ooycedennkdjilpg,city_state_only | exact_standardized_site,name_or_reporting_variant_same_physical_development,corroborates_all_listed_members_and_address,name_or_reporting_variant_same_physical_development
SAQ_0703,NC|3410 CALUMET PL|GREENSBORO,3410 CALUMET PL | 3410 CALUMET PLACE,name_or_timing_evidence,new_two_read_review,2026-08-11,2026-08-11,2026-08-11,public_directory_sitemap,https://section8search.org/sitemap.xml | https://affordablehousinghub.org/sitemap.xml,not_approved,FALSE,2,1,1,merge_all,merge_all,2,Section8Search: 3410 CALUMET PL | Section8Search: 3410 CALUMET PLACE,public_housing_directory,https://section8search.org/north-carolina/greensboro/3410-calumet-pl/tn694rgzz5jo3ktzygbna20o | https://section8search.org/north-carolina/greensboro/3410-calumet-place/xf13uo71rtsj33g25v27dfh1,city_state_only | exact_standardized_site,name_or_reporting_variant_same_physical_development,corroborates_all_listed_members_and_address,name_or_reporting_variant_same_physical_development
SAQ_0704,NC|3801 HEATH ST|GREENSBORO,IMAN PROPERTY | PWE IMAN PROPERTY,name_or_timing_evidence,new_two_read_review,2026-08-11,2026-08-11,2026-08-11,public_directory_sitemap,https://section8search.org/sitemap.xml | https://affordablehousinghub.org/sitemap.xml,not_approved,FALSE,2,1,1,merge_all,merge_all,2,Section8Search: IMAN PROPERTY | Section8Search: PWE IMAN PROPERTY,public_housing_directory,https://section8search.org/north-carolina/greensboro/iman-property/x13jrbfxaiubgdhfcrockv1l | https://section8search.org/north-carolina/greensboro/pwe-iman-property/jsedtrz05lkzk7as1kum6q31,exact_standardized_site,name_or_reporting_variant_same_physical_development,corroborates_all_listed_members_and_address,name_or_reporting_variant_same_physical_development
SAQ_0705,NC|3837 W AVE|GREENSBORO,3837 W AVE | 3837 WEST AVENUE,name_or_timing_evidence,new_two_read_review,2026-08-11,2026-08-11,2026-08-11,public_directory_sitemap,https://section8search.org/sitemap.xml | https://affordablehousinghub.org/sitemap.xml,not_approved,FALSE,2,1,1,merge_all,merge_all,2,Section8Search: 3837 W AVE | Section8Search: 3837 WEST AVENUE,public_housing_directory,https://section8search.org/north-carolina/greensboro/3837-w-ave/ateecpnwybn2ae4bahcoi8y8 | https://section8search.org/north-carolina/greensboro/3837-west-avenue/cyd3csafs17q55zgydob2m0g,city_state_only | exact_standardized_site,name_or_reporting_variant_same_physical_development,corroborates_all_listed_members_and_address,name_or_reporting_variant_same_physical_development
SAQ_0706,NC|402 SYKES AVE|GREENSBORO,MARQUIS STREET | PWN MARQUIS STREET,name_or_timing_evidence,new_two_read_review,2026-08-11,2026-08-11,2026-08-11,public_directory_sitemap,https://section8search.org/sitemap.xml | https://affordablehousinghub.org/sitemap.xml,not_approved,FALSE,2,1,1,merge_all,merge_all,2,Affordable Housing Hub: MARQUIS STREET | Section8Search: PWN MARQUIS STREET,public_housing_directory,https://affordablehousinghub.org/housing/north-carolina/guilford-county/greensboro/marquis-street-18877-lihtc | https://section8search.org/north-carolina/greensboro/pwn-marquis-street/nwweyhyhp16bynovqoz29qpu,address_not_extracted | exact_standardized_site,name_or_reporting_variant_same_physical_development,corroborates_all_listed_members_and_address,name_or_reporting_variant_same_physical_development
SAQ_0707,NC|4410 ANDERSON ST|GREENSBORO,4410 ANDERSON ST | PWN 4410 ANDERSON ST,phase_or_component_evidence,new_two_read_review,2026-08-11,2026-08-11,2026-08-11,public_directory_sitemap,https://section8search.org/sitemap.xml | https://affordablehousinghub.org/sitemap.xml,not_approved,FALSE,2,2,2,retain_each,retain_each,2,Affordable Housing Hub: 4410 ANDERSON ST | Section8Search: PWN 4410 ANDERSON ST,public_housing_directory,https://affordablehousinghub.org/housing/north-carolina/guilford-county/greensboro/4410-anderson-st-18850-lihtc | https://section8search.org/north-carolina/greensboro/pwn-4410-anderson-st/o1on7aeowb4qgj3bfx3vqh6y,address_not_extracted | exact_standardized_site,distinct_phases_or_components_common_address,corroborates_all_listed_members_and_address,distinct_phases_or_components_common_address
SAQ_0708,NC|728 ROBERSON ST|HENDERSON,728 ROBERSON ST | 728 ROBERSON STREET,name_or_timing_evidence,new_two_read_review,2026-08-11,2026-08-11,2026-08-11,public_directory_sitemap,https://section8search.org/sitemap.xml | https://affordablehousinghub.org/sitemap.xml,not_approved,FALSE,2,1,1,merge_all,merge_all,2,Section8Search: 728 ROBERSON ST | Section8Search: 728 ROBERSON STREET,public_housing_directory,https://section8search.org/north-carolina/henderson/728-roberson-st/vnt1f7ujgw329blshwt0xye6 | https://section8search.org/north-carolina/henderson/728-roberson-street/a0za6wxpo39i2ugdglewqlj6,city_state_only | exact_standardized_site,name_or_reporting_variant_same_physical_development,corroborates_all_listed_members_and_address,name_or_reporting_variant_same_physical_development
SAQ_0709,NC|426 SECOND AVE SE|HICKORY,KENWORTH SENIOR CENTER PHASE II | KENWORTH SENIOR CITIZENS CENTER,shared_address_only,new_two_read_review,2026-08-11,2026-08-11,2026-08-11,public_directory_sitemap,https://section8search.org/sitemap.xml | https://affordablehousinghub.org/sitemap.xml,not_approved,FALSE,2,2,2,retain_each,retain_each,2,Section8Search: KENWORTH SENIOR CENTER PHASE II | Section8Search: KENWORTH SENIOR CITIZENS CENTER,public_housing_directory,https://section8search.org/north-carolina/hickory/kenworth-senior-center-phase-ii/ajhdgo4i7e13jx3zyhh02zkw | https://section8search.org/north-carolina/hickory/kenworth-senior-citizens-center/bqper4cc9mub33h8l04jw9pt,exact_standardized_site,shared_address_without_sufficient_identity_evidence,corroborates_all_listed_members_and_address,shared_address_without_sufficient_identity_evidence
SAQ_0710,NC|232 GORDON ST|HIGH POINT,LEONARD RENTAL UNIT | PWN LEONARD RENTAL UNIT,name_or_timing_evidence,new_two_read_review,2026-08-11,2026-08-11,2026-08-11,public_directory_sitemap,https://section8search.org/sitemap.xml | https://affordablehousinghub.org/sitemap.xml,not_approved,FALSE,2,1,1,merge_all,merge_all,2,Section8Search: LEONARD RENTAL UNIT | Section8Search: PWN LEONARD RENTAL UNIT,public_housing_directory,https://section8search.org/north-carolina/high-point/leonard-rental-unit/x4d1elys81lt1w3jfixxspu1 | https://section8search.org/north-carolina/high-point/pwn-leonard-rental-unit/mg7t4prvo9en2diowdzvj1zb,city_state_only | exact_standardized_site,name_or_reporting_variant_same_physical_development,corroborates_all_listed_members_and_address,name_or_reporting_variant_same_physical_development
SAQ_0711,NC|102 WILLOW ST SW|LENOIR,LHS APARTMENTS | LHS APTS,name_or_timing_evidence,new_two_read_review,2026-08-11,2026-08-11,2026-08-11,public_directory_sitemap,https://section8search.org/sitemap.xml | https://affordablehousinghub.org/sitemap.xml,not_approved,FALSE,2,1,1,merge_all,merge_all,2,Section8Search: LHS APARTMENTS | Section8Search: LHS APTS,public_housing_directory,https://section8search.org/north-carolina/lenoir/lhs-apartments/g1ibq3ta4ntrw7qelf0dvqzn | https://section8search.org/north-carolina/lenoir/lhs-apts/kl55garn9dyjm5j2wgfvq9mx,city_state_only | exact_standardized_site,name_or_reporting_variant_same_physical_development,corroborates_all_listed_members_and_address,name_or_reporting_variant_same_physical_development
SAQ_0712,NC|1924 TISCHER RD|RALEIGH,1924 TISCHER RD | PWE 1924 TISCHER RD,phase_or_component_evidence,new_two_read_review,2026-08-11,2026-08-11,2026-08-11,public_directory_sitemap,https://section8search.org/sitemap.xml | https://affordablehousinghub.org/sitemap.xml,not_approved,FALSE,2,2,2,retain_each,retain_each,2,Section8Search: 1924 TISCHER RD | Section8Search: PWE 1924 TISCHER RD,public_housing_directory,https://section8search.org/north-carolina/raleigh/1924-tischer-rd/mwmpht9glur2qdyw6gggvd4u | https://section8search.org/north-carolina/raleigh/pwe-1924-tischer-rd/o96vxu6gacesgltt5qmcn749,exact_standardized_site,distinct_phases_or_components_common_address,corroborates_all_listed_members_and_address,distinct_phases_or_components_common_address
SAQ_0713,NC|1929 TISCHER RD|RALEIGH,1929 TISCHER RD | 1929 TISCHER ROAD,name_or_timing_evidence,new_two_read_review,2026-08-11,2026-08-11,2026-08-11,public_directory_sitemap,https://section8search.org/sitemap.xml | https://affordablehousinghub.org/sitemap.xml,not_approved,FALSE,2,1,1,merge_all,merge_all,2,Section8Search: 1929 TISCHER RD | Section8Search: 1929 TISCHER ROAD,public_housing_directory,https://section8search.org/north-carolina/raleigh/1929-tischer-rd/vi8giy5tlhb3yda50lf81m75 | https://section8search.org/north-carolina/raleigh/1929-tischer-road/uh0anl78bhickga7iu937oa6,city_state_only | exact_standardized_site,name_or_reporting_variant_same_physical_development,corroborates_all_listed_members_and_address,name_or_reporting_variant_same_physical_development
SAQ_0714,NC|3900 SUMNER BLVD|RALEIGH,SUMNER POINTE | SUMNER POINTE II | THE POINTE AT TOWN CENTER | THE POINTE AT TOWN CENTER II,phase_or_component_evidence,new_two_read_review,2026-08-11,2026-08-11,2026-08-11,public_directory_sitemap,https://section8search.org/sitemap.xml | https://affordablehousinghub.org/sitemap.xml,not_approved,FALSE,4,4,4,retain_each,retain_each,4,Section8Search: SUMNER POINTE | Section8Search: SUMNER POINTE II | Section8Search: THE POINTE AT TOWN CENTER | Section8Search: THE POINTE AT TOWN CENTER II,public_housing_directory,https://section8search.org/north-carolina/raleigh/sumner-pointe-ii/xdco1yvt89my7bdzpghnf1xk | https://section8search.org/north-carolina/raleigh/sumner-pointe/itv9zsfyd6b455jmzr1dqr7v | https://section8search.org/north-carolina/raleigh/the-pointe-at-town-center-ii/rczwe9edm52lbyk35ts7cssu | https://section8search.org/north-carolina/raleigh/the-pointe-at-town-center/a55l86e7s74h2t4311g5q33d,exact_standardized_site,distinct_phases_or_components_common_address,corroborates_all_listed_members_and_address,distinct_phases_or_components_common_address
SAQ_0715,NC|5418 TALSERWOOD DR|RALEIGH,5418 TALSERWOOD DR | PWE 5418 TALSERWOOD DRIVE,phase_or_component_evidence,new_two_read_review,2026-08-11,2026-08-11,2026-08-11,public_directory_sitemap,https://section8search.org/sitemap.xml | https://affordablehousinghub.org/sitemap.xml,not_approved,FALSE,2,2,2,retain_each,retain_each,2,Section8Search: 5418 TALSERWOOD DR | Section8Search: PWE 5418 TALSERWOOD DRIVE,public_housing_directory,https://section8search.org/north-carolina/raleigh/5418-talserwood-dr/wd0ze35pgwp8nt7zq0i0arfq | https://section8search.org/north-carolina/raleigh/pwe-5418-talserwood-drive/bvt2xqwvszh3vx6cyok6hfoo,city_state_only | exact_standardized_site,distinct_phases_or_components_common_address,corroborates_all_listed_members_and_address,distinct_phases_or_components_common_address
SAQ_0716,NC|5421 TALSERWOOD DR|RALEIGH,5421 TALSERWOOD DR | PWN 5421 TALSERWOOD DRIVE,phase_or_component_evidence,new_two_read_review,2026-08-11,2026-08-11,2026-08-11,public_directory_sitemap,https://section8search.org/sitemap.xml | https://affordablehousinghub.org/sitemap.xml,not_approved,FALSE,2,2,2,retain_each,retain_each,2,Section8Search: 5421 TALSERWOOD DR | Section8Search: PWN 5421 TALSERWOOD DRIVE,public_housing_directory,https://section8search.org/north-carolina/raleigh/5421-talserwood-dr/b9okgcgdfy2jsag2gb00u65g | https://section8search.org/north-carolina/raleigh/pwn-5421-talserwood-drive/e9ndg4f42hv8jw0ll7a6boz7,city_state_only | exact_standardized_site,distinct_phases_or_components_common_address,corroborates_all_listed_members_and_address,distinct_phases_or_components_common_address
SAQ_0717,NC|609 DOROTHEA DR|RALEIGH,PWE SKEETER CREEK APTS | SKEETER CREEK APTS,name_or_timing_evidence,new_two_read_review,2026-08-11,2026-08-11,2026-08-11,public_directory_sitemap,https://section8search.org/sitemap.xml | https://affordablehousinghub.org/sitemap.xml,not_approved,FALSE,2,1,1,merge_all,merge_all,2,Section8Search: PWE SKEETER CREEK APTS | Section8Search: SKEETER CREEK APTS,public_housing_directory,https://section8search.org/north-carolina/raleigh/pwe-skeeter-creek-apts/fqkmc2lmtavukmvm8fxqka67 | https://section8search.org/north-carolina/raleigh/skeeter-creek-apts/jetonaneoho9woq0q8b6qb3n,exact_standardized_site,name_or_reporting_variant_same_physical_development,corroborates_all_listed_members_and_address,name_or_reporting_variant_same_physical_development
SAQ_0718,NC|617 CAROLINA AVE|RALEIGH,617 CAROLINA AVE | 617 CAROLINA AVENUE,name_or_timing_evidence,new_two_read_review,2026-08-11,2026-08-11,2026-08-11,public_directory_sitemap,https://section8search.org/sitemap.xml | https://affordablehousinghub.org/sitemap.xml,not_approved,FALSE,2,1,1,merge_all,merge_all,2,Section8Search: 617 CAROLINA AVE | Section8Search: 617 CAROLINA AVENUE,public_housing_directory,https://section8search.org/north-carolina/raleigh/617-carolina-ave/rzfaw71eev2cwrsropqpnkui | https://section8search.org/north-carolina/raleigh/617-carolina-avenue/v6fsltvsg4jkoz604joiyys6,city_state_only | exact_standardized_site,name_or_reporting_variant_same_physical_development,corroborates_all_listed_members_and_address,name_or_reporting_variant_same_physical_development
SAQ_0719,NC|619 CAROLINA AVE|RALEIGH,619 CAROLINA AVE | 619 CAROLINA AVENUE,name_or_timing_evidence,new_two_read_review,2026-08-11,2026-08-11,2026-08-11,public_directory_sitemap,https://section8search.org/sitemap.xml | https://affordablehousinghub.org/sitemap.xml,not_approved,FALSE,2,1,1,merge_all,merge_all,2,Section8Search: 619 CAROLINA AVE | Section8Search: 619 CAROLINA AVENUE,public_housing_directory,https://section8search.org/north-carolina/raleigh/619-carolina-ave/mtrf5kzpbyvwpwhfjj3crtem | https://section8search.org/north-carolina/raleigh/619-carolina-avenue/yb0601mrepq8ujfhr6s3imek,city_state_only | exact_standardized_site,name_or_reporting_variant_same_physical_development,corroborates_all_listed_members_and_address,name_or_reporting_variant_same_physical_development
SAQ_0720,NC|621 CAROLINA AVE|RALEIGH,621 CAROLINA AVE | 621 CAROLINA AVENUE,name_or_timing_evidence,new_two_read_review,2026-08-11,2026-08-11,2026-08-11,public_directory_sitemap,https://section8search.org/sitemap.xml | https://affordablehousinghub.org/sitemap.xml,not_approved,FALSE,2,1,1,merge_all,merge_all,2,Section8Search: 621 CAROLINA AVE | Section8Search: 621 CAROLINA AVENUE,public_housing_directory,https://section8search.org/north-carolina/raleigh/621-carolina-ave/iwttfyqr4y34wjmrphh3h42u | https://section8search.org/north-carolina/raleigh/621-carolina-avenue/sffrk23zhojg2xhj9evrbie2,city_state_only | exact_standardized_site,name_or_reporting_variant_same_physical_development,corroborates_all_listed_members_and_address,name_or_reporting_variant_same_physical_development
SAQ_0721,NC|623 CAROLINA AVE|RALEIGH,623 CAROLINA AVE | 623 CAROLINA AVENUE,name_or_timing_evidence,new_two_read_review,2026-08-11,2026-08-11,2026-08-11,public_directory_sitemap,https://section8search.org/sitemap.xml | https://affordablehousinghub.org/sitemap.xml,not_approved,FALSE,2,1,1,merge_all,merge_all,2,Section8Search: 623 CAROLINA AVE | Section8Search: 623 CAROLINA AVENUE,public_housing_directory,https://section8search.org/north-carolina/raleigh/623-carolina-ave/bki8oup73c6tkc213byhvjex | https://section8search.org/north-carolina/raleigh/623-carolina-avenue/cc2705bafca024ivjvaawhgg,city_state_only | exact_standardized_site,name_or_reporting_variant_same_physical_development,corroborates_all_listed_members_and_address,name_or_reporting_variant_same_physical_development
SAQ_0722,NC|8107 FARMLEA CIR|RALEIGH,8107 FARMLEA CIR | 8107 FARMLEA CIRCLE,name_or_timing_evidence,new_two_read_review,2026-08-11,2026-08-11,2026-08-11,public_directory_sitemap,https://section8search.org/sitemap.xml | https://affordablehousinghub.org/sitemap.xml,not_approved,FALSE,2,1,1,merge_all,merge_all,2,Section8Search: 8107 FARMLEA CIR | Section8Search: 8107 FARMLEA CIRCLE,public_housing_directory,https://section8search.org/north-carolina/raleigh/8107-farmlea-cir/dnc0n2rl2p44as5t77dnsjlm | https://section8search.org/north-carolina/raleigh/8107-farmlea-circle/xnif7hf32wv5kz56y6cfuh6x,city_state_only | exact_standardized_site,name_or_reporting_variant_same_physical_development,corroborates_all_listed_members_and_address,name_or_reporting_variant_same_physical_development
SAQ_0723,NC|8109 FARMLEA CIR|RALEIGH,8109 FARMLEA CIR | 8109 FARMLEA CIRCLE,name_or_timing_evidence,new_two_read_review,2026-08-11,2026-08-11,2026-08-11,public_directory_sitemap,https://section8search.org/sitemap.xml | https://affordablehousinghub.org/sitemap.xml,not_approved,FALSE,2,1,1,merge_all,merge_all,2,Section8Search: 8109 FARMLEA CIR | Section8Search: 8109 FARMLEA CIRCLE,public_housing_directory,https://section8search.org/north-carolina/raleigh/8109-farmlea-cir/xpt0qybtl3d7dsl93gswdzbh | https://section8search.org/north-carolina/raleigh/8109-farmlea-circle/d5p9g7rznr6tmgxt7vrpammv,city_state_only | exact_standardized_site,name_or_reporting_variant_same_physical_development,corroborates_all_listed_members_and_address,name_or_reporting_variant_same_physical_development
SAQ_0724,ND|4462 30TH AVE S|FARGO,ELLIOTT PLACE FOUR | ELLIOTT PLACE NINE,shared_address_only,new_two_read_review,2026-08-11,2026-08-11,2026-08-11,public_directory_sitemap,https://section8search.org/sitemap.xml | https://affordablehousinghub.org/sitemap.xml,not_approved,FALSE,2,2,2,retain_each,retain_each,2,Section8Search: ELLIOTT PLACE FOUR | Section8Search: ELLIOTT PLACE NINE,public_housing_directory,https://section8search.org/north-dakota/fargo/elliott-place-four/tpuzczyerrdy6kc4wpkmv899 | https://section8search.org/north-dakota/fargo/elliott-place-nine/a5o2bs92aed3ustdmdzcr2tx,exact_standardized_site,shared_address_without_sufficient_identity_evidence,corroborates_all_listed_members_and_address,shared_address_without_sufficient_identity_evidence
SAQ_0725,ND|1341 92ND ST|FORT YATES,SITTING BULL COLLEGE | SITTING BULL COLLEGE NEW #1,phase_or_component_evidence,new_two_read_review,2026-08-11,2026-08-11,2026-08-11,public_directory_sitemap,https://section8search.org/sitemap.xml | https://affordablehousinghub.org/sitemap.xml,not_approved,FALSE,2,2,2,retain_each,retain_each,2,Section8Search: SITTING BULL COLLEGE | Section8Search: SITTING BULL COLLEGE NEW #1,public_housing_directory,https://section8search.org/north-dakota/fort-yates/sitting-bull-college-new-1/ov6ka7xdog2oyzmjcliiqu5n | https://section8search.org/north-dakota/fort-yates/sitting-bull-college/bb2jfxja9cqs0opnt6sogrwq,city_state_only | exact_standardized_site,distinct_phases_or_components_common_address,corroborates_all_listed_members_and_address,distinct_phases_or_components_common_address
SAQ_0726,NE|630 S 19TH ST|BLAIR,BLAIR APTS | BLAIR APTS II,shared_address_only,new_two_read_review,2026-08-11,2026-08-11,2026-08-11,public_directory_sitemap,https://section8search.org/sitemap.xml | https://affordablehousinghub.org/sitemap.xml,not_approved,FALSE,2,2,2,retain_each,retain_each,2,Section8Search: BLAIR APTS | Section8Search: BLAIR APTS II,public_housing_directory,https://section8search.org/nebraska/blair/blair-apts-ii/rxnj9ihmbkiy2aa21r9ebm2g | https://section8search.org/nebraska/blair/blair-apts/ofgmgr259zfo0gpdeeay6l6u,exact_standardized_site,shared_address_without_sufficient_identity_evidence,corroborates_all_listed_members_and_address,shared_address_without_sufficient_identity_evidence
SAQ_0727,NE|415 S CHERRY ST|GRAND ISLAND,CHERRY PARK APTS | CHERRY PARK APTS PHASE II,phase_or_component_evidence,new_two_read_review,2026-08-11,2026-08-11,2026-08-11,public_directory_sitemap,https://section8search.org/sitemap.xml | https://affordablehousinghub.org/sitemap.xml,not_approved,FALSE,2,2,2,retain_each,retain_each,2,Affordable Housing Hub: CHERRY PARK APTS | Section8Search: CHERRY PARK APTS PHASE II,public_housing_directory,https://affordablehousinghub.org/housing/nebraska/hall-county/grand-island/cherry-park-apts-49305-lihtc | https://section8search.org/nebraska/grand-island/cherry-park-apts-phase-ii/obx5jzgj20crhfmifsbxy3gi,address_not_extracted | exact_standardized_site,distinct_phases_or_components_common_address,corroborates_all_listed_members_and_address,distinct_phases_or_components_common_address
SAQ_0728,NE|716 E 56TH ST|KEARNEY,STONERIDGE APTS | STONERIDGE APTS PHASE II,shared_address_only,new_two_read_review,2026-08-11,2026-08-11,2026-08-11,public_directory_sitemap,https://section8search.org/sitemap.xml | https://affordablehousinghub.org/sitemap.xml,not_approved,FALSE,2,2,2,retain_each,retain_each,2,Affordable Housing Hub: STONERIDGE APTS PHASE II | Section8Search: STONERIDGE APTS,public_housing_directory,https://affordablehousinghub.org/housing/nebraska/buffalo-county/kearney/stoneridge-apts-phase-ii-21870-lihtc | https://section8search.org/nebraska/kearney/stoneridge-apts/t4m81as4unv5k5w8564zdpnf,address_not_extracted | exact_standardized_site,shared_address_without_sufficient_identity_evidence,corroborates_all_listed_members_and_address,shared_address_without_sufficient_identity_evidence
SAQ_0729,NE|88 LA CROSSE DR|KEARNEY,THE VILLAGE AT KEARNEY II | VILLAGE AT KEARNEY,shared_address_only,new_two_read_review,2026-08-11,2026-08-11,2026-08-11,public_directory_sitemap,https://section8search.org/sitemap.xml | https://affordablehousinghub.org/sitemap.xml,not_approved,FALSE,2,2,2,retain_each,retain_each,2,Affordable Housing Hub: THE VILLAGE AT KEARNEY II | Section8Search: VILLAGE AT KEARNEY,public_housing_directory,https://affordablehousinghub.org/housing/nebraska/buffalo-county/kearney/the-village-at-kearney-ii-21754-lihtc | https://section8search.org/nebraska/kearney/village-at-kearney/xu5cfuhkcmqyh8i8yaqecycs,address_not_extracted | exact_standardized_site,shared_address_without_sufficient_identity_evidence,corroborates_all_listed_members_and_address,shared_address_without_sufficient_identity_evidence
SAQ_0730,NH|250 MAST RD|DOVER,MAST LANDING UNIT A | MAST LANDING UNIT B,phase_or_component_evidence,new_two_read_review,2026-08-11,2026-08-11,2026-08-11,public_directory_sitemap,https://section8search.org/sitemap.xml | https://affordablehousinghub.org/sitemap.xml,not_approved,FALSE,2,2,2,retain_each,retain_each,2,Section8Search: MAST LANDING UNIT A | Section8Search: MAST LANDING UNIT B,public_housing_directory,https://section8search.org/new-hampshire/dover/mast-landing-unit-a/ui8obf5uawcpyhuarkhl4n6r | https://section8search.org/new-hampshire/dover/mast-landing-unit-b/u8qtgftwpx5e7byy5cly58w2,city_state_only,distinct_phases_or_components_common_address,corroborates_all_listed_members_and_address,distinct_phases_or_components_common_address
SAQ_0731,NH|577 CENTRAL AVE|DOVER,BRADLEY COMMONS I | BRADLEY COMMONS PHASE II,shared_address_only,new_two_read_review,2026-08-11,2026-08-11,2026-08-11,public_directory_sitemap,https://section8search.org/sitemap.xml | https://affordablehousinghub.org/sitemap.xml,not_approved,FALSE,2,2,2,retain_each,retain_each,2,Section8Search: BRADLEY COMMONS I | Section8Search: BRADLEY COMMONS PHASE II,public_housing_directory,https://section8search.org/new-hampshire/dover/bradley-commons-i/cw5tisit9lkp69hu4ws8drny | https://section8search.org/new-hampshire/dover/bradley-commons-phase-ii/rgnff0otrhlp99r6skmrdq5t,city_state_only | exact_standardized_site,shared_address_without_sufficient_identity_evidence,corroborates_all_listed_members_and_address,shared_address_without_sufficient_identity_evidence
SAQ_0732,NH|27 BROWN RD|HAMPTON FALLS,"THE MEADOWS AT GRAPEVINE RUN PHASE II | THE MEADOWS AT GRAPVINE RUN, PHASE I",phase_or_component_evidence,new_two_read_review,2026-08-11,2026-08-11,2026-08-11,public_directory_sitemap,https://section8search.org/sitemap.xml | https://affordablehousinghub.org/sitemap.xml,not_approved,FALSE,2,2,2,retain_each,retain_each,2,"Section8Search: THE MEADOWS AT GRAPEVINE RUN PHASE II | Section8Search: THE MEADOWS AT GRAPVINE RUN, PHASE I",public_housing_directory,https://section8search.org/new-hampshire/hampton-falls/the-meadows-at-grapevine-run-phase-ii/tca3u2lo4mtud5tt2ae5992j | https://section8search.org/new-hampshire/hampton-falls/the-meadows-at-grapvine-run-phase-i/dvnq2l9qihnja3jx3rixk2zk,city_state_only,distinct_phases_or_components_common_address,corroborates_all_listed_members_and_address,distinct_phases_or_components_common_address
SAQ_0733,NH|18 CHANDLER AVE|PLAISTOW,CHANDLER PLACE | CHANDLER PLACE PHASE II,shared_address_only,new_two_read_review,2026-08-11,2026-08-11,2026-08-11,public_directory_sitemap,https://section8search.org/sitemap.xml | https://affordablehousinghub.org/sitemap.xml,not_approved,FALSE,2,2,2,retain_each,retain_each,2,Section8Search: CHANDLER PLACE | Section8Search: CHANDLER PLACE PHASE II,public_housing_directory,https://section8search.org/new-hampshire/plaistow/chandler-place-phase-ii/emzkovftfbxns4k0izoos8vb | https://section8search.org/new-hampshire/plaistow/chandler-place/ptplr3p4jw1f82vfmgcen46h,city_state_only,shared_address_without_sufficient_identity_evidence,corroborates_all_listed_members_and_address,shared_address_without_sufficient_identity_evidence
SAQ_0734,NH|365 N MAIN ST|WEST LEBANON,QUAIL HOLLOW PHASE I | QUAIL HOLLOW PHASE II,phase_or_component_evidence,new_two_read_review,2026-08-11,2026-08-11,2026-08-11,public_directory_sitemap,https://section8search.org/sitemap.xml | https://affordablehousinghub.org/sitemap.xml,not_approved,FALSE,2,2,2,retain_each,retain_each,2,Section8Search: QUAIL HOLLOW PHASE I | Section8Search: QUAIL HOLLOW PHASE II,public_housing_directory,https://section8search.org/new-hampshire/west-lebanon/quail-hollow-phase-i/x6dgs0d3andknnam1tayywlt | https://section8search.org/new-hampshire/west-lebanon/quail-hollow-phase-ii/x8g1556pixxf93beqard3gcr,exact_standardized_site,distinct_phases_or_components_common_address,corroborates_all_listed_members_and_address,distinct_phases_or_components_common_address
SAQ_0735,NJ|405 RIDGE AVE|ASBURY PARK,405 RIDGE AVENUE | 405 RIDGE AVENUE #331,phase_or_component_evidence,new_two_read_review,2026-08-11,2026-08-11,2026-08-11,public_directory_sitemap,https://section8search.org/sitemap.xml | https://affordablehousinghub.org/sitemap.xml,not_approved,FALSE,2,1,1,merge_all,merge_all,2,Section8Search: 405 RIDGE AVENUE | Section8Search: 405 RIDGE AVENUE #331,public_housing_directory,https://section8search.org/new-jersey/asbury-park/405-ridge-avenue-331/ehu5dj3g4et7pqybovciiusb | https://section8search.org/new-jersey/asbury-park/405-ridge-avenue/bv6zodxsdoh44na4eh6vbxoe,city_state_only | exact_standardized_site,same_component_duplicate_reporting,corroborates_all_listed_members_and_address,same_component_duplicate_reporting
SAQ_0736,NJ|1313 BALTIC AVE|ATLANTIC CITY,BALTIC PLAZA #2144 | BALTIC PLAZA APARTMENTS,shared_address_only,new_two_read_review,2026-08-11,2026-08-11,2026-08-11,public_directory_sitemap,https://section8search.org/sitemap.xml | https://affordablehousinghub.org/sitemap.xml,not_approved,FALSE,2,1,1,merge_all,merge_all,1,Section8Search: BALTIC PLAZA APARTMENTS,public_housing_directory,https://section8search.org/new-jersey/atlantic-city/baltic-plaza-apartments/t0dzpc7n3313gthukmkbcv94,city_state_only,later_financing_or_renamed_same_physical_development,corroborates_part_of_listed_members_and_address,later_financing_or_renamed_same_physical_development
SAQ_0737,NJ|46 N CONNECTICUT AVE|ATLANTIC CITY,46 N CONNECTICUT AVE APTS | 46 N. CONNECTICUT AVENUE APTS. #302 | 46 NORTH CONNECTICUT AVENUE,name_or_timing_evidence,new_two_read_review,2026-08-11,2026-08-11,2026-08-11,public_directory_sitemap,https://section8search.org/sitemap.xml | https://affordablehousinghub.org/sitemap.xml,not_approved,FALSE,3,1,1,merge_all,merge_all,3,Affordable Housing Hub: 46 N CONNECTICUT AVE APTS | Affordable Housing Hub: 46 NORTH CONNECTICUT AVENUE | Section8Search: 46 N. CONNECTICUT AVENUE APTS. #302,public_housing_directory,https://affordablehousinghub.org/housing/new-jersey/atlantic-county/atlantic-city/46-n-connecticut-ave-apts-23739-lihtc | https://affordablehousinghub.org/housing/new-jersey/atlantic-county/atlantic-city/46-north-connecticut-avenue-23266-lihtc | https://section8search.org/new-jersey/atlantic-city/46-n-connecticut-avenue-apts-302/bc6eqqld5htoo55tuxluh3zu,address_not_extracted | exact_standardized_site,later_financing_or_renamed_same_physical_development,corroborates_all_listed_members_and_address,later_financing_or_renamed_same_physical_development
SAQ_0738,NJ|655 ABSECON BLVD|ATLANTIC CITY,MARINA CLUB APTS | THE HIGHGATE,shared_address_only,new_two_read_review,2026-08-11,2026-08-11,2026-08-11,public_directory_sitemap,https://section8search.org/sitemap.xml | https://affordablehousinghub.org/sitemap.xml,not_approved,FALSE,2,2,2,retain_each,retain_each,1,Affordable Housing Hub: MARINA CLUB APTS,public_housing_directory,https://affordablehousinghub.org/housing/new-jersey/atlantic-county/atlantic-city/marina-club-apts-23233-lihtc,address_not_extracted,shared_address_without_sufficient_identity_evidence,corroborates_part_of_listed_members_and_address,shared_address_without_sufficient_identity_evidence
SAQ_0739,NJ|465 N MAIN ST|BARNEGAT,LAUREL OAKS - LITC #1105 | LAUREL OAKS FAMILY APARTMENTS | LAUREL OAKS FAMILY APARTMENTS II,phase_or_component_evidence,new_two_read_review,2026-08-11,2026-08-11,2026-08-11,public_directory_sitemap,https://section8search.org/sitemap.xml | https://affordablehousinghub.org/sitemap.xml,not_approved,FALSE,3,3,3,retain_each,retain_each,2,Section8Search: LAUREL OAKS FAMILY APARTMENTS | Section8Search: LAUREL OAKS FAMILY APARTMENTS II,public_housing_directory,https://section8search.org/new-jersey/barnegat/laurel-oaks-family-apartments-ii/bpnzx00lkxcqnyj3eeptvysb | https://section8search.org/new-jersey/barnegat/laurel-oaks-family-apartments/wtkt2t2jid3nu4uukecpbd6r,exact_standardized_site,distinct_phases_or_components_common_address,corroborates_part_of_listed_members_and_address,distinct_phases_or_components_common_address
SAQ_0740,NJ|2101 REAMER DR|BARRINGTON,BARRINGTON MEWS | SENIOR HOUSING OF BARRINGTON,name_or_timing_evidence,new_two_read_review,2026-08-11,2026-08-11,2026-08-11,public_directory_sitemap,https://section8search.org/sitemap.xml | https://affordablehousinghub.org/sitemap.xml,not_approved,FALSE,2,1,1,merge_all,merge_all,1,Section8Search: BARRINGTON MEWS,public_housing_directory,https://section8search.org/new-jersey/barrington/barrington-mews/o45x69nzysfahb2qq6plbcwn,exact_standardized_site,name_or_reporting_variant_same_physical_development,corroborates_part_of_listed_members_and_address,name_or_reporting_variant_same_physical_development
SAQ_0741,NJ|44 W 32ND ST|BAYONNE,BAYONNE SENIOR RESIDENCE | BAYONNE SENIOR RESIDENCE #614 | BAYONNE SR. RES. #614 AKA MANRO YWCA LLC,phase_or_component_evidence,new_two_read_review,2026-08-11,2026-08-11,2026-08-11,public_directory_sitemap,https://section8search.org/sitemap.xml | https://affordablehousinghub.org/sitemap.xml,not_approved,FALSE,3,1,1,merge_all,merge_all,2,Section8Search: BAYONNE SENIOR RESIDENCE | Section8Search: BAYONNE SENIOR RESIDENCE #614,public_housing_directory,https://section8search.org/new-jersey/bayonne/bayonne-senior-residence-614/p9phe9ic86s4qgekni7h3wlr | https://section8search.org/new-jersey/bayonne/bayonne-senior-residence/thir5eypiwedwntgvv12kund,city_state_only | exact_standardized_site,same_component_duplicate_reporting,corroborates_part_of_listed_members_and_address,same_component_duplicate_reporting
SAQ_0742,NJ|1 SPRING ST|BORDENTOWN,BORDENTOWN SENIOR APTS | UNION EAGLE SENIOR APARTMENTS,name_or_timing_evidence,new_two_read_review,2026-08-11,2026-08-11,2026-08-11,public_directory_sitemap,https://section8search.org/sitemap.xml | https://affordablehousinghub.org/sitemap.xml,not_approved,FALSE,2,1,1,merge_all,merge_all,1,Section8Search: BORDENTOWN SENIOR APTS,public_housing_directory,https://section8search.org/new-jersey/bordentown/bordentown-senior-apts/id4olpfxds33f2mlace67hdo,city_state_only,name_or_reporting_variant_same_physical_development,corroborates_part_of_listed_members_and_address,name_or_reporting_variant_same_physical_development
SAQ_0743,NJ|975 OLD YORK RD|BRANCHBURG TWP,YORK VILLAGE EAST | YORK VILLAGE WEST,shared_address_only,new_two_read_review,2026-08-11,2026-08-11,2026-08-11,public_directory_sitemap,https://section8search.org/sitemap.xml | https://affordablehousinghub.org/sitemap.xml,not_approved,FALSE,2,2,2,retain_each,retain_each,2,Affordable Housing Hub: YORK VILLAGE EAST | Affordable Housing Hub: YORK VILLAGE WEST,public_housing_directory,https://affordablehousinghub.org/housing/new-jersey/somerset-county/branchburg-twp/york-village-east-23094-lihtc | https://affordablehousinghub.org/housing/new-jersey/somerset-county/branchburg-twp/york-village-west-23095-lihtc,address_not_extracted,shared_address_without_sufficient_identity_evidence,corroborates_all_listed_members_and_address,shared_address_without_sufficient_identity_evidence
SAQ_0744,NJ|1655 PARK BLVD|CAMDEN,LITC#708 - FAISON MEWS/PEARLYE BUILDING | PEARLYE/PARKVIEW APARTMENTS,phase_or_component_evidence,new_two_read_review,2026-08-11,2026-08-11,2026-08-11,public_directory_sitemap,https://section8search.org/sitemap.xml | https://affordablehousinghub.org/sitemap.xml,not_approved,FALSE,2,2,2,retain_each,retain_each,1,Affordable Housing Hub: PEARLYE/PARKVIEW APARTMENTS,public_housing_directory,https://affordablehousinghub.org/housing/new-jersey/camden-county/camden/pearlye-parkview-apartments-22474-lihtc,address_not_extracted,distinct_phases_or_components_common_address,corroborates_part_of_listed_members_and_address,distinct_phases_or_components_common_address
SAQ_0745,NJ|2101 FERRY AVE|CAMDEN,FERRY MANOR | FERRY MANOR  #731,phase_or_component_evidence,new_two_read_review,2026-08-11,2026-08-11,2026-08-11,public_directory_sitemap,https://section8search.org/sitemap.xml | https://affordablehousinghub.org/sitemap.xml,not_approved,FALSE,2,1,1,merge_all,merge_all,1,Section8Search: FERRY MANOR  #731,public_housing_directory,https://section8search.org/new-jersey/camden/ferry-manor-731/zct14erev8ka0f293olmlfs3,exact_standardized_site,same_component_duplicate_reporting,corroborates_part_of_listed_members_and_address,same_component_duplicate_reporting
SAQ_0746,NJ|3195 WESTFIELD AVE|CAMDEN,BALDWINS RUN SENIOR | LITC#05907 BALDWIN'S RUN SENIOR,phase_or_component_evidence,new_two_read_review,2026-08-11,2026-08-11,2026-08-11,public_directory_sitemap,https://section8search.org/sitemap.xml | https://affordablehousinghub.org/sitemap.xml,not_approved,FALSE,2,2,2,retain_each,retain_each,1,Section8Search: BALDWINS RUN SENIOR,public_housing_directory,https://section8search.org/new-jersey/camden/baldwins-run-senior/ofkxp7qwfdfrbf4a14p8ryzk,city_state_only,distinct_phases_or_components_common_address,corroborates_part_of_listed_members_and_address,distinct_phases_or_components_common_address
SAQ_0747,NJ|22 S MUNN AVE|EAST ORANGE,ESSEX PROPERTIES - SOUTH MUNN COURT YARD | SOUTH MUNN COURT YARD,name_or_timing_evidence,new_two_read_review,2026-08-11,2026-08-11,2026-08-11,public_directory_sitemap,https://section8search.org/sitemap.xml | https://affordablehousinghub.org/sitemap.xml,not_approved,FALSE,2,1,1,merge_all,merge_all,1,Section8Search: SOUTH MUNN COURT YARD,public_housing_directory,https://section8search.org/new-jersey/east-orange/south-munn-court-yard/ys47d11izggqesvbluua4xrc,exact_standardized_site,name_or_reporting_variant_same_physical_development,corroborates_part_of_listed_members_and_address,name_or_reporting_variant_same_physical_development
SAQ_0748,NJ|220 PROSPECT ST|EAST ORANGE,THE PAVILION | THE PAVILLION,name_or_timing_evidence,new_two_read_review,2026-08-11,2026-08-11,2026-08-11,public_directory_sitemap,https://section8search.org/sitemap.xml | https://affordablehousinghub.org/sitemap.xml,not_approved,FALSE,2,1,1,merge_all,merge_all,1,Affordable Housing Hub: THE PAVILLION,public_housing_directory,https://affordablehousinghub.org/housing/new-jersey/essex-county/east-orange/the-pavillion-23720-lihtc,address_not_extracted,name_or_reporting_variant_same_physical_development,corroborates_part_of_listed_members_and_address,name_or_reporting_variant_same_physical_development
SAQ_0749,NJ|46 S ARLINGTON AVE|EAST ORANGE,46 S ARLINGTON AVE | 46 SOUTH ARLINGTON,name_or_timing_evidence,new_two_read_review,2026-08-11,2026-08-11,2026-08-11,public_directory_sitemap,https://section8search.org/sitemap.xml | https://affordablehousinghub.org/sitemap.xml,not_approved,FALSE,2,1,1,merge_all,merge_all,1,Affordable Housing Hub: 46 S ARLINGTON AVE,public_housing_directory,https://affordablehousinghub.org/housing/new-jersey/essex-county/east-orange/46-s-arlington-ave-23183-lihtc,address_not_extracted,name_or_reporting_variant_same_physical_development,corroborates_part_of_listed_members_and_address,name_or_reporting_variant_same_physical_development
SAQ_0750,NJ|83 N WALNUT ST|EAST ORANGE,83 N WALNUT ST | 83 NORTH WALNUT STREET,name_or_timing_evidence,new_two_read_review,2026-08-11,2026-08-11,2026-08-11,public_directory_sitemap,https://section8search.org/sitemap.xml | https://affordablehousinghub.org/sitemap.xml,not_approved,FALSE,2,1,1,merge_all,merge_all,1,Section8Search: 83 N WALNUT ST,public_housing_directory,https://section8search.org/new-jersey/east-orange/83-n-walnut-st/x7gwfbxnm9760kr5r45yopt2,exact_standardized_site,name_or_reporting_variant_same_physical_development,corroborates_part_of_listed_members_and_address,name_or_reporting_variant_same_physical_development
SAQ_0751,NJ|27 DEMPSEY AVE|EDGEWATER,EDGEWATER SENIOR CITIZEN HOUSING | FERRY PLAZA - LITC #500,shared_address_only,new_two_read_review,2026-08-11,2026-08-11,2026-08-11,public_directory_sitemap,https://section8search.org/sitemap.xml | https://affordablehousinghub.org/sitemap.xml,not_approved,FALSE,2,2,2,retain_each,retain_each,1,Section8Search: EDGEWATER SENIOR CITIZEN HOUSING,public_housing_directory,https://section8search.org/new-jersey/edgewater/edgewater-senior-citizen-housing/t2riu8gxgdgpyftn0nhlxxx6,city_state_only,shared_address_without_sufficient_identity_evidence,corroborates_part_of_listed_members_and_address,shared_address_without_sufficient_identity_evidence
SAQ_0752,NJ|1 ROOSEVELT DR|EDISON,RESIDENCE AT ROOSEVELT PARK | ROOSEVELT HOSPITAL,name_or_timing_evidence,new_two_read_review,2026-08-11,2026-08-11,2026-08-11,public_directory_sitemap,https://section8search.org/sitemap.xml | https://affordablehousinghub.org/sitemap.xml,not_approved,FALSE,2,1,1,merge_all,merge_all,1,Affordable Housing Hub: ROOSEVELT HOSPITAL,public_housing_directory,https://affordablehousinghub.org/housing/new-jersey/middlesex-county/edison/roosevelt-hospital-23468-lihtc,address_not_extracted,name_or_reporting_variant_same_physical_development,corroborates_part_of_listed_members_and_address,name_or_reporting_variant_same_physical_development
SAQ_0753,NJ|323 N BROAD ST|ELIZABETH,WINFIELD SCOTT TOWER | WINFIELD SCOTT TOWER #475,shared_address_only,new_two_read_review,2026-08-11,2026-08-11,2026-08-11,public_directory_sitemap,https://section8search.org/sitemap.xml | https://affordablehousinghub.org/sitemap.xml,not_approved,FALSE,2,2,2,retain_each,retain_each,2,Section8Search: WINFIELD SCOTT TOWER | Section8Search: WINFIELD SCOTT TOWER #475,public_housing_directory,https://section8search.org/new-jersey/elizabeth/winfield-scott-tower-475/l2o7ysbwfigan28yjprq5oke | https://section8search.org/new-jersey/elizabeth/winfield-scott-tower/jly7dyqpold7nlt5sipdz3v9,city_state_only | exact_standardized_site,shared_address_without_sufficient_identity_evidence,corroborates_all_listed_members_and_address,shared_address_without_sufficient_identity_evidence
SAQ_0754,NJ|62 CHURCH ST|FLEMINGTON,CHURCH STREET SENIOR AKA HERMAN E. KAPP | CHURCH STREET SENIOR RESIDENCES | HERMAN EKAPP RESIDENCE #719 | LITC#719 CHURCH STREET SENIOR RESIDENCES,phase_or_component_evidence,new_two_read_review,2026-08-11,2026-08-11,2026-08-11,public_directory_sitemap,https://section8search.org/sitemap.xml | https://affordablehousinghub.org/sitemap.xml,not_approved,FALSE,4,4,4,retain_each,retain_each,2,Affordable Housing Hub: CHURCH STREET SENIOR RESIDENCES | Affordable Housing Hub: HERMAN EKAPP RESIDENCE #719,public_housing_directory,https://affordablehousinghub.org/housing/new-jersey/hunterdon-county/flemington/church-street-senior-residences-22495-lihtc | https://affordablehousinghub.org/housing/new-jersey/hunterdon-county/flemington/herman-ekapp-residence-719-23311-lihtc,address_not_extracted,distinct_phases_or_components_common_address,corroborates_part_of_listed_members_and_address,distinct_phases_or_components_common_address
SAQ_0755,NJ|895 ELTON ADELPHIA RD|FREEHOLD,ELTON CORNER SENIOR HOUSING | HERITAGE VILLAGE @ ELTON CORNER #699 | HERITAGE VILLAGE AT ELTON CORNER | HERITAGE VILLAGE AT ELTON CORNER#699,phase_or_component_evidence,new_two_read_review,2026-08-11,2026-08-11,2026-08-11,public_directory_sitemap,https://section8search.org/sitemap.xml | https://affordablehousinghub.org/sitemap.xml,not_approved,FALSE,4,1,1,merge_all,merge_all,2,Section8Search: HERITAGE VILLAGE @ ELTON CORNER #699 | Section8Search: HERITAGE VILLAGE AT ELTON CORNER,public_housing_directory,https://section8search.org/new-jersey/freehold/heritage-village-at-elton-corner/pbtrbt2ftqrrvovwljbvi38c | https://section8search.org/new-jersey/freehold/heritage-village-elton-corner-699/ruwks2ry57iim82821xhu2mz,exact_standardized_site,same_component_duplicate_reporting,corroborates_part_of_listed_members_and_address,same_component_duplicate_reporting
SAQ_0756,NJ|430 S BROADWAY|GLOUCESTER CITY,CARPENTER'S SQUARE | CARPENTER'S SQUARE #693,shared_address_only,new_two_read_review,2026-08-11,2026-08-11,2026-08-11,focused_web_search,https://www.nj.gov/dca/hmfa/consumers/docs/MasterList-EligibleProperties_rentfreeze.pdf,not_approved,FALSE,2,2,1,retain_each,merge_all,2,New Jersey eligible-property master list,allocating_agency,https://www.nj.gov/dca/hmfa/consumers/docs/MasterList-EligibleProperties_rentfreeze.pdf,manual_source_confirms_listed_address,shared_address_without_sufficient_identity_evidence,supports_merge_all,outside_source_confirms_duplicate_or_later_episode
SAQ_0757,NJ|308 S WHITE HORSE PIKE|HAMMONTON,WHITE HORSE ASSISTED LIVING RESIDENCE #1858 | WHITE HORSE PIKE MULLICA SUPPORTIVE HOUSING,phase_or_component_evidence,new_two_read_review,2026-08-11,2026-08-11,2026-08-11,focused_web_search,https://townofhammonton.org/wp-content/uploads/2021/08/EC-Minutes-August-2019.pdf,not_approved,FALSE,2,2,1,retain_each,merge_all,2,Town of Hammonton Economic Development Committee minutes,municipal_record,https://townofhammonton.org/wp-content/uploads/2021/08/EC-Minutes-August-2019.pdf,manual_source_confirms_listed_address,distinct_phases_or_components_common_address,supports_merge_all,outside_source_confirms_duplicate_or_later_episode
SAQ_0758,NJ|111 STORMS AVE|JERSEY CITY,STORMS AVENUE ELDERLY APARTMENTS | YWCA,name_or_timing_evidence,new_two_read_review,2026-08-11,2026-08-11,2026-08-11,public_directory_sitemap,https://section8search.org/sitemap.xml | https://affordablehousinghub.org/sitemap.xml,not_approved,FALSE,2,1,1,merge_all,merge_all,2,Section8Search: STORMS AVENUE ELDERLY APARTMENTS | Section8Search: YWCA,public_housing_directory,https://section8search.org/new-jersey/jersey-city/storms-avenue-elderly-apartments/fdgadgbuhbpl6d8p2pzsvirn | https://section8search.org/new-jersey/jersey-city/ywca/jrwawhx5ih2xhbhu5bxi97l3,city_state_only | exact_standardized_site,name_or_reporting_variant_same_physical_development,corroborates_all_listed_members_and_address,name_or_reporting_variant_same_physical_development
SAQ_0759,NJ|162 BIDWELL AVE|JERSEY CITY,CARMEL HOUSE | CARMEL HOUSE I #442,shared_address_only,new_two_read_review,2026-08-11,2026-08-11,2026-08-11,public_directory_sitemap,https://section8search.org/sitemap.xml | https://affordablehousinghub.org/sitemap.xml,not_approved,FALSE,2,1,1,merge_all,merge_all,2,Affordable Housing Hub: CARMEL HOUSE | Section8Search: CARMEL HOUSE I #442,public_housing_directory,https://affordablehousinghub.org/housing/new-jersey/hudson-county/jersey-city/carmel-house-23075-lihtc | https://section8search.org/new-jersey/jersey-city/carmel-house-i-442/oaxlopjltizprpkn5za385az,address_not_extracted | exact_standardized_site,later_financing_or_renamed_same_physical_development,corroborates_all_listed_members_and_address,later_financing_or_renamed_same_physical_development
SAQ_0760,NJ|259 VAN NOSTRAND AVE|JERSEY CITY,JEWISH HOME & REHAB CTR -#260 | JEWISH HOME & REHABILITATION CENTER | JEWISH HOME AND REHAB CENTER,phase_or_component_evidence,new_two_read_review,2026-08-11,2026-08-11,2026-08-11,public_directory_sitemap,https://section8search.org/sitemap.xml | https://affordablehousinghub.org/sitemap.xml,not_approved,FALSE,3,1,1,merge_all,merge_all,3,Affordable Housing Hub: JEWISH HOME & REHABILITATION CENTER | Section8Search: JEWISH HOME & REHAB CTR -#260 | Section8Search: JEWISH HOME AND REHAB CENTER,public_housing_directory,https://affordablehousinghub.org/housing/new-jersey/hudson-county/jersey-city/jewish-home-rehabilitation-center-24094-lihtc | https://section8search.org/new-jersey/jersey-city/jewish-home-and-rehab-center/p4nry2cjtdx787sn69n3ws28 | https://section8search.org/new-jersey/jersey-city/jewish-home-rehab-ctr-260/y0sd64vvtej6i08j5o204cg9,address_not_extracted | city_state_only | exact_standardized_site,later_financing_or_renamed_same_physical_development,corroborates_all_listed_members_and_address,later_financing_or_renamed_same_physical_development
SAQ_0761,NJ|340 BERGEN AVE|JERSEY CITY,BERNIUS COURT APARTMENTS | LITC#05903 BERNIUS COURT - TOY FACTORY,phase_or_component_evidence,new_two_read_review,2026-08-11,2026-08-11,2026-08-11,public_directory_sitemap,https://section8search.org/sitemap.xml | https://affordablehousinghub.org/sitemap.xml,not_approved,FALSE,2,2,2,retain_each,retain_each,1,Affordable Housing Hub: BERNIUS COURT APARTMENTS,public_housing_directory,https://affordablehousinghub.org/housing/new-jersey/hudson-county/jersey-city/bernius-court-apartments-22749-lihtc,address_not_extracted,distinct_phases_or_components_common_address,corroborates_part_of_listed_members_and_address,distinct_phases_or_components_common_address
SAQ_0762,NJ|503 GARFIELD AVE|JERSEY CITY,GARFIELD HEIGHTS | GARFIELD HEIGHTS #551,phase_or_component_evidence,new_two_read_review,2026-08-11,2026-08-11,2026-08-11,public_directory_sitemap,https://section8search.org/sitemap.xml | https://affordablehousinghub.org/sitemap.xml,not_approved,FALSE,2,1,1,merge_all,merge_all,2,Section8Search: GARFIELD HEIGHTS | Section8Search: GARFIELD HEIGHTS #551,public_housing_directory,https://section8search.org/new-jersey/jersey-city/garfield-heights-551/lrdypfvxxor31guu5kdxffgt | https://section8search.org/new-jersey/jersey-city/garfield-heights/ap8q0qcd33j8ayemfc5k5qe6,city_state_only,same_component_duplicate_reporting,corroborates_all_listed_members_and_address,same_component_duplicate_reporting
SAQ_0763,NJ|6 BERGEN AVE|JERSEY CITY,6-8-10 BERGEN AVENUE | MATTISON ARMS,shared_address_only,new_two_read_review,2026-08-11,2026-08-11,2026-08-11,public_directory_sitemap,https://section8search.org/sitemap.xml | https://affordablehousinghub.org/sitemap.xml,not_approved,FALSE,2,2,2,retain_each,retain_each,1,Affordable Housing Hub: MATTISON ARMS,public_housing_directory,https://affordablehousinghub.org/housing/new-jersey/hudson-county/jersey-city/mattison-arms-23295-lihtc,address_not_extracted,shared_address_without_sufficient_identity_evidence,corroborates_part_of_listed_members_and_address,shared_address_without_sufficient_identity_evidence
SAQ_0764,NJ|654 BERGEN AVE|JERSEY CITY,BERGENVIEW APARTMENTS | JERSEY CITY YMCA  REDEVELOPMENT | JERSEY CITY YMCA REDEVELOPMENT #485,phase_or_component_evidence,new_two_read_review,2026-08-11,2026-08-11,2026-08-11,public_directory_sitemap,https://section8search.org/sitemap.xml | https://affordablehousinghub.org/sitemap.xml,not_approved,FALSE,3,2,2,partition,partition,3,Section8Search: BERGENVIEW APARTMENTS | Section8Search: JERSEY CITY YMCA  REDEVELOPMENT | Section8Search: JERSEY CITY YMCA REDEVELOPMENT #485,public_housing_directory,https://section8search.org/new-jersey/jersey-city/bergenview-apartments/hirn0hbi8qjq1065w6lqojry | https://section8search.org/new-jersey/jersey-city/jersey-city-ymca-redevelopment-485/m9nox5r3o5v0u1rzwrtiieks | https://section8search.org/new-jersey/jersey-city/jersey-city-ymca-redevelopment/n7yllzv1r57uteexucfavs96,city_state_only,mixed_duplicate_and_distinct_components,corroborates_all_listed_members_and_address,mixed_duplicate_and_distinct_components
SAQ_0765,NJ|657 BERGEN AVE|JERSEY CITY,PROJECT HOME | PROJECT HOME #528,phase_or_component_evidence,new_two_read_review,2026-08-11,2026-08-11,2026-08-11,public_directory_sitemap,https://section8search.org/sitemap.xml | https://affordablehousinghub.org/sitemap.xml,not_approved,FALSE,2,1,1,merge_all,merge_all,2,Section8Search: PROJECT HOME | Section8Search: PROJECT HOME #528,public_housing_directory,https://section8search.org/new-jersey/jersey-city/project-home-528/sha4ec22dycod5azftpxtliz | https://section8search.org/new-jersey/jersey-city/project-home/wzmsxkw0q4rzrxv2nfi1j7ub,city_state_only | exact_standardized_site,same_component_duplicate_reporting,corroborates_all_listed_members_and_address,same_component_duplicate_reporting
SAQ_0766,NJ|99 RUTGERS AVE|JERSEY CITY,99 RUTGERS | 99 RUTGERS #608,phase_or_component_evidence,new_two_read_review,2026-08-11,2026-08-11,2026-08-11,public_directory_sitemap,https://section8search.org/sitemap.xml | https://affordablehousinghub.org/sitemap.xml,not_approved,FALSE,2,1,1,merge_all,merge_all,2,Section8Search: 99 RUTGERS | Section8Search: 99 RUTGERS #608,public_housing_directory,https://section8search.org/new-jersey/jersey-city/99-rutgers-608/dm1xqdm9aycaje4t4j4o89xp | https://section8search.org/new-jersey/jersey-city/99-rutgers/tjf68wyp2tkxtwbfhvpqeh1f,city_state_only | exact_standardized_site,same_component_duplicate_reporting,corroborates_all_listed_members_and_address,same_component_duplicate_reporting
SAQ_0767,NJ|43 CHURCH ST|KEANSBURG,CHURCH STREET SENIOR HOUSING | CHURCH STREET SENIOR HOUSING #544,phase_or_component_evidence,new_two_read_review,2026-08-11,2026-08-11,2026-08-11,public_directory_sitemap,https://section8search.org/sitemap.xml | https://affordablehousinghub.org/sitemap.xml,not_approved,FALSE,2,2,2,retain_each,retain_each,1,Section8Search: CHURCH STREET SENIOR HOUSING,public_housing_directory,https://section8search.org/new-jersey/keansburg/church-street-senior-housing/y7l6d3zjc6i1f4p2vohmg1dl,city_state_only,distinct_phases_or_components_common_address,corroborates_part_of_listed_members_and_address,distinct_phases_or_components_common_address
SAQ_0768,NJ|258 BRUNSWICK AVE|LAMBERTVILLE,HERITAGE VILLAGE AT LAMBERTVILLE LITC #696 | HERITAGE VILLAGE LAMBERTVILLE APTS | HERITAGE VILLAGE LAMBERTVILLE APTS. #696 | HIGHPOINTE AT LAMBERTVILLE,phase_or_component_evidence,new_two_read_review,2026-08-11,2026-08-11,2026-08-11,focused_web_search,https://www.nj.gov/dca/divisions/codes/publications/pdf_guide_2_afford_hsg/hunterdon.pdf,not_approved,FALSE,4,3,1,partition,merge_all,4,New Jersey affordable-housing guide for Hunterdon County,state_housing_guide,https://www.nj.gov/dca/divisions/codes/publications/pdf_guide_2_afford_hsg/hunterdon.pdf,manual_source_confirms_listed_address,mixed_duplicate_and_distinct_components,supports_merge_all,outside_source_confirms_duplicate_or_later_episode
SAQ_0769,NJ|129 HARTFORD RD|MEDFORD,HARFORD VILLAGE | HARTFORD VILLAGE,name_or_timing_evidence,new_two_read_review,2026-08-11,2026-08-11,2026-08-11,public_directory_sitemap,https://section8search.org/sitemap.xml | https://affordablehousinghub.org/sitemap.xml,not_approved,FALSE,2,1,1,merge_all,merge_all,1,Section8Search: HARTFORD VILLAGE,public_housing_directory,https://section8search.org/new-jersey/medford/hartford-village/yuc9q7ylulkr6m2vhbzljzcc,city_state_only,name_or_reporting_variant_same_physical_development,corroborates_part_of_listed_members_and_address,name_or_reporting_variant_same_physical_development
SAQ_0770,NJ|10 NUTTMAN ST|NEWARK,LOCK STREET APARTMENTS | LOCK STREET APARTMENTS #616,phase_or_component_evidence,new_two_read_review,2026-08-11,2026-08-11,2026-08-11,public_directory_sitemap,https://section8search.org/sitemap.xml | https://affordablehousinghub.org/sitemap.xml,not_approved,FALSE,2,1,1,merge_all,merge_all,2,Section8Search: LOCK STREET APARTMENTS | Section8Search: LOCK STREET APARTMENTS #616,public_housing_directory,https://section8search.org/new-jersey/newark/lock-street-apartments-616/b3in7dj2yp876erjcdqkwznt | https://section8search.org/new-jersey/newark/lock-street-apartments/e8jqcs515bz6b40zsmmptar9,city_state_only | exact_standardized_site,same_component_duplicate_reporting,corroborates_all_listed_members_and_address,same_component_duplicate_reporting
SAQ_0771,NJ|15 HILL ST|NEWARK,DOUGLAS HOMES | DOUGLAS HOMES (NCC),shared_address_only,new_two_read_review,2026-08-11,2026-08-11,2026-08-11,public_directory_sitemap,https://section8search.org/sitemap.xml | https://affordablehousinghub.org/sitemap.xml,not_approved,FALSE,2,2,2,retain_each,retain_each,1,Affordable Housing Hub: DOUGLAS HOMES,public_housing_directory,https://affordablehousinghub.org/housing/new-jersey/essex-county/newark/douglas-homes-23007-lihtc,address_not_extracted,shared_address_without_sufficient_identity_evidence,corroborates_part_of_listed_members_and_address,shared_address_without_sufficient_identity_evidence
SAQ_0772,NJ|185 PARKHURST ST|NEWARK,SUNRISE HOUSE | SUNRISE HOUSE #443,phase_or_component_evidence,new_two_read_review,2026-08-11,2026-08-11,2026-08-11,public_directory_sitemap,https://section8search.org/sitemap.xml | https://affordablehousinghub.org/sitemap.xml,not_approved,FALSE,2,1,1,merge_all,merge_all,2,Section8Search: SUNRISE HOUSE | Section8Search: SUNRISE HOUSE #443,public_housing_directory,https://section8search.org/new-jersey/newark/sunrise-house-443/uqowgbu7rxacpsmlp75bddij | https://section8search.org/new-jersey/newark/sunrise-house/pqwy1k7p12ze9yqr511gf3jh,city_state_only | exact_standardized_site,same_component_duplicate_reporting,corroborates_all_listed_members_and_address,same_component_duplicate_reporting
SAQ_0773,NJ|440 WASHINGTON ST|NEWARK,WASHINGTON STREET APARTMENTS | WASHINGTON STREET APTS,shared_address_only,new_two_read_review,2026-08-11,2026-08-11,2026-08-11,public_directory_sitemap,https://section8search.org/sitemap.xml | https://affordablehousinghub.org/sitemap.xml,not_approved,FALSE,2,2,2,retain_each,retain_each,1,Affordable Housing Hub: WASHINGTON STREET APTS,public_housing_directory,https://affordablehousinghub.org/housing/new-jersey/essex-county/newark/washington-street-apts-23202-lihtc,address_not_extracted,shared_address_without_sufficient_identity_evidence,corroborates_part_of_listed_members_and_address,shared_address_without_sufficient_identity_evidence
SAQ_0774,NJ|32 LINCOLN AVE|ORANGE,GALENTO PLAZA TRANSIT VILLAGE | LINC 32 AT ORANGE STATION,phase_or_component_evidence,new_two_read_review,2026-08-11,2026-08-11,2026-08-11,public_directory_sitemap,https://section8search.org/sitemap.xml | https://affordablehousinghub.org/sitemap.xml,not_approved,FALSE,2,2,2,retain_each,retain_each,1,Section8Search: GALENTO PLAZA TRANSIT VILLAGE,public_housing_directory,https://section8search.org/new-jersey/orange/galento-plaza-transit-village/gyfg1g3odjjv408o14tklomr,exact_standardized_site,distinct_phases_or_components_common_address,corroborates_part_of_listed_members_and_address,distinct_phases_or_components_common_address
SAQ_0775,NJ|550 CENTRAL AVE|ORANGE,HARVARD PRINTING | HARVARD PRINTING MIXED INCOME,name_or_timing_evidence,new_two_read_review,2026-08-11,2026-08-11,2026-08-11,public_directory_sitemap,https://section8search.org/sitemap.xml | https://affordablehousinghub.org/sitemap.xml,not_approved,FALSE,2,1,1,merge_all,merge_all,1,Affordable Housing Hub: HARVARD PRINTING MIXED INCOME,public_housing_directory,https://affordablehousinghub.org/housing/new-jersey/essex-county/orange/harvard-printing-mixed-income-23436-lihtc,address_not_extracted,name_or_reporting_variant_same_physical_development,corroborates_part_of_listed_members_and_address,name_or_reporting_variant_same_physical_development
SAQ_0776,NJ|2 BROADWAY|PATERSON,PATERSON SHELTER PLUS CARE  FAMILY HOUSING | SHELTERING ARMS,shared_address_only,new_two_read_review,2026-08-11,2026-08-11,2026-08-11,public_directory_sitemap,https://section8search.org/sitemap.xml | https://affordablehousinghub.org/sitemap.xml,not_approved,FALSE,2,2,2,retain_each,retain_each,1,Section8Search: SHELTERING ARMS,public_housing_directory,https://section8search.org/new-jersey/paterson/sheltering-arms/uin1rpiy9tqdsm7jtsu10z8c,exact_standardized_site,shared_address_without_sufficient_identity_evidence,corroborates_part_of_listed_members_and_address,shared_address_without_sufficient_identity_evidence
SAQ_0777,NJ|21 MARKET ST|PATERSON,COOKE BUILDING | COOKE BUILDING   #250,phase_or_component_evidence,new_two_read_review,2026-08-11,2026-08-11,2026-08-11,public_directory_sitemap,https://section8search.org/sitemap.xml | https://affordablehousinghub.org/sitemap.xml,not_approved,FALSE,2,1,1,merge_all,merge_all,2,Section8Search: COOKE BUILDING | Section8Search: COOKE BUILDING   #250,public_housing_directory,https://section8search.org/new-jersey/paterson/cooke-building-250/wl030ubd5hm885fp80j06q1l | https://section8search.org/new-jersey/paterson/cooke-building/u06xu30md6x6mp7la187gil0,city_state_only | exact_standardized_site,same_component_duplicate_reporting,corroborates_all_listed_members_and_address,same_component_duplicate_reporting
SAQ_0778,NJ|81 GODWIN AVE|PATERSON,81 GODWIN AVENUE | MOTT SCHOOL PROJECT,phase_or_component_evidence,new_two_read_review,2026-08-11,2026-08-11,2026-08-11,public_directory_sitemap,https://section8search.org/sitemap.xml | https://affordablehousinghub.org/sitemap.xml,not_approved,FALSE,2,2,2,retain_each,retain_each,1,Affordable Housing Hub: MOTT SCHOOL PROJECT,public_housing_directory,https://affordablehousinghub.org/housing/new-jersey/passaic-county/paterson/mott-school-project-23318-lihtc,address_not_extracted,distinct_phases_or_components_common_address,corroborates_part_of_listed_members_and_address,distinct_phases_or_components_common_address
SAQ_0779,NJ|1272 PARK AVE|PLAINFIELD,CEDARBROOK APARTMENTS | CEDARBROOK PARK APARTMENTS | CEDARBROOK PARK APTS | LITC#0847 CEDARBROOK APARTMENTS,phase_or_component_evidence,new_two_read_review,2026-08-11,2026-08-11,2026-08-11,public_directory_sitemap,https://section8search.org/sitemap.xml | https://affordablehousinghub.org/sitemap.xml,not_approved,FALSE,4,1,1,merge_all,merge_all,2,Affordable Housing Hub: CEDARBROOK PARK APTS | Section8Search: CEDARBROOK PARK APARTMENTS,public_housing_directory,https://affordablehousinghub.org/housing/new-jersey/union-county/plainfield/cedarbrook-park-apts-22863-lihtc | https://section8search.org/new-jersey/plainfield/cedarbrook-park-apartments/dmqi0g3tea2kq5txdtenqvct,address_not_extracted | exact_standardized_site,same_component_duplicate_reporting,corroborates_part_of_listed_members_and_address,same_component_duplicate_reporting
SAQ_0780,NJ|33 W WASHINGTON AVE|PLEASANTVILLE,PLEASANTVILLE SENIOR | PLEASANTVILLE SENIOR #1518,shared_address_only,new_two_read_review,2026-08-11,2026-08-11,2026-08-11,public_directory_sitemap,https://section8search.org/sitemap.xml | https://affordablehousinghub.org/sitemap.xml,not_approved,FALSE,2,2,2,retain_each,retain_each,1,Affordable Housing Hub: PLEASANTVILLE SENIOR,public_housing_directory,https://affordablehousinghub.org/housing/new-jersey/atlantic-county/pleasantville/pleasantville-senior-23466-lihtc,address_not_extracted,shared_address_without_sufficient_identity_evidence,corroborates_part_of_listed_members_and_address,shared_address_without_sufficient_identity_evidence
SAQ_0781,NJ|500 THANET CIR|PRINCETON,PRINCETON SENIOR LIVING | PRINCETON SENIOR LIVING #2155,phase_or_component_evidence,new_two_read_review,2026-08-11,2026-08-11,2026-08-11,focused_web_search,https://www.apartments.com/princeton-senior-living-princeton-nj/ts72ym8/,not_approved,FALSE,2,1,1,merge_all,merge_all,2,Princeton Senior Living,public_property_directory,https://www.apartments.com/princeton-senior-living-princeton-nj/ts72ym8/,manual_source_confirms_listed_address,same_component_duplicate_reporting,supports_merge_all,outside_source_confirms_duplicate_or_later_episode
SAQ_0782,NJ|295 SHREWSBURY AVE|RED BANK,295 SHREWSBURY AVE | 295 SHREWSBURY AVENUE,name_or_timing_evidence,new_two_read_review,2026-08-11,2026-08-11,2026-08-11,public_directory_sitemap,https://section8search.org/sitemap.xml | https://affordablehousinghub.org/sitemap.xml,not_approved,FALSE,2,1,1,merge_all,merge_all,1,Affordable Housing Hub: 295 SHREWSBURY AVE,public_housing_directory,https://affordablehousinghub.org/housing/new-jersey/monmouth-county/red-bank/295-shrewsbury-ave-23152-lihtc,address_not_extracted,name_or_reporting_variant_same_physical_development,corroborates_part_of_listed_members_and_address,name_or_reporting_variant_same_physical_development
SAQ_0783,NJ|408 GRAND ST|ROSELLE,ROSELLE SENIOR | ROSELLE SENIOR RESIDENCE FACILITY,name_or_timing_evidence,new_two_read_review,2026-08-11,2026-08-11,2026-08-11,public_directory_sitemap,https://section8search.org/sitemap.xml | https://affordablehousinghub.org/sitemap.xml,not_approved,FALSE,2,1,1,merge_all,merge_all,2,Affordable Housing Hub: ROSELLE SENIOR | Section8Search: ROSELLE SENIOR RESIDENCE FACILITY,public_housing_directory,https://affordablehousinghub.org/housing/new-jersey/union-county/roselle/roselle-senior-22788-lihtc | https://section8search.org/new-jersey/roselle/roselle-senior-residence-facility/xufmwhyb7yf36l9gku3ppj2f,address_not_extracted | exact_standardized_site,name_or_reporting_variant_same_physical_development,corroborates_all_listed_members_and_address,name_or_reporting_variant_same_physical_development
SAQ_0784,NJ|1425 TEANECK RD|TEANECK,1425 TEANECK ROAD | 1425 TEANECK ROAD #2014,phase_or_component_evidence,new_two_read_review,2026-08-11,2026-08-11,2026-08-11,focused_web_search,https://www.thebrightsidefamily.org/affordablehousing,not_approved,FALSE,2,1,1,merge_all,merge_all,2,Bright Side affordable housing,property_owner,https://www.thebrightsidefamily.org/affordablehousing,manual_source_confirms_listed_address,same_component_duplicate_reporting,supports_merge_all,outside_source_confirms_duplicate_or_later_episode
SAQ_0785,NJ|25 PINE ST|TINTON FALLS,MEADOW BROOK APARTMENTS #06406 | MEADOW BROOK APARTMENTS LITC#06406 | MEADOWBROOK APARTMENTS,phase_or_component_evidence,new_two_read_review,2026-08-11,2026-08-11,2026-08-11,public_directory_sitemap,https://section8search.org/sitemap.xml | https://affordablehousinghub.org/sitemap.xml,not_approved,FALSE,3,1,1,merge_all,merge_all,1,Section8Search: MEADOWBROOK APARTMENTS,public_housing_directory,https://section8search.org/new-jersey/tinton-falls/meadowbrook-apartments/p59w2ed6tbc6wjh6wipmh6rc,city_state_only,same_component_duplicate_reporting,corroborates_part_of_listed_members_and_address,same_component_duplicate_reporting
SAQ_0786,NJ|2500 SHAFTO RD|TINTON FALLS,TINTON FALLS SENIOR CITIZENS | TINTON FALLS SENIOR RESIDENCE,name_or_timing_evidence,new_two_read_review,2026-08-11,2026-08-11,2026-08-11,public_directory_sitemap,https://section8search.org/sitemap.xml | https://affordablehousinghub.org/sitemap.xml,not_approved,FALSE,2,1,1,merge_all,merge_all,1,Section8Search: TINTON FALLS SENIOR CITIZENS,public_housing_directory,https://section8search.org/new-jersey/tinton-falls/tinton-falls-senior-citizens/jbzborm63w0926rectqb4y4r,exact_standardized_site,name_or_reporting_variant_same_physical_development,corroborates_part_of_listed_members_and_address,name_or_reporting_variant_same_physical_development
SAQ_0787,NJ|179 BRUNSWICK AVE|TRENTON,CITYSIDE APARTMENTS - I | CITYSIDE APARTMENTS - II,phase_or_component_evidence,new_two_read_review,2026-08-11,2026-08-11,2026-08-11,focused_web_search,https://www.apartmentfinder.com/New-Jersey/Trenton-Apartments/Cityside-Housing-Association-Apartments,not_approved,FALSE,2,2,2,retain_each,retain_each,2,Cityside Housing Association Apartments,public_property_directory,https://www.apartmentfinder.com/New-Jersey/Trenton-Apartments/Cityside-Housing-Association-Apartments,manual_source_confirms_listed_address,distinct_phases_or_components_common_address,supports_retain_each,outside_source_confirms_distinct_phases_or_components
SAQ_0788,NJ|216 PERRY ST|TRENTON,MOUNT ZION HOUSING COMPLEX | MT ZION URBAN RENEWAL,name_or_timing_evidence,new_two_read_review,2026-08-11,2026-08-11,2026-08-11,public_directory_sitemap,https://section8search.org/sitemap.xml | https://affordablehousinghub.org/sitemap.xml,not_approved,FALSE,2,1,1,merge_all,merge_all,1,Section8Search: MT ZION URBAN RENEWAL,public_housing_directory,https://section8search.org/new-jersey/trenton/mt-zion-urban-renewal/smdz2riojfxczqe9ojjgheqn,city_state_only,name_or_reporting_variant_same_physical_development,corroborates_part_of_listed_members_and_address,name_or_reporting_variant_same_physical_development
SAQ_0789,NJ|38 COMMERCE ST|TRENTON,SCATTERED SITE TRANSITIONAL HOUSING | TRENTON TRANSITIONAL HOUSING,phase_or_component_evidence,new_two_read_review,2026-08-11,2026-08-11,2026-08-11,public_directory_sitemap,https://section8search.org/sitemap.xml | https://affordablehousinghub.org/sitemap.xml,not_approved,FALSE,2,2,2,retain_each,retain_each,1,Section8Search: SCATTERED SITE TRANSITIONAL HOUSING,public_housing_directory,https://section8search.org/new-jersey/trenton/scattered-site-transitional-housing/pfjdrbqf84qglcp9jwio7l67,exact_standardized_site,distinct_phases_or_components_common_address,corroborates_part_of_listed_members_and_address,distinct_phases_or_components_common_address
SAQ_0790,NJ|660 CENTRE ST|TRENTON,CENTRE STREET APARTMENTS | MOTT CENTRE STREET APTS,name_or_timing_evidence,new_two_read_review,2026-08-11,2026-08-11,2026-08-11,public_directory_sitemap,https://section8search.org/sitemap.xml | https://affordablehousinghub.org/sitemap.xml,not_approved,FALSE,2,1,1,merge_all,merge_all,1,Affordable Housing Hub: MOTT CENTRE STREET APTS,public_housing_directory,https://affordablehousinghub.org/housing/new-jersey/mercer-county/trenton/mott-centre-street-apts-24017-lihtc,address_not_extracted,name_or_reporting_variant_same_physical_development,corroborates_part_of_listed_members_and_address,name_or_reporting_variant_same_physical_development
SAQ_0791,NJ|720 MONMOUTH ST|TRENTON,CIRCLE F SENIOR APTS | TRENTON WATCH FACTORY,name_or_timing_evidence,new_two_read_review,2026-08-11,2026-08-11,2026-08-11,public_directory_sitemap,https://section8search.org/sitemap.xml | https://affordablehousinghub.org/sitemap.xml,not_approved,FALSE,2,1,1,merge_all,merge_all,1,Affordable Housing Hub: CIRCLE F SENIOR APTS,public_housing_directory,https://affordablehousinghub.org/housing/new-jersey/mercer-county/trenton/circle-f-senior-apts-23215-lihtc,address_not_extracted,name_or_reporting_variant_same_physical_development,corroborates_part_of_listed_members_and_address,name_or_reporting_variant_same_physical_development
SAQ_0792,NJ|1901 W ST|UNION CITY,ST. MICHAEL'S MONASTERY #1551 | ST. MICHAEL'S PAVILION #1551 | ST. MICHAELS MONASTERY | ST. MICHAELS PAVILION,phase_or_component_evidence,new_two_read_review,2026-08-11,2026-08-11,2026-08-11,public_directory_sitemap,https://section8search.org/sitemap.xml | https://affordablehousinghub.org/sitemap.xml,not_approved,FALSE,4,1,1,merge_all,merge_all,2,Affordable Housing Hub: ST. MICHAELS MONASTERY | Section8Search: ST. MICHAELS PAVILION,public_housing_directory,https://affordablehousinghub.org/housing/new-jersey/hudson-county/union-city/st-michaels-monastery-23881-lihtc | https://section8search.org/new-jersey/union-city/st-michaels-pavilion/cf6nu49pwk2wepvq8bky759j,address_not_extracted | city_state_only,same_component_duplicate_reporting,corroborates_part_of_listed_members_and_address,same_component_duplicate_reporting
SAQ_0793,NJ|775 S 6TH ST|VINELAND,VINELAND GARDENS | VINELAND GARDENS #0841,phase_or_component_evidence,new_two_read_review,2026-08-11,2026-08-11,2026-08-11,public_directory_sitemap,https://section8search.org/sitemap.xml | https://affordablehousinghub.org/sitemap.xml,not_approved,FALSE,2,1,1,merge_all,merge_all,1,Section8Search: VINELAND GARDENS,public_housing_directory,https://section8search.org/new-jersey/vineland/vineland-gardens/q6eue91ddeva1x6xbmfut15f,city_state_only,same_component_duplicate_reporting,corroborates_part_of_listed_members_and_address,same_component_duplicate_reporting
SAQ_0794,NJ|2101 ALLENWOOD RD|WALL TOWNSHIP,ALLENWOOD TERRACE APARTMENTS | ALLENWOOD TERRACE APARTMENTS #1813,phase_or_component_evidence,new_two_read_review,2026-08-11,2026-08-11,2026-08-11,focused_web_search,https://www.nj.gov/dca/hmfa/developers/docs/lihtc/tax/awards/2018/2018_reservation_list.pdf,not_approved,FALSE,2,1,1,merge_all,merge_all,2,New Jersey 2018 LIHTC reservation list,allocating_agency,https://www.nj.gov/dca/hmfa/developers/docs/lihtc/tax/awards/2018/2018_reservation_list.pdf,manual_source_confirms_listed_address,same_component_duplicate_reporting,supports_merge_all,outside_source_confirms_duplicate_or_later_episode
SAQ_0795,NJ|1432 UNION VALLEY RD|WEST MILFORD,STRENGTHEN OUR SISTERS TRANSITIONAL HOUSING | STRENGTHEN OUR SISTERS TRNS HS,shared_address_only,new_two_read_review,2026-08-11,2026-08-11,2026-08-11,public_directory_sitemap,https://section8search.org/sitemap.xml | https://affordablehousinghub.org/sitemap.xml,not_approved,FALSE,2,2,2,retain_each,retain_each,1,Affordable Housing Hub: STRENGTHEN OUR SISTERS TRNS HS,public_housing_directory,https://affordablehousinghub.org/housing/new-jersey/passaic-county/west-milford/strengthen-our-sisters-trns-hs-23237-lihtc,address_not_extracted,shared_address_without_sufficient_identity_evidence,corroborates_part_of_listed_members_and_address,shared_address_without_sufficient_identity_evidence
SAQ_0796,NJ|200 VAN HORNE RD|WHITEHOUSE STATION,MIROTA SENIOR RESIDENCE (READINGTON SENIOR) | STEVEN L. MIROTA SR. CITIZENS,shared_address_only,new_two_read_review,2026-08-11,2026-08-11,2026-08-11,focused_web_search,https://www.nj.gov/dca/divisions/codes/publications/pdf_guide_2_afford_hsg/hunterdon.pdf,not_approved,FALSE,2,2,1,retain_each,merge_all,2,New Jersey affordable-housing guide for Hunterdon County,state_housing_guide,https://www.nj.gov/dca/divisions/codes/publications/pdf_guide_2_afford_hsg/hunterdon.pdf,manual_source_confirms_listed_address,shared_address_without_sufficient_identity_evidence,supports_merge_all,outside_source_confirms_duplicate_or_later_episode
SAQ_0797,NJ|800 N MAIN ST|WILLIAMSTOWN,MONROE TOWNE - I | MONROE TOWNE - II,phase_or_component_evidence,new_two_read_review,2026-08-11,2026-08-11,2026-08-11,focused_web_search,https://affordablehousingonline.com/housing-search/New-Jersey/Williamstown/Monroe-Towne-I/10103106 | https://affordablehousingonline.com/housing-search/New-Jersey/Williamstown/Monroe-Towne-II/10101824,not_approved,FALSE,2,2,2,retain_each,retain_each,2,Monroe Towne I and Monroe Towne II,public_property_directory,https://affordablehousingonline.com/housing-search/New-Jersey/Williamstown/Monroe-Towne-I/10103106 | https://affordablehousingonline.com/housing-search/New-Jersey/Williamstown/Monroe-Towne-II/10101824,manual_source_confirms_listed_address,distinct_phases_or_components_common_address,supports_retain_each,outside_source_confirms_distinct_phases_or_components
SAQ_0798,NM|100 SILVER AVE SW|ALBUQUERQUE,SILVER GARDENS PHASE I | SILVER GARDENS PHASE II,phase_or_component_evidence,new_two_read_review,2026-08-11,2026-08-11,2026-08-11,public_directory_sitemap,https://section8search.org/sitemap.xml | https://affordablehousinghub.org/sitemap.xml,not_approved,FALSE,2,2,2,retain_each,retain_each,2,Affordable Housing Hub: SILVER GARDENS PHASE I | Affordable Housing Hub: SILVER GARDENS PHASE II,public_housing_directory,https://affordablehousinghub.org/housing/new-mexico/bernalillo-county/albuquerque/silver-gardens-phase-i-23566-lihtc | https://affordablehousinghub.org/housing/new-mexico/bernalillo-county/albuquerque/silver-gardens-phase-ii-23567-lihtc,address_not_extracted,distinct_phases_or_components_common_address,corroborates_all_listed_members_and_address,distinct_phases_or_components_common_address
SAQ_0799,NM|8200 BRIDGE BLVD SW|ALBUQUERQUE,SANDIA VALLEY APTS PHASE I | SANDIA VALLEY APTS PHASE II,phase_or_component_evidence,new_two_read_review,2026-08-11,2026-08-11,2026-08-11,public_directory_sitemap,https://section8search.org/sitemap.xml | https://affordablehousinghub.org/sitemap.xml,not_approved,FALSE,2,2,2,retain_each,retain_each,2,Affordable Housing Hub: SANDIA VALLEY APTS PHASE I | Affordable Housing Hub: SANDIA VALLEY APTS PHASE II,public_housing_directory,https://affordablehousinghub.org/housing/new-mexico/bernalillo-county/albuquerque/sandia-valley-apts-phase-i-23564-lihtc | https://affordablehousinghub.org/housing/new-mexico/bernalillo-county/albuquerque/sandia-valley-apts-phase-ii-23565-lihtc,address_not_extracted,distinct_phases_or_components_common_address,corroborates_all_listed_members_and_address,distinct_phases_or_components_common_address
SAQ_0800,NM|855 CLARK AVE|ANTHONY,FRANKLIN VISTA APTS VI | FRANKLIN VISTA APTS VII,phase_or_component_evidence,new_two_read_review,2026-08-11,2026-08-11,2026-08-11,public_directory_sitemap,https://section8search.org/sitemap.xml | https://affordablehousinghub.org/sitemap.xml,not_approved,FALSE,2,2,2,retain_each,retain_each,2,Affordable Housing Hub: FRANKLIN VISTA APTS VI | Affordable Housing Hub: FRANKLIN VISTA APTS VII,public_housing_directory,https://affordablehousinghub.org/housing/new-mexico/dona-ana-county/anthony/franklin-vista-apts-vi-23504-lihtc | https://affordablehousinghub.org/housing/new-mexico/dona-ana-county/anthony/franklin-vista-apts-vii-23505-lihtc,address_not_extracted,distinct_phases_or_components_common_address,corroborates_all_listed_members_and_address,distinct_phases_or_components_common_address
SAQ_0801,NM|401 S PARK AVE|AZTEC,AZTEC PROPERTIES I | AZTEC PROPERTIES II,phase_or_component_evidence,new_two_read_review,2026-08-11,2026-08-11,2026-08-11,public_directory_sitemap,https://section8search.org/sitemap.xml | https://affordablehousinghub.org/sitemap.xml,not_approved,FALSE,2,2,2,retain_each,retain_each,2,Affordable Housing Hub: AZTEC PROPERTIES I | Affordable Housing Hub: AZTEC PROPERTIES II,public_housing_directory,https://affordablehousinghub.org/housing/new-mexico/san-juan-county/aztec/aztec-properties-i-22681-lihtc | https://affordablehousinghub.org/housing/new-mexico/san-juan-county/aztec/aztec-properties-ii-23587-lihtc,address_not_extracted,distinct_phases_or_components_common_address,corroborates_all_listed_members_and_address,distinct_phases_or_components_common_address
SAQ_0802,NM|2550 E 16TH ST|FARMINGTON,EATON VILLAGE APTS | EATON VILLAGE APTS I,phase_or_component_evidence,new_two_read_review,2026-08-11,2026-08-11,2026-08-11,public_directory_sitemap,https://section8search.org/sitemap.xml | https://affordablehousinghub.org/sitemap.xml,not_approved,FALSE,2,2,2,retain_each,retain_each,2,Affordable Housing Hub: EATON VILLAGE APTS | Affordable Housing Hub: EATON VILLAGE APTS I,public_housing_directory,https://affordablehousinghub.org/housing/new-mexico/san-juan-county/farmington/eaton-village-apts-23645-lihtc | https://affordablehousinghub.org/housing/new-mexico/san-juan-county/farmington/eaton-village-apts-i-49403-lihtc,address_not_extracted,distinct_phases_or_components_common_address,corroborates_all_listed_members_and_address,distinct_phases_or_components_common_address
SAQ_0803,NM|360 BAINES ST|HATCH,VALLE VERDE APTS II | VALLE VERDE APTS III,phase_or_component_evidence,new_two_read_review,2026-08-11,2026-08-11,2026-08-11,public_directory_sitemap,https://section8search.org/sitemap.xml | https://affordablehousinghub.org/sitemap.xml,not_approved,FALSE,2,2,2,retain_each,retain_each,2,Section8Search: VALLE VERDE APTS II | Section8Search: VALLE VERDE APTS III,public_housing_directory,https://section8search.org/new-mexico/hatch/valle-verde-apts-ii/kx5ktvoo98696q6va4k3rjsz | https://section8search.org/new-mexico/hatch/valle-verde-apts-iii/ksz60hefsrfh5mgtkzlr5moz,exact_standardized_site,distinct_phases_or_components_common_address,corroborates_all_listed_members_and_address,distinct_phases_or_components_common_address
SAQ_0804,NM|400 MOUNTAIN VIEW DR|LAS VEGAS,CASA ALEGRE APTS PHASE I | CASA ALEGRE APTS PHASE II,phase_or_component_evidence,new_two_read_review,2026-08-11,2026-08-11,2026-08-11,public_directory_sitemap,https://section8search.org/sitemap.xml | https://affordablehousinghub.org/sitemap.xml,not_approved,FALSE,2,2,2,retain_each,retain_each,2,Affordable Housing Hub: CASA ALEGRE APTS PHASE I | Affordable Housing Hub: CASA ALEGRE APTS PHASE II,public_housing_directory,https://affordablehousinghub.org/housing/new-mexico/san-miguel-county/las-vegas/casa-alegre-apts-phase-i-22704-lihtc | https://affordablehousinghub.org/housing/new-mexico/san-miguel-county/las-vegas/casa-alegre-apts-phase-ii-22682-lihtc,address_not_extracted,distinct_phases_or_components_common_address,corroborates_all_listed_members_and_address,distinct_phases_or_components_common_address
SAQ_0805,NM|1500 PACHECO ST|SANTA FE,VENTANA DE VIDA PHASE II | VENTANA DE VIDA SENIOR APTS,phase_or_component_evidence,new_two_read_review,2026-08-11,2026-08-11,2026-08-11,public_directory_sitemap,https://section8search.org/sitemap.xml | https://affordablehousinghub.org/sitemap.xml,not_approved,FALSE,2,2,2,retain_each,retain_each,2,Section8Search: VENTANA DE VIDA PHASE II | Section8Search: VENTANA DE VIDA SENIOR APTS,public_housing_directory,https://section8search.org/new-mexico/santa-fe/ventana-de-vida-phase-ii/za0dwn3bcvn1qnfre6fia7c8 | https://section8search.org/new-mexico/santa-fe/ventana-de-vida-senior-apts/xg1pel9c1rivqe4bzqz9ec80,exact_standardized_site,distinct_phases_or_components_common_address,corroborates_all_listed_members_and_address,distinct_phases_or_components_common_address
SAQ_0806,NM|501 W ZIA RD|SANTA FE,VILLA REAL APTS I | VILLA REAL APTS II,phase_or_component_evidence,new_two_read_review,2026-08-11,2026-08-11,2026-08-11,public_directory_sitemap,https://section8search.org/sitemap.xml | https://affordablehousinghub.org/sitemap.xml,not_approved,FALSE,2,2,2,retain_each,retain_each,2,Affordable Housing Hub: VILLA REAL APTS I | Affordable Housing Hub: VILLA REAL APTS II,public_housing_directory,https://affordablehousinghub.org/housing/new-mexico/santa-fe-county/santa-fe/villa-real-apts-i-22679-lihtc | https://affordablehousinghub.org/housing/new-mexico/santa-fe-county/santa-fe/villa-real-apts-ii-22680-lihtc,address_not_extracted,distinct_phases_or_components_common_address,corroborates_all_listed_members_and_address,distinct_phases_or_components_common_address
SAQ_0807,NV|1101 BEVERLY DR|CARSON CITY,AUTUMN VILLAGE | AUTUMN VILLAGE I,shared_address_only,new_two_read_review,2026-08-11,2026-08-11,2026-08-11,public_directory_sitemap,https://section8search.org/sitemap.xml | https://affordablehousinghub.org/sitemap.xml,not_approved,FALSE,2,2,2,retain_each,retain_each,2,Section8Search: AUTUMN VILLAGE | Section8Search: AUTUMN VILLAGE I,public_housing_directory,https://section8search.org/nevada/carson-city/autumn-village-i/weroqj2i3kpnk0l38niwng8b | https://section8search.org/nevada/carson-city/autumn-village/e27lqza3fhucacbkq5rsf5tz,city_state_only | exact_standardized_site,shared_address_without_sufficient_identity_evidence,corroborates_all_listed_members_and_address,shared_address_without_sufficient_identity_evidence
SAQ_0808,NV|320 ANNABELLE LN|HENDERSON,ANNABELLE PINES I | ANNABELLE PINES II,phase_or_component_evidence,new_two_read_review,2026-08-11,2026-08-11,2026-08-11,public_directory_sitemap,https://section8search.org/sitemap.xml | https://affordablehousinghub.org/sitemap.xml,not_approved,FALSE,2,2,2,retain_each,retain_each,2,Section8Search: ANNABELLE PINES I | Section8Search: ANNABELLE PINES II,public_housing_directory,https://section8search.org/nevada/henderson/annabelle-pines-i/pt2gn5m328djx16llzicewzz | https://section8search.org/nevada/henderson/annabelle-pines-ii/rn5lbcc5wtuokt81i059p8xb,city_state_only | exact_standardized_site,distinct_phases_or_components_common_address,corroborates_all_listed_members_and_address,distinct_phases_or_components_common_address
SAQ_0809,NV|3555 E LAKE MEAD BLVD|LAS VEGAS,PECOS TERRACE I | PECOS TERRACE II,phase_or_component_evidence,new_two_read_review,2026-08-11,2026-08-11,2026-08-11,public_directory_sitemap,https://section8search.org/sitemap.xml | https://affordablehousinghub.org/sitemap.xml,not_approved,FALSE,2,2,2,retain_each,retain_each,2,Section8Search: PECOS TERRACE I | Section8Search: PECOS TERRACE II,public_housing_directory,https://section8search.org/nevada/las-vegas/pecos-terrace-i/whp8rzf0j4qwyxf3obbvn01q | https://section8search.org/nevada/las-vegas/pecos-terrace-ii/nbocmn4ybez4zej765ff8c2f,exact_standardized_site,distinct_phases_or_components_common_address,corroborates_all_listed_members_and_address,distinct_phases_or_components_common_address
SAQ_0810,NV|4386 ESCONDIDO ST|LAS VEGAS,TAMMANY HALL APTS I | TAMMANY HALL APTS II,phase_or_component_evidence,new_two_read_review,2026-08-11,2026-08-11,2026-08-11,public_directory_sitemap,https://section8search.org/sitemap.xml | https://affordablehousinghub.org/sitemap.xml,not_approved,FALSE,2,2,2,retain_each,retain_each,2,Affordable Housing Hub: TAMMANY HALL APTS I | Section8Search: TAMMANY HALL APTS II,public_housing_directory,https://affordablehousinghub.org/housing/nevada/clark-county/las-vegas/tammany-hall-apts-i-23494-lihtc | https://section8search.org/nevada/las-vegas/tammany-hall-apts-ii/mmzqd9lzvxzs9e6wevfvgkz9,address_not_extracted | exact_standardized_site,distinct_phases_or_components_common_address,corroborates_all_listed_members_and_address,distinct_phases_or_components_common_address
SAQ_0811,NV|4880 SANTA BARBARA ST|LAS VEGAS,SANTA BARBARA PALMS 2 | SANTA BARBARA PALMS I,phase_or_component_evidence,new_two_read_review,2026-08-11,2026-08-11,2026-08-11,public_directory_sitemap,https://section8search.org/sitemap.xml | https://affordablehousinghub.org/sitemap.xml,not_approved,FALSE,2,2,2,retain_each,retain_each,2,Affordable Housing Hub: SANTA BARBARA PALMS I | Section8Search: SANTA BARBARA PALMS 2,public_housing_directory,https://affordablehousinghub.org/housing/nevada/clark-county/las-vegas/santa-barbara-palms-i-24716-lihtc | https://section8search.org/nevada/las-vegas/santa-barbara-palms-2/wu1o4w7hzp8lamnz0bbw47sa,address_not_extracted | exact_standardized_site,distinct_phases_or_components_common_address,corroborates_all_listed_members_and_address,distinct_phases_or_components_common_address
SAQ_0812,NV|651 MCKNIGHT ST|LAS VEGAS,MCKNIGHT SENIOR VILLAGE I | MCKNIGHT SENIOR VILLAGE II | MCKNIGHT SENIOR VILLAGE III,phase_or_component_evidence,new_two_read_review,2026-08-11,2026-08-11,2026-08-11,public_directory_sitemap,https://section8search.org/sitemap.xml | https://affordablehousinghub.org/sitemap.xml,not_approved,FALSE,3,3,3,retain_each,retain_each,3,Section8Search: MCKNIGHT SENIOR VILLAGE I | Section8Search: MCKNIGHT SENIOR VILLAGE II | Section8Search: MCKNIGHT SENIOR VILLAGE III,public_housing_directory,https://section8search.org/nevada/las-vegas/mcknight-senior-village-i/rdfozthj5p9o5hfctupy6zia | https://section8search.org/nevada/las-vegas/mcknight-senior-village-ii/pvwjxlyd6mv61l0cg4o2d5d2 | https://section8search.org/nevada/las-vegas/mcknight-senior-village-iii/q7f8et21eqa0f6pyk96nvyyg,city_state_only | exact_standardized_site,distinct_phases_or_components_common_address,corroborates_all_listed_members_and_address,distinct_phases_or_components_common_address
SAQ_0813,NV|1705 CAL EDISON DR|LAUGHLIN,RIVERWOOD I APTS. | RIVERWOOD VILLAGE,shared_address_only,new_two_read_review,2026-08-11,2026-08-11,2026-08-11,public_directory_sitemap,https://section8search.org/sitemap.xml | https://affordablehousinghub.org/sitemap.xml,not_approved,FALSE,2,2,2,retain_each,retain_each,2,Section8Search: RIVERWOOD I APTS. | Section8Search: RIVERWOOD VILLAGE,public_housing_directory,https://section8search.org/nevada/laughlin/riverwood-i-apts/xcnen0jpcy2owbtlevw5buhx | https://section8search.org/nevada/laughlin/riverwood-village/xpwow9mqqnaq54wzgavipwdg,city_state_only | exact_standardized_site,shared_address_without_sufficient_identity_evidence,corroborates_all_listed_members_and_address,shared_address_without_sufficient_identity_evidence
SAQ_0814,NV|500 MEADOW LN|LOVELOCK,LOVELOCK MANOR/ ROSEWOOD APTS | ROSEWOOD VILLAGE APARTMENTS,name_or_timing_evidence,new_two_read_review,2026-08-11,2026-08-11,2026-08-11,public_directory_sitemap,https://section8search.org/sitemap.xml | https://affordablehousinghub.org/sitemap.xml,not_approved,FALSE,2,1,1,merge_all,merge_all,2,Affordable Housing Hub: LOVELOCK MANOR/ ROSEWOOD APTS | Section8Search: ROSEWOOD VILLAGE APARTMENTS,public_housing_directory,https://affordablehousinghub.org/housing/nevada/pershing-county/lovelock/lovelock-manor-rosewood-apts-24745-lihtc | https://section8search.org/nevada/lovelock/rosewood-village-apartments/d19pcp4g9epo83s80mznidys,address_not_extracted | city_state_only,name_or_reporting_variant_same_physical_development,corroborates_all_listed_members_and_address,name_or_reporting_variant_same_physical_development
SAQ_0815,NV|140 E ROME BLVD|NORTH LAS VEGAS,NORTH 5TH STREET | ROME PINES II - NORTH 5TH STREET 2,shared_address_only,new_two_read_review,2026-08-11,2026-08-11,2026-08-11,public_directory_sitemap,https://section8search.org/sitemap.xml | https://affordablehousinghub.org/sitemap.xml,not_approved,FALSE,2,2,2,retain_each,retain_each,2,Section8Search: NORTH 5TH STREET | Section8Search: ROME PINES II - NORTH 5TH STREET 2,public_housing_directory,https://section8search.org/nevada/north-las-vegas/north-5th-street/ij86l6cbnwvxucxw6u4fcrrh | https://section8search.org/nevada/north-las-vegas/rome-pines-ii-north-5th-street-2/iobkt2k6cu83t13zoy3e2qhv,exact_standardized_site,shared_address_without_sufficient_identity_evidence,corroborates_all_listed_members_and_address,shared_address_without_sufficient_identity_evidence
SAQ_0816,NV|3150 W ANN RD|NORTH LAS VEGAS,MADISON PALMS | MADISON PALMS TC,shared_address_only,new_two_read_review,2026-08-11,2026-08-11,2026-08-11,public_directory_sitemap,https://section8search.org/sitemap.xml | https://affordablehousinghub.org/sitemap.xml,not_approved,FALSE,2,2,2,retain_each,retain_each,2,Section8Search: MADISON PALMS | Section8Search: MADISON PALMS TC,public_housing_directory,https://section8search.org/nevada/north-las-vegas/madison-palms-tc/lsf0l1prr8zso6x3rvfeprni | https://section8search.org/nevada/north-las-vegas/madison-palms/bhyzgq9qdfv0mzgjnkqsw257,city_state_only,shared_address_without_sufficient_identity_evidence,corroborates_all_listed_members_and_address,shared_address_without_sufficient_identity_evidence
SAQ_0817,NV|1590 SKY VALLEY DR|RENO,SKYVIEW APARTMENTS | SKYVIEW ASSOC,shared_address_only,new_two_read_review,2026-08-11,2026-08-11,2026-08-11,public_directory_sitemap,https://section8search.org/sitemap.xml | https://affordablehousinghub.org/sitemap.xml,not_approved,FALSE,2,2,2,retain_each,retain_each,2,Affordable Housing Hub: SKYVIEW ASSOC | Section8Search: SKYVIEW APARTMENTS,public_housing_directory,https://affordablehousinghub.org/housing/nevada/washoe-county/reno/skyview-assoc-23493-lihtc | https://section8search.org/nevada/reno/skyview-apartments/en30g8dfmg3j42kr5nygvl9q,address_not_extracted | city_state_only,shared_address_without_sufficient_identity_evidence,corroborates_all_listed_members_and_address,shared_address_without_sufficient_identity_evidence
SAQ_0818,NV|1855 SELMI DR|RENO,WHITTELL POINTE APARTMENTS | WHITTELL POINTE II APARTMENTS,shared_address_only,new_two_read_review,2026-08-11,2026-08-11,2026-08-11,public_directory_sitemap,https://section8search.org/sitemap.xml | https://affordablehousinghub.org/sitemap.xml,not_approved,FALSE,2,2,2,retain_each,retain_each,2,Section8Search: WHITTELL POINTE APARTMENTS | Section8Search: WHITTELL POINTE II APARTMENTS,public_housing_directory,https://section8search.org/nevada/reno/whittell-pointe-apartments/hljl5qj2c7tww8rl8989e3ez | https://section8search.org/nevada/reno/whittell-pointe-ii-apartments/hzg0k04f07cbpfy4gkk44b98,city_state_only,shared_address_without_sufficient_identity_evidence,corroborates_all_listed_members_and_address,shared_address_without_sufficient_identity_evidence
SAQ_0819,NV|650 RECORD ST|RENO,CITIVISTA SENIOR APARTMENTS | CITIVISTA SENIORS,name_or_timing_evidence,new_two_read_review,2026-08-11,2026-08-11,2026-08-11,public_directory_sitemap,https://section8search.org/sitemap.xml | https://affordablehousinghub.org/sitemap.xml,not_approved,FALSE,2,1,1,merge_all,merge_all,2,Section8Search: CITIVISTA SENIOR APARTMENTS | Section8Search: CITIVISTA SENIORS,public_housing_directory,https://section8search.org/nevada/reno/citivista-senior-apartments/mghsg6zh194mui1sxhwd92wf | https://section8search.org/nevada/reno/citivista-seniors/qynwxrh0yreyh97xgcob378m,city_state_only | exact_standardized_site,name_or_reporting_variant_same_physical_development,corroborates_all_listed_members_and_address,name_or_reporting_variant_same_physical_development
SAQ_0820,NV|242 W MINOR ST|WINNEMUCCA,LARIOS ARMS SENIOR APARTMENTS | LARIOS ARRMS II,shared_address_only,new_two_read_review,2026-08-11,2026-08-11,2026-08-11,public_directory_sitemap,https://section8search.org/sitemap.xml | https://affordablehousinghub.org/sitemap.xml,not_approved,FALSE,2,2,2,retain_each,retain_each,2,Section8Search: LARIOS ARMS SENIOR APARTMENTS | Section8Search: LARIOS ARRMS II,public_housing_directory,https://section8search.org/nevada/winnemucca/larios-arms-senior-apartments/qmlplaqbvsuf6g126idm7c0m | https://section8search.org/nevada/winnemucca/larios-arrms-ii/q8vds6vvt09rlke5xonsqv2g,city_state_only,shared_address_without_sufficient_identity_evidence,corroborates_all_listed_members_and_address,shared_address_without_sufficient_identity_evidence
SAQ_0821,NY|75 SPRINGFIELD RD|BRENTWOOD,BROADWAY WEST APTS | BROADWAY WEST II,shared_address_only,new_two_read_review,2026-08-11,2026-08-11,2026-08-11,public_directory_sitemap,https://section8search.org/sitemap.xml | https://affordablehousinghub.org/sitemap.xml,not_approved,FALSE,2,2,2,retain_each,retain_each,2,Section8Search: BROADWAY WEST APTS | Section8Search: BROADWAY WEST II,public_housing_directory,https://section8search.org/new-york/brentwood/broadway-west-apts/elso9kfg426j6uvk4hsgz05a | https://section8search.org/new-york/brentwood/broadway-west-ii/cz0hp8qu9bcog3kly3tesb4j,exact_standardized_site,shared_address_without_sufficient_identity_evidence,corroborates_all_listed_members_and_address,shared_address_without_sufficient_identity_evidence
SAQ_0822,NY|1240 WASHINGTON AVE|BRONX,"1240 WASHINGTON AVENUE ASSOC LP | 1240 WASHINGTON AVENUE ASSOCIATES, LP",name_or_timing_evidence,new_two_read_review,2026-08-11,2026-08-11,2026-08-11,public_directory_sitemap,https://section8search.org/sitemap.xml | https://affordablehousinghub.org/sitemap.xml,not_approved,FALSE,2,1,1,merge_all,merge_all,2,"Section8Search: 1240 WASHINGTON AVENUE ASSOC LP | Section8Search: 1240 WASHINGTON AVENUE ASSOCIATES, LP",public_housing_directory,https://section8search.org/new-york/bronx/1240-washington-avenue-assoc-lp/obg25t5qgcfsx3tq95kzuuu4 | https://section8search.org/new-york/bronx/1240-washington-avenue-associates-lp/hkqsf5pihh3ittyu040tsr7a,city_state_only | exact_standardized_site,name_or_reporting_variant_same_physical_development,corroborates_all_listed_members_and_address,name_or_reporting_variant_same_physical_development
SAQ_0823,NY|1544 BOONE AVE|BRONX,COMPASS RESIDENCE 2B LLC | COMPASS RESIDENCES 2B,phase_or_component_evidence,new_two_read_review,2026-08-11,2026-08-11,2026-08-11,public_directory_sitemap,https://section8search.org/sitemap.xml | https://affordablehousinghub.org/sitemap.xml,not_approved,FALSE,2,1,1,merge_all,merge_all,2,Section8Search: COMPASS RESIDENCE 2B LLC | Section8Search: COMPASS RESIDENCES 2B,public_housing_directory,https://section8search.org/new-york/bronx/compass-residence-2b-llc/nm957xzx44sm9ba41ozy74dd | https://section8search.org/new-york/bronx/compass-residences-2b/t283kfu9ydl7vjlqkazt06ah,city_state_only | exact_standardized_site,same_component_duplicate_reporting,corroborates_all_listed_members_and_address,same_component_duplicate_reporting
SAQ_0824,NY|1904 VYSE AVE|BRONX,"VYSE AVENUE APTS | VYSE AVENUE ASSOCIATES, LP",name_or_timing_evidence,new_two_read_review,2026-08-11,2026-08-11,2026-08-11,public_directory_sitemap,https://section8search.org/sitemap.xml | https://affordablehousinghub.org/sitemap.xml,not_approved,FALSE,2,1,1,merge_all,merge_all,2,"Section8Search: VYSE AVENUE APTS | Section8Search: VYSE AVENUE ASSOCIATES, LP",public_housing_directory,https://section8search.org/new-york/bronx/vyse-avenue-apts/vuimw9yflkylwhcb12a80c2v | https://section8search.org/new-york/bronx/vyse-avenue-associates-lp/jx9nubx8zszgjmdfuscgdpa3,city_state_only | exact_standardized_site,name_or_reporting_variant_same_physical_development,corroborates_all_listed_members_and_address,name_or_reporting_variant_same_physical_development
SAQ_0825,NY|2007 LAFONTAINE AVE|BRONX,"LA FONTAINE OWNERS ASSOCIATES, LLC | LAFONTAINE AVENUE APTS PHASE II",phase_or_component_evidence,new_two_read_review,2026-08-11,2026-08-11,2026-08-11,public_directory_sitemap,https://section8search.org/sitemap.xml | https://affordablehousinghub.org/sitemap.xml,not_approved,FALSE,2,2,2,retain_each,retain_each,2,"Section8Search: LA FONTAINE OWNERS ASSOCIATES, LLC | Section8Search: LAFONTAINE AVENUE APTS PHASE II",public_housing_directory,https://section8search.org/new-york/bronx/la-fontaine-owners-associates-llc/f82xdesd5fs8n5c35p9cdn2z | https://section8search.org/new-york/bronx/lafontaine-avenue-apts-phase-ii/gvtznzpedelgre9mef98m4c3,city_state_only | exact_standardized_site,distinct_phases_or_components_common_address,corroborates_all_listed_members_and_address,distinct_phases_or_components_common_address
SAQ_0826,NY|2028 CRESTON AVE|BRONX,2030 CRESTON | 2030 CRESTON AVENUE LLC,shared_address_only,new_two_read_review,2026-08-11,2026-08-11,2026-08-11,public_directory_sitemap,https://section8search.org/sitemap.xml | https://affordablehousinghub.org/sitemap.xml,not_approved,FALSE,2,2,2,retain_each,retain_each,2,Section8Search: 2030 CRESTON | Section8Search: 2030 CRESTON AVENUE LLC,public_housing_directory,https://section8search.org/new-york/bronx/2030-creston-avenue-llc/j9ls7h2rkn6n8tjm7uqsh18e | https://section8search.org/new-york/bronx/2030-creston/t2rixcl7ef3svr44ycqne69y,city_state_only | exact_standardized_site,shared_address_without_sufficient_identity_evidence,corroborates_all_listed_members_and_address,shared_address_without_sufficient_identity_evidence
SAQ_0827,NY|2080 LAFONTAINE AVE|BRONX,LAFONTAINE AVENUE APTS PHASE I | LAFONTAINE AVENUE ASSOCIATES L.P.,phase_or_component_evidence,new_two_read_review,2026-08-11,2026-08-11,2026-08-11,public_directory_sitemap,https://section8search.org/sitemap.xml | https://affordablehousinghub.org/sitemap.xml,not_approved,FALSE,2,2,2,retain_each,retain_each,1,Section8Search: LAFONTAINE AVENUE APTS PHASE I,public_housing_directory,https://section8search.org/new-york/bronx/lafontaine-avenue-apts-phase-i/aq8t4khi67nvzd4vz7fad0sq,exact_standardized_site,distinct_phases_or_components_common_address,corroborates_part_of_listed_members_and_address,distinct_phases_or_components_common_address
SAQ_0828,NY|270 E BURNSIDE AVE|BRONX,"EAST BURNSIDE AVENUE ASSOC | EAST BURNSIDE AVENUE ASSOCIATES, LP",name_or_timing_evidence,new_two_read_review,2026-08-11,2026-08-11,2026-08-11,public_directory_sitemap,https://section8search.org/sitemap.xml | https://affordablehousinghub.org/sitemap.xml,not_approved,FALSE,2,1,1,merge_all,merge_all,2,"Section8Search: EAST BURNSIDE AVENUE ASSOC | Section8Search: EAST BURNSIDE AVENUE ASSOCIATES, LP",public_housing_directory,https://section8search.org/new-york/bronx/east-burnside-avenue-assoc/o52d0gzrkkxa0g38lwi71ah5 | https://section8search.org/new-york/bronx/east-burnside-avenue-associates-lp/lqw4pj9dqsa9fx6bgzzuo88t,city_state_only | exact_standardized_site,name_or_reporting_variant_same_physical_development,corroborates_all_listed_members_and_address,name_or_reporting_variant_same_physical_development
SAQ_0829,NY|2727 DECATUR AVE|BRONX,"DECATUR APTS PHASE II | DECATUR II ASSOCIATES, LLC",phase_or_component_evidence,new_two_read_review,2026-08-11,2026-08-11,2026-08-11,public_directory_sitemap,https://section8search.org/sitemap.xml | https://affordablehousinghub.org/sitemap.xml,not_approved,FALSE,2,2,2,retain_each,retain_each,2,"Section8Search: DECATUR APTS PHASE II | Section8Search: DECATUR II ASSOCIATES, LLC",public_housing_directory,https://section8search.org/new-york/bronx/decatur-apts-phase-ii/jxf2zilo4spbz4wstjt1co51 | https://section8search.org/new-york/bronx/decatur-ii-associates-llc/vc67yy2xgzzqwrfl7zp03p0y,city_state_only | exact_standardized_site,distinct_phases_or_components_common_address,corroborates_all_listed_members_and_address,distinct_phases_or_components_common_address
SAQ_0830,NY|31 W TREMONT AVE|BRONX,WEST TREMONT AVE ASSOC LP | WEST TREMONT AVENUE ASSOCIATES LP,name_or_timing_evidence,new_two_read_review,2026-08-11,2026-08-11,2026-08-11,public_directory_sitemap,https://section8search.org/sitemap.xml | https://affordablehousinghub.org/sitemap.xml,not_approved,FALSE,2,1,1,merge_all,merge_all,2,Section8Search: WEST TREMONT AVE ASSOC LP | Section8Search: WEST TREMONT AVENUE ASSOCIATES LP,public_housing_directory,https://section8search.org/new-york/bronx/west-tremont-ave-assoc-lp/umq2xbn24eeh19yk4hhkaofe | https://section8search.org/new-york/bronx/west-tremont-avenue-associates-lp/ozr3mdndqz8yrhi5d2lvtcuz,city_state_only | exact_standardized_site,name_or_reporting_variant_same_physical_development,corroborates_all_listed_members_and_address,name_or_reporting_variant_same_physical_development
SAQ_0831,NY|3121 VILLA AVE|BRONX,"VILLA AVENUE APTS | VILLA AVENUE ASSOCIATES, LP",name_or_timing_evidence,new_two_read_review,2026-08-11,2026-08-11,2026-08-11,public_directory_sitemap,https://section8search.org/sitemap.xml | https://affordablehousinghub.org/sitemap.xml,not_approved,FALSE,2,1,1,merge_all,merge_all,2,"Section8Search: VILLA AVENUE APTS | Section8Search: VILLA AVENUE ASSOCIATES, LP",public_housing_directory,https://section8search.org/new-york/bronx/villa-avenue-apts/cv6gveg0uvz39stady1igu0x | https://section8search.org/new-york/bronx/villa-avenue-associates-lp/cf3fwjgh1x33cc2mdhbvveta,city_state_only | exact_standardized_site,name_or_reporting_variant_same_physical_development,corroborates_all_listed_members_and_address,name_or_reporting_variant_same_physical_development
SAQ_0832,NY|3716 THIRD AVE|BRONX,"3716 THIRD AVE LLC | 3716 THIRD AVENUE, LLC",shared_address_only,new_two_read_review,2026-08-11,2026-08-11,2026-08-11,public_directory_sitemap,https://section8search.org/sitemap.xml | https://affordablehousinghub.org/sitemap.xml,not_approved,FALSE,2,2,2,retain_each,retain_each,2,"Affordable Housing Hub: 3716 THIRD AVE LLC | Section8Search: 3716 THIRD AVENUE, LLC",public_housing_directory,https://affordablehousinghub.org/housing/new-york/bronx-county/bronx/3716-third-ave-llc-31497-lihtc | https://section8search.org/new-york/bronx/3716-third-avenue-llc/x89gfc0wtshkf303vbr7ukgn,address_not_extracted | city_state_only,shared_address_without_sufficient_identity_evidence,corroborates_all_listed_members_and_address,shared_address_without_sufficient_identity_evidence
SAQ_0833,NY|3911 BARNES AVE|BRONX,ST LUKE'S HOUSING FOR THE ELDERLY | ST. LUKES HOUSING,shared_address_only,new_two_read_review,2026-08-11,2026-08-11,2026-08-11,public_directory_sitemap,https://section8search.org/sitemap.xml | https://affordablehousinghub.org/sitemap.xml,not_approved,FALSE,2,2,2,retain_each,retain_each,1,Section8Search: ST. LUKES HOUSING,public_housing_directory,https://section8search.org/new-york/bronx/st-lukes-housing/tmd9aw88i3ifky6wamenyoj7,city_state_only,shared_address_without_sufficient_identity_evidence,corroborates_part_of_listed_members_and_address,shared_address_without_sufficient_identity_evidence
SAQ_0834,NY|418 E 148TH ST|BRONX,PROMESA- URBAN RENAISSANCE | URBAN RENAISSANCE COLLABORATION,shared_address_only,new_two_read_review,2026-08-11,2026-08-11,2026-08-11,public_directory_sitemap,https://section8search.org/sitemap.xml | https://affordablehousinghub.org/sitemap.xml,not_approved,FALSE,2,2,2,retain_each,retain_each,2,Section8Search: PROMESA- URBAN RENAISSANCE | Section8Search: URBAN RENAISSANCE COLLABORATION,public_housing_directory,https://section8search.org/new-york/bronx/promesa-urban-renaissance/biaumu2sogmxuftyrw5lw97s | https://section8search.org/new-york/bronx/urban-renaissance-collaboration/mamopgvb8v5wtvq4h84zgwes,exact_standardized_site,shared_address_without_sufficient_identity_evidence,corroborates_all_listed_members_and_address,shared_address_without_sufficient_identity_evidence
SAQ_0835,NY|4275 PARK AVE|BRONX,PARK HOUSE APARTMENTS | WEBSTER AVENUE AFFORDABLE LLC,name_or_timing_evidence,new_two_read_review,2026-08-11,2026-08-11,2026-08-11,public_directory_sitemap,https://section8search.org/sitemap.xml | https://affordablehousinghub.org/sitemap.xml,not_approved,FALSE,2,1,1,merge_all,merge_all,2,Section8Search: PARK HOUSE APARTMENTS | Section8Search: WEBSTER AVENUE AFFORDABLE LLC,public_housing_directory,https://section8search.org/new-york/bronx/park-house-apartments/rnkohv2hy7x61z9hf2o68cgm | https://section8search.org/new-york/bronx/webster-avenue-affordable-llc/l3d7htowxwmkgjr9rq72aonh,city_state_only | exact_standardized_site,name_or_reporting_variant_same_physical_development,corroborates_all_listed_members_and_address,name_or_reporting_variant_same_physical_development
SAQ_0836,NY|491 GERARD AVE|BRONX,491 GERARD | RAM HOUSING LIHTC LLC,shared_address_only,new_two_read_review,2026-08-11,2026-08-11,2026-08-11,public_directory_sitemap,https://section8search.org/sitemap.xml | https://affordablehousinghub.org/sitemap.xml,not_approved,FALSE,2,2,2,retain_each,retain_each,2,Section8Search: 491 GERARD | Section8Search: RAM HOUSING LIHTC LLC,public_housing_directory,https://section8search.org/new-york/bronx/491-gerard/w7935k4f60icpw741ohfu45d | https://section8search.org/new-york/bronx/ram-housing-lihtc-llc/mq8czaoe9k8qznh68o0y2cy9,city_state_only,shared_address_without_sufficient_identity_evidence,corroborates_all_listed_members_and_address,shared_address_without_sufficient_identity_evidence
SAQ_0837,NY|508 E 163RD ST|BRONX,"BORICUA VILLAGE ASSOC A-2 | BORICUA VILLAGE ASSOCIATES A-2, LP",phase_or_component_evidence,new_two_read_review,2026-08-11,2026-08-11,2026-08-11,public_directory_sitemap,https://section8search.org/sitemap.xml | https://affordablehousinghub.org/sitemap.xml,not_approved,FALSE,2,1,1,merge_all,merge_all,2,"Affordable Housing Hub: BORICUA VILLAGE ASSOC A-2 | Affordable Housing Hub: BORICUA VILLAGE ASSOCIATES A-2, LP",public_housing_directory,https://affordablehousinghub.org/housing/new-york/bronx-county/bronx/boricua-village-assoc-a-2-32245-lihtc | https://affordablehousinghub.org/housing/new-york/bronx-county/bronx/boricua-village-associates-a-2-lp-33582-lihtc,address_not_extracted,same_component_duplicate_reporting,corroborates_all_listed_members_and_address,same_component_duplicate_reporting
SAQ_0838,NY|600 E 181ST ST|BRONX,ARTHUR AVENUE RESIDENCE | ARTHUR AVENUE RESIDENCE L.P.,phase_or_component_evidence,new_two_read_review,2026-08-11,2026-08-11,2026-08-11,public_directory_sitemap,https://section8search.org/sitemap.xml | https://affordablehousinghub.org/sitemap.xml,not_approved,FALSE,2,2,2,retain_each,retain_each,1,Section8Search: ARTHUR AVENUE RESIDENCE,public_housing_directory,https://section8search.org/new-york/bronx/arthur-avenue-residence/f1dlo1wb7d49swwrbru4251b,city_state_only,distinct_phases_or_components_common_address,corroborates_part_of_listed_members_and_address,distinct_phases_or_components_common_address
SAQ_0839,NY|678 SAGAMORE ST|BRONX,SAGAMORE STREET APTS | SAGAMORE STREET ASSOCIATES LP,name_or_timing_evidence,new_two_read_review,2026-08-11,2026-08-11,2026-08-11,public_directory_sitemap,https://section8search.org/sitemap.xml | https://affordablehousinghub.org/sitemap.xml,not_approved,FALSE,2,1,1,merge_all,merge_all,2,Section8Search: SAGAMORE STREET APTS | Section8Search: SAGAMORE STREET ASSOCIATES LP,public_housing_directory,https://section8search.org/new-york/bronx/sagamore-street-apts/ulgibftk7hyytl4nz14c21cx | https://section8search.org/new-york/bronx/sagamore-street-associates-lp/wjth1dp7tm47jo10w4vebnrq,city_state_only | exact_standardized_site,name_or_reporting_variant_same_physical_development,corroborates_all_listed_members_and_address,name_or_reporting_variant_same_physical_development
SAQ_0840,NY|1469 BEDFORD AVE|BROOKLYN,1469 STUDEBAKER | STUDEBAKER PLACE,shared_address_only,new_two_read_review,2026-08-11,2026-08-11,2026-08-11,public_directory_sitemap,https://section8search.org/sitemap.xml | https://affordablehousinghub.org/sitemap.xml,not_approved,FALSE,2,2,2,retain_each,retain_each,2,Affordable Housing Hub: STUDEBAKER PLACE | Section8Search: 1469 STUDEBAKER,public_housing_directory,https://affordablehousinghub.org/housing/new-york/kings-county/brooklyn/studebaker-place-32723-lihtc | https://section8search.org/new-york/brooklyn/1469-studebaker/i6ksski0qh89nl0mqdoa6rjh,address_not_extracted | city_state_only,shared_address_without_sufficient_identity_evidence,corroborates_all_listed_members_and_address,shared_address_without_sufficient_identity_evidence
SAQ_0841,NY|200 SCHERMERHORN ST|BROOKLYN,"STATE RENAISSANCE COURT | STATE RENAISSANCE, LLC",shared_address_only,new_two_read_review,2026-08-11,2026-08-11,2026-08-11,public_directory_sitemap,https://section8search.org/sitemap.xml | https://affordablehousinghub.org/sitemap.xml,not_approved,FALSE,2,2,2,retain_each,retain_each,2,"Affordable Housing Hub: STATE RENAISSANCE, LLC | Section8Search: STATE RENAISSANCE COURT",public_housing_directory,https://affordablehousinghub.org/housing/new-york/kings-county/brooklyn/state-renaissance-llc-32994-lihtc | https://section8search.org/new-york/brooklyn/state-renaissance-court/ggg60kh5gih5s9839xiuoo3w,address_not_extracted | city_state_only,shared_address_without_sufficient_identity_evidence,corroborates_all_listed_members_and_address,shared_address_without_sufficient_identity_evidence
SAQ_0842,NY|270 PULASKI ST|BROOKLYN,"270 PULASKI ST | 270 PULASKI STREET, LP",shared_address_only,new_two_read_review,2026-08-11,2026-08-11,2026-08-11,public_directory_sitemap,https://section8search.org/sitemap.xml | https://affordablehousinghub.org/sitemap.xml,not_approved,FALSE,2,2,2,retain_each,retain_each,2,"Section8Search: 270 PULASKI ST | Section8Search: 270 PULASKI STREET, LP",public_housing_directory,https://section8search.org/new-york/brooklyn/270-pulaski-st/q6506383003laxm3ceynaz2b | https://section8search.org/new-york/brooklyn/270-pulaski-street-lp/tx1s9d8leu4hg55689x5vubn,city_state_only | exact_standardized_site,shared_address_without_sufficient_identity_evidence,corroborates_all_listed_members_and_address,shared_address_without_sufficient_identity_evidence
SAQ_0843,NY|535 CARLTON AVE|BROOKLYN,"535 CARLTON AVE AT PACIFIC PARK BROOKLYN | PP 535 CARLTON TC, LLC",shared_address_only,new_two_read_review,2026-08-11,2026-08-11,2026-08-11,public_directory_sitemap,https://section8search.org/sitemap.xml | https://affordablehousinghub.org/sitemap.xml,not_approved,FALSE,2,2,2,retain_each,retain_each,2,"Section8Search: 535 CARLTON AVE AT PACIFIC PARK BROOKLYN | Section8Search: PP 535 CARLTON TC, LLC",public_housing_directory,https://section8search.org/new-york/brooklyn/535-carlton-ave-at-pacific-park-brooklyn/ngrmla8g1fddrwnsqhopitcs | https://section8search.org/new-york/brooklyn/pp-535-carlton-tc-llc/on3b1c6ya3wdwgf8thqc1ft1,city_state_only | exact_standardized_site,shared_address_without_sufficient_identity_evidence,corroborates_all_listed_members_and_address,shared_address_without_sufficient_identity_evidence
SAQ_0844,NY|575 FIFTH AVE|BROOKLYN,575 FIFTH AVE | ODESSA APTS,shared_address_only,new_two_read_review,2026-08-11,2026-08-11,2026-08-11,public_directory_sitemap,https://section8search.org/sitemap.xml | https://affordablehousinghub.org/sitemap.xml,not_approved,FALSE,2,2,2,retain_each,retain_each,2,Section8Search: 575 FIFTH AVE | Section8Search: ODESSA APTS,public_housing_directory,https://section8search.org/new-york/brooklyn/575-fifth-ave/mqm60zix2a4im4w0t2zb4t8f | https://section8search.org/new-york/brooklyn/odessa-apts/qxcml290rznliqi0qmlljg5r,exact_standardized_site,shared_address_without_sufficient_identity_evidence,corroborates_all_listed_members_and_address,shared_address_without_sufficient_identity_evidence
SAQ_0845,NY|603 MOTHER GASTON BLVD|BROOKLYN,AFFORDABLE AND SUPPORTIVE HOUSING AT VAN DYKE | VAN DYKE HOUSES,name_or_timing_evidence,new_two_read_review,2026-08-11,2026-08-11,2026-08-11,public_directory_sitemap,https://section8search.org/sitemap.xml | https://affordablehousinghub.org/sitemap.xml,not_approved,FALSE,2,1,1,merge_all,merge_all,2,Section8Search: AFFORDABLE AND SUPPORTIVE HOUSING AT VAN DYKE | Section8Search: VAN DYKE HOUSES,public_housing_directory,https://section8search.org/new-york/brooklyn/affordable-and-supportive-housing-at-van-dyke/cxuvs0f6ul4n3fhhsn2aowvg | https://section8search.org/new-york/brooklyn/van-dyke-houses/q4ozi77h3cfo1n1zjuwkwvg8,exact_standardized_site,name_or_reporting_variant_same_physical_development,corroborates_all_listed_members_and_address,name_or_reporting_variant_same_physical_development
SAQ_0846,NY|236 MAIN ST|DANSVILLE,FAULKNER APTS PHASE I | FAULKNER APTS PHASE II,phase_or_component_evidence,new_two_read_review,2026-08-11,2026-08-11,2026-08-11,public_directory_sitemap,https://section8search.org/sitemap.xml | https://affordablehousinghub.org/sitemap.xml,not_approved,FALSE,2,2,2,retain_each,retain_each,2,Section8Search: FAULKNER APTS PHASE I | Section8Search: FAULKNER APTS PHASE II,public_housing_directory,https://section8search.org/new-york/dansville/faulkner-apts-phase-i/fp7bryy5m1vqkmn9bv2rkxn8 | https://section8search.org/new-york/dansville/faulkner-apts-phase-ii/ae8nzbw9apys45v56m8qqqyh,exact_standardized_site,distinct_phases_or_components_common_address,corroborates_all_listed_members_and_address,distinct_phases_or_components_common_address
SAQ_0847,NY|20 N BEAVER ST|JORDAN,OLD ERIE PLACE PHASE III | OLD ERIE PLACE PHASES IV,shared_address_only,new_two_read_review,2026-08-11,2026-08-11,2026-08-11,public_directory_sitemap,https://section8search.org/sitemap.xml | https://affordablehousinghub.org/sitemap.xml,not_approved,FALSE,2,2,2,retain_each,retain_each,1,Affordable Housing Hub: OLD ERIE PLACE PHASE III,public_housing_directory,https://affordablehousinghub.org/housing/new-york/onondaga-county/jordan/old-erie-place-phase-iii-33149-lihtc,address_not_extracted,shared_address_without_sufficient_identity_evidence,corroborates_part_of_listed_members_and_address,shared_address_without_sufficient_identity_evidence
SAQ_0848,NY|7851 STATE RTE 298|KIRKVILLE,WEDGEWOOD I | WEDGEWOOD II,phase_or_component_evidence,new_two_read_review,2026-08-11,2026-08-11,2026-08-11,public_directory_sitemap,https://section8search.org/sitemap.xml | https://affordablehousinghub.org/sitemap.xml,not_approved,FALSE,2,2,2,retain_each,retain_each,2,Section8Search: WEDGEWOOD I | Section8Search: WEDGEWOOD II,public_housing_directory,https://section8search.org/new-york/kirkville/wedgewood-i/tmuridy2ai69qnmqgq7p4a6n | https://section8search.org/new-york/kirkville/wedgewood-ii/fhep33i1tkw2r1alm6jzvumf,exact_standardized_site,distinct_phases_or_components_common_address,corroborates_all_listed_members_and_address,distinct_phases_or_components_common_address
SAQ_0849,NY|16 COM LINK WAY|LAKE PLACID,WEST VALLEY TOWNHOUSES I | WEST VALLEY TOWNHOUSES II,phase_or_component_evidence,new_two_read_review,2026-08-11,2026-08-11,2026-08-11,public_directory_sitemap,https://section8search.org/sitemap.xml | https://affordablehousinghub.org/sitemap.xml,not_approved,FALSE,2,2,2,retain_each,retain_each,2,Section8Search: WEST VALLEY TOWNHOUSES I | Section8Search: WEST VALLEY TOWNHOUSES II,public_housing_directory,https://section8search.org/new-york/lake-placid/west-valley-townhouses-i/odk05hqk9v66nm5sri7c2vsx | https://section8search.org/new-york/lake-placid/west-valley-townhouses-ii/lw9rk2hgqtjt0uo1jdqin21q,exact_standardized_site,distinct_phases_or_components_common_address,corroborates_all_listed_members_and_address,distinct_phases_or_components_common_address
SAQ_0850,NY|74 UHLIG RD|MIDDLETOWN,MIDDLECREST CROSSING SENIOR APTS I | MIDDLECREST CROSSING SENIOR APTS II,phase_or_component_evidence,new_two_read_review,2026-08-11,2026-08-11,2026-08-11,public_directory_sitemap,https://section8search.org/sitemap.xml | https://affordablehousinghub.org/sitemap.xml,not_approved,FALSE,2,2,2,retain_each,retain_each,2,Section8Search: MIDDLECREST CROSSING SENIOR APTS I | Section8Search: MIDDLECREST CROSSING SENIOR APTS II,public_housing_directory,https://section8search.org/new-york/middletown/middlecrest-crossing-senior-apts-i/rrofjybnpgkrggrzuh8gpcro | https://section8search.org/new-york/middletown/middlecrest-crossing-senior-apts-ii/ba6384d24zq3afcuue8n4rbp,exact_standardized_site,distinct_phases_or_components_common_address,corroborates_all_listed_members_and_address,distinct_phases_or_components_common_address
SAQ_0851,NY|100 JANE ST|NEW YORK,100 JANE STREET | ROCKROSE,shared_address_only,new_two_read_review,2026-08-11,2026-08-11,2026-08-11,public_directory_sitemap,https://section8search.org/sitemap.xml | https://affordablehousinghub.org/sitemap.xml,not_approved,FALSE,2,2,2,retain_each,retain_each,2,Affordable Housing Hub: ROCKROSE | Section8Search: 100 JANE STREET,public_housing_directory,https://affordablehousinghub.org/housing/new-york/new-york-county/new-york/rockrose-31508-lihtc | https://section8search.org/new-york/new-york/100-jane-street/o7k783mm40vkm5t5yc41esy9,address_not_extracted | city_state_only,shared_address_without_sufficient_identity_evidence,corroborates_all_listed_members_and_address,shared_address_without_sufficient_identity_evidence
SAQ_0852,NY|105 DUANE ST|NEW YORK,TRIBECA TOWER | TRIBECA TOWERS,name_or_timing_evidence,new_two_read_review,2026-08-11,2026-08-11,2026-08-11,public_directory_sitemap,https://section8search.org/sitemap.xml | https://affordablehousinghub.org/sitemap.xml,not_approved,FALSE,2,1,1,merge_all,merge_all,2,Affordable Housing Hub: TRIBECA TOWER | Section8Search: TRIBECA TOWERS,public_housing_directory,https://affordablehousinghub.org/housing/new-york/new-york-county/new-york/tribeca-tower-31373-lihtc | https://section8search.org/new-york/new-york/tribeca-towers/co3nwlc2hdwy4q91amra7kmd,address_not_extracted | city_state_only,name_or_reporting_variant_same_physical_development,corroborates_all_listed_members_and_address,name_or_reporting_variant_same_physical_development
SAQ_0853,NY|125 DELANCEY ST|NEW YORK,ESSEX CROSSING SITE 2 | SITE 2 DSA AFFORDABLE MT LLC,shared_address_only,new_two_read_review,2026-08-11,2026-08-11,2026-08-11,public_directory_sitemap,https://section8search.org/sitemap.xml | https://affordablehousinghub.org/sitemap.xml,not_approved,FALSE,2,2,2,retain_each,retain_each,2,Section8Search: ESSEX CROSSING SITE 2 | Section8Search: SITE 2 DSA AFFORDABLE MT LLC,public_housing_directory,https://section8search.org/new-york/new-york/essex-crossing-site-2/ljhu3w061aza21yjqkp3cb4x | https://section8search.org/new-york/new-york/site-2-dsa-affordable-mt-llc/tsmxfwa2klb4dk0sdjhwo6rd,city_state_only,shared_address_without_sufficient_identity_evidence,corroborates_all_listed_members_and_address,shared_address_without_sufficient_identity_evidence
SAQ_0854,NY|145 CLINTON ST|NEW YORK,ESSEX CROSSING - SITE 5 | SITE 5 - ESSEX CROSSING,phase_or_component_evidence,new_two_read_review,2026-08-11,2026-08-11,2026-08-11,public_directory_sitemap,https://section8search.org/sitemap.xml | https://affordablehousinghub.org/sitemap.xml,not_approved,FALSE,2,2,2,retain_each,retain_each,2,Section8Search: ESSEX CROSSING - SITE 5 | Section8Search: SITE 5 - ESSEX CROSSING,public_housing_directory,https://section8search.org/new-york/new-york/essex-crossing-site-5/d4w4lkjfjgbzhy07ml3usxw2 | https://section8search.org/new-york/new-york/site-5-essex-crossing/pj0gu1k0axlzxplxzq7k42qb,city_state_only,distinct_phases_or_components_common_address,corroborates_all_listed_members_and_address,distinct_phases_or_components_common_address
SAQ_0855,NY|1501 LEXINGTON AVE|NEW YORK,1501 LEXINGTON AVENUE | CARNEGIE PARK TERRACE,shared_address_only,new_two_read_review,2026-08-11,2026-08-11,2026-08-11,public_directory_sitemap,https://section8search.org/sitemap.xml | https://affordablehousinghub.org/sitemap.xml,not_approved,FALSE,2,2,2,retain_each,retain_each,2,Affordable Housing Hub: 1501 LEXINGTON AVENUE | Section8Search: CARNEGIE PARK TERRACE,public_housing_directory,https://affordablehousinghub.org/housing/new-york/new-york-county/new-york/1501-lexington-avenue-33472-lihtc | https://section8search.org/new-york/new-york/carnegie-park-terrace/vhx0vw961rvnu6npr6rl0lu1,address_not_extracted | exact_standardized_site,shared_address_without_sufficient_identity_evidence,corroborates_all_listed_members_and_address,shared_address_without_sufficient_identity_evidence
SAQ_0856,NY|175 E 96TH ST|NEW YORK,175 E 96 ST PROJECT | THE MONTEREY,shared_address_only,new_two_read_review,2026-08-11,2026-08-11,2026-08-11,public_directory_sitemap,https://section8search.org/sitemap.xml | https://affordablehousinghub.org/sitemap.xml,not_approved,FALSE,2,2,2,retain_each,retain_each,2,Section8Search: 175 E 96 ST PROJECT | Section8Search: THE MONTEREY,public_housing_directory,https://section8search.org/new-york/new-york/175-e-96-st-project/o2dpih3vwlmcequn7w1gxhp7 | https://section8search.org/new-york/new-york/the-monterey/u86y0uvxf02ccty3w6vvxmla,city_state_only | exact_standardized_site,shared_address_without_sufficient_identity_evidence,corroborates_all_listed_members_and_address,shared_address_without_sufficient_identity_evidence
SAQ_0857,NY|1775 YORK AVE|NEW YORK,BRITTANY | THE BRITTANY,shared_address_only,new_two_read_review,2026-08-11,2026-08-11,2026-08-11,public_directory_sitemap,https://section8search.org/sitemap.xml | https://affordablehousinghub.org/sitemap.xml,not_approved,FALSE,2,2,2,retain_each,retain_each,2,Affordable Housing Hub: BRITTANY | Section8Search: THE BRITTANY,public_housing_directory,https://affordablehousinghub.org/housing/new-york/new-york-county/new-york/brittany-31484-lihtc | https://section8search.org/new-york/new-york/the-brittany/yuddb90c189knm8vzdww9xwv,address_not_extracted | city_state_only,shared_address_without_sufficient_identity_evidence,corroborates_all_listed_members_and_address,shared_address_without_sufficient_identity_evidence
SAQ_0858,NY|2032 MADISON AVE|NEW YORK,EAST 129 STREET CLUSTER | PARK AVENUE CLUSTER,phase_or_component_evidence,new_two_read_review,2026-08-11,2026-08-11,2026-08-11,public_directory_sitemap,https://section8search.org/sitemap.xml | https://affordablehousinghub.org/sitemap.xml,not_approved,FALSE,2,2,2,retain_each,retain_each,2,Affordable Housing Hub: EAST 129 STREET CLUSTER | Section8Search: PARK AVENUE CLUSTER,public_housing_directory,https://affordablehousinghub.org/housing/new-york/new-york-county/new-york/east-129-street-cluster-32597-lihtc | https://section8search.org/new-york/new-york/park-avenue-cluster/dg9qemficp1scmxy9i3npx8l,address_not_extracted | exact_standardized_site,distinct_phases_or_components_common_address,corroborates_all_listed_members_and_address,distinct_phases_or_components_common_address
SAQ_0859,NY|240 W 65TH ST|NEW YORK,AMSTERDAM | AMSTERDAM ADDITION,name_or_timing_evidence,new_two_read_review,2026-08-11,2026-08-11,2026-08-11,public_directory_sitemap,https://section8search.org/sitemap.xml | https://affordablehousinghub.org/sitemap.xml,not_approved,FALSE,2,1,1,merge_all,merge_all,2,Section8Search: AMSTERDAM | Section8Search: AMSTERDAM ADDITION,public_housing_directory,https://section8search.org/new-york/new-york/amsterdam-addition/vttyns71q4vaxs25996ghlgm | https://section8search.org/new-york/new-york/amsterdam/l7j4xgt7umoekwljee514bbc,city_state_only | exact_standardized_site,name_or_reporting_variant_same_physical_development,corroborates_all_listed_members_and_address,name_or_reporting_variant_same_physical_development
SAQ_0860,NY|245 E 124TH ST|NEW YORK,NEW EAST 124TH STREET LLC | TAPESTRY,name_or_timing_evidence,new_two_read_review,2026-08-11,2026-08-11,2026-08-11,public_directory_sitemap,https://section8search.org/sitemap.xml | https://affordablehousinghub.org/sitemap.xml,not_approved,FALSE,2,1,1,merge_all,merge_all,2,Section8Search: NEW EAST 124TH STREET LLC | Section8Search: TAPESTRY,public_housing_directory,https://section8search.org/new-york/new-york/new-east-124th-street-llc/hua6e4vqcvjn1dpp7a2ec5cx | https://section8search.org/new-york/new-york/tapestry/qcde93ffmyx4zrge8gk3nz5s,city_state_only | exact_standardized_site,name_or_reporting_variant_same_physical_development,corroborates_all_listed_members_and_address,name_or_reporting_variant_same_physical_development
SAQ_0861,NY|260 W 26TH ST|NEW YORK,260 WEST 26 TH STREET | 260 WEST 26TH STREET,name_or_timing_evidence,new_two_read_review,2026-08-11,2026-08-11,2026-08-11,public_directory_sitemap,https://section8search.org/sitemap.xml | https://affordablehousinghub.org/sitemap.xml,not_approved,FALSE,2,1,1,merge_all,merge_all,2,Section8Search: 260 WEST 26 TH STREET | Section8Search: 260 WEST 26TH STREET,public_housing_directory,https://section8search.org/new-york/new-york/260-west-26-th-street/i5pxw87jyq7igxfiembox7q5 | https://section8search.org/new-york/new-york/260-west-26th-street/xvnzb0rrh6fu9oxj3bpb1kra,city_state_only | exact_standardized_site,name_or_reporting_variant_same_physical_development,corroborates_all_listed_members_and_address,name_or_reporting_variant_same_physical_development
SAQ_0862,NY|33 W END AVE|NEW YORK,33 WEST END AVENUE APARTMENTS | W. 61ST STREET APARTMENTS,shared_address_only,new_two_read_review,2026-08-11,2026-08-11,2026-08-11,public_directory_sitemap,https://section8search.org/sitemap.xml | https://affordablehousinghub.org/sitemap.xml,not_approved,FALSE,2,2,2,retain_each,retain_each,1,Section8Search: W. 61ST STREET APARTMENTS,public_housing_directory,https://section8search.org/new-york/new-york/w-61st-street-apartments/oxjy0xoy2nfeeuwukr18pb7t,city_state_only,shared_address_without_sufficient_identity_evidence,corroborates_part_of_listed_members_and_address,shared_address_without_sufficient_identity_evidence
SAQ_0863,NY|400 W 59TH ST|NEW YORK,400 W 59TH ST PRTNRS | ONE COLUMBUS PLACE (400 WEST 59TH STREET),shared_address_only,new_two_read_review,2026-08-11,2026-08-11,2026-08-11,public_directory_sitemap,https://section8search.org/sitemap.xml | https://affordablehousinghub.org/sitemap.xml,not_approved,FALSE,2,2,2,retain_each,retain_each,2,Affordable Housing Hub: 400 W 59TH ST PRTNRS | Section8Search: ONE COLUMBUS PLACE (400 WEST 59TH STREET),public_housing_directory,https://affordablehousinghub.org/housing/new-york/new-york-county/new-york/400-w-59th-st-prtnrs-31588-lihtc | https://section8search.org/new-york/new-york/one-columbus-place-400-west-59th-street/eusrv8bcu3x8r4972yfgvx2q,address_not_extracted | city_state_only,shared_address_without_sufficient_identity_evidence,corroborates_all_listed_members_and_address,shared_address_without_sufficient_identity_evidence
SAQ_0864,NY|401 W 25TH ST|NEW YORK,"25TH STREET CHELSEA EQUITITES, LLC | ELLIOT CHELSEA",shared_address_only,new_two_read_review,2026-08-11,2026-08-11,2026-08-11,public_directory_sitemap,https://section8search.org/sitemap.xml | https://affordablehousinghub.org/sitemap.xml,not_approved,FALSE,2,2,2,retain_each,retain_each,2,"Section8Search: 25TH STREET CHELSEA EQUITITES, LLC | Section8Search: ELLIOT CHELSEA",public_housing_directory,https://section8search.org/new-york/new-york/25th-street-chelsea-equitites-llc/uj9h03llt95h5x4q3k3ep3kr | https://section8search.org/new-york/new-york/elliot-chelsea/eza1dakjl886vr1gpv3hzr4t,city_state_only | exact_standardized_site,shared_address_without_sufficient_identity_evidence,corroborates_all_listed_members_and_address,shared_address_without_sufficient_identity_evidence
SAQ_0865,NY|55 E 130TH ST|NEW YORK,JELB 130 | JELB 130LP,phase_or_component_evidence,new_two_read_review,2026-08-11,2026-08-11,2026-08-11,public_directory_sitemap,https://section8search.org/sitemap.xml | https://affordablehousinghub.org/sitemap.xml,not_approved,FALSE,2,2,2,retain_each,retain_each,2,Affordable Housing Hub: JELB 130 | Section8Search: JELB 130LP,public_housing_directory,https://affordablehousinghub.org/housing/new-york/new-york-county/new-york/jelb-130-31277-lihtc | https://section8search.org/new-york/new-york/jelb-130lp/cl1cvu19etpf5x3yp4fjvs94,address_not_extracted | city_state_only,distinct_phases_or_components_common_address,corroborates_all_listed_members_and_address,distinct_phases_or_components_common_address
SAQ_0866,NY|55 W 129TH ST|NEW YORK,55 W 129TH STREET | 55 WEST 129TH STREET,phase_or_component_evidence,new_two_read_review,2026-08-11,2026-08-11,2026-08-11,public_directory_sitemap,https://section8search.org/sitemap.xml | https://affordablehousinghub.org/sitemap.xml,not_approved,FALSE,2,2,2,retain_each,retain_each,2,Section8Search: 55 W 129TH STREET | Section8Search: 55 WEST 129TH STREET,public_housing_directory,https://section8search.org/new-york/new-york/55-w-129th-street/iabm01kjhvivsirepmdsjg70 | https://section8search.org/new-york/new-york/55-west-129th-street/lcdaefmzibxep8z3myajo4e6,city_state_only | exact_standardized_site,distinct_phases_or_components_common_address,corroborates_all_listed_members_and_address,distinct_phases_or_components_common_address
SAQ_0867,NY|140 FOREST DR|PAINTED POST,PINE TREE VILLAGE FAMILY APTS | PINE TREE VILLAGE SENIOR APTS,shared_address_only,new_two_read_review,2026-08-11,2026-08-11,2026-08-11,public_directory_sitemap,https://section8search.org/sitemap.xml | https://affordablehousinghub.org/sitemap.xml,not_approved,FALSE,2,2,2,retain_each,retain_each,2,Section8Search: PINE TREE VILLAGE FAMILY APTS | Section8Search: PINE TREE VILLAGE SENIOR APTS,public_housing_directory,https://section8search.org/new-york/painted-post/pine-tree-village-family-apts/os1tx80giubql8ijzygj9mc8 | https://section8search.org/new-york/painted-post/pine-tree-village-senior-apts/b4l7pfbo6l4ik5aazitdhdhv,exact_standardized_site,shared_address_without_sufficient_identity_evidence,corroborates_all_listed_members_and_address,shared_address_without_sufficient_identity_evidence
SAQ_0868,NY|200 CANAL ST|PALMYRA,CONIFER TOWPATH | TOWPATH MANOR II,shared_address_only,new_two_read_review,2026-08-11,2026-08-11,2026-08-11,public_directory_sitemap,https://section8search.org/sitemap.xml | https://affordablehousinghub.org/sitemap.xml,not_approved,FALSE,2,2,2,retain_each,retain_each,2,Section8Search: CONIFER TOWPATH | Section8Search: TOWPATH MANOR II,public_housing_directory,https://section8search.org/new-york/palmyra/conifer-towpath/a3w733zied9syfw60suq4mw3 | https://section8search.org/new-york/palmyra/towpath-manor-ii/nfeach12xw8dhu8j1lkg4o4a,exact_standardized_site,shared_address_without_sufficient_identity_evidence,corroborates_all_listed_members_and_address,shared_address_without_sufficient_identity_evidence
SAQ_0869,NY|27 CHURCH ST|PORT BYRON,CHURCH STREET APTS | PORT BYRON APARTMENTS,shared_address_only,new_two_read_review,2026-08-11,2026-08-11,2026-08-11,public_directory_sitemap,https://section8search.org/sitemap.xml | https://affordablehousinghub.org/sitemap.xml,not_approved,FALSE,2,2,2,retain_each,retain_each,1,Section8Search: CHURCH STREET APTS,public_housing_directory,https://section8search.org/new-york/port-byron/church-street-apts/nnf609eargmbv2vanil9a95m,exact_standardized_site,shared_address_without_sufficient_identity_evidence,corroborates_part_of_listed_members_and_address,shared_address_without_sufficient_identity_evidence
SAQ_0870,NY|232 MAIN ST|PORT WASHINGTON,LANDMARK ON MAIN | MAIN STREET SCHOOL,shared_address_only,new_two_read_review,2026-08-11,2026-08-11,2026-08-11,public_directory_sitemap,https://section8search.org/sitemap.xml | https://affordablehousinghub.org/sitemap.xml,not_approved,FALSE,2,2,2,retain_each,retain_each,2,Section8Search: LANDMARK ON MAIN | Section8Search: MAIN STREET SCHOOL,public_housing_directory,https://section8search.org/new-york/port-washington/landmark-on-main/jumd9vk3xzxlclf0rwj5d312 | https://section8search.org/new-york/port-washington/main-street-school/vtxhs6mvmwqy164yr9rhukqa,city_state_only | exact_standardized_site,shared_address_without_sufficient_identity_evidence,corroborates_all_listed_members_and_address,shared_address_without_sufficient_identity_evidence
SAQ_0871,NY|2052 E MAIN ST|ROCHESTER,CEDARWOOD TOWERS | WINTON GARDENS TOWERS,shared_address_only,new_two_read_review,2026-08-11,2026-08-11,2026-08-11,public_directory_sitemap,https://section8search.org/sitemap.xml | https://affordablehousinghub.org/sitemap.xml,not_approved,FALSE,2,2,2,retain_each,retain_each,2,Section8Search: CEDARWOOD TOWERS | Section8Search: WINTON GARDENS TOWERS,public_housing_directory,https://section8search.org/new-york/rochester/cedarwood-towers/qgmd8183i8a62lyfdpt237of | https://section8search.org/new-york/rochester/winton-gardens-towers/grgxuiqkka4f7e3dr81egyb7,city_state_only | exact_standardized_site,shared_address_without_sufficient_identity_evidence,corroborates_all_listed_members_and_address,shared_address_without_sufficient_identity_evidence
SAQ_0872,NY|2260 LAKE AVE|ROCHESTER,ST BERNARD'S APTS I | ST BERNARD'S APTS II | ST.BERNARD'S PARK APARTMENTS,phase_or_component_evidence,new_two_read_review,2026-08-11,2026-08-11,2026-08-11,focused_web_search,https://www.apartments.com/st-bernards-park-55-senior-housing-rochester-ny/nnktqrm/,not_approved,FALSE,3,3,3,retain_each,retain_each,1,St. Bernard's Park senior housing,public_property_directory,https://www.apartments.com/st-bernards-park-55-senior-housing-rochester-ny/nnktqrm/,manual_source_confirms_listed_address,distinct_phases_or_components_common_address,corroborates_part_of_listed_members_and_address,distinct_phases_or_components_common_address
SAQ_0873,NY|200 N LEVITT ST|ROME,LIBERTY GARDENS REVITALIZATION I | LIBERTY GARDENS REVITALIZATION II,phase_or_component_evidence,new_two_read_review,2026-08-11,2026-08-11,2026-08-11,public_directory_sitemap,https://section8search.org/sitemap.xml | https://affordablehousinghub.org/sitemap.xml,not_approved,FALSE,2,2,2,retain_each,retain_each,2,Affordable Housing Hub: LIBERTY GARDENS REVITALIZATION II | Section8Search: LIBERTY GARDENS REVITALIZATION I,public_housing_directory,https://affordablehousinghub.org/housing/new-york/oneida-county/rome/liberty-gardens-revitalization-ii-30739-lihtc | https://section8search.org/new-york/rome/liberty-gardens-revitalization-i/xgxytqxcos5vj0x8r7inujix,address_not_extracted | exact_standardized_site,distinct_phases_or_components_common_address,corroborates_all_listed_members_and_address,distinct_phases_or_components_common_address
SAQ_0874,NY|331 HARBOR RD|STATEN ISLAND,HARBOR COURT | NICHOLAS MANOR,shared_address_only,new_two_read_review,2026-08-11,2026-08-11,2026-08-11,public_directory_sitemap,https://section8search.org/sitemap.xml | https://affordablehousinghub.org/sitemap.xml,not_approved,FALSE,2,2,2,retain_each,retain_each,2,Section8Search: HARBOR COURT | Section8Search: NICHOLAS MANOR,public_housing_directory,https://section8search.org/new-york/staten-island/harbor-court/ss3s3cjhl1atnqsb1z5wb3fs | https://section8search.org/new-york/staten-island/nicholas-manor/bep9h08ogaf88gvoujcutx7g,exact_standardized_site,shared_address_without_sufficient_identity_evidence,corroborates_all_listed_members_and_address,shared_address_without_sufficient_identity_evidence
SAQ_0875,NY|700 CORNELIA ST|UTICA,KENNEDY PLAZA APTS | KENNEDY PLAZA LOW-RISE APTS,shared_address_only,new_two_read_review,2026-08-11,2026-08-11,2026-08-11,public_directory_sitemap,https://section8search.org/sitemap.xml | https://affordablehousinghub.org/sitemap.xml,not_approved,FALSE,2,2,2,retain_each,retain_each,2,Affordable Housing Hub: KENNEDY PLAZA LOW-RISE APTS | Section8Search: KENNEDY PLAZA APTS,public_housing_directory,https://affordablehousinghub.org/housing/new-york/oneida-county/utica/kennedy-plaza-low-rise-apts-25044-lihtc | https://section8search.org/new-york/utica/kennedy-plaza-apts/fh0a2uc0721vfu3o10l8d675,address_not_extracted | exact_standardized_site,shared_address_without_sufficient_identity_evidence,corroborates_all_listed_members_and_address,shared_address_without_sufficient_identity_evidence
SAQ_0876,OH|1890 VISTA CIR|ABERDEEN,RIVERBEND APTS | RIVERBEND APTS II (ABERDEEN),shared_address_only,new_two_read_review,2026-08-11,2026-08-11,2026-08-11,public_directory_sitemap,https://section8search.org/sitemap.xml | https://affordablehousinghub.org/sitemap.xml,not_approved,FALSE,2,2,2,retain_each,retain_each,2,Affordable Housing Hub: RIVERBEND APTS II (ABERDEEN) | Section8Search: RIVERBEND APTS,public_housing_directory,https://affordablehousinghub.org/housing/ohio/brown-county/aberdeen/riverbend-apts-ii-aberdeen-34607-lihtc | https://section8search.org/ohio/aberdeen/riverbend-apts/t44e75ecj7h29rxbczb515pq,address_not_extracted | exact_standardized_site,shared_address_without_sufficient_identity_evidence,corroborates_all_listed_members_and_address,shared_address_without_sufficient_identity_evidence
SAQ_0877,OH|1761 E WATERFORD CT|AKRON,THE WATERFORD AT PORTAGE TRAIL PHASE I | THE WATERFORD AT PORTAGE TRAIL PHASE II | WATERFORD AT PORTAGE TRAIL I | WATERFORD AT PORTAGE TRAIL II,phase_or_component_evidence,new_two_read_review,2026-08-11,2026-08-11,2026-08-11,public_directory_sitemap,https://section8search.org/sitemap.xml | https://affordablehousinghub.org/sitemap.xml,not_approved,FALSE,4,2,2,partition,partition,4,Affordable Housing Hub: THE WATERFORD AT PORTAGE TRAIL PHASE I | Affordable Housing Hub: THE WATERFORD AT PORTAGE TRAIL PHASE II | Section8Search: WATERFORD AT PORTAGE TRAIL I | Section8Search: WATERFORD AT PORTAGE TRAIL II,public_housing_directory,https://affordablehousinghub.org/housing/ohio/summit-county/akron/the-waterford-at-portage-trail-phase-i-33121-lihtc | https://affordablehousinghub.org/housing/ohio/summit-county/akron/the-waterford-at-portage-trail-phase-ii-33122-lihtc | https://section8search.org/ohio/akron/waterford-at-portage-trail-i/m8xepl9owqxxy1bgw4b2da7b | https://section8search.org/ohio/akron/waterford-at-portage-trail-ii/gwy0cnl8wu6gby8nj79v6qux,address_not_extracted | exact_standardized_site,mixed_duplicate_and_distinct_components,corroborates_all_listed_members_and_address,mixed_duplicate_and_distinct_components
SAQ_0878,OH|1791 VERNON ODOM BLVD|AKRON,STONEY POINTE COMMONS | STONEY POINTE COMMONS II,shared_address_only,new_two_read_review,2026-08-11,2026-08-11,2026-08-11,public_directory_sitemap,https://section8search.org/sitemap.xml | https://affordablehousinghub.org/sitemap.xml,not_approved,FALSE,2,2,2,retain_each,retain_each,2,Section8Search: STONEY POINTE COMMONS | Section8Search: STONEY POINTE COMMONS II,public_housing_directory,https://section8search.org/ohio/akron/stoney-pointe-commons-ii/gurri8etabd43q4lptfnhg40 | https://section8search.org/ohio/akron/stoney-pointe-commons/bo18krlq959yykeul9n3fhpq,city_state_only,shared_address_without_sufficient_identity_evidence,corroborates_all_listed_members_and_address,shared_address_without_sufficient_identity_evidence
SAQ_0879,OH|352 W CEDAR ST|AKRON,CEDAR STREET APTS III | CEDAR STREET APTS PHASE II,shared_address_only,new_two_read_review,2026-08-11,2026-08-11,2026-08-11,public_directory_sitemap,https://section8search.org/sitemap.xml | https://affordablehousinghub.org/sitemap.xml,not_approved,FALSE,2,2,2,retain_each,retain_each,2,Section8Search: CEDAR STREET APTS III | Section8Search: CEDAR STREET APTS PHASE II,public_housing_directory,https://section8search.org/ohio/akron/cedar-street-apts-iii/pybprdm049e5idb243ofr3pf | https://section8search.org/ohio/akron/cedar-street-apts-phase-ii/ajzydtykv37mpm6ck6vyll3k,exact_standardized_site,shared_address_without_sufficient_identity_evidence,corroborates_all_listed_members_and_address,shared_address_without_sufficient_identity_evidence
SAQ_0880,OH|491 VERNON ODOM BLVD|AKRON,EDGEWOOD APTS PHASE I | EDGEWOOD VILLAGE IV | EDGEWOOD VILLAGE V,phase_or_component_evidence,new_two_read_review,2026-08-11,2026-08-11,2026-08-11,public_directory_sitemap,https://section8search.org/sitemap.xml | https://affordablehousinghub.org/sitemap.xml,not_approved,FALSE,3,3,3,retain_each,retain_each,3,Section8Search: EDGEWOOD APTS PHASE I | Section8Search: EDGEWOOD VILLAGE IV | Section8Search: EDGEWOOD VILLAGE V,public_housing_directory,https://section8search.org/ohio/akron/edgewood-apts-phase-i/fme5uafbu4q8go3znisgen1a | https://section8search.org/ohio/akron/edgewood-village-iv/wxcnka6mzema8ww2ygvhql9k | https://section8search.org/ohio/akron/edgewood-village-v/cbi21dg88q0cerw4c3mcqq3a,exact_standardized_site,distinct_phases_or_components_common_address,corroborates_all_listed_members_and_address,distinct_phases_or_components_common_address
SAQ_0881,OH|2605 N BEND RD|ASHTABULA,SAYBROOK ELDERLY II | WILLOWBROOK SENIOR HOMES,shared_address_only,new_two_read_review,2026-08-11,2026-08-11,2026-08-11,public_directory_sitemap,https://section8search.org/sitemap.xml | https://affordablehousinghub.org/sitemap.xml,not_approved,FALSE,2,2,2,retain_each,retain_each,2,Section8Search: SAYBROOK ELDERLY II | Section8Search: WILLOWBROOK SENIOR HOMES,public_housing_directory,https://section8search.org/ohio/ashtabula/saybrook-elderly-ii/zml3m7j27g921trxccbuex7a | https://section8search.org/ohio/ashtabula/willowbrook-senior-homes/mmai19fi41othct332t8jk86,exact_standardized_site,shared_address_without_sufficient_identity_evidence,corroborates_all_listed_members_and_address,shared_address_without_sufficient_identity_evidence
SAQ_0882,OH|5700 NATHAN AVE|ASHTABULA,ASHTABULA HOMES I | ASHTABULA HOMES II | GREENWAY SENIOR,phase_or_component_evidence,new_two_read_review,2026-08-11,2026-08-11,2026-08-11,public_directory_sitemap,https://section8search.org/sitemap.xml | https://affordablehousinghub.org/sitemap.xml,not_approved,FALSE,3,3,3,retain_each,retain_each,3,Section8Search: ASHTABULA HOMES I | Section8Search: ASHTABULA HOMES II | Section8Search: GREENWAY SENIOR,public_housing_directory,https://section8search.org/ohio/ashtabula/ashtabula-homes-i/gqatsvhjk3r5x7w2chvhaqfb | https://section8search.org/ohio/ashtabula/ashtabula-homes-ii/gmjs1o271wdtig3jx69don1g | https://section8search.org/ohio/ashtabula/greenway-senior/vmbx90kf4t46to9c3hdqsrox,exact_standardized_site,distinct_phases_or_components_common_address,corroborates_all_listed_members_and_address,distinct_phases_or_components_common_address
SAQ_0883,OH|975 MONROE ST|BELLEVUE,NICKEL PLATE PLAZA | SIR FREDERICK APTS,shared_address_only,new_two_read_review,2026-08-11,2026-08-11,2026-08-11,public_directory_sitemap,https://section8search.org/sitemap.xml | https://affordablehousinghub.org/sitemap.xml,not_approved,FALSE,2,2,2,retain_each,retain_each,2,Affordable Housing Hub: SIR FREDERICK APTS | Section8Search: NICKEL PLATE PLAZA,public_housing_directory,https://affordablehousinghub.org/housing/ohio/huron-county/bellevue/sir-frederick-apts-33903-lihtc | https://section8search.org/ohio/bellevue/nickel-plate-plaza/fmpovu2nmym3ep8w5b8gfqtm,address_not_extracted | city_state_only,shared_address_without_sufficient_identity_evidence,corroborates_all_listed_members_and_address,shared_address_without_sufficient_identity_evidence
SAQ_0884,OH|600 COUNTRYSIDE LN|CADIZ,GABLES AT COUNTRY SIDE LANE | GABLES AT COUNTRY SIDE LANE II,phase_or_component_evidence,new_two_read_review,2026-08-11,2026-08-11,2026-08-11,public_directory_sitemap,https://section8search.org/sitemap.xml | https://affordablehousinghub.org/sitemap.xml,not_approved,FALSE,2,2,2,retain_each,retain_each,2,Section8Search: GABLES AT COUNTRY SIDE LANE | Section8Search: GABLES AT COUNTRY SIDE LANE II,public_housing_directory,https://section8search.org/ohio/cadiz/gables-at-country-side-lane-ii/ms7jvbz8d4mha82bryyku8rr | https://section8search.org/ohio/cadiz/gables-at-country-side-lane/kgodbaepmigr9itfmxsxq035,exact_standardized_site,distinct_phases_or_components_common_address,corroborates_all_listed_members_and_address,distinct_phases_or_components_common_address
SAQ_0885,OH|400 HUSTON HILLS DR|CAMBRIDGE,HOUSTON HILLS | HUSTON HILLS,name_or_timing_evidence,new_two_read_review,2026-08-11,2026-08-11,2026-08-11,public_directory_sitemap,https://section8search.org/sitemap.xml | https://affordablehousinghub.org/sitemap.xml,not_approved,FALSE,2,1,1,merge_all,merge_all,2,Affordable Housing Hub: HUSTON HILLS | Section8Search: HOUSTON HILLS,public_housing_directory,https://affordablehousinghub.org/housing/ohio/guernsey-county/cambridge/huston-hills-33001-lihtc | https://section8search.org/ohio/cambridge/houston-hills/ht3a4vi8w8dmlgej1fzy4jpu,address_not_extracted | exact_standardized_site,name_or_reporting_variant_same_physical_development,corroborates_all_listed_members_and_address,name_or_reporting_variant_same_physical_development
SAQ_0886,OH|4855 PINTAIL CREEK DR|CANAL WINCHESTER,MEADOWS | THE MEADOWS,name_or_timing_evidence,new_two_read_review,2026-08-11,2026-08-11,2026-08-11,public_directory_sitemap,https://section8search.org/sitemap.xml | https://affordablehousinghub.org/sitemap.xml,not_approved,FALSE,2,1,1,merge_all,merge_all,2,Affordable Housing Hub: THE MEADOWS | Section8Search: MEADOWS,public_housing_directory,https://affordablehousinghub.org/housing/ohio/franklin-county/canal-winchester/the-meadows-33092-lihtc | https://section8search.org/ohio/canal-winchester/meadows/mywjkaev7tfhtrxecwaq69jx,address_not_extracted | exact_standardized_site,name_or_reporting_variant_same_physical_development,corroborates_all_listed_members_and_address,name_or_reporting_variant_same_physical_development
SAQ_0887,OH|1400 MEADOWVIEW DR|CELINA,MEADOWS AT GRAND LAKE | THE MEADOWS AT GRAND LAKES APARTMENTS,shared_address_only,new_two_read_review,2026-08-11,2026-08-11,2026-08-11,public_directory_sitemap,https://section8search.org/sitemap.xml | https://affordablehousinghub.org/sitemap.xml,not_approved,FALSE,2,2,2,retain_each,retain_each,1,Section8Search: MEADOWS AT GRAND LAKE,public_housing_directory,https://section8search.org/ohio/celina/meadows-at-grand-lake/uhdl5ys2kclvne6eu7qnau9d,exact_standardized_site,shared_address_without_sufficient_identity_evidence,corroborates_part_of_listed_members_and_address,shared_address_without_sufficient_identity_evidence
SAQ_0888,OH|1202 LINN ST|CINCINNATI,LAUREL HOMES PHASE II | LINCOLN COURT FAMILY PHASE III | LINCOLN COURT IV FAMILY | LINCOLN VIEW APTS,shared_address_only,new_two_read_review,2026-08-11,2026-08-11,2026-08-11,public_directory_sitemap,https://section8search.org/sitemap.xml | https://affordablehousinghub.org/sitemap.xml,not_approved,FALSE,4,4,4,retain_each,retain_each,4,Section8Search: LAUREL HOMES PHASE II | Section8Search: LINCOLN COURT FAMILY PHASE III | Section8Search: LINCOLN COURT IV FAMILY | Section8Search: LINCOLN VIEW APTS,public_housing_directory,https://section8search.org/ohio/cincinnati/laurel-homes-phase-ii/ega0o6yhqjg69mvoybhlmryu | https://section8search.org/ohio/cincinnati/lincoln-court-family-phase-iii/pzydpuzgkg74tocqvy5m1gvc | https://section8search.org/ohio/cincinnati/lincoln-court-iv-family/dl2q92tzcg7v42lupjxn12nq | https://section8search.org/ohio/cincinnati/lincoln-view-apts/cvv65awygqvd5uva6qp485vh,exact_standardized_site,shared_address_without_sufficient_identity_evidence,corroborates_all_listed_members_and_address,shared_address_without_sufficient_identity_evidence
SAQ_0889,OH|2170 GILBERT AVE|CINCINNATI,VILLAS OF THE VALLEY | VILLAS OF THE VALLEY PHASE II,shared_address_only,new_two_read_review,2026-08-11,2026-08-11,2026-08-11,public_directory_sitemap,https://section8search.org/sitemap.xml | https://affordablehousinghub.org/sitemap.xml,not_approved,FALSE,2,2,2,retain_each,retain_each,2,Section8Search: VILLAS OF THE VALLEY | Section8Search: VILLAS OF THE VALLEY PHASE II,public_housing_directory,https://section8search.org/ohio/cincinnati/villas-of-the-valley-phase-ii/tv566joi98kua8ayvtgqhmqt | https://section8search.org/ohio/cincinnati/villas-of-the-valley/u4evzmu8t3wuzfzkim1d8v44,exact_standardized_site,shared_address_without_sufficient_identity_evidence,corroborates_all_listed_members_and_address,shared_address_without_sufficient_identity_evidence
SAQ_0890,OH|5515 MADISON RD|CINCINNATI,ST PAUL VILLAGE I | ST PAUL VILLAGE II,phase_or_component_evidence,new_two_read_review,2026-08-11,2026-08-11,2026-08-11,public_directory_sitemap,https://section8search.org/sitemap.xml | https://affordablehousinghub.org/sitemap.xml,not_approved,FALSE,2,2,2,retain_each,retain_each,2,Section8Search: ST PAUL VILLAGE I | Section8Search: ST PAUL VILLAGE II,public_housing_directory,https://section8search.org/ohio/cincinnati/st-paul-village-i/gpfw36ezwq1vmre25dbbyrkx | https://section8search.org/ohio/cincinnati/st-paul-village-ii/m9vkvoijqt8jjrpzb3rajl3f,exact_standardized_site,distinct_phases_or_components_common_address,corroborates_all_listed_members_and_address,distinct_phases_or_components_common_address
SAQ_0891,OH|11311 SHAKER BLVD|CLEVELAND,ST LUKE'S HOSPITAL APTS PHASE I | ST LUKE'S HOSPITAL APTS PHASE II,phase_or_component_evidence,new_two_read_review,2026-08-11,2026-08-11,2026-08-11,focused_web_search,https://section8search.org/ohio/cleveland/st-lukes-hospital-apts-phase-i/hg4pxofiwxl0yluq4qc59qgp | https://section8search.org/ohio/cleveland/st-lukes-hospital-apts-phase-ii/cljkywwtds7om9cea8g7gb0u,not_approved,FALSE,2,2,2,retain_each,retain_each,2,St. Luke's Hospital Apartments Phase I and Phase II,public_property_directory,https://section8search.org/ohio/cleveland/st-lukes-hospital-apts-phase-i/hg4pxofiwxl0yluq4qc59qgp | https://section8search.org/ohio/cleveland/st-lukes-hospital-apts-phase-ii/cljkywwtds7om9cea8g7gb0u,manual_source_confirms_listed_address,distinct_phases_or_components_common_address,supports_retain_each,outside_source_confirms_distinct_phases_or_components
SAQ_0892,OH|13016 KINSMAN RD|CLEVELAND,KARE BUILDING | KINSMAN KARE,phase_or_component_evidence,new_two_read_review,2026-08-11,2026-08-11,2026-08-11,public_directory_sitemap,https://section8search.org/sitemap.xml | https://affordablehousinghub.org/sitemap.xml,not_approved,FALSE,2,2,2,retain_each,retain_each,2,Section8Search: KARE BUILDING | Section8Search: KINSMAN KARE,public_housing_directory,https://section8search.org/ohio/cleveland/kare-building/uvmaiq3bb6c6zp35aw7bps6o | https://section8search.org/ohio/cleveland/kinsman-kare/e6773iszfu7lmlqxkrkayieg,exact_standardized_site,distinct_phases_or_components_common_address,corroborates_all_listed_members_and_address,distinct_phases_or_components_common_address
SAQ_0893,OH|2556 W SIXTH ST|CLEVELAND,VALLEYVIEW PHASE I | VALLEYVIEW PHASE II,phase_or_component_evidence,new_two_read_review,2026-08-11,2026-08-11,2026-08-11,public_directory_sitemap,https://section8search.org/sitemap.xml | https://affordablehousinghub.org/sitemap.xml,not_approved,FALSE,2,2,2,retain_each,retain_each,2,Section8Search: VALLEYVIEW PHASE I | Section8Search: VALLEYVIEW PHASE II,public_housing_directory,https://section8search.org/ohio/cleveland/valleyview-phase-i/kougjqda4kfzppndzld6bbs6 | https://section8search.org/ohio/cleveland/valleyview-phase-ii/vjtf64tuj4xdjx66uwo04rbu,exact_standardized_site,distinct_phases_or_components_common_address,corroborates_all_listed_members_and_address,distinct_phases_or_components_common_address
SAQ_0894,OH|2999 PAYNE AVE|CLEVELAND,CLEVELAND HOUSING NETWORK XVII | CLEVELAND HOUSING NETWORK XVIII,phase_or_component_evidence,new_two_read_review,2026-08-11,2026-08-11,2026-08-11,public_directory_sitemap,https://section8search.org/sitemap.xml | https://affordablehousinghub.org/sitemap.xml,not_approved,FALSE,2,2,2,retain_each,retain_each,2,Section8Search: CLEVELAND HOUSING NETWORK XVII | Section8Search: CLEVELAND HOUSING NETWORK XVIII,public_housing_directory,https://section8search.org/ohio/cleveland/cleveland-housing-network-xvii/fk1mxjib0xh27nea9xvlcp2x | https://section8search.org/ohio/cleveland/cleveland-housing-network-xviii/fkdu4o9tbdw8p4i8bb6rr4sr,exact_standardized_site,distinct_phases_or_components_common_address,corroborates_all_listed_members_and_address,distinct_phases_or_components_common_address
SAQ_0895,OH|7230 KINSMAN RD|CLEVELAND,GARDEN VALLEY PHASE I | GARDEN VALLEY PHASE III | HERITAGE VIEW HOMES II | HERITAGE VIEW HOMES III | HERITAGE VIEW HOMES PHASE I,phase_or_component_evidence,new_two_read_review,2026-08-11,2026-08-11,2026-08-11,public_directory_sitemap,https://section8search.org/sitemap.xml | https://affordablehousinghub.org/sitemap.xml,not_approved,FALSE,5,3,3,partition,partition,4,Affordable Housing Hub: HERITAGE VIEW HOMES II | Affordable Housing Hub: HERITAGE VIEW HOMES III | Section8Search: GARDEN VALLEY PHASE I | Section8Search: GARDEN VALLEY PHASE III,public_housing_directory,https://affordablehousinghub.org/housing/ohio/cuyahoga-county/cleveland/heritage-view-homes-ii-33974-lihtc | https://affordablehousinghub.org/housing/ohio/cuyahoga-county/cleveland/heritage-view-homes-iii-33975-lihtc | https://section8search.org/ohio/cleveland/garden-valley-phase-i/lq3oz08febglvece93z74y83 | https://section8search.org/ohio/cleveland/garden-valley-phase-iii/l07w0wu9lv3osat4uc79nieg,address_not_extracted | exact_standardized_site,mixed_duplicate_and_distinct_components,corroborates_part_of_listed_members_and_address,mixed_duplicate_and_distinct_components
SAQ_0896,OH|8604 WADE PARK AVE|CLEVELAND,ALHAMBRA | WADE PARK,name_or_timing_evidence,new_two_read_review,2026-08-11,2026-08-11,2026-08-11,public_directory_sitemap,https://section8search.org/sitemap.xml | https://affordablehousinghub.org/sitemap.xml,not_approved,FALSE,2,1,1,merge_all,merge_all,2,Affordable Housing Hub: ALHAMBRA | Affordable Housing Hub: WADE PARK,public_housing_directory,https://affordablehousinghub.org/housing/ohio/cuyahoga-county/cleveland/alhambra-33862-lihtc | https://affordablehousinghub.org/housing/ohio/cuyahoga-county/cleveland/wade-park-33085-lihtc,address_not_extracted,name_or_reporting_variant_same_physical_development,corroborates_all_listed_members_and_address,name_or_reporting_variant_same_physical_development
SAQ_0897,OH|1003 E LIVINGSTON AVE|COLUMBUS,LIVINGSTON & OHIO PROPERTIES | SRP 8,shared_address_only,new_two_read_review,2026-08-11,2026-08-11,2026-08-11,public_directory_sitemap,https://section8search.org/sitemap.xml | https://affordablehousinghub.org/sitemap.xml,not_approved,FALSE,2,2,2,retain_each,retain_each,2,Affordable Housing Hub: LIVINGSTON & OHIO PROPERTIES | Affordable Housing Hub: SRP 8,public_housing_directory,https://affordablehousinghub.org/housing/ohio/franklin-county/columbus/livingston-ohio-properties-33068-lihtc | https://affordablehousinghub.org/housing/ohio/franklin-county/columbus/srp-8-33813-lihtc,address_not_extracted,shared_address_without_sufficient_identity_evidence,corroborates_all_listed_members_and_address,shared_address_without_sufficient_identity_evidence
SAQ_0898,OH|1344 CASCADE CT|COLUMBUS,FRANCISCAN HOMES III | WILDWOOD VILLAGE APTS,shared_address_only,new_two_read_review,2026-08-11,2026-08-11,2026-08-11,public_directory_sitemap,https://section8search.org/sitemap.xml | https://affordablehousinghub.org/sitemap.xml,not_approved,FALSE,2,2,2,retain_each,retain_each,2,Section8Search: FRANCISCAN HOMES III | Section8Search: WILDWOOD VILLAGE APTS,public_housing_directory,https://section8search.org/ohio/columbus/franciscan-homes-iii/h6wl6vthdeem1l0rviu9f0do | https://section8search.org/ohio/columbus/wildwood-village-apts/mo1fhd45uejtrz5bbszffzpi,exact_standardized_site,shared_address_without_sufficient_identity_evidence,corroborates_all_listed_members_and_address,shared_address_without_sufficient_identity_evidence
SAQ_0899,OH|3180 ELIM MANOR CT|COLUMBUS,ELIM MANOR SECTION 202 | ELIM MANOR SECTION 8,shared_address_only,new_two_read_review,2026-08-11,2026-08-11,2026-08-11,public_directory_sitemap,https://section8search.org/sitemap.xml | https://affordablehousinghub.org/sitemap.xml,not_approved,FALSE,2,2,2,retain_each,retain_each,2,Section8Search: ELIM MANOR SECTION 202 | Section8Search: ELIM MANOR SECTION 8,public_housing_directory,https://section8search.org/ohio/columbus/elim-manor-section-202/izjbn6d7ruhkfb5htjl82u00 | https://section8search.org/ohio/columbus/elim-manor-section-8/euf7ws2wzb2z3wvbgjgvthkx,city_state_only | exact_standardized_site,shared_address_without_sufficient_identity_evidence,corroborates_all_listed_members_and_address,shared_address_without_sufficient_identity_evidence
SAQ_0900,OH|39 N 22ND ST|COLUMBUS,NEIGHBORHOOD HOUSING SCATTERED SITE I | NEIGHBORHOOD HOUSING SCATTERED SITE II,phase_or_component_evidence,new_two_read_review,2026-08-11,2026-08-11,2026-08-11,public_directory_sitemap,https://section8search.org/sitemap.xml | https://affordablehousinghub.org/sitemap.xml,not_approved,FALSE,2,2,2,retain_each,retain_each,2,Section8Search: NEIGHBORHOOD HOUSING SCATTERED SITE I | Section8Search: NEIGHBORHOOD HOUSING SCATTERED SITE II,public_housing_directory,https://section8search.org/ohio/columbus/neighborhood-housing-scattered-site-i/newxqhvumibwgr2383rmyuem | https://section8search.org/ohio/columbus/neighborhood-housing-scattered-site-ii/a60d48ii9rptno8bu47lpape,exact_standardized_site,distinct_phases_or_components_common_address,corroborates_all_listed_members_and_address,distinct_phases_or_components_common_address
SAQ_0901,OH|65 S FOURTH ST|COLUMBUS,FOURTH STREET YWCA RENOVATION | GRISWOLD BUILDING RENOVATION,shared_address_only,new_two_read_review,2026-08-11,2026-08-11,2026-08-11,public_directory_sitemap,https://section8search.org/sitemap.xml | https://affordablehousinghub.org/sitemap.xml,not_approved,FALSE,2,2,2,retain_each,retain_each,2,Section8Search: FOURTH STREET YWCA RENOVATION | Section8Search: GRISWOLD BUILDING RENOVATION,public_housing_directory,https://section8search.org/ohio/columbus/fourth-street-ywca-renovation/psz5rj5x4c4xe2ux6rthzpcg | https://section8search.org/ohio/columbus/griswold-building-renovation/it3bt6d4hvwgbpfclkoy7moo,city_state_only | exact_standardized_site,shared_address_without_sufficient_identity_evidence,corroborates_all_listed_members_and_address,shared_address_without_sufficient_identity_evidence
SAQ_0902,OH|2500 ORCHARD DR|DAYTON,SHILO APTS III | SHILOH VILLAGE,shared_address_only,new_two_read_review,2026-08-11,2026-08-11,2026-08-11,public_directory_sitemap,https://section8search.org/sitemap.xml | https://affordablehousinghub.org/sitemap.xml,not_approved,FALSE,2,2,2,retain_each,retain_each,2,Affordable Housing Hub: SHILOH VILLAGE | Section8Search: SHILO APTS III,public_housing_directory,https://affordablehousinghub.org/housing/ohio/montgomery-county/dayton/shiloh-village-33063-lihtc | https://section8search.org/ohio/dayton/shilo-apts-iii/pfgwkuj7q3mrb9khuaq6ntsr,address_not_extracted | exact_standardized_site,shared_address_without_sufficient_identity_evidence,corroborates_all_listed_members_and_address,shared_address_without_sufficient_identity_evidence
SAQ_0903,OH|427 MIDDLE ST|DAYTON,FORT MCKINLEY HOMES | SENIOR VILLAGE AT DAYTON VIEW,shared_address_only,new_two_read_review,2026-08-11,2026-08-11,2026-08-11,public_directory_sitemap,https://section8search.org/sitemap.xml | https://affordablehousinghub.org/sitemap.xml,not_approved,FALSE,2,2,2,retain_each,retain_each,2,Affordable Housing Hub: FORT MCKINLEY HOMES | Section8Search: SENIOR VILLAGE AT DAYTON VIEW,public_housing_directory,https://affordablehousinghub.org/housing/ohio/montgomery-county/dayton/fort-mckinley-homes-35912-lihtc | https://section8search.org/ohio/dayton/senior-village-at-dayton-view/g84y698n3rbg4lsvfklx1gr4,address_not_extracted | exact_standardized_site,shared_address_without_sufficient_identity_evidence,corroborates_all_listed_members_and_address,shared_address_without_sufficient_identity_evidence
SAQ_0904,OH|409 E PATTERSON ST|DUNKIRK,DUNKIRK ESTATES | MALLORY MEADOWS,shared_address_only,new_two_read_review,2026-08-11,2026-08-11,2026-08-11,public_directory_sitemap,https://section8search.org/sitemap.xml | https://affordablehousinghub.org/sitemap.xml,not_approved,FALSE,2,2,2,retain_each,retain_each,2,Affordable Housing Hub: DUNKIRK ESTATES | Section8Search: MALLORY MEADOWS,public_housing_directory,https://affordablehousinghub.org/housing/ohio/hardin-county/dunkirk/dunkirk-estates-34413-lihtc | https://section8search.org/ohio/dunkirk/mallory-meadows/c48f8ingemhw2h7bxdr97r3y,address_not_extracted | exact_standardized_site,shared_address_without_sufficient_identity_evidence,corroborates_all_listed_members_and_address,shared_address_without_sufficient_identity_evidence
SAQ_0905,OH|41 SUNSET BLVD|GEORGETOWN,COUNTRY PLACE APTS I | COUNTRY PLACE APTS II,phase_or_component_evidence,new_two_read_review,2026-08-11,2026-08-11,2026-08-11,public_directory_sitemap,https://section8search.org/sitemap.xml | https://affordablehousinghub.org/sitemap.xml,not_approved,FALSE,2,2,2,retain_each,retain_each,2,Affordable Housing Hub: COUNTRY PLACE APTS I | Affordable Housing Hub: COUNTRY PLACE APTS II,public_housing_directory,https://affordablehousinghub.org/housing/ohio/brown-county/georgetown/country-place-apts-i-32973-lihtc | https://affordablehousinghub.org/housing/ohio/brown-county/georgetown/country-place-apts-ii-34725-lihtc,address_not_extracted,distinct_phases_or_components_common_address,corroborates_all_listed_members_and_address,distinct_phases_or_components_common_address
SAQ_0906,OH|100 OXFORD DR|GREENVILLE,OXFORD HEIGHTS APTS | SURREY LANE APTS,shared_address_only,new_two_read_review,2026-08-11,2026-08-11,2026-08-11,public_directory_sitemap,https://section8search.org/sitemap.xml | https://affordablehousinghub.org/sitemap.xml,not_approved,FALSE,2,2,2,retain_each,retain_each,2,Affordable Housing Hub: OXFORD HEIGHTS APTS | Affordable Housing Hub: SURREY LANE APTS,public_housing_directory,https://affordablehousinghub.org/housing/ohio/darke-county/greenville/oxford-heights-apts-33050-lihtc | https://affordablehousinghub.org/housing/ohio/darke-county/greenville/surrey-lane-apts-33992-lihtc,address_not_extracted,shared_address_without_sufficient_identity_evidence,corroborates_all_listed_members_and_address,shared_address_without_sufficient_identity_evidence
SAQ_0907,OH|202 PARK AVE|IRONTON,PARK AVENUE APTS | TENTH STREET APTS,shared_address_only,new_two_read_review,2026-08-11,2026-08-11,2026-08-11,public_directory_sitemap,https://section8search.org/sitemap.xml | https://affordablehousinghub.org/sitemap.xml,not_approved,FALSE,2,2,2,retain_each,retain_each,2,Section8Search: PARK AVENUE APTS | Section8Search: TENTH STREET APTS,public_housing_directory,https://section8search.org/ohio/ironton/park-avenue-apts/bh9u6ebygu17roawkv20cqxp | https://section8search.org/ohio/ironton/tenth-street-apts/isvdnk8ove9qfqov24y55yuz,exact_standardized_site,shared_address_without_sufficient_identity_evidence,corroborates_all_listed_members_and_address,shared_address_without_sufficient_identity_evidence
SAQ_0908,OH|3 HUNTERS POINTE DR|JAMESTOWN,BEAUMONT PLACE - LINDEN GREENE | LINDEN GREENE-BEAUMONT PLACE,name_or_timing_evidence,new_two_read_review,2026-08-11,2026-08-11,2026-08-11,public_directory_sitemap,https://section8search.org/sitemap.xml | https://affordablehousinghub.org/sitemap.xml,not_approved,FALSE,2,1,1,merge_all,merge_all,1,Affordable Housing Hub: LINDEN GREENE-BEAUMONT PLACE,public_housing_directory,https://affordablehousinghub.org/housing/ohio/greene-county/jamestown/linden-greene-beaumont-place-35756-lihtc,address_not_extracted,name_or_reporting_variant_same_physical_development,corroborates_part_of_listed_members_and_address,name_or_reporting_variant_same_physical_development
SAQ_0909,OH|1030 HUNTERS RUN DR|LEBANON,HUNTERS RUN | HUNTERS RUN II,shared_address_only,new_two_read_review,2026-08-11,2026-08-11,2026-08-11,public_directory_sitemap,https://section8search.org/sitemap.xml | https://affordablehousinghub.org/sitemap.xml,not_approved,FALSE,2,2,2,retain_each,retain_each,2,Affordable Housing Hub: HUNTERS RUN II | Section8Search: HUNTERS RUN,public_housing_directory,https://affordablehousinghub.org/housing/ohio/warren-county/lebanon/hunters-run-ii-34332-lihtc | https://section8search.org/ohio/lebanon/hunters-run/csmul1s59cpydqv77pgolttj,address_not_extracted | exact_standardized_site,shared_address_without_sufficient_identity_evidence,corroborates_all_listed_members_and_address,shared_address_without_sufficient_identity_evidence
SAQ_0910,OH|100 E COOK RD|MANSFIELD,MALABAR TRACE APTS II | MALABAR TRACE I APTS,phase_or_component_evidence,new_two_read_review,2026-08-11,2026-08-11,2026-08-11,public_directory_sitemap,https://section8search.org/sitemap.xml | https://affordablehousinghub.org/sitemap.xml,not_approved,FALSE,2,2,2,retain_each,retain_each,2,Section8Search: MALABAR TRACE APTS II | Section8Search: MALABAR TRACE I APTS,public_housing_directory,https://section8search.org/ohio/mansfield/malabar-trace-apts-ii/s3amzgxjbebiz6hlbvjly6t7 | https://section8search.org/ohio/mansfield/malabar-trace-i-apts/dfvl2fayum1do4o5vstglzbr,exact_standardized_site,distinct_phases_or_components_common_address,corroborates_all_listed_members_and_address,distinct_phases_or_components_common_address
SAQ_0911,OH|4816 SONTAG LN|MANTUA,LAMPLIGHTER LANDINGS | SANDPIPERS SQUARE APTS,shared_address_only,new_two_read_review,2026-08-11,2026-08-11,2026-08-11,public_directory_sitemap,https://section8search.org/sitemap.xml | https://affordablehousinghub.org/sitemap.xml,not_approved,FALSE,2,2,2,retain_each,retain_each,2,Affordable Housing Hub: SANDPIPERS SQUARE APTS | Section8Search: LAMPLIGHTER LANDINGS,public_housing_directory,https://affordablehousinghub.org/housing/ohio/portage-county/mantua/sandpipers-square-apts-33821-lihtc | https://section8search.org/ohio/mantua/lamplighter-landings/ity2dl40myd0027fgaxiid1o,address_not_extracted | exact_standardized_site,shared_address_without_sufficient_identity_evidence,corroborates_all_listed_members_and_address,shared_address_without_sufficient_identity_evidence
SAQ_0912,OH|400 DELAWARE AVE|MARION,MARION ROTARY TOWERS | MARION TOWERS II,shared_address_only,new_two_read_review,2026-08-11,2026-08-11,2026-08-11,public_directory_sitemap,https://section8search.org/sitemap.xml | https://affordablehousinghub.org/sitemap.xml,not_approved,FALSE,2,2,2,retain_each,retain_each,2,Section8Search: MARION ROTARY TOWERS | Section8Search: MARION TOWERS II,public_housing_directory,https://section8search.org/ohio/marion/marion-rotary-towers/xmuguue9prquvwu0w6z7fzjw | https://section8search.org/ohio/marion/marion-towers-ii/jbr6whtbnyahik6ck12zj77g,city_state_only | exact_standardized_site,shared_address_without_sufficient_identity_evidence,corroborates_all_listed_members_and_address,shared_address_without_sufficient_identity_evidence
SAQ_0913,OH|613 SCOTT ST|MC COMB,CHRISTLA GALE APARTMENTS | CRYSTAL GALE APTS,name_or_timing_evidence,new_two_read_review,2026-08-11,2026-08-11,2026-08-11,public_directory_sitemap,https://section8search.org/sitemap.xml | https://affordablehousinghub.org/sitemap.xml,not_approved,FALSE,2,1,1,merge_all,merge_all,1,Section8Search: CRYSTAL GALE APTS,public_housing_directory,https://section8search.org/ohio/mc-comb/crystal-gale-apts/vy52q4q9utuf9zfyzzwdk4b3,exact_standardized_site,name_or_reporting_variant_same_physical_development,corroborates_part_of_listed_members_and_address,name_or_reporting_variant_same_physical_development
SAQ_0914,OH|801 COLD WATER DR|MONROE,RESERVE AT MONROE CROSSINGS | THE RESERVE AT MONROE CROSSING,name_or_timing_evidence,new_two_read_review,2026-08-11,2026-08-11,2026-08-11,public_directory_sitemap,https://section8search.org/sitemap.xml | https://affordablehousinghub.org/sitemap.xml,not_approved,FALSE,2,1,1,merge_all,merge_all,2,Affordable Housing Hub: THE RESERVE AT MONROE CROSSING | Section8Search: RESERVE AT MONROE CROSSINGS,public_housing_directory,https://affordablehousinghub.org/housing/ohio/butler-county/monroe/the-reserve-at-monroe-crossing-49388-lihtc | https://section8search.org/ohio/monroe/reserve-at-monroe-crossings/tkiew8dcr8rbwymt8np04sts,address_not_extracted | exact_standardized_site,name_or_reporting_variant_same_physical_development,corroborates_all_listed_members_and_address,name_or_reporting_variant_same_physical_development
SAQ_0915,OH|5032 COLLEGE CORNER PIKE|OXFORD,PARKVIEW ARMS I | PARKVIEW ARMS II,phase_or_component_evidence,new_two_read_review,2026-08-11,2026-08-11,2026-08-11,public_directory_sitemap,https://section8search.org/sitemap.xml | https://affordablehousinghub.org/sitemap.xml,not_approved,FALSE,2,2,2,retain_each,retain_each,2,Affordable Housing Hub: PARKVIEW ARMS I | Affordable Housing Hub: PARKVIEW ARMS II,public_housing_directory,https://affordablehousinghub.org/housing/ohio/butler-county/oxford/parkview-arms-i-33055-lihtc | https://affordablehousinghub.org/housing/ohio/butler-county/oxford/parkview-arms-ii-33056-lihtc,address_not_extracted,distinct_phases_or_components_common_address,corroborates_all_listed_members_and_address,distinct_phases_or_components_common_address
SAQ_0916,OH|509 LANDSRUSH ST|SANDUSKY,MUIRWOOD PHASE I | SANDUSKY APTS,shared_address_only,new_two_read_review,2026-08-11,2026-08-11,2026-08-11,public_directory_sitemap,https://section8search.org/sitemap.xml | https://affordablehousinghub.org/sitemap.xml,not_approved,FALSE,2,2,2,retain_each,retain_each,2,Affordable Housing Hub: MUIRWOOD PHASE I | Affordable Housing Hub: SANDUSKY APTS,public_housing_directory,https://affordablehousinghub.org/housing/ohio/erie-county/sandusky/muirwood-phase-i-34579-lihtc | https://affordablehousinghub.org/housing/ohio/erie-county/sandusky/sandusky-apts-34610-lihtc,address_not_extracted,shared_address_without_sufficient_identity_evidence,corroborates_all_listed_members_and_address,shared_address_without_sufficient_identity_evidence
SAQ_0917,OH|2520 MONROE ST|TOLEDO,PLAZA | THE PLAZA,name_or_timing_evidence,new_two_read_review,2026-08-11,2026-08-11,2026-08-11,public_directory_sitemap,https://section8search.org/sitemap.xml | https://affordablehousinghub.org/sitemap.xml,not_approved,FALSE,2,1,1,merge_all,merge_all,2,Affordable Housing Hub: THE PLAZA | Section8Search: PLAZA,public_housing_directory,https://affordablehousinghub.org/housing/ohio/lucas-county/toledo/the-plaza-33094-lihtc | https://section8search.org/ohio/toledo/plaza/e83a7zpom255w7vopzn697wq,address_not_extracted | exact_standardized_site,name_or_reporting_variant_same_physical_development,corroborates_all_listed_members_and_address,name_or_reporting_variant_same_physical_development
SAQ_0918,OH|600 HIGHLAND PKWY|UPPER SANDUSKY,CRAWFORD PLACE | MAPLEWOOD VILLAGE (UPPER SANDUSKY),shared_address_only,new_two_read_review,2026-08-11,2026-08-11,2026-08-11,public_directory_sitemap,https://section8search.org/sitemap.xml | https://affordablehousinghub.org/sitemap.xml,not_approved,FALSE,2,2,2,retain_each,retain_each,2,Affordable Housing Hub: MAPLEWOOD VILLAGE (UPPER SANDUSKY) | Section8Search: CRAWFORD PLACE,public_housing_directory,https://affordablehousinghub.org/housing/ohio/wyandot-county/upper-sandusky/maplewood-village-upper-sandusky-34746-lihtc | https://section8search.org/ohio/upper-sandusky/crawford-place/jrrqiidrzccg9lfnfs92eqtx,address_not_extracted | exact_standardized_site,shared_address_without_sufficient_identity_evidence,corroborates_all_listed_members_and_address,shared_address_without_sufficient_identity_evidence
SAQ_0919,OH|1330 BLAKELY CIR SW|WARREN,TOD'S CROSSING I | TOD'S CROSSING II,phase_or_component_evidence,new_two_read_review,2026-08-11,2026-08-11,2026-08-11,focused_web_search,https://affordablehousinghub.org/housing/ohio/trumbull/warren?program=lihtc,not_approved,FALSE,2,2,2,retain_each,retain_each,2,"LIHTC properties in Warren, Ohio",public_property_directory,https://affordablehousinghub.org/housing/ohio/trumbull/warren?program=lihtc,manual_source_confirms_listed_address,distinct_phases_or_components_common_address,supports_retain_each,outside_source_confirms_distinct_phases_or_components
SAQ_0920,OH|906 W INDIANOLA AVE|YOUNGSTOWN,BROCKTON | INDIANOLA,shared_address_only,new_two_read_review,2026-08-11,2026-08-11,2026-08-11,public_directory_sitemap,https://section8search.org/sitemap.xml | https://affordablehousinghub.org/sitemap.xml,not_approved,FALSE,2,2,2,retain_each,retain_each,2,Affordable Housing Hub: BROCKTON | Affordable Housing Hub: INDIANOLA,public_housing_directory,https://affordablehousinghub.org/housing/ohio/mahoning-county/youngstown/brockton-33917-lihtc | https://affordablehousinghub.org/housing/ohio/mahoning-county/youngstown/indianola-33037-lihtc,address_not_extracted,shared_address_without_sufficient_identity_evidence,corroborates_all_listed_members_and_address,shared_address_without_sufficient_identity_evidence
SAQ_0921,OK|1318 NADINE DR|ADA,COTTAGE LANE APTS | COTTAGE LANE FAMILY RESIDENCES,shared_address_only,new_two_read_review,2026-08-11,2026-08-11,2026-08-11,public_directory_sitemap,https://section8search.org/sitemap.xml | https://affordablehousinghub.org/sitemap.xml,not_approved,FALSE,2,2,2,retain_each,retain_each,2,Section8Search: COTTAGE LANE APTS | Section8Search: COTTAGE LANE FAMILY RESIDENCES,public_housing_directory,https://section8search.org/oklahoma/ada/cottage-lane-apts/ckmyai6o0e9jbdscixavurbh | https://section8search.org/oklahoma/ada/cottage-lane-family-residences/fry2ad8qj5v73vz42ruq80df,city_state_only | exact_standardized_site,shared_address_without_sufficient_identity_evidence,corroborates_all_listed_members_and_address,shared_address_without_sufficient_identity_evidence
SAQ_0922,OK|125 S WALKER CIR|ATOKA,SAVANNAH PARK OF ATOKA | SOUTHWIND VILLAGE APTS,shared_address_only,new_two_read_review,2026-08-11,2026-08-11,2026-08-11,public_directory_sitemap,https://section8search.org/sitemap.xml | https://affordablehousinghub.org/sitemap.xml,not_approved,FALSE,2,2,2,retain_each,retain_each,2,Affordable Housing Hub: SOUTHWIND VILLAGE APTS | Section8Search: SAVANNAH PARK OF ATOKA,public_housing_directory,https://affordablehousinghub.org/housing/oklahoma/atoka-county/atoka/southwind-village-apts-34799-lihtc | https://section8search.org/oklahoma/atoka/savannah-park-of-atoka/dvhx0q7s1c4k8e5yf3dt9vr6,address_not_extracted | exact_standardized_site,shared_address_without_sufficient_identity_evidence,corroborates_all_listed_members_and_address,shared_address_without_sufficient_identity_evidence
SAQ_0923,OK|524 W WILL ROGERS BLVD|CLAREMORE,WILL ROGERS APTS | WILL ROGERS LOFT,shared_address_only,new_two_read_review,2026-08-11,2026-08-11,2026-08-11,public_directory_sitemap,https://section8search.org/sitemap.xml | https://affordablehousinghub.org/sitemap.xml,not_approved,FALSE,2,2,2,retain_each,retain_each,2,Section8Search: WILL ROGERS APTS | Section8Search: WILL ROGERS LOFT,public_housing_directory,https://section8search.org/oklahoma/claremore/will-rogers-apts/xvjh4y24iut3prq4s0sc6oq8 | https://section8search.org/oklahoma/claremore/will-rogers-loft/l8uaq5jedbkhr2u0dwrt2i2e,city_state_only | exact_standardized_site,shared_address_without_sufficient_identity_evidence,corroborates_all_listed_members_and_address,shared_address_without_sufficient_identity_evidence
SAQ_0924,OK|1820 W PLATO RD|DUNCAN,DUNCAN TERRACE | DUNCAN VILLAGE APTS,shared_address_only,new_two_read_review,2026-08-11,2026-08-11,2026-08-11,public_directory_sitemap,https://section8search.org/sitemap.xml | https://affordablehousinghub.org/sitemap.xml,not_approved,FALSE,2,2,2,retain_each,retain_each,2,Affordable Housing Hub: DUNCAN VILLAGE APTS | Section8Search: DUNCAN TERRACE,public_housing_directory,https://affordablehousinghub.org/housing/oklahoma/stephens-county/duncan/duncan-village-apts-34912-lihtc | https://section8search.org/oklahoma/duncan/duncan-terrace/dirsi7x74qzqjif0soooydq9,address_not_extracted | city_state_only,shared_address_without_sufficient_identity_evidence,corroborates_all_listed_members_and_address,shared_address_without_sufficient_identity_evidence
SAQ_0925,OK|102 RIVEROAKS DR|HOLDENVILLE,HOLDENVILLE OAKRIDGE COMMUNITY PHASE I | HOLDENVILLE OAKRIDGE COMMUNITY PHASE II,phase_or_component_evidence,new_two_read_review,2026-08-11,2026-08-11,2026-08-11,public_directory_sitemap,https://section8search.org/sitemap.xml | https://affordablehousinghub.org/sitemap.xml,not_approved,FALSE,2,2,2,retain_each,retain_each,2,Section8Search: HOLDENVILLE OAKRIDGE COMMUNITY PHASE I | Section8Search: HOLDENVILLE OAKRIDGE COMMUNITY PHASE II,public_housing_directory,https://section8search.org/oklahoma/holdenville/holdenville-oakridge-community-phase-i/faj0xxehksz8a2dvqa23p1pg | https://section8search.org/oklahoma/holdenville/holdenville-oakridge-community-phase-ii/tj4jfghx3n98wnt4i8de1vr3,exact_standardized_site,distinct_phases_or_components_common_address,corroborates_all_listed_members_and_address,distinct_phases_or_components_common_address
SAQ_0926,OK|1405 S K ST|HUGO,KIAMICHI GARDENS I | KIAMICHI GARDENS II,phase_or_component_evidence,new_two_read_review,2026-08-11,2026-08-11,2026-08-11,public_directory_sitemap,https://section8search.org/sitemap.xml | https://affordablehousinghub.org/sitemap.xml,not_approved,FALSE,2,2,2,retain_each,retain_each,2,Section8Search: KIAMICHI GARDENS I | Section8Search: KIAMICHI GARDENS II,public_housing_directory,https://section8search.org/oklahoma/hugo/kiamichi-gardens-i/mh43h19bzz2p4hhwbhd5d2lz | https://section8search.org/oklahoma/hugo/kiamichi-gardens-ii/ygwg1gcg9ch57200ya56i7rl,exact_standardized_site,distinct_phases_or_components_common_address,corroborates_all_listed_members_and_address,distinct_phases_or_components_common_address
SAQ_0927,OK|305 NW FOURTH ST|LAWTON,COLUMBIA SQUARE | VILLANOVA APTS,name_or_timing_evidence,new_two_read_review,2026-08-11,2026-08-11,2026-08-11,focused_web_search,https://www.kswo.com/story/9388349/columbia-square-apartments-in-lawton-gets-green-makeover/,not_approved,FALSE,2,1,1,merge_all,merge_all,2,Columbia Square Apartments renamed Villanova Apartments,newspaper,https://www.kswo.com/story/9388349/columbia-square-apartments-in-lawton-gets-green-makeover/,manual_source_confirms_listed_address,name_or_reporting_variant_same_physical_development,supports_merge_all,outside_source_confirms_duplicate_or_later_episode
SAQ_0928,OK|201 WOODCREST DR|NORMAN,GARLAND SQUARE OF NORMAN | GARLAND SQUARE OF NORMAN II,phase_or_component_evidence,new_two_read_review,2026-08-11,2026-08-11,2026-08-11,public_directory_sitemap,https://section8search.org/sitemap.xml | https://affordablehousinghub.org/sitemap.xml,not_approved,FALSE,2,2,2,retain_each,retain_each,2,Section8Search: GARLAND SQUARE OF NORMAN | Section8Search: GARLAND SQUARE OF NORMAN II,public_housing_directory,https://section8search.org/oklahoma/norman/garland-square-of-norman-ii/dys9bq0rgbaej50bf844fs3g | https://section8search.org/oklahoma/norman/garland-square-of-norman/qpps70v9j99wz6qfiz5sdqol,exact_standardized_site,distinct_phases_or_components_common_address,corroborates_all_listed_members_and_address,distinct_phases_or_components_common_address
SAQ_0929,OK|710 LOVERS LN|PERKINS,STERLING PARK | STERLING PARK II,shared_address_only,new_two_read_review,2026-08-11,2026-08-11,2026-08-11,public_directory_sitemap,https://section8search.org/sitemap.xml | https://affordablehousinghub.org/sitemap.xml,not_approved,FALSE,2,2,2,retain_each,retain_each,2,Affordable Housing Hub: STERLING PARK II | Section8Search: STERLING PARK,public_housing_directory,https://affordablehousinghub.org/housing/oklahoma/payne-county/perkins/sterling-park-ii-36172-lihtc | https://section8search.org/oklahoma/perkins/sterling-park/eymg22ms1s8ftcbdi0hw60nb,address_not_extracted | exact_standardized_site,shared_address_without_sufficient_identity_evidence,corroborates_all_listed_members_and_address,shared_address_without_sufficient_identity_evidence
SAQ_0930,OK|201 TAYLOR DR|ROLAND,WOODLAND HILLS APTS | WOODLAND HILLS II,shared_address_only,new_two_read_review,2026-08-11,2026-08-11,2026-08-11,public_directory_sitemap,https://section8search.org/sitemap.xml | https://affordablehousinghub.org/sitemap.xml,not_approved,FALSE,2,2,2,retain_each,retain_each,2,Affordable Housing Hub: WOODLAND HILLS II | Section8Search: WOODLAND HILLS APTS,public_housing_directory,https://affordablehousinghub.org/housing/oklahoma/sequoyah-county/roland/woodland-hills-ii-35647-lihtc | https://section8search.org/oklahoma/roland/woodland-hills-apts/pwnq9blwr97h70awt56ip6qz,address_not_extracted | exact_standardized_site,shared_address_without_sufficient_identity_evidence,corroborates_all_listed_members_and_address,shared_address_without_sufficient_identity_evidence
SAQ_0931,OK|106 N NO NAME ST|SALLISAW,HOWARD L MILLER SALLISAW APTS | ROSEROCK ESTATES PHASES I & II,shared_address_only,new_two_read_review,2026-08-11,2026-08-11,2026-08-11,public_directory_sitemap,https://section8search.org/sitemap.xml | https://affordablehousinghub.org/sitemap.xml,not_approved,FALSE,2,2,2,retain_each,retain_each,2,Affordable Housing Hub: HOWARD L MILLER SALLISAW APTS | Section8Search: ROSEROCK ESTATES PHASES I & II,public_housing_directory,https://affordablehousinghub.org/housing/oklahoma/sequoyah-county/sallisaw/howard-l-miller-sallisaw-apts-34969-lihtc | https://section8search.org/oklahoma/sallisaw/roserock-estates-phases-i-ii/rwd03nuz4688na3b996kiyne,address_not_extracted | exact_standardized_site,shared_address_without_sufficient_identity_evidence,corroborates_all_listed_members_and_address,shared_address_without_sufficient_identity_evidence
SAQ_0932,OK|1901 W RUTH AVE|SALLISAW,MAYFAIR PLACE APTS | MAYFAIR PLACE II,phase_or_component_evidence,new_two_read_review,2026-08-11,2026-08-11,2026-08-11,public_directory_sitemap,https://section8search.org/sitemap.xml | https://affordablehousinghub.org/sitemap.xml,not_approved,FALSE,2,2,2,retain_each,retain_each,2,Affordable Housing Hub: MAYFAIR PLACE APTS | Affordable Housing Hub: MAYFAIR PLACE II,public_housing_directory,https://affordablehousinghub.org/housing/oklahoma/sequoyah-county/sallisaw/mayfair-place-apts-35490-lihtc | https://affordablehousinghub.org/housing/oklahoma/sequoyah-county/sallisaw/mayfair-place-ii-35491-lihtc,address_not_extracted,distinct_phases_or_components_common_address,corroborates_all_listed_members_and_address,distinct_phases_or_components_common_address
SAQ_0933,OK|320 E MCELROY RD|STILLWATER,BOOMER CREEK APTS | BOOMER CREEK APTS II,shared_address_only,new_two_read_review,2026-08-11,2026-08-11,2026-08-11,public_directory_sitemap,https://section8search.org/sitemap.xml | https://affordablehousinghub.org/sitemap.xml,not_approved,FALSE,2,2,2,retain_each,retain_each,2,Affordable Housing Hub: BOOMER CREEK APTS | Section8Search: BOOMER CREEK APTS II,public_housing_directory,https://affordablehousinghub.org/housing/oklahoma/payne-county/stillwater/boomer-creek-apts-36370-lihtc | https://section8search.org/oklahoma/stillwater/boomer-creek-apts-ii/wcpkusgvv3llq2xdbmpdsktu,address_not_extracted | exact_standardized_site,shared_address_without_sufficient_identity_evidence,corroborates_all_listed_members_and_address,shared_address_without_sufficient_identity_evidence
SAQ_0934,OK|5 MITTIE MARTIN ST|VIAN,COUNTRY LANE & PINE MEADOWS APTS | PINE MEADOWS APTS,name_or_timing_evidence,new_two_read_review,2026-08-11,2026-08-11,2026-08-11,public_directory_sitemap,https://section8search.org/sitemap.xml | https://affordablehousinghub.org/sitemap.xml,not_approved,FALSE,2,1,1,merge_all,merge_all,2,Affordable Housing Hub: PINE MEADOWS APTS | Section8Search: COUNTRY LANE & PINE MEADOWS APTS,public_housing_directory,https://affordablehousinghub.org/housing/oklahoma/sequoyah-county/vian/pine-meadows-apts-35550-lihtc | https://section8search.org/oklahoma/vian/country-lane-pine-meadows-apts/rf2i7sjcvp83piaagtm79hsk,address_not_extracted,name_or_reporting_variant_same_physical_development,corroborates_all_listed_members_and_address,name_or_reporting_variant_same_physical_development
SAQ_0935,OR|750 NW LAVA RD|BEND,PUTNAM LOFTS | PUTNAM POINTE,shared_address_only,new_two_read_review,2026-08-11,2026-08-11,2026-08-11,public_directory_sitemap,https://section8search.org/sitemap.xml | https://affordablehousinghub.org/sitemap.xml,not_approved,FALSE,2,2,2,retain_each,retain_each,2,Section8Search: PUTNAM LOFTS | Section8Search: PUTNAM POINTE,public_housing_directory,https://section8search.org/oregon/bend/putnam-lofts/jufknu355imrrenkehwobxtq | https://section8search.org/oregon/bend/putnam-pointe/xvr4tham2i2y9p32n0kduqms,exact_standardized_site,shared_address_without_sufficient_identity_evidence,corroborates_all_listed_members_and_address,shared_address_without_sufficient_identity_evidence
SAQ_0936,OR|2475 SHELDON VILLAGE LOOP|EUGENE,SHELDON VILLAGE PHASE I | SHELDON VILLAGE PHASE II,phase_or_component_evidence,new_two_read_review,2026-08-11,2026-08-11,2026-08-11,public_directory_sitemap,https://section8search.org/sitemap.xml | https://affordablehousinghub.org/sitemap.xml,not_approved,FALSE,2,2,2,retain_each,retain_each,2,Section8Search: SHELDON VILLAGE PHASE I | Section8Search: SHELDON VILLAGE PHASE II,public_housing_directory,https://section8search.org/oregon/eugene/sheldon-village-phase-i/nb4gmznniwtqedj9kvpu2qp6 | https://section8search.org/oregon/eugene/sheldon-village-phase-ii/qjk33e223z6oprzri7gktzsu,exact_standardized_site,distinct_phases_or_components_common_address,corroborates_all_listed_members_and_address,distinct_phases_or_components_common_address
SAQ_0937,OR|830 SIEVERKROPP DR|HOOD RIVER,ARENDS PLACE I | ARENDS PLACE II,phase_or_component_evidence,new_two_read_review,2026-08-11,2026-08-11,2026-08-11,public_directory_sitemap,https://section8search.org/sitemap.xml | https://affordablehousinghub.org/sitemap.xml,not_approved,FALSE,2,2,2,retain_each,retain_each,2,Section8Search: ARENDS PLACE I | Section8Search: ARENDS PLACE II,public_housing_directory,https://section8search.org/oregon/hood-river/arends-place-i/kk2sgh2cq7xlp8bchtw8s0e0 | https://section8search.org/oregon/hood-river/arends-place-ii/jvhehopg8vzcs7q76x28e3he,exact_standardized_site,distinct_phases_or_components_common_address,corroborates_all_listed_members_and_address,distinct_phases_or_components_common_address
SAQ_0938,OR|950 SW MADISON ST|MADRAS,CROOKED RIVER APTS (3 SITES) | MADISON APTS,shared_address_only,new_two_read_review,2026-08-11,2026-08-11,2026-08-11,public_directory_sitemap,https://section8search.org/sitemap.xml | https://affordablehousinghub.org/sitemap.xml,not_approved,FALSE,2,2,2,retain_each,retain_each,2,Affordable Housing Hub: MADISON APTS | Section8Search: CROOKED RIVER APTS (3 SITES),public_housing_directory,https://affordablehousinghub.org/housing/oregon/jefferson-county/madras/madison-apts-35380-lihtc | https://section8search.org/oregon/madras/crooked-river-apts-3-sites/wntdsvz1rpcd01qoo45wzdcn,address_not_extracted | exact_standardized_site,shared_address_without_sufficient_identity_evidence,corroborates_all_listed_members_and_address,shared_address_without_sufficient_identity_evidence
SAQ_0939,OR|1925 NE MCDONALD LN|MCMINNVILLE,WILLIAMETTE PLACE SENIOR APTS I | WILLIAMETTE PLACE SENIOR APTS II,phase_or_component_evidence,new_two_read_review,2026-08-11,2026-08-11,2026-08-11,public_directory_sitemap,https://section8search.org/sitemap.xml | https://affordablehousinghub.org/sitemap.xml,not_approved,FALSE,2,2,2,retain_each,retain_each,2,Section8Search: WILLIAMETTE PLACE SENIOR APTS I | Section8Search: WILLIAMETTE PLACE SENIOR APTS II,public_housing_directory,https://section8search.org/oregon/mcminnville/williamette-place-senior-apts-i/umzzwvkmaax2c78bf1621jui | https://section8search.org/oregon/mcminnville/williamette-place-senior-apts-ii/f7wuh06q4t07cpvvkq2uibt6,exact_standardized_site,distinct_phases_or_components_common_address,corroborates_all_listed_members_and_address,distinct_phases_or_components_common_address
SAQ_0940,OR|455 W MARQUAM ST|MT ANGEL,BEAVER STATE APTS | CASCADE VALLEY - BEAVER STATE,shared_address_only,new_two_read_review,2026-08-11,2026-08-11,2026-08-11,public_directory_sitemap,https://section8search.org/sitemap.xml | https://affordablehousinghub.org/sitemap.xml,not_approved,FALSE,2,2,2,retain_each,retain_each,2,Affordable Housing Hub: CASCADE VALLEY - BEAVER STATE | Section8Search: BEAVER STATE APTS,public_housing_directory,https://affordablehousinghub.org/housing/oregon/marion-county/mt-angel/cascade-valley-beaver-state-36293-lihtc | https://section8search.org/oregon/mt-angel/beaver-state-apts/jjebboo3hcjh6zyhi0oqa67c,address_not_extracted | exact_standardized_site,shared_address_without_sufficient_identity_evidence,corroborates_all_listed_members_and_address,shared_address_without_sufficient_identity_evidence
SAQ_0941,OR|306 CHERYL LN|PHOENIX,BROOKSIDE COURT APTS | BROOKSIDE SENIOR APTS,shared_address_only,new_two_read_review,2026-08-11,2026-08-11,2026-08-11,public_directory_sitemap,https://section8search.org/sitemap.xml | https://affordablehousinghub.org/sitemap.xml,not_approved,FALSE,2,2,2,retain_each,retain_each,2,Affordable Housing Hub: BROOKSIDE COURT APTS | Affordable Housing Hub: BROOKSIDE SENIOR APTS,public_housing_directory,https://affordablehousinghub.org/housing/oregon/jackson-county/phoenix/brookside-court-apts-36448-lihtc | https://affordablehousinghub.org/housing/oregon/jackson-county/phoenix/brookside-senior-apts-36074-lihtc,address_not_extracted,shared_address_without_sufficient_identity_evidence,corroborates_all_listed_members_and_address,shared_address_without_sufficient_identity_evidence
SAQ_0942,OR|933 N ROSE ST|PHOENIX,BROOKSIDE ROSE APTS SITE 1 | BROOKSIDE VILLAGE APTS,shared_address_only,new_two_read_review,2026-08-11,2026-08-11,2026-08-11,public_directory_sitemap,https://section8search.org/sitemap.xml | https://affordablehousinghub.org/sitemap.xml,not_approved,FALSE,2,2,2,retain_each,retain_each,2,Section8Search: BROOKSIDE ROSE APTS SITE 1 | Section8Search: BROOKSIDE VILLAGE APTS,public_housing_directory,https://section8search.org/oregon/phoenix/brookside-rose-apts-site-1/f52w6t1ng0i9w2zctdnp5gr2 | https://section8search.org/oregon/phoenix/brookside-village-apts/q5bed6q77vo4pq0h45g44dr5,exact_standardized_site,shared_address_without_sufficient_identity_evidence,corroborates_all_listed_members_and_address,shared_address_without_sufficient_identity_evidence
SAQ_0943,OR|1024 SW MAIN ST|PORTLAND,ST FRANCIS APTS | THE ST FRANCIS,name_or_timing_evidence,new_two_read_review,2026-08-11,2026-08-11,2026-08-11,public_directory_sitemap,https://section8search.org/sitemap.xml | https://affordablehousinghub.org/sitemap.xml,not_approved,FALSE,2,1,1,merge_all,merge_all,2,Affordable Housing Hub: THE ST FRANCIS | Section8Search: ST FRANCIS APTS,public_housing_directory,https://affordablehousinghub.org/housing/oregon/multnomah-county/portland/the-st-francis-36357-lihtc | https://section8search.org/oregon/portland/st-francis-apts/dtsmj0a236jfc0x5s6zi10am,address_not_extracted | exact_standardized_site,name_or_reporting_variant_same_physical_development,corroborates_all_listed_members_and_address,name_or_reporting_variant_same_physical_development
SAQ_0944,OR|13320 SE POWELL BLVD|PORTLAND,POWELL PLAZA I | POWELL PLAZA II,phase_or_component_evidence,new_two_read_review,2026-08-11,2026-08-11,2026-08-11,public_directory_sitemap,https://section8search.org/sitemap.xml | https://affordablehousinghub.org/sitemap.xml,not_approved,FALSE,2,2,2,retain_each,retain_each,2,Section8Search: POWELL PLAZA I | Section8Search: POWELL PLAZA II,public_housing_directory,https://section8search.org/oregon/portland/powell-plaza-i/e4b39t7a7641wpvoa6cy0qte | https://section8search.org/oregon/portland/powell-plaza-ii/xpp6582ekewg26itqhjib7io,exact_standardized_site,distinct_phases_or_components_common_address,corroborates_all_listed_members_and_address,distinct_phases_or_components_common_address
SAQ_0945,OR|333 SW OAK ST|PORTLAND,333 OAK APTS | OAK APTS,shared_address_only,new_two_read_review,2026-08-11,2026-08-11,2026-08-11,public_directory_sitemap,https://section8search.org/sitemap.xml | https://affordablehousinghub.org/sitemap.xml,not_approved,FALSE,2,1,1,merge_all,merge_all,2,Affordable Housing Hub: 333 OAK APTS | Section8Search: OAK APTS,public_housing_directory,https://affordablehousinghub.org/housing/oregon/multnomah-county/portland/333-oak-apts-49179-lihtc | https://section8search.org/oregon/portland/oak-apts/qdrh2uha2abyzsd5qheaa18v,address_not_extracted | exact_standardized_site,later_financing_or_renamed_same_physical_development,corroborates_all_listed_members_and_address,later_financing_or_renamed_same_physical_development
SAQ_0946,OR|945 NW NAITO PKWY|PORTLAND,YARDS AT UNION STATION A | YARDS AT UNION STATION B,phase_or_component_evidence,new_two_read_review,2026-08-11,2026-08-11,2026-08-11,public_directory_sitemap,https://section8search.org/sitemap.xml | https://affordablehousinghub.org/sitemap.xml,not_approved,FALSE,2,2,2,retain_each,retain_each,2,Affordable Housing Hub: YARDS AT UNION STATION A | Affordable Housing Hub: YARDS AT UNION STATION B,public_housing_directory,https://affordablehousinghub.org/housing/oregon/multnomah-county/portland/yards-at-union-station-a-36385-lihtc | https://affordablehousinghub.org/housing/oregon/multnomah-county/portland/yards-at-union-station-b-36386-lihtc,address_not_extracted,distinct_phases_or_components_common_address,corroborates_all_listed_members_and_address,distinct_phases_or_components_common_address
SAQ_0947,OR|370 CHURCH ST SE|SALEM,ROBERT LINDSEY TOWER SITE 1 | ROBERT LINDSEY TOWER/PARKWAY EAST APTS,phase_or_component_evidence,new_two_read_review,2026-08-11,2026-08-11,2026-08-11,public_directory_sitemap,https://section8search.org/sitemap.xml | https://affordablehousinghub.org/sitemap.xml,not_approved,FALSE,2,2,2,retain_each,retain_each,2,Affordable Housing Hub: ROBERT LINDSEY TOWER/PARKWAY EAST APTS | Section8Search: ROBERT LINDSEY TOWER SITE 1,public_housing_directory,https://affordablehousinghub.org/housing/oregon/marion-county/salem/robert-lindsey-tower-parkway-east-apts-36353-lihtc | https://section8search.org/oregon/salem/robert-lindsey-tower-site-1/m8kree3s7j0xwak7letghwd6,address_not_extracted | exact_standardized_site,distinct_phases_or_components_common_address,corroborates_all_listed_members_and_address,distinct_phases_or_components_common_address
SAQ_0948,OR|11547 SW 135TH AVE|TIGARD,SUNFLOWER APTS I | SUNFLOWER APTS II,phase_or_component_evidence,new_two_read_review,2026-08-11,2026-08-11,2026-08-11,public_directory_sitemap,https://section8search.org/sitemap.xml | https://affordablehousinghub.org/sitemap.xml,not_approved,FALSE,2,2,2,retain_each,retain_each,2,Section8Search: SUNFLOWER APTS I | Section8Search: SUNFLOWER APTS II,public_housing_directory,https://section8search.org/oregon/tigard/sunflower-apts-i/g0ckdcdndcxygey82sslu38s | https://section8search.org/oregon/tigard/sunflower-apts-ii/ehnuqheyk285vru4zcmk5ij6,exact_standardized_site,distinct_phases_or_components_common_address,corroborates_all_listed_members_and_address,distinct_phases_or_components_common_address
SAQ_0949,OR|4317 BROOKFIELD AVE|TILLAMOOK,CHAMPION PARK APTS | CHAMPION PARK APTS PHASE II,shared_address_only,new_two_read_review,2026-08-11,2026-08-11,2026-08-11,public_directory_sitemap,https://section8search.org/sitemap.xml | https://affordablehousinghub.org/sitemap.xml,not_approved,FALSE,2,2,2,retain_each,retain_each,2,Section8Search: CHAMPION PARK APTS | Section8Search: CHAMPION PARK APTS PHASE II,public_housing_directory,https://section8search.org/oregon/tillamook/champion-park-apts-phase-ii/me021vf38zvrfd3tbncvcz0s | https://section8search.org/oregon/tillamook/champion-park-apts/jbsqtfk2ow3lu2534zhkdliu,exact_standardized_site,shared_address_without_sufficient_identity_evidence,corroborates_all_listed_members_and_address,shared_address_without_sufficient_identity_evidence
SAQ_0950,OR|30125 SW BROWN RD|WILSONVILLE,DUCK COUNTRY | WILSONVILLE HEIGHTS-DUCK COUNTRY,shared_address_only,new_two_read_review,2026-08-11,2026-08-11,2026-08-11,public_directory_sitemap,https://section8search.org/sitemap.xml | https://affordablehousinghub.org/sitemap.xml,not_approved,FALSE,2,2,2,retain_each,retain_each,1,Section8Search: DUCK COUNTRY,public_housing_directory,https://section8search.org/oregon/wilsonville/duck-country/tytdsy1x3d3eyj0blesxjdod,exact_standardized_site,shared_address_without_sufficient_identity_evidence,corroborates_part_of_listed_members_and_address,shared_address_without_sufficient_identity_evidence
SAQ_0951,OR|1274 FIFTH ST|WOODBURN,NUEVO AMANECER I | NUEVO AMANECER II,phase_or_component_evidence,new_two_read_review,2026-08-11,2026-08-11,2026-08-11,public_directory_sitemap,https://section8search.org/sitemap.xml | https://affordablehousinghub.org/sitemap.xml,not_approved,FALSE,2,2,2,retain_each,retain_each,2,Section8Search: NUEVO AMANECER I | Section8Search: NUEVO AMANECER II,public_housing_directory,https://section8search.org/oregon/woodburn/nuevo-amanecer-i/smf0hwezsws4o7947ndyqycu | https://section8search.org/oregon/woodburn/nuevo-amanecer-ii/fmfaso04l1kbiqekth7zj4f1,exact_standardized_site,distinct_phases_or_components_common_address,corroborates_all_listed_members_and_address,distinct_phases_or_components_common_address
SAQ_0952,PA|1800 MILFORD COMMONS|EAST STROUDSBURG,MILFORD COMMONS APTS | MILFORD COMMONS APTS PHASE II,shared_address_only,new_two_read_review,2026-08-11,2026-08-11,2026-08-11,public_directory_sitemap,https://section8search.org/sitemap.xml | https://affordablehousinghub.org/sitemap.xml,not_approved,FALSE,2,2,2,retain_each,retain_each,2,Section8Search: MILFORD COMMONS APTS | Section8Search: MILFORD COMMONS APTS PHASE II,public_housing_directory,https://section8search.org/pennsylvania/east-stroudsburg/milford-commons-apts-phase-ii/lcmapvp3063dtnfshmqmhc8j | https://section8search.org/pennsylvania/east-stroudsburg/milford-commons-apts/njq2vyeegpr58f0pzmb3089l,exact_standardized_site,shared_address_without_sufficient_identity_evidence,corroborates_all_listed_members_and_address,shared_address_without_sufficient_identity_evidence
SAQ_0953,PA|155 E PARK ST|ELIZABETHTOWN,PARK PLACE APARTMENTS | PARK PLACE APTS,shared_address_only,new_two_read_review,2026-08-11,2026-08-11,2026-08-11,public_directory_sitemap,https://section8search.org/sitemap.xml | https://affordablehousinghub.org/sitemap.xml,not_approved,FALSE,2,1,1,merge_all,merge_all,1,Section8Search: PARK PLACE APTS,public_housing_directory,https://section8search.org/pennsylvania/elizabethtown/park-place-apts/zi82gg34r1gzq46c3peaqqcv,exact_standardized_site,later_financing_or_renamed_same_physical_development,corroborates_part_of_listed_members_and_address,later_financing_or_renamed_same_physical_development
SAQ_0954,PA|84 DERSTINE RD|HATFIELD,DERSTINE RUN II | SUSIE CLEMENS HOUSE,shared_address_only,new_two_read_review,2026-08-11,2026-08-11,2026-08-11,public_directory_sitemap,https://section8search.org/sitemap.xml | https://affordablehousinghub.org/sitemap.xml,not_approved,FALSE,2,2,2,retain_each,retain_each,2,Section8Search: DERSTINE RUN II | Section8Search: SUSIE CLEMENS HOUSE,public_housing_directory,https://section8search.org/pennsylvania/hatfield/derstine-run-ii/qumk6spqwqsnuyy902t5ugl5 | https://section8search.org/pennsylvania/hatfield/susie-clemens-house/sgo0yj2j6zplznj3f8vom4p6,exact_standardized_site,shared_address_without_sufficient_identity_evidence,corroborates_all_listed_members_and_address,shared_address_without_sufficient_identity_evidence
SAQ_0955,PA|170 ELIZABETH ST|LANDISVILLE,LANDISVILLE APTS PHASE II | LANDISVILLE PROJECT,shared_address_only,new_two_read_review,2026-08-11,2026-08-11,2026-08-11,public_directory_sitemap,https://section8search.org/sitemap.xml | https://affordablehousinghub.org/sitemap.xml,not_approved,FALSE,2,2,2,retain_each,retain_each,2,Affordable Housing Hub: LANDISVILLE PROJECT | Section8Search: LANDISVILLE APTS PHASE II,public_housing_directory,https://affordablehousinghub.org/housing/pennsylvania/lancaster-county/landisville/landisville-project-37489-lihtc | https://section8search.org/pennsylvania/landisville/landisville-apts-phase-ii/dyh6oxly0w2uzdue94996qu5,address_not_extracted | exact_standardized_site,shared_address_without_sufficient_identity_evidence,corroborates_all_listed_members_and_address,shared_address_without_sufficient_identity_evidence
SAQ_0956,PA|1015 PARRISH ST|PHILADELPHIA,CAMBRIDGE | RICHARD ALLEN,shared_address_only,new_two_read_review,2026-08-11,2026-08-11,2026-08-11,public_directory_sitemap,https://section8search.org/sitemap.xml | https://affordablehousinghub.org/sitemap.xml,not_approved,FALSE,2,2,2,retain_each,retain_each,2,Affordable Housing Hub: RICHARD ALLEN | Section8Search: CAMBRIDGE,public_housing_directory,https://affordablehousinghub.org/housing/pennsylvania/philadelphia-county/philadelphia/richard-allen-37336-lihtc | https://section8search.org/pennsylvania/philadelphia/cambridge/ncwnos0s5y3vghy46qkm6zpw,address_not_extracted | exact_standardized_site,shared_address_without_sufficient_identity_evidence,corroborates_all_listed_members_and_address,shared_address_without_sufficient_identity_evidence
SAQ_0957,PA|2601 N BROAD ST|PHILADELPHIA,LOFTS AT 2601 (THE) | STATION HOUSE APTS,shared_address_only,new_two_read_review,2026-08-11,2026-08-11,2026-08-11,public_directory_sitemap,https://section8search.org/sitemap.xml | https://affordablehousinghub.org/sitemap.xml,not_approved,FALSE,2,2,2,retain_each,retain_each,2,Section8Search: LOFTS AT 2601 (THE) | Section8Search: STATION HOUSE APTS,public_housing_directory,https://section8search.org/pennsylvania/philadelphia/lofts-at-2601-the/cak2f6tp21gug80z59vbq0ok | https://section8search.org/pennsylvania/philadelphia/station-house-apts/csyqb7x4z0cl5nyehjklx6hm,exact_standardized_site,shared_address_without_sufficient_identity_evidence,corroborates_all_listed_members_and_address,shared_address_without_sufficient_identity_evidence
SAQ_0958,PA|2900 W DIAMOND ST|PHILADELPHIA,DIAMOND APTS PHASE II | W DIAMOND STREET,shared_address_only,new_two_read_review,2026-08-11,2026-08-11,2026-08-11,public_directory_sitemap,https://section8search.org/sitemap.xml | https://affordablehousinghub.org/sitemap.xml,not_approved,FALSE,2,2,2,retain_each,retain_each,2,Section8Search: DIAMOND APTS PHASE II | Section8Search: W DIAMOND STREET,public_housing_directory,https://section8search.org/pennsylvania/philadelphia/diamond-apts-phase-ii/d00vp01enx5rfkk71dolpk2n | https://section8search.org/pennsylvania/philadelphia/w-diamond-street/l14c7lchclsazify8wf842be,exact_standardized_site,shared_address_without_sufficient_identity_evidence,corroborates_all_listed_members_and_address,shared_address_without_sufficient_identity_evidence
SAQ_0959,PA|4400 FAIRMOUNT AVE|PHILADELPHIA,ANGELA COURT II | ST IGNATIUS SENIOR HOUSING,shared_address_only,new_two_read_review,2026-08-11,2026-08-11,2026-08-11,public_directory_sitemap,https://section8search.org/sitemap.xml | https://affordablehousinghub.org/sitemap.xml,not_approved,FALSE,2,2,2,retain_each,retain_each,2,Section8Search: ANGELA COURT II | Section8Search: ST IGNATIUS SENIOR HOUSING,public_housing_directory,https://section8search.org/pennsylvania/philadelphia/angela-court-ii/izyllkyc67a162kdvqodbvd5 | https://section8search.org/pennsylvania/philadelphia/st-ignatius-senior-housing/aue6je3ew5hldlialm3k7pb4,exact_standardized_site,shared_address_without_sufficient_identity_evidence,corroborates_all_listed_members_and_address,shared_address_without_sufficient_identity_evidence
SAQ_0960,PA|4900 WYALUSING AVE|PHILADELPHIA,HELP PHILADELPHIA I | HELP PHILADELPHIA II,phase_or_component_evidence,new_two_read_review,2026-08-11,2026-08-11,2026-08-11,public_directory_sitemap,https://section8search.org/sitemap.xml | https://affordablehousinghub.org/sitemap.xml,not_approved,FALSE,2,2,2,retain_each,retain_each,2,Section8Search: HELP PHILADELPHIA I | Section8Search: HELP PHILADELPHIA II,public_housing_directory,https://section8search.org/pennsylvania/philadelphia/help-philadelphia-i/vwkujdmfnpjym7am6hswxzp6 | https://section8search.org/pennsylvania/philadelphia/help-philadelphia-ii/cuqmsxti19px50zmbi2kaird,exact_standardized_site,distinct_phases_or_components_common_address,corroborates_all_listed_members_and_address,distinct_phases_or_components_common_address
SAQ_0961,PA|7200 WOODLAND AVE|PHILADELPHIA,PASCHALL VILLAGE PHASE I | PASCHALL VILLAGE PHASE II,phase_or_component_evidence,new_two_read_review,2026-08-11,2026-08-11,2026-08-11,public_directory_sitemap,https://section8search.org/sitemap.xml | https://affordablehousinghub.org/sitemap.xml,not_approved,FALSE,2,2,2,retain_each,retain_each,2,Affordable Housing Hub: PASCHALL VILLAGE PHASE I | Affordable Housing Hub: PASCHALL VILLAGE PHASE II,public_housing_directory,https://affordablehousinghub.org/housing/pennsylvania/philadelphia-county/philadelphia/paschall-village-phase-i-37304-lihtc | https://affordablehousinghub.org/housing/pennsylvania/philadelphia-county/philadelphia/paschall-village-phase-ii-37305-lihtc,address_not_extracted,distinct_phases_or_components_common_address,corroborates_all_listed_members_and_address,distinct_phases_or_components_common_address
SAQ_0962,PA|898 N 42ND ST|PHILADELPHIA,WESTMINSTER AFFORDABLE HOUSING | WESTMINSTER AFFORDABLE HS,shared_address_only,new_two_read_review,2026-08-11,2026-08-11,2026-08-11,public_directory_sitemap,https://section8search.org/sitemap.xml | https://affordablehousinghub.org/sitemap.xml,not_approved,FALSE,2,2,2,retain_each,retain_each,2,Section8Search: WESTMINSTER AFFORDABLE HOUSING | Section8Search: WESTMINSTER AFFORDABLE HS,public_housing_directory,https://section8search.org/pennsylvania/philadelphia/westminster-affordable-housing/x3uprnww89cwr6qu8x2uhdwe | https://section8search.org/pennsylvania/philadelphia/westminster-affordable-hs/seb3jx2q0ysl08lobib6cqfe,exact_standardized_site,shared_address_without_sufficient_identity_evidence,corroborates_all_listed_members_and_address,shared_address_without_sufficient_identity_evidence
SAQ_0963,PA|110 MCINTYRE RD|PITTSBURGH,NORTH HILLS HIGHLANDS | NORTH HILLS HIGHLANDS II,shared_address_only,new_two_read_review,2026-08-11,2026-08-11,2026-08-11,public_directory_sitemap,https://section8search.org/sitemap.xml | https://affordablehousinghub.org/sitemap.xml,not_approved,FALSE,2,2,2,retain_each,retain_each,2,Section8Search: NORTH HILLS HIGHLANDS | Section8Search: NORTH HILLS HIGHLANDS II,public_housing_directory,https://section8search.org/pennsylvania/pittsburgh/north-hills-highlands-ii/tgppxgn51yex5qwl9lcatzww | https://section8search.org/pennsylvania/pittsburgh/north-hills-highlands/t9ubiekoxixwt9cmmxn7x71l,exact_standardized_site,shared_address_without_sufficient_identity_evidence,corroborates_all_listed_members_and_address,shared_address_without_sufficient_identity_evidence
SAQ_0964,PA|2850 E CARSON ST|PITTSBURGH,CARSON RETIREMENT RESIDENCE | SARAH STREET TOWNHOUSES,shared_address_only,new_two_read_review,2026-08-11,2026-08-11,2026-08-11,public_directory_sitemap,https://section8search.org/sitemap.xml | https://affordablehousinghub.org/sitemap.xml,not_approved,FALSE,2,2,2,retain_each,retain_each,2,Affordable Housing Hub: CARSON RETIREMENT RESIDENCE | Affordable Housing Hub: SARAH STREET TOWNHOUSES,public_housing_directory,https://affordablehousinghub.org/housing/pennsylvania/allegheny-county/pittsburgh/carson-retirement-residence-37635-lihtc | https://affordablehousinghub.org/housing/pennsylvania/allegheny-county/pittsburgh/sarah-street-townhouses-37389-lihtc,address_not_extracted,shared_address_without_sufficient_identity_evidence,corroborates_all_listed_members_and_address,shared_address_without_sufficient_identity_evidence
SAQ_0965,PA|3505 MEXICO ST|PITTSBURGH,SHEPTYTSKY ARMS APARTMENTS | ST GEORGES CLOSE,shared_address_only,new_two_read_review,2026-08-11,2026-08-11,2026-08-11,public_directory_sitemap,https://section8search.org/sitemap.xml | https://affordablehousinghub.org/sitemap.xml,not_approved,FALSE,2,2,2,retain_each,retain_each,1,Section8Search: ST GEORGES CLOSE,public_housing_directory,https://section8search.org/pennsylvania/pittsburgh/st-georges-close/h09qughnid3kjgdfkyja39hd,exact_standardized_site,shared_address_without_sufficient_identity_evidence,corroborates_part_of_listed_members_and_address,shared_address_without_sufficient_identity_evidence
SAQ_0966,PA|415 BURROWS ST|PITTSBURGH,OAK HILL IC | OAK HILL ID,phase_or_component_evidence,new_two_read_review,2026-08-11,2026-08-11,2026-08-11,public_directory_sitemap,https://section8search.org/sitemap.xml | https://affordablehousinghub.org/sitemap.xml,not_approved,FALSE,2,2,2,retain_each,retain_each,2,Section8Search: OAK HILL IC | Section8Search: OAK HILL ID,public_housing_directory,https://section8search.org/pennsylvania/pittsburgh/oak-hill-ic/hetb8ppmop1n4unlxcl0m0ay | https://section8search.org/pennsylvania/pittsburgh/oak-hill-id/k80wem6iqe6ui122akucamdb,exact_standardized_site,distinct_phases_or_components_common_address,corroborates_all_listed_members_and_address,distinct_phases_or_components_common_address
SAQ_0967,PA|418 TUSCARORA ST|PORT ROYAL,TUSCARORA ACRES | TUSCARORA ACRES II,shared_address_only,new_two_read_review,2026-08-11,2026-08-11,2026-08-11,public_directory_sitemap,https://section8search.org/sitemap.xml | https://affordablehousinghub.org/sitemap.xml,not_approved,FALSE,2,2,2,retain_each,retain_each,2,Section8Search: TUSCARORA ACRES | Section8Search: TUSCARORA ACRES II,public_housing_directory,https://section8search.org/pennsylvania/port-royal/tuscarora-acres-ii/d0faknv6yojc68hzdp7ttvqt | https://section8search.org/pennsylvania/port-royal/tuscarora-acres/ezw15mf0lkeo82s0kx6g8er9,exact_standardized_site,shared_address_without_sufficient_identity_evidence,corroborates_all_listed_members_and_address,shared_address_without_sufficient_identity_evidence
SAQ_0968,PA|225 N CENTRE ST|POTTSVILLE,CENTRE STREET APTS | OLDE TWNEMANOR,shared_address_only,new_two_read_review,2026-08-11,2026-08-11,2026-08-11,public_directory_sitemap,https://section8search.org/sitemap.xml | https://affordablehousinghub.org/sitemap.xml,not_approved,FALSE,2,2,2,retain_each,retain_each,2,Section8Search: CENTRE STREET APTS | Section8Search: OLDE TWNEMANOR,public_housing_directory,https://section8search.org/pennsylvania/pottsville/centre-street-apts/t69ytmomnioqukx98e54cakq | https://section8search.org/pennsylvania/pottsville/olde-twnemanor/zi67xn0tahancemw87qrehi8,exact_standardized_site,shared_address_without_sufficient_identity_evidence,corroborates_all_listed_members_and_address,shared_address_without_sufficient_identity_evidence
SAQ_0969,PA|4225 MANOR DR|STROUDSBURG,HAMILTON MANOR APARTMENTS | HAMILTON MANOR APTS,shared_address_only,new_two_read_review,2026-08-11,2026-08-11,2026-08-11,public_directory_sitemap,https://section8search.org/sitemap.xml | https://affordablehousinghub.org/sitemap.xml,not_approved,FALSE,2,1,1,merge_all,merge_all,2,Section8Search: HAMILTON MANOR APARTMENTS | Section8Search: HAMILTON MANOR APTS,public_housing_directory,https://section8search.org/pennsylvania/stroudsburg/hamilton-manor-apartments/rjp5ypioniprvdrky4gobwcz | https://section8search.org/pennsylvania/stroudsburg/hamilton-manor-apts/d67n1v5ge4nvlbnbs9wsv34q,city_state_only | exact_standardized_site,later_financing_or_renamed_same_physical_development,corroborates_all_listed_members_and_address,later_financing_or_renamed_same_physical_development
SAQ_0970,PA|347 HIGHLAND AVE|TURTLE CREEK,HIGHLAND AVE APTS | HIGHLAND AVENUE,shared_address_only,new_two_read_review,2026-08-11,2026-08-11,2026-08-11,public_directory_sitemap,https://section8search.org/sitemap.xml | https://affordablehousinghub.org/sitemap.xml,not_approved,FALSE,2,2,2,retain_each,retain_each,2,Affordable Housing Hub: HIGHLAND AVENUE | Section8Search: HIGHLAND AVE APTS,public_housing_directory,https://affordablehousinghub.org/housing/pennsylvania/allegheny-county/turtle-creek/highland-avenue-36933-lihtc | https://section8search.org/pennsylvania/turtle-creek/highland-ave-apts/j5cari0qyp77b2ukcpl3nzvj,address_not_extracted | exact_standardized_site,shared_address_without_sufficient_identity_evidence,corroborates_all_listed_members_and_address,shared_address_without_sufficient_identity_evidence
SAQ_0971,PA|25 LIBERTY TER|WATSONTOWN,LIBERTY TERRACE | LIBERTY TERRACES B | LIBERTY TERRACES C,phase_or_component_evidence,new_two_read_review,2026-08-11,2026-08-11,2026-08-11,public_directory_sitemap,https://section8search.org/sitemap.xml | https://affordablehousinghub.org/sitemap.xml,not_approved,FALSE,3,3,3,retain_each,retain_each,3,Section8Search: LIBERTY TERRACE | Section8Search: LIBERTY TERRACES B | Section8Search: LIBERTY TERRACES C,public_housing_directory,https://section8search.org/pennsylvania/watsontown/liberty-terrace/kh3hrvbof6rrdqcrpnksi135 | https://section8search.org/pennsylvania/watsontown/liberty-terraces-b/d2oqsogsfxfll0jl5e9vmu49 | https://section8search.org/pennsylvania/watsontown/liberty-terraces-c/sxpmzahjojuatkzneewbi95r,exact_standardized_site,distinct_phases_or_components_common_address,corroborates_all_listed_members_and_address,distinct_phases_or_components_common_address
SAQ_0972,RI|5 CATHEDRAL SQ|PROVIDENCE,CATHEDRAL SQUARE I | CATHEDRAL SQUARE II,phase_or_component_evidence,new_two_read_review,2026-08-11,2026-08-11,2026-08-11,public_directory_sitemap,https://section8search.org/sitemap.xml | https://affordablehousinghub.org/sitemap.xml,not_approved,FALSE,2,2,2,retain_each,retain_each,2,Section8Search: CATHEDRAL SQUARE I | Section8Search: CATHEDRAL SQUARE II,public_housing_directory,https://section8search.org/rhode-island/providence/cathedral-square-i/ig9ojhtk3nybgn00n32u5r17 | https://section8search.org/rhode-island/providence/cathedral-square-ii/cskxtyw6x6gpncbzyfluzrb9,exact_standardized_site,distinct_phases_or_components_common_address,corroborates_all_listed_members_and_address,distinct_phases_or_components_common_address
SAQ_0973,SC|101 FYFFE DR|ANDERSON,KINGSTON POINTE I | KINGSTON POINTE II,phase_or_component_evidence,new_two_read_review,2026-08-11,2026-08-11,2026-08-11,public_directory_sitemap,https://section8search.org/sitemap.xml | https://affordablehousinghub.org/sitemap.xml,not_approved,FALSE,2,2,2,retain_each,retain_each,2,Section8Search: KINGSTON POINTE I | Section8Search: KINGSTON POINTE II,public_housing_directory,https://section8search.org/south-carolina/anderson/kingston-pointe-i/ce5flz1537hji725uhaukko3 | https://section8search.org/south-carolina/anderson/kingston-pointe-ii/fp6krrx262bwq37xjdb74snr,exact_standardized_site,distinct_phases_or_components_common_address,corroborates_all_listed_members_and_address,distinct_phases_or_components_common_address
SAQ_0974,SC|1305 TALBIRD RD|BEAUFORT,WILDERNESS COVE APTS | WILDERNESS TOO APTS,shared_address_only,new_two_read_review,2026-08-11,2026-08-11,2026-08-11,public_directory_sitemap,https://section8search.org/sitemap.xml | https://affordablehousinghub.org/sitemap.xml,not_approved,FALSE,2,2,2,retain_each,retain_each,2,Section8Search: WILDERNESS COVE APTS | Section8Search: WILDERNESS TOO APTS,public_housing_directory,https://section8search.org/south-carolina/beaufort/wilderness-cove-apts/ein9qnvi0ljrj0knvga4dpyi | https://section8search.org/south-carolina/beaufort/wilderness-too-apts/efdf92ev5rekl3htsd01q5hy,exact_standardized_site,shared_address_without_sufficient_identity_evidence,corroborates_all_listed_members_and_address,shared_address_without_sufficient_identity_evidence
SAQ_0975,SC|20 COLONY GARDENS RD|BEAUFORT,WATERFORD COVE I | WATERFORD COVE II,phase_or_component_evidence,new_two_read_review,2026-08-11,2026-08-11,2026-08-11,public_directory_sitemap,https://section8search.org/sitemap.xml | https://affordablehousinghub.org/sitemap.xml,not_approved,FALSE,2,2,2,retain_each,retain_each,2,Section8Search: WATERFORD COVE I | Section8Search: WATERFORD COVE II,public_housing_directory,https://section8search.org/south-carolina/beaufort/waterford-cove-i/hrrxbrr4xsdendyjnjp0hbs3 | https://section8search.org/south-carolina/beaufort/waterford-cove-ii/f1zgnvqzcw4bztetfpkszrtr,exact_standardized_site,distinct_phases_or_components_common_address,corroborates_all_listed_members_and_address,distinct_phases_or_components_common_address
SAQ_0976,SC|813 CHERAW ST|BENNETTSVILLE,MARLBORO PLACE APTS I | MARLBORO PLACE APTS II,phase_or_component_evidence,new_two_read_review,2026-08-11,2026-08-11,2026-08-11,public_directory_sitemap,https://section8search.org/sitemap.xml | https://affordablehousinghub.org/sitemap.xml,not_approved,FALSE,2,2,2,retain_each,retain_each,2,Section8Search: MARLBORO PLACE APTS I | Section8Search: MARLBORO PLACE APTS II,public_housing_directory,https://section8search.org/south-carolina/bennettsville/marlboro-place-apts-i/opq495629hc5ymihwxaoac6x | https://section8search.org/south-carolina/bennettsville/marlboro-place-apts-ii/tqepujqetsu6bsr784zwaeyg,exact_standardized_site,distinct_phases_or_components_common_address,corroborates_all_listed_members_and_address,distinct_phases_or_components_common_address
SAQ_0977,SC|20 SIMMONSVILLE RD|BLUFFTON,BLUFFTON HOUSE | BLUFFTON HOUSE GARDEN APTS PHASE III | BLUFFTON HOUSE PHASE II,shared_address_only,new_two_read_review,2026-08-11,2026-08-11,2026-08-11,public_directory_sitemap,https://section8search.org/sitemap.xml | https://affordablehousinghub.org/sitemap.xml,not_approved,FALSE,3,3,3,retain_each,retain_each,3,Section8Search: BLUFFTON HOUSE | Section8Search: BLUFFTON HOUSE GARDEN APTS PHASE III | Section8Search: BLUFFTON HOUSE PHASE II,public_housing_directory,https://section8search.org/south-carolina/bluffton/bluffton-house-garden-apts-phase-iii/t025gtz8htv2n4hf21t4dhrk | https://section8search.org/south-carolina/bluffton/bluffton-house-phase-ii/lcagsy4chhkqf537ppre0re0 | https://section8search.org/south-carolina/bluffton/bluffton-house/g2ne2nfekxsixm026t4garbj,exact_standardized_site,shared_address_without_sufficient_identity_evidence,corroborates_all_listed_members_and_address,shared_address_without_sufficient_identity_evidence
SAQ_0978,SC|57 SIMMONSVILLE RD|BLUFFTON,SIMMONS CAY APTS | SIMMONS TOWNHOMES,shared_address_only,new_two_read_review,2026-08-11,2026-08-11,2026-08-11,public_directory_sitemap,https://section8search.org/sitemap.xml | https://affordablehousinghub.org/sitemap.xml,not_approved,FALSE,2,2,2,retain_each,retain_each,2,Section8Search: SIMMONS CAY APTS | Section8Search: SIMMONS TOWNHOMES,public_housing_directory,https://section8search.org/south-carolina/bluffton/simmons-cay-apts/rveq9pnvkoe6od3ztjiu0g6c | https://section8search.org/south-carolina/bluffton/simmons-townhomes/sjam8vnomz4sqbkt16p2s6ma,exact_standardized_site,shared_address_without_sufficient_identity_evidence,corroborates_all_listed_members_and_address,shared_address_without_sufficient_identity_evidence
SAQ_0979,SC|628 LANCASTER HWY|CHESTER,CHESTER TOWNHOUSES PHASE I | CHESTER TOWNHOUSES PHASE II,phase_or_component_evidence,new_two_read_review,2026-08-11,2026-08-11,2026-08-11,public_directory_sitemap,https://section8search.org/sitemap.xml | https://affordablehousinghub.org/sitemap.xml,not_approved,FALSE,2,2,2,retain_each,retain_each,2,Section8Search: CHESTER TOWNHOUSES PHASE I | Section8Search: CHESTER TOWNHOUSES PHASE II,public_housing_directory,https://section8search.org/south-carolina/chester/chester-townhouses-phase-i/kfcrnz2qorceb1vewai4ioup | https://section8search.org/south-carolina/chester/chester-townhouses-phase-ii/sej2ljguuwtfnhgxcsh0o70l,exact_standardized_site,distinct_phases_or_components_common_address,corroborates_all_listed_members_and_address,distinct_phases_or_components_common_address
SAQ_0980,SC|1716 OGDEN ST|COLUMBIA,MCCALISTER DEVELOPMENT | OGDEN STREET ASSOC,name_or_timing_evidence,new_two_read_review,2026-08-11,2026-08-11,2026-08-11,public_directory_sitemap,https://section8search.org/sitemap.xml | https://affordablehousinghub.org/sitemap.xml,not_approved,FALSE,2,1,1,merge_all,merge_all,2,Section8Search: MCCALISTER DEVELOPMENT | Section8Search: OGDEN STREET ASSOC,public_housing_directory,https://section8search.org/south-carolina/columbia/mccalister-development/fxw9o08ldd6mc1t5ownxuvyn | https://section8search.org/south-carolina/columbia/ogden-street-assoc/sn8xaa7570q702yfb7ij3a8s,exact_standardized_site,name_or_reporting_variant_same_physical_development,corroborates_all_listed_members_and_address,name_or_reporting_variant_same_physical_development
SAQ_0981,SC|1800 ATLANTIC DR|COLUMBIA,BENTLEY COURT APTS I | BENTLEY COURT APTS II,phase_or_component_evidence,new_two_read_review,2026-08-11,2026-08-11,2026-08-11,public_directory_sitemap,https://section8search.org/sitemap.xml | https://affordablehousinghub.org/sitemap.xml,not_approved,FALSE,2,2,2,retain_each,retain_each,2,Section8Search: BENTLEY COURT APTS I | Section8Search: BENTLEY COURT APTS II,public_housing_directory,https://section8search.org/south-carolina/columbia/bentley-court-apts-i/ugkhxmehkbq7nvxqjsvl0x9p | https://section8search.org/south-carolina/columbia/bentley-court-apts-ii/fbsf9dy8pw8hpy4okgmn3xit,exact_standardized_site,distinct_phases_or_components_common_address,corroborates_all_listed_members_and_address,distinct_phases_or_components_common_address
SAQ_0982,SC|210 WAVERLY ST|COLUMBIA,WAVERLY DEVELOPMENT (2) | WAVERLY DEVELOPMENT (3),phase_or_component_evidence,new_two_read_review,2026-08-11,2026-08-11,2026-08-11,public_directory_sitemap,https://section8search.org/sitemap.xml | https://affordablehousinghub.org/sitemap.xml,not_approved,FALSE,2,2,2,retain_each,retain_each,2,Section8Search: WAVERLY DEVELOPMENT (2) | Section8Search: WAVERLY DEVELOPMENT (3),public_housing_directory,https://section8search.org/south-carolina/columbia/waverly-development-2/vhrakxdgegum8ne2twxt00dm | https://section8search.org/south-carolina/columbia/waverly-development-3/js38mfqpcvn94dlyy4y4pl2z,city_state_only,distinct_phases_or_components_common_address,corroborates_all_listed_members_and_address,distinct_phases_or_components_common_address
SAQ_0983,SC|5779 AMES RD|COLUMBIA,AMES 10 MANOR | AMES 11 ASSOC | AMES 12 MANOR | AMES 5 ASSOC | AMES 6 ASSOC | AMES 7 ASSOC | AMES 8 ASSOC | AMES 9 ASSOC | AMES MANOR 1 | AMES MANOR 13 | AMES MANOR 14 | AMES MANOR 15 | AMES MANOR 16 | AMES MANOR 2 | AMES MANOR 3 | AMES MANOR 4,phase_or_component_evidence,new_two_read_review,2026-08-11,2026-08-11,2026-08-11,public_directory_sitemap,https://section8search.org/sitemap.xml | https://affordablehousinghub.org/sitemap.xml,not_approved,FALSE,16,16,16,retain_each,retain_each,16,Section8Search: AMES 10 MANOR | Section8Search: AMES 11 ASSOC | Section8Search: AMES 12 MANOR | Section8Search: AMES 5 ASSOC | Section8Search: AMES 6 ASSOC | Section8Search: AMES 7 ASSOC | Section8Search: AMES 8 ASSOC | Section8Search: AMES 9 ASSOC | Section8Search: AMES MANOR 1 | Section8Search: AMES MANOR 13 | Section8Search: AMES MANOR 14 | Section8Search: AMES MANOR 15 | Section8Search: AMES MANOR 16 | Section8Search: AMES MANOR 2 | Section8Search: AMES MANOR 3 | Section8Search: AMES MANOR 4,public_housing_directory,https://section8search.org/south-carolina/columbia/ames-10-manor/p8rzzi34pz0vs367j1ehix04 | https://section8search.org/south-carolina/columbia/ames-11-assoc/yftnu98xcv5cixyfc28tbxzt | https://section8search.org/south-carolina/columbia/ames-12-manor/z14llp84ckq1sg6hij1hwz58 | https://section8search.org/south-carolina/columbia/ames-5-assoc/hdn2l5h8k33uzcknmletdefw | https://section8search.org/south-carolina/columbia/ames-6-assoc/m7w5h8nedpsgy0gmtgty7d6x | https://section8search.org/south-carolina/columbia/ames-7-assoc/r9lxswv9skiin4subhteql0j | https://section8search.org/south-carolina/columbia/ames-8-assoc/tn5u89ras1jebwe1al31575z | https://section8search.org/south-carolina/columbia/ames-9-assoc/jyi2lurgv7yrjy8j0k9n1swz | https://section8search.org/south-carolina/columbia/ames-manor-1/bsn77bng0zggbzwyw1si1qwa | https://section8search.org/south-carolina/columbia/ames-manor-13/uuvrxbfi262gby76r22hzbil | https://section8search.org/south-carolina/columbia/ames-manor-14/mztti5dbgdv8waphs9qgqxq1 | https://section8search.org/south-carolina/columbia/ames-manor-15/qvty7gxpspwanjdf6j9nooys | https://section8search.org/south-carolina/columbia/ames-manor-16/a1i3tzmovdve2qokroa9fj41 | https://section8search.org/south-carolina/columbia/ames-manor-2/s1oga6aedcyzgxarcc26a5nx | https://section8search.org/south-carolina/columbia/ames-manor-3/y20xcttwv1t5o3o85igiinau | https://section8search.org/south-carolina/columbia/ames-manor-4/jzwmr64mq5nz9z9aqvt7el2a,exact_standardized_site,distinct_phases_or_components_common_address,corroborates_all_listed_members_and_address,distinct_phases_or_components_common_address
SAQ_0984,SC|305 SEVEN FARMS DR|DANIEL ISLAND,SEVEN FARMS APTS | SEVEN FARMS VILLAGE,shared_address_only,new_two_read_review,2026-08-11,2026-08-11,2026-08-11,public_directory_sitemap,https://section8search.org/sitemap.xml | https://affordablehousinghub.org/sitemap.xml,not_approved,FALSE,2,2,2,retain_each,retain_each,2,Section8Search: SEVEN FARMS APTS | Section8Search: SEVEN FARMS VILLAGE,public_housing_directory,https://section8search.org/south-carolina/daniel-island/seven-farms-apts/kli2ne0ifc9b512vbpxlva5y | https://section8search.org/south-carolina/daniel-island/seven-farms-village/uavdouk119h8y1lr5wo9szf6,exact_standardized_site,shared_address_without_sufficient_identity_evidence,corroborates_all_listed_members_and_address,shared_address_without_sufficient_identity_evidence
SAQ_0985,SC|201 CULPEPPER LANDING DR|DUNCAN,CULPEPPER LANDING APTS | CULPEPPER LANDING II APTS,shared_address_only,new_two_read_review,2026-08-11,2026-08-11,2026-08-11,public_directory_sitemap,https://section8search.org/sitemap.xml | https://affordablehousinghub.org/sitemap.xml,not_approved,FALSE,2,2,2,retain_each,retain_each,2,Section8Search: CULPEPPER LANDING APTS | Section8Search: CULPEPPER LANDING II APTS,public_housing_directory,https://section8search.org/south-carolina/duncan/culpepper-landing-apts/kvunewpbfcm9slcg6lxyd1cx | https://section8search.org/south-carolina/duncan/culpepper-landing-ii-apts/ywx3strg493tenj8pv4knfe2,exact_standardized_site,shared_address_without_sufficient_identity_evidence,corroborates_all_listed_members_and_address,shared_address_without_sufficient_identity_evidence
SAQ_0986,SC|100 SHEMWOOD LN|GREENVILLE,SHEMWOOD CROSSING | WATERS AT AUGUSTA,shared_address_only,new_two_read_review,2026-08-11,2026-08-11,2026-08-11,public_directory_sitemap,https://section8search.org/sitemap.xml | https://affordablehousinghub.org/sitemap.xml,not_approved,FALSE,2,2,2,retain_each,retain_each,1,Section8Search: SHEMWOOD CROSSING,public_housing_directory,https://section8search.org/south-carolina/greenville/shemwood-crossing/zjcoofptetmr6z8ugfpzkuo9,exact_standardized_site,shared_address_without_sufficient_identity_evidence,corroborates_part_of_listed_members_and_address,shared_address_without_sufficient_identity_evidence
SAQ_0987,SC|740 WOODRUFF RD|GREENVILLE,PARKLYN | PARKSIDE AT VERDAE,shared_address_only,new_two_read_review,2026-08-11,2026-08-11,2026-08-11,public_directory_sitemap,https://section8search.org/sitemap.xml | https://affordablehousinghub.org/sitemap.xml,not_approved,FALSE,2,2,2,retain_each,retain_each,1,Section8Search: PARKSIDE AT VERDAE,public_housing_directory,https://section8search.org/south-carolina/greenville/parkside-at-verdae/pjl6l8njhsr24urr51ryzilv,exact_standardized_site,shared_address_without_sufficient_identity_evidence,corroborates_part_of_listed_members_and_address,shared_address_without_sufficient_identity_evidence
SAQ_0988,SC|300 PALMETTO PARK BLVD|LEXINGTON,CHIMNEY RIDGE APTS | CHIMNEY RIDGE APTS PHASE II,shared_address_only,new_two_read_review,2026-08-11,2026-08-11,2026-08-11,public_directory_sitemap,https://section8search.org/sitemap.xml | https://affordablehousinghub.org/sitemap.xml,not_approved,FALSE,2,2,2,retain_each,retain_each,2,Section8Search: CHIMNEY RIDGE APTS | Section8Search: CHIMNEY RIDGE APTS PHASE II,public_housing_directory,https://section8search.org/south-carolina/lexington/chimney-ridge-apts-phase-ii/k4sxiqc6ide66u2dhm084rri | https://section8search.org/south-carolina/lexington/chimney-ridge-apts/szpq0gcmzpri81vel1c0fm27,exact_standardized_site,shared_address_without_sufficient_identity_evidence,corroborates_all_listed_members_and_address,shared_address_without_sufficient_identity_evidence
SAQ_0989,SC|1124 OLD ANDERSON MILL RD|MOORE,COUNTRY GARDEN ESTATES 2 | COUNTRY GARDEN ESTATES I,phase_or_component_evidence,new_two_read_review,2026-08-11,2026-08-11,2026-08-11,public_directory_sitemap,https://section8search.org/sitemap.xml | https://affordablehousinghub.org/sitemap.xml,not_approved,FALSE,2,2,2,retain_each,retain_each,2,Section8Search: COUNTRY GARDEN ESTATES 2 | Section8Search: COUNTRY GARDEN ESTATES I,public_housing_directory,https://section8search.org/south-carolina/moore/country-garden-estates-2/l4elwcxkstk6xka1n0mv7fzs | https://section8search.org/south-carolina/moore/country-garden-estates-i/r9r2gs02vhbzau150vv84kr9,exact_standardized_site,distinct_phases_or_components_common_address,corroborates_all_listed_members_and_address,distinct_phases_or_components_common_address
SAQ_0990,SC|1935 DRAYTON ST|NEWBERRY,INDIAN HILLS | INDIAN HILLS APTS,shared_address_only,new_two_read_review,2026-08-11,2026-08-11,2026-08-11,public_directory_sitemap,https://section8search.org/sitemap.xml | https://affordablehousinghub.org/sitemap.xml,not_approved,FALSE,2,1,1,merge_all,merge_all,2,Section8Search: INDIAN HILLS | Section8Search: INDIAN HILLS APTS,public_housing_directory,https://section8search.org/south-carolina/newberry/indian-hills-apts/jyhbogcxejvbwtenpz12e434 | https://section8search.org/south-carolina/newberry/indian-hills/hvyf1qedbzpuaz8hrjxeixcv,city_state_only | exact_standardized_site,later_financing_or_renamed_same_physical_development,corroborates_all_listed_members_and_address,later_financing_or_renamed_same_physical_development
SAQ_0991,SC|1300 CENTRAL AVE|SUMMERVILLE,"CANEBREAK APARTMENTS | CANEBREAK, A LP",shared_address_only,new_two_read_review,2026-08-11,2026-08-11,2026-08-11,public_directory_sitemap,https://section8search.org/sitemap.xml | https://affordablehousinghub.org/sitemap.xml,not_approved,FALSE,2,1,1,merge_all,merge_all,2,"Section8Search: CANEBREAK APARTMENTS | Section8Search: CANEBREAK, A LP",public_housing_directory,https://section8search.org/south-carolina/summerville/canebreak-a-lp/jsrenzaqlt2n4fhjh3xb1pep | https://section8search.org/south-carolina/summerville/canebreak-apartments/c8ebrkzw2u9n6dq8qtz2g1i7,city_state_only | exact_standardized_site,later_financing_or_renamed_same_physical_development,corroborates_all_listed_members_and_address,later_financing_or_renamed_same_physical_development
SAQ_0992,SD|1415 S HIGH ST|ABERDEEN,JORDAN PARK TOWNHOMES | MEL ROS VILLAGE,shared_address_only,new_two_read_review,2026-08-11,2026-08-11,2026-08-11,public_directory_sitemap,https://section8search.org/sitemap.xml | https://affordablehousinghub.org/sitemap.xml,not_approved,FALSE,2,2,2,retain_each,retain_each,2,Affordable Housing Hub: MEL ROS VILLAGE | Section8Search: JORDAN PARK TOWNHOMES,public_housing_directory,https://affordablehousinghub.org/housing/south-dakota/brown-county/aberdeen/mel-ros-village-39551-lihtc | https://section8search.org/south-dakota/aberdeen/jordan-park-townhomes/ely6nfu3ax8l1uw6l7visv94,address_not_extracted | exact_standardized_site,shared_address_without_sufficient_identity_evidence,corroborates_all_listed_members_and_address,shared_address_without_sufficient_identity_evidence
SAQ_0993,SD|330 W PROSPECT AVE|PIERRE,LINCOLN APTS | LINCOLN II,phase_or_component_evidence,new_two_read_review,2026-08-11,2026-08-11,2026-08-11,public_directory_sitemap,https://section8search.org/sitemap.xml | https://affordablehousinghub.org/sitemap.xml,not_approved,FALSE,2,2,2,retain_each,retain_each,2,Section8Search: LINCOLN APTS | Section8Search: LINCOLN II,public_housing_directory,https://section8search.org/south-dakota/pierre/lincoln-apts/ocigkreb6thtrmaowlinxa45 | https://section8search.org/south-dakota/pierre/lincoln-ii/lgpnbpcchqe9gcpwpbtmd0h1,exact_standardized_site,distinct_phases_or_components_common_address,corroborates_all_listed_members_and_address,distinct_phases_or_components_common_address
SAQ_0994,SD|6200 W 43RD ST|SIOUX FALLS,COUNTRY MEADOWS I | COUNTRY MEADOWS II | COUNTRY MEADOWS III | COUNTRY VILLAGE,phase_or_component_evidence,new_two_read_review,2026-08-11,2026-08-11,2026-08-11,public_directory_sitemap,https://section8search.org/sitemap.xml | https://affordablehousinghub.org/sitemap.xml,not_approved,FALSE,4,4,4,retain_each,retain_each,4,Affordable Housing Hub: COUNTRY MEADOWS II | Affordable Housing Hub: COUNTRY MEADOWS III | Affordable Housing Hub: COUNTRY VILLAGE | Section8Search: COUNTRY MEADOWS I,public_housing_directory,https://affordablehousinghub.org/housing/south-dakota/minnehaha-county/sioux-falls/country-meadows-ii-39231-lihtc | https://affordablehousinghub.org/housing/south-dakota/minnehaha-county/sioux-falls/country-meadows-iii-39232-lihtc | https://affordablehousinghub.org/housing/south-dakota/minnehaha-county/sioux-falls/country-village-39201-lihtc | https://section8search.org/south-dakota/sioux-falls/country-meadows-i/vbnln2z6t3tzus4tc7m8a6mz,address_not_extracted | exact_standardized_site,distinct_phases_or_components_common_address,corroborates_all_listed_members_and_address,distinct_phases_or_components_common_address
SAQ_0995,SD|2340 E AVE|STURGIS,HERITAGE ACRES APTS III | HERITAGE ACRES APTS IV,phase_or_component_evidence,new_two_read_review,2026-08-11,2026-08-11,2026-08-11,public_directory_sitemap,https://section8search.org/sitemap.xml | https://affordablehousinghub.org/sitemap.xml,not_approved,FALSE,2,2,2,retain_each,retain_each,2,Section8Search: HERITAGE ACRES APTS III | Section8Search: HERITAGE ACRES APTS IV,public_housing_directory,https://section8search.org/south-dakota/sturgis/heritage-acres-apts-iii/vzhdftz3nh1fmpc92313rnaf | https://section8search.org/south-dakota/sturgis/heritage-acres-apts-iv/swwimbad1pz75yy88c26h2jm,exact_standardized_site,distinct_phases_or_components_common_address,corroborates_all_listed_members_and_address,distinct_phases_or_components_common_address
SAQ_0996,SD|505 W MAIN ST|VERMILLION,"TOWN SQUARE APTS, PHASE I | TOWNE SQUARE APTS",shared_address_only,new_two_read_review,2026-08-11,2026-08-11,2026-08-11,public_directory_sitemap,https://section8search.org/sitemap.xml | https://affordablehousinghub.org/sitemap.xml,not_approved,FALSE,2,2,2,retain_each,retain_each,2,"Section8Search: TOWN SQUARE APTS, PHASE I | Section8Search: TOWNE SQUARE APTS",public_housing_directory,https://section8search.org/south-dakota/vermillion/town-square-apts-phase-i/ofagoc3aun2r2tk4w7fge2ye | https://section8search.org/south-dakota/vermillion/towne-square-apts/jvrth8qamvwj4uggqwjvrzyi,exact_standardized_site,shared_address_without_sufficient_identity_evidence,corroborates_all_listed_members_and_address,shared_address_without_sufficient_identity_evidence
SAQ_0997,SD|1800 WESTMINSTER AVE|WATERTOWN,CORNELL APTS I | CORNELL APTS II,phase_or_component_evidence,new_two_read_review,2026-08-11,2026-08-11,2026-08-11,public_directory_sitemap,https://section8search.org/sitemap.xml | https://affordablehousinghub.org/sitemap.xml,not_approved,FALSE,2,2,2,retain_each,retain_each,2,Affordable Housing Hub: CORNELL APTS I | Affordable Housing Hub: CORNELL APTS II,public_housing_directory,https://affordablehousinghub.org/housing/south-dakota/codington-county/watertown/cornell-apts-i-39230-lihtc | https://affordablehousinghub.org/housing/south-dakota/codington-county/watertown/cornell-apts-ii-39321-lihtc,address_not_extracted,distinct_phases_or_components_common_address,corroborates_all_listed_members_and_address,distinct_phases_or_components_common_address
SAQ_0998,TN|3750 HUGHES AVE|CHATTANOOGA,VILLAGES AT ALTON PARK PHASE II | VILLAGES AT ALTON PARK PHASE III,phase_or_component_evidence,new_two_read_review,2026-08-11,2026-08-11,2026-08-11,public_directory_sitemap,https://section8search.org/sitemap.xml | https://affordablehousinghub.org/sitemap.xml,not_approved,FALSE,2,2,2,retain_each,retain_each,2,Section8Search: VILLAGES AT ALTON PARK PHASE II | Section8Search: VILLAGES AT ALTON PARK PHASE III,public_housing_directory,https://section8search.org/tennessee/chattanooga/villages-at-alton-park-phase-ii/esvuhh9ydyo3vitahu0ovcnr | https://section8search.org/tennessee/chattanooga/villages-at-alton-park-phase-iii/av1twevxt36x920gzteefi9u,exact_standardized_site,distinct_phases_or_components_common_address,corroborates_all_listed_members_and_address,distinct_phases_or_components_common_address
SAQ_0999,TN|1316 TULIP GROVE RD|HERMITAGE,AUTUMN WOOD TERRACE APTS | HERMITAGE MANOR APTS,name_or_timing_evidence,new_two_read_review,2026-08-11,2026-08-11,2026-08-11,public_directory_sitemap,https://section8search.org/sitemap.xml | https://affordablehousinghub.org/sitemap.xml,not_approved,FALSE,2,1,1,merge_all,merge_all,2,Section8Search: AUTUMN WOOD TERRACE APTS | Section8Search: HERMITAGE MANOR APTS,public_housing_directory,https://section8search.org/tennessee/hermitage/autumn-wood-terrace-apts/lte5difjvjva13q1gz56rx71 | https://section8search.org/tennessee/hermitage/hermitage-manor-apts/mqj6tdj12v55owkn248kidsm,exact_standardized_site,name_or_reporting_variant_same_physical_development,corroborates_all_listed_members_and_address,name_or_reporting_variant_same_physical_development
SAQ_1000,TN|250 MACE AVE|JAMESTOWN,JAMESTOWN VILLAGE | JAMESTOWN VILLAGE APTS,shared_address_only,new_two_read_review,2026-08-11,2026-08-11,2026-08-11,focused_web_search,https://s3.amazonaws.com/thda.org/Documents/Business-Partners/Multi-Family-Developers/Active-LIHC-for-Website.pdf,not_approved,FALSE,2,1,1,merge_all,merge_all,1,Tennessee Housing Development Agency active LIHC list,allocating_agency,https://s3.amazonaws.com/thda.org/Documents/Business-Partners/Multi-Family-Developers/Active-LIHC-for-Website.pdf,manual_source_confirms_listed_address,later_financing_or_renamed_same_physical_development,corroborates_part_of_listed_members_and_address,later_financing_or_renamed_same_physical_development
SAQ_1001,TN|555 EXPY DR|MANCHESTER,RIVENDELL APTS PHASE I | RIVENDELL APTS PHASE II,phase_or_component_evidence,new_two_read_review,2026-08-11,2026-08-11,2026-08-11,public_directory_sitemap,https://section8search.org/sitemap.xml | https://affordablehousinghub.org/sitemap.xml,not_approved,FALSE,2,2,2,retain_each,retain_each,2,Section8Search: RIVENDELL APTS PHASE I | Section8Search: RIVENDELL APTS PHASE II,public_housing_directory,https://section8search.org/tennessee/manchester/rivendell-apts-phase-i/yr5bxs10inyafddk9jpelyjp | https://section8search.org/tennessee/manchester/rivendell-apts-phase-ii/uxbc7erfie86nzk9405g4tv4,city_state_only,distinct_phases_or_components_common_address,corroborates_all_listed_members_and_address,distinct_phases_or_components_common_address
SAQ_1002,TN|1045 E EH CRUMP BLVD|MEMPHIS,UNIVERSITY PLACE II LP | UNIVERSITY PLACE III LP,phase_or_component_evidence,new_two_read_review,2026-08-11,2026-08-11,2026-08-11,public_directory_sitemap,https://section8search.org/sitemap.xml | https://affordablehousinghub.org/sitemap.xml,not_approved,FALSE,2,2,2,retain_each,retain_each,2,Section8Search: UNIVERSITY PLACE II LP | Section8Search: UNIVERSITY PLACE III LP,public_housing_directory,https://section8search.org/tennessee/memphis/university-place-ii-lp/gnoh97y9rl3s5d0gosygqolk | https://section8search.org/tennessee/memphis/university-place-iii-lp/bvl03b8c180gajfnjkvflprx,exact_standardized_site,distinct_phases_or_components_common_address,corroborates_all_listed_members_and_address,distinct_phases_or_components_common_address
SAQ_1003,TN|440 S LAUDERDALE ST|MEMPHIS,HERITAGE LANDING PHASE III | MEMPHIS TRIANGLE PHASE IV,shared_address_only,new_two_read_review,2026-08-11,2026-08-11,2026-08-11,public_directory_sitemap,https://section8search.org/sitemap.xml | https://affordablehousinghub.org/sitemap.xml,not_approved,FALSE,2,2,2,retain_each,retain_each,2,Affordable Housing Hub: HERITAGE LANDING PHASE III | Affordable Housing Hub: MEMPHIS TRIANGLE PHASE IV,public_housing_directory,https://affordablehousinghub.org/housing/tennessee/shelby-county/memphis/heritage-landing-phase-iii-40221-lihtc | https://affordablehousinghub.org/housing/tennessee/shelby-county/memphis/memphis-triangle-phase-iv-39275-lihtc,address_not_extracted,shared_address_without_sufficient_identity_evidence,corroborates_all_listed_members_and_address,shared_address_without_sufficient_identity_evidence
SAQ_1004,TN|5587 BERRYMAN DR|MEMPHIS,ASHLAND LAKES APTS PHASE I | ASHLAND LAKES APTS PHASE II,phase_or_component_evidence,new_two_read_review,2026-08-11,2026-08-11,2026-08-11,public_directory_sitemap,https://section8search.org/sitemap.xml | https://affordablehousinghub.org/sitemap.xml,not_approved,FALSE,2,2,2,retain_each,retain_each,2,Section8Search: ASHLAND LAKES APTS PHASE I | Section8Search: ASHLAND LAKES APTS PHASE II,public_housing_directory,https://section8search.org/tennessee/memphis/ashland-lakes-apts-phase-i/g88avbz3s5ep0mpbkfkubvg5 | https://section8search.org/tennessee/memphis/ashland-lakes-apts-phase-ii/mkqdftcttiou33e6slfhv5nm,exact_standardized_site,distinct_phases_or_components_common_address,corroborates_all_listed_members_and_address,distinct_phases_or_components_common_address
SAQ_1005,TN|310 DOTSON LN|MOUNTAIN CITY,MOUNTAIN CITY MANOR | MOUNTAIN CITY MANOR APTS,shared_address_only,new_two_read_review,2026-08-11,2026-08-11,2026-08-11,public_directory_sitemap,https://section8search.org/sitemap.xml | https://affordablehousinghub.org/sitemap.xml,not_approved,FALSE,2,1,1,merge_all,merge_all,2,Section8Search: MOUNTAIN CITY MANOR | Section8Search: MOUNTAIN CITY MANOR APTS,public_housing_directory,https://section8search.org/tennessee/mountain-city/mountain-city-manor-apts/oeff6dubgjf8tey7a0elyqkf | https://section8search.org/tennessee/mountain-city/mountain-city-manor/fgu1gvemde40u1dw4yrl3pr0,city_state_only | exact_standardized_site,later_financing_or_renamed_same_physical_development,corroborates_all_listed_members_and_address,later_financing_or_renamed_same_physical_development
SAQ_1006,TN|3474 DICKERSON PIKE|NASHVILLE,PRESERVE AT HIGHLAND RIDGE | PRESERVE AT HIGHLAND RIDGE - PHASE II,shared_address_only,new_two_read_review,2026-08-11,2026-08-11,2026-08-11,public_directory_sitemap,https://section8search.org/sitemap.xml | https://affordablehousinghub.org/sitemap.xml,not_approved,FALSE,2,2,2,retain_each,retain_each,2,Section8Search: PRESERVE AT HIGHLAND RIDGE | Section8Search: PRESERVE AT HIGHLAND RIDGE - PHASE II,public_housing_directory,https://section8search.org/tennessee/nashville/preserve-at-highland-ridge-phase-ii/k2idt3ahsyijxkkdewqaffb1 | https://section8search.org/tennessee/nashville/preserve-at-highland-ridge/gj4v92cu4xqab12tslxkg36j,exact_standardized_site,shared_address_without_sufficient_identity_evidence,corroborates_all_listed_members_and_address,shared_address_without_sufficient_identity_evidence
SAQ_1007,TN|427 TAMMY DR|POWELL,KENSINGTON ADDITION APTS II | KENSINGTON ASSOC APTS II,shared_address_only,new_two_read_review,2026-08-11,2026-08-11,2026-08-11,public_directory_sitemap,https://section8search.org/sitemap.xml | https://affordablehousinghub.org/sitemap.xml,not_approved,FALSE,2,2,2,retain_each,retain_each,2,Affordable Housing Hub: KENSINGTON ASSOC APTS II | Section8Search: KENSINGTON ADDITION APTS II,public_housing_directory,https://affordablehousinghub.org/housing/tennessee/knox-county/powell/kensington-assoc-apts-ii-40216-lihtc | https://section8search.org/tennessee/powell/kensington-addition-apts-ii/xon93ff0onmt7zj2xb7d3tb0,address_not_extracted | exact_standardized_site,shared_address_without_sufficient_identity_evidence,corroborates_all_listed_members_and_address,shared_address_without_sufficient_identity_evidence
SAQ_1008,TN|305 DILLARD ST|RIDGELY,CAMELOT MANOR APARTMENTS | CAMOLOT MANOR APTS,shared_address_only,new_two_read_review,2026-08-11,2026-08-11,2026-08-11,public_directory_sitemap,https://section8search.org/sitemap.xml | https://affordablehousinghub.org/sitemap.xml,not_approved,FALSE,2,2,2,retain_each,retain_each,2,Section8Search: CAMELOT MANOR APARTMENTS | Section8Search: CAMOLOT MANOR APTS,public_housing_directory,https://section8search.org/tennessee/ridgely/camelot-manor-apartments/kx58dbcalo4fn55yrxihfnw5 | https://section8search.org/tennessee/ridgely/camolot-manor-apts/p46nck196zppwolu67reziuj,city_state_only | exact_standardized_site,shared_address_without_sufficient_identity_evidence,corroborates_all_listed_members_and_address,shared_address_without_sufficient_identity_evidence
SAQ_1009,TX|3118 SW 15TH AVE|AMARILLO,ASTORIA PARK APTS | GREEN ACRES APTS,shared_address_only,new_two_read_review,2026-08-11,2026-08-11,2026-08-11,public_directory_sitemap,https://section8search.org/sitemap.xml | https://affordablehousinghub.org/sitemap.xml,not_approved,FALSE,2,2,2,retain_each,retain_each,2,Affordable Housing Hub: GREEN ACRES APTS | Section8Search: ASTORIA PARK APTS,public_housing_directory,https://affordablehousinghub.org/housing/texas/potter-county/amarillo/green-acres-apts-43389-lihtc | https://section8search.org/texas/amarillo/astoria-park-apts/hron10k4adq1vurkhxmsfebe,address_not_extracted | exact_standardized_site,shared_address_without_sufficient_identity_evidence,corroborates_all_listed_members_and_address,shared_address_without_sufficient_identity_evidence
SAQ_1010,TX|4710 SW 57TH AVE|AMARILLO,COTTONWOOD & WESTWAY APTS | DRIFTWOOD APTS,shared_address_only,new_two_read_review,2026-08-11,2026-08-11,2026-08-11,public_directory_sitemap,https://section8search.org/sitemap.xml | https://affordablehousinghub.org/sitemap.xml,not_approved,FALSE,2,2,2,retain_each,retain_each,2,Affordable Housing Hub: COTTONWOOD & WESTWAY APTS | Section8Search: DRIFTWOOD APTS,public_housing_directory,https://affordablehousinghub.org/housing/texas/randall-county/amarillo/cottonwood-westway-apts-49142-lihtc | https://section8search.org/texas/amarillo/driftwood-apts/mrh1z0ytnxq6d46178cf3m62,address_not_extracted | exact_standardized_site,shared_address_without_sufficient_identity_evidence,corroborates_all_listed_members_and_address,shared_address_without_sufficient_identity_evidence
SAQ_1011,TX|420 W PARK ROW DR|ARLINGTON,HUNT'S VIEW APTS | THE PADDOCK ON PARK ROW (FKA SPANISH PARK),shared_address_only,new_two_read_review,2026-08-11,2026-08-11,2026-08-11,focused_web_search,https://section8search.org/texas/arlington/the-paddock-on-park-row/nckt74y5xhdds5xm7dnvfqfo,not_approved,FALSE,2,2,1,retain_each,merge_all,2,The Paddock on Park Row,public_property_directory,https://section8search.org/texas/arlington/the-paddock-on-park-row/nckt74y5xhdds5xm7dnvfqfo,manual_source_confirms_listed_address,shared_address_without_sufficient_identity_evidence,supports_merge_all,outside_source_confirms_duplicate_or_later_episode
SAQ_1012,TX|160 GIBSON RD|ATHENS,FAIRVIEW SOUTH APTS | THE OAKS OF FAIRVIEW,shared_address_only,new_two_read_review,2026-08-11,2026-08-11,2026-08-11,public_directory_sitemap,https://section8search.org/sitemap.xml | https://affordablehousinghub.org/sitemap.xml,not_approved,FALSE,2,2,2,retain_each,retain_each,2,Section8Search: FAIRVIEW SOUTH APTS | Section8Search: THE OAKS OF FAIRVIEW,public_housing_directory,https://section8search.org/texas/athens/fairview-south-apts/apt4anab8n5hpsbjw3k0ndjw | https://section8search.org/texas/athens/the-oaks-of-fairview/oa3xlme0bsc1klvetu9cu7y2,exact_standardized_site,shared_address_without_sufficient_identity_evidence,corroborates_all_listed_members_and_address,shared_address_without_sufficient_identity_evidence
SAQ_1013,TX|1910 WILSON ST|BASTROP,BASTROP OAK GROVE | BASTROP VILLAGE OAKS APTS | BASTROP VILLAGE OAKS APTS II,phase_or_component_evidence,new_two_read_review,2026-08-11,2026-08-11,2026-08-11,public_directory_sitemap,https://section8search.org/sitemap.xml | https://affordablehousinghub.org/sitemap.xml,not_approved,FALSE,3,3,3,retain_each,retain_each,3,Section8Search: BASTROP OAK GROVE | Section8Search: BASTROP VILLAGE OAKS APTS | Section8Search: BASTROP VILLAGE OAKS APTS II,public_housing_directory,https://section8search.org/texas/bastrop/bastrop-oak-grove/dzd3l0umal9qi33tqvx2uin6 | https://section8search.org/texas/bastrop/bastrop-village-oaks-apts-ii/xqm15ie3c4pc8lg2ajnnbseg | https://section8search.org/texas/bastrop/bastrop-village-oaks-apts/djx9jl4trw86e8jbbgd6r2s6,city_state_only | exact_standardized_site,distinct_phases_or_components_common_address,corroborates_all_listed_members_and_address,distinct_phases_or_components_common_address
SAQ_1014,TX|1900 MLK BLVD|BIG SPRING,HEIGHTS APTS | KNOLLWOOD HEIGHTS APTS,shared_address_only,new_two_read_review,2026-08-11,2026-08-11,2026-08-11,public_directory_sitemap,https://section8search.org/sitemap.xml | https://affordablehousinghub.org/sitemap.xml,not_approved,FALSE,2,2,2,retain_each,retain_each,2,Affordable Housing Hub: HEIGHTS APTS | Affordable Housing Hub: KNOLLWOOD HEIGHTS APTS,public_housing_directory,https://affordablehousinghub.org/housing/texas/howard-county/big-spring/heights-apts-41512-lihtc | https://affordablehousinghub.org/housing/texas/howard-county/big-spring/knollwood-heights-apts-43488-lihtc,address_not_extracted,shared_address_without_sufficient_identity_evidence,corroborates_all_listed_members_and_address,shared_address_without_sufficient_identity_evidence
SAQ_1015,TX|380 BLANCO AVE|BLANCO,BLANCO PLAZA | BLANCO SENIORS APARTMENTS,shared_address_only,new_two_read_review,2026-08-11,2026-08-11,2026-08-11,public_directory_sitemap,https://section8search.org/sitemap.xml | https://affordablehousinghub.org/sitemap.xml,not_approved,FALSE,2,2,2,retain_each,retain_each,2,Section8Search: BLANCO PLAZA | Section8Search: BLANCO SENIORS APARTMENTS,public_housing_directory,https://section8search.org/texas/blanco/blanco-plaza/bjnsakmkcsg0h3wrttjtkzs1 | https://section8search.org/texas/blanco/blanco-seniors-apartments/u75j44ivjve6r46ts9o9f8rp,exact_standardized_site,shared_address_without_sufficient_identity_evidence,corroborates_all_listed_members_and_address,shared_address_without_sufficient_identity_evidence
SAQ_1016,TX|3375 MCALLEN RD|BROWNSVILLE,RANCHO DEL CIELO PHASE I | RANCHO DEL CIELO PHASE II,phase_or_component_evidence,new_two_read_review,2026-08-11,2026-08-11,2026-08-11,public_directory_sitemap,https://section8search.org/sitemap.xml | https://affordablehousinghub.org/sitemap.xml,not_approved,FALSE,2,2,2,retain_each,retain_each,2,Affordable Housing Hub: RANCHO DEL CIELO PHASE II | Section8Search: RANCHO DEL CIELO PHASE I,public_housing_directory,https://affordablehousinghub.org/housing/texas/cameron-county/brownsville/rancho-del-cielo-phase-ii-41543-lihtc | https://section8search.org/texas/brownsville/rancho-del-cielo-phase-i/cyunqgdvqfr9phzzaiqbxux5,address_not_extracted | exact_standardized_site,distinct_phases_or_components_common_address,corroborates_all_listed_members_and_address,distinct_phases_or_components_common_address
SAQ_1017,TX|529 OLD PORT ISABEL RD|BROWNSVILLE,LA VILLITA APTS PHASE I | LA VILLITA APTS PHASE II,phase_or_component_evidence,new_two_read_review,2026-08-11,2026-08-11,2026-08-11,public_directory_sitemap,https://section8search.org/sitemap.xml | https://affordablehousinghub.org/sitemap.xml,not_approved,FALSE,2,2,2,retain_each,retain_each,2,Section8Search: LA VILLITA APTS PHASE I | Section8Search: LA VILLITA APTS PHASE II,public_housing_directory,https://section8search.org/texas/brownsville/la-villita-apts-phase-i/tzlk8lo0r3ldo4qut4m41vsd | https://section8search.org/texas/brownsville/la-villita-apts-phase-ii/f9oc4x4pkejy3y70ywdwz9k6,exact_standardized_site,distinct_phases_or_components_common_address,corroborates_all_listed_members_and_address,distinct_phases_or_components_common_address
SAQ_1018,TX|417 E MAIN ST|BULLARD,THE COTTAGES AT MAIN | THE VILLAGE AT MAIN,shared_address_only,new_two_read_review,2026-08-11,2026-08-11,2026-08-11,public_directory_sitemap,https://section8search.org/sitemap.xml | https://affordablehousinghub.org/sitemap.xml,not_approved,FALSE,2,1,1,merge_all,merge_all,2,Section8Search: THE COTTAGES AT MAIN | Section8Search: THE VILLAGE AT MAIN,public_housing_directory,https://section8search.org/texas/bullard/the-cottages-at-main/cz1ow3onfpdjr704y7sqmxfp | https://section8search.org/texas/bullard/the-village-at-main/s0l86zou4lrinitb8j15r66v,exact_standardized_site,later_financing_or_renamed_same_physical_development,corroborates_all_listed_members_and_address,later_financing_or_renamed_same_physical_development
SAQ_1019,TX|427 MARTIN ST|CHANDLER,SOUTH TIMBER RIDGE APTS | TIMBER RIDGE APARTMENTS,shared_address_only,new_two_read_review,2026-08-11,2026-08-11,2026-08-11,public_directory_sitemap,https://section8search.org/sitemap.xml | https://affordablehousinghub.org/sitemap.xml,not_approved,FALSE,2,2,2,retain_each,retain_each,2,Section8Search: SOUTH TIMBER RIDGE APTS | Section8Search: TIMBER RIDGE APARTMENTS,public_housing_directory,https://section8search.org/texas/chandler/south-timber-ridge-apts/kci2w6q19wmje4si3hnvcxk9 | https://section8search.org/texas/chandler/timber-ridge-apartments/ne753ocvaw22vufqxy4bygrn,exact_standardized_site,shared_address_without_sufficient_identity_evidence,corroborates_all_listed_members_and_address,shared_address_without_sufficient_identity_evidence
SAQ_1020,TX|801 FM 2010|CHANDLER,SILVERLEAF AT CHANDLER II | SILVERLEAF AT CHANDLER III,phase_or_component_evidence,new_two_read_review,2026-08-11,2026-08-11,2026-08-11,public_directory_sitemap,https://section8search.org/sitemap.xml | https://affordablehousinghub.org/sitemap.xml,not_approved,FALSE,2,2,2,retain_each,retain_each,2,Section8Search: SILVERLEAF AT CHANDLER II | Section8Search: SILVERLEAF AT CHANDLER III,public_housing_directory,https://section8search.org/texas/chandler/silverleaf-at-chandler-ii/njrpsdanfytdqtfnt4vu3n9g | https://section8search.org/texas/chandler/silverleaf-at-chandler-iii/btxpqmyk6h8dg7l3artml0s2,exact_standardized_site,distinct_phases_or_components_common_address,corroborates_all_listed_members_and_address,distinct_phases_or_components_common_address
SAQ_1021,TX|2240 N PADRE ISLAND DR|CORPUS CHRISTI,VILLAS AT COSTA TARRAGONA I | VILLAS AT COSTA TARRAGONA II,phase_or_component_evidence,new_two_read_review,2026-08-11,2026-08-11,2026-08-11,public_directory_sitemap,https://section8search.org/sitemap.xml | https://affordablehousinghub.org/sitemap.xml,not_approved,FALSE,2,2,2,retain_each,retain_each,2,Affordable Housing Hub: VILLAS AT COSTA TARRAGONA II | Section8Search: VILLAS AT COSTA TARRAGONA I,public_housing_directory,https://affordablehousinghub.org/housing/texas/nueces-county/corpus-christi/villas-at-costa-tarragona-ii-43122-lihtc | https://section8search.org/texas/corpus-christi/villas-at-costa-tarragona-i/bc9lznauwa19s3hxfxh7pn79,address_not_extracted | exact_standardized_site,distinct_phases_or_components_common_address,corroborates_all_listed_members_and_address,distinct_phases_or_components_common_address
SAQ_1022,TX|1949 N WASHINGTON AVE|DALLAS,ROSELAND ESTATES | ROSELAND TOWNHOMES,shared_address_only,new_two_read_review,2026-08-11,2026-08-11,2026-08-11,public_directory_sitemap,https://section8search.org/sitemap.xml | https://affordablehousinghub.org/sitemap.xml,not_approved,FALSE,2,2,2,retain_each,retain_each,2,Affordable Housing Hub: ROSELAND ESTATES | Section8Search: ROSELAND TOWNHOMES,public_housing_directory,https://affordablehousinghub.org/housing/texas/dallas-county/dallas/roseland-estates-43225-lihtc | https://section8search.org/texas/dallas/roseland-townhomes/ibv0jmx6z3jcgiunrbn8wbmp,address_not_extracted | exact_standardized_site,shared_address_without_sufficient_identity_evidence,corroborates_all_listed_members_and_address,shared_address_without_sufficient_identity_evidence
SAQ_1023,TX|2836 E OVERTON RD|DALLAS,EL SHADDAI | PEOPLES EL SHADDAI VILLAGE,shared_address_only,new_two_read_review,2026-08-11,2026-08-11,2026-08-11,public_directory_sitemap,https://section8search.org/sitemap.xml | https://affordablehousinghub.org/sitemap.xml,not_approved,FALSE,2,1,1,merge_all,merge_all,2,Section8Search: EL SHADDAI | Section8Search: PEOPLES EL SHADDAI VILLAGE,public_housing_directory,https://section8search.org/texas/dallas/el-shaddai/ephupoioddh7lrppzjsk2898 | https://section8search.org/texas/dallas/peoples-el-shaddai-village/qyrtpw0ecbabnqb03rfm1fca,city_state_only | exact_standardized_site,later_financing_or_renamed_same_physical_development,corroborates_all_listed_members_and_address,later_financing_or_renamed_same_physical_development
SAQ_1024,TX|3100 PERSIMMON RD|DALLAS,HOMES OF PERSIMMON | TERRACE AT HIGHLAND HILLS,shared_address_only,new_two_read_review,2026-08-11,2026-08-11,2026-08-11,public_directory_sitemap,https://section8search.org/sitemap.xml | https://affordablehousinghub.org/sitemap.xml,not_approved,FALSE,2,2,2,retain_each,retain_each,2,Affordable Housing Hub: HOMES OF PERSIMMON | Section8Search: TERRACE AT HIGHLAND HILLS,public_housing_directory,https://affordablehousinghub.org/housing/texas/dallas-county/dallas/homes-of-persimmon-42981-lihtc | https://section8search.org/texas/dallas/terrace-at-highland-hills/dblj75f32d9wn1h128je7d0m,address_not_extracted | exact_standardized_site,shared_address_without_sufficient_identity_evidence,corroborates_all_listed_members_and_address,shared_address_without_sufficient_identity_evidence
SAQ_1025,TX|3119 EASTER AVE|DALLAS,SAINT JAMES MANOR | ST JAMES MANOR,shared_address_only,new_two_read_review,2026-08-11,2026-08-11,2026-08-11,public_directory_sitemap,https://section8search.org/sitemap.xml | https://affordablehousinghub.org/sitemap.xml,not_approved,FALSE,2,1,1,merge_all,merge_all,2,Section8Search: SAINT JAMES MANOR | Section8Search: ST JAMES MANOR,public_housing_directory,https://section8search.org/texas/dallas/saint-james-manor/x77uqqa4h4wl7mvema19jjwf | https://section8search.org/texas/dallas/st-james-manor/r56axsoecadc1desoxsaf7h5,exact_standardized_site,later_financing_or_renamed_same_physical_development,corroborates_all_listed_members_and_address,later_financing_or_renamed_same_physical_development
SAQ_1026,TX|4848 HATCHER ST|DALLAS,FRAZIER FELLOWSHIP | MILL CITY PARC TOWNHOMES | WAHOO FRAZIER TOWNHOMES,shared_address_only,new_two_read_review,2026-08-11,2026-08-11,2026-08-11,public_directory_sitemap,https://section8search.org/sitemap.xml | https://affordablehousinghub.org/sitemap.xml,not_approved,FALSE,3,3,3,retain_each,retain_each,3,Affordable Housing Hub: MILL CITY PARC TOWNHOMES | Affordable Housing Hub: WAHOO FRAZIER TOWNHOMES | Section8Search: FRAZIER FELLOWSHIP,public_housing_directory,https://affordablehousinghub.org/housing/texas/dallas-county/dallas/mill-city-parc-townhomes-41736-lihtc | https://affordablehousinghub.org/housing/texas/dallas-county/dallas/wahoo-frazier-townhomes-41578-lihtc | https://section8search.org/texas/dallas/frazier-fellowship/lw4cwq8a982w8kyz7fzllhpe,address_not_extracted | exact_standardized_site,shared_address_without_sufficient_identity_evidence,corroborates_all_listed_members_and_address,shared_address_without_sufficient_identity_evidence
SAQ_1027,TX|5929 MELODY LN|DALLAS,MELODY VILLAGE APTS | SPINDLETOP APTS,shared_address_only,new_two_read_review,2026-08-11,2026-08-11,2026-08-11,public_directory_sitemap,https://section8search.org/sitemap.xml | https://affordablehousinghub.org/sitemap.xml,not_approved,FALSE,2,2,2,retain_each,retain_each,2,Section8Search: MELODY VILLAGE APTS | Section8Search: SPINDLETOP APTS,public_housing_directory,https://section8search.org/texas/dallas/melody-village-apts/j92jsfuhu86rjgfey0z5jq08 | https://section8search.org/texas/dallas/spindletop-apts/lpikkr227odpqtxv1g5l9r7k,exact_standardized_site,shared_address_without_sufficient_identity_evidence,corroborates_all_listed_members_and_address,shared_address_without_sufficient_identity_evidence
SAQ_1028,TX|6852 SHADYBROOK LN|DALLAS,BROOK APTS | MELODY PLACE APTS,shared_address_only,new_two_read_review,2026-08-11,2026-08-11,2026-08-11,public_directory_sitemap,https://section8search.org/sitemap.xml | https://affordablehousinghub.org/sitemap.xml,not_approved,FALSE,2,2,2,retain_each,retain_each,2,Section8Search: BROOK APTS | Section8Search: MELODY PLACE APTS,public_housing_directory,https://section8search.org/texas/dallas/brook-apts/ipt7nmiy5nsy1zco4j42nr92 | https://section8search.org/texas/dallas/melody-place-apts/v4r9x1boxqfpmd669erquewp,exact_standardized_site,shared_address_without_sufficient_identity_evidence,corroborates_all_listed_members_and_address,shared_address_without_sufficient_identity_evidence
SAQ_1029,TX|1900 N WINFREE ST|DAYTON,DAYTON RETIREMENT CENTER | RETIREMENT CENTER OF DAYTON,shared_address_only,new_two_read_review,2026-08-11,2026-08-11,2026-08-11,public_directory_sitemap,https://section8search.org/sitemap.xml | https://affordablehousinghub.org/sitemap.xml,not_approved,FALSE,2,1,1,merge_all,merge_all,2,Section8Search: DAYTON RETIREMENT CENTER | Section8Search: RETIREMENT CENTER OF DAYTON,public_housing_directory,https://section8search.org/texas/dayton/dayton-retirement-center/g0xr1dh1432oapot8jm194kc | https://section8search.org/texas/dayton/retirement-center-of-dayton/t9tlcg5dmob3n9j0ecxvdpjn,exact_standardized_site,later_financing_or_renamed_same_physical_development,corroborates_all_listed_members_and_address,later_financing_or_renamed_same_physical_development
SAQ_1030,TX|4490 N CLEVELAND ST|DAYTON,DAYTON PARK APTS I | DAYTON PARK APTS II,phase_or_component_evidence,new_two_read_review,2026-08-11,2026-08-11,2026-08-11,public_directory_sitemap,https://section8search.org/sitemap.xml | https://affordablehousinghub.org/sitemap.xml,not_approved,FALSE,2,2,2,retain_each,retain_each,2,Affordable Housing Hub: DAYTON PARK APTS I | Section8Search: DAYTON PARK APTS II,public_housing_directory,https://affordablehousinghub.org/housing/texas/liberty-county/dayton/dayton-park-apts-i-41391-lihtc | https://section8search.org/texas/dayton/dayton-park-apts-ii/q4g0kirzg916bislup437bqj,address_not_extracted | exact_standardized_site,distinct_phases_or_components_common_address,corroborates_all_listed_members_and_address,distinct_phases_or_components_common_address
SAQ_1031,TX|1816 N STATE HWY 91|DENISON,HERITAGE PARK | LAKEVIEW PARK,shared_address_only,new_two_read_review,2026-08-11,2026-08-11,2026-08-11,public_directory_sitemap,https://section8search.org/sitemap.xml | https://affordablehousinghub.org/sitemap.xml,not_approved,FALSE,2,2,2,retain_each,retain_each,2,Affordable Housing Hub: HERITAGE PARK | Section8Search: LAKEVIEW PARK,public_housing_directory,https://affordablehousinghub.org/housing/texas/grayson-county/denison/heritage-park-43484-lihtc | https://section8search.org/texas/denison/lakeview-park/l7tkair1esnlhmqr4vhfaep2,address_not_extracted | exact_standardized_site,shared_address_without_sufficient_identity_evidence,corroborates_all_listed_members_and_address,shared_address_without_sufficient_identity_evidence
SAQ_1032,TX|622 NW FIFTH ST|DIMMITT,DIMMITT SENIOR CITIZEN PHASE I | DIMMITT SENIOR CITIZEN PHASE II,phase_or_component_evidence,new_two_read_review,2026-08-11,2026-08-11,2026-08-11,public_directory_sitemap,https://section8search.org/sitemap.xml | https://affordablehousinghub.org/sitemap.xml,not_approved,FALSE,2,2,2,retain_each,retain_each,2,Section8Search: DIMMITT SENIOR CITIZEN PHASE I | Section8Search: DIMMITT SENIOR CITIZEN PHASE II,public_housing_directory,https://section8search.org/texas/dimmitt/dimmitt-senior-citizen-phase-i/vdme6vyyz6d087jbof605un2 | https://section8search.org/texas/dimmitt/dimmitt-senior-citizen-phase-ii/d9ssr448l3wh1axvy71uxdlu,exact_standardized_site,distinct_phases_or_components_common_address,corroborates_all_listed_members_and_address,distinct_phases_or_components_common_address
SAQ_1033,TX|204 ALICIA DR|EL PASO,EL NIDO APTS | JOSE ANTONIO ESCAJEDA APTS,shared_address_only,new_two_read_review,2026-08-11,2026-08-11,2026-08-11,public_directory_sitemap,https://section8search.org/sitemap.xml | https://affordablehousinghub.org/sitemap.xml,not_approved,FALSE,2,2,2,retain_each,retain_each,2,Affordable Housing Hub: EL NIDO APTS | Affordable Housing Hub: JOSE ANTONIO ESCAJEDA APTS,public_housing_directory,https://affordablehousinghub.org/housing/texas/el-paso-county/el-paso/el-nido-apts-41397-lihtc | https://affordablehousinghub.org/housing/texas/el-paso-county/el-paso/jose-antonio-escajeda-apts-41566-lihtc,address_not_extracted,shared_address_without_sufficient_identity_evidence,corroborates_all_listed_members_and_address,shared_address_without_sufficient_identity_evidence
SAQ_1034,TX|450 GALLAGHER ST|EL PASO,WESTERN GALLAGHER I | WESTERN GALLAGHER II,phase_or_component_evidence,new_two_read_review,2026-08-11,2026-08-11,2026-08-11,public_directory_sitemap,https://section8search.org/sitemap.xml | https://affordablehousinghub.org/sitemap.xml,not_approved,FALSE,2,2,2,retain_each,retain_each,2,Affordable Housing Hub: WESTERN GALLAGHER II | Section8Search: WESTERN GALLAGHER I,public_housing_directory,https://affordablehousinghub.org/housing/texas/el-paso-county/el-paso/western-gallagher-ii-41665-lihtc | https://section8search.org/texas/el-paso/western-gallagher-i/p85ba8h6it73ut29okp5c67j,address_not_extracted | exact_standardized_site,distinct_phases_or_components_common_address,corroborates_all_listed_members_and_address,distinct_phases_or_components_common_address
SAQ_1035,TX|2840 LAS VEGAS TRL|FORT WORTH,PEPPERTREE - PART A | PEPPERTREE - PART B,phase_or_component_evidence,new_two_read_review,2026-08-11,2026-08-11,2026-08-11,public_directory_sitemap,https://section8search.org/sitemap.xml | https://affordablehousinghub.org/sitemap.xml,not_approved,FALSE,2,2,2,retain_each,retain_each,2,Section8Search: PEPPERTREE - PART A | Section8Search: PEPPERTREE - PART B,public_housing_directory,https://section8search.org/texas/fort-worth/peppertree-part-a/qn64czpb8pei7wkgymhaaiw4 | https://section8search.org/texas/fort-worth/peppertree-part-b/kkbcxfj99bitfg1poyd7vskh,city_state_only,distinct_phases_or_components_common_address,corroborates_all_listed_members_and_address,distinct_phases_or_components_common_address
SAQ_1036,TX|6501 SHADY OAKS MANOR DR|FORT WORTH,LAGO VISTA APTS | LAKEVIEW APTS,shared_address_only,new_two_read_review,2026-08-11,2026-08-11,2026-08-11,public_directory_sitemap,https://section8search.org/sitemap.xml | https://affordablehousinghub.org/sitemap.xml,not_approved,FALSE,2,2,2,retain_each,retain_each,2,Affordable Housing Hub: LAKEVIEW APTS | Section8Search: LAGO VISTA APTS,public_housing_directory,https://affordablehousinghub.org/housing/texas/tarrant-county/fort-worth/lakeview-apts-42754-lihtc | https://section8search.org/texas/fort-worth/lago-vista-apts/gvstu71kywmt2v5abary0xvd,address_not_extracted | exact_standardized_site,shared_address_without_sufficient_identity_evidence,corroborates_all_listed_members_and_address,shared_address_without_sufficient_identity_evidence
SAQ_1037,TX|1125 S ADAMS ST|FREDERICKSBURG,TOWNE PARK IN FREDERICKSBURG I | TOWNE PARK IN FREDERICKSBURG II,phase_or_component_evidence,new_two_read_review,2026-08-11,2026-08-11,2026-08-11,public_directory_sitemap,https://section8search.org/sitemap.xml | https://affordablehousinghub.org/sitemap.xml,not_approved,FALSE,2,2,2,retain_each,retain_each,2,Affordable Housing Hub: TOWNE PARK IN FREDERICKSBURG I | Section8Search: TOWNE PARK IN FREDERICKSBURG II,public_housing_directory,https://affordablehousinghub.org/housing/texas/gillespie-county/fredericksburg/towne-park-in-fredericksburg-i-43334-lihtc | https://section8search.org/texas/fredericksburg/towne-park-in-fredericksburg-ii/b236ghi9wanqogwkawl0cy3k,address_not_extracted | exact_standardized_site,distinct_phases_or_components_common_address,corroborates_all_listed_members_and_address,distinct_phases_or_components_common_address
SAQ_1038,TX|591 E HWY ST|FREDERICKSBURG,FREDERICKSBURG SENIORS | FREDRICKSBURG SENIORS,name_or_timing_evidence,new_two_read_review,2026-08-11,2026-08-11,2026-08-11,public_directory_sitemap,https://section8search.org/sitemap.xml | https://affordablehousinghub.org/sitemap.xml,not_approved,FALSE,2,1,1,merge_all,merge_all,1,Section8Search: FREDRICKSBURG SENIORS,public_housing_directory,https://section8search.org/texas/fredericksburg/fredricksburg-seniors/o7wwx7aodrszvp95a89mdugp,exact_standardized_site,name_or_reporting_variant_same_physical_development,corroborates_part_of_listed_members_and_address,name_or_reporting_variant_same_physical_development
SAQ_1039,TX|1600 JOE RAMSEY BLVD N|GREENVILLE,ARBORS APTS | WEST GREENVILLE GARDEN APTS,shared_address_only,new_two_read_review,2026-08-11,2026-08-11,2026-08-11,public_directory_sitemap,https://section8search.org/sitemap.xml | https://affordablehousinghub.org/sitemap.xml,not_approved,FALSE,2,2,2,retain_each,retain_each,2,Section8Search: ARBORS APTS | Section8Search: WEST GREENVILLE GARDEN APTS,public_housing_directory,https://section8search.org/texas/greenville/arbors-apts/cnv7el0fynnp76cbp6i9u8dg | https://section8search.org/texas/greenville/west-greenville-garden-apts/crodivfbwujia9uukc9v998s,exact_standardized_site,shared_address_without_sufficient_identity_evidence,corroborates_all_listed_members_and_address,shared_address_without_sufficient_identity_evidence
SAQ_1040,TX|106 WALNUT ST|HALLETTSVILLE,HALLETTWEST APTS | PECAN CHASE APT.,shared_address_only,new_two_read_review,2026-08-11,2026-08-11,2026-08-11,public_directory_sitemap,https://section8search.org/sitemap.xml | https://affordablehousinghub.org/sitemap.xml,not_approved,FALSE,2,2,2,retain_each,retain_each,2,Section8Search: HALLETTWEST APTS | Section8Search: PECAN CHASE APT.,public_housing_directory,https://section8search.org/texas/hallettsville/hallettwest-apts/r5ryb8i4fpo6v1alqnul7tt4 | https://section8search.org/texas/hallettsville/pecan-chase-apt/ugv76zpyhsyytbytsbgs7afy,exact_standardized_site,shared_address_without_sufficient_identity_evidence,corroborates_all_listed_members_and_address,shared_address_without_sufficient_identity_evidence
SAQ_1041,TX|807 ABBOTT AVE|HILLSBORO,ROSEMONT OF HILLSBORO PHASE I | ROSEMONT OF HILLSBORO PHASE II,phase_or_component_evidence,new_two_read_review,2026-08-11,2026-08-11,2026-08-11,public_directory_sitemap,https://section8search.org/sitemap.xml | https://affordablehousinghub.org/sitemap.xml,not_approved,FALSE,2,2,2,retain_each,retain_each,2,Affordable Housing Hub: ROSEMONT OF HILLSBORO PHASE I | Affordable Housing Hub: ROSEMONT OF HILLSBORO PHASE II,public_housing_directory,https://affordablehousinghub.org/housing/texas/hill-county/hillsboro/rosemont-of-hillsboro-phase-i-41690-lihtc | https://affordablehousinghub.org/housing/texas/hill-county/hillsboro/rosemont-of-hillsboro-phase-ii-41691-lihtc,address_not_extracted,distinct_phases_or_components_common_address,corroborates_all_listed_members_and_address,distinct_phases_or_components_common_address
SAQ_1042,TX|3100 AVE Q|HONDO,HONDO GARDEN APTS | HONDO GARDENS,shared_address_only,new_two_read_review,2026-08-11,2026-08-11,2026-08-11,public_directory_sitemap,https://section8search.org/sitemap.xml | https://affordablehousinghub.org/sitemap.xml,not_approved,FALSE,2,2,2,retain_each,retain_each,2,Section8Search: HONDO GARDEN APTS | Section8Search: HONDO GARDENS,public_housing_directory,https://section8search.org/texas/hondo/hondo-garden-apts/u346yt50mhwx3gdvg3m18bec | https://section8search.org/texas/hondo/hondo-gardens/w6lv7pmyk1t6z2lp1ol2o64h,city_state_only | exact_standardized_site,shared_address_without_sufficient_identity_evidence,corroborates_all_listed_members_and_address,shared_address_without_sufficient_identity_evidence
SAQ_1043,TX|11409 SCOTT ST|HOUSTON,SOUTH ACRES RANCH | SOUTH ACRES RANCH II,shared_address_only,new_two_read_review,2026-08-11,2026-08-11,2026-08-11,public_directory_sitemap,https://section8search.org/sitemap.xml | https://affordablehousinghub.org/sitemap.xml,not_approved,FALSE,2,2,2,retain_each,retain_each,2,Affordable Housing Hub: SOUTH ACRES RANCH II | Section8Search: SOUTH ACRES RANCH,public_housing_directory,https://affordablehousinghub.org/housing/texas/harris-county/houston/south-acres-ranch-ii-42723-lihtc | https://section8search.org/texas/houston/south-acres-ranch/jhkzscs7w26svpr30qu5o1aa,address_not_extracted | exact_standardized_site,shared_address_without_sufficient_identity_evidence,corroborates_all_listed_members_and_address,shared_address_without_sufficient_identity_evidence
SAQ_1044,TX|12500 DUNLAP ST|HOUSTON,PINES OF WESTBURY PHASE I | PINES OF WESTBURY PHASE II,phase_or_component_evidence,new_two_read_review,2026-08-11,2026-08-11,2026-08-11,public_directory_sitemap,https://section8search.org/sitemap.xml | https://affordablehousinghub.org/sitemap.xml,not_approved,FALSE,2,2,2,retain_each,retain_each,2,Section8Search: PINES OF WESTBURY PHASE I | Section8Search: PINES OF WESTBURY PHASE II,public_housing_directory,https://section8search.org/texas/houston/pines-of-westbury-phase-i/lzq2kz888nwiywmecsho1bnl | https://section8search.org/texas/houston/pines-of-westbury-phase-ii/jpu9e36giyzs6zzay2y6n3m0,exact_standardized_site,distinct_phases_or_components_common_address,corroborates_all_listed_members_and_address,distinct_phases_or_components_common_address
SAQ_1045,TX|2303 W TIDWELL RD|HOUSTON,ENCLAVE | FOUNTAINS AT TIDWELL,shared_address_only,new_two_read_review,2026-08-11,2026-08-11,2026-08-11,public_directory_sitemap,https://section8search.org/sitemap.xml | https://affordablehousinghub.org/sitemap.xml,not_approved,FALSE,2,2,2,retain_each,retain_each,2,Affordable Housing Hub: FOUNTAINS AT TIDWELL | Section8Search: ENCLAVE,public_housing_directory,https://affordablehousinghub.org/housing/texas/harris-county/houston/fountains-at-tidwell-43561-lihtc | https://section8search.org/texas/houston/enclave/vwe23ecstghsbhdx0utpkz5v,address_not_extracted | exact_standardized_site,shared_address_without_sufficient_identity_evidence,corroborates_all_listed_members_and_address,shared_address_without_sufficient_identity_evidence
SAQ_1046,TX|3814 LYONS AVE|HOUSTON,PLEASANT HILL COMMUNITY APTS | PLEASANT HILL VILLAGE,shared_address_only,new_two_read_review,2026-08-11,2026-08-11,2026-08-11,public_directory_sitemap,https://section8search.org/sitemap.xml | https://affordablehousinghub.org/sitemap.xml,not_approved,FALSE,2,2,2,retain_each,retain_each,2,Section8Search: PLEASANT HILL COMMUNITY APTS | Section8Search: PLEASANT HILL VILLAGE,public_housing_directory,https://section8search.org/texas/houston/pleasant-hill-community-apts/f6pstt4j87es0hg019ybqsu5 | https://section8search.org/texas/houston/pleasant-hill-village/gjvugu31c160x1q9oeid3at5,exact_standardized_site,shared_address_without_sufficient_identity_evidence,corroborates_all_listed_members_and_address,shared_address_without_sufficient_identity_evidence
SAQ_1047,TX|7601 CURRY RD|HOUSTON,SILVER GLEN | SILVER GLEN FKA BRANCH VILLAGE APARTMENTS,shared_address_only,new_two_read_review,2026-08-11,2026-08-11,2026-08-11,public_directory_sitemap,https://section8search.org/sitemap.xml | https://affordablehousinghub.org/sitemap.xml,not_approved,FALSE,2,1,1,merge_all,merge_all,1,Section8Search: SILVER GLEN,public_housing_directory,https://section8search.org/texas/houston/silver-glen/y1zhue3qmivvty66xtcyv0qp,exact_standardized_site,later_financing_or_renamed_same_physical_development,corroborates_part_of_listed_members_and_address,later_financing_or_renamed_same_physical_development
SAQ_1048,TX|2432 FINLEY RD|IRVING,BRIGHTON WAY EAST | BRIGHTON WAY WEST,shared_address_only,new_two_read_review,2026-08-11,2026-08-11,2026-08-11,public_directory_sitemap,https://section8search.org/sitemap.xml | https://affordablehousinghub.org/sitemap.xml,not_approved,FALSE,2,2,2,retain_each,retain_each,2,Section8Search: BRIGHTON WAY EAST | Section8Search: BRIGHTON WAY WEST,public_housing_directory,https://section8search.org/texas/irving/brighton-way-east/f6joy2ozo3gmqcrokix3c41k | https://section8search.org/texas/irving/brighton-way-west/oajsxt8bxnnv00h8lz73vep5,exact_standardized_site,shared_address_without_sufficient_identity_evidence,corroborates_all_listed_members_and_address,shared_address_without_sufficient_identity_evidence
SAQ_1049,TX|1308 JACKSONVILLE SQ DR|JACKSONVILLE,HERITAGE SQUARE APTS | SOUTHWOOD APTS,shared_address_only,new_two_read_review,2026-08-11,2026-08-11,2026-08-11,public_directory_sitemap,https://section8search.org/sitemap.xml | https://affordablehousinghub.org/sitemap.xml,not_approved,FALSE,2,2,2,retain_each,retain_each,2,Section8Search: HERITAGE SQUARE APTS | Section8Search: SOUTHWOOD APTS,public_housing_directory,https://section8search.org/texas/jacksonville/heritage-square-apts/xstisogk1x4f6nc2m493oyas | https://section8search.org/texas/jacksonville/southwood-apts/edscnm15siog92gfh9vo0g8j,exact_standardized_site,shared_address_without_sufficient_identity_evidence,corroborates_all_listed_members_and_address,shared_address_without_sufficient_identity_evidence
SAQ_1050,TX|108 W MLK BLVD|JASPER,SWEETBRIAR HILLS HOUSING I | SWEETBRIAR HILLS HOUSING II,phase_or_component_evidence,new_two_read_review,2026-08-11,2026-08-11,2026-08-11,public_directory_sitemap,https://section8search.org/sitemap.xml | https://affordablehousinghub.org/sitemap.xml,not_approved,FALSE,2,2,2,retain_each,retain_each,2,Section8Search: SWEETBRIAR HILLS HOUSING I | Section8Search: SWEETBRIAR HILLS HOUSING II,public_housing_directory,https://section8search.org/texas/jasper/sweetbriar-hills-housing-i/s1ym6e52f1wepgxc8jo8036i | https://section8search.org/texas/jasper/sweetbriar-hills-housing-ii/k7lhjglp799di3aql1xm5d40,exact_standardized_site,distinct_phases_or_components_common_address,corroborates_all_listed_members_and_address,distinct_phases_or_components_common_address
SAQ_1051,TX|1301 N FERRIS ST|JEFFERSON,JEFFERSON CAPITAL APTS | JEFFERSON MANOR APTS,shared_address_only,new_two_read_review,2026-08-11,2026-08-11,2026-08-11,public_directory_sitemap,https://section8search.org/sitemap.xml | https://affordablehousinghub.org/sitemap.xml,not_approved,FALSE,2,2,2,retain_each,retain_each,2,Section8Search: JEFFERSON CAPITAL APTS | Section8Search: JEFFERSON MANOR APTS,public_housing_directory,https://section8search.org/texas/jefferson/jefferson-capital-apts/fdnrbn4yvsi37t0ufgmci36e | https://section8search.org/texas/jefferson/jefferson-manor-apts/uq6sqf102me0n1uo02bzxg0f,exact_standardized_site,shared_address_without_sufficient_identity_evidence,corroborates_all_listed_members_and_address,shared_address_without_sufficient_identity_evidence
SAQ_1052,TX|100 WINDWOOD DR|KINGSLAND,WINDWOOD APTS II | WINDWOOD I & II | WINDWOOD RETIREMENT,shared_address_only,new_two_read_review,2026-08-11,2026-08-11,2026-08-11,public_directory_sitemap,https://section8search.org/sitemap.xml | https://affordablehousinghub.org/sitemap.xml,not_approved,FALSE,3,3,3,retain_each,retain_each,3,Section8Search: WINDWOOD APTS II | Section8Search: WINDWOOD I & II | Section8Search: WINDWOOD RETIREMENT,public_housing_directory,https://section8search.org/texas/kingsland/windwood-apts-ii/edgfn5ck7f8k5l2twxhvegjs | https://section8search.org/texas/kingsland/windwood-i-ii/jjc7g68quc6tww3aq7yz2v72 | https://section8search.org/texas/kingsland/windwood-retirement/nq3fjdlhmq5samr223pvbss4,city_state_only | exact_standardized_site,shared_address_without_sufficient_identity_evidence,corroborates_all_listed_members_and_address,shared_address_without_sufficient_identity_evidence
SAQ_1053,TX|1018 N MADISON ST|LA GRANGE,"CIMARRON TRAIL | GARDEN WALK OF LAGRANGE | GARDENWALK OF LA GRANGE, SCHULENBURG & WEIMAR",shared_address_only,new_two_read_review,2026-08-11,2026-08-11,2026-08-11,public_directory_sitemap,https://section8search.org/sitemap.xml | https://affordablehousinghub.org/sitemap.xml,not_approved,FALSE,3,3,3,retain_each,retain_each,3,"Affordable Housing Hub: GARDENWALK OF LA GRANGE, SCHULENBURG & WEIMAR | Section8Search: CIMARRON TRAIL | Section8Search: GARDEN WALK OF LAGRANGE",public_housing_directory,https://affordablehousinghub.org/housing/texas/fayette-county/la-grange/gardenwalk-of-la-grange-schulenburg-weimar-42759-lihtc | https://section8search.org/texas/la-grange/cimarron-trail/cmiir4d5hoz0ovhfsj6wag8m | https://section8search.org/texas/la-grange/garden-walk-of-lagrange/xx36haw5pkagzuqxapviu3wi,address_not_extracted | exact_standardized_site,shared_address_without_sufficient_identity_evidence,corroborates_all_listed_members_and_address,shared_address_without_sufficient_identity_evidence
SAQ_1054,TX|5606 ST DAVID|LAREDO,LAREDO VISTA I | ROSEMONT AT LAREDO VISTA PHASE I | ROSEMONT AT LAREDO VISTA PHASE II,phase_or_component_evidence,new_two_read_review,2026-08-11,2026-08-11,2026-08-11,public_directory_sitemap,https://section8search.org/sitemap.xml | https://affordablehousinghub.org/sitemap.xml,not_approved,FALSE,3,3,3,retain_each,retain_each,3,Affordable Housing Hub: LAREDO VISTA I | Affordable Housing Hub: ROSEMONT AT LAREDO VISTA PHASE I | Affordable Housing Hub: ROSEMONT AT LAREDO VISTA PHASE II,public_housing_directory,https://affordablehousinghub.org/housing/texas/webb-county/laredo/laredo-vista-i-43589-lihtc | https://affordablehousinghub.org/housing/texas/webb-county/laredo/rosemont-at-laredo-vista-phase-i-41663-lihtc | https://affordablehousinghub.org/housing/texas/webb-county/laredo/rosemont-at-laredo-vista-phase-ii-41685-lihtc,address_not_extracted,distinct_phases_or_components_common_address,corroborates_all_listed_members_and_address,distinct_phases_or_components_common_address
SAQ_1055,TX|1825 SAYERS ST|LUFKIN,CREEKSIDE ESTATES PHASE I | CREEKSIDE ESTATES PHASE II,phase_or_component_evidence,new_two_read_review,2026-08-11,2026-08-11,2026-08-11,public_directory_sitemap,https://section8search.org/sitemap.xml | https://affordablehousinghub.org/sitemap.xml,not_approved,FALSE,2,2,2,retain_each,retain_each,2,Affordable Housing Hub: CREEKSIDE ESTATES PHASE II | Section8Search: CREEKSIDE ESTATES PHASE I,public_housing_directory,https://affordablehousinghub.org/housing/texas/angelina-county/lufkin/creekside-estates-phase-ii-43421-lihtc | https://section8search.org/texas/lufkin/creekside-estates-phase-i/afs91fxfdnztyrpxxur25jie,address_not_extracted | exact_standardized_site,distinct_phases_or_components_common_address,corroborates_all_listed_members_and_address,distinct_phases_or_components_common_address
SAQ_1056,TX|701 N MADISON ST|MADISONVILLE,LANCE STREET APTS | MADISON PLACE | OAKWOOD APARTMENTS,shared_address_only,new_two_read_review,2026-08-11,2026-08-11,2026-08-11,public_directory_sitemap,https://section8search.org/sitemap.xml | https://affordablehousinghub.org/sitemap.xml,not_approved,FALSE,3,3,3,retain_each,retain_each,2,Section8Search: LANCE STREET APTS | Section8Search: MADISON PLACE,public_housing_directory,https://section8search.org/texas/madisonville/lance-street-apts/p1zohkhixvhxipouy7glypcv | https://section8search.org/texas/madisonville/madison-place/mlf1natgrda6l06c3aclk3ad,exact_standardized_site,shared_address_without_sufficient_identity_evidence,corroborates_part_of_listed_members_and_address,shared_address_without_sufficient_identity_evidence
SAQ_1057,TX|325 FLAGSHIP BLVD|MONTGOMERY,HERITAGE PLAZA | HERITAGE SENIORS,shared_address_only,new_two_read_review,2026-08-11,2026-08-11,2026-08-11,public_directory_sitemap,https://section8search.org/sitemap.xml | https://affordablehousinghub.org/sitemap.xml,not_approved,FALSE,2,2,2,retain_each,retain_each,2,Affordable Housing Hub: HERITAGE PLAZA | Section8Search: HERITAGE SENIORS,public_housing_directory,https://affordablehousinghub.org/housing/texas/montgomery-county/montgomery/heritage-plaza-44969-lihtc | https://section8search.org/texas/montgomery/heritage-seniors/a39aystmxjjo8v1skabneo8l,address_not_extracted | exact_standardized_site,shared_address_without_sufficient_identity_evidence,corroborates_all_listed_members_and_address,shared_address_without_sufficient_identity_evidence
SAQ_1058,TX|20040 FM 1485 RD|NEW CANEY,GARDEN GATE APTS I | GARDEN GATE APTS II,phase_or_component_evidence,new_two_read_review,2026-08-11,2026-08-11,2026-08-11,public_directory_sitemap,https://section8search.org/sitemap.xml | https://affordablehousinghub.org/sitemap.xml,not_approved,FALSE,2,2,2,retain_each,retain_each,2,Affordable Housing Hub: GARDEN GATE APTS II | Section8Search: GARDEN GATE APTS I,public_housing_directory,https://affordablehousinghub.org/housing/texas/montgomery-county/new-caney/garden-gate-apts-ii-41455-lihtc | https://section8search.org/texas/new-caney/garden-gate-apts-i/mw487f7d0izqof49w65y7f4b,address_not_extracted | exact_standardized_site,distinct_phases_or_components_common_address,corroborates_all_listed_members_and_address,distinct_phases_or_components_common_address
SAQ_1059,TX|1600 W CLEMENTS ST|ODESSA,KEY WEST SENIOR VILLAGE | KEY WEST VILLAGE PHASE II,shared_address_only,new_two_read_review,2026-08-11,2026-08-11,2026-08-11,public_directory_sitemap,https://section8search.org/sitemap.xml | https://affordablehousinghub.org/sitemap.xml,not_approved,FALSE,2,2,2,retain_each,retain_each,2,Affordable Housing Hub: KEY WEST SENIOR VILLAGE | Affordable Housing Hub: KEY WEST VILLAGE PHASE II,public_housing_directory,https://affordablehousinghub.org/housing/texas/ector-county/odessa/key-west-senior-village-43416-lihtc | https://affordablehousinghub.org/housing/texas/ector-county/odessa/key-west-village-phase-ii-41568-lihtc,address_not_extracted,shared_address_without_sufficient_identity_evidence,corroborates_all_listed_members_and_address,shared_address_without_sufficient_identity_evidence
SAQ_1060,TX|1700 N JACKSON ST|PALESTINE,NORTHSIDE HEIGHTS | PARK VISTA PLACE,shared_address_only,new_two_read_review,2026-08-11,2026-08-11,2026-08-11,public_directory_sitemap,https://section8search.org/sitemap.xml | https://affordablehousinghub.org/sitemap.xml,not_approved,FALSE,2,2,2,retain_each,retain_each,2,Section8Search: NORTHSIDE HEIGHTS | Section8Search: PARK VISTA PLACE,public_housing_directory,https://section8search.org/texas/palestine/northside-heights/txy4vx4mzk2yxntocoy3yg6k | https://section8search.org/texas/palestine/park-vista-place/kydanztqroaq2ku572tdadbu,exact_standardized_site,shared_address_without_sufficient_identity_evidence,corroborates_all_listed_members_and_address,shared_address_without_sufficient_identity_evidence
SAQ_1061,TX|3120 PASADENA BLVD|PASADENA,CENTER PLACE APTS - PASADENA | CENTER PLACE APTS 2,shared_address_only,new_two_read_review,2026-08-11,2026-08-11,2026-08-11,public_directory_sitemap,https://section8search.org/sitemap.xml | https://affordablehousinghub.org/sitemap.xml,not_approved,FALSE,2,2,2,retain_each,retain_each,2,Section8Search: CENTER PLACE APTS - PASADENA | Section8Search: CENTER PLACE APTS 2,public_housing_directory,https://section8search.org/texas/pasadena/center-place-apts-2/vpv538ionttuq1tbl54sx6ye | https://section8search.org/texas/pasadena/center-place-apts-pasadena/sisl4jjmzuqj0xye2ks94mqu,exact_standardized_site,shared_address_without_sufficient_identity_evidence,corroborates_all_listed_members_and_address,shared_address_without_sufficient_identity_evidence
SAQ_1062,TX|3901 HWY 73|PORT ARTHUR,SOUTHWOOD CROSSING APTS I | SOUTHWOOD CROSSING APTS II,phase_or_component_evidence,new_two_read_review,2026-08-11,2026-08-11,2026-08-11,public_directory_sitemap,https://section8search.org/sitemap.xml | https://affordablehousinghub.org/sitemap.xml,not_approved,FALSE,2,2,2,retain_each,retain_each,2,Section8Search: SOUTHWOOD CROSSING APTS I | Section8Search: SOUTHWOOD CROSSING APTS II,public_housing_directory,https://section8search.org/texas/port-arthur/southwood-crossing-apts-i/vwcbrl3u404qyaa2qkfcpxzn | https://section8search.org/texas/port-arthur/southwood-crossing-apts-ii/nl51683808ufeincd7t9u0xn,exact_standardized_site,distinct_phases_or_components_common_address,corroborates_all_listed_members_and_address,distinct_phases_or_components_common_address
SAQ_1063,TX|900 WESTWOOD DR|ROUND ROCK,ROUND ROCK OAK GROVE | ROUND ROCK VILLAGE OAK APTS,shared_address_only,new_two_read_review,2026-08-11,2026-08-11,2026-08-11,public_directory_sitemap,https://section8search.org/sitemap.xml | https://affordablehousinghub.org/sitemap.xml,not_approved,FALSE,2,2,2,retain_each,retain_each,2,Section8Search: ROUND ROCK OAK GROVE | Section8Search: ROUND ROCK VILLAGE OAK APTS,public_housing_directory,https://section8search.org/texas/round-rock/round-rock-oak-grove/xn7hak83b60ot0xf9ngjqxoc | https://section8search.org/texas/round-rock/round-rock-village-oak-apts/a376vy7450yddp4kt87um899,exact_standardized_site,shared_address_without_sufficient_identity_evidence,corroborates_all_listed_members_and_address,shared_address_without_sufficient_identity_evidence
SAQ_1064,TX|104 SIMPSON ST|SCHULENBURG,CHISUM TRAIL APTS | DEERFIELD VILLAGE,shared_address_only,new_two_read_review,2026-08-11,2026-08-11,2026-08-11,public_directory_sitemap,https://section8search.org/sitemap.xml | https://affordablehousinghub.org/sitemap.xml,not_approved,FALSE,2,2,2,retain_each,retain_each,2,Section8Search: CHISUM TRAIL APTS | Section8Search: DEERFIELD VILLAGE,public_housing_directory,https://section8search.org/texas/schulenburg/chisum-trail-apts/zr8uwttc7z9kknfrl4vf78o9 | https://section8search.org/texas/schulenburg/deerfield-village/bojtrowa1ujibgttk3uhivjb,exact_standardized_site,shared_address_without_sufficient_identity_evidence,corroborates_all_listed_members_and_address,shared_address_without_sufficient_identity_evidence
SAQ_1065,TX|900 S BYRD AVE|SHEPHERD,SHEPHERD SOUTH APTS I | SHEPHERD SOUTH APTS II,phase_or_component_evidence,new_two_read_review,2026-08-11,2026-08-11,2026-08-11,public_directory_sitemap,https://section8search.org/sitemap.xml | https://affordablehousinghub.org/sitemap.xml,not_approved,FALSE,2,2,2,retain_each,retain_each,2,Section8Search: SHEPHERD SOUTH APTS I | Section8Search: SHEPHERD SOUTH APTS II,public_housing_directory,https://section8search.org/texas/shepherd/shepherd-south-apts-i/knn0jf3ijfr86j01fjiv2d7y | https://section8search.org/texas/shepherd/shepherd-south-apts-ii/tyoxwruvtytuwai8jcza2wv6,exact_standardized_site,distinct_phases_or_components_common_address,corroborates_all_listed_members_and_address,distinct_phases_or_components_common_address
SAQ_1066,TX|820 CARRELL ST|TOMBALL,HVM MID-TOWN APTS I | HVM MID-TOWN APTS II,phase_or_component_evidence,new_two_read_review,2026-08-11,2026-08-11,2026-08-11,public_directory_sitemap,https://section8search.org/sitemap.xml | https://affordablehousinghub.org/sitemap.xml,not_approved,FALSE,2,2,2,retain_each,retain_each,2,Affordable Housing Hub: HVM MID-TOWN APTS I | Affordable Housing Hub: HVM MID-TOWN APTS II,public_housing_directory,https://affordablehousinghub.org/housing/texas/harris-county/tomball/hvm-mid-town-apts-i-42829-lihtc | https://affordablehousinghub.org/housing/texas/harris-county/tomball/hvm-mid-town-apts-ii-42034-lihtc,address_not_extracted,distinct_phases_or_components_common_address,corroborates_all_listed_members_and_address,distinct_phases_or_components_common_address
SAQ_1067,TX|817 COLCORD AVE|WACO,BARRON'S BRANCH | BARRON'S BRANCH II,shared_address_only,new_two_read_review,2026-08-11,2026-08-11,2026-08-11,focused_web_search,https://affordablehousinghub.org/housing/texas/mclennan/waco?program=lihtc,not_approved,FALSE,2,2,2,retain_each,retain_each,2,"LIHTC properties in Waco, Texas",public_property_directory,https://affordablehousinghub.org/housing/texas/mclennan/waco?program=lihtc,manual_source_confirms_listed_address,shared_address_without_sufficient_identity_evidence,supports_retain_each,outside_source_confirms_distinct_phases_or_components
SAQ_1068,TX|303 N SMITH ST|WEIMAR,GARDENWALK OF WEIMAR | WILLOWS BEND APTS,shared_address_only,new_two_read_review,2026-08-11,2026-08-11,2026-08-11,public_directory_sitemap,https://section8search.org/sitemap.xml | https://affordablehousinghub.org/sitemap.xml,not_approved,FALSE,2,2,2,retain_each,retain_each,2,Affordable Housing Hub: GARDENWALK OF WEIMAR | Section8Search: WILLOWS BEND APTS,public_housing_directory,https://affordablehousinghub.org/housing/texas/colorado-county/weimar/gardenwalk-of-weimar-41478-lihtc | https://section8search.org/texas/weimar/willows-bend-apts/cr8xdh2188ahj4t1io6seld4,address_not_extracted | exact_standardized_site,shared_address_without_sufficient_identity_evidence,corroborates_all_listed_members_and_address,shared_address_without_sufficient_identity_evidence
SAQ_1069,TX|1510 BARFIELD RD|WHARTON,WHARTON PLAZA APTS | WHARTON SQUARE,shared_address_only,new_two_read_review,2026-08-11,2026-08-11,2026-08-11,public_directory_sitemap,https://section8search.org/sitemap.xml | https://affordablehousinghub.org/sitemap.xml,not_approved,FALSE,2,2,2,retain_each,retain_each,2,Section8Search: WHARTON PLAZA APTS | Section8Search: WHARTON SQUARE,public_housing_directory,https://section8search.org/texas/wharton/wharton-plaza-apts/lrz3at1h6ischlo3smo2qli4 | https://section8search.org/texas/wharton/wharton-square/n1c95nhr8yv6ef4e6yvo3ao0,exact_standardized_site,shared_address_without_sufficient_identity_evidence,corroborates_all_listed_members_and_address,shared_address_without_sufficient_identity_evidence
SAQ_1070,TX|502 W MAIN ST|WHITEHOUSE,PECANWOOD APTS II | PECANWOOD APTS III,phase_or_component_evidence,new_two_read_review,2026-08-11,2026-08-11,2026-08-11,public_directory_sitemap,https://section8search.org/sitemap.xml | https://affordablehousinghub.org/sitemap.xml,not_approved,FALSE,2,2,2,retain_each,retain_each,2,Affordable Housing Hub: PECANWOOD APTS II | Section8Search: PECANWOOD APTS III,public_housing_directory,https://affordablehousinghub.org/housing/texas/smith-county/whitehouse/pecanwood-apts-ii-43471-lihtc | https://section8search.org/texas/whitehouse/pecanwood-apts-iii/w4mor1d6z17ugviy49eqejwy,address_not_extracted | exact_standardized_site,distinct_phases_or_components_common_address,corroborates_all_listed_members_and_address,distinct_phases_or_components_common_address
SAQ_1071,TX|1727 RATHGEBER RD|WICHITA FALLS,PARKSTONE SENIOR VILLAGE | PARKSTONE SENIOR VILLAGE PHASE II,shared_address_only,new_two_read_review,2026-08-11,2026-08-11,2026-08-11,public_directory_sitemap,https://section8search.org/sitemap.xml | https://affordablehousinghub.org/sitemap.xml,not_approved,FALSE,2,2,2,retain_each,retain_each,2,Affordable Housing Hub: PARKSTONE SENIOR VILLAGE | Section8Search: PARKSTONE SENIOR VILLAGE PHASE II,public_housing_directory,https://affordablehousinghub.org/housing/texas/wichita-county/wichita-falls/parkstone-senior-village-43469-lihtc | https://section8search.org/texas/wichita-falls/parkstone-senior-village-phase-ii/za9oxsvuxhw76kwc8nsm3cys,address_not_extracted | city_state_only,shared_address_without_sufficient_identity_evidence,corroborates_all_listed_members_and_address,shared_address_without_sufficient_identity_evidence
SAQ_1072,TX|105 ELLEN MAY RD|YOAKUM,LEATHERWOOD TERRACE APTS | VILLAGE OAKS APTS,shared_address_only,new_two_read_review,2026-08-11,2026-08-11,2026-08-11,public_directory_sitemap,https://section8search.org/sitemap.xml | https://affordablehousinghub.org/sitemap.xml,not_approved,FALSE,2,2,2,retain_each,retain_each,2,Section8Search: LEATHERWOOD TERRACE APTS | Section8Search: VILLAGE OAKS APTS,public_housing_directory,https://section8search.org/texas/yoakum/leatherwood-terrace-apts/hyt1wuqhxqw25quaxgtrug8f | https://section8search.org/texas/yoakum/village-oaks-apts/lik95bl726tu3j2nb7te0ujj,exact_standardized_site,shared_address_without_sufficient_identity_evidence,corroborates_all_listed_members_and_address,shared_address_without_sufficient_identity_evidence
SAQ_1073,UT|25 E 1800 S|CLEARFIELD,HEATHER ESTATES I | HEATHER ESTATES II,phase_or_component_evidence,new_two_read_review,2026-08-11,2026-08-11,2026-08-11,public_directory_sitemap,https://section8search.org/sitemap.xml | https://affordablehousinghub.org/sitemap.xml,not_approved,FALSE,2,2,2,retain_each,retain_each,2,Section8Search: HEATHER ESTATES I | Section8Search: HEATHER ESTATES II,public_housing_directory,https://section8search.org/utah/clearfield/heather-estates-i/l4q40soovrrxtg5goglhghib | https://section8search.org/utah/clearfield/heather-estates-ii/pv8tge5kyp5scha2p3sdfu55,city_state_only,distinct_phases_or_components_common_address,corroborates_all_listed_members_and_address,distinct_phases_or_components_common_address
SAQ_1074,UT|266 W 200 N|KANAB,LAZY DAYS APARTMENTS | LAZY DAYS APTS.,shared_address_only,new_two_read_review,2026-08-11,2026-08-11,2026-08-11,public_directory_sitemap,https://section8search.org/sitemap.xml | https://affordablehousinghub.org/sitemap.xml,not_approved,FALSE,2,2,2,retain_each,retain_each,1,Section8Search: LAZY DAYS APTS.,public_housing_directory,https://section8search.org/utah/kanab/lazy-days-apts/r1l852iwva7tlxzvecs2lwys,city_state_only,shared_address_without_sufficient_identity_evidence,corroborates_part_of_listed_members_and_address,shared_address_without_sufficient_identity_evidence
SAQ_1075,UT|215 N FAIRFIELD RD|LAYTON,STONEHEDGE I APTS. | STONEHEDGE I APTS. DBA SNOW CREEK I,shared_address_only,new_two_read_review,2026-08-11,2026-08-11,2026-08-11,public_directory_sitemap,https://section8search.org/sitemap.xml | https://affordablehousinghub.org/sitemap.xml,not_approved,FALSE,2,1,1,merge_all,merge_all,2,Section8Search: STONEHEDGE I APTS. | Section8Search: STONEHEDGE I APTS. DBA SNOW CREEK I,public_housing_directory,https://section8search.org/utah/layton/stonehedge-i-apts-dba-snow-creek-i/a812kg5s1cjl7s3x1mq04gsw | https://section8search.org/utah/layton/stonehedge-i-apts/mz625o85mq51u0eupkfrvc3h,city_state_only,later_financing_or_renamed_same_physical_development,corroborates_all_listed_members_and_address,later_financing_or_renamed_same_physical_development
SAQ_1076,UT|784 RIVERWALK PKWY|LOGAN,RIVER PARK SENIOR HOUSING I | RIVER PARK SENIOR HOUSING II,phase_or_component_evidence,new_two_read_review,2026-08-11,2026-08-11,2026-08-11,public_directory_sitemap,https://section8search.org/sitemap.xml | https://affordablehousinghub.org/sitemap.xml,not_approved,FALSE,2,2,2,retain_each,retain_each,2,Section8Search: RIVER PARK SENIOR HOUSING I | Section8Search: RIVER PARK SENIOR HOUSING II,public_housing_directory,https://section8search.org/utah/logan/river-park-senior-housing-i/kbfxwjrhfd4q4em13aqop1x8 | https://section8search.org/utah/logan/river-park-senior-housing-ii/o3xfx3fuqhwwra4ivjs9lywq,city_state_only,distinct_phases_or_components_common_address,corroborates_all_listed_members_and_address,distinct_phases_or_components_common_address
SAQ_1077,UT|2955 WASHINGTON BLVD|OGDEN,SENIOR LIVING ON WASHINGTON | SENIOR LIVING ON WASHINGTON - PHASE 2,shared_address_only,new_two_read_review,2026-08-11,2026-08-11,2026-08-11,public_directory_sitemap,https://section8search.org/sitemap.xml | https://affordablehousinghub.org/sitemap.xml,not_approved,FALSE,2,2,2,retain_each,retain_each,2,Section8Search: SENIOR LIVING ON WASHINGTON | Section8Search: SENIOR LIVING ON WASHINGTON - PHASE 2,public_housing_directory,https://section8search.org/utah/ogden/senior-living-on-washington-phase-2/a5fxjcpihr807zxxbiaobd18 | https://section8search.org/utah/ogden/senior-living-on-washington/xwa5suxckwajd7vp2e5fj0lt,city_state_only | exact_standardized_site,shared_address_without_sufficient_identity_evidence,corroborates_all_listed_members_and_address,shared_address_without_sufficient_identity_evidence
SAQ_1078,UT|315 E 300 S|ROOSEVELT,COTTONWOOD APTS. I | COTTONWOOD APTS. II,phase_or_component_evidence,new_two_read_review,2026-08-11,2026-08-11,2026-08-11,public_directory_sitemap,https://section8search.org/sitemap.xml | https://affordablehousinghub.org/sitemap.xml,not_approved,FALSE,2,2,2,retain_each,retain_each,2,Section8Search: COTTONWOOD APTS. I | Section8Search: COTTONWOOD APTS. II,public_housing_directory,https://section8search.org/utah/roosevelt/cottonwood-apts-i/l2ov17mokagafb4k7kr7o09k | https://section8search.org/utah/roosevelt/cottonwood-apts-ii/tvhmcyyqb7udcsicys7g58ka,city_state_only,distinct_phases_or_components_common_address,corroborates_all_listed_members_and_address,distinct_phases_or_components_common_address
SAQ_1079,UT|375 N 500 W|SALT LAKE CITY,NORTH 4TH APARTMENTS | PROJECT OPEN 2,shared_address_only,new_two_read_review,2026-08-11,2026-08-11,2026-08-11,public_directory_sitemap,https://section8search.org/sitemap.xml | https://affordablehousinghub.org/sitemap.xml,not_approved,FALSE,2,2,2,retain_each,retain_each,2,Section8Search: NORTH 4TH APARTMENTS | Section8Search: PROJECT OPEN 2,public_housing_directory,https://section8search.org/utah/salt-lake-city/north-4th-apartments/vzz7y46n4elg5ds3i0yyv5hv | https://section8search.org/utah/salt-lake-city/project-open-2/wmt0s21t7b5ivjwc0bfri4sm,exact_standardized_site,shared_address_without_sufficient_identity_evidence,corroborates_all_listed_members_and_address,shared_address_without_sufficient_identity_evidence
SAQ_1080,UT|1737 W 360 N|ST GEORGE,CANYON POINTE I | CANYON POINTE II,phase_or_component_evidence,new_two_read_review,2026-08-11,2026-08-11,2026-08-11,public_directory_sitemap,https://section8search.org/sitemap.xml | https://affordablehousinghub.org/sitemap.xml,not_approved,FALSE,2,2,2,retain_each,retain_each,2,Section8Search: CANYON POINTE I | Section8Search: CANYON POINTE II,public_housing_directory,https://section8search.org/utah/st-george/canyon-pointe-i/jxfbpwxfx19ok0z7r2rfwxkq | https://section8search.org/utah/st-george/canyon-pointe-ii/sp4y6xcgpceph8wkf8r95dz9,city_state_only,distinct_phases_or_components_common_address,corroborates_all_listed_members_and_address,distinct_phases_or_components_common_address
SAQ_1081,UT|3424 S RIVER RD|ST GEORGE,FOUNTAIN HEIGHTS I | FOUNTAIN HEIGHTS II,phase_or_component_evidence,new_two_read_review,2026-08-11,2026-08-11,2026-08-11,public_directory_sitemap,https://section8search.org/sitemap.xml | https://affordablehousinghub.org/sitemap.xml,not_approved,FALSE,2,2,2,retain_each,retain_each,2,Section8Search: FOUNTAIN HEIGHTS I | Section8Search: FOUNTAIN HEIGHTS II,public_housing_directory,https://section8search.org/utah/st-george/fountain-heights-i/bfgngr9gmk8f6vyy3p28j2ib | https://section8search.org/utah/st-george/fountain-heights-ii/rpqzlek11bjq5lrwydus8s5j,city_state_only,distinct_phases_or_components_common_address,corroborates_all_listed_members_and_address,distinct_phases_or_components_common_address
SAQ_1082,VA|2317 HUNTINGTON AVE|ALEXANDRIA,ARDEN - BUILDING A | ARDEN - BUILDING B,phase_or_component_evidence,new_two_read_review,2026-08-11,2026-08-11,2026-08-11,focused_web_search,https://www.alexandriava.gov/sites/default/files/2024-10/ahaacpacket_October2024_reduced.pdf,not_approved,FALSE,2,2,1,retain_each,merge_all,2,Alexandria Housing Affordability Advisory Committee packet,municipal_record,https://www.alexandriava.gov/sites/default/files/2024-10/ahaacpacket_October2024_reduced.pdf,manual_source_confirms_listed_address,distinct_phases_or_components_common_address,supports_merge_all,documented_components_one_physical_development
SAQ_1083,VA|7979 JANNA LEE AVE|ALEXANDRIA,CREEKSIDE VILLAGE I | CREEKSIDE VILLAGE II,phase_or_component_evidence,new_two_read_review,2026-08-11,2026-08-11,2026-08-11,public_directory_sitemap,https://section8search.org/sitemap.xml | https://affordablehousinghub.org/sitemap.xml,not_approved,FALSE,2,2,2,retain_each,retain_each,2,Affordable Housing Hub: CREEKSIDE VILLAGE I | Affordable Housing Hub: CREEKSIDE VILLAGE II,public_housing_directory,https://affordablehousinghub.org/housing/virginia/fairfax-county-county/alexandria/creekside-village-i-44470-lihtc | https://affordablehousinghub.org/housing/virginia/fairfax-county-county/alexandria/creekside-village-ii-44150-lihtc,address_not_extracted,distinct_phases_or_components_common_address,corroborates_all_listed_members_and_address,distinct_phases_or_components_common_address
SAQ_1084,VA|2910 S GLEBE RD|ARLINGTON,APEX EAST | BERKELEY,shared_address_only,new_two_read_review,2026-08-11,2026-08-11,2026-08-11,public_directory_sitemap,https://section8search.org/sitemap.xml | https://affordablehousinghub.org/sitemap.xml,not_approved,FALSE,2,2,2,retain_each,retain_each,2,Section8Search: APEX EAST | Section8Search: BERKELEY,public_housing_directory,https://section8search.org/virginia/arlington/apex-east/vbqxvi3iq9wq7g2ldzs5vndz | https://section8search.org/virginia/arlington/berkeley/rtuhpyu06ba4kvc006khfz29,city_state_only | exact_standardized_site,shared_address_without_sufficient_identity_evidence,corroborates_all_listed_members_and_address,shared_address_without_sufficient_identity_evidence
SAQ_1085,VA|3445 WASHINGTON BLVD|ARLINGTON,TERWILLIGER EAST AKA POST EAST FOUR | TERWILLIGER WEST,name_or_timing_evidence,new_two_read_review,2026-08-11,2026-08-11,2026-08-11,focused_web_search,https://arlington.granicus.com/GeneratedAgendaViewer.php?clip_id=3734&view_id=2,not_approved,FALSE,2,1,1,merge_all,merge_all,2,Arlington County Board agenda for Terwilliger Place,municipal_record,https://arlington.granicus.com/GeneratedAgendaViewer.php?clip_id=3734&view_id=2,manual_source_confirms_listed_address,name_or_reporting_variant_same_physical_development,supports_merge_all,documented_components_one_physical_development
SAQ_1086,VA|2218 FARMER LN|CHESAPEAKE,FOREST COVE I | FOREST COVE II | FOREST COVE III,phase_or_component_evidence,new_two_read_review,2026-08-11,2026-08-11,2026-08-11,public_directory_sitemap,https://section8search.org/sitemap.xml | https://affordablehousinghub.org/sitemap.xml,not_approved,FALSE,3,3,3,retain_each,retain_each,3,Affordable Housing Hub: FOREST COVE II | Affordable Housing Hub: FOREST COVE III | Section8Search: FOREST COVE I,public_housing_directory,https://affordablehousinghub.org/housing/virginia/chesapeake-county/chesapeake/forest-cove-ii-44543-lihtc | https://affordablehousinghub.org/housing/virginia/chesapeake-county/chesapeake/forest-cove-iii-44544-lihtc | https://section8search.org/virginia/chesapeake/forest-cove-i/jp8oagdlodin83a00bbh94x3,address_not_extracted | exact_standardized_site,distinct_phases_or_components_common_address,corroborates_all_listed_members_and_address,distinct_phases_or_components_common_address
SAQ_1087,VA|4200 REID ST|CHESAPEAKE,HUNTERS POINT I | HUNTERS POINT II,phase_or_component_evidence,new_two_read_review,2026-08-11,2026-08-11,2026-08-11,public_directory_sitemap,https://section8search.org/sitemap.xml | https://affordablehousinghub.org/sitemap.xml,not_approved,FALSE,2,2,2,retain_each,retain_each,2,Affordable Housing Hub: HUNTERS POINT I | Affordable Housing Hub: HUNTERS POINT II,public_housing_directory,https://affordablehousinghub.org/housing/virginia/chesapeake-county/chesapeake/hunters-point-i-44567-lihtc | https://affordablehousinghub.org/housing/virginia/chesapeake-county/chesapeake/hunters-point-ii-44568-lihtc,address_not_extracted,distinct_phases_or_components_common_address,corroborates_all_listed_members_and_address,distinct_phases_or_components_common_address
SAQ_1088,VA|262 ROBERTSON RD|CRAIGSVILLE,CRAIGMONT APTS II | CRAIGMONT MANOR,shared_address_only,new_two_read_review,2026-08-11,2026-08-11,2026-08-11,public_directory_sitemap,https://section8search.org/sitemap.xml | https://affordablehousinghub.org/sitemap.xml,not_approved,FALSE,2,1,1,merge_all,merge_all,2,Section8Search: CRAIGMONT APTS II | Section8Search: CRAIGMONT MANOR,public_housing_directory,https://section8search.org/virginia/craigsville/craigmont-apts-ii/s071i7m9paona1e7v4j4f16g | https://section8search.org/virginia/craigsville/craigmont-manor/s1ez5uxv82f0vftgve2ssao5,exact_standardized_site,later_financing_or_renamed_same_physical_development,corroborates_all_listed_members_and_address,later_financing_or_renamed_same_physical_development
SAQ_1089,VA|1301 SPRING MEADOW LN|CULPEPER,CULPEPER COMMONS I | CULPEPER COMMONS II,phase_or_component_evidence,new_two_read_review,2026-08-11,2026-08-11,2026-08-11,public_directory_sitemap,https://section8search.org/sitemap.xml | https://affordablehousinghub.org/sitemap.xml,not_approved,FALSE,2,2,2,retain_each,retain_each,2,Section8Search: CULPEPER COMMONS I | Section8Search: CULPEPER COMMONS II,public_housing_directory,https://section8search.org/virginia/culpeper/culpeper-commons-i/tctdl89vk3c4fd7aiboxrh0e | https://section8search.org/virginia/culpeper/culpeper-commons-ii/hyb7a7x166h2dg73jw0rzqk1,exact_standardized_site,distinct_phases_or_components_common_address,corroborates_all_listed_members_and_address,distinct_phases_or_components_common_address
SAQ_1090,VA|11851 MONUMENT DR|FAIRFAX,RESIDENCES AT GOVERNMENT CENTER I | RESIDENCES AT GOVERNMENT CENTER II,phase_or_component_evidence,new_two_read_review,2026-08-11,2026-08-11,2026-08-11,public_directory_sitemap,https://section8search.org/sitemap.xml | https://affordablehousinghub.org/sitemap.xml,not_approved,FALSE,2,2,2,retain_each,retain_each,2,Section8Search: RESIDENCES AT GOVERNMENT CENTER I | Section8Search: RESIDENCES AT GOVERNMENT CENTER II,public_housing_directory,https://section8search.org/virginia/fairfax/residences-at-government-center-i/wuxe9ese2l1g5wmr9tg72ky8 | https://section8search.org/virginia/fairfax/residences-at-government-center-ii/uhdhxr8bf4uo9y5nqajhpljp,city_state_only,distinct_phases_or_components_common_address,corroborates_all_listed_members_and_address,distinct_phases_or_components_common_address
SAQ_1091,VA|3012 PATRICK HENRY DR|FALLS CHURCH,HOLLYBROOKE II | HOLLYBROOKE III,phase_or_component_evidence,new_two_read_review,2026-08-11,2026-08-11,2026-08-11,public_directory_sitemap,https://section8search.org/sitemap.xml | https://affordablehousinghub.org/sitemap.xml,not_approved,FALSE,2,2,2,retain_each,retain_each,2,Affordable Housing Hub: HOLLYBROOKE II | Affordable Housing Hub: HOLLYBROOKE III,public_housing_directory,https://affordablehousinghub.org/housing/virginia/fairfax-county-county/falls-church/hollybrooke-ii-44096-lihtc | https://affordablehousinghub.org/housing/virginia/fairfax-county-county/falls-church/hollybrooke-iii-44097-lihtc,address_not_extracted,distinct_phases_or_components_common_address,corroborates_all_listed_members_and_address,distinct_phases_or_components_common_address
SAQ_1092,VA|316 PENN AVE NW|FLOYD,PINE RIDGE | SPRUCE HILL,shared_address_only,new_two_read_review,2026-08-11,2026-08-11,2026-08-11,public_directory_sitemap,https://section8search.org/sitemap.xml | https://affordablehousinghub.org/sitemap.xml,not_approved,FALSE,2,2,2,retain_each,retain_each,2,Affordable Housing Hub: SPRUCE HILL | Section8Search: PINE RIDGE,public_housing_directory,https://affordablehousinghub.org/housing/virginia/floyd-county/floyd/spruce-hill-44267-lihtc | https://section8search.org/virginia/floyd/pine-ridge/km4hpsqds20tiv28yfpm22av,address_not_extracted | exact_standardized_site,shared_address_without_sufficient_identity_evidence,corroborates_all_listed_members_and_address,shared_address_without_sufficient_identity_evidence
SAQ_1093,VA|18 NEWCASTLE PL|FREDERICKSBURG,ENGLAND RUN NORTH I | ENGLAND RUN NORTH II,phase_or_component_evidence,new_two_read_review,2026-08-11,2026-08-11,2026-08-11,public_directory_sitemap,https://section8search.org/sitemap.xml | https://affordablehousinghub.org/sitemap.xml,not_approved,FALSE,2,2,2,retain_each,retain_each,2,Section8Search: ENGLAND RUN NORTH I | Section8Search: ENGLAND RUN NORTH II,public_housing_directory,https://section8search.org/virginia/fredericksburg/england-run-north-i/l00d8e0qfkldz8pwbl98qxtc | https://section8search.org/virginia/fredericksburg/england-run-north-ii/wfq3k5u2ghx62o1qpxs593ya,exact_standardized_site,distinct_phases_or_components_common_address,corroborates_all_listed_members_and_address,distinct_phases_or_components_common_address
SAQ_1094,VA|5715 CASTLEBRIDGE RD|FREDERICKSBURG,SALEM RUN I | SALEM RUN II,phase_or_component_evidence,new_two_read_review,2026-08-11,2026-08-11,2026-08-11,public_directory_sitemap,https://section8search.org/sitemap.xml | https://affordablehousinghub.org/sitemap.xml,not_approved,FALSE,2,2,2,retain_each,retain_each,2,Section8Search: SALEM RUN I | Section8Search: SALEM RUN II,public_housing_directory,https://section8search.org/virginia/fredericksburg/salem-run-i/kbjdyysk9zgz40ndppc8gtbz | https://section8search.org/virginia/fredericksburg/salem-run-ii/oaioayf73ehz5ttlfzf4a44p,exact_standardized_site,distinct_phases_or_components_common_address,corroborates_all_listed_members_and_address,distinct_phases_or_components_common_address
SAQ_1095,VA|6 DERBY DR|HAMPTON,DERBY RUN I | DERBY RUN II,phase_or_component_evidence,new_two_read_review,2026-08-11,2026-08-11,2026-08-11,public_directory_sitemap,https://section8search.org/sitemap.xml | https://affordablehousinghub.org/sitemap.xml,not_approved,FALSE,2,2,2,retain_each,retain_each,2,Section8Search: DERBY RUN I | Section8Search: DERBY RUN II,public_housing_directory,https://section8search.org/virginia/hampton/derby-run-i/dvknbwvimrfur4agvj5e7h59 | https://section8search.org/virginia/hampton/derby-run-ii/fo9v7gr22iy9vjvgowiyq5ie,exact_standardized_site,distinct_phases_or_components_common_address,corroborates_all_listed_members_and_address,distinct_phases_or_components_common_address
SAQ_1096,VA|873 GRACE ST|HERNDON,HERNDON HARBOR HOUSE I | HERNDON HARBOR HOUSE II,phase_or_component_evidence,new_two_read_review,2026-08-11,2026-08-11,2026-08-11,public_directory_sitemap,https://section8search.org/sitemap.xml | https://affordablehousinghub.org/sitemap.xml,not_approved,FALSE,2,2,2,retain_each,retain_each,2,Section8Search: HERNDON HARBOR HOUSE I | Section8Search: HERNDON HARBOR HOUSE II,public_housing_directory,https://section8search.org/virginia/herndon/herndon-harbor-house-i/p20ns0yyjkwlgcnevkgso7r0 | https://section8search.org/virginia/herndon/herndon-harbor-house-ii/zjfm4zqsf71cz0wfqnkwmiqy,exact_standardized_site,distinct_phases_or_components_common_address,corroborates_all_listed_members_and_address,distinct_phases_or_components_common_address
SAQ_1097,VA|75 PLZ ST NE|LEESBURG,FIELDS OF LEESBURG I | MAYFAIR COMMONS,shared_address_only,new_two_read_review,2026-08-11,2026-08-11,2026-08-11,public_directory_sitemap,https://section8search.org/sitemap.xml | https://affordablehousinghub.org/sitemap.xml,not_approved,FALSE,2,2,2,retain_each,retain_each,2,Section8Search: FIELDS OF LEESBURG I | Section8Search: MAYFAIR COMMONS,public_housing_directory,https://section8search.org/virginia/leesburg/fields-of-leesburg-i/ln3c49tpz64lt1zt2jqxp2p0 | https://section8search.org/virginia/leesburg/mayfair-commons/hsnrowto0dmwrg6vsb6pbjsb,city_state_only,shared_address_without_sufficient_identity_evidence,corroborates_all_listed_members_and_address,shared_address_without_sufficient_identity_evidence
SAQ_1098,VA|4123 MALLARD LANDING CIR|MIDLOTHIAN,MALLARD COVE I | MALLARD COVE II,phase_or_component_evidence,new_two_read_review,2026-08-11,2026-08-11,2026-08-11,public_directory_sitemap,https://section8search.org/sitemap.xml | https://affordablehousinghub.org/sitemap.xml,not_approved,FALSE,2,2,2,retain_each,retain_each,2,Section8Search: MALLARD COVE I | Section8Search: MALLARD COVE II,public_housing_directory,https://section8search.org/virginia/midlothian/mallard-cove-i/gl72vnou37h5ytlm9gytoh8f | https://section8search.org/virginia/midlothian/mallard-cove-ii/ps2cjryovkbb7l0yejyxbhzt,exact_standardized_site,distinct_phases_or_components_common_address,corroborates_all_listed_members_and_address,distinct_phases_or_components_common_address
SAQ_1099,VA|901 FOREST LAKE CT|NEWPORT NEWS,HERITAGE FOREST I | HERITAGE FOREST II,phase_or_component_evidence,new_two_read_review,2026-08-11,2026-08-11,2026-08-11,public_directory_sitemap,https://section8search.org/sitemap.xml | https://affordablehousinghub.org/sitemap.xml,not_approved,FALSE,2,2,2,retain_each,retain_each,2,Affordable Housing Hub: HERITAGE FOREST II | Section8Search: HERITAGE FOREST I,public_housing_directory,https://affordablehousinghub.org/housing/virginia/newport-news-county/newport-news/heritage-forest-ii-44437-lihtc | https://section8search.org/virginia/newport-news/heritage-forest-i/c7nh6jv9qlp190zf2jwii6g1,address_not_extracted | city_state_only,distinct_phases_or_components_common_address,corroborates_all_listed_members_and_address,distinct_phases_or_components_common_address
SAQ_1100,VA|4800 BURNT OAK DR|NORTH CHESTERFIELD,IVY WALK I | IVY WALK II,phase_or_component_evidence,new_two_read_review,2026-08-11,2026-08-11,2026-08-11,public_directory_sitemap,https://section8search.org/sitemap.xml | https://affordablehousinghub.org/sitemap.xml,not_approved,FALSE,2,2,2,retain_each,retain_each,2,Section8Search: IVY WALK I | Section8Search: IVY WALK II,public_housing_directory,https://section8search.org/virginia/north-chesterfield/ivy-walk-i/dtu0mnan98lp1yiydns5u0vo | https://section8search.org/virginia/north-chesterfield/ivy-walk-ii/ox2nx7fj6l5bjjuiisy9x5n1,exact_standardized_site,distinct_phases_or_components_common_address,corroborates_all_listed_members_and_address,distinct_phases_or_components_common_address
SAQ_1101,VA|3401 TPKE RD|PORTSMOUTH,HAMILTON PLACE PHASE I | HAMILTON PLACE PHASE II,phase_or_component_evidence,new_two_read_review,2026-08-11,2026-08-11,2026-08-11,public_directory_sitemap,https://section8search.org/sitemap.xml | https://affordablehousinghub.org/sitemap.xml,not_approved,FALSE,2,2,2,retain_each,retain_each,2,Affordable Housing Hub: HAMILTON PLACE PHASE I | Affordable Housing Hub: HAMILTON PLACE PHASE II,public_housing_directory,https://affordablehousinghub.org/housing/virginia/portsmouth-county/portsmouth/hamilton-place-phase-i-44178-lihtc | https://affordablehousinghub.org/housing/virginia/portsmouth-county/portsmouth/hamilton-place-phase-ii-44435-lihtc,address_not_extracted,distinct_phases_or_components_common_address,corroborates_all_listed_members_and_address,distinct_phases_or_components_common_address
SAQ_1102,VA|300 JEFFRIES DR|RADFORD,NEW RIVER GARDENS II | NEW RIVER OVERLOOK,shared_address_only,new_two_read_review,2026-08-11,2026-08-11,2026-08-11,public_directory_sitemap,https://section8search.org/sitemap.xml | https://affordablehousinghub.org/sitemap.xml,not_approved,FALSE,2,2,2,retain_each,retain_each,2,Affordable Housing Hub: NEW RIVER GARDENS II | Section8Search: NEW RIVER OVERLOOK,public_housing_directory,https://affordablehousinghub.org/housing/virginia/radford-county/radford/new-river-gardens-ii-44183-lihtc | https://section8search.org/virginia/radford/new-river-overlook/npphk4wd51ygb9woa6b0py8g,address_not_extracted | city_state_only,shared_address_without_sufficient_identity_evidence,corroborates_all_listed_members_and_address,shared_address_without_sufficient_identity_evidence
SAQ_1103,VA|2701 E MAIN ST|RICHMOND,JACKSON WARD | TOBACCO LANDING,shared_address_only,new_two_read_review,2026-08-11,2026-08-11,2026-08-11,public_directory_sitemap,https://section8search.org/sitemap.xml | https://affordablehousinghub.org/sitemap.xml,not_approved,FALSE,2,2,2,retain_each,retain_each,2,Section8Search: JACKSON WARD | Section8Search: TOBACCO LANDING,public_housing_directory,https://section8search.org/virginia/richmond/jackson-ward/cm95hgtr3bll3uz8jd2i16vg | https://section8search.org/virginia/richmond/tobacco-landing/j1x5npsmqpcq8ajocreyivy7,exact_standardized_site,shared_address_without_sufficient_identity_evidence,corroborates_all_listed_members_and_address,shared_address_without_sufficient_identity_evidence
SAQ_1104,VA|301 DABBS HOUSE RD|RICHMOND,CARTER WOODS I | CARTER WOODS II,phase_or_component_evidence,new_two_read_review,2026-08-11,2026-08-11,2026-08-11,public_directory_sitemap,https://section8search.org/sitemap.xml | https://affordablehousinghub.org/sitemap.xml,not_approved,FALSE,2,2,2,retain_each,retain_each,2,Section8Search: CARTER WOODS I | Section8Search: CARTER WOODS II,public_housing_directory,https://section8search.org/virginia/richmond/carter-woods-i/n9dfy4y3nr7kr4xmu6zygbwl | https://section8search.org/virginia/richmond/carter-woods-ii/znnmz2m03erohtykdp6qnv2o,exact_standardized_site,distinct_phases_or_components_common_address,corroborates_all_listed_members_and_address,distinct_phases_or_components_common_address
SAQ_1105,VA|4101 N AVE|RICHMOND,LINCOLN MANOR | LINCOLN MEWS I,shared_address_only,new_two_read_review,2026-08-11,2026-08-11,2026-08-11,public_directory_sitemap,https://section8search.org/sitemap.xml | https://affordablehousinghub.org/sitemap.xml,not_approved,FALSE,2,2,2,retain_each,retain_each,2,Affordable Housing Hub: LINCOLN MEWS I | Section8Search: LINCOLN MANOR,public_housing_directory,https://affordablehousinghub.org/housing/virginia/richmond-city-county/richmond/lincoln-mews-i-44352-lihtc | https://section8search.org/virginia/richmond/lincoln-manor/bwapd17mqvq3pbjkhigujkon,address_not_extracted | exact_standardized_site,shared_address_without_sufficient_identity_evidence,corroborates_all_listed_members_and_address,shared_address_without_sufficient_identity_evidence
SAQ_1106,VA|5409 HULL ST RD|RICHMOND,STUDIOS AT SOUTH RICHMOND | STUDIOS II,shared_address_only,new_two_read_review,2026-08-11,2026-08-11,2026-08-11,public_directory_sitemap,https://section8search.org/sitemap.xml | https://affordablehousinghub.org/sitemap.xml,not_approved,FALSE,2,2,2,retain_each,retain_each,2,Section8Search: STUDIOS AT SOUTH RICHMOND | Section8Search: STUDIOS II,public_housing_directory,https://section8search.org/virginia/richmond/studios-at-south-richmond/dsyj738ne1cff56zo7p1jivq | https://section8search.org/virginia/richmond/studios-ii/n4syqb1d1oe1pvj9urcyaft7,city_state_only | exact_standardized_site,shared_address_without_sufficient_identity_evidence,corroborates_all_listed_members_and_address,shared_address_without_sufficient_identity_evidence
SAQ_1107,VA|733 29TH ST NW|ROANOKE,SHENANDOAH VILLAGE (ROANOKE) | VILLAGE IN ROANOKE,shared_address_only,new_two_read_review,2026-08-11,2026-08-11,2026-08-11,public_directory_sitemap,https://section8search.org/sitemap.xml | https://affordablehousinghub.org/sitemap.xml,not_approved,FALSE,2,2,2,retain_each,retain_each,2,Section8Search: SHENANDOAH VILLAGE (ROANOKE) | Section8Search: VILLAGE IN ROANOKE,public_housing_directory,https://section8search.org/virginia/roanoke/shenandoah-village-roanoke/g2z3eug8lg5fjr6g192i6k0d | https://section8search.org/virginia/roanoke/village-in-roanoke/iutn8vc73jse15uvmbpx1for,exact_standardized_site,shared_address_without_sufficient_identity_evidence,corroborates_all_listed_members_and_address,shared_address_without_sufficient_identity_evidence
SAQ_1108,VA|82 SURRY VILLAGE DR|SPRING GROVE,SURRY VILLAGE I | SURRY VILLAGE II,phase_or_component_evidence,new_two_read_review,2026-08-11,2026-08-11,2026-08-11,public_directory_sitemap,https://section8search.org/sitemap.xml | https://affordablehousinghub.org/sitemap.xml,not_approved,FALSE,2,2,2,retain_each,retain_each,2,Section8Search: SURRY VILLAGE I | Section8Search: SURRY VILLAGE II,public_housing_directory,https://section8search.org/virginia/spring-grove/surry-village-i/g5skh9pdk83viqwqkp0yudey | https://section8search.org/virginia/spring-grove/surry-village-ii/lcv7it51hkxo5nn0hkuos41x,exact_standardized_site,distinct_phases_or_components_common_address,corroborates_all_listed_members_and_address,distinct_phases_or_components_common_address
SAQ_1109,VA|21394 MOUNT STERLING TER|STERLING,LOUDOUN VIEW EAST | LOUDOUN VIEW WEST,shared_address_only,new_two_read_review,2026-08-11,2026-08-11,2026-08-11,focused_web_search,https://loudoun.granicus.com/MetaViewer.php?clip_id=7191&meta_id=224515&view_id=89,not_approved,FALSE,2,2,1,retain_each,merge_all,2,Loudoun County housing proposal evaluation,municipal_record,https://loudoun.granicus.com/MetaViewer.php?clip_id=7191&meta_id=224515&view_id=89,manual_source_confirms_listed_address,shared_address_without_sufficient_identity_evidence,supports_merge_all,documented_components_one_physical_development
SAQ_1110,VA|116 NANCY DR|SUFFOLK,LYNNHILL COMMONS I | LYNNHILL COMMONS II,phase_or_component_evidence,new_two_read_review,2026-08-11,2026-08-11,2026-08-11,public_directory_sitemap,https://section8search.org/sitemap.xml | https://affordablehousinghub.org/sitemap.xml,not_approved,FALSE,2,2,2,retain_each,retain_each,2,Section8Search: LYNNHILL COMMONS I | Section8Search: LYNNHILL COMMONS II,public_housing_directory,https://section8search.org/virginia/suffolk/lynnhill-commons-i/c7ein8fkas64n4d1kyj9fy27 | https://section8search.org/virginia/suffolk/lynnhill-commons-ii/iz1p4ftevedc8k145qokzs55,exact_standardized_site,distinct_phases_or_components_common_address,corroborates_all_listed_members_and_address,distinct_phases_or_components_common_address
SAQ_1111,VA|1025 COLLEGE PARK BLVD|VIRGINIA BEACH,JAMESTOWN COMMONS I | JAMESTOWN COMMONS II,phase_or_component_evidence,new_two_read_review,2026-08-11,2026-08-11,2026-08-11,public_directory_sitemap,https://section8search.org/sitemap.xml | https://affordablehousinghub.org/sitemap.xml,not_approved,FALSE,2,2,2,retain_each,retain_each,2,Section8Search: JAMESTOWN COMMONS I | Section8Search: JAMESTOWN COMMONS II,public_housing_directory,https://section8search.org/virginia/virginia-beach/jamestown-commons-i/ec303ak2edigjo4monybwq5h | https://section8search.org/virginia/virginia-beach/jamestown-commons-ii/lw7j9e3t7lyx2q7nfbaja67v,exact_standardized_site,distinct_phases_or_components_common_address,corroborates_all_listed_members_and_address,distinct_phases_or_components_common_address
SAQ_1112,VA|721 CHIMNEY HILL PKWY|VIRGINIA BEACH,HOLLAND HOUSE I | HOLLAND HOUSE II,phase_or_component_evidence,new_two_read_review,2026-08-11,2026-08-11,2026-08-11,public_directory_sitemap,https://section8search.org/sitemap.xml | https://affordablehousinghub.org/sitemap.xml,not_approved,FALSE,2,2,2,retain_each,retain_each,2,Section8Search: HOLLAND HOUSE I | Section8Search: HOLLAND HOUSE II,public_housing_directory,https://section8search.org/virginia/virginia-beach/holland-house-i/yy0a12l7ms8jfo5an4359j5a | https://section8search.org/virginia/virginia-beach/holland-house-ii/fyd70ptz2aplnq36czwlx0rz,exact_standardized_site,distinct_phases_or_components_common_address,corroborates_all_listed_members_and_address,distinct_phases_or_components_common_address
SAQ_1113,VA|13671 CRIDERCREST PL|WOODBRIDGE,CROSSINGS AT SUMMERLAND | SUMMERLAND HEIGHTS II,shared_address_only,new_two_read_review,2026-08-11,2026-08-11,2026-08-11,public_directory_sitemap,https://section8search.org/sitemap.xml | https://affordablehousinghub.org/sitemap.xml,not_approved,FALSE,2,2,2,retain_each,retain_each,2,Section8Search: CROSSINGS AT SUMMERLAND | Section8Search: SUMMERLAND HEIGHTS II,public_housing_directory,https://section8search.org/virginia/woodbridge/crossings-at-summerland/h114yr1wn6qnumqljwrqeg7s | https://section8search.org/virginia/woodbridge/summerland-heights-ii/zu0lezzylj7eyxqhooi4xjxk,exact_standardized_site,shared_address_without_sufficient_identity_evidence,corroborates_all_listed_members_and_address,shared_address_without_sufficient_identity_evidence
SAQ_1114,VA|15750 NORRIS POINT WAY|WOODBRIDGE,LANDINGS AT MARKHAMS GRANT I | LANDINGS AT MARKHAMS GRANT II,phase_or_component_evidence,new_two_read_review,2026-08-11,2026-08-11,2026-08-11,public_directory_sitemap,https://section8search.org/sitemap.xml | https://affordablehousinghub.org/sitemap.xml,not_approved,FALSE,2,2,2,retain_each,retain_each,2,Section8Search: LANDINGS AT MARKHAMS GRANT I | Section8Search: LANDINGS AT MARKHAMS GRANT II,public_housing_directory,https://section8search.org/virginia/woodbridge/landings-at-markhams-grant-i/on10hdzs7o3flpqsgyrxjdfr | https://section8search.org/virginia/woodbridge/landings-at-markhams-grant-ii/avp22a0rqmog1ukqap39wuzd,exact_standardized_site,distinct_phases_or_components_common_address,corroborates_all_listed_members_and_address,distinct_phases_or_components_common_address
SAQ_1115,VT|300 LAKE ST|BURLINGTON,WATERFRONT HOUSING | WATERSIDE HOUSING,shared_address_only,new_two_read_review,2026-08-11,2026-08-11,2026-08-11,public_directory_sitemap,https://section8search.org/sitemap.xml | https://affordablehousinghub.org/sitemap.xml,not_approved,FALSE,2,1,1,merge_all,merge_all,1,Section8Search: WATERFRONT HOUSING,public_housing_directory,https://section8search.org/vermont/burlington/waterfront-housing/e0xtbxlhw7wrcozu78hxjp1s,exact_standardized_site,later_financing_or_renamed_same_physical_development,corroborates_part_of_listed_members_and_address,later_financing_or_renamed_same_physical_development
SAQ_1116,VT|128 W ST|ESSEX JUNCTION,WHITCOMB TERRACE | WHITCOMB WOODS,shared_address_only,new_two_read_review,2026-08-11,2026-08-11,2026-08-11,public_directory_sitemap,https://section8search.org/sitemap.xml | https://affordablehousinghub.org/sitemap.xml,not_approved,FALSE,2,2,2,retain_each,retain_each,2,Section8Search: WHITCOMB TERRACE | Section8Search: WHITCOMB WOODS,public_housing_directory,https://section8search.org/vermont/essex-junction/whitcomb-terrace/kjrnb7t1b1vaaiwidfh81ljb | https://section8search.org/vermont/essex-junction/whitcomb-woods/u8rwvc2ys0u5t66fc80vidzv,exact_standardized_site,shared_address_without_sufficient_identity_evidence,corroborates_all_listed_members_and_address,shared_address_without_sufficient_identity_evidence
SAQ_1117,VT|21 CUMMINGS ST|MONTPELIER,CUMMINGS ST APTS | CUMMINGS ST APTS REDEVELOPMENT,shared_address_only,new_two_read_review,2026-08-11,2026-08-11,2026-08-11,public_directory_sitemap,https://section8search.org/sitemap.xml | https://affordablehousinghub.org/sitemap.xml,not_approved,FALSE,2,1,1,merge_all,merge_all,2,Section8Search: CUMMINGS ST APTS | Section8Search: CUMMINGS ST APTS REDEVELOPMENT,public_housing_directory,https://section8search.org/vermont/montpelier/cummings-st-apts-redevelopment/y4m9cltf88zd5ar7tyqs9nkl | https://section8search.org/vermont/montpelier/cummings-st-apts/wseyy5fksbc8cy21wr5vorph,exact_standardized_site,later_financing_or_renamed_same_physical_development,corroborates_all_listed_members_and_address,later_financing_or_renamed_same_physical_development
SAQ_1118,VT|207 STRATTON RD|RUTLAND,MAPLES I | MAPLES II,shared_address_only,new_two_read_review,2026-08-11,2026-08-11,2026-08-11,public_directory_sitemap,https://section8search.org/sitemap.xml | https://affordablehousinghub.org/sitemap.xml,not_approved,FALSE,2,2,2,retain_each,retain_each,2,Section8Search: MAPLES I | Section8Search: MAPLES II,public_housing_directory,https://section8search.org/vermont/rutland/maples-i/r6f5geo51ayi92s151d0mrvr | https://section8search.org/vermont/rutland/maples-ii/xkx1bn6k1vk561d7vjie4xco,exact_standardized_site,shared_address_without_sufficient_identity_evidence,corroborates_all_listed_members_and_address,shared_address_without_sufficient_identity_evidence
SAQ_1119,VT|412 FARRELL ST|SOUTH BURLINGTON,FARRELL STREET SENIOR HOUSING | GRAND WAY COMMONS II,shared_address_only,new_two_read_review,2026-08-11,2026-08-11,2026-08-11,public_directory_sitemap,https://section8search.org/sitemap.xml | https://affordablehousinghub.org/sitemap.xml,not_approved,FALSE,2,2,2,retain_each,retain_each,2,Section8Search: FARRELL STREET SENIOR HOUSING | Section8Search: GRAND WAY COMMONS II,public_housing_directory,https://section8search.org/vermont/south-burlington/farrell-street-senior-housing/j9b0285u2opnzsxu5e3qz971 | https://section8search.org/vermont/south-burlington/grand-way-commons-ii/fhhtlsn3e5xo2c8t8dy5qphz,exact_standardized_site,shared_address_without_sufficient_identity_evidence,corroborates_all_listed_members_and_address,shared_address_without_sufficient_identity_evidence
SAQ_1120,VT|7 ASPEN DR|SOUTH BURLINGTON,PINES PHASE I | PINES PHASE II | PINES PHASE III | PINES PHASE IV,phase_or_component_evidence,new_two_read_review,2026-08-11,2026-08-11,2026-08-11,public_directory_sitemap,https://section8search.org/sitemap.xml | https://affordablehousinghub.org/sitemap.xml,not_approved,FALSE,4,4,4,retain_each,retain_each,4,Affordable Housing Hub: PINES PHASE I | Affordable Housing Hub: PINES PHASE II | Affordable Housing Hub: PINES PHASE III | Section8Search: PINES PHASE IV,public_housing_directory,https://affordablehousinghub.org/housing/vermont/chittenden-county/south-burlington/pines-phase-i-45853-lihtc | https://affordablehousinghub.org/housing/vermont/chittenden-county/south-burlington/pines-phase-ii-45880-lihtc | https://affordablehousinghub.org/housing/vermont/chittenden-county/south-burlington/pines-phase-iii-45908-lihtc | https://section8search.org/vermont/south-burlington/pines-phase-iv/bvgoqmte6bo0804n5bnbst9s,address_not_extracted | exact_standardized_site,distinct_phases_or_components_common_address,corroborates_all_listed_members_and_address,distinct_phases_or_components_common_address
SAQ_1121,VT|426 SUMMER ST|ST JOHNSBURY,ST JOHNSBURY HP PHASE I | ST JOHNSBURY HP PHASE II,phase_or_component_evidence,new_two_read_review,2026-08-11,2026-08-11,2026-08-11,public_directory_sitemap,https://section8search.org/sitemap.xml | https://affordablehousinghub.org/sitemap.xml,not_approved,FALSE,2,2,2,retain_each,retain_each,2,Section8Search: ST JOHNSBURY HP PHASE I | Section8Search: ST JOHNSBURY HP PHASE II,public_housing_directory,https://section8search.org/vermont/st-johnsbury/st-johnsbury-hp-phase-i/i7q001vwokgmmpei1uk7nro2 | https://section8search.org/vermont/st-johnsbury/st-johnsbury-hp-phase-ii/t9sih4ns2pvjyi7n7hr2xhbl,exact_standardized_site,distinct_phases_or_components_common_address,corroborates_all_listed_members_and_address,distinct_phases_or_components_common_address
SAQ_1122,VT|78 HASTINGS ST|ST JOHNSBURY,CALEDONIA HP PHASE I | CALEDONIA HP PHASE II,phase_or_component_evidence,new_two_read_review,2026-08-11,2026-08-11,2026-08-11,public_directory_sitemap,https://section8search.org/sitemap.xml | https://affordablehousinghub.org/sitemap.xml,not_approved,FALSE,2,2,2,retain_each,retain_each,2,Section8Search: CALEDONIA HP PHASE I | Section8Search: CALEDONIA HP PHASE II,public_housing_directory,https://section8search.org/vermont/st-johnsbury/caledonia-hp-phase-i/c5406j9y92c2rjtuhvxlw8x7 | https://section8search.org/vermont/st-johnsbury/caledonia-hp-phase-ii/zg7v7yh1nrdssfkbt99qju14,exact_standardized_site,distinct_phases_or_components_common_address,corroborates_all_listed_members_and_address,distinct_phases_or_components_common_address
SAQ_1123,VT|461 GRAFTON RD|TOWNSHEND,WEST RIVER VALLEY ASSISTED LIVING | WEST RIVER VALLEY ASSISTED LIVING PHASE II,shared_address_only,new_two_read_review,2026-08-11,2026-08-11,2026-08-11,public_directory_sitemap,https://section8search.org/sitemap.xml | https://affordablehousinghub.org/sitemap.xml,not_approved,FALSE,2,2,2,retain_each,retain_each,2,Section8Search: WEST RIVER VALLEY ASSISTED LIVING | Section8Search: WEST RIVER VALLEY ASSISTED LIVING PHASE II,public_housing_directory,https://section8search.org/vermont/townshend/west-river-valley-assisted-living-phase-ii/xvog19kms0uba6s59rqo5u2m | https://section8search.org/vermont/townshend/west-river-valley-assisted-living/anykf5amyibcxaj6gpzwdlk6,exact_standardized_site,shared_address_without_sufficient_identity_evidence,corroborates_all_listed_members_and_address,shared_address_without_sufficient_identity_evidence
SAQ_1124,VT|2844 VT RTE 14|WILLIAMSTOWN,GARDENS I @ WILLIAMSTOWN SQUARE | GARDENS II @ WILLIAMSTOWN SQUARE,phase_or_component_evidence,new_two_read_review,2026-08-11,2026-08-11,2026-08-11,public_directory_sitemap,https://section8search.org/sitemap.xml | https://affordablehousinghub.org/sitemap.xml,not_approved,FALSE,2,2,2,retain_each,retain_each,2,Section8Search: GARDENS I @ WILLIAMSTOWN SQUARE | Section8Search: GARDENS II @ WILLIAMSTOWN SQUARE,public_housing_directory,https://section8search.org/vermont/williamstown/gardens-i-williamstown-square/ba7cr8akftpjbqrhoa76mlh2 | https://section8search.org/vermont/williamstown/gardens-ii-williamstown-square/yvf7kwb9e89cjkclahj2pvwf,exact_standardized_site,distinct_phases_or_components_common_address,corroborates_all_listed_members_and_address,distinct_phases_or_components_common_address
SAQ_1125,VT|1 UNION ST|WINDSOR,6 UNION ST | ARMORY SQUARE | NAMCO BLOCK ALLOCATED,shared_address_only,new_two_read_review,2026-08-11,2026-08-11,2026-08-11,public_directory_sitemap,https://section8search.org/sitemap.xml | https://affordablehousinghub.org/sitemap.xml,not_approved,FALSE,3,3,3,retain_each,retain_each,2,Affordable Housing Hub: ARMORY SQUARE | Section8Search: NAMCO BLOCK ALLOCATED,public_housing_directory,https://affordablehousinghub.org/housing/vermont/windsor-county/windsor/armory-square-45723-lihtc | https://section8search.org/vermont/windsor/namco-block-allocated/u83iqgunhz2whdcp6g4j33b5,address_not_extracted | exact_standardized_site,shared_address_without_sufficient_identity_evidence,corroborates_part_of_listed_members_and_address,shared_address_without_sufficient_identity_evidence
SAQ_1126,WA|509 S TIETON AVE|WAPATO,AUTUMN RIDGE | HARMONY PARK,shared_address_only,new_two_read_review,2026-08-11,2026-08-11,2026-08-11,public_directory_sitemap,https://section8search.org/sitemap.xml | https://affordablehousinghub.org/sitemap.xml,not_approved,FALSE,2,2,2,retain_each,retain_each,2,Affordable Housing Hub: AUTUMN RIDGE | Affordable Housing Hub: HARMONY PARK,public_housing_directory,https://affordablehousinghub.org/housing/washington/yakima-county/wapato/autumn-ridge-45459-lihtc | https://affordablehousinghub.org/housing/washington/yakima-county/wapato/harmony-park-45704-lihtc,address_not_extracted,shared_address_without_sufficient_identity_evidence,corroborates_all_listed_members_and_address,shared_address_without_sufficient_identity_evidence
SAQ_1127,WI|304 W TIELKY ST|BEAR CREEK,SCHOOL HOUSE APTS (BEAR CREEK) | SCHOOL HOUSE APTS (BEAR CREEK) PHASE II,shared_address_only,new_two_read_review,2026-08-11,2026-08-11,2026-08-11,public_directory_sitemap,https://section8search.org/sitemap.xml | https://affordablehousinghub.org/sitemap.xml,not_approved,FALSE,2,2,2,retain_each,retain_each,2,Section8Search: SCHOOL HOUSE APTS (BEAR CREEK) | Section8Search: SCHOOL HOUSE APTS (BEAR CREEK) PHASE II,public_housing_directory,https://section8search.org/wisconsin/bear-creek/school-house-apts-bear-creek-phase-ii/l4j86hngza0z9ahcscl8gani | https://section8search.org/wisconsin/bear-creek/school-house-apts-bear-creek/hwi3owj51qcwwabej7ec4oby,exact_standardized_site,shared_address_without_sufficient_identity_evidence,corroborates_all_listed_members_and_address,shared_address_without_sufficient_identity_evidence
SAQ_1128,WI|145 RYE BLUFF RD|BLACK RIVER FALLS,BLACK RIVER RUN APTS | COUNTRY VIEW APTS (BLACK RIVER FALLS),shared_address_only,new_two_read_review,2026-08-11,2026-08-11,2026-08-11,public_directory_sitemap,https://section8search.org/sitemap.xml | https://affordablehousinghub.org/sitemap.xml,not_approved,FALSE,2,2,2,retain_each,retain_each,2,Section8Search: BLACK RIVER RUN APTS | Section8Search: COUNTRY VIEW APTS (BLACK RIVER FALLS),public_housing_directory,https://section8search.org/wisconsin/black-river-falls/black-river-run-apts/sscwt72k6mppgwacoetey052 | https://section8search.org/wisconsin/black-river-falls/country-view-apts-black-river-falls/kh2s09iclml857kxkb3vo5do,exact_standardized_site,shared_address_without_sufficient_identity_evidence,corroborates_all_listed_members_and_address,shared_address_without_sufficient_identity_evidence
SAQ_1129,WI|4195 W BRADLEY RD|BROWN DEER,DEERWOOD CROSSING | DEERWOOD CROSSING II,shared_address_only,new_two_read_review,2026-08-11,2026-08-11,2026-08-11,public_directory_sitemap,https://section8search.org/sitemap.xml | https://affordablehousinghub.org/sitemap.xml,not_approved,FALSE,2,2,2,retain_each,retain_each,2,Section8Search: DEERWOOD CROSSING | Section8Search: DEERWOOD CROSSING II,public_housing_directory,https://section8search.org/wisconsin/brown-deer/deerwood-crossing-ii/hmhjv1rjfszu9tcw6h7q8yem | https://section8search.org/wisconsin/brown-deer/deerwood-crossing/vqp5owmcpwoc4fkf90psd3zq,city_state_only | exact_standardized_site,shared_address_without_sufficient_identity_evidence,corroborates_all_listed_members_and_address,shared_address_without_sufficient_identity_evidence
SAQ_1130,WI|9501 W LOOMIS RD|FRANKLIN,BRENWOOD PARK SENIOR COMMUNITY | BRENWOOD PARK SENIOR COMMUNITY PHASE II,shared_address_only,new_two_read_review,2026-08-11,2026-08-11,2026-08-11,public_directory_sitemap,https://section8search.org/sitemap.xml | https://affordablehousinghub.org/sitemap.xml,not_approved,FALSE,2,2,2,retain_each,retain_each,2,Section8Search: BRENWOOD PARK SENIOR COMMUNITY | Section8Search: BRENWOOD PARK SENIOR COMMUNITY PHASE II,public_housing_directory,https://section8search.org/wisconsin/franklin/brenwood-park-senior-community-phase-ii/ykdr1bgybqjdad2sp4wwos7i | https://section8search.org/wisconsin/franklin/brenwood-park-senior-community/hyv4q95uxt0noy9pryvl5xyz,exact_standardized_site,shared_address_without_sufficient_identity_evidence,corroborates_all_listed_members_and_address,shared_address_without_sufficient_identity_evidence
SAQ_1131,WI|1935 MILLER ST|LA CROSSE,WEDGEWOOD COMMONS | WEDGEWOOD COMMONS II,shared_address_only,new_two_read_review,2026-08-11,2026-08-11,2026-08-11,public_directory_sitemap,https://section8search.org/sitemap.xml | https://affordablehousinghub.org/sitemap.xml,not_approved,FALSE,2,2,2,retain_each,retain_each,2,Section8Search: WEDGEWOOD COMMONS | Section8Search: WEDGEWOOD COMMONS II,public_housing_directory,https://section8search.org/wisconsin/la-crosse/wedgewood-commons-ii/xqdeex08ftm3pyo8d5v9ol8n | https://section8search.org/wisconsin/la-crosse/wedgewood-commons/e8ucebxywsklzq1bfx7p6q1l,exact_standardized_site,shared_address_without_sufficient_identity_evidence,corroborates_all_listed_members_and_address,shared_address_without_sufficient_identity_evidence
SAQ_1132,WI|1144 MORRAINE VIEW DR|MADISON,ELVER PARK I | ELVER PARK II,phase_or_component_evidence,new_two_read_review,2026-08-11,2026-08-11,2026-08-11,public_directory_sitemap,https://section8search.org/sitemap.xml | https://affordablehousinghub.org/sitemap.xml,not_approved,FALSE,2,2,2,retain_each,retain_each,2,Section8Search: ELVER PARK I | Section8Search: ELVER PARK II,public_housing_directory,https://section8search.org/wisconsin/madison/elver-park-i/tav1kvvbo6eritozrbhkvo1t | https://section8search.org/wisconsin/madison/elver-park-ii/keiz0db0wizp0zk8qwr2o8eo,exact_standardized_site,distinct_phases_or_components_common_address,corroborates_all_listed_members_and_address,distinct_phases_or_components_common_address
SAQ_1133,WI|5016 W BURLEIGH ST|MILWAUKEE,ASSISI HOMES II-A | ASSISI HOMES II-B,phase_or_component_evidence,new_two_read_review,2026-08-11,2026-08-11,2026-08-11,public_directory_sitemap,https://section8search.org/sitemap.xml | https://affordablehousinghub.org/sitemap.xml,not_approved,FALSE,2,2,2,retain_each,retain_each,2,Affordable Housing Hub: ASSISI HOMES II-A | Affordable Housing Hub: ASSISI HOMES II-B,public_housing_directory,https://affordablehousinghub.org/housing/wisconsin/milwaukee-county/milwaukee/assisi-homes-ii-a-47615-lihtc | https://affordablehousinghub.org/housing/wisconsin/milwaukee-county/milwaukee/assisi-homes-ii-b-47855-lihtc,address_not_extracted,distinct_phases_or_components_common_address,corroborates_all_listed_members_and_address,distinct_phases_or_components_common_address
SAQ_1134,WI|7795 N POINTE ST|MILWAUKEE,MARINER'S POINTE APTS I | MARINER'S POINTE APTS II,phase_or_component_evidence,new_two_read_review,2026-08-11,2026-08-11,2026-08-11,focused_web_search,https://www.wheda.com/globalassets/documents/tax-credits/mf-data-library/awarded-htcs.pdf | https://affordablesearch.com/apartments/Listing.aspx?id=13771,not_approved,FALSE,2,2,1,retain_each,merge_all,2,WHEDA awards and Mariners Pointe property listing,allocating_agency | public_property_directory,https://www.wheda.com/globalassets/documents/tax-credits/mf-data-library/awarded-htcs.pdf | https://affordablesearch.com/apartments/Listing.aspx?id=13771,manual_source_confirms_listed_address,distinct_phases_or_components_common_address,supports_merge_all,documented_components_one_physical_development
SAQ_1135,WI|100 CT ST|OSHKOSH,TOWER REDEVELOPMENT LLC | TOWER REDEVELOPMENT PHASE 2 LLC,shared_address_only,new_two_read_review,2026-08-11,2026-08-11,2026-08-11,public_directory_sitemap,https://section8search.org/sitemap.xml | https://affordablehousinghub.org/sitemap.xml,not_approved,FALSE,2,2,2,retain_each,retain_each,2,Section8Search: TOWER REDEVELOPMENT LLC | Section8Search: TOWER REDEVELOPMENT PHASE 2 LLC,public_housing_directory,https://section8search.org/wisconsin/oshkosh/tower-redevelopment-llc/risyl3kqx69cnrorlv1b0j6y | https://section8search.org/wisconsin/oshkosh/tower-redevelopment-phase-2-llc/fzk15rnmugmxrcbd6br1cdu1,city_state_only,shared_address_without_sufficient_identity_evidence,corroborates_all_listed_members_and_address,shared_address_without_sufficient_identity_evidence
SAQ_1136,WI|5321 DOUGLAS AVE|RACINE,PARKVIEW GARDENS | PARKVIEW GARDENS II,shared_address_only,new_two_read_review,2026-08-11,2026-08-11,2026-08-11,public_directory_sitemap,https://section8search.org/sitemap.xml | https://affordablehousinghub.org/sitemap.xml,not_approved,FALSE,2,2,2,retain_each,retain_each,2,Section8Search: PARKVIEW GARDENS | Section8Search: PARKVIEW GARDENS II,public_housing_directory,https://section8search.org/wisconsin/racine/parkview-gardens-ii/ew5ob0cr9zu6hcn55nf7bt1y | https://section8search.org/wisconsin/racine/parkview-gardens/p68rk6b0uu5vy3qckcjoerw0,exact_standardized_site,shared_address_without_sufficient_identity_evidence,corroborates_all_listed_members_and_address,shared_address_without_sufficient_identity_evidence
SAQ_1137,WI|300 MACK DR|REEDSBURG,"REEDSBURG MAPLE RIDGE SENIOR HOUSING | SOUTHERN BOND POOL I - MAPLE RIDGE, REEDSBURG",shared_address_only,new_two_read_review,2026-08-11,2026-08-11,2026-08-11,public_directory_sitemap,https://section8search.org/sitemap.xml | https://affordablehousinghub.org/sitemap.xml,not_approved,FALSE,2,1,1,merge_all,merge_all,2,"Section8Search: REEDSBURG MAPLE RIDGE SENIOR HOUSING | Section8Search: SOUTHERN BOND POOL I - MAPLE RIDGE, REEDSBURG",public_housing_directory,https://section8search.org/wisconsin/reedsburg/reedsburg-maple-ridge-senior-housing/pl9fdw3g6aoea4iex9znra3z | https://section8search.org/wisconsin/reedsburg/southern-bond-pool-i-maple-ridge-reedsburg/htm2p6ptct4leuyl0ctfj6m9,exact_standardized_site,later_financing_or_renamed_same_physical_development,corroborates_all_listed_members_and_address,later_financing_or_renamed_same_physical_development
SAQ_1138,WI|1300 BRIGGS CT|STEVENS POINT,HI-RISE AFFORDABLE HOUSING PHASE 1 | HI-RISE AFFORDABLE HOUSING PHASE 2,phase_or_component_evidence,new_two_read_review,2026-08-11,2026-08-11,2026-08-11,public_directory_sitemap,https://section8search.org/sitemap.xml | https://affordablehousinghub.org/sitemap.xml,not_approved,FALSE,2,2,2,retain_each,retain_each,2,Affordable Housing Hub: HI-RISE AFFORDABLE HOUSING PHASE 1 | Affordable Housing Hub: HI-RISE AFFORDABLE HOUSING PHASE 2,public_housing_directory,https://affordablehousinghub.org/housing/wisconsin/portage-county/stevens-point/hi-rise-affordable-housing-phase-1-47755-lihtc | https://affordablehousinghub.org/housing/wisconsin/portage-county/stevens-point/hi-rise-affordable-housing-phase-2-47754-lihtc,address_not_extracted,distinct_phases_or_components_common_address,corroborates_all_listed_members_and_address,distinct_phases_or_components_common_address
SAQ_1139,WI|120 GATEWAY DR|WAUPUN,"SOUTHERN BOND POOL I - GATEWAY, WAUPUN | WAUPUN SENIOR HOUSING",shared_address_only,new_two_read_review,2026-08-11,2026-08-11,2026-08-11,public_directory_sitemap,https://section8search.org/sitemap.xml | https://affordablehousinghub.org/sitemap.xml,not_approved,FALSE,2,2,2,retain_each,retain_each,2,"Section8Search: SOUTHERN BOND POOL I - GATEWAY, WAUPUN | Section8Search: WAUPUN SENIOR HOUSING",public_housing_directory,https://section8search.org/wisconsin/waupun/southern-bond-pool-i-gateway-waupun/uxfz3lzrji8zy2yhq38f1fqr | https://section8search.org/wisconsin/waupun/waupun-senior-housing/qufx8ummn1rb5mlavxag0z3i,exact_standardized_site,shared_address_without_sufficient_identity_evidence,corroborates_all_listed_members_and_address,shared_address_without_sufficient_identity_evidence
SAQ_1140,WV|145 SABLE POINT DR|HURRICANE,SABLE POINT PHASE I | SABLE POINT PHASE II,phase_or_component_evidence,new_two_read_review,2026-08-11,2026-08-11,2026-08-11,public_directory_sitemap,https://section8search.org/sitemap.xml | https://affordablehousinghub.org/sitemap.xml,not_approved,FALSE,2,2,2,retain_each,retain_each,2,Section8Search: SABLE POINT PHASE I | Section8Search: SABLE POINT PHASE II,public_housing_directory,https://section8search.org/west-virginia/hurricane/sable-point-phase-i/wd3ruqk200utz0vz3mih4dnu | https://section8search.org/west-virginia/hurricane/sable-point-phase-ii/r2spspsf0xzh6tdotj007x9k,exact_standardized_site,distinct_phases_or_components_common_address,corroborates_all_listed_members_and_address,distinct_phases_or_components_common_address
SAQ_1141,WV|85 MEGAN ST|KEARNEYSVILLE,BAKER HEIGHTS APTS | BAKER HEIGHTS II APTS,shared_address_only,new_two_read_review,2026-08-11,2026-08-11,2026-08-11,public_directory_sitemap,https://section8search.org/sitemap.xml | https://affordablehousinghub.org/sitemap.xml,not_approved,FALSE,2,2,2,retain_each,retain_each,2,Affordable Housing Hub: BAKER HEIGHTS II APTS | Section8Search: BAKER HEIGHTS APTS,public_housing_directory,https://affordablehousinghub.org/housing/west-virginia/berkeley-county/kearneysville/baker-heights-ii-apts-48707-lihtc | https://section8search.org/west-virginia/kearneysville/baker-heights-apts/c5mxz1cjvb2rcx55ov5zldnl,address_not_extracted | exact_standardized_site,shared_address_without_sufficient_identity_evidence,corroborates_all_listed_members_and_address,shared_address_without_sufficient_identity_evidence
SAQ_1142,WV|74 POST MILL WAY|MINERAL WELLS,POST MILL APARTMENTS | POST MILL APTS,shared_address_only,new_two_read_review,2026-08-11,2026-08-11,2026-08-11,public_directory_sitemap,https://section8search.org/sitemap.xml | https://affordablehousinghub.org/sitemap.xml,not_approved,FALSE,2,1,1,merge_all,merge_all,2,Section8Search: POST MILL APARTMENTS | Section8Search: POST MILL APTS,public_housing_directory,https://section8search.org/west-virginia/mineral-wells/post-mill-apartments/kk5otudob9l0oj4imwszt6mg | https://section8search.org/west-virginia/mineral-wells/post-mill-apts/m10ccx9mofh0iq1qfoo8z94g,exact_standardized_site,later_financing_or_renamed_same_physical_development,corroborates_all_listed_members_and_address,later_financing_or_renamed_same_physical_development
SAQ_1143,WV|205 GLEN ABBEY LN|MORGANTOWN,GREENE GLEN I | GREENE GLEN II,phase_or_component_evidence,new_two_read_review,2026-08-11,2026-08-11,2026-08-11,public_directory_sitemap,https://section8search.org/sitemap.xml | https://affordablehousinghub.org/sitemap.xml,not_approved,FALSE,2,2,2,retain_each,retain_each,2,Section8Search: GREENE GLEN I | Section8Search: GREENE GLEN II,public_housing_directory,https://section8search.org/west-virginia/morgantown/greene-glen-i/rntuzuyeysjqbajf653larsq | https://section8search.org/west-virginia/morgantown/greene-glen-ii/z6v5qpcpvvosrncsv3sn280k,exact_standardized_site,distinct_phases_or_components_common_address,corroborates_all_listed_members_and_address,distinct_phases_or_components_common_address
SAQ_1144,WV|100 CROSSROADS VLG|NITRO,CROSSROADS VILLAGE APTS PHASE I | CROSSROADS VILLAGE APTS PHASE II,phase_or_component_evidence,new_two_read_review,2026-08-11,2026-08-11,2026-08-11,public_directory_sitemap,https://section8search.org/sitemap.xml | https://affordablehousinghub.org/sitemap.xml,not_approved,FALSE,2,2,2,retain_each,retain_each,2,Section8Search: CROSSROADS VILLAGE APTS PHASE I | Section8Search: CROSSROADS VILLAGE APTS PHASE II,public_housing_directory,https://section8search.org/west-virginia/nitro/crossroads-village-apts-phase-i/zrkfgu1fci4xwqunxbv3b82h | https://section8search.org/west-virginia/nitro/crossroads-village-apts-phase-ii/uoi9m0tuadyu2a9fqqdxty4b,exact_standardized_site,distinct_phases_or_components_common_address,corroborates_all_listed_members_and_address,distinct_phases_or_components_common_address
SAQ_1145,WV|2412 COVERT ST|PARKERSBURG,TERRAPIN PARK | TERRAPIN PARK TOWN HOMES,shared_address_only,new_two_read_review,2026-08-11,2026-08-11,2026-08-11,public_directory_sitemap,https://section8search.org/sitemap.xml | https://affordablehousinghub.org/sitemap.xml,not_approved,FALSE,2,1,1,merge_all,merge_all,2,Section8Search: TERRAPIN PARK | Section8Search: TERRAPIN PARK TOWN HOMES,public_housing_directory,https://section8search.org/west-virginia/parkersburg/terrapin-park-town-homes/e8yaz1mjzzcijbf7wcy5j2ow | https://section8search.org/west-virginia/parkersburg/terrapin-park/y2ceytb2mv8vtcbp4fds62f5,city_state_only | exact_standardized_site,later_financing_or_renamed_same_physical_development,corroborates_all_listed_members_and_address,later_financing_or_renamed_same_physical_development
SAQ_1146,WV|229 AUTUMN DR|RANSON,CRANES MEADOW APTS PHASE I | CRANES MEADOW APTS PHASE II,phase_or_component_evidence,new_two_read_review,2026-08-11,2026-08-11,2026-08-11,public_directory_sitemap,https://section8search.org/sitemap.xml | https://affordablehousinghub.org/sitemap.xml,not_approved,FALSE,2,2,2,retain_each,retain_each,2,Section8Search: CRANES MEADOW APTS PHASE I | Section8Search: CRANES MEADOW APTS PHASE II,public_housing_directory,https://section8search.org/west-virginia/ranson/cranes-meadow-apts-phase-i/w7yge43k0p1bbhdacr73lwqn | https://section8search.org/west-virginia/ranson/cranes-meadow-apts-phase-ii/xmq9wgh2xgw8lzux3ml6x71l,exact_standardized_site,distinct_phases_or_components_common_address,corroborates_all_listed_members_and_address,distinct_phases_or_components_common_address
SAQ_1147,WV|400 CHURCH ST|SPENCER,HART HOUSE APTS | HART HOUSE II APARTMENTS,shared_address_only,new_two_read_review,2026-08-11,2026-08-11,2026-08-11,public_directory_sitemap,https://section8search.org/sitemap.xml | https://affordablehousinghub.org/sitemap.xml,not_approved,FALSE,2,2,2,retain_each,retain_each,1,Section8Search: HART HOUSE APTS,public_housing_directory,https://section8search.org/west-virginia/spencer/hart-house-apts/z2n1ctypj0p75v3kqsadzt3j,exact_standardized_site,shared_address_without_sufficient_identity_evidence,corroborates_part_of_listed_members_and_address,shared_address_without_sufficient_identity_evidence
SAQ_1148,WY|1900 RAINBOW RD|CHEYENNE,PERSHING POINTE II | PERSHING POINTE PHASE III,shared_address_only,new_two_read_review,2026-08-11,2026-08-11,2026-08-11,public_directory_sitemap,https://section8search.org/sitemap.xml | https://affordablehousinghub.org/sitemap.xml,not_approved,FALSE,2,2,2,retain_each,retain_each,2,Section8Search: PERSHING POINTE II | Section8Search: PERSHING POINTE PHASE III,public_housing_directory,https://section8search.org/wyoming/cheyenne/pershing-pointe-ii/bief89524lj91azyv2nmliw9 | https://section8search.org/wyoming/cheyenne/pershing-pointe-phase-iii/rjhtli3wezfzwrar35apoon6,exact_standardized_site,shared_address_without_sufficient_identity_evidence,corroborates_all_listed_members_and_address,shared_address_without_sufficient_identity_evidence
SAQ_1149,WY|4306 DELL RANGE BLVD|CHEYENNE,DELL RANGE SENIOR RESIDENCES | MISSION VILLAGE OF CHEYENNE,shared_address_only,new_two_read_review,2026-08-11,2026-08-11,2026-08-11,public_directory_sitemap,https://section8search.org/sitemap.xml | https://affordablehousinghub.org/sitemap.xml,not_approved,FALSE,2,2,2,retain_each,retain_each,1,Section8Search: MISSION VILLAGE OF CHEYENNE,public_housing_directory,https://section8search.org/wyoming/cheyenne/mission-village-of-cheyenne/ldn8cg2zopffeop9hnt1yhoo,city_state_only,shared_address_without_sufficient_identity_evidence,corroborates_part_of_listed_members_and_address,shared_address_without_sufficient_identity_evidence
