development_id,development_anchor_hud_id,hud_id,episode_number,project,proj_add,proj_cty,proj_st,state_id,yr_pis,yr_alloc,n_unitsr,li_unitr,final_decision,final_reason_code,member_action,adjudicated_development_id,adjudicated_development_anchor_hud_id
DEV_ALA19870025,ALA19870025,ALA19870025,1,EUFAULA ESTATES,2115 S RANDOLPH AVE,EUFAULA,AL,AL-87-0018,1987,1987,53,53,accept,same_property_recapitalization,retain_provisional_group,DEV_ALA19870025,ALA19870025
DEV_ALA19870025,ALA19870025,ALA20150004,2,EUFAULA ESTATES,2115 SOUTH RANDOLPH AVE,EUFAULA,AL,2013055-TC,2015,2013,53,53,accept,same_property_recapitalization,retain_provisional_group,DEV_ALA19870025,ALA19870025
DEV_ALA20150006,ALA20150006,ALA20150006,1,JOHN ENGLAND MANOR,1901 DINAH WASHINGTON AVE,TUSCALOOSA,AL,90050-TC,2015,1991,6,6,accept,same_property_changed_or_component_totals,retain_provisional_group,DEV_ALA20150006,ALA20150006
DEV_ALA20150006,ALA20150006,ALA20150008,2,JOHN ENGLAND MANOR,1901 DINAH WASHINGTON AVE,TUSCALOOSA,AL,89075-TC,2015,1991,35,32,accept,same_property_changed_or_component_totals,retain_provisional_group,DEV_ALA20150006,ALA20150006
DEV_ARA20010080,ARA20010080,ARA20010080,1,SOUTH POINTE APARTMENTS FKA MARIANNA MANOR AP,340 CALIFORNIA ST,MARIANNA,AR,AR-00-55-001,2001,2000,80,79,accept,duplicate_or_parallel_financing_records,retain_provisional_group,DEV_ARA20010080,ARA20010080
DEV_ARA20010080,ARA20010080,ARA20019024,2,SOUTH POINTE APARTMENTS FKA MARIANNA MANOR AP,365 CALIFORNIA ST,MARIANNA,AR,538,2001,2000,80,79,accept,duplicate_or_parallel_financing_records,retain_provisional_group,DEV_ARA20010080,ARA20010080
DEV_ARA20130003,ARA20130003,ARA20130003,1,GARDEN WALK OF BENTONVILLE FKA FAIRFIELD MANO,801 1/2 SE 10TH,BENTONVILLE,AR,AR-92-20,2013,2011,24,24,accept,duplicate_or_parallel_financing_records,retain_provisional_group,DEV_ARA20130003,ARA20130003
DEV_ARA20130003,ARA20130003,ARA20138006,2,GARDEN WALK OF BENTONVILLE FKA FAIRFIELD MANO,801 1/2 SE 10TH STREET,BENTONVILLE,AR,260,2013,2011,24,24,accept,duplicate_or_parallel_financing_records,retain_provisional_group,DEV_ARA20130003,ARA20130003
DEV_ARA20130009,ARA20130009,ARA20130009,1,RIVERSIDE PARK APARTMENTS II FKA PARK PLAZA I,3950 E SERVICE RD,WEST MEMPHIS,AR,AR-95-19,2013,2011,64,64,accept,duplicate_or_parallel_financing_records,retain_provisional_group,DEV_ARA20130009,ARA20130009
DEV_ARA20130009,ARA20130009,ARA20138021,2,RIVERSIDE PARK APARTMENTS II FKA PARK PLAZA I,3968 E SERVICE RD,WEST MEMPHIS,AR,929,2013,2011,64,64,accept,duplicate_or_parallel_financing_records,retain_provisional_group,DEV_ARA20130009,ARA20130009
DEV_ARA20134012,ARA20134012,ARA20134012,1,SOUTHERN CROSSING FKA CROSSROADS,1507 T.L. KIMBRELL,PINE BLUFF,AR,890,2013,2011,65,48,accept,duplicate_or_parallel_financing_records,retain_provisional_group,DEV_ARA20134012,ARA20134012
DEV_ARA20134012,ARA20134012,ARA20138023,2,SOUTHERN CROSSING FKA CROSSROADS,1801 T.L. KIMBRELL,PINE BLUFF,AR,917,2013,2011,65,48,accept,duplicate_or_parallel_financing_records,retain_provisional_group,DEV_ARA20134012,ARA20134012
DEV_AZA19900025,AZA19900025,AZA19900025,1,RAINBOW LAKE APTS,1921 RAINBOW LAKE PL,LAKESIDE,AZ,TC-0480,1990,1990,35,35,accept,same_property_changed_or_component_totals,retain_provisional_group,DEV_AZA19900025,AZA19900025
DEV_AZA19900025,AZA19900025,AZA20119036,2,RAINBOW LAKE APTS,1921 RAINBOW LAKE PL,LAKESIDE,AZ,TC-0480,2011,2009,36,36,accept,same_property_changed_or_component_totals,retain_provisional_group,DEV_AZA19900025,AZA19900025
DEV_CAA19880285,CAA19880285,CAA19880285,1,NOBLE CREEK APTS,775 XENIA AVE,BEAUMONT,CA,CA-88-017,1988,1988,54,54,accept,same_property_changed_or_component_totals,retain_provisional_group,DEV_CAA19880285,CAA19880285
DEV_CAA19880285,CAA19880285,CAA20050737,2,NOBLE CREEK APTS,755 XENIA AVE,BEAUMONT,CA,CA-04-913,2005,2004,108,107,accept,same_property_changed_or_component_totals,retain_provisional_group,DEV_CAA19880285,CAA19880285
DEV_CAA19990715,CAA19990715,CAA19990715,1,WEST CAPITOL COURTYARDS II,2455 W CAPITOL AVE,WEST SACRAMENTO,CA,CA-98-918,1999,1998,74,74,accept,same_property_changed_or_component_totals,retain_provisional_group,DEV_CAA19990715,CAA19990715
DEV_CAA19990715,CAA19990715,CAA20150097,2,WEST CAPITOL COURTYARDS II,2455 WEST CAPITOL AVENUE,WEST SACRAMENTO,CA,CA-13-124,2015,2013,75,74,accept,same_property_changed_or_component_totals,retain_provisional_group,DEV_CAA19990715,CAA19990715
DEV_CAA20132004,CAA20132004,CAA20132004,1,SAN FERNANDO COMMUNITY HOUSING,133 PARK AVENUE,SAN FERNANDO,CA,CA-11-903,2013,2011,62,61,accept,duplicate_or_parallel_financing_records,retain_provisional_group,DEV_CAA20132004,CAA20132004
DEV_CAA20132004,CAA20132004,CAA20138490,2,SAN FERNANDO COMMUNITY HOUSING,133 PARK AVE,SAN FERNANDO,CA,CA-11-903,2013,2011,62,61,accept,duplicate_or_parallel_financing_records,retain_provisional_group,DEV_CAA20132004,CAA20132004
DEV_CAA20141006,CAA20141006,CAA20141006,1,BENDORF DRIVE APARTMENTS,282 DANZE DRIVE,SAN JOSE,CA,CA-13-874,2014,2013,100,99,accept,duplicate_or_parallel_financing_records,retain_provisional_group,DEV_CAA20141006,CAA20141006
DEV_CAA20141006,CAA20141006,CAA20147468,2,BENDORF DRIVE APARTMENTS,282 DANZE DR,SAN JOSE,CA,CA-13-874,2014,2013,100,99,accept,duplicate_or_parallel_financing_records,retain_provisional_group,DEV_CAA20141006,CAA20141006
DEV_CAA20141013,CAA20141013,CAA20141013,1,CALENDULA COURT,928 S. WEBSTER AVENUE,ANAHEIM,CA,CA-13-055,2014,2013,32,31,accept,duplicate_or_parallel_financing_records,retain_provisional_group,DEV_CAA20141013,CAA20141013
DEV_CAA20141013,CAA20141013,CAA20147472,2,CALENDULA COURT,928 S WEBSTER AVE,ANAHEIM,CA,CA-13-055,2014,2013,32,31,accept,duplicate_or_parallel_financing_records,retain_provisional_group,DEV_CAA20141013,CAA20141013
DEV_CAA20141020,CAA20141020,CAA20141020,1,CITY HEIGHTS TEN,3830 43RD STREET,SAN DIEGO,CA,CA-13-893,2014,2013,132,129,accept,duplicate_or_parallel_financing_records,retain_provisional_group,DEV_CAA20141020,CAA20141020
DEV_CAA20141020,CAA20141020,CAA20147474,2,CITY HEIGHTS TEN,3830 43RD ST,SAN DIEGO,CA,CA-13-893,2014,2013,132,129,accept,duplicate_or_parallel_financing_records,retain_provisional_group,DEV_CAA20141020,CAA20141020
DEV_CAA20141030,CAA20141030,CAA20141030,1,EDEN ISSEI TERRACE,200 FAGUNDES STREET,HAYWARD,CA,CA-12-859,2014,2012,100,98,accept,duplicate_or_parallel_financing_records,retain_provisional_group,DEV_CAA20141030,CAA20141030
DEV_CAA20141030,CAA20141030,CAA20147476,2,EDEN ISSEI TERRACE,200 FAGUNDES ST,HAYWARD,CA,CA-12-859,2014,2012,100,98,accept,duplicate_or_parallel_financing_records,retain_provisional_group,DEV_CAA20141030,CAA20141030
DEV_CAA20141033,CAA20141033,CAA20141033,1,FAIRBANKS SQUARE,16050 POTOMAC RIDGE ROAD,SAN DIEGO,CA,CA-13-890,2014,2013,100,98,accept,duplicate_or_parallel_financing_records,retain_provisional_group,DEV_CAA20141033,CAA20141033
DEV_CAA20141033,CAA20141033,CAA20147477,2,FAIRBANKS SQUARE,16050 POTOMAC RIDGE RD,SAN DIEGO,CA,CA-13-890,2014,2013,100,98,accept,duplicate_or_parallel_financing_records,retain_provisional_group,DEV_CAA20141033,CAA20141033
DEV_CAA20141034,CAA20141034,CAA20141034,1,FERNWOOD SENIOR APARTMENTS,45151 FERN AVENUE,LANCASTER,CA,CA-13-907,2014,2013,76,75,accept,duplicate_or_parallel_financing_records,retain_provisional_group,DEV_CAA20141034,CAA20141034
DEV_CAA20141034,CAA20141034,CAA20147478,2,FERNWOOD SENIOR APARTMENTS,45151 FERN AVE,LANCASTER,CA,CA-13-907,2014,2013,76,75,accept,duplicate_or_parallel_financing_records,retain_provisional_group,DEV_CAA20141034,CAA20141034
DEV_CAA20141036,CAA20141036,CAA20141036,1,FULLER LODGE,2141 BANCROFT AVENUE,SAN LEANDRO,CA,CA-12-866,2014,2012,26,25,accept,duplicate_or_parallel_financing_records,retain_provisional_group,DEV_CAA20141036,CAA20141036
DEV_CAA20141036,CAA20141036,CAA20147481,2,FULLER LODGE,2141 BANCROFT AVE,SAN LEANDRO,CA,CA-12-866,2014,2012,26,25,accept,duplicate_or_parallel_financing_records,retain_provisional_group,DEV_CAA20141036,CAA20141036
DEV_CAA20141043,CAA20141043,CAA20141043,1,JUANITA TATE LEGACY TOWERS,4827 SOUTH CENTRAL AVENUE,LOS ANGELES,CA,CA-14-826,2014,2014,118,117,accept,duplicate_or_parallel_financing_records,retain_provisional_group,DEV_CAA20141043,CAA20141043
DEV_CAA20141043,CAA20141043,CAA20147487,2,JUANITA TATE LEGACY TOWERS,4827 S CENTRAL AVE,LOS ANGELES,CA,CA-14-826,2014,2014,118,117,accept,duplicate_or_parallel_financing_records,retain_provisional_group,DEV_CAA20141043,CAA20141043
DEV_CAA20141044,CAA20141044,CAA20141044,1,KINGS RIVER COMMONS,2020 E. DINUBA AVENUE,REEDLEY,CA,CA-13-012,2014,2013,59,59,accept,same_property_changed_or_component_totals,retain_provisional_group,DEV_CAA20141044,CAA20141044
DEV_CAA20141044,CAA20141044,CAA20147488,2,KINGS RIVER COMMONS,2020 E DINUBA AVE,REEDLEY,CA,CA-13-012,2014,2013,60,59,accept,same_property_changed_or_component_totals,retain_provisional_group,DEV_CAA20141044,CAA20141044
DEV_CAA20141056,CAA20141056,CAA20141056,1,OLIVE TREE PLAZA,671 W. A STREET,HAYWARD,CA,CA-12-860,2014,2012,26,25,accept,duplicate_or_parallel_financing_records,retain_provisional_group,DEV_CAA20141056,CAA20141056
DEV_CAA20141056,CAA20141056,CAA20147495,2,OLIVE TREE PLAZA,671 W A ST,HAYWARD,CA,CA-12-860,2014,2012,26,25,accept,duplicate_or_parallel_financing_records,retain_provisional_group,DEV_CAA20141056,CAA20141056
DEV_CAA20141065,CAA20141065,CAA20141065,1,RAMONA ESTATES,1935 E. 122ND STREET,COMPTON,CA,CA-13-877,2014,2013,60,59,accept,same_property_changed_or_component_totals,retain_provisional_group,DEV_CAA20141065,CAA20141065
DEV_CAA20141065,CAA20141065,CAA20147499,2,RAMONA ESTATES,1935 E 122ND ST,COMPTON,CA,CA-13-977,2014,2013,59,59,accept,same_property_changed_or_component_totals,retain_provisional_group,DEV_CAA20141065,CAA20141065
DEV_CAA20141076,CAA20141076,CAA20141076,1,SHERWOOD VILLA,14900 ARLETTE DRIVE,VICTORVILLE,CA,CA-13-904,2014,2013,101,100,accept,duplicate_or_parallel_financing_records,retain_provisional_group,DEV_CAA20141076,CAA20141076
DEV_CAA20141076,CAA20141076,CAA20147504,2,SHERWOOD VILLA,14900 ARLETTE DR,VICTORVILLE,CA,CA-13-904,2014,2013,101,100,accept,duplicate_or_parallel_financing_records,retain_provisional_group,DEV_CAA20141076,CAA20141076
DEV_CAA20141079,CAA20141079,CAA20141079,1,SILVERLAKE APARTMENTS,3740 EVANS STREET,LOS ANGELES,CA,CA-13-839,2014,2013,88,79,accept,duplicate_or_parallel_financing_records,retain_provisional_group,DEV_CAA20141079,CAA20141079
DEV_CAA20141079,CAA20141079,CAA20147505,2,SILVERLAKE APARTMENTS,3740 EVANS ST,LOS ANGELES,CA,CA-13-839,2014,2013,88,79,accept,duplicate_or_parallel_financing_records,retain_provisional_group,DEV_CAA20141079,CAA20141079
DEV_CAA20141084,CAA20141084,CAA20141084,1,SUNNYLANE VILLAGE,2601 SUNNY LANE,BAKERSFIELD,CA,CA-13-167,2014,2013,42,39,accept,same_property_changed_or_component_totals,retain_provisional_group,DEV_CAA20141084,CAA20141084
DEV_CAA20141084,CAA20141084,CAA20147507,2,SUNNYLANE VILLAGE,2601 SUNNY LN,BAKERSFIELD,CA,CA-13-167,2014,2013,41,39,accept,same_property_changed_or_component_totals,retain_provisional_group,DEV_CAA20141084,CAA20141084
DEV_CAA20141098,CAA20141098,CAA20141098,1,WEST SAN CARLOS SENIOR APARTMENTS,1535 W. SAN CARLOS STREET,SAN JOSE,CA,CA-12-202,2014,2012,95,94,accept,duplicate_or_parallel_financing_records,retain_provisional_group,DEV_CAA20141098,CAA20141098
DEV_CAA20141098,CAA20141098,CAA20147515,2,WEST SAN CARLOS SENIOR APARTMENTS,1535 W SAN CARLOS ST,SAN JOSE,CA,CA-12-202,2014,2012,95,94,accept,duplicate_or_parallel_financing_records,retain_provisional_group,DEV_CAA20141098,CAA20141098
DEV_CAA20141100,CAA20141100,CAA20141100,1,WILLOW VILLAGE,1150 NORTH WILLOW AVE.,RIALTO,CA,CA-13-905,2014,2013,100,99,accept,duplicate_or_parallel_financing_records,retain_provisional_group,DEV_CAA20141100,CAA20141100
DEV_CAA20141100,CAA20141100,CAA20147516,2,WILLOW VILLAGE,1150 N WILLOW AVE,RIALTO,CA,CA-13-905,2014,2013,100,99,accept,duplicate_or_parallel_financing_records,retain_provisional_group,DEV_CAA20141100,CAA20141100
DEV_CAA20150036,CAA20150036,CAA20150036,1,JUNIPER TERRACE APARTMENTS,800 JASPER PLACE,YREKA,CA,CA-14-149,2015,2014,55,54,accept,duplicate_or_parallel_financing_records,retain_provisional_group,DEV_CAA20150036,CAA20150036
DEV_CAA20150036,CAA20150036,CAA20156276,2,JUNIPER TERRACE APARTMENTS,800 JASPER PL,YREKA,CA,CA-14-149,2015,2014,55,54,accept,duplicate_or_parallel_financing_records,retain_provisional_group,DEV_CAA20150036,CAA20150036
DEV_CAA20150077,CAA20150077,CAA20150077,1,STRAWBERRY CREEK LODGE,1320 ADDISON STREET,BERKELEY,CA,CA-13-871,2015,2013,150,122,accept,duplicate_or_parallel_financing_records,retain_provisional_group,DEV_CAA20150077,CAA20150077
DEV_CAA20150077,CAA20150077,CAA20156281,2,STRAWBERRY CREEK LODGE,1320 ADDISON ST,BERKELEY,CA,CA-13-871,2015,2013,150,122,accept,duplicate_or_parallel_financing_records,retain_provisional_group,DEV_CAA20150077,CAA20150077
DEV_CAA20150078,CAA20150078,CAA20150078,1,STUDIO 819,819 NORTH RENGSTORFF AVENUE,MOUNTAIN VIEW,CA,CA-13-043,2015,2013,49,48,accept,duplicate_or_parallel_financing_records,retain_provisional_group,DEV_CAA20150078,CAA20150078
DEV_CAA20150078,CAA20150078,CAA20156282,2,STUDIO 819,819 N RENGSTORFF AVE,MOUNTAIN VIEW,CA,CA-13-043,2015,2013,49,48,accept,duplicate_or_parallel_financing_records,retain_provisional_group,DEV_CAA20150078,CAA20150078
DEV_CAA20150089,CAA20150089,CAA20150089,1,VALLEY VIEW APARTMENTS,2148 JASMINE STREET,DELANO,CA,CA-14-812,2015,2014,90,89,accept,duplicate_or_parallel_financing_records,retain_provisional_group,DEV_CAA20150089,CAA20150089
DEV_CAA20150089,CAA20150089,CAA20156285,2,VALLEY VIEW APARTMENTS,2148 JASMINE ST,DELANO,CA,CA-14-812,2015,2014,90,89,accept,duplicate_or_parallel_financing_records,retain_provisional_group,DEV_CAA20150089,CAA20150089
DEV_CAA20150101,CAA20150101,CAA20150101,1,WILLIAM PENN MANOR,7025 FRIENDS AVENUE,WHITTIER,CA,CA-14-842,2015,2014,75,74,accept,duplicate_or_parallel_financing_records,retain_provisional_group,DEV_CAA20150101,CAA20150101
DEV_CAA20150101,CAA20150101,CAA20156288,2,WILLIAM PENN MANOR,7025 FRIENDS AVE,WHITTIER,CA,CA-14-842,2015,2014,75,74,accept,duplicate_or_parallel_financing_records,retain_provisional_group,DEV_CAA20150101,CAA20150101
DEV_COA19990005,COA19990005,COA19990005,1,ASPEN COUNTRY INN,38996 HWY 82,ASPEN,CO,CO-97-0032,1999,1997,40,39,accept,same_property_recapitalization,retain_provisional_group,DEV_COA19990005,COA19990005
DEV_COA19990005,COA19990005,COA20170004,2,ASPEN COUNTRY INN,38996 HWY. 82,ASPEN,CO,CO-17-04,2017,2016,40,40,accept,same_property_recapitalization,retain_provisional_group,DEV_COA19990005,COA19990005
DEV_COA20060050,COA20060050,COA20060050,1,BELMAR GROVES,259 S TELLER ST,LAKEWOOD,CO,2004503,2006,2007,118,117,accept,same_property_recapitalization,retain_provisional_group,DEV_COA20060050,COA20060050
DEV_COA20060050,COA20060050,COA20240047,2,BELMAR GROVES,259 SOUTH TELLER STREET,LAKEWOOD,CO,CO-24-04,2024,2023,118,118,accept,same_property_recapitalization,retain_provisional_group,DEV_COA20060050,COA20060050
DEV_CTA20123002,CTA20123002,CTA20123002,1,BAYVIEW TOWERS,300 TRESSER BOULEVARD,STAMFORD,CT,CT-11-016,2012,2011,200,190,accept,same_property_changed_or_component_totals,retain_provisional_group,DEV_CTA20123002,CTA20123002
DEV_CTA20123002,CTA20123002,CTA00000011,2,BAYVIEW TOWERS,300 TRESSER BLVD,STAMFORD,CT,TEMP683,8888,8888,190,190,accept,same_property_changed_or_component_totals,retain_provisional_group,DEV_CTA20123002,CTA20123002
DEV_CTA20150001,CTA20150001,CTA20150001,1,AUGUSTANA HOMES,525 PALISADE AVENUE,BRIDGEPORT,CT,13-003-T4,2015,2013,186,184,accept,same_property_changed_or_component_totals,retain_provisional_group,DEV_CTA20150001,CTA20150001
DEV_CTA20150001,CTA20150001,CTA00000009,2,AUGUSTANA HOMES,525 PALISADE AVE,BRIDGEPORT,CT,TEMP194,8888,8888,325,325,accept,same_property_changed_or_component_totals,retain_provisional_group,DEV_CTA20150001,CTA20150001
DEV_DCB20110805,DCB20110805,DCB20119815,1,MILESTONE APTS-SHERMAN (NEW BEGINNINGS),"2922 SHERMAN AVENUE, NW",WASHINGTON,DC,DCB2011060,2011,2009,15,15,accept,duplicate_or_parallel_financing_records,retain_provisional_group,DEV_DCB20110805,DCB20110805
DEV_DCB20110805,DCB20110805,DCB20110805,2,MILESTONE APTS-SHERMAN (NEW BEGINNINGS),2922 SHERMAN AVE NW,WASHINGTON,DC,DCB2011060-1602,2011,2011,15,15,accept,duplicate_or_parallel_financing_records,retain_provisional_group,DEV_DCB20110805,DCB20110805
DEV_DCB20110808,DCB20110808,DCB20119812,1,MILESTONE APTS-MARIAN RUSSELL,"115 16TH STREET, NE",WASHINGTON,DC,DCB2011045,2011,2010,10,10,accept,same_property_changed_or_component_totals,retain_provisional_group,DEV_DCB20110808,DCB20110808
DEV_DCB20110808,DCB20110808,DCB20110808,2,MILESTONE APTS-MARIAN RUSSELL,115 16TH ST NE,WASHINGTON,DC,DCB2011045-1602,2011,2011,12,10,accept,same_property_changed_or_component_totals,retain_provisional_group,DEV_DCB20110808,DCB20110808
DEV_DEA19970030,DEA19970030,DEA19970030,1,PERSIMMON TREE,500 PERSIMMON TREE LN,DOVER,DE,DE-97-02001-02007,1997,1997,95,95,accept,same_property_changed_or_component_totals,retain_provisional_group,DEV_DEA19970030,DEA19970030
DEV_DEA19970030,DEA19970030,DEA19979004,2,PERSIMMON TREE,500 PERSIMMON TREE LN #211,DOVER,DE,DE162FY9714,1997,1997,96,95,accept,same_property_changed_or_component_totals,retain_provisional_group,DEV_DEA19970030,DEA19970030
DEV_DEA20141002,DEA20141002,DEA20141002,1,WALNUT STREET APARTMENTS AKA JAZZ COURT,313 E FOURTEENTH STREET,WILMINGTON,DE,DE416FY1304,2014,2012,44,43,accept,duplicate_or_parallel_financing_records,retain_provisional_group,DEV_DEA20141002,DEA20141002
DEV_DEA20141002,DEA20141002,DEA20147004,2,WALNUT STREET APARTMENTS AKA JAZZ COURT,313 E FOURTEENTH STREET,WILMINGTON,DE,DE165FY9803,2014,2013,44,43,accept,duplicate_or_parallel_financing_records,retain_provisional_group,DEV_DEA20141002,DEA20141002
DEV_FLA19940809,FLA19940809,FLA19949810,1,CANOPY PLACE,11050 HARTS ROAD,JACKSONVILLE,FL,273,1994,1993,150,150,accept,duplicate_or_parallel_financing_records,retain_provisional_group,DEV_FLA19940809,FLA19940809
DEV_FLA19940809,FLA19940809,FLA19940809,2,CANOPY PLACE,11050 HARTS RD,JACKSONVILLE,FL,273,1994,1994,150,150,accept,duplicate_or_parallel_financing_records,retain_provisional_group,DEV_FLA19940809,FLA19940809
DEV_FLA19950811,FLA19950811,FLA19950811,1,VALENCIA PARK,532 PARK TREE TER,ORLANDO,FL,882,1995,1995,208,208,accept,same_property_recapitalization,retain_provisional_group,DEV_FLA19950811,FLA19950811
DEV_FLA19950811,FLA19950811,FLA20213017,2,VALENCIA PARK,532 PARK TREE TERRACE,ORLANDO,FL,FL-93-882,2021,2024,208,208,accept,same_property_recapitalization,retain_provisional_group,DEV_FLA19950811,FLA19950811
DEV_FLA20040180,FLA20040180,FLA20040180,1,BRENTON AT ABBEY PARK,1921 ABBEY RD,WEST PALM BEACH,FL,1137,2004,2004,160,160,accept,same_property_recapitalization,retain_provisional_group,DEV_FLA20040180,FLA20040180
DEV_FLA20040180,FLA20040180,FLA20204005,2,BRENTON AT ABBEY PARK,1921 ABBEY ROAD,WEST PALM BEACH,FL,FL-02-1137,2020,2024,160,160,accept,same_property_recapitalization,retain_provisional_group,DEV_FLA20040180,FLA20040180
DEV_GAA00000042,GAA00000042,GAA00000042,1,MARY-LEILA LOFTS,316 N W ST,GREENSBORO,GA,GA1012-476,8888,2013,71,71,accept,duplicate_or_parallel_financing_records,retain_provisional_group,DEV_GAA00000042,GAA00000042
DEV_GAA00000042,GAA00000042,GAA20160110,2,MARY-LEILA LOFTS,316 N WEST ST,GREENSBORO,GA,2013-052,2016,2014,71,71,accept,duplicate_or_parallel_financing_records,retain_provisional_group,DEV_GAA00000042,GAA00000042
DEV_GAA19890020,GAA19890020,GAA19890020,1,COUNTRY GROVE,684 PLAZA TRCE,MONROE,GA,GA-89-002,1989,1989,48,48,accept,same_property_changed_or_component_totals,retain_provisional_group,DEV_GAA19890020,GAA19890020
DEV_GAA19890020,GAA19890020,GAA20220008,2,COUNTRY GROVE,686 PLAZA TRACE,MONROE,GA,2020-522,2022,1990,47,47,accept,same_property_changed_or_component_totals,retain_provisional_group,DEV_GAA19890020,GAA19890020
DEV_GAA19900180,GAA19900180,GAA19900180,1,EAST ORCHARD FAMILY,752 NANCY DR,HARTWELL,GA,GA-90-017,1990,1990,24,23,accept,same_property_recapitalization,retain_provisional_group,DEV_GAA19900180,GAA19900180
DEV_GAA19900180,GAA19900180,GAA20240015,2,EAST ORCHARD FAMILY,110 NANCY DRIVE,HARTWELL,GA,2021-009,2024,1990,24,23,accept,same_property_recapitalization,retain_provisional_group,DEV_GAA19900180,GAA19900180
DEV_GAA19900240,GAA19900240,GAA19900240,1,ROCK SPRINGS APARTMENTS,604 BOSS HARDY RD,WINDER,GA,GA-89-011,1990,1989,48,48,accept,same_property_recapitalization,retain_provisional_group,DEV_GAA19900240,GAA19900240
DEV_GAA19900240,GAA19900240,GAA20190013,2,ROCK SPRINGS APARTMENTS,187 SOUTH BROAD ST,WINDER,GA,2017-559,2019,2017,48,48,accept,same_property_recapitalization,retain_provisional_group,DEV_GAA19900240,GAA19900240
DEV_GAA19910100,GAA19910100,GAA19910100,1,EAST ORCHARD ELDERLY,750 NANCY DR,HARTWELL,GA,GA-89-114,1991,1989,24,24,accept,same_property_recapitalization,retain_provisional_group,DEV_GAA19910100,GAA19910100
DEV_GAA19910100,GAA19910100,GAA20220011,2,EAST ORCHARD ELDERLY,110 NANCY DRIVE,HARTWELL,GA,2020-523,2022,2020,24,24,accept,same_property_recapitalization,retain_provisional_group,DEV_GAA19910100,GAA19910100
DEV_GAA19940160,GAA19940160,GAA19940160,1,SABLE CHASE,102 SABLE CHASE BLVD,MCDONOUGH,GA,GA-92-012,1994,1992,152,151,accept,same_property_changed_or_component_totals,retain_provisional_group,DEV_GAA19940160,GAA19940160
DEV_GAA19940160,GAA19940160,GAA19940165,2,SABLE CHASE,200 SABLE CHASE BLVD,MCDONOUGH,GA,GA-92-060,1994,1992,72,71,accept,same_property_changed_or_component_totals,retain_provisional_group,DEV_GAA19940160,GAA19940160
DEV_GAA19940160,GAA19940160,GAA19940245,3,SABLE CHASE,200 SABLE CHASE BLVD,MCDONOUGH,GA,2014-502,1994,1993,225,96,accept,same_property_changed_or_component_totals,retain_provisional_group,DEV_GAA19940160,GAA19940160
DEV_GAA19960085,GAA19960085,GAA19960085,1,FAIR OAKS LANE APARTMENTS,401 LISA ST,RINCON,GA,GA-94-003,1996,1994,44,44,accept,same_property_recapitalization,retain_provisional_group,DEV_GAA19960085,GAA19960085
DEV_GAA19960085,GAA19960085,GAA20240076,2,FAIR OAKS LANE APARTMENTS,401 LISA STREET #200,RINCON,GA,2022-053,2024,2022,44,44,accept,same_property_recapitalization,retain_provisional_group,DEV_GAA19960085,GAA19960085
DEV_GAA19970105,GAA19970105,GAA19970105,1,OAK HILL APARTMENT,105 OAK HILL DR #1000,ATHENS,GA,GA-95-092,1997,2002,220,132,accept,duplicate_or_parallel_financing_records,retain_provisional_group,DEV_GAA19970105,GAA19970105
DEV_GAA19970105,GAA19970105,GAA20030250,2,OAK HILL APARTMENT,105 OAK HILL DR #1000,ATHENS,GA,GA2002-531,2003,2002,220,220,accept,duplicate_or_parallel_financing_records,retain_provisional_group,DEV_GAA19970105,GAA19970105
DEV_GAA19970800,GAA19970800,GAA19970800,1,BRIER CREEK APARTMENTS (NEW),535 BRIER CREEK CT,MILLEN,GA,1996-094,1997,1996,28,28,accept,same_property_changed_or_component_totals,retain_provisional_group,DEV_GAA19970800,GAA19970800
DEV_GAA19970800,GAA19970800,GAA20157150,2,BRIER CREEK APARTMENTS (NEW),535 BRIER CREEK CT,MILLEN,GA,2014-507,2015,2014,29,29,accept,same_property_changed_or_component_totals,retain_provisional_group,DEV_GAA19970800,GAA19970800
DEV_GAA20020105,GAA20020105,GAA20020105,1,ARBOR LAKE,431 KIRKLAND RD,COVINGTON,GA,2001-501,2002,2001,250,250,accept,duplicate_or_parallel_financing_records,retain_provisional_group,DEV_GAA20020105,GAA20020105
DEV_GAA20020105,GAA20020105,GAA20029006,2,ARBOR LAKE,431 KIRKLAND RD,COVINGTON,GA,2018-540,2002,2001,250,249,accept,duplicate_or_parallel_financing_records,retain_provisional_group,DEV_GAA20020105,GAA20020105
DEV_GAA20020225,GAA20020225,GAA20020225,1,TOWNE WEST MANOR,330 BROWNLEE RD SW,ATLANTA,GA,2001-506,2002,2001,106,81,accept,same_property_changed_or_component_totals,retain_provisional_group,DEV_GAA20020225,GAA20020225
DEV_GAA20020225,GAA20020225,GAA20213182,2,TOWNE WEST MANOR,330 BROWNLEE RD SW,ATLANTA,GA,2019-540,2021,2019,108,108,accept,same_property_changed_or_component_totals,retain_provisional_group,DEV_GAA20020225,GAA20020225
DEV_GAA20040080,GAA20040080,GAA20040080,1,ASHLEY MIDTOWN II,1518 E PARK AVE,SAVANNAH,GA,2006-057,2004,2002,38,38,accept,duplicate_or_parallel_financing_records,retain_provisional_group,DEV_GAA20040080,GAA20040080
DEV_GAA20040080,GAA20040080,GAA20080002,2,ASHLEY MIDTOWN II,1518 E PARK AVE,SAVANNAH,GA,GA-06-057,2008,2006,38,38,accept,duplicate_or_parallel_financing_records,retain_provisional_group,DEV_GAA20040080,GAA20040080
DEV_GAA20040095,GAA20040095,GAA20040095,1,ATHENS GARDENS APARTMENTS,135 COLERIDGE CT,ATHENS,GA,2002-547,2004,2004,100,64,accept,same_property_recapitalization,retain_provisional_group,DEV_GAA20040095,GAA20040095
DEV_GAA20040095,GAA20040095,GAA20210006,2,ATHENS GARDENS APARTMENTS,135 COLERIDGE COURT,ATHENS,GA,2019-519,2021,1990,100,100,accept,same_property_recapitalization,retain_provisional_group,DEV_GAA20040095,GAA20040095
DEV_GAA20040235,GAA20040235,GAA20040235,1,RICHMOND SUMMIT,744 BROAD ST,AUGUSTA,GA,2002-558,2004,2002,136,135,accept,duplicate_or_parallel_financing_records,retain_provisional_group,DEV_GAA20040235,GAA20040235
DEV_GAA20040235,GAA20040235,GAA20049047,2,RICHMOND SUMMIT,744 BROAD ST,AUGUSTA,GA,2002-558,2004,2002,136,136,accept,duplicate_or_parallel_financing_records,retain_provisional_group,DEV_GAA20040235,GAA20040235
DEV_GAA20040238,GAA20040238,GAA20040238,1,FULTON POINTE APARTMENTS,4171 WASHINGTON ROAD,ATLANTA,GA,GA-2003-503,2004,2003,160,157,accept,duplicate_or_parallel_financing_records,retain_provisional_group,DEV_GAA20040238,GAA20040238
DEV_GAA20040238,GAA20040238,GAA20049068,2,FULTON POINTE APARTMENTS,3223 ROBINS CRESTE LANE,EAST POINT,GA,56-2337986,2004,2003,160,160,accept,duplicate_or_parallel_financing_records,retain_provisional_group,DEV_GAA20040238,GAA20040238
DEV_GAA20050210,GAA20050210,GAA20050210,1,THE PARK AT CARRINGTON,1038 S HAIRSTON RD,STONE MOUNTAIN,GA,GA-05-508,2005,2005,356,353,accept,duplicate_or_parallel_financing_records,retain_provisional_group,DEV_GAA20050210,GAA20050210
DEV_GAA20050210,GAA20050210,GAA20079307,2,THE PARK AT CARRINGTON,1038 S HAIRSTON RD,STONE MOUNTAIN,GA,2005-508,2007,2005,356,353,accept,duplicate_or_parallel_financing_records,retain_provisional_group,DEV_GAA20050210,GAA20050210
DEV_GAA20059805,GAA20059805,GAA20059805,1,EASTGATE APTS,11 FAIRMONT SCHOOL ROAD,NEWNAN,GA,2004-506,2005,2004,96,96,accept,same_property_recapitalization,retain_provisional_group,DEV_GAA20059805,GAA20059805
DEV_GAA20059805,GAA20059805,GAA20213179,2,EASTGATE APTS,11 DOWDELL ST,NEWNAN,GA,2019-543,2021,2019,96,96,accept,same_property_recapitalization,retain_provisional_group,DEV_GAA20059805,GAA20059805
DEV_GAA20060295,GAA20060295,GAA20060295,1,BOLDEN PINES,2784 KELLY LAKE RD,DECATUR,GA,GA-04-048,2006,2004,40,31,accept,duplicate_or_parallel_financing_records,retain_provisional_group,DEV_GAA20060295,GAA20060295
DEV_GAA20060295,GAA20060295,GAA20069041,2,BOLDEN PINES,2784 KELLY LAKE RD,DECATUR,GA,2004-048,2006,2004,40,31,accept,duplicate_or_parallel_financing_records,retain_provisional_group,DEV_GAA20060295,GAA20060295
DEV_GAA20070040,GAA20070040,GAA20070040,1,FOXCROFT RESIDENTIAL APTS,527 RICHMOND HILL RD W,AUGUSTA,GA,GA-05-045,2007,2005,184,184,accept,duplicate_or_parallel_financing_records,retain_provisional_group,DEV_GAA20070040,GAA20070040
DEV_GAA20070040,GAA20070040,GAA20079011,2,FOXCROFT RESIDENTIAL APTS,527 RICHMOND HILL RD W,AUGUSTA,GA,2005-045,2007,2005,184,184,accept,duplicate_or_parallel_financing_records,retain_provisional_group,DEV_GAA20070040,GAA20070040
DEV_GAA20080055,GAA20080055,GAA20080055,1,HERON LAKE II,1800 EASTWIND RD,VALDOSTA,GA,GA-06-002,2008,2006,64,54,accept,duplicate_or_parallel_financing_records,retain_provisional_group,DEV_GAA20080055,GAA20080055
DEV_GAA20080055,GAA20080055,GAA20089861,2,HERON LAKE II,1800 EASTWIND RD,VALDOSTA,GA,2006-002,2008,2006,64,54,accept,duplicate_or_parallel_financing_records,retain_provisional_group,DEV_GAA20080055,GAA20080055
DEV_GAA20080065,GAA20080065,GAA20080065,1,LONE MOUNTAIN VILLAGE PHASE II,85 DARLENE LANE,RINGGOLD,GA,2011-046,2008,2006,64,64,accept,duplicate_or_parallel_financing_records,retain_provisional_group,DEV_GAA20080065,GAA20080065
DEV_GAA20080065,GAA20080065,GAA20130014,2,LONE MOUNTAIN VILLAGE PHASE II,85 DARLENE LANE,RINGGOLD,GA,GA-11-046,2013,2012,64,64,accept,duplicate_or_parallel_financing_records,retain_provisional_group,DEV_GAA20080065,GAA20080065
DEV_GAA20100110,GAA20100110,GAA20107019,1,PARK PLACE OF CARROLLTON II,646 N PARK ST,CARROLLTON,GA,2008-055,2010,2008,70,63,accept,same_property_changed_or_component_totals,retain_provisional_group,DEV_GAA20100110,GAA20100110
DEV_GAA20100110,GAA20100110,GAA20100110,2,PARK PLACE OF CARROLLTON II,646 N PARK ST,CARROLLTON,GA,2009-058,2010,2009,42,42,accept,same_property_changed_or_component_totals,retain_provisional_group,DEV_GAA20100110,GAA20100110
DEV_GAA20100110,GAA20100110,GAA20110085,3,PARK PLACE OF CARROLLTON II,646 N PARK ST,CARROLLTON,GA,GA-09-058,2011,8888,42,42,accept,same_property_changed_or_component_totals,retain_provisional_group,DEV_GAA20100110,GAA20100110
DEV_GAA20130020,GAA20130020,GAA20139000,1,WASHINGTON ESTATES II,101 WASHINGTON DR,TENNILLE,GA,GA-08-028,2013,2011,40,40,accept,duplicate_or_parallel_financing_records,retain_provisional_group,DEV_GAA20130020,GAA20130020
DEV_GAA20130020,GAA20130020,GAA20130020,2,WASHINGTON ESTATES II,101 WASHINGTON DR,TENNILLE,GA,GA-11-039,2013,8888,40,40,accept,duplicate_or_parallel_financing_records,retain_provisional_group,DEV_GAA20130020,GAA20130020
DEV_HIA19989004,HIA19989004,HIA19989004,1,WAIPAHU HALL,94 1060 WAIPAHU STREET,WAIPAHU,HI,HI-1997-005,1998,1997,72,71,accept,duplicate_or_parallel_financing_records,retain_provisional_group,DEV_HIA19989004,HIA19989004
DEV_HIA19989004,HIA19989004,HIA19989008,2,WAIPAHU HALL,94 1060 WAIPAHU STREET,WAIPAHU,HI,HI-1997-005,1998,1997,72,71,accept,duplicate_or_parallel_financing_records,retain_provisional_group,DEV_HIA19989004,HIA19989004
DEV_HIA19999002,HIA19999002,HIA19999002,1,KANEOHE ELDERLY,45 457 MELI PLACE,KANEOHE,HI,HI-1999-004,1999,1999,44,43,accept,duplicate_or_parallel_financing_records,retain_provisional_group,DEV_HIA19999002,HIA19999002
DEV_HIA19999002,HIA19999002,HIA19999004,2,KANEOHE ELDERLY,45 457 MELI PLACE,KANEOHE,HI,HI-1999-004,1999,1999,44,43,accept,duplicate_or_parallel_financing_records,retain_provisional_group,DEV_HIA19999002,HIA19999002
DEV_HIA20087001,HIA20087001,HIA20087001,1,KAHULUI TOWN TERRACE,170 HOOHANA ST,KAHULUI,HI,HI-2007-002,2008,2007,72,71,accept,duplicate_or_parallel_financing_records,retain_provisional_group,DEV_HIA20087001,HIA20087001
DEV_HIA20087001,HIA20087001,HIA20089001,2,KAHULUI TOWN TERRACE,170 HOOHANA STREET,KAHULUI,HI,HI-2007-002,2008,2007,72,71,accept,duplicate_or_parallel_financing_records,retain_provisional_group,DEV_HIA20087001,HIA20087001
DEV_IAA20039059,IAA20039059,IAA20039059,1,VAN ALLEN,200 FIFTH AVE S,CLINTON,IA,01-08,2003,2001,17,17,accept,same_property_changed_or_component_totals,retain_provisional_group,DEV_IAA20039059,IAA20039059
DEV_IAA20039059,IAA20039059,IAA20231009,2,VAN ALLEN,200 5TH AVE S,CLINTON,IA,21-11,2023,2021,19,17,accept,same_property_changed_or_component_totals,retain_provisional_group,DEV_IAA20039059,IAA20039059
DEV_IAA20180009,IAA20180009,IAA20180009,1,LEGACY PARK,1635 6TH AVE,DES MOINES,IA,16-35,2018,2016,76,76,accept,same_property_changed_or_component_totals,retain_provisional_group,DEV_IAA20180009,IAA20180009
DEV_IAA20180009,IAA20180009,IAA20180010,2,LEGACY PARK,1635 6TH AVE,DES MOINES,IA,16-35A,2018,2016,61,61,accept,same_property_changed_or_component_totals,retain_provisional_group,DEV_IAA20180009,IAA20180009
DEV_ILA00000113,ILA00000113,ILA00000113,1,LAWNDALE PLAZA,3158 W ROOSEVELT RD,CHICAGO,IL,10006,9999,2010,198,198,accept,duplicate_or_parallel_financing_records,retain_provisional_group,DEV_ILA00000113,ILA00000113
DEV_ILA00000113,ILA00000113,ILB0000X084,2,LAWNDALE/PLAZA,3158 WEST ROOSEVLT RD,CHICAGO,IL,10-0006,9999,9999,198,198,accept,duplicate_or_parallel_financing_records,retain_provisional_group,DEV_ILA00000113,ILA00000113
DEV_ILA20040140,ILA20040140,ILA20040140,1,COUNTRY CLUB HEIGHTS,740 COUNTRY CLUB HTS,QUINCY,IL,34803,2004,2003,200,199,accept,same_property_changed_or_component_totals,retain_provisional_group,DEV_ILA20040140,ILA20040140
DEV_ILA20040140,ILA20040140,ILA20220005,2,COUNTRY CLUB HEIGHTS,740 COUNTRY CLUB HEIGHTS ROAD,QUINCY,IL,34803,2022,2003,175,175,accept,same_property_changed_or_component_totals,retain_provisional_group,DEV_ILA20040140,ILA20040140
DEV_ILA20060135,ILA20060135,ILA20060135,1,ANCHOR SENIOR LIVING,325 S YORK RD,BENSENVILLE,IL,230805,2006,2005,228,228,accept,same_property_recapitalization,retain_provisional_group,DEV_ILA20060135,ILA20060135
DEV_ILA20060135,ILA20060135,ILA20230004,2,ANCHOR SENIOR LIVING,325 S YORK RD,BENSENVILLE,IL,1204022,2023,2022,228,228,accept,same_property_recapitalization,retain_provisional_group,DEV_ILA20060135,ILA20060135
DEV_ILA20060170,ILA20060170,ILA20060170,1,GALESBURG TOWERS,1384 N HENDERSON ST,GALESBURG,IL,221705,2006,2005,123,112,accept,same_property_recapitalization,retain_provisional_group,DEV_ILA20060170,ILA20060170
DEV_ILA20060170,ILA20060170,ILA20220014,2,GALESBURG TOWERS,1384 N HENDERSON ST,GALESBURG,IL,1189421,2022,2021,123,123,accept,same_property_recapitalization,retain_provisional_group,DEV_ILA20060170,ILA20060170
DEV_ILA20060195,ILA20060195,ILA20060195,1,OASIS SENIOR LIVING,3833 W WASHINGTON BLVD,CHICAGO,IL,230505,2006,2005,217,217,accept,same_property_changed_or_component_totals,retain_provisional_group,DEV_ILA20060195,ILA20060195
DEV_ILA20060195,ILA20060195,ILA20230016,2,OASIS SENIOR LIVING,3811 W WASHINGTON BLVD,CHICAGO,IL,1188421,2023,2021,219,218,accept,same_property_changed_or_component_totals,retain_provisional_group,DEV_ILA20060195,ILA20060195
DEV_ILA20060205,ILA20060205,ILA20060205,1,PONTIAC TOWERS,1011 W WASHINGTON ST,PONTIAC,IL,221605,2006,2005,111,103,accept,same_property_recapitalization,retain_provisional_group,DEV_ILA20060205,ILA20060205
DEV_ILA20060205,ILA20060205,ILA20220023,2,PONTIAC TOWERS,1011 WEST WASHINGTON STREET,PONTIAC,IL,221605,2022,2005,111,103,accept,same_property_recapitalization,retain_provisional_group,DEV_ILA20060205,ILA20060205
DEV_ILA20070185,ILA20070185,ILA20070185,1,BUENA VISTA TOWNHOMES,1200 AMANDA CIR,ELGIN,IL,252406,2007,2006,120,120,accept,same_property_recapitalization,retain_provisional_group,DEV_ILA20070185,ILA20070185
DEV_ILA20070185,ILA20070185,ILA20240002,2,BUENA VISTA TOWNHOMES,1200 1319 AMANDA CIRCLE,ELGIN,IL,1207723,2024,2023,120,120,accept,same_property_recapitalization,retain_provisional_group,DEV_ILA20070185,ILA20070185
DEV_ILB20020804,ILB20020804,ILB20020804,1,STONE TERRACE,8440 S PARNELL AVE,CHICAGO,IL,20-33-313,2002,2001,154,154,accept,same_property_changed_or_component_totals,retain_provisional_group,DEV_ILB20020804,ILB20020804
DEV_ILB20020804,ILB20020804,ILB20029004,2,STONE TERRACE,8440 S. PARNELL AVE,CHICAGO,IL,20-33-307-007-0000,2002,2002,156,154,accept,same_property_changed_or_component_totals,retain_provisional_group,DEV_ILB20020804,ILB20020804
DEV_INA19870003,INA19870003,INA19870003,1,CARNEY GIBSON PROPERTIES,1314 MORTON ST,LAFAYETTE,IN,IN-87-12001,1987,1987,2,2,accept,duplicate_or_parallel_financing_records,retain_provisional_group,DEV_INA19870003,INA19870003
DEV_INA19870003,INA19870003,INA19900016,2,CARNEY GIBSON PROPERTIES,1422 HOWELL ST,LAFAYETTE,IN,IN-90-03200,1990,1990,2,2,accept,duplicate_or_parallel_financing_records,retain_provisional_group,DEV_INA19870003,INA19870003
DEV_INA19900043,INA19900043,INA19900043,1,PHOENIX APTS,3742 N PENNSYLVANIA ST,INDIANAPOLIS,IN,IN-89-05601,1990,1990,12,12,accept,same_property_changed_or_component_totals,retain_provisional_group,DEV_INA19900043,INA19900043
DEV_INA19900043,INA19900043,INA19950160,2,PHOENIX APTS,4004 MEADOWS DR,INDIANAPOLIS,IN,IN-95-02900,1995,1995,330,99,accept,same_property_changed_or_component_totals,retain_provisional_group,DEV_INA19900043,INA19900043
DEV_INA19930221,INA19930221,INA19930221,1,COMMUNITY PLACE,1201 COMMUNITY PL,INDIANAPOLIS,IN,IN-91-08401,1993,1991,129,127,accept,same_property_changed_or_component_totals,retain_provisional_group,DEV_INA19930221,INA19930221
DEV_INA19930221,INA19930221,INA19940030,2,COMMUNITY PLACE,8830 SOUTHPOINTE DR,INDIANAPOLIS,IN,IN-92-09500,1994,1991,131,123,accept,same_property_changed_or_component_totals,retain_provisional_group,DEV_INA19930221,INA19930221
DEV_INA19950210,INA19950210,INA19950210,1,WORTHINGTON SENIOR APTS,240 W ST,WORTHINGTON,IN,IN-94-11200,1995,1994,25,25,accept,duplicate_or_parallel_financing_records,retain_provisional_group,DEV_INA19950210,INA19950210
DEV_INA19950210,INA19950210,INA19959038,2,WORTHINGTON SENIOR APTS,240 W ST,WORTHINGTON,IN,IN-94-11200,1995,1994,25,25,accept,duplicate_or_parallel_financing_records,retain_provisional_group,DEV_INA19950210,INA19950210
DEV_INA19960155,INA19960155,INA19960155,1,SUTTON PLACE APTS,9350 E 43RD ST,INDIANAPOLIS,IN,IN-96-03500,1996,1996,360,360,accept,duplicate_or_parallel_financing_records,retain_provisional_group,DEV_INA19960155,INA19960155
DEV_INA19960155,INA19960155,INA19969036,2,SUTTON PLACE APTS,9350 E 43RD ST,INDIANAPOLIS,IN,IN-96-03500,1996,1996,360,360,accept,duplicate_or_parallel_financing_records,retain_provisional_group,DEV_INA19960155,INA19960155
DEV_INA19980085,INA19980085,INA19980085,1,ORCHARD PLACE APTS,902 E COOK RD,FORT WAYNE,IN,IN-96-02700,1998,1996,80,80,accept,duplicate_or_parallel_financing_records,retain_provisional_group,DEV_INA19980085,INA19980085
DEV_INA19980085,INA19980085,INA19989022,2,ORCHARD PLACE APTS,902 E COOK RD,FORT WAYNE,IN,IN-96-02700,1998,1996,80,80,accept,duplicate_or_parallel_financing_records,retain_provisional_group,DEV_INA19980085,INA19980085
DEV_INA20000084,INA20000084,INA20000084,1,WASHINGTON POINTE APTS,601 WASHINGTON PT DR,INDIANAPOLIS,IN,IN-02-02800,2000,2002,,,accept,same_property_changed_or_component_totals,retain_provisional_group,DEV_INA20000084,INA20000084
DEV_INA20000084,INA20000084,INA20060097,2,WASHINGTON POINTE APTS,625 BELHAVEN DR,INDIANAPOLIS,IN,IN-05-00100,2006,2005,248,198,accept,same_property_changed_or_component_totals,retain_provisional_group,DEV_INA20000084,INA20000084
DEV_INA20220002,INA20220002,INA20220003,1,BROADWAY LOFTS,701 BROADWAY,GARY,IN,IN-18-02400,2022,2018,38,38,accept,duplicate_or_parallel_financing_records,retain_provisional_group,DEV_INA20220002,INA20220002
DEV_INA20220002,INA20220002,INA20220002,2,BROADWAY LOFTS,701 BROADWAY,GARY,IN,IN-19-03300,2022,2019,38,38,accept,duplicate_or_parallel_financing_records,retain_provisional_group,DEV_INA20220002,INA20220002
DEV_INA20220018,INA20220018,INA20220020,1,JUSTUS & GREYSTONE 4%,SCATTERED SITES,SCATTERED,IN,IN-96-00800,2022,1996,16,16,accept,same_property_changed_or_component_totals,retain_provisional_group,DEV_INA20220018,INA20220018
DEV_INA20220018,INA20220018,INA20220021,2,JUSTUS & GREYSTONE 4%,SCATTERED SITES,SCATTERED,IN,IN-91-07400,2022,2001,24,24,accept,same_property_changed_or_component_totals,retain_provisional_group,DEV_INA20220018,INA20220018
DEV_INA20220018,INA20220018,INA20220018,3,JUSTUS & GREYSTONE 4%,SCATTERED SITES,SCATTERED,IN,2019A-B-016,2022,2019,212,212,accept,same_property_changed_or_component_totals,retain_provisional_group,DEV_INA20220018,INA20220018
DEV_INA20220050,INA20220050,INA20220050,1,WC MOVING FORWARD RD 4%,SCATTERED SITES,SCATTERED,IN,IN-19-02900B,2022,2019,78,78,accept,duplicate_or_parallel_financing_records,retain_provisional_group,DEV_INA20220050,INA20220050
DEV_INA20220050,INA20220050,INA20220051,2,WC MOVING FORWARD RD 4%,SCATTERED SITES,SCATTERED,IN,IN-19-02900,2022,2019,78,78,accept,duplicate_or_parallel_financing_records,retain_provisional_group,DEV_INA20220050,INA20220050
DEV_INA20220052,INA20220052,INA20220052,1,WC MOVING FORWARD RD 9%,SCATTERED SITES,SCATTERED,IN,IN-19-03000,2022,2019,100,100,accept,duplicate_or_parallel_financing_records,retain_provisional_group,DEV_INA20220052,INA20220052
DEV_INA20220052,INA20220052,INA20220055,2,WC MOVING FORWARD RD 9%,SCATTERED SITES,SCATTERED,IN,IN-19-03000,2022,2019,100,100,accept,duplicate_or_parallel_financing_records,retain_provisional_group,DEV_INA20220052,INA20220052
DEV_INA20230006,INA20230006,INA20230006,1,CAROLYN MOSBY APARTMENTS,650 JACKSON ST,GARY,IN,IN-21-02100,2023,2021,142,142,accept,duplicate_or_parallel_financing_records,retain_provisional_group,DEV_INA20230006,INA20230006
DEV_INA20230006,INA20230006,INA20230007,2,CAROLYN MOSBY APARTMENTS,650 JACKSON ST,GARY,IN,IN-21-02100,2023,2021,142,142,accept,duplicate_or_parallel_financing_records,retain_provisional_group,DEV_INA20230006,INA20230006
DEV_INA20230023,INA20230023,INA20230023,1,KHA RAD I,SCATTERED SITES,KOKOMO,IN,IN-20-02400B,2023,2020,335,335,accept,duplicate_or_parallel_financing_records,retain_provisional_group,DEV_INA20230023,INA20230023
DEV_INA20230023,INA20230023,INA20230024,2,KHA RAD I,SCATTERED SITES,KOKOMO,IN,IN-20-02400,2023,2020,335,335,accept,duplicate_or_parallel_financing_records,retain_provisional_group,DEV_INA20230023,INA20230023
DEV_INA20240004,INA20240004,INA20240005,1,BOONVILLE SENIOR LOFTS,409 N 9TH ST,BOONVILLE,IN,IN-22-00300,2024,2021,45,45,accept,duplicate_or_parallel_financing_records,retain_provisional_group,DEV_INA20240004,INA20240004
DEV_INA20240004,INA20240004,INA20240004,2,BOONVILLE SENIOR LOFTS,409 N 9TH ST,BOONVILLE,IN,TCAP-23-005,2024,2023,45,45,accept,duplicate_or_parallel_financing_records,retain_provisional_group,DEV_INA20240004,INA20240004
DEV_INA20240006,INA20240006,INA20240007,1,CHAPMAN CROSSING,2002 POOLSIDE DR NW,CORYDON,IN,IN-22-00400,2024,2021,48,48,accept,duplicate_or_parallel_financing_records,retain_provisional_group,DEV_INA20240006,INA20240006
DEV_INA20240006,INA20240006,INA20240006,2,CHAPMAN CROSSING,2002 POOLSIDE DR NW,CORYDON,IN,TCAP-22-017,2024,2022,48,48,accept,duplicate_or_parallel_financing_records,retain_provisional_group,DEV_INA20240006,INA20240006
DEV_INA20240008,INA20240008,INA20240009,1,CITY VIEW HOMES,SCATTERED SITES,MUNCIE,IN,IN-22-04300,2024,2022,28,28,accept,duplicate_or_parallel_financing_records,retain_provisional_group,DEV_INA20240008,INA20240008
DEV_INA20240008,INA20240008,INA20240008,2,CITY VIEW HOMES,SCATTERED SITES,MUNCIE,IN,TCAP-23-010,2024,2023,28,28,accept,duplicate_or_parallel_financing_records,retain_provisional_group,DEV_INA20240008,INA20240008
DEV_INA20240010,INA20240010,INA20240011,1,CITY VIEW HOMES II,SCATTERED SITES,MUNCIE,IN,IN-22-01700,2024,2021,33,33,accept,duplicate_or_parallel_financing_records,retain_provisional_group,DEV_INA20240010,INA20240010
DEV_INA20240010,INA20240010,INA20240010,2,CITY VIEW HOMES II,SCATTERED SITES,MUNCIE,IN,TCAP-23-009,2024,2023,33,33,accept,duplicate_or_parallel_financing_records,retain_provisional_group,DEV_INA20240010,INA20240010
DEV_INA20240013,INA20240013,INA20240014,1,ENGLEWOOD HOMES,SCATTERED SITES,INDIANAPOLIS,IN,IN-22-00700,2024,2021,40,40,accept,duplicate_or_parallel_financing_records,retain_provisional_group,DEV_INA20240013,INA20240013
DEV_INA20240013,INA20240013,INA20240013,2,ENGLEWOOD HOMES,SCATTERED SITES,INDIANAPOLIS,IN,TCAP-22-004,2024,2022,40,40,accept,duplicate_or_parallel_financing_records,retain_provisional_group,DEV_INA20240013,INA20240013
DEV_INA20240015,INA20240015,INA20240016,1,EVANSVILLE TOWNHOMES III,SCATTERED SITES,EVANSVILLE,IN,IN-22-00900,2024,2021,64,64,accept,duplicate_or_parallel_financing_records,retain_provisional_group,DEV_INA20240015,INA20240015
DEV_INA20240015,INA20240015,INA20240015,2,EVANSVILLE TOWNHOMES III,SCATTERED SITES,EVANSVILLE,IN,TCAP-22-016,2024,2022,64,64,accept,duplicate_or_parallel_financing_records,retain_provisional_group,DEV_INA20240015,INA20240015
DEV_INA20240017,INA20240017,INA20240017,1,FOUNDERS SQUARE SENIOR APARTMENTS,2602 FOUNDERS SQUARE DR,SPEEDWAY,IN,IN-21-00500,2024,2020,60,60,accept,duplicate_or_parallel_financing_records,retain_provisional_group,DEV_INA20240017,INA20240017
DEV_INA20240017,INA20240017,INA20240018,2,FOUNDERS SQUARE SENIOR APARTMENTS,2602 FOUNDERS SQUARE DR,SPEEDWAY,IN,TCAP-21-012,2024,2022,60,60,accept,duplicate_or_parallel_financing_records,retain_provisional_group,DEV_INA20240017,INA20240017
DEV_INA20240019,INA20240019,INA20240020,1,GARFIELD PARKSIDE TOWNHOMES,SCATTERED SITES,INDIANAPOLIS,IN,IN-21-00600,2024,2020,47,47,accept,duplicate_or_parallel_financing_records,retain_provisional_group,DEV_INA20240019,INA20240019
DEV_INA20240019,INA20240019,INA20240019,2,GARFIELD PARKSIDE TOWNHOMES,SCATTERED SITES,INDIANAPOLIS,IN,TCAP-23-003,2024,2023,47,47,accept,duplicate_or_parallel_financing_records,retain_provisional_group,DEV_INA20240019,INA20240019
DEV_INA20240026,INA20240026,INA20240027,1,ISABELLE GARDENS,2273 IZZIE WAY,FORT WAYNE,IN,IN-22-01100,2024,2021,66,66,accept,duplicate_or_parallel_financing_records,retain_provisional_group,DEV_INA20240026,INA20240026
DEV_INA20240026,INA20240026,INA20240026,2,ISABELLE GARDENS,2273 IZZIE WAY,FORT WAYNE,IN,TCAP-22-018,2024,2022,66,66,accept,duplicate_or_parallel_financing_records,retain_provisional_group,DEV_INA20240026,INA20240026
DEV_INA20240030,INA20240030,INA20240030,1,PEBBLE VILLAGE TOWNHOMES,17754 COPSE DRIVE,NOBLESVILLE,IN,IN-21-01200,2024,2021,60,60,accept,duplicate_or_parallel_financing_records,retain_provisional_group,DEV_INA20240030,INA20240030
DEV_INA20240030,INA20240030,INA20240031,2,PEBBLE VILLAGE TOWNHOMES,17754 COPSE DRIVE,NOBLESVILLE,IN,TCAP-22-012,2024,2022,60,60,accept,duplicate_or_parallel_financing_records,retain_provisional_group,DEV_INA20240030,INA20240030
DEV_INA20240033,INA20240033,INA20240033,1,RIVERSIDE COMMONS,SCATTERED SITES,SCATTERED,IN,IN-21-01600,2024,2020,48,48,accept,duplicate_or_parallel_financing_records,retain_provisional_group,DEV_INA20240033,INA20240033
DEV_INA20240033,INA20240033,INA20240034,2,RIVERSIDE COMMONS,SCATTERED SITES,SCATTERED,IN,TCAP-21-010,2024,2022,48,48,accept,duplicate_or_parallel_financing_records,retain_provisional_group,DEV_INA20240033,INA20240033
DEV_INA20240037,INA20240037,INA20240038,1,STANLEY TERRACE,451 N VINE STREET,PLAINFIELD,IN,IN-22-01500,2024,2021,60,60,accept,duplicate_or_parallel_financing_records,retain_provisional_group,DEV_INA20240037,INA20240037
DEV_INA20240037,INA20240037,INA20240037,2,STANLEY TERRACE,451 N VINE STREET,PLAINFIELD,IN,TCAP-23-007,2024,2023,60,60,accept,duplicate_or_parallel_financing_records,retain_provisional_group,DEV_INA20240037,INA20240037
DEV_INA20240039,INA20240039,INA20240039,1,THE 2525,2525 E DURBIN STREET,WARSAW,IN,IN-22-01600,2024,2021,60,60,accept,duplicate_or_parallel_financing_records,retain_provisional_group,DEV_INA20240039,INA20240039
DEV_INA20240039,INA20240039,INA20240040,2,THE 2525,2525 E DURBIN STREET,WARSAW,IN,TCAP-23-008,2024,2023,60,60,accept,duplicate_or_parallel_financing_records,retain_provisional_group,DEV_INA20240039,INA20240039
DEV_INA20240045,INA20240045,INA20240045,1,VILLAGE PREMIER APARTMENTS,4209 PLAZA DRIVE,FORT WAYNE,IN,IN-22-04000,2024,2022,208,208,accept,duplicate_or_parallel_financing_records,retain_provisional_group,DEV_INA20240045,INA20240045
DEV_INA20240045,INA20240045,INA20240046,2,VILLAGE PREMIER APARTMENTS,4209 PLAZA DRIVE,FORT WAYNE,IN,TCAP-22-019,2024,2022,208,208,accept,duplicate_or_parallel_financing_records,retain_provisional_group,DEV_INA20240045,INA20240045
DEV_KYA19930095,KYA19930095,KYA19930095,1,"BOONEVILLE HOMES, LTD.",BOONEVILLE HOMES DR.,BOONEVILLE,KY,KY-93-008,1993,1993,32,32,accept,same_property_changed_or_component_totals,retain_provisional_group,DEV_KYA19930095,KYA19930095
DEV_KYA19930095,KYA19930095,KYA00000009,2,"BOONEVILLE HOMES, LTD",1 BOONEVILLE HOMES DR,BOONEVILLE,KY,OWSLEY,8888,8888,9,9,accept,same_property_changed_or_component_totals,retain_provisional_group,DEV_KYA19930095,KYA19930095
DEV_KYA20160012,KYA20160012,KYA20167424,1,MEN'S ADDICTION RECOVERY CAMPUS,1791 OLD LOUISVILLE RD,BOWLING GREEN,KY,KY1012-592,2016,2013,45,45,accept,duplicate_or_parallel_financing_records,retain_provisional_group,DEV_KYA20160012,KYA20160012
DEV_KYA20160012,KYA20160012,KYA20160012,2,MEN'S ADDICTION RECOVERY CAMPUS,OLD LOUISVILLE ROAD,BOWLING GREEN,KY,KY-14-023,2016,2015,45,45,accept,duplicate_or_parallel_financing_records,retain_provisional_group,DEV_KYA20160012,KYA20160012
DEV_LAA19920065,LAA19920065,LAA19920065,1,MAPLE RIDGE APARTMENTS,20284 HIGHWAY 36,COVINGTON,LA,LA-90-043,1992,1990,48,48,accept,same_property_recapitalization,retain_provisional_group,DEV_LAA19920065,LAA19920065
DEV_LAA19920065,LAA19920065,LAA20230014,2,MAPLE RIDGE APARTMENTS,20284 HIGHWAY 36,COVINGTON,LA,LA-90-043,2023,2020,48,48,accept,same_property_recapitalization,retain_provisional_group,DEV_LAA19920065,LAA19920065
DEV_LAA19920105,LAA19920105,LAA19920105,1,PONCHATOULA MEADOWS,3200 OAK MEADOW LN,PONCHATOULA,LA,LA-90-041,1992,1990,32,32,accept,same_property_recapitalization,retain_provisional_group,DEV_LAA19920105,LAA19920105
DEV_LAA19920105,LAA19920105,LAA20230020,2,PONCHATOULA MEADOWS,3200 OAK MEADOW LN,PONCHATOULA,LA,LA-90-041,2023,2020,32,32,accept,same_property_recapitalization,retain_provisional_group,DEV_LAA19920105,LAA19920105
DEV_LAA19930015,LAA19930015,LAA19930015,1,BERNICE VILLA APTS.,102 FOURTH STREET,BERNICE,LA,LA-91-061,1993,1991,32,32,accept,same_property_recapitalization,retain_provisional_group,DEV_LAA19930015,LAA19930015
DEV_LAA19930015,LAA19930015,LAA20240003,2,BERNICE VILLA APTS.,102 FOURTH STREET,BERNICE,LA,LA-91-061,2024,9999,32,32,accept,same_property_recapitalization,retain_provisional_group,DEV_LAA19930015,LAA19930015
DEV_LAA19970135,LAA19970135,LAA19970135,1,TULANE AVENUE SRO,3901 TULANE AVE,NEW ORLEANS,LA,LA-96-010,1997,1996,80,80,accept,same_property_changed_or_component_totals,retain_provisional_group,DEV_LAA19970135,LAA19970135
DEV_LAA19970135,LAA19970135,LAA19979027,2,TULANE AVENUE SRO,3901 TULANE AVENUE,NEW ORLEANS,LA,96-10,1997,1996,82,82,accept,same_property_changed_or_component_totals,retain_provisional_group,DEV_LAA19970135,LAA19970135
DEV_MAB20150013,MAB20150013,MAB20151011,1,JACKSON COMMONS,1540-1542 COLUMBUS AVENUE,BOSTON,MA,MA15-10394,2015,2015,85,85,accept,same_property_changed_or_component_totals,retain_provisional_group,DEV_MAB20150013,MAB20150013
DEV_MAB20150013,MAB20150013,MAB20150013,2,JACKSON COMMONS,1540-1542 COLUMBUS AVE,BOSTON,MA,2834,2015,9999,37,29,accept,same_property_changed_or_component_totals,retain_provisional_group,DEV_MAB20150013,MAB20150013
DEV_MAB20163001,MAB20163001,MAB20163001,1,BC HIGHLAND GLENN,1104-1330 HIGHLAND GLENN ROAD,WESTWOOD,MA,MA-20-14,2016,2019,180,162,accept,duplicate_or_parallel_financing_records,retain_provisional_group,DEV_MAB20163001,MAB20163001
DEV_MAB20163001,MAB20163001,MAB20200002,2,BC HIGHLAND GLENN,1104-1330 HIGHLAND GLENN ROAD,WESTWOOD,MA,MA-21-14,2020,2020,180,162,accept,duplicate_or_parallel_financing_records,retain_provisional_group,DEV_MAB20163001,MAB20163001
DEV_MAB20172002,MAB20172002,MAB20172002,1,LANDFALL,72 MARGINAL STREET,EAST BOSTON,MA,MA-20-21,2017,2019,111,106,accept,duplicate_or_parallel_financing_records,retain_provisional_group,DEV_MAB20172002,MAB20172002
DEV_MAB20172002,MAB20172002,MAB20200012,2,LANDFALL,72 MARGINAL STREET,EAST BOSTON,MA,MA-21-21,2020,2020,111,106,accept,duplicate_or_parallel_financing_records,retain_provisional_group,DEV_MAB20172002,MAB20172002
DEV_MAB20181008,MAB20181008,MAB20181008,1,FRUIT SEVER,6 SEVER STREET,WORCESTER,MA,MA-20-22,2018,2019,134,120,accept,duplicate_or_parallel_financing_records,retain_provisional_group,DEV_MAB20181008,MAB20181008
DEV_MAB20181008,MAB20181008,MAB20200007,2,FRUIT SEVER,6 SEVER STREET,WORCESTER,MA,MA-21-22,2020,2020,134,120,accept,duplicate_or_parallel_financing_records,retain_provisional_group,DEV_MAB20181008,MAB20181008
DEV_MAB20181009,MAB20181009,MAB20181009,1,GOLDA MEIER,160 STANTON AVENUE,NEWON,MA,MA-20-24,2018,2019,68,50,accept,duplicate_or_parallel_financing_records,retain_provisional_group,DEV_MAB20181009,MAB20181009
DEV_MAB20181009,MAB20181009,MAB20200008,2,GOLDA MEIER,160 STANTON AVENUE,NEWON,MA,MA-21-24,2020,2020,68,50,accept,duplicate_or_parallel_financing_records,retain_provisional_group,DEV_MAB20181009,MAB20181009
DEV_MAB20190003,MAB20190003,MAB20190003,1,HARBOR LAFAYETTE,15-17 HARBOR STREET,SALEM,MA,MA-20-20,2019,2019,27,22,accept,duplicate_or_parallel_financing_records,retain_provisional_group,DEV_MAB20190003,MAB20190003
DEV_MAB20190003,MAB20190003,MAB20200009,2,HARBOR LAFAYETTE,15-17 HARBOR STREET,SALEM,MA,MA-21-20,2020,2020,27,22,accept,duplicate_or_parallel_financing_records,retain_provisional_group,DEV_MAB20190003,MAB20190003
DEV_MAC00000137,MAC00000137,MAC00000137,1,WORCESTER LOOMWORKS PHASE 2,93 GRAND ST,WORCESTER,MA,MA1012-676,8888,2013,55,55,accept,duplicate_or_parallel_financing_records,retain_provisional_group,DEV_MAC00000137,MAC00000137
DEV_MAC00000137,MAC00000137,MAB20150031,2,WORCESTER LOOMWORKS - PHASE 2,93 GRAND STREET,WORCESTER,MA,3161,2015,9999,55,55,accept,duplicate_or_parallel_financing_records,retain_provisional_group,DEV_MAC00000137,MAC00000137
DEV_MDA19920075,MDA19920075,MDA19920075,1,SCHUMAKER PLACE,816 S SCHUMAKER DR,SALISBURY,MD,MD90-09,1992,1990,96,96,accept,same_property_recapitalization,retain_provisional_group,DEV_MDA19920075,MDA19920075
DEV_MDA19920075,MDA19920075,MDA20203077,2,SCHUMAKER PLACE,818 S. SCHUMAKER PLACE,SALISBURY,MD,MD-90-09001-8,2020,2020,96,96,accept,same_property_recapitalization,retain_provisional_group,DEV_MDA19920075,MDA19920075
DEV_MDA19930050,MDA19930050,MDA19930050,1,LEX WOODS APTS,100 LEX WOODS DR,LEXINGTON PARK,MD,MD93-08,1993,1993,78,78,accept,same_property_recapitalization,retain_provisional_group,DEV_MDA19930050,MDA19930050
DEV_MDA19930050,MDA19930050,MDA20190006,2,LEX WOODS APTS.,21284 LEXWOOD,LEXINGTON PARK,MD,MD-93-08001-7,2019,2018,78,78,accept,same_property_recapitalization,retain_provisional_group,DEV_MDA19930050,MDA19930050
DEV_MDA19940900,MDA19940900,MDA19940900,1,SILVERWOOD FARMS I,100 RUNNING BROOK WAY,PRINCE FREDERICK,MD,MD92-05,1994,1992,180,180,accept,same_property_recapitalization,retain_provisional_group,DEV_MDA19940900,MDA19940900
DEV_MDA19940900,MDA19940900,MDA20100073,2,SILVERWOOD FARMS I,100 RUNNING BROOK WAY,PRINCE FREDERICK,MD,MD92-05001,2010,1992,180,180,accept,same_property_recapitalization,retain_provisional_group,DEV_MDA19940900,MDA19940900
DEV_MDA19960080,MDA19960080,MDA19960080,1,PACA HOUSE,116 N PACA ST,BALTIMORE,MD,MD94-18,1996,1994,106,106,accept,same_property_changed_or_component_totals,retain_provisional_group,DEV_MDA19960080,MDA19960080
DEV_MDA19960080,MDA19960080,MDA20182010,2,PACA HOUSE,116 NORTH PACA STREET,BALTIMORE,MD,MD-94-18001,2018,2018,92,92,accept,same_property_changed_or_component_totals,retain_provisional_group,DEV_MDA19960080,MDA19960080
DEV_MDA20030065,MDA20030065,MDA20030065,1,PARK VIEW AT FURNACE BRANCH,7466 E FURNACE BRANCH RD,GLEN BURNIE,MD,MD02-05001,2003,2002,101,101,accept,same_property_recapitalization,retain_provisional_group,DEV_MDA20030065,MDA20030065
DEV_MDA20030065,MDA20030065,MDA20240059,2,PARK VIEW AT FURNACE BRANCH,FURNACE BRANCH ROAD AND ROUTE 10,GLEN BURNIE,MD,MD-02-05001,2024,2021,101,101,accept,same_property_recapitalization,retain_provisional_group,DEV_MDA20030065,MDA20030065
DEV_MDA20040065,MDA20040065,MDA20040065,1,PARK VIEW AT SNOWDEN RIVER,8600 SNOWDEN RIVER PKWY,COLUMBIA,MD,MD03-08001,2004,2003,100,100,accept,same_property_recapitalization,retain_provisional_group,DEV_MDA20040065,MDA20040065
DEV_MDA20040065,MDA20040065,MDA20240060,2,PARK VIEW AT SNOWDEN RIVER,8600 WEST SNOWDEN RIVER PARKWAY,COLUMBIA,MD,MD-03-08001,2024,2021,100,100,accept,same_property_recapitalization,retain_provisional_group,DEV_MDA20040065,MDA20040065
DEV_MIA19990140,MIA19990140,MIA19990140,1,EDGEWATER PLACE,214 RIVER DR,THREE RIVERS,MI,MI-1827,1999,1998,79,75,accept,same_property_changed_or_component_totals,retain_provisional_group,DEV_MIA19990140,MIA19990140
DEV_MIA19990140,MIA19990140,MIA20150006,2,EDGEWATER PLACE,214 RIVER DRIVE,THREE RIVERS,MI,1827,2015,2014,80,78,accept,same_property_changed_or_component_totals,retain_provisional_group,DEV_MIA19990140,MIA19990140
DEV_MIA20010050,MIA20010050,MIA20010050,1,PINE COVE APTS,1001 MAY ST,CHARLEVOIX,MI,MI-1715,2001,2000,54,53,accept,same_property_changed_or_component_totals,retain_provisional_group,DEV_MIA20010050,MIA20010050
DEV_MIA20010050,MIA20010050,MIA20020050,2,PINE COVE APTS,1001 MAY ST,CHARLEVOIX,MI,MI-1735,2002,2002,40,30,accept,same_property_changed_or_component_totals,retain_provisional_group,DEV_MIA20010050,MIA20010050
DEV_MIA20070140,MIA20070140,MIA20070140,1,TRUMBULL CROSSING,5500 TRUMBULL ST,DETROIT,MI,MI-300,2007,2006,245,244,accept,same_property_recapitalization,retain_provisional_group,DEV_MIA20070140,MIA20070140
DEV_MIA20070140,MIA20070140,MIA20240031,2,TRUMBULL CROSSING,5500 TRUMBULL,DETROIT,MI,300,2024,2025,245,245,accept,same_property_recapitalization,retain_provisional_group,DEV_MIA20070140,MIA20070140
DEV_MIA20080155,MIA20080155,MIA20080155,1,RIDGEWOOD VISTA (JACKSON),5000 PONDEROSA DR,JACKSON,MI,MI-595,2008,2009,150,150,accept,same_property_recapitalization,retain_provisional_group,DEV_MIA20080155,MIA20080155
DEV_MIA20080155,MIA20080155,MIA20240028,2,RIDGEWOOD VISTA (JACKSON),5000 PONDEROSA DRIVE,JACKSON,MI,595,2024,2025,150,150,accept,same_property_recapitalization,retain_provisional_group,DEV_MIA20080155,MIA20080155
DEV_MIA20089228,MIA20089228,MIA20089228,1,BUTTERNUT CREEK,216 BUTTERNUT DR,CHARLOTTE,MI,MI-573,2008,2007,100,100,accept,same_property_recapitalization,retain_provisional_group,DEV_MIA20089228,MIA20089228
DEV_MIA20089228,MIA20089228,MIA20240021,2,BUTTERNUT CREEK,100 BUTTERNUT CREEK,CHARLOTTE,MI,573,2024,2025,100,100,accept,same_property_recapitalization,retain_provisional_group,DEV_MIA20089228,MIA20089228
DEV_MOA19960035,MOA19960035,MOA19960035,1,5930 CYPRESS PL,5930 CYPRESS PL,KANSAS CITY,MO,94-027,1996,1994,1,1,accept,duplicate_hud_records,retain_provisional_group,DEV_MOA19960035,MOA19960035
DEV_MOA19960035,MOA19960035,MOA19960036,2,5930 CYPRESS PL,5930 CYPRESS PL,KANSAS CITY,MO,900206,1996,1994,1,1,accept,duplicate_hud_records,retain_provisional_group,DEV_MOA19960035,MOA19960035
DEV_MSA19880050,MSA19880050,MSA19880050,1,WILSON COURT,1014 CLEARY ST,JACKSON,MS,,1988,1988,1,1,accept,same_named_scattered_site_development,retain_provisional_group,DEV_MSA19880050,MSA19880050
DEV_MSA19880050,MSA19880050,MSA19880161,2,WILSON COURT,1014 CLEARY STREET,JACKSON,MS,88-094,1988,1989,1,1,accept,same_named_scattered_site_development,retain_provisional_group,DEV_MSA19880050,MSA19880050
DEV_MSA20010040,MSA20010040,MSA20010040,1,SIOUX BAYOU ARMS,1901 MARTIN BLUFF RD,GAUTIER,MS,MS-00-042,2001,2000,48,46,accept,same_property_changed_or_component_totals,retain_provisional_group,DEV_MSA20010040,MSA20010040
DEV_MSA20010040,MSA20010040,MSA20240022,2,SIOUX BAYOU ARMS,1901 MARTIN BLUFF ROAD,GAUTIER,MS,22-2-007,2024,2022,46,46,accept,same_property_changed_or_component_totals,retain_provisional_group,DEV_MSA20010040,MSA20010040
DEV_MTA20109002,MTA20109002,MTA20109002,1,FRANKLIN SCHOOL APARTMENTS,820 FIRST AVENUE SW,GREAT FALLS,MT,09050,2010,2009,40,40,accept,same_property_recapitalization,retain_provisional_group,DEV_MTA20109002,MTA20109002
DEV_MTA20109002,MTA20109002,MTA20250015,2,FRANKLIN SCHOOL APARTMENTS,820 1ST AVE SW,GREAT FALLS,MT,25120,2025,2025,40,40,accept,same_property_recapitalization,retain_provisional_group,DEV_MTA20109002,MTA20109002
DEV_NCA0000X027,NCA0000X027,NCA0000X027,1,CUYLER SPRING,100 OXFORD DRIVE,GOLDSBORO,NC,9198014,8888,2016,50,50,accept,duplicate_or_parallel_financing_records,retain_provisional_group,DEV_NCA0000X027,NCA0000X027
DEV_NCA0000X027,NCA0000X027,NCA20200057,2,CUYLER SPRING,506 OXFORD DRIVE,GOLDSBORO,NC,9235680,2020,2018,50,50,accept,duplicate_or_parallel_financing_records,retain_provisional_group,DEV_NCA0000X027,NCA0000X027
DEV_NCA0000X126,NCA0000X126,NCA0000X126,1,ELIJAH'S LANDING,3200 BRIDGES STREET,MOREHEAD CITY,NC,9226197,9999,2017,168,168,accept,duplicate_or_parallel_financing_records,retain_provisional_group,DEV_NCA0000X126,NCA0000X126
DEV_NCA0000X126,NCA0000X126,NCA0000X286,2,ELIJAH'S LANDING,3200 BRIDGES STREET,MOREHEAD CITY,NC,9261070,9999,2019,168,168,accept,duplicate_or_parallel_financing_records,retain_provisional_group,DEV_NCA0000X126,NCA0000X126
DEV_NCA0000X380,NCA0000X380,NCA0000X380,1,CRESTFIELD POINT,350 BLUE CREEK SCHOOL RD,JACKSONVILLE,NC,9272274,9999,2021,72,72,accept,duplicate_or_parallel_financing_records,retain_provisional_group,DEV_NCA0000X380,NCA0000X380
DEV_NCA0000X380,NCA0000X380,NCA20230056,2,CRESTFIELD POINT,350 BLUE CREEK SCHOOL ROAD,JACKSONVILLE,NC,9272274,2023,2021,72,72,accept,duplicate_or_parallel_financing_records,retain_provisional_group,DEV_NCA0000X380,NCA0000X380
DEV_NCA0000X416,NCA0000X416,NCA0000X416,1,KINGSPARK COMMONS,2662 DR CARVER ROAD,CHARLOTTE,NC,9277489,9999,2021,176,176,accept,duplicate_or_parallel_financing_records,retain_provisional_group,DEV_NCA0000X416,NCA0000X416
DEV_NCA0000X416,NCA0000X416,NCA20250014,2,KINGSPARK COMMONS,2662 DR CARVER ROAD,CHARLOTTE,NC,9277489,2025,2021,176,176,accept,duplicate_or_parallel_financing_records,retain_provisional_group,DEV_NCA0000X416,NCA0000X416
DEV_NCA19890580,NCA19890580,NCA19890580,1,SEMINARY LANE TOWNHOMES,2713 OLD GARNER RD,RALEIGH,NC,402,1989,1989,2,2,accept,same_property_changed_or_component_totals,retain_provisional_group,DEV_NCA19890580,NCA19890580
DEV_NCA19890580,NCA19890580,NCA19940510,2,SEMINARY LANE TOWNHOMES,628 HILLTOP DR,RALEIGH,NC,831,1994,1992,4,4,accept,same_property_changed_or_component_totals,retain_provisional_group,DEV_NCA19890580,NCA19890580
DEV_NCA19890580,NCA19890580,NCA19949102,3,SEMINARY LANE TOWNHOMES,628 630 633 635 HILLTOP DR,RALEIGH,NC,9001090,1994,1992,4,4,accept,same_property_changed_or_component_totals,retain_provisional_group,DEV_NCA19890580,NCA19890580
DEV_NCA19900085,NCA19900085,NCA19900085,1,AUTUMN ACRES: LOT 5,4515 WEBB LAKE RD,WILSON,NC,534,1990,1990,1,1,accept,same_named_scattered_site_development,retain_provisional_group,DEV_NCA19900085,NCA19900085
DEV_NCA19900085,NCA19900085,NCA19909002,2,AUTUMN ACRES LOT 5,4515 WEBB LAKE ROAD,WILSON,NC,9002158,1990,1990,1,1,accept,same_named_scattered_site_development,retain_provisional_group,DEV_NCA19900085,NCA19900085
DEV_NCA19900090,NCA19900090,NCA19900090,1,AUTUMN ACRES: LOT 6,4601 WEBB LAKE RD,WILSON,NC,535,1990,1990,1,1,accept,same_named_scattered_site_development,retain_provisional_group,DEV_NCA19900090,NCA19900090
DEV_NCA19900090,NCA19900090,NCA19909003,2,AUTUMN ACRES LOT 6,4601 WEBB LAKE ROAD,WILSON,NC,9000743,1990,1990,1,1,accept,same_named_scattered_site_development,retain_provisional_group,DEV_NCA19900090,NCA19900090
DEV_NCA19900095,NCA19900095,NCA19900095,1,AUTUMN ACRES: LOT 7,4607 WEBB LAKE RD,WILSON,NC,536,1990,1990,1,1,accept,same_named_scattered_site_development,retain_provisional_group,DEV_NCA19900095,NCA19900095
DEV_NCA19900095,NCA19900095,NCA19909004,2,AUTUMN ACRES LOT 7,4607 WEBB LAKE ROAD,WILSON,NC,9000742,1990,1990,1,1,accept,same_named_scattered_site_development,retain_provisional_group,DEV_NCA19900095,NCA19900095
DEV_NCA19900100,NCA19900100,NCA19900100,1,AUTUMN ACRES: LOT 8,4611 WEBB LAKE RD,WILSON,NC,537,1990,1990,1,1,accept,same_named_scattered_site_development,retain_provisional_group,DEV_NCA19900100,NCA19900100
DEV_NCA19900100,NCA19900100,NCA19909005,2,AUTUMN ACRES LOT 8,4611 WEBB LAKE ROAD,WILSON,NC,9000728,1990,1990,1,1,accept,same_named_scattered_site_development,retain_provisional_group,DEV_NCA19900100,NCA19900100
DEV_NCA19900130,NCA19900130,NCA19900130,1,BRIDGES ST APTS,1116 BRIDGES ST,SHELBY,NC,530,1990,1990,2,2,accept,duplicate_or_parallel_financing_records,retain_provisional_group,DEV_NCA19900130,NCA19900130
DEV_NCA19900130,NCA19900130,NCA19909009,2,BRIDGES ST APTS,1116 1118 BRIDGES ST,SHELBY,NC,9001763,1990,1990,2,2,accept,duplicate_or_parallel_financing_records,retain_provisional_group,DEV_NCA19900130,NCA19900130
DEV_NCA19900175,NCA19900175,NCA19900175,1,CHILDRESS PROPERTY,3901 HONAN DR,GREENSBORO,NC,573,1990,1990,1,1,accept,same_named_scattered_site_development,retain_provisional_group,DEV_NCA19900175,NCA19900175
DEV_NCA19900175,NCA19900175,NCA19909010,2,CHILDRESS PROPERTY,3901 HONAN DRIVE,GREENSBORO,NC,9001633,1990,1990,1,1,accept,same_named_scattered_site_development,retain_provisional_group,DEV_NCA19900175,NCA19900175
DEV_NCA19900205,NCA19900205,NCA19900205,1,ENGLISH ST APTS,1014 S ENGLISH ST,GREENSBORO,NC,574,1990,1990,1,1,accept,same_named_scattered_site_development,retain_provisional_group,DEV_NCA19900205,NCA19900205
DEV_NCA19900205,NCA19900205,NCA19909011,2,ENGLISH ST APTS,1014 ENGLISH ST,GREENSBORO,NC,9000851,1990,1990,1,1,accept,same_named_scattered_site_development,retain_provisional_group,DEV_NCA19900205,NCA19900205
DEV_NCA19900215,NCA19900215,NCA19900215,1,FRANKLIN BLVD PROJECT,615 FRANKLIN BLVD,GREENSBORO,NC,548,1990,1990,1,1,accept,duplicate_hud_records,retain_provisional_group,DEV_NCA19900215,NCA19900215
DEV_NCA19900215,NCA19900215,NCA19909012,2,FRANKLIN BLVD PROJECT,615 FRANKLIN BLVD,GREENSBORO,NC,9001634,1990,1990,1,1,accept,duplicate_hud_records,retain_provisional_group,DEV_NCA19900215,NCA19900215
DEV_NCA19900230,NCA19900230,NCA19900230,1,HEATH STREET PROJECT,3803 HEATH ST,GREENSBORO,NC,580,1990,1990,1,1,accept,duplicate_hud_records,retain_provisional_group,DEV_NCA19900230,NCA19900230
DEV_NCA19900230,NCA19900230,NCA19909013,2,HEATH STREET PROJECT,3803 HEATH ST,GREENSBORO,NC,9001622,1990,1990,1,1,accept,duplicate_hud_records,retain_provisional_group,DEV_NCA19900230,NCA19900230
DEV_NCA19900235,NCA19900235,NCA19900235,1,HEATH STREET PROPERTY,3805 HEATH ST,GREENSBORO,NC,579,1990,1990,1,1,accept,same_named_scattered_site_development,retain_provisional_group,DEV_NCA19900235,NCA19900235
DEV_NCA19900235,NCA19900235,NCA19909014,2,HEATH STREET PROPERTY,3805 HEATH STREET,GREENSBORO,NC,9000853,1990,1990,1,1,accept,same_named_scattered_site_development,retain_provisional_group,DEV_NCA19900235,NCA19900235
DEV_NCA19900285,NCA19900285,NCA19900285,1,LEO ST APTS,3885 LEO ST,WINSTON SALEM,NC,582,1990,1990,1,1,accept,duplicate_hud_records,retain_provisional_group,DEV_NCA19900285,NCA19900285
DEV_NCA19900285,NCA19900285,NCA19909016,2,LEO ST APTS,3885 LEO ST,WINSTON SALEM,NC,9001753,1990,1990,1,1,accept,duplicate_hud_records,retain_provisional_group,DEV_NCA19900285,NCA19900285
DEV_NCA19900330,NCA19900330,NCA19900330,1,MCCULLOCH APTS,118 E MCCULLOCH ST,GREENSBORO,NC,577,1990,1990,2,2,accept,duplicate_or_parallel_financing_records,retain_provisional_group,DEV_NCA19900330,NCA19900330
DEV_NCA19900330,NCA19900330,NCA19909018,2,MCCULLOCH APTS,118 A B MCCULLOCH ST,GREENSBORO,NC,9001631,1990,1990,2,2,accept,duplicate_or_parallel_financing_records,retain_provisional_group,DEV_NCA19900330,NCA19900330
DEV_NCA19900445,NCA19900445,NCA19900445,1,PENRY ROAD PROJECT,409 PENRY RD,GREENSBORO,NC,576,1990,1990,1,1,accept,same_named_scattered_site_development,retain_provisional_group,DEV_NCA19900445,NCA19900445
DEV_NCA19900445,NCA19900445,NCA19909022,2,PENRY ROAD PROJECT,409 PENRY STREET,GREENSBORO,NC,9000840,1990,1990,1,1,accept,same_named_scattered_site_development,retain_provisional_group,DEV_NCA19900445,NCA19900445
DEV_NCA19900455,NCA19900455,NCA19900455,1,PINE RIDGE: LOT 1,504 N PARKER ST,ELM CITY,NC,NC-90-01513,1990,1990,1,1,accept,same_named_scattered_site_development,retain_provisional_group,DEV_NCA19900455,NCA19900455
DEV_NCA19900455,NCA19900455,NCA19909023,2,PINE RIDGE LOT 1,504 PARKER STREET,ELM CITY,NC,9001513,1990,1990,1,1,accept,same_named_scattered_site_development,retain_provisional_group,DEV_NCA19900455,NCA19900455
DEV_NCA19900470,NCA19900470,NCA19900470,1,QUARTERPATH VILLAGE,4918 FOUR TENTHS ROAD,WILSON,NC,9000752,1990,1990,1,1,accept,same_named_scattered_site_development,retain_provisional_group,DEV_NCA19900470,NCA19900470
DEV_NCA19900470,NCA19900470,NCA19909024,2,QUARTERPATH VILLAGE,4930 FOUR TENTS ROAD,WILSON,NC,9002159,1990,1990,1,1,accept,same_named_scattered_site_development,retain_provisional_group,DEV_NCA19900470,NCA19900470
DEV_NCA19900745,NCA19900745,NCA19900745,1,YOUNT DUPLEX,1909 LINCOLNTON HWY,CHERRYVILLE,NC,544,1990,1990,2,2,accept,duplicate_or_parallel_financing_records,retain_provisional_group,DEV_NCA19900745,NCA19900745
DEV_NCA19900745,NCA19900745,NCA19909028,2,YOUNT DUPLEX,1909 1911 LINCOLNTON HWY 150,CHERRYVILLE,NC,9000954,1990,1990,2,2,accept,duplicate_or_parallel_financing_records,retain_provisional_group,DEV_NCA19900745,NCA19900745
DEV_NCA19910035,NCA19910035,NCA19910035,1,AUNT MARY AVE,204 AUNT MARY AVE,GREENSBORO,NC,670,1991,1991,1,1,accept,same_named_scattered_site_development,retain_provisional_group,DEV_NCA19910035,NCA19910035
DEV_NCA19910035,NCA19910035,NCA19930085,2,AUNT MARY AVE,208 AUNT MARY AVE,GREENSBORO,NC,671,1993,1991,1,1,accept,same_named_scattered_site_development,retain_provisional_group,DEV_NCA19910035,NCA19910035
DEV_NCA19910035,NCA19910035,NCA19939010,3,AUNT MARY AVE,208 AUNT MARY AVE,GREENSBORO,NC,9001752,1993,1991,1,1,accept,same_named_scattered_site_development,retain_provisional_group,DEV_NCA19910035,NCA19910035
DEV_NCA19910050,NCA19910050,NCA19910050,1,BOOKER ST APTS,607 S BOOKER ST,GREENSBORO,NC,726,1991,1991,1,1,accept,same_named_scattered_site_development,retain_provisional_group,DEV_NCA19910050,NCA19910050
DEV_NCA19910050,NCA19910050,NCA19919008,2,BOOKER ST APTS,607 BOOKER ST,GREENSBORO,NC,9000843,1991,1991,1,1,accept,same_named_scattered_site_development,retain_provisional_group,DEV_NCA19910050,NCA19910050
DEV_NCA19910055,NCA19910055,NCA19910055,1,BRAGG STREET APTS,810 E BRAGG ST,GREENSBORO,NC,572,1991,1990,4,4,accept,duplicate_or_parallel_financing_records,retain_provisional_group,DEV_NCA19910055,NCA19910055
DEV_NCA19910055,NCA19910055,NCA19919009,2,BRAGG STREET APTS,810 A B C D EAST BRAGG ST,GREENSBORO,NC,9001641,1991,1990,4,4,accept,duplicate_or_parallel_financing_records,retain_provisional_group,DEV_NCA19910055,NCA19910055
DEV_NCA19910075,NCA19910075,NCA19910075,1,DANIEL STREET APTS,120 DANIEL ST,OXFORD,NC,788,1991,1991,4,4,accept,duplicate_or_parallel_financing_records,retain_provisional_group,DEV_NCA19910075,NCA19910075
DEV_NCA19910075,NCA19910075,NCA19919013,2,DANIEL STREET APTS,120 122 DANIEL ST,OXFORD,NC,9001895,1991,1991,4,4,accept,duplicate_or_parallel_financing_records,retain_provisional_group,DEV_NCA19910075,NCA19910075
DEV_NCA19910080,NCA19910080,NCA19910080,1,EASTERN OAKS,302 AUNT MARY AVE,GREENSBORO,NC,674,1991,1991,1,1,accept,same_named_scattered_site_development,retain_provisional_group,DEV_NCA19910080,NCA19910080
DEV_NCA19910080,NCA19910080,NCA19919014,2,EASTERN OAKS,302 AUNT MARY AVE,GREENSBORO,NC,9001590,1991,1991,1,1,accept,same_named_scattered_site_development,retain_provisional_group,DEV_NCA19910080,NCA19910080
DEV_NCA19910080,NCA19910080,NCA19920170,3,EASTERN OAKS,8 QUAD OAK DR,GREENSBORO,NC,678,1992,1991,1,1,accept,same_named_scattered_site_development,retain_provisional_group,DEV_NCA19910080,NCA19910080
DEV_NCA19910080,NCA19910080,NCA19929029,4,EASTERN OAKS,8 QUAD OAK DR,GREENSBORO,NC,9001544,1992,1991,1,1,accept,same_named_scattered_site_development,retain_provisional_group,DEV_NCA19910080,NCA19910080
DEV_NCA19910110,NCA19910110,NCA19910110,1,FOX HOLLOW,1807 FOX HOLLOW DR,RALEIGH,NC,9001996,1991,1991,1,1,accept,same_named_scattered_site_development,retain_provisional_group,DEV_NCA19910110,NCA19910110
DEV_NCA19910110,NCA19910110,NCA19919019,2,FOX HOLLOW,2801 FERRET CT,RALEIGH,NC,9001969,1991,1991,1,1,accept,same_named_scattered_site_development,retain_provisional_group,DEV_NCA19910110,NCA19910110
DEV_NCA19910110,NCA19910110,NCA19919020,3,FOX HOLLOW,2803 FERRET CT,RALEIGH,NC,9001970,1991,1991,1,1,accept,same_named_scattered_site_development,retain_provisional_group,DEV_NCA19910110,NCA19910110
DEV_NCA19910110,NCA19910110,NCA19920190,4,FOX HOLLOW,1714 FOX HOLLOW DR,RALEIGH,NC,9001971,1992,1991,1,1,accept,same_named_scattered_site_development,retain_provisional_group,DEV_NCA19910110,NCA19910110
DEV_NCA19910110,NCA19910110,NCA19929033,5,FOX HOLLOW,1721 FOX HOLLOW DR,RALEIGH,NC,9001941,1992,1991,1,1,accept,same_named_scattered_site_development,retain_provisional_group,DEV_NCA19910110,NCA19910110
DEV_NCA19910125,NCA19910125,NCA19910125,1,FOX HOLLOW APTS,2707 BIG OAK ST,RALEIGH,NC,9002276,1991,1990,1,1,accept,same_named_scattered_site_development,retain_provisional_group,DEV_NCA19910125,NCA19910125
DEV_NCA19910125,NCA19910125,NCA19910130,2,FOX HOLLOW APTS,2708 BIG OAK ST,RALEIGH,NC,9002066,1991,1990,1,1,accept,same_named_scattered_site_development,retain_provisional_group,DEV_NCA19910125,NCA19910125
DEV_NCA19910125,NCA19910125,NCA19910135,3,FOX HOLLOW APTS,2709 BIG OAK ST,RALEIGH,NC,9001943,1991,1990,1,1,accept,same_named_scattered_site_development,retain_provisional_group,DEV_NCA19910125,NCA19910125
DEV_NCA19910125,NCA19910125,NCA19910140,4,FOX HOLLOW APTS,2710 BIG OAK ST,RALEIGH,NC,9001944,1991,1990,1,1,accept,same_named_scattered_site_development,retain_provisional_group,DEV_NCA19910125,NCA19910125
DEV_NCA19910125,NCA19910125,NCA19910145,5,FOX HOLLOW APTS,2711 BIG OAK ST,RALEIGH,NC,9002275,1991,1990,1,1,accept,same_named_scattered_site_development,retain_provisional_group,DEV_NCA19910125,NCA19910125
DEV_NCA19910125,NCA19910125,NCA19910150,6,FOX HOLLOW APTS,2712 BIG OAK ST,RALEIGH,NC,9001754,1991,1990,1,1,accept,same_named_scattered_site_development,retain_provisional_group,DEV_NCA19910125,NCA19910125
DEV_NCA19910125,NCA19910125,NCA19910155,7,FOX HOLLOW APTS,2713 BIG OAK ST,RALEIGH,NC,9001945,1991,1990,1,1,accept,same_named_scattered_site_development,retain_provisional_group,DEV_NCA19910125,NCA19910125
DEV_NCA19910125,NCA19910125,NCA19910160,8,FOX HOLLOW APTS,2714 BIG OAK ST,RALEIGH,NC,9001946,1991,1990,1,1,accept,same_named_scattered_site_development,retain_provisional_group,DEV_NCA19910125,NCA19910125
DEV_NCA19910125,NCA19910125,NCA19910165,9,FOX HOLLOW APTS,2715 BIG OAK ST,RALEIGH,NC,9001947,1991,1990,1,1,accept,same_named_scattered_site_development,retain_provisional_group,DEV_NCA19910125,NCA19910125
DEV_NCA19910125,NCA19910125,NCA19910170,10,FOX HOLLOW APTS,2717 BIG OAK ST,RALEIGH,NC,9001948,1991,1990,1,1,accept,same_named_scattered_site_development,retain_provisional_group,DEV_NCA19910125,NCA19910125
DEV_NCA19910185,NCA19910185,NCA19910185,1,FOX HOLLOW SUBDIVISION,1720 FOX HOLLOW DR,RALEIGH,NC,9001966,1991,1991,1,1,accept,same_named_scattered_site_development,retain_provisional_group,DEV_NCA19910185,NCA19910185
DEV_NCA19910185,NCA19910185,NCA19910200,2,FOX HOLLOW SUBDIVISION,1803 FOX HOLLOW DR,RALEIGH,NC,9001964,1991,1991,1,1,accept,same_named_scattered_site_development,retain_provisional_group,DEV_NCA19910185,NCA19910185
DEV_NCA19910185,NCA19910185,NCA19910205,3,FOX HOLLOW SUBDIVISION,1805 FOX HOLLOW DR,RALEIGH,NC,9001992,1991,1991,1,1,accept,same_named_scattered_site_development,retain_provisional_group,DEV_NCA19910185,NCA19910185
DEV_NCA19910185,NCA19910185,NCA19910210,4,FOX HOLLOW SUBDIVISION,2727 BIG OAK ST,RALEIGH,NC,598,1991,1991,1,1,accept,same_named_scattered_site_development,retain_provisional_group,DEV_NCA19910185,NCA19910185
DEV_NCA19910185,NCA19910185,NCA19910215,5,FOX HOLLOW SUBDIVISION,2729 BIG OAK ST,RALEIGH,NC,611,1991,1991,1,1,accept,same_named_scattered_site_development,retain_provisional_group,DEV_NCA19910185,NCA19910185
DEV_NCA19910185,NCA19910185,NCA19919031,6,FOX HOLLOW SUBDIVISION,2727 BIG OAK STREET,RALEIGH,NC,9000884,1991,1991,1,1,accept,same_named_scattered_site_development,retain_provisional_group,DEV_NCA19910185,NCA19910185
DEV_NCA19910185,NCA19910185,NCA19919032,7,FOX HOLLOW SUBDIVISION,1722 FOX HOLLOW DR,RALEIGH,NC,9000886,1991,1991,1,1,accept,same_named_scattered_site_development,retain_provisional_group,DEV_NCA19910185,NCA19910185
DEV_NCA19910185,NCA19910185,NCA19919035,8,FOX HOLLOW SUBDIVISION,1718 FOX HOLLOW DR,RALEIGH,NC,9001965,1991,1991,1,1,accept,same_named_scattered_site_development,retain_provisional_group,DEV_NCA19910185,NCA19910185
DEV_NCA19910185,NCA19910185,NCA19919037,9,FOX HOLLOW SUBDIVISION,1716 FOX HOLLOW DR,RALEIGH,NC,9001963,1991,1991,1,1,accept,same_named_scattered_site_development,retain_provisional_group,DEV_NCA19910185,NCA19910185
DEV_NCA19910185,NCA19910185,NCA19919038,10,FOX HOLLOW SUBDIVISION,1801 FOX HOLLOW DR,RALEIGH,NC,9001962,1991,1991,1,1,accept,same_named_scattered_site_development,retain_provisional_group,DEV_NCA19910185,NCA19910185
DEV_NCA19910185,NCA19910185,NCA19920220,11,FOX HOLLOW SUBDIVISION,1723 FOX HOLLOW DR,RALEIGH,NC,9000899,1992,1991,1,1,accept,same_named_scattered_site_development,retain_provisional_group,DEV_NCA19910185,NCA19910185
DEV_NCA19910185,NCA19910185,NCA19920225,12,FOX HOLLOW SUBDIVISION,1725 FOX HOLLOW DR,RALEIGH,NC,9000900,1992,1991,1,1,accept,same_named_scattered_site_development,retain_provisional_group,DEV_NCA19910185,NCA19910185
DEV_NCA19910185,NCA19910185,NCA19920230,13,FOX HOLLOW SUBDIVISION,2704 FOXTAIL COURT,RALEIGH,NC,9001975,1992,1991,1,1,accept,same_named_scattered_site_development,retain_provisional_group,DEV_NCA19910185,NCA19910185
DEV_NCA19910185,NCA19910185,NCA19920235,14,FOX HOLLOW SUBDIVISION,2705 FOX TAIL CT,RALEIGH,NC,659,1992,1991,1,1,accept,same_named_scattered_site_development,retain_provisional_group,DEV_NCA19910185,NCA19910185
DEV_NCA19910185,NCA19910185,NCA19920240,15,FOX HOLLOW SUBDIVISION,2706 FOXTAIL CT,RALEIGH,NC,9001976,1992,1991,1,1,accept,same_named_scattered_site_development,retain_provisional_group,DEV_NCA19910185,NCA19910185
DEV_NCA19910185,NCA19910185,NCA19920245,16,FOX HOLLOW SUBDIVISION,2707 FOX TAIL CT,RALEIGH,NC,662,1992,1991,1,1,accept,same_named_scattered_site_development,retain_provisional_group,DEV_NCA19910185,NCA19910185
DEV_NCA19910185,NCA19910185,NCA19920250,17,FOX HOLLOW SUBDIVISION,2709 FOX TAIL CT,RALEIGH,NC,629,1992,1991,1,1,accept,same_named_scattered_site_development,retain_provisional_group,DEV_NCA19910185,NCA19910185
DEV_NCA19910185,NCA19910185,NCA19920255,18,FOX HOLLOW SUBDIVISION,2711 FOX TAIL CT,RALEIGH,NC,630,1992,1991,1,1,accept,same_named_scattered_site_development,retain_provisional_group,DEV_NCA19910185,NCA19910185
DEV_NCA19910185,NCA19910185,NCA19920275,19,FOX HOLLOW SUBDIVISION,2811 FERRET CT,RALEIGH,NC,658,1992,1991,1,1,accept,same_named_scattered_site_development,retain_provisional_group,DEV_NCA19910185,NCA19910185
DEV_NCA19910185,NCA19910185,NCA19929036,20,FOX HOLLOW SUBDIVISION,1710 FOX HOLLOW DR,RALEIGH,NC,9000888,1992,1991,1,1,accept,same_named_scattered_site_development,retain_provisional_group,DEV_NCA19910185,NCA19910185
DEV_NCA19910185,NCA19910185,NCA19929039,21,FOX HOLLOW SUBDIVISION,2805 FERRET CT,RALEIGH,NC,9001959,1992,1991,1,1,accept,same_named_scattered_site_development,retain_provisional_group,DEV_NCA19910185,NCA19910185
DEV_NCA19910185,NCA19910185,NCA19929040,22,FOX HOLLOW SUBDIVISION,2807 FERRET CT,RALEIGH,NC,9001960,1992,1991,1,1,accept,same_named_scattered_site_development,retain_provisional_group,DEV_NCA19910185,NCA19910185
DEV_NCA19910185,NCA19910185,NCA19929041,23,FOX HOLLOW SUBDIVISION,2809 FERRET CT,RALEIGH,NC,9001961,1992,1991,1,1,accept,same_named_scattered_site_development,retain_provisional_group,DEV_NCA19910185,NCA19910185
DEV_NCA19910185,NCA19910185,NCA19929042,24,FOX HOLLOW SUBDIVISION,2709 FOXTAIL CT,RALEIGH,NC,9001967,1992,1991,1,1,accept,same_named_scattered_site_development,retain_provisional_group,DEV_NCA19910185,NCA19910185
DEV_NCA19910185,NCA19910185,NCA19929043,25,FOX HOLLOW SUBDIVISION,2711 FOXTAIL CT,RALEIGH,NC,9001968,1992,1991,1,1,accept,same_named_scattered_site_development,retain_provisional_group,DEV_NCA19910185,NCA19910185
DEV_NCA19910185,NCA19910185,NCA19929044,26,FOX HOLLOW SUBDIVISION,1719 FOX HOLLOW DR,RALEIGH,NC,9001973,1992,1991,1,1,accept,same_named_scattered_site_development,retain_provisional_group,DEV_NCA19910185,NCA19910185
DEV_NCA19910185,NCA19910185,NCA19929045,27,FOX HOLLOW SUBDIVISION,2811 FERRET COURT,RALEIGH,NC,9001974,1992,1991,1,1,accept,same_named_scattered_site_development,retain_provisional_group,DEV_NCA19910185,NCA19910185
DEV_NCA19910185,NCA19910185,NCA19929048,28,FOX HOLLOW SUBDIVISION,2705 FOXTAIL COURT,RALEIGH,NC,9000885,1992,1991,1,1,accept,same_named_scattered_site_development,retain_provisional_group,DEV_NCA19910185,NCA19910185
DEV_NCA19910185,NCA19910185,NCA19929049,29,FOX HOLLOW SUBDIVISION,1708 FOX HOLLOW DR,RALEIGH,NC,9000887,1992,1991,1,1,accept,same_named_scattered_site_development,retain_provisional_group,DEV_NCA19910185,NCA19910185
DEV_NCA19910225,NCA19910225,NCA19910225,1,HEATHFIELD APTS II,143 S MORROW AVE,ALBEMARLE,NC,533,1991,1990,4,4,accept,duplicate_or_parallel_financing_records,retain_provisional_group,DEV_NCA19910225,NCA19910225
DEV_NCA19910225,NCA19910225,NCA19919040,2,HEATHFIELD APTS II,143 145 147 149 S MORROW AV,ALBEMARLE,NC,9001052,1991,1990,4,4,accept,duplicate_or_parallel_financing_records,retain_provisional_group,DEV_NCA19910225,NCA19910225
DEV_NCA19910360,NCA19910360,NCA19910360,1,PUNGO VILLAGE,928 PUNGO VILLAGE ROAD,BELHAVEN,NC,9001385,1991,1990,38,38,accept,duplicate_or_parallel_financing_records,retain_provisional_group,DEV_NCA19910360,NCA19910360
DEV_NCA19910360,NCA19910360,NCA19919277,2,PUNGO VILLAGE,928 PUNGO VILLAGE ROAD,BELHAVEN,NC,9001385,1991,1990,38,38,accept,duplicate_or_parallel_financing_records,retain_provisional_group,DEV_NCA19910360,NCA19910360
DEV_NCA19910365,NCA19910365,NCA19910365,1,QUAD OAK DRIVE,5 QUAD OAK DR,GREENSBORO,NC,686,1991,1991,1,1,accept,same_named_scattered_site_development,retain_provisional_group,DEV_NCA19910365,NCA19910365
DEV_NCA19910365,NCA19910365,NCA19910370,2,QUAD OAK DRIVE,7 QUAD OAK DR,GREENSBORO,NC,685,1991,1991,1,1,accept,same_named_scattered_site_development,retain_provisional_group,DEV_NCA19910365,NCA19910365
DEV_NCA19910365,NCA19910365,NCA19919063,3,QUAD OAK DRIVE,7 QUAD OAK DRIVE,GREENSBORO,NC,9001591,1991,1991,1,1,accept,same_named_scattered_site_development,retain_provisional_group,DEV_NCA19910365,NCA19910365
DEV_NCA19910365,NCA19910365,NCA19919064,4,QUAD OAK DRIVE,5 QUAD OAK DRIVE,GREENSBORO,NC,9001593,1991,1991,1,1,accept,same_named_scattered_site_development,retain_provisional_group,DEV_NCA19910365,NCA19910365
DEV_NCA19910375,NCA19910375,NCA19910375,1,RESIDENCE,3938 EASTLAND AVE,GREENSBORO,NC,9001549,1991,1990,1,1,accept,same_named_scattered_site_development,retain_provisional_group,DEV_NCA19910375,NCA19910375
DEV_NCA19910375,NCA19910375,NCA19920425,2,RESIDENCE,202 AUNT MARY AVE,GREENSBORO,NC,9001459,1992,1991,1,1,accept,same_named_scattered_site_development,retain_provisional_group,DEV_NCA19910375,NCA19910375
DEV_NCA19910375,NCA19910375,NCA19920430,3,RESIDENCE,2907 LIBERTY ROAD,GREENSBORO,NC,9001480,1992,1992,1,1,accept,same_named_scattered_site_development,retain_provisional_group,DEV_NCA19910375,NCA19910375
DEV_NCA19910375,NCA19910375,NCA19920435,4,RESIDENCE,4707 FOREST VILLAGE DR,GREENSBORO,NC,919,1992,1992,1,1,accept,same_named_scattered_site_development,retain_provisional_group,DEV_NCA19910375,NCA19910375
DEV_NCA19910375,NCA19910375,NCA19920635,5,RESIDENCE,2905 LIBERTY ROAD,GREENSBORO,NC,9001481,1992,1992,1,1,accept,same_named_scattered_site_development,retain_provisional_group,DEV_NCA19910375,NCA19910375
DEV_NCA19910465,NCA19910465,NCA19910465,1,VANCE CO HOUSING,665 VANCE ST,HENDERSON,NC,570,1991,1990,10,10,accept,duplicate_or_parallel_financing_records,retain_provisional_group,DEV_NCA19910465,NCA19910465
DEV_NCA19910465,NCA19910465,NCA19919076,2,VANCE CO HOUSING,665 667 VANCE ST 1340 1350 NICHOLAS,HENDERSON,NC,9001851,1991,1990,10,10,accept,duplicate_or_parallel_financing_records,retain_provisional_group,DEV_NCA19910465,NCA19910465
DEV_NCA19910485,NCA19910485,NCA19910485,1,VILLAGE SQUARE APTS,1113 WASHINGTON ST,HENDERSON,NC,586,1991,1990,4,4,accept,duplicate_or_parallel_financing_records,retain_provisional_group,DEV_NCA19910485,NCA19910485
DEV_NCA19910485,NCA19910485,NCA19919077,2,VILLAGE SQUARE APTS,1113 15 WASHINGTON 519 21 HILLIARD ST,HENDERSON,NC,9002113,1991,1990,4,4,accept,duplicate_or_parallel_financing_records,retain_provisional_group,DEV_NCA19910485,NCA19910485
DEV_NCA19919050,NCA19919050,NCA19919050,1,PWE FOX HOLLOW SUBDIVISION,2729 BIG OAK STREET,RALEIGH,NC,9001597,1991,1991,1,1,accept,same_named_scattered_site_development,retain_provisional_group,DEV_NCA19919050,NCA19919050
DEV_NCA19919050,NCA19919050,NCA19929078,2,PWE FOX HOLLOW SUBDIVISION,2707 FOXTAIL COURT,RALEIGH,NC,9002080,1992,1991,1,1,accept,same_named_scattered_site_development,retain_provisional_group,DEV_NCA19919050,NCA19919050
DEV_NCA19919051,NCA19919051,NCA19919051,1,PWE MENLO PARK,1711 TENTH ST,GREENSBORO,NC,9000943,1991,1990,2,2,accept,duplicate_or_parallel_financing_records,retain_provisional_group,DEV_NCA19919051,NCA19919051
DEV_NCA19919051,NCA19919051,NCA19919052,2,PWE MENLO PARK,1703 TENTH ST,GREENSBORO,NC,9000944,1991,1990,2,2,accept,duplicate_or_parallel_financing_records,retain_provisional_group,DEV_NCA19919051,NCA19919051
DEV_NCA19919051,NCA19919051,NCA19919053,3,PWE MENLO PARK,1709 TENTH ST,GREENSBORO,NC,9000945,1991,1990,2,2,accept,duplicate_or_parallel_financing_records,retain_provisional_group,DEV_NCA19919051,NCA19919051
DEV_NCA19919051,NCA19919051,NCA19919054,4,PWE MENLO PARK,1707 A B TENTH ST,GREENSBORO,NC,9000946,1991,1990,2,2,accept,duplicate_or_parallel_financing_records,retain_provisional_group,DEV_NCA19919051,NCA19919051
DEV_NCA19919051,NCA19919051,NCA19919055,5,PWE MENLO PARK,1804 TUCKER ST,GREENSBORO,NC,9000947,1991,1990,2,2,accept,duplicate_or_parallel_financing_records,retain_provisional_group,DEV_NCA19919051,NCA19919051
DEV_NCA19919051,NCA19919051,NCA19919056,6,PWE MENLO PARK,1802 A B TUCKER STREET,GREENSBORO,NC,9001594,1991,1990,2,2,accept,duplicate_or_parallel_financing_records,retain_provisional_group,DEV_NCA19919051,NCA19919051
DEV_NCA19920085,NCA19920085,NCA19920085,1,BERKSHIRE DOWNS,8112 FARMLEA CIR,RALEIGH,NC,776,1992,1991,1,1,accept,same_named_scattered_site_development,retain_provisional_group,DEV_NCA19920085,NCA19920085
DEV_NCA19920085,NCA19920085,NCA19929012,2,BERKSHIRE DOWNS,8100 FARMLEA CIRCLE,RALEIGH,NC,9002005,1992,1991,1,1,accept,same_named_scattered_site_development,retain_provisional_group,DEV_NCA19920085,NCA19920085
DEV_NCA19920085,NCA19920085,NCA19929013,3,BERKSHIRE DOWNS,8112 FARMLEA CIRCLE,RALEIGH,NC,9002001,1992,1991,1,1,accept,same_named_scattered_site_development,retain_provisional_group,DEV_NCA19920085,NCA19920085
DEV_NCA19920085,NCA19920085,NCA19930095,4,BERKSHIRE DOWNS,8108 FARMLEA CIR,RALEIGH,NC,774,1993,1991,1,1,accept,same_named_scattered_site_development,retain_provisional_group,DEV_NCA19920085,NCA19920085
DEV_NCA19920085,NCA19920085,NCA19930100,5,BERKSHIRE DOWNS,8110 FARMLEA CIR,RALEIGH,NC,775,1993,1991,1,1,accept,same_named_scattered_site_development,retain_provisional_group,DEV_NCA19920085,NCA19920085
DEV_NCA19920085,NCA19920085,NCA19930105,6,BERKSHIRE DOWNS,8114 FARMLEA CIR,RALEIGH,NC,777,1993,1991,1,1,accept,same_named_scattered_site_development,retain_provisional_group,DEV_NCA19920085,NCA19920085
DEV_NCA19920085,NCA19920085,NCA19930110,7,BERKSHIRE DOWNS,8115 FARMLEA CIR,RALEIGH,NC,778,1993,1991,1,1,accept,same_named_scattered_site_development,retain_provisional_group,DEV_NCA19920085,NCA19920085
DEV_NCA19920085,NCA19920085,NCA19930115,8,BERKSHIRE DOWNS,8117 FARMLEA CIR,RALEIGH,NC,779,1993,1991,1,1,accept,same_named_scattered_site_development,retain_provisional_group,DEV_NCA19920085,NCA19920085
DEV_NCA19920085,NCA19920085,NCA19930120,9,BERKSHIRE DOWNS,8119 FARMLEA CIR,RALEIGH,NC,9002003,1993,1991,1,1,accept,same_named_scattered_site_development,retain_provisional_group,DEV_NCA19920085,NCA19920085
DEV_NCA19920085,NCA19920085,NCA19930125,10,BERKSHIRE DOWNS,8121 FARMLEA CIR,RALEIGH,NC,781,1993,1991,1,1,accept,same_named_scattered_site_development,retain_provisional_group,DEV_NCA19920085,NCA19920085
DEV_NCA19920085,NCA19920085,NCA19930130,11,BERKSHIRE DOWNS,8123 FARMLEA CIR,RALEIGH,NC,782,1993,1991,1,1,accept,same_named_scattered_site_development,retain_provisional_group,DEV_NCA19920085,NCA19920085
DEV_NCA19920085,NCA19920085,NCA19930135,12,BERKSHIRE DOWNS,8125 FARMLEA CIR,RALEIGH,NC,783,1993,1991,1,1,accept,same_named_scattered_site_development,retain_provisional_group,DEV_NCA19920085,NCA19920085
DEV_NCA19920085,NCA19920085,NCA19939012,13,BERKSHIRE DOWNS,8125 FARMLEA CIR,RALEIGH,NC,9002067,1993,1991,1,1,accept,same_named_scattered_site_development,retain_provisional_group,DEV_NCA19920085,NCA19920085
DEV_NCA19920085,NCA19920085,NCA19939014,14,BERKSHIRE DOWNS,8114 FARMLEA CIR,RALEIGH,NC,9002002,1993,1991,1,1,accept,same_named_scattered_site_development,retain_provisional_group,DEV_NCA19920085,NCA19920085
DEV_NCA19920085,NCA19920085,NCA19939015,15,BERKSHIRE DOWNS,8110 FARMLEA CIR,RALEIGH,NC,9002000,1993,1991,1,1,accept,same_named_scattered_site_development,retain_provisional_group,DEV_NCA19920085,NCA19920085
DEV_NCA19920085,NCA19920085,NCA19939016,16,BERKSHIRE DOWNS,8108 FARMLEA CIR,RALEIGH,NC,9001999,1993,1991,1,1,accept,same_named_scattered_site_development,retain_provisional_group,DEV_NCA19920085,NCA19920085
DEV_NCA19920085,NCA19920085,NCA19939017,17,BERKSHIRE DOWNS,8115 FARMLEA CIR,RALEIGH,NC,9001991,1993,1991,1,1,accept,same_named_scattered_site_development,retain_provisional_group,DEV_NCA19920085,NCA19920085
DEV_NCA19920085,NCA19920085,NCA19939018,18,BERKSHIRE DOWNS,8123 FARMLEA CIR,RALEIGH,NC,9001931,1993,1991,1,1,accept,same_named_scattered_site_development,retain_provisional_group,DEV_NCA19920085,NCA19920085
DEV_NCA19920085,NCA19920085,NCA19939019,19,BERKSHIRE DOWNS,8121 FARMLEA CIR,RALEIGH,NC,9002004,1993,1991,1,1,accept,same_named_scattered_site_development,retain_provisional_group,DEV_NCA19920085,NCA19920085
DEV_NCA19920090,NCA19920090,NCA19920090,1,BERKSHIRE DOWNS WEST,8102 FARMLEA CIR,RALEIGH,NC,616,1992,1991,1,1,accept,same_named_scattered_site_development,retain_provisional_group,DEV_NCA19920090,NCA19920090
DEV_NCA19920090,NCA19920090,NCA19929014,2,BERKSHIRE DOWNS WEST,8102 FARMLEA CIRCLE,RALEIGH,NC,9002006,1992,1991,1,1,accept,same_named_scattered_site_development,retain_provisional_group,DEV_NCA19920090,NCA19920090
DEV_NCA19920095,NCA19920095,NCA19920095,1,BERKSHIRE DOWNS WEST SUBDIVISION,8104 FARMLEA CIR,RALEIGH,NC,617,1992,1991,1,1,accept,same_named_scattered_site_development,retain_provisional_group,DEV_NCA19920095,NCA19920095
DEV_NCA19920095,NCA19920095,NCA19929015,2,BERKSHIRE DOWNS WEST SUBDIVISION,8104 FARMLEA CIRCLE,RALEIGH,NC,9002074,1992,1991,1,1,accept,same_named_scattered_site_development,retain_provisional_group,DEV_NCA19920095,NCA19920095
DEV_NCA19920130,NCA19920130,NCA19920130,1,COURTNEY LANE TOWNHOMES,4707 COURTNEY LN,RALEIGH,NC,722,1992,1991,1,1,accept,same_named_scattered_site_development,retain_provisional_group,DEV_NCA19920130,NCA19920130
DEV_NCA19920130,NCA19920130,NCA19920140,2,COURTNEY LANE TOWNHOMES,4701 COURTNEY LN,RALEIGH,NC,713,1992,1991,1,1,accept,same_named_scattered_site_development,retain_provisional_group,DEV_NCA19920130,NCA19920130
DEV_NCA19920130,NCA19920130,NCA19920145,3,COURTNEY LANE TOWNHOMES,4703 COURTNEY LN,RALEIGH,NC,714,1992,1991,1,1,accept,same_named_scattered_site_development,retain_provisional_group,DEV_NCA19920130,NCA19920130
DEV_NCA19920130,NCA19920130,NCA19920150,4,COURTNEY LANE TOWNHOMES,4705 COURTNEY LN,RALEIGH,NC,721,1992,1991,1,1,accept,same_named_scattered_site_development,retain_provisional_group,DEV_NCA19920130,NCA19920130
DEV_NCA19920130,NCA19920130,NCA19920155,5,COURTNEY LANE TOWNHOMES,4715 COURTNEY LN,RALEIGH,NC,718,1992,1991,1,1,accept,same_named_scattered_site_development,retain_provisional_group,DEV_NCA19920130,NCA19920130
DEV_NCA19920130,NCA19920130,NCA19920160,6,COURTNEY LANE TOWNHOMES,4719 COURTNEY LN,RALEIGH,NC,720,1992,1991,1,1,accept,same_named_scattered_site_development,retain_provisional_group,DEV_NCA19920130,NCA19920130
DEV_NCA19920130,NCA19920130,NCA19929023,7,COURTNEY LANE TOWNHOMES,4719 COURTNEY LANE,RALEIGH,NC,9002029,1992,1991,1,1,accept,same_named_scattered_site_development,retain_provisional_group,DEV_NCA19920130,NCA19920130
DEV_NCA19920130,NCA19920130,NCA19929024,8,COURTNEY LANE TOWNHOMES,4705 COURTNEY LANE,RALEIGH,NC,9001925,1992,1991,1,1,accept,same_named_scattered_site_development,retain_provisional_group,DEV_NCA19920130,NCA19920130
DEV_NCA19920130,NCA19920130,NCA19929025,9,COURTNEY LANE TOWNHOMES,4715 COURTNEY LANE,RALEIGH,NC,9002027,1992,1991,1,1,accept,same_named_scattered_site_development,retain_provisional_group,DEV_NCA19920130,NCA19920130
DEV_NCA19920130,NCA19920130,NCA19929026,10,COURTNEY LANE TOWNHOMES,4701 COURTNEY LANE,RALEIGH,NC,9001953,1992,1991,1,1,accept,same_named_scattered_site_development,retain_provisional_group,DEV_NCA19920130,NCA19920130
DEV_NCA19920130,NCA19920130,NCA19929027,11,COURTNEY LANE TOWNHOMES,4703 COURTNEY LANE,RALEIGH,NC,9001954,1992,1991,1,1,accept,same_named_scattered_site_development,retain_provisional_group,DEV_NCA19920130,NCA19920130
DEV_NCA19920135,NCA19920135,NCA19920135,1,COURTNEY LANE,4717 COURTNEY LANE,RALEIGH,NC,9002028,1992,1991,1,1,accept,same_named_scattered_site_development,retain_provisional_group,DEV_NCA19920135,NCA19920135
DEV_NCA19920135,NCA19920135,NCA19929022,2,COURTNEY LANE,4707 COURTNEY LANE,RALEIGH,NC,9002068,1992,1991,1,1,accept,same_named_scattered_site_development,retain_provisional_group,DEV_NCA19920135,NCA19920135
DEV_NCA19920180,NCA19920180,NCA19920180,1,FISHER HEIGHTS APTS,209 LORD ANSON DR,RALEIGH,NC,763,1992,1991,2,2,accept,same_property_changed_or_component_totals,retain_provisional_group,DEV_NCA19920180,NCA19920180
DEV_NCA19920180,NCA19920180,NCA19929031,2,FISHER HEIGHTS APTS,209 LORD ANSON RD,RALEIGH,NC,9001715,1992,1991,1,1,accept,same_property_changed_or_component_totals,retain_provisional_group,DEV_NCA19920180,NCA19920180
DEV_NCA19920300,NCA19920300,NCA19920300,1,HOPKINS STREET APTS,705 HOPKINS ST,DURHAM,NC,744,1992,1991,4,4,accept,duplicate_or_parallel_financing_records,retain_provisional_group,DEV_NCA19920300,NCA19920300
DEV_NCA19920300,NCA19920300,NCA19929054,2,HOPKINS STREET APTS,705 709 HOPKINS ST,DURHAM,NC,9002251,1992,1991,4,4,accept,duplicate_or_parallel_financing_records,retain_provisional_group,DEV_NCA19920300,NCA19920300
DEV_NCA19920305,NCA19920305,NCA19920305,1,INGLESIDE APTS,3000 INGLESIDE AVE,GREENSBORO,NC,708,1992,1991,3,3,accept,duplicate_or_parallel_financing_records,retain_provisional_group,DEV_NCA19920305,NCA19920305
DEV_NCA19920305,NCA19920305,NCA19929055,2,INGLESIDE APTS,3000 INGLESIDE AVE,GREENSBORO,NC,9001632,1992,1991,3,3,accept,duplicate_or_parallel_financing_records,retain_provisional_group,DEV_NCA19920305,NCA19920305
DEV_NCA19920320,NCA19920320,NCA19920320,1,LANE WOODS:: LOT 6,1611 PECAN CT N,WILSON,NC,900,1992,1992,4,4,accept,duplicate_or_parallel_financing_records,retain_provisional_group,DEV_NCA19920320,NCA19920320
DEV_NCA19920320,NCA19920320,NCA19929058,2,LANE WOODS LOT 6,1611 PECAN COURT,WILSON,NC,9001519,1992,1992,4,4,accept,duplicate_or_parallel_financing_records,retain_provisional_group,DEV_NCA19920320,NCA19920320
DEV_NCA19920335,NCA19920335,NCA19920335,1,LOMBARDY STREET,1111 LOMBARDY ST,GREENSBORO,NC,871,1992,1992,1,1,accept,same_named_scattered_site_development,retain_provisional_group,DEV_NCA19920335,NCA19920335
DEV_NCA19920335,NCA19920335,NCA19920340,2,LOMBARDY STREET,1115 LOMBARDY ST,GREENSBORO,NC,872,1992,1992,1,1,accept,same_named_scattered_site_development,retain_provisional_group,DEV_NCA19920335,NCA19920335
DEV_NCA19920335,NCA19920335,NCA19929059,3,LOMBARDY STREET,1111 LOMBARDY STREET,GREENSBORO,NC,9001624,1992,1992,1,1,accept,same_named_scattered_site_development,retain_provisional_group,DEV_NCA19920335,NCA19920335
DEV_NCA19920335,NCA19920335,NCA19929060,4,LOMBARDY STREET,1115 LOMBARDY STREET,GREENSBORO,NC,9001625,1992,1992,1,1,accept,same_named_scattered_site_development,retain_provisional_group,DEV_NCA19920335,NCA19920335
DEV_NCA19920375,NCA19920375,NCA19920375,1,MCLOUIS CLAYTON RENTAL UNIT,236 GORDON ST,HIGH POINT,NC,729,1992,1991,1,1,accept,same_named_scattered_site_development,retain_provisional_group,DEV_NCA19920375,NCA19920375
DEV_NCA19920375,NCA19920375,NCA19929066,2,MCLOUIS CLAYTON  RENTAL UNIT,236 GORDON STREET,HIGH POINT,NC,9000862,1992,1991,1,1,accept,same_named_scattered_site_development,retain_provisional_group,DEV_NCA19920375,NCA19920375
DEV_NCA19920385,NCA19920385,NCA19920385,1,MORGAN PLACE APTS,217 MORGAN PL,HIGH POINT,NC,748,1992,1991,1,1,accept,same_named_scattered_site_development,retain_provisional_group,DEV_NCA19920385,NCA19920385
DEV_NCA19920385,NCA19920385,NCA19929067,2,MORGAN PLACE APTS,217 MORGAN PLACE,HIGH POINT,NC,9001504,1992,1991,1,1,accept,same_named_scattered_site_development,retain_provisional_group,DEV_NCA19920385,NCA19920385
DEV_NCA19920395,NCA19920395,NCA19920395,1,NEALTOWN ROAD,1210 NEALTOWN RD,GREENSBORO,NC,876,1992,1992,1,1,accept,same_named_scattered_site_development,retain_provisional_group,DEV_NCA19920395,NCA19920395
DEV_NCA19920395,NCA19920395,NCA19920400,2,NEALTOWN ROAD,1214 NEALTOWN RD,GREENSBORO,NC,873,1992,1992,1,1,accept,same_named_scattered_site_development,retain_provisional_group,DEV_NCA19920395,NCA19920395
DEV_NCA19920395,NCA19920395,NCA19920405,3,NEALTOWN ROAD,1216 NEALTOWN RD,GREENSBORO,NC,874,1992,1992,1,1,accept,same_named_scattered_site_development,retain_provisional_group,DEV_NCA19920395,NCA19920395
DEV_NCA19920395,NCA19920395,NCA19929069,4,NEALTOWN ROAD,1210 NEALTOWN ROAD,GREENSBORO,NC,9000859,1992,1992,1,1,accept,same_named_scattered_site_development,retain_provisional_group,DEV_NCA19920395,NCA19920395
DEV_NCA19920395,NCA19920395,NCA19929070,5,NEALTOWN ROAD,1214 NEALTOWN ROAD,GREENSBORO,NC,9001626,1992,1992,1,1,accept,same_named_scattered_site_development,retain_provisional_group,DEV_NCA19920395,NCA19920395
DEV_NCA19920395,NCA19920395,NCA19929071,6,NEALTOWN ROAD,1216 NEALTOWN ROAD,GREENSBORO,NC,9001623,1992,1992,1,1,accept,same_named_scattered_site_development,retain_provisional_group,DEV_NCA19920395,NCA19920395
DEV_NCA19920460,NCA19920460,NCA19920460,1,SPRINGFIELD SUBDIVISION,1700 AUGUSTA CIR,WILSON,NC,9000721,1992,1992,3,3,accept,same_property_changed_or_component_totals,retain_provisional_group,DEV_NCA19920460,NCA19920460
DEV_NCA19920460,NCA19920460,NCA19920465,2,SPRINGFIELD SUBDIVISION,1702 AUGUSTA CIR,WILSON,NC,9000748,1992,1992,4,4,accept,same_property_changed_or_component_totals,retain_provisional_group,DEV_NCA19920460,NCA19920460
DEV_NCA19920475,NCA19920475,NCA19920475,1,STEVENS APTS II,504 FRANKLIN BLVD,GREENSBORO,NC,796,1992,1992,1,1,accept,same_named_scattered_site_development,retain_provisional_group,DEV_NCA19920475,NCA19920475
DEV_NCA19920475,NCA19920475,NCA19929095,2,STEVENS APTS II,504 FRANKLIN RD,GREENSBORO,NC,9001482,1992,1992,1,1,accept,same_named_scattered_site_development,retain_provisional_group,DEV_NCA19920475,NCA19920475
DEV_NCA19920545,NCA19920545,NCA19920545,1,WOODFIELD SUBDIVISION,1808 EAST TRAIL DRIVE,WILSON,NC,9000745,1992,1991,1,1,accept,same_named_scattered_site_development,retain_provisional_group,DEV_NCA19920545,NCA19920545
DEV_NCA19920545,NCA19920545,NCA19920550,2,WOODFIELD SUBDIVISION,1809 E TRAIL DR SE,WILSON,NC,649,1992,1991,1,1,accept,same_named_scattered_site_development,retain_provisional_group,DEV_NCA19920545,NCA19920545
DEV_NCA19920545,NCA19920545,NCA19920555,3,WOODFIELD SUBDIVISION,1810 EAST TRAIL DRIVE,WILSON,NC,9000744,1992,1991,1,1,accept,same_named_scattered_site_development,retain_provisional_group,DEV_NCA19920545,NCA19920545
DEV_NCA19920545,NCA19920545,NCA19920560,4,WOODFIELD SUBDIVISION,1811 EAST TRAIL DRIVE,WILSON,NC,9001511,1992,1991,1,1,accept,same_named_scattered_site_development,retain_provisional_group,DEV_NCA19920545,NCA19920545
DEV_NCA19920545,NCA19920545,NCA19920565,5,WOODFIELD SUBDIVISION,1812 E TRAIL DR SE,WILSON,NC,644,1992,1991,1,1,accept,same_named_scattered_site_development,retain_provisional_group,DEV_NCA19920545,NCA19920545
DEV_NCA19920545,NCA19920545,NCA19920570,6,WOODFIELD SUBDIVISION,1813 E TRAIL DR SE,WILSON,NC,647,1992,1991,1,1,accept,same_named_scattered_site_development,retain_provisional_group,DEV_NCA19920545,NCA19920545
DEV_NCA19920545,NCA19920545,NCA19920575,7,WOODFIELD SUBDIVISION,1814 E TRAIL DR SE,WILSON,NC,641,1992,1991,1,1,accept,same_named_scattered_site_development,retain_provisional_group,DEV_NCA19920545,NCA19920545
DEV_NCA19920545,NCA19920545,NCA19920580,8,WOODFIELD SUBDIVISION,1816 E TRAIL DR SE,WILSON,NC,645,1992,1991,1,1,accept,same_named_scattered_site_development,retain_provisional_group,DEV_NCA19920545,NCA19920545
DEV_NCA19920545,NCA19920545,NCA19920585,9,WOODFIELD SUBDIVISION,1818 E TRAIL DR SE,WILSON,NC,646,1992,1991,1,1,accept,same_named_scattered_site_development,retain_provisional_group,DEV_NCA19920545,NCA19920545
DEV_NCA19920545,NCA19920545,NCA19929114,10,WOODFIELD SUBDIVISION,1809 EAST TRAIL DRIVE,WILSON,NC,9001510,1992,1991,1,1,accept,same_named_scattered_site_development,retain_provisional_group,DEV_NCA19920545,NCA19920545
DEV_NCA19920545,NCA19920545,NCA19929116,11,WOODFIELD SUBDIVISION,1813 EAST TRAIL DRIVE,WILSON,NC,9001512,1992,1991,1,1,accept,same_named_scattered_site_development,retain_provisional_group,DEV_NCA19920545,NCA19920545
DEV_NCA19920545,NCA19920545,NCA19929117,12,WOODFIELD SUBDIVISION,1814 EAST TRAIL DRIVE,WILSON,NC,9001514,1992,1991,1,1,accept,same_named_scattered_site_development,retain_provisional_group,DEV_NCA19920545,NCA19920545
DEV_NCA19920545,NCA19920545,NCA19929118,13,WOODFIELD SUBDIVISION,1816 EAST TRAIL DRIVE,WILSON,NC,9001515,1992,1991,1,1,accept,same_named_scattered_site_development,retain_provisional_group,DEV_NCA19920545,NCA19920545
DEV_NCA19920545,NCA19920545,NCA19929119,14,WOODFIELD SUBDIVISION,1818 EAST TRAIL DRIVE,WILSON,NC,9001516,1992,1991,1,1,accept,same_named_scattered_site_development,retain_provisional_group,DEV_NCA19920545,NCA19920545
DEV_NCA19920545,NCA19920545,NCA19929120,15,WOODFIELD SUBDIVISION,1812 EAST TRAIL DRIVE,WILSON,NC,9001518,1992,1991,1,1,accept,same_named_scattered_site_development,retain_provisional_group,DEV_NCA19920545,NCA19920545
DEV_NCA19920545,NCA19920545,NCA19920595,16,WOODFIELD SUBDIVISION,1803 PETALCREST CIR SE,WILSON,NC,807,1992,1992,1,1,accept,same_named_scattered_site_development,retain_provisional_group,DEV_NCA19920545,NCA19920545
DEV_NCA19920545,NCA19920545,NCA19920600,17,WOODFIELD SUBDIVISION,1804 PETALCREST CIRCLE,WILSON,NC,9002157,1992,1992,1,1,accept,same_named_scattered_site_development,retain_provisional_group,DEV_NCA19920545,NCA19920545
DEV_NCA19920545,NCA19920545,NCA19920605,18,WOODFIELD SUBDIVISION,1805 PETALCREST CIR SE,WILSON,NC,806,1992,1992,1,1,accept,same_named_scattered_site_development,retain_provisional_group,DEV_NCA19920545,NCA19920545
DEV_NCA19920545,NCA19920545,NCA19920610,19,WOODFIELD SUBDIVISION,1806 PETALCREST CIR,WILSON,NC,9000747,1992,1992,1,1,accept,same_named_scattered_site_development,retain_provisional_group,DEV_NCA19920545,NCA19920545
DEV_NCA19920545,NCA19920545,NCA19920615,20,WOODFIELD SUBDIVISION,1807 PETALCREST CIR SE,WILSON,NC,805,1992,1992,1,1,accept,same_named_scattered_site_development,retain_provisional_group,DEV_NCA19920545,NCA19920545
DEV_NCA19920545,NCA19920545,NCA19920620,21,WOODFIELD SUBDIVISION,1809 PETALCREST CIR,WILSON,NC,9000735,1992,1992,1,1,accept,same_named_scattered_site_development,retain_provisional_group,DEV_NCA19920545,NCA19920545
DEV_NCA19920545,NCA19920545,NCA19920625,22,WOODFIELD SUBDIVISION,1815 E TRAIL DR SE,WILSON,NC,800,1992,1992,1,1,accept,same_named_scattered_site_development,retain_provisional_group,DEV_NCA19920545,NCA19920545
DEV_NCA19920545,NCA19920545,NCA19920630,23,WOODFIELD SUBDIVISION,1802 PETALCREST CIR SE,WILSON,NC,799,1992,1992,1,1,accept,same_named_scattered_site_development,retain_provisional_group,DEV_NCA19920545,NCA19920545
DEV_NCA19920545,NCA19920545,NCA19929108,24,WOODFIELD SUBDIVISION,1822 EAST TRAIL DR,WILSON,NC,9000739,1992,1992,1,1,accept,same_named_scattered_site_development,retain_provisional_group,DEV_NCA19920545,NCA19920545
DEV_NCA19920545,NCA19920545,NCA19929109,25,WOODFIELD SUBDIVISION,1805 PETALCREST CIR,WILSON,NC,9000740,1992,1992,1,1,accept,same_named_scattered_site_development,retain_provisional_group,DEV_NCA19920545,NCA19920545
DEV_NCA19920545,NCA19920545,NCA19929113,26,WOODFIELD SUBDIVISION,1802 PETALCREST CIR,WILSON,NC,9001462,1992,1992,1,1,accept,same_named_scattered_site_development,retain_provisional_group,DEV_NCA19920545,NCA19920545
DEV_NCA19920545,NCA19920545,NCA19929121,27,WOODFIELD SUBDIVISION,1807 PETALCREST CIR,WILSON,NC,9000738,1992,1992,1,1,accept,same_named_scattered_site_development,retain_provisional_group,DEV_NCA19920545,NCA19920545
DEV_NCA19920545,NCA19920545,NCA19929122,28,WOODFIELD SUBDIVISION,1815 EAST TRAIL DR,WILSON,NC,9000736,1992,1992,1,1,accept,same_named_scattered_site_development,retain_provisional_group,DEV_NCA19920545,NCA19920545
DEV_NCA19920545,NCA19920545,NCA19929124,29,WOODFIELD SUBDIVISION,1803 PETALCREST CIR,WILSON,NC,9000734,1992,1992,1,1,accept,same_named_scattered_site_development,retain_provisional_group,DEV_NCA19920545,NCA19920545
DEV_NCA19920545,NCA19920545,NCA19950015,30,WOODFIELD SUBDIVISION,1838 E TRAIL DR SE,WILSON,NC,9000755,1995,1993,1,1,accept,same_named_scattered_site_development,retain_provisional_group,DEV_NCA19920545,NCA19920545
DEV_NCA19930140,NCA19930140,NCA19930140,1,BERN STREET HOUSING,706 BERN ST,NEW BERN,NC,941,1993,1993,1,1,accept,same_named_scattered_site_development,retain_provisional_group,DEV_NCA19930140,NCA19930140
DEV_NCA19930140,NCA19930140,NCA19939020,2,BERN STREET HOUSING,706 BERN STREET,NEW BERN,NC,9001607,1993,1993,1,1,accept,same_named_scattered_site_development,retain_provisional_group,DEV_NCA19930140,NCA19930140
DEV_NCA19930205,NCA19930205,NCA19930205,1,HARLYN HOUSE APTS,705 S MOUNTAIN ST,CHERRYVILLE,NC,870,1993,1992,4,4,accept,duplicate_or_parallel_financing_records,retain_provisional_group,DEV_NCA19930205,NCA19930205
DEV_NCA19930205,NCA19930205,NCA19939029,2,HARLYN HOUSE APTS,705 SOUTH MOUNTAIN STREET,CHERRYVILLE,NC,9001331,1993,1992,4,4,accept,duplicate_or_parallel_financing_records,retain_provisional_group,DEV_NCA19930205,NCA19930205
DEV_NCA19930265,NCA19930265,NCA19930265,1,PARK GLEN,813 DALEWOOD DR,RALEIGH,NC,9002030,1993,1991,1,1,accept,same_named_scattered_site_development,retain_provisional_group,DEV_NCA19930265,NCA19930265
DEV_NCA19930265,NCA19930265,NCA19930270,2,PARK GLEN,815 DALEWOOD DR,RALEIGH,NC,9000959,1993,1991,1,1,accept,same_named_scattered_site_development,retain_provisional_group,DEV_NCA19930265,NCA19930265
DEV_NCA19930265,NCA19930265,NCA19930275,3,PARK GLEN,817 DALEWOOD DR,RALEIGH,NC,766,1993,1991,1,1,accept,same_named_scattered_site_development,retain_provisional_group,DEV_NCA19930265,NCA19930265
DEV_NCA19930265,NCA19930265,NCA19930280,4,PARK GLEN,819 DALEWOOD DR,RALEIGH,NC,767,1993,1991,1,1,accept,same_named_scattered_site_development,retain_provisional_group,DEV_NCA19930265,NCA19930265
DEV_NCA19930265,NCA19930265,NCA19930285,5,PARK GLEN,821 DALEWOOD DR,RALEIGH,NC,768,1993,1991,1,1,accept,same_named_scattered_site_development,retain_provisional_group,DEV_NCA19930265,NCA19930265
DEV_NCA19930265,NCA19930265,NCA19930290,6,PARK GLEN,825 DALEWOOD DR,RALEIGH,NC,769,1993,1991,1,1,accept,same_named_scattered_site_development,retain_provisional_group,DEV_NCA19930265,NCA19930265
DEV_NCA19930265,NCA19930265,NCA19930295,7,PARK GLEN,827 DALEWOOD DR,RALEIGH,NC,770,1993,1991,1,1,accept,same_named_scattered_site_development,retain_provisional_group,DEV_NCA19930265,NCA19930265
DEV_NCA19930265,NCA19930265,NCA19930300,8,PARK GLEN,829 DALEWOOD DR,RALEIGH,NC,771,1993,1991,1,1,accept,same_named_scattered_site_development,retain_provisional_group,DEV_NCA19930265,NCA19930265
DEV_NCA19930265,NCA19930265,NCA19930305,9,PARK GLEN,831 DALEWOOD DR,RALEIGH,NC,772,1993,1991,1,1,accept,same_named_scattered_site_development,retain_provisional_group,DEV_NCA19930265,NCA19930265
DEV_NCA19930265,NCA19930265,NCA19930310,10,PARK GLEN,833 DALEWOOD DR,RALEIGH,NC,773,1993,1991,1,1,accept,same_named_scattered_site_development,retain_provisional_group,DEV_NCA19930265,NCA19930265
DEV_NCA19930265,NCA19930265,NCA19939056,11,PARK GLEN,831 DALEWOOD DR,RALEIGH,NC,9002035,1993,1991,1,1,accept,same_named_scattered_site_development,retain_provisional_group,DEV_NCA19930265,NCA19930265
DEV_NCA19930265,NCA19930265,NCA19939057,12,PARK GLEN,833 DALEWOOD DR,RALEIGH,NC,9002036,1993,1991,1,1,accept,same_named_scattered_site_development,retain_provisional_group,DEV_NCA19930265,NCA19930265
DEV_NCA19930265,NCA19930265,NCA19939058,13,PARK GLEN,819 DALEWOOD DR,RALEIGH,NC,9002031,1993,1991,1,1,accept,same_named_scattered_site_development,retain_provisional_group,DEV_NCA19930265,NCA19930265
DEV_NCA19930265,NCA19930265,NCA19939060,14,PARK GLEN,817 DALEWOOD DR,RALEIGH,NC,9001995,1993,1991,1,1,accept,same_named_scattered_site_development,retain_provisional_group,DEV_NCA19930265,NCA19930265
DEV_NCA19930265,NCA19930265,NCA19939062,15,PARK GLEN,825 DALEWOOD DR,RALEIGH,NC,9002032,1993,1991,1,1,accept,same_named_scattered_site_development,retain_provisional_group,DEV_NCA19930265,NCA19930265
DEV_NCA19930265,NCA19930265,NCA19939063,16,PARK GLEN,827 DALEWOOD DR,RALEIGH,NC,9002033,1993,1991,1,1,accept,same_named_scattered_site_development,retain_provisional_group,DEV_NCA19930265,NCA19930265
DEV_NCA19930265,NCA19930265,NCA19939064,17,PARK GLEN,829 DALEWOOD DR,RALEIGH,NC,9002034,1993,1991,1,1,accept,same_named_scattered_site_development,retain_provisional_group,DEV_NCA19930265,NCA19930265
DEV_NCA19930380,NCA19930380,NCA19930380,1,TRAILWOOD APTS,1718 PALMER ST,DURHAM,NC,707,1993,1991,44,44,accept,duplicate_or_parallel_financing_records,retain_provisional_group,DEV_NCA19930380,NCA19930380
DEV_NCA19930380,NCA19930380,NCA19939075,2,TRAILWOOD APTS,1718 0 PALMER STREET,DURHAM,NC,9000764,1993,1991,44,44,accept,duplicate_or_parallel_financing_records,retain_provisional_group,DEV_NCA19930380,NCA19930380
DEV_NCA19940030,NCA19940030,NCA19940030,1,1006 PARKTHROUGH ST,1006 PARKTHROUGH ST,CARY,NC,880,1994,1992,1,1,accept,duplicate_hud_records,retain_provisional_group,DEV_NCA19940030,NCA19940030
DEV_NCA19940030,NCA19940030,NCA19949004,2,1006 PARKTHROUGH ST,1006 PARKTHROUGH ST,CARY,NC,9001933,1994,1992,1,1,accept,duplicate_hud_records,retain_provisional_group,DEV_NCA19940030,NCA19940030
DEV_NCA19940110,NCA19940110,NCA19940110,1,103-106 HORSE CREEK ROAD,103 HORSECREEK RD,WARRENTON,NC,1071,1994,1994,4,4,accept,duplicate_or_parallel_financing_records,retain_provisional_group,DEV_NCA19940110,NCA19940110
DEV_NCA19940110,NCA19940110,NCA19949017,2,103-106 HORSE CREEK ROAD,103 106 HORSE CREEK ROAD,WARRENTON,NC,9001869,1994,1994,4,4,accept,duplicate_or_parallel_financing_records,retain_provisional_group,DEV_NCA19940110,NCA19940110
DEV_NCA19940355,NCA19940355,NCA19940355,1,HARNETT MANOR,RR 6 BOX 1,LILLINGTON,NC,965,1994,1993,2,2,accept,duplicate_or_parallel_financing_records,retain_provisional_group,DEV_NCA19940355,NCA19940355
DEV_NCA19940355,NCA19940355,NCA19949063,2,HARNETT MANOR,ROUTE 6 BOX 421 APTS 1 2,LILLINGTON,NC,9001858,1994,1993,2,2,accept,duplicate_or_parallel_financing_records,retain_provisional_group,DEV_NCA19940355,NCA19940355
DEV_NCA19940430,NCA19940430,NCA19940430,1,MAPLE STREET APTS,230 MAPLE DR,OXFORD,NC,NCA1994430,1994,1993,2,2,accept,duplicate_or_parallel_financing_records,retain_provisional_group,DEV_NCA19940430,NCA19940430
DEV_NCA19940430,NCA19940430,NCA19949074,2,MAPLE STREET  APTS,230 232 MAPLE STREET,OXFORD,NC,9001863,1994,1993,2,2,accept,duplicate_or_parallel_financing_records,retain_provisional_group,DEV_NCA19940430,NCA19940430
DEV_NCA19940550,NCA19940550,NCA19940550,1,WEST PARK ST APTS,218 W PARK ST,CARY,NC,1015,1994,1993,2,2,accept,duplicate_or_parallel_financing_records,retain_provisional_group,DEV_NCA19940550,NCA19940550
DEV_NCA19940550,NCA19940550,NCA19949110,2,WEST PARK ST. APTS,218 220 W PARK ST,CARY,NC,9002112,1994,1993,2,2,accept,duplicate_or_parallel_financing_records,retain_provisional_group,DEV_NCA19940550,NCA19940550
DEV_NCA19950130,NCA19950130,NCA19950130,1,2926 FAVERSHAM PL,2926 FAVERSHAM PL,RALEIGH,NC,1053,1995,1994,1,1,accept,duplicate_hud_records,retain_provisional_group,DEV_NCA19950130,NCA19950130
DEV_NCA19950130,NCA19950130,NCA19959025,2,2926 FAVERSHAM PL,2926 FAVERSHAM PL,RALEIGH,NC,9002045,1995,1994,1,1,accept,duplicate_hud_records,retain_provisional_group,DEV_NCA19950130,NCA19950130
DEV_NCA19950275,NCA19950275,NCA19950275,1,CLARK STREET DUPLEX,322 N CLARK ST,HENDERSON,NC,1239,1995,1995,2,2,accept,duplicate_or_parallel_financing_records,retain_provisional_group,DEV_NCA19950275,NCA19950275
DEV_NCA19950275,NCA19950275,NCA19959052,2,CLARK STREET DUPLEX,322 A B CLARK STREET,HENDERSON,NC,9001896,1995,1995,2,2,accept,duplicate_or_parallel_financing_records,retain_provisional_group,DEV_NCA19950275,NCA19950275
DEV_NCA19950285,NCA19950285,NCA19950285,1,CLEMENT AVE APTS A,124 CLEMENT AVE,OXFORD,NC,1283,1995,1995,2,2,accept,duplicate_or_parallel_financing_records,retain_provisional_group,DEV_NCA19950285,NCA19950285
DEV_NCA19950285,NCA19950285,NCA19959054,2,CLEMENT AVE APTS A,124 126 CLEMENT AVE,OXFORD,NC,9001884,1995,1995,2,2,accept,duplicate_or_parallel_financing_records,retain_provisional_group,DEV_NCA19950285,NCA19950285
DEV_NCA19950290,NCA19950290,NCA19950290,1,CLEMENT AVE APTS B,200 CLEMENT AVE,OXFORD,NC,1282,1995,1995,2,2,accept,duplicate_or_parallel_financing_records,retain_provisional_group,DEV_NCA19950290,NCA19950290
DEV_NCA19950290,NCA19950290,NCA19959055,2,CLEMENT AVE APTS B,200 202 CLEMENT AVE,OXFORD,NC,9001883,1995,1995,2,2,accept,duplicate_or_parallel_financing_records,retain_provisional_group,DEV_NCA19950290,NCA19950290
DEV_NCA19950300,NCA19950300,NCA19950300,1,DENT LANE B,104 DENT LN,LOUISBURG,NC,1250,1995,1995,2,2,accept,duplicate_or_parallel_financing_records,retain_provisional_group,DEV_NCA19950300,NCA19950300
DEV_NCA19950300,NCA19950300,NCA19959057,2,DENT LANE B,104 106 DENT LANE,LOUISBURG,NC,9001880,1995,1995,2,2,accept,duplicate_or_parallel_financing_records,retain_provisional_group,DEV_NCA19950300,NCA19950300
DEV_NCA19950305,NCA19950305,NCA19950305,1,DENT LANE C,108 DENT LN,LOUISBURG,NC,1251,1995,1995,2,2,accept,duplicate_or_parallel_financing_records,retain_provisional_group,DEV_NCA19950305,NCA19950305
DEV_NCA19950305,NCA19950305,NCA19959058,2,DENT LANE C,108 110 DENT LANE,LOUISBURG,NC,9001881,1995,1995,2,2,accept,duplicate_or_parallel_financing_records,retain_provisional_group,DEV_NCA19950305,NCA19950305
DEV_NCA19950345,NCA19950345,NCA19950345,1,HOLLY COURT APTS,100 HOLLY CT,HENDERSON,NC,956,1995,1993,12,12,accept,duplicate_or_parallel_financing_records,retain_provisional_group,DEV_NCA19950345,NCA19950345
DEV_NCA19950345,NCA19950345,NCA19959066,2,HOLLY COURT APTS,100 111 HOLLY COURT,HENDERSON,NC,9001857,1995,1993,12,12,accept,duplicate_or_parallel_financing_records,retain_provisional_group,DEV_NCA19950345,NCA19950345
DEV_NCA19950350,NCA19950350,NCA19950350,1,HORSE CREEK HOUSES C,107 HORSECREEK RD,WARRENTON,NC,1105,1995,1994,4,4,accept,duplicate_or_parallel_financing_records,retain_provisional_group,DEV_NCA19950350,NCA19950350
DEV_NCA19950350,NCA19950350,NCA19959067,2,HORSE CREEK HOUSES C,107 HORSE CREEK RD,WARRENTON,NC,9001870,1995,1994,4,4,accept,duplicate_or_parallel_financing_records,retain_provisional_group,DEV_NCA19950350,NCA19950350
DEV_NCA19950355,NCA19950355,NCA19950355,1,HORSE CREEK HOUSING D,108 HORSECREEK RD,WARRENTON,NC,1241,1995,1995,4,4,accept,duplicate_or_parallel_financing_records,retain_provisional_group,DEV_NCA19950355,NCA19950355
DEV_NCA19950355,NCA19950355,NCA19959068,2,HORSE CREEK HOUSING D,108 111 HORSE CREEK ROAD,WARRENTON,NC,9001878,1995,1995,4,4,accept,duplicate_or_parallel_financing_records,retain_provisional_group,DEV_NCA19950355,NCA19950355
DEV_NCA19950360,NCA19950360,NCA19950360,1,HORSE CREEK HOUSING E,203 MILL CREEK RD,WARRENTON,NC,1289,1995,1995,2,2,accept,duplicate_or_parallel_financing_records,retain_provisional_group,DEV_NCA19950360,NCA19950360
DEV_NCA19950360,NCA19950360,NCA19959069,2,HORSE CREEK HOUSING E,203 205 MILL CREEK RD,WARRENTON,NC,9001886,1995,1995,2,2,accept,duplicate_or_parallel_financing_records,retain_provisional_group,DEV_NCA19950360,NCA19950360
DEV_NCA19950470,NCA19950470,NCA19950470,1,NORTH STREET HOME,118 N ST,HENDERSON,NC,1237,1995,1995,1,1,accept,same_named_scattered_site_development,retain_provisional_group,DEV_NCA19950470,NCA19950470
DEV_NCA19950470,NCA19950470,NCA19959083,2,NORTH STREET HOME,118 NORTH STREET,HENDERSON,NC,9001876,1995,1995,1,1,accept,same_named_scattered_site_development,retain_provisional_group,DEV_NCA19950470,NCA19950470
DEV_NCA19950500,NCA19950500,NCA19950500,1,PINE STREET DUPLEX,409 PINE ST,OXFORD,NC,1168,1995,1994,2,2,accept,duplicate_or_parallel_financing_records,retain_provisional_group,DEV_NCA19950500,NCA19950500
DEV_NCA19950500,NCA19950500,NCA19959099,2,PINE STREET DUPLEX,409 A B PINE STREET,OXFORD,NC,9001872,1995,1994,2,2,accept,duplicate_or_parallel_financing_records,retain_provisional_group,DEV_NCA19950500,NCA19950500
DEV_NCA19950580,NCA19950580,NCA19950580,1,SWAIN STREET HOME,240 SWAIN ST,HENDERSON,NC,1201,1995,1994,1,1,accept,same_named_scattered_site_development,retain_provisional_group,DEV_NCA19950580,NCA19950580
DEV_NCA19950580,NCA19950580,NCA19959115,2,SWAIN STREET HOME,240 SWAIN STREET,HENDERSON,NC,9001873,1995,1994,1,1,accept,same_named_scattered_site_development,retain_provisional_group,DEV_NCA19950580,NCA19950580
DEV_NCA19950605,NCA19950605,NCA19950605,1,WELLINGTON PLACE APTS,4230 GARRETT RD,DURHAM,NC,1003,1995,1993,283,240,accept,same_property_changed_or_component_totals,retain_provisional_group,DEV_NCA19950605,NCA19950605
DEV_NCA19950605,NCA19950605,NCA19959120,2,WELLINGTON PLACE APTS,4230 GARRETT ROAD,DURHAM,NC,9002155,1995,1993,246,240,accept,same_property_changed_or_component_totals,retain_provisional_group,DEV_NCA19950605,NCA19950605
DEV_NCA19960305,NCA19960305,NCA19960305,1,BAREFOOT PARK APTS: LOT 24,2136 BAREFOOT PARK LN SW,WILSON,NC,1127,1996,1994,2,2,accept,duplicate_or_parallel_financing_records,retain_provisional_group,DEV_NCA19960305,NCA19960305
DEV_NCA19960305,NCA19960305,NCA19969061,2,BAREFOOT PARK APTS LOT 24,2136 AND 2138 BAREFOOT PARK LN,WILSON,NC,9000825,1996,1994,2,2,accept,duplicate_or_parallel_financing_records,retain_provisional_group,DEV_NCA19960305,NCA19960305
DEV_NJA0000X002,NJA0000X002,NJA0000X002,1,SPRINGDALE II,1721 SPRINGDALE ROAD,CHERRY HILL TWP.,NJ,NJ-99-99,9999,2018,80,79,accept,duplicate_or_parallel_financing_records,retain_provisional_group,DEV_NJA0000X002,NJA0000X002
DEV_NJA0000X002,NJA0000X002,NJA20202164,2,SPRINGDALE II,1721 SPRINGDALE ROAD,CHERRY HILL TWP.,NJ,3336,2020,2018,80,68,accept,duplicate_or_parallel_financing_records,retain_provisional_group,DEV_NJA0000X002,NJA0000X002
DEV_NJA19950140,NJA19950140,NJA19950140,1,WINDING RIDGE,WINDING RIDGE CIRCLE,NEPTUNE TWP.,NJ,NJ-400,1995,8888,98,97,accept,same_property_recapitalization,retain_provisional_group,DEV_NJA19950140,NJA19950140
DEV_NJA19950140,NJA19950140,NJA20200048,2,WINDING RIDGE,WINDING RIDGE CIRCLE,NEPTUNE TWP.,NJ,1766,2020,9999,98,97,accept,same_property_recapitalization,retain_provisional_group,DEV_NJA19950140,NJA19950140
DEV_NJA19970090,NJA19970090,NJA19970090,1,ROEBLING VILLAGE INN AFFORDABLE HOUSING,32 RIVERSIDE AVENUE,FLORENCE,NJ,NJ-0447,1997,1995,14,14,accept,duplicate_or_parallel_financing_records,retain_provisional_group,DEV_NJA19970090,NJA19970090
DEV_NJA19970090,NJA19970090,NJA19979037,2,ROEBLING VILLAGE INN AFFORDABLE HOUSING,32 RIVERSIDE AVENUE,ROEBLING,NJ,01889,1997,9999,14,14,accept,duplicate_or_parallel_financing_records,retain_provisional_group,DEV_NJA19970090,NJA19970090
DEV_NJA20039069,NJA20039069,NJA20039069,1,LINCOLN COMMONS/HADDONFIELD SENIORS #637,325 LINCOLN AVE,HADDONFIELD,NJ,NJ-99-99,2003,9999,48,48,accept,duplicate_or_parallel_financing_records,retain_provisional_group,DEV_NJA20039069,NJA20039069
DEV_NJA20039069,NJA20039069,NJA20123078,2,LINCOLN COMMONS - HADDONFIELD SENIORS #637,325 LINCOLN AVE,HADDONFIELD,NJ,999999999999,2012,2013,48,48,accept,duplicate_or_parallel_financing_records,retain_provisional_group,DEV_NJA20039069,NJA20039069
DEV_NJA20040025,NJA20040025,NJA20040025,1,ETHEL R. LAWRENCE HOMES PHASE II,1 ETHEL LAWRENCE BOULEVARD,MOUNT LAUREL TWP.,NJ,PM-01363,2004,2002,40,40,accept,duplicate_or_parallel_financing_records,retain_provisional_group,DEV_NJA20040025,NJA20040025
DEV_NJA20040025,NJA20040025,NJA20049046,2,ETHEL R. LAWRENCE HOMES PHASE II,1 ETHEL R. LAWRENCE BOULEVARD,MOUNT LAUREL TOWNSHIP,NJ,01363,2004,9999,40,40,accept,duplicate_or_parallel_financing_records,retain_provisional_group,DEV_NJA20040025,NJA20040025
DEV_NJA20050050,NJA20050050,NJA20050050,1,DON VER APARTMENTS,169 SOUTH MAIN STREET,PHILLIPSBURG TOWN,NJ,NJ-01378-1,2005,2003,10,10,accept,duplicate_or_parallel_financing_records,retain_provisional_group,DEV_NJA20050050,NJA20050050
DEV_NJA20050050,NJA20050050,NJA20059079,2,DON VER APARTMENTS,169 SOUTH MAIN STREET,PHILLIPSBURG,NJ,01378,2005,9999,10,10,accept,duplicate_or_parallel_financing_records,retain_provisional_group,DEV_NJA20050050,NJA20050050
DEV_NJA20060095,NJA20060095,NJA20060095,1,BELLMAWR SENIOR HOUSING,239 WEST BROWNING ROAD,BELLMAWR BORO,NJ,NJ-01394-1,2006,8888,130,130,accept,duplicate_or_parallel_financing_records,retain_provisional_group,DEV_NJA20060095,NJA20060095
DEV_NJA20060095,NJA20060095,NJA20069078,2,BELLMAWR SENIOR HOUSING,255 WEST BROWNING ROAD,BELLMAWR,NJ,01394,2006,9999,130,130,accept,duplicate_or_parallel_financing_records,retain_provisional_group,DEV_NJA20060095,NJA20060095
DEV_NJA20069089,NJA20069089,NJA20069089,1,MIDTOWN SENIOR APARTMENTS,1512 MONROE AVENUE,NEPTUNE CITY,NJ,01423,2006,9999,40,40,accept,duplicate_or_parallel_financing_records,retain_provisional_group,DEV_NJA20069089,NJA20069089
DEV_NJA20069089,NJA20069089,NJA20120870,2,MIDTOWN SENIOR APARTMENTS,1512 MONROE AVENUE,NEPTUNE TWP.,NJ,NJ-0724,2012,2004,40,40,accept,duplicate_or_parallel_financing_records,retain_provisional_group,DEV_NJA20069089,NJA20069089
DEV_NJA20080100,NJA20080100,NJA20080100,1,BUENA GARDENS SENIOR APARTMENTS,115 WEST PACIFIC AVENUE,BUENA BORO,NJ,NJ-01397-1,2008,8888,78,77,accept,duplicate_or_parallel_financing_records,retain_provisional_group,DEV_NJA20080100,NJA20080100
DEV_NJA20080100,NJA20080100,NJA20089062,2,BUENA GARDENS SENIOR APARTMENTS,114 WEST ARCTIC AVENUE,MINOTOLA,NJ,01397,2008,9999,78,78,accept,duplicate_or_parallel_financing_records,retain_provisional_group,DEV_NJA20080100,NJA20080100
DEV_NJA20120035,NJA20120035,NJA20120035,1,WALTER G ALEXANDER DEVELOPMENT PHASE I,105 WILSON PL,ORANGE,NJ,NJ-02604,2012,2011,65,65,accept,duplicate_or_parallel_financing_records,retain_provisional_group,DEV_NJA20120035,NJA20120035
DEV_NJA20120035,NJA20120035,NJA20123141,2,WALTER G. ALEXANDER DEVELOPMENT - PHASE I,105 WILSON PL,ORANGE,NJ,02604,2012,2011,65,65,accept,duplicate_or_parallel_financing_records,retain_provisional_group,DEV_NJA20120035,NJA20120035
DEV_NJA20123079,NJA20123079,NJA20123079,1,LINCOLN COURT - PHASE II #480,357 LINCOLN AVE,ORANGE,NJ,999999999999,2012,2013,42,42,accept,same_property_changed_or_component_totals,retain_provisional_group,DEV_NJA20123079,NJA20123079
DEV_NJA20123079,NJA20123079,NJA00000059,2,LINCOLN COURT PHASE II #480,357 LINCOLN AVE # 363,ORANGE,NJ,NJ-97-48,8888,8888,1,1,accept,same_property_changed_or_component_totals,retain_provisional_group,DEV_NJA20123079,NJA20123079
DEV_NJA20123134,NJA20123134,NJA20123134,1,THE PALISADES #611,3900-3914 PALISADE AVENUE,UNION CITY,NJ,999999999999,2012,2013,45,45,accept,same_property_changed_or_component_totals,retain_provisional_group,DEV_NJA20123134,NJA20123134
DEV_NJA20123134,NJA20123134,NJA00000086,2,THE PALISADES #611,3900-391 4 PALISADE AVE,UNION CITY,NJ,NJ-99-61,8888,8888,41,41,accept,same_property_changed_or_component_totals,retain_provisional_group,DEV_NJA20123134,NJA20123134
DEV_NJA20123147,NJA20123147,NJA20123147,1,WEEQUAHIC PARK APTS V #476,479 ELIZABETH AVE # 485,NEWARK,NJ,999999999999,2012,2013,49,49,accept,same_property_changed_or_component_totals,retain_provisional_group,DEV_NJA20123147,NJA20123147
DEV_NJA20123147,NJA20123147,NJA00000093,2,WEEQUAHIC PARK APTS V #476,2 CUSTER AVE,NEWARK,NJ,NJ-96-47,8888,8888,48,48,accept,same_property_changed_or_component_totals,retain_provisional_group,DEV_NJA20123147,NJA20123147
DEV_NJA20123148,NJA20123148,NJA20123148,1,WEEQUAHIC PARK APTS. III #390,1 GRUMMAN AVE,NEWARK,NJ,999999999999,2012,2013,80,80,accept,same_property_changed_or_component_totals,retain_provisional_group,DEV_NJA20123148,NJA20123148
DEV_NJA20123148,NJA20123148,NJA00000092,2,WEEQUAHIC PARK APTS III #390,2 KEER AVE,NEWARK,NJ,NJ-94-39,8888,8888,78,78,accept,same_property_changed_or_component_totals,retain_provisional_group,DEV_NJA20123148,NJA20123148
DEV_NJA20125012,NJA20125012,NJA20125012,1,"WALTER G ALEXANDER, PH II SENIOR",105 WILSON PLACE,ORANGE,NJ,2622,2012,9999,48,48,accept,duplicate_or_parallel_financing_records,retain_provisional_group,DEV_NJA20125012,NJA20125012
DEV_NJA20125012,NJA20125012,NJA20129012,2,"WALTER G ALEXANDER, PH II SENIOR",105 WILSON PLACE,CITY OF ORANGE,NJ,02622,2012,9999,48,48,accept,duplicate_or_parallel_financing_records,retain_provisional_group,DEV_NJA20125012,NJA20125012
DEV_NJA20200005,NJA20200005,NJA20200005,1,BOSTON WAY VILLAGE,"SYLVAN AVE, BOSTON WAY, MEMORIAL DRIVE",ASBURY PARK,NJ,1765,2020,9999,104,103,accept,duplicate_or_parallel_financing_records,retain_provisional_group,DEV_NJA20200005,NJA20200005
DEV_NJA20200005,NJA20200005,NJA0000X009,2,BOSTON WAY VILLAGE,"SYLVAN AVE, BOSTON WAY, MEMORIAL DRIVE",ASBURY PARK,NJ,NJ-99-99,9999,9999,104,103,accept,duplicate_or_parallel_financing_records,retain_provisional_group,DEV_NJA20200005,NJA20200005
DEV_NJA20200010,NJA20200010,NJA20200010,1,CEDAR MEADOWS,1462 RAHWAY AVENUE,WOODBRIDGE,NJ,1761,2020,9999,100,100,accept,duplicate_or_parallel_financing_records,retain_provisional_group,DEV_NJA20200010,NJA20200010
DEV_NJA20200010,NJA20200010,NJA0000X019,2,CEDAR MEADOWS,1462 RAHWAY AVENUE,WOODBRIDGE,NJ,NJ-99-99,9999,9999,100,100,accept,duplicate_or_parallel_financing_records,retain_provisional_group,DEV_NJA20200010,NJA20200010
DEV_NJA20200039,NJA20200039,NJA20200039,1,THE WILLOWS AT WHITING,1110 ROUTE 70,MANCHESTER TWP.,NJ,1743,2020,9999,76,76,accept,duplicate_or_parallel_financing_records,retain_provisional_group,DEV_NJA20200039,NJA20200039
DEV_NJA20200039,NJA20200039,NJA0000X073,2,THE WILLOWS AT WHITING,1110 ROUTE 70,MANCHESTER TWP.,NJ,NJ-99-99,9999,9999,76,76,accept,duplicate_or_parallel_financing_records,retain_provisional_group,DEV_NJA20200039,NJA20200039
DEV_NJA20200047,NJA20200047,NJA20200047,1,WESTVILLE SENIOR,1000-1002 AND 1010 BROADWAY,WESTVILLE,NJ,1527,2020,9999,64,63,accept,duplicate_or_parallel_financing_records,retain_provisional_group,DEV_NJA20200047,NJA20200047
DEV_NJA20200047,NJA20200047,NJA0000X085,2,WESTVILLE SENIOR,1000-1002 AND 1010 BROADWAY,WESTVILLE,NJ,NJ-99-99,9999,9999,64,63,accept,duplicate_or_parallel_financing_records,retain_provisional_group,DEV_NJA20200047,NJA20200047
DEV_NJA20213004,NJA20213004,NJA20213004,1,BALTIC PLAZA #2144,1313 BALTIC AVE,ATLANTIC CITY,NJ,03489-1,2021,9999,168,168,accept,same_property_changed_or_component_totals,retain_provisional_group,DEV_NJA20213004,NJA20213004
DEV_NJA20213004,NJA20213004,NJA20222006,2,BALTIC PLAZA #2144,1313 BALTIC AVENUE,ATLANTIC CITY,NJ,03489,2022,2021,169,168,accept,same_property_changed_or_component_totals,retain_provisional_group,DEV_NJA20213004,NJA20213004
DEV_NJA20240006,NJA20240006,NJA20240007,1,CRAMER HILL SENIOR #2115,1200 N 24TH STREET,CAMDEN,NJ,07806,2024,2021,55,52,accept,duplicate_or_parallel_financing_records,retain_provisional_group,DEV_NJA20240006,NJA20240006
DEV_NJA20240006,NJA20240006,NJA20240006,2,CRAMER HILL SENIOR  #2115,1200 N 24TH ST,CAMDEN,NJ,07806-1,2024,2023,55,52,accept,duplicate_or_parallel_financing_records,retain_provisional_group,DEV_NJA20240006,NJA20240006
DEV_NVA19980040,NVA19980040,NVA19980040,1,BUENA VISTA SPRINGS II,2417 MORTON AVE,NORTH LAS VEGAS,NV,NV-96-01,1998,1996,40,30,accept,same_property_changed_or_component_totals,retain_provisional_group,DEV_NVA19980040,NVA19980040
DEV_NVA19980040,NVA19980040,NVA19989001,2,BUENA VISTA SPRINGS II,2417 MORTON AVENUE,NORTH LAS VEGAS,NV,96-01,1998,1996,24,18,accept,same_property_changed_or_component_totals,retain_provisional_group,DEV_NVA19980040,NVA19980040
DEV_NVA20000020,NVA20000020,NVA20000020,1,MOUNTAIN VIEW,1200 HANSON ST,WINNEMUCCA,NV,99-06,2000,1999,42,41,accept,same_property_recapitalization,retain_provisional_group,DEV_NVA20000020,NVA20000020
DEV_NVA20000020,NVA20000020,NVA20222003,2,MOUNTAIN VIEW,1200 HANSON STREET,WINNEMUCCA,NV,20-67,2022,2023,42,42,accept,same_property_recapitalization,retain_provisional_group,DEV_NVA20000020,NVA20000020
DEV_NVA20050005,NVA20050005,NVA20050005,1,ANNABELLE PINES,310 ANNABELLE LN,HENDERSON,NV,NV-03-07,2005,2003,104,104,accept,same_property_changed_or_component_totals,retain_provisional_group,DEV_NVA20050005,NVA20050005
DEV_NVA20050005,NVA20050005,NVA20059001,2,ANNABELLE PINES,310 ANNABELLE LANE,HENDERSON,NV,03-07,2005,2003,106,104,accept,same_property_changed_or_component_totals,retain_provisional_group,DEV_NVA20050005,NVA20050005
DEV_NYA20009262,NYA20009262,NYA20009262,1,LAUREL HOMES,4 LINDEN CT,ROSLYN HEIGHTS,NY,19980968,2000,2002,66,66,accept,same_property_changed_or_component_totals,retain_provisional_group,DEV_NYA20009262,NYA20009262
DEV_NYA20009262,NYA20009262,NYB20213051,2,LAUREL HOMES,72 LAUREL STREET,ROSLYN HEIGHTS,NY,NY-21-2643,2021,2019,74,74,accept,same_property_changed_or_component_totals,retain_provisional_group,DEV_NYA20009262,NYA20009262
DEV_NYC19980800,NYC19980800,NYC19980800,1,THE SAGAMORE,189 W 89TH ST,NEW YORK,NY,NY-27-4782409,1998,1996,265,53,accept,same_property_changed_or_component_totals,retain_provisional_group,DEV_NYC19980800,NYC19980800
DEV_NYC19980800,NYC19980800,NYC19989011,2,THE SAGAMORE,189 WEST 89TH STREET,NEW YORK,NY,27-4782409,1998,1996,53,53,accept,same_property_changed_or_component_totals,retain_provisional_group,DEV_NYC19980800,NYC19980800
DEV_NYC20050800,NYC20050800,NYC20050800,1,DR BETTY SHABAZZ APTS,660 GATES AVE,BROOKLYN,NY,NY-03-02119,2005,2008,40,35,accept,same_property_changed_or_component_totals,retain_provisional_group,DEV_NYC20050800,NYC20050800
DEV_NYC20050800,NYC20050800,NYC20060013,2,DR BETTY SHABAZZ APTS,690 GATES AVE,BROOKLYN,NY,NY-03-02121,2006,2005,39,27,accept,same_property_changed_or_component_totals,retain_provisional_group,DEV_NYC20050800,NYC20050800
DEV_NYC20050800,NYC20050800,NYC20110562,3,DR BETTY SHABAZZ APTS,690 GATES AVE,BROOKLYN,NY,NY-03-02120,2011,2010,78,78,accept,same_property_changed_or_component_totals,retain_provisional_group,DEV_NYC20050800,NYC20050800
DEV_NYC20060055,NYC20060055,NYC20060055,1,MARKHAM GARDENS,15 MARKHAM LN,STATEN ISLAND,NY,NY-06-085,2006,2006,190,190,accept,same_property_changed_or_component_totals,retain_provisional_group,DEV_NYC20060055,NYC20060055
DEV_NYC20060055,NYC20060055,NYC20090802,2,MARKHAM GARDENS,70 NORTH BURGHER AVE.,STATEN ISLAND,NY,75-3218207,2009,2006,240,190,accept,same_property_changed_or_component_totals,retain_provisional_group,DEV_NYC20060055,NYC20060055
DEV_NYC20100142,NYC20100142,NYC20100142,1,LIVONIA TERRACE APTS,446 ALABAMA AVE,BROOKLYN,NY,NY-09-011,2010,2009,60,58,accept,same_property_changed_or_component_totals,retain_provisional_group,DEV_NYC20100142,NYC20100142
DEV_NYC20100142,NYC20100142,NYC20100144,2,LIVONIA TERRACE APTS,469 ALABAMA AVE,BROOKLYN,NY,NY-09-015,2010,2009,29,26,accept,same_property_changed_or_component_totals,retain_provisional_group,DEV_NYC20100142,NYC20100142
DEV_NYC20100142,NYC20100142,NYC20100146,3,LIVONIA TERRACE APTS,435 ALABAMA AVE,BROOKLYN,NY,NY-09-016,2010,2009,84,83,accept,same_property_changed_or_component_totals,retain_provisional_group,DEV_NYC20100142,NYC20100142
DEV_NYC20100142,NYC20100142,NYC20100806,4,LIVONIA TERRACE APTS,,BROOKLYN,NY,0902111,2010,2009,15,15,accept,same_property_changed_or_component_totals,retain_provisional_group,DEV_NYC20100142,NYC20100142
DEV_NYC20110801,NYC20110801,NYC20110801,1,HCCI PORTFOLIO (8TH AVENUE),8TH AVE,NEW YORK,NY,1102145,2011,2011,127,127,reject,coarse_address_links_distinct_properties,separate_hud_episode,DEV_NYC20110801,NYC20110801
DEV_NYC20110801,NYC20110801,NYC20110802,2,HCCI PORTFOLIO (8TH AVENUE),8TH AVE,NEW YORK,NY,1102144,2011,2011,96,96,reject,coarse_address_links_distinct_properties,separate_hud_episode,DEV_NYC20110802,NYC20110802
DEV_NYC20110801,NYC20110801,NYC20110803,3,HCCI PORTFOLIO (8TH AVENUE),8TH AVE,NEW YORK,NY,1102143,2011,2011,333,333,reject,coarse_address_links_distinct_properties,separate_hud_episode,DEV_NYC20110803,NYC20110803
DEV_NYC20110801,NYC20110801,NYC20120812,4,HCCI PORTFOLIO (8TH AVENUE),8TH AVE,NEW YORK,NY,1102146,2012,2011,196,196,reject,coarse_address_links_distinct_properties,separate_hud_episode,DEV_NYC20120812,NYC20120812
DEV_NYC20110801,NYC20110801,NYC20120815,5,HCCI PORTFOLIO (8TH AVENUE),8TH AVE,NEW YORK,NY,1102140,2012,2011,1067,1067,reject,coarse_address_links_distinct_properties,separate_hud_episode,DEV_NYC20120815,NYC20120815
DEV_NYC20110848,NYC20110848,NYC20110848,1,RUTGERS,45 PIKE STREET,NEW YORK,NY,01-0943503,2011,2010,720,608,accept,duplicate_or_parallel_financing_records,retain_provisional_group,DEV_NYC20110848,NYC20110848
DEV_NYC20110848,NYC20110848,NYE00000074,2,RUTGERS,45 PIKE STREET,NEW YORK,NY,01-0943503,8888,8888,720,608,accept,duplicate_or_parallel_financing_records,retain_provisional_group,DEV_NYC20110848,NYC20110848
DEV_NYC20120810,NYC20120810,NYC20120810,1,HCCI PORTFOLIO (7TH AVENUE),7TH AVE,NEW YORK,NY,1102149,2012,2011,116,116,reject,coarse_address_links_distinct_properties,separate_hud_episode,DEV_NYC20120810,NYC20120810
DEV_NYC20120810,NYC20120810,NYC20120817,2,HCCI PORTFOLIO (7TH AVENUE),7TH AVE,NEW YORK,NY,1102138,2012,2011,110,110,reject,coarse_address_links_distinct_properties,separate_hud_episode,DEV_NYC20120817,NYC20120817
DEV_NYC20120811,NYC20120811,NYC20120811,1,HCCI PORTFOLIO (WEST 147TH STREET),W 147TH ST,NEW YORK,NY,1102147,2012,2011,32,32,reject,coarse_address_links_distinct_properties,separate_hud_episode,DEV_NYC20120811,NYC20120811
DEV_NYC20120811,NYC20120811,NYC20120813,2,HCCI PORTFOLIO (WEST 147TH STREET),W 147TH ST,NEW YORK,NY,1102142,2012,2011,104,104,reject,coarse_address_links_distinct_properties,separate_hud_episode,DEV_NYC20120813,NYC20120813
DEV_NYC20120811,NYC20120811,NYC20120814,3,HCCI PORTFOLIO (WEST 147TH STREET),W 147TH ST,NEW YORK,NY,1102141,2012,2011,109,109,reject,coarse_address_links_distinct_properties,separate_hud_episode,DEV_NYC20120814,NYC20120814
DEV_NYC20120838,NYC20120838,NYC20120838,1,SINCLAIR HOUSES,502 W 151ST ST,NEW YORK,NY,1062156,2012,2012,80,80,accept,same_property_changed_or_component_totals,retain_provisional_group,DEV_NYC20120838,NYC20120838
DEV_NYC20120838,NYC20120838,NYC20130216,2,SINCLAIR HOUSES,528 WEST 151ST STREET,NEW YORK,NY,80-0848744,2013,2012,81,80,accept,same_property_changed_or_component_totals,retain_provisional_group,DEV_NYC20120838,NYC20120838
DEV_NYC20140005,NYC20140005,NYC20140005,1,HARLEM RIVER POINT SOUTH,200 E 131ST ST,NEW YORK,NY,1202042,2014,2012,12,12,accept,same_property_changed_or_component_totals,retain_provisional_group,DEV_NYC20140005,NYC20140005
DEV_NYC20140005,NYC20140005,NYC20142021,2,HARLEM RIVER POINT SOUTH,200 EAST 131ST STREET,NEW YORK,NY,27-2350681,2014,2012,140,139,accept,same_property_changed_or_component_totals,retain_provisional_group,DEV_NYC20140005,NYC20140005
DEV_OHA19890015,OHA19890015,OHA19890015,1,ALPHA TOWERS,525 E WOODRUFF AVE,TOLEDO,OH,OH-89-0307,1989,1989,165,165,accept,same_property_recapitalization,retain_provisional_group,DEV_OHA19890015,OHA19890015
DEV_OHA19890015,OHA19890015,OHA20240001,2,ALPHA TOWERS,525 EAST WOODRUFF AVENUE,TOLEDO,OH,230214,2024,2023,165,165,accept,same_property_recapitalization,retain_provisional_group,DEV_OHA19890015,OHA19890015
DEV_OHA19890440,OHA19890440,OHA19890440,1,MUSICIANS TOWERS,2727 LANCASHIRE RD,CLEVELAND HEIGHTS,OH,OH-89-0421,1989,1989,240,240,accept,same_property_recapitalization,retain_provisional_group,DEV_OHA19890440,OHA19890440
DEV_OHA19890440,OHA19890440,OHA20200029,2,MUSICIANS TOWERS,2727 LANCASHIRE ROAD,CLEVELAND HEIGHTS,OH,180210,2020,2018,240,240,accept,same_property_recapitalization,retain_provisional_group,DEV_OHA19890440,OHA19890440
DEV_OHA19930235,OHA19930235,OHA19930235,1,OVER THE RHINE,19 E 15TH ST,CINCINNATI,OH,OH-91-0675,1993,1991,6,6,accept,duplicate_or_parallel_financing_records,retain_provisional_group,DEV_OHA19930235,OHA19930235
DEV_OHA19930235,OHA19930235,OHA19930240,2,OVER THE RHINE,19 EAST 15TH STREET,CINCINNATI,OH,910675,1993,1991,6,6,accept,duplicate_or_parallel_financing_records,retain_provisional_group,DEV_OHA19930235,OHA19930235
DEV_OHA20150002,OHA20150002,OHA20150002,1,ARTSPACE HAMILTON LOFTS,222 HIGH STREET,HAMILTON,OH,130003,2015,2013,42,42,accept,duplicate_or_parallel_financing_records,retain_provisional_group,DEV_OHA20150002,OHA20150002
DEV_OHA20150002,OHA20150002,OHA20158113,2,ARTSPACE HAMILTON LOFTS,222 HIGH ST,HAMILTON,OH,130003,2015,2013,42,42,accept,duplicate_or_parallel_financing_records,retain_provisional_group,DEV_OHA20150002,OHA20150002
DEV_OHA20150029,OHA20150029,OHA20150029,1,TEMPLIN-BRADLEY CO. LOFTS,5700 DETROIT AVENUE,CLEVELAND,OH,130093,2015,2013,30,30,accept,duplicate_or_parallel_financing_records,retain_provisional_group,DEV_OHA20150029,OHA20150029
DEV_OHA20150029,OHA20150029,OHA20158117,2,TEMPLIN-BRADLEY CO LOFTS,5700 DETROIT AVE,CLEVELAND,OH,13093,2015,2013,30,15,accept,duplicate_or_parallel_financing_records,retain_provisional_group,DEV_OHA20150029,OHA20150029
DEV_OHA20180028,OHA20180028,OHA20180028,1,SANDSTONE APARTMENTS,100 NORTH PLAINS ROAD,THE PLAINS,OH,160019,2018,2016,50,50,accept,same_property_changed_or_component_totals,retain_provisional_group,DEV_OHA20180028,OHA20180028
DEV_OHA20180028,OHA20180028,OHA20180029,2,SANDSTONE APARTMENTS,100 NORTH PLAINS ROAD,THE PLAINS,OH,160019,2018,2016,4,4,accept,same_property_changed_or_component_totals,retain_provisional_group,DEV_OHA20180028,OHA20180028
DEV_OHA20200009,OHA20200009,OHA20200009,1,COMMONS AT SOUTH CUMMINSVILLE,3775 HERRON AVENUE,CINCINNATI,OH,170230,2020,2018,80,80,accept,duplicate_or_parallel_financing_records,retain_provisional_group,DEV_OHA20200009,OHA20200009
DEV_OHA20200009,OHA20200009,OHA20203050,2,COMMONS AT SOUTH CUMMINSVILLE,3775 HERRON AVENUE,CINCINNATI,OH,170230,2020,2018,80,80,accept,duplicate_or_parallel_financing_records,retain_provisional_group,DEV_OHA20200009,OHA20200009
DEV_OHA20200034,OHA20200034,OHA20200034,1,PARSONS PLACE APARTMENTS,1354 EAST BARTHMAN AVENUE,COLUMBUS,OH,180051,2020,2018,5,5,accept,same_property_changed_or_component_totals,retain_provisional_group,DEV_OHA20200034,OHA20200034
DEV_OHA20200034,OHA20200034,OHA20200035,2,PARSONS PLACE APARTMENTS,1354 EAST BARTHMAN AVENUE,COLUMBUS,OH,180051,2020,2018,62,62,accept,same_property_changed_or_component_totals,retain_provisional_group,DEV_OHA20200034,OHA20200034
DEV_OHA20200040,OHA20200040,OHA20200040,1,STONEY POINTE COMMONS II,1791 VERNON ODOM BOULEVARD,AKRON,OH,180037,2020,2017,3,3,accept,same_property_changed_or_component_totals,retain_provisional_group,DEV_OHA20200040,OHA20200040
DEV_OHA20200040,OHA20200040,OHA20200041,2,STONEY POINTE COMMONS II,1791 VERNON ODOM BOULEVARD,AKRON,OH,180037,2020,2019,45,45,accept,same_property_changed_or_component_totals,retain_provisional_group,DEV_OHA20200040,OHA20200040
DEV_OHA20220008,OHA20220008,OHA20220008,1,HEMPSTEAD LANDING,HEMPSTEAD STATION DRIVE AND MEIJER W DRIVE,KETTERING,OH,200007,2022,2020,2,2,accept,same_property_changed_or_component_totals,retain_provisional_group,DEV_OHA20220008,OHA20220008
DEV_OHA20220008,OHA20220008,OHA20220009,2,HEMPSTEAD LANDING,HEMPSTEAD STATION DRIVE AND MEIJER W DRIVE,KETTERING,OH,200007,2022,2020,40,40,accept,same_property_changed_or_component_totals,retain_provisional_group,DEV_OHA20220008,OHA20220008
DEV_OHA20230006,OHA20230006,OHA20230007,1,CLEVELAND SCHOLAR HOUSE,2565 COMMUNITY COLLEGE AVE,CLEVELAND,OH,210010,2023,2021,40,40,accept,same_property_changed_or_component_totals,retain_provisional_group,DEV_OHA20230006,OHA20230006
DEV_OHA20230006,OHA20230006,OHA20230006,2,CLEVELAND SCHOLAR HOUSE,2565 COMMUNITY COLLEGE AVE,CLEVELAND,OH,210010,2023,2022,14,14,accept,same_property_changed_or_component_totals,retain_provisional_group,DEV_OHA20230006,OHA20230006
DEV_OHA20230017,OHA20230017,OHA20230017,1,I PROMISE HOUSING,445 S MAPLE STREET,AKRON,OH,200065,2023,2020,5,5,accept,same_property_changed_or_component_totals,retain_provisional_group,DEV_OHA20230017,OHA20230017
DEV_OHA20230017,OHA20230017,OHA20230018,2,I PROMISE HOUSING,445 S MAPLE STREET,AKRON,OH,200065,2023,2021,50,50,accept,same_property_changed_or_component_totals,retain_provisional_group,DEV_OHA20230017,OHA20230017
DEV_OHA20230031,OHA20230031,OHA20230032,1,SINCLAIR FAMILY APARTMENTS,5055 AND 5075 SINCLAIR ROAD,COLUMBUS,OH,200248,2023,2020,8,8,accept,same_property_changed_or_component_totals,retain_provisional_group,DEV_OHA20230031,OHA20230031
DEV_OHA20230031,OHA20230031,OHA20230031,2,SINCLAIR FAMILY APARTMENTS,5055 AND 5075 SINCLAIR ROAD,COLUMBUS,OH,200248,2023,2021,180,180,accept,same_property_changed_or_component_totals,retain_provisional_group,DEV_OHA20230031,OHA20230031
DEV_OHA20230039,OHA20230039,OHA20230039,1,UPPER SANDUSKY VILLAGE,202 WESTBROOK BLVD,UPPER SANDUSKY,OH,210009,2023,2021,50,50,accept,same_property_changed_or_component_totals,retain_provisional_group,DEV_OHA20230039,OHA20230039
DEV_OHA20230039,OHA20230039,OHA20230040,2,UPPER SANDUSKY VILLAGE,202 WESTBROOK BLVD,UPPER SANDUSKY,OH,210009,2023,2021,4,4,accept,same_property_changed_or_component_totals,retain_provisional_group,DEV_OHA20230039,OHA20230039
DEV_OHA20240006,OHA20240006,OHA20240006,1,CHESTNUT VILLAGE APARTMENTS,5321 CHESTNUT AVE,ASHTABULA,OH,210027,2024,2021,9,9,accept,same_property_changed_or_component_totals,retain_provisional_group,DEV_OHA20240006,OHA20240006
DEV_OHA20240006,OHA20240006,OHA20240007,2,CHESTNUT VILLAGE APARTMENTS,5321 CHESTNUT AVE,ASHTABULA,OH,210027,2024,2022,32,32,accept,same_property_changed_or_component_totals,retain_provisional_group,DEV_OHA20240006,OHA20240006
DEV_OHA20240013,OHA20240013,OHA20240013,1,HARVEST CROSSING SENIOR VILLAS,1045 WHEATLAND DR,JACKSON,OH,220049,2024,2022,46,46,accept,same_property_changed_or_component_totals,retain_provisional_group,DEV_OHA20240013,OHA20240013
DEV_OHA20240013,OHA20240013,OHA20240014,2,HARVEST CROSSING SENIOR VILLAS,1045 WHEATLAND DR,JACKSON,OH,220049,2024,2022,4,4,accept,same_property_changed_or_component_totals,retain_provisional_group,DEV_OHA20240013,OHA20240013
DEV_OHA20240036,OHA20240036,OHA20240037,1,THE LOFTS AT KETTERING TOWN CENTER,3233 WOODMAN DR,KETTERING,OH,210032,2024,2021,51,51,accept,same_property_changed_or_component_totals,retain_provisional_group,DEV_OHA20240036,OHA20240036
DEV_OHA20240036,OHA20240036,OHA20240036,2,THE LOFTS AT KETTERING TOWN CENTER,3233 WOODMAN DR,KETTERING,OH,210032,2024,2022,7,7,accept,same_property_changed_or_component_totals,retain_provisional_group,DEV_OHA20240036,OHA20240036
DEV_OHA20240039,OHA20240039,OHA20240040,1,THE SENIOR VILLAGE AT KETTERING TOWN CENTER,3253 WOODMAN DR,KETTERING,OH,210039,2024,2021,52,52,accept,same_property_changed_or_component_totals,retain_provisional_group,DEV_OHA20240039,OHA20240039
DEV_OHA20240039,OHA20240039,OHA20240039,2,THE SENIOR VILLAGE AT KETTERING TOWN CENTER,3253 WOODMAN DR,KETTERING,OH,210039,2024,2022,8,8,accept,same_property_changed_or_component_totals,retain_provisional_group,DEV_OHA20240039,OHA20240039
DEV_OHA20240043,OHA20240043,OHA20240043,1,VANDALIA POINT,1601 BLUE ROCK STREET,CINCINNATI,OH,220043,2024,2022,2,2,accept,same_property_changed_or_component_totals,retain_provisional_group,DEV_OHA20240043,OHA20240043
DEV_OHA20240043,OHA20240043,OHA20240044,2,VANDALIA POINT,1601 BLUE ROCK STREET,CINCINNATI,OH,220043,2024,2022,52,52,accept,same_property_changed_or_component_totals,retain_provisional_group,DEV_OHA20240043,OHA20240043
DEV_OKA19980065,OKA19980065,OKA19980065,1,HICKORY CROSSING,2101 S HICKORY ST,SAPULPA,OK,970723,1998,1997,40,39,accept,same_property_recapitalization,retain_provisional_group,DEV_OKA19980065,OKA19980065
DEV_OKA19980065,OKA19980065,OKA20240018,2,HICKORY CROSSING,2101 S. HICKORY ST.,SAPULPA,OK,220625,2024,2025,40,39,accept,same_property_recapitalization,retain_provisional_group,DEV_OKA19980065,OKA19980065
DEV_PAA00000050,PAA00000050,PAA00000050,1,DAWN RIDGE,GIANT LN & SAMUELS DR,CARLISLE,PA,PA1012-1149,8888,2013,58,58,accept,duplicate_or_parallel_financing_records,retain_provisional_group,DEV_PAA00000050,PAA00000050
DEV_PAA00000050,PAA00000050,PAA20152004,2,DAWN RIDGE,79 DAWN RIDGE LOOP,CARLISLE,PA,TC20130472,2015,2017,58,58,accept,duplicate_or_parallel_financing_records,retain_provisional_group,DEV_PAA00000050,PAA00000050
DEV_PAA00000138,PAA00000138,PAA00000138,1,LINDLEY COURT,5017 N 13TH ST,PHILADELPHIA,PA,PA1012-1136,8888,2013,48,48,accept,duplicate_or_parallel_financing_records,retain_provisional_group,DEV_PAA00000138,PAA00000138
DEV_PAA00000138,PAA00000138,PAA20161014,2,LINDLEY COURT,1300 LINDLEY AVE,PHILADELPHIA,PA,TC20150476,2016,2018,48,48,accept,duplicate_or_parallel_financing_records,retain_provisional_group,DEV_PAA00000138,PAA00000138
DEV_PAA00000195,PAA00000195,PAA00000195,1,ORCHARD PARK,1000 CATHERINE ST,DUQUESNE,PA,PA1012-1185,8888,2013,44,44,accept,duplicate_or_parallel_financing_records,retain_provisional_group,DEV_PAA00000195,PAA00000195
DEV_PAA00000195,PAA00000195,PAA20152022,2,ORCHARD PARK,ORCHARD PK AVE,DUQUESNE,PA,TC20130460,2015,2017,44,44,accept,duplicate_or_parallel_financing_records,retain_provisional_group,DEV_PAA00000195,PAA00000195
DEV_PAA00000246,PAA00000246,PAA00000246,1,ST MICHAELS ON THE HILL,399 SECOND AVE,JESSUP,PA,PA1012-1140,8888,2013,40,40,accept,same_property_changed_or_component_totals,retain_provisional_group,DEV_PAA00000246,PAA00000246
DEV_PAA00000246,PAA00000246,PAA20160004,2,ST MICHAELS ON THE HILL,321 2ND AVE,JESSUP,PA,TC20150624,2016,2017,31,31,accept,same_property_changed_or_component_totals,retain_provisional_group,DEV_PAA00000246,PAA00000246
DEV_PAA19870420,PAA19870420,PAA19870420,1,WASHINGTON SQUARE APTS,201 MULBERRY ST,HARRISBURG,PA,TC1987-0038,1987,1987,36,8,accept,same_property_changed_or_component_totals,retain_provisional_group,DEV_PAA19870420,PAA19870420
DEV_PAA19870420,PAA19870420,PAA19870425,2,WASHINGTON SQUARE APTS,201 MULBERRY ST,HARRISBURG,PA,TC1987-0039,1987,1987,40,8,accept,same_property_changed_or_component_totals,retain_provisional_group,DEV_PAA19870420,PAA19870420
DEV_PAA19870420,PAA19870420,PAA19880685,3,WASHINGTON SQUARE APTS,201 MULBERRY ST,HARRISBURG,PA,TC1988-0055,1988,1988,4,1,accept,same_property_changed_or_component_totals,retain_provisional_group,DEV_PAA19870420,PAA19870420
DEV_PAA19870420,PAA19870420,PAA19880690,4,WASHINGTON SQUARE APTS,201 MULBERRY ST,HARRISBURG,PA,TC1988-0056,1988,1988,14,3,accept,same_property_changed_or_component_totals,retain_provisional_group,DEV_PAA19870420,PAA19870420
DEV_PAA19880455,PAA19880455,PAA19880455,1,BUCKEYE APTS,216 WATER ST,EDINBORO,PA,TC1988-0013,1988,1988,5,5,accept,same_property_changed_or_component_totals,retain_provisional_group,DEV_PAA19880455,PAA19880455
DEV_PAA19880455,PAA19880455,PAA19880460,2,BUCKEYE APTS,216 WATER ST,EDINBORO,PA,TC1988-0014,1988,1988,7,7,accept,same_property_changed_or_component_totals,retain_provisional_group,DEV_PAA19880455,PAA19880455
DEV_PAA19920210,PAA19920210,PAA19920210,1,OGONTZ HALL,7171 OGONTZ AVE,PHILADELPHIA,PA,TC19900176,1992,1990,6,6,accept,same_property_changed_or_component_totals,retain_provisional_group,DEV_PAA19920210,PAA19920210
DEV_PAA19920210,PAA19920210,PAA19920215,2,OGONTZ HALL,7171 OGONTZ AVE,PHILADELPHIA,PA,TC19900028,1992,1990,25,25,accept,same_property_changed_or_component_totals,retain_provisional_group,DEV_PAA19920210,PAA19920210
DEV_PAA20213066,PAA20213066,PAA20213066,1,OAK BOTTOM VILLAGE III,128 GROFFDALE DR,QUARRYVILLE,PA,TC20200111,2021,9999,18,18,accept,duplicate_or_parallel_financing_records,retain_provisional_group,DEV_PAA20213066,PAA20213066
DEV_PAA20213066,PAA20213066,PAA00000185,2,OAK BOTTOM VILLAGE III,GROFFDALE DR,QUARRYVILLE,PA,TC19990047,8888,8888,18,18,accept,duplicate_or_parallel_financing_records,retain_provisional_group,DEV_PAA20213066,PAA20213066
DEV_RIA19880015,RIA19880015,RIA19880015,1,OXFORD GARDENS,165 GALLUP ST,PROVIDENCE,RI,1087,1988,1988,50,50,accept,same_property_recapitalization,retain_provisional_group,DEV_RIA19880015,RIA19880015
DEV_RIA19880015,RIA19880015,RIA20181001,2,OXFORD GARDENS,475 PRAIRIE AVE,PROVIDENCE,RI,RI00204,2018,2018,50,45,accept,same_property_recapitalization,retain_provisional_group,DEV_RIA19880015,RIA19880015
DEV_SCA19880230,SCA19880230,SCA19880230,1,FOUNTAIN ARMS,111 OLD FAIRVIEW RD,FOUNTAIN INN,SC,SC-88-089,1988,1988,50,50,accept,same_property_recapitalization,retain_provisional_group,DEV_SCA19880230,SCA19880230
DEV_SCA19880230,SCA19880230,SCA20200004,2,FOUNTAIN ARMS,111 OLD FAIRVIEW ROAD,FOUNTAIN INN,SC,SC-19002,2020,2019,50,50,accept,same_property_recapitalization,retain_provisional_group,DEV_SCA19880230,SCA19880230
DEV_SCA19930050,SCA19930050,SCA19930050,1,HOLLY TREE MANOR,1026 DOYLE STREET,HOLLY HILL,SC,SC-92-003,1993,1992,24,24,accept,same_property_recapitalization,retain_provisional_group,DEV_SCA19930050,SCA19930050
DEV_SCA19930050,SCA19930050,SCA20182008,2,HOLLY TREE MANOR,701 HOLLY MANOR DRIVE,HOLLY HILL,SC,SC-17001,2018,2017,24,24,accept,same_property_recapitalization,retain_provisional_group,DEV_SCA19930050,SCA19930050
DEV_SCA19930070,SCA19930070,SCA19930070,1,OAKWOOD MANOR,904 OAKWOOD ST,BENNETTSVILLE,SC,SC-93-013,1993,1993,24,24,accept,same_property_recapitalization,retain_provisional_group,DEV_SCA19930070,SCA19930070
DEV_SCA19930070,SCA19930070,SCA20194001,2,OAKWOOD MANOR,904 OAKWOOD STREET,BENNETTSVILLE,SC,SC-18004,2019,2018,24,24,accept,same_property_recapitalization,retain_provisional_group,DEV_SCA19930070,SCA19930070
DEV_SCA19930095,SCA19930095,SCA19930095,1,WEST END MANOR,629 RICE AVE EXT,UNION,SC,SC-92-013,1993,1992,28,28,accept,same_property_recapitalization,retain_provisional_group,DEV_SCA19930095,SCA19930095
DEV_SCA19930095,SCA19930095,SCA20231023,2,WEST END MANOR,629 RICE AVENUE EXTENSION,UNION,SC,SC-21036,2023,2022,28,28,accept,same_property_recapitalization,retain_provisional_group,DEV_SCA19930095,SCA19930095
DEV_SCA19940010,SCA19940010,SCA19940010,1,BENNETTS POINTE,907 CHERAW ST,BENNETTSVILLE,SC,SC-93-016,1994,1993,32,32,accept,same_property_recapitalization,retain_provisional_group,DEV_SCA19940010,SCA19940010
DEV_SCA19940010,SCA19940010,SCA20182002,2,BENNETTS POINTE,907 CHERAW STREET,BENNETTSVILLE,SC,SC-16031,2018,2016,32,32,accept,same_property_recapitalization,retain_provisional_group,DEV_SCA19940010,SCA19940010
DEV_SCA19960005,SCA19960005,SCA19960005,1,123 CLUB,123 OLD SALEM RD,BEAUFORT,SC,SC-95-029,1996,1995,40,40,accept,same_property_recapitalization,retain_provisional_group,DEV_SCA19960005,SCA19960005
DEV_SCA19960005,SCA19960005,SCA20173001,2,123 CLUB,123 OLD SALEM ROAD,BEAUFORT,SC,SC-17009,2017,2017,40,40,accept,same_property_recapitalization,retain_provisional_group,DEV_SCA19960005,SCA19960005
DEV_SCA20060073,SCA20060073,SCA20060073,1,BRIDGEVIEW VILLAGE,100 N ROMNEY ST,CHARLESTON,SC,SC-50-305,2006,2003,300,300,accept,same_property_recapitalization,retain_provisional_group,DEV_SCA20060073,SCA20060073
DEV_SCA20060073,SCA20060073,SCA20231013,2,BRIDGEVIEW VILLAGE,108 NORTH ROMNEY ST,CHARLESTON,SC,SC-51905,2023,2024,300,300,accept,same_property_recapitalization,retain_provisional_group,DEV_SCA20060073,SCA20060073
DEV_TNA19880250,TNA19880250,TNA19880250,1,23RD AVE N DUPLEX,1408 23RD AVE N,NASHVILLE,TN,TN-88-020,1988,1988,2,2,accept,duplicate_or_parallel_financing_records,retain_provisional_group,DEV_TNA19880250,TNA19880250
DEV_TNA19880250,TNA19880250,TNA19880847,2,23RD AVE N DUPLEX,1408 23RD AVE N,NASHVILLE,TN,TN-88-021,1988,1988,2,2,accept,duplicate_or_parallel_financing_records,retain_provisional_group,DEV_TNA19880250,TNA19880250
DEV_TNA19880801,TNA19880801,TNA19880801,1,CARLTON CONCEPTS APTS,7010 NATURE TRAILS BLVD,KNOXVILLE,TN,TN-88-162,1988,1988,49,49,accept,same_property_changed_or_component_totals,retain_provisional_group,DEV_TNA19880801,TNA19880801
DEV_TNA19880801,TNA19880801,TNA19880802,2,CARLTON CONCEPTS APTS,7010 NATURE TRAILS BLVD,KNOXVILLE,TN,TN-88-161,1988,1988,11,11,accept,same_property_changed_or_component_totals,retain_provisional_group,DEV_TNA19880801,TNA19880801
DEV_TNA20060085,TNA20060085,TNA20060085,1,CHAPEL RIDGE OF GALLATIN,1590 AIRPORT RD,GALLATIN,TN,TN-04-211,2006,2004,208,168,accept,same_property_recapitalization,retain_provisional_group,DEV_TNA20060085,TNA20060085
DEV_TNA20060085,TNA20060085,TNA20250011,2,CHAPEL RIDGE OF GALLATIN,1590 AIRPORT RD,GALLATIN,TN,TN-22-229,2025,2022,208,208,accept,same_property_recapitalization,retain_provisional_group,DEV_TNA20060085,TNA20060085
DEV_TXA19870140,TXA19870140,TXA19870140,1,BRAZORIA MANOR,301 YERBY ST,BRAZORIA,TX,TX6353,1987,1987,56,56,accept,duplicate_or_parallel_financing_records,retain_provisional_group,DEV_TXA19870140,TXA19870140
DEV_TXA19870140,TXA19870140,TXA00000999,2,BRAZORIA MANOR,301 YERBY ST,BRAZORIA,TX,TX0568,8888,2015,56,56,accept,duplicate_or_parallel_financing_records,retain_provisional_group,DEV_TXA19870140,TXA19870140
DEV_TXA19870370,TXA19870370,TXA19870370,1,VICTORIA HOUSING,2817 YANEZ AVE,MISSION,TX,TX6286,1987,1987,1,1,accept,duplicate_hud_records,retain_provisional_group,DEV_TXA19870370,TXA19870370
DEV_TXA19870370,TXA19870370,TXA19870375,2,VICTORIA HOUSING,2817 YANEZ AVE,MISSION,TX,TX6295,1987,1987,1,1,accept,duplicate_hud_records,retain_provisional_group,DEV_TXA19870370,TXA19870370
DEV_TXA19870370,TXA19870370,TXA19870380,3,VICTORIA HOUSING,2817 YANEZ AVE,MISSION,TX,TX6294,1987,1987,1,1,accept,duplicate_hud_records,retain_provisional_group,DEV_TXA19870370,TXA19870370
DEV_TXA19870370,TXA19870370,TXA19870385,4,VICTORIA HOUSING,2817 YANEZ AVE,MISSION,TX,TX6292,1987,1987,1,1,accept,duplicate_hud_records,retain_provisional_group,DEV_TXA19870370,TXA19870370
DEV_TXA19870370,TXA19870370,TXA19870390,5,VICTORIA HOUSING,2817 YANEZ AVE,MISSION,TX,TX6293,1987,1987,1,1,accept,duplicate_hud_records,retain_provisional_group,DEV_TXA19870370,TXA19870370
DEV_TXA19870370,TXA19870370,TXA19870395,6,VICTORIA HOUSING,2817 YANEZ AVE,MISSION,TX,TX6291,1987,1987,1,1,accept,duplicate_hud_records,retain_provisional_group,DEV_TXA19870370,TXA19870370
DEV_TXA19870370,TXA19870370,TXA19870400,7,VICTORIA HOUSING,2817 YANEZ AVE,MISSION,TX,TX6287,1987,1987,1,1,accept,duplicate_hud_records,retain_provisional_group,DEV_TXA19870370,TXA19870370
DEV_TXA19870370,TXA19870370,TXA19870405,8,VICTORIA HOUSING,2817 YANEZ AVE,MISSION,TX,TX6288,1987,1987,1,1,accept,duplicate_hud_records,retain_provisional_group,DEV_TXA19870370,TXA19870370
DEV_TXA19870370,TXA19870370,TXA19870410,9,VICTORIA HOUSING,2817 YANEZ AVE,MISSION,TX,TX6289,1987,1987,1,1,accept,duplicate_hud_records,retain_provisional_group,DEV_TXA19870370,TXA19870370
DEV_TXA20145023,TXA20145023,TXA20145023,1,DECKER PLACE,2500 E END BLVD S,MARSHALL,TX,TX4982,2014,2014,64,64,accept,duplicate_or_parallel_financing_records,retain_provisional_group,DEV_TXA20145023,TXA20145023
DEV_TXA20145023,TXA20145023,TXA20157573,2,DECKER PLACE,2500 E END BLVD S,MARSHALL,TX,TX4982,2015,2014,64,64,accept,duplicate_or_parallel_financing_records,retain_provisional_group,DEV_TXA20145023,TXA20145023
DEV_UTA19920020,UTA19920020,UTA19920020,1,MARION HOTEL,184 25TH ST,OGDEN,UT,1992-01,1992,1992,86,86,accept,duplicate_or_parallel_financing_records,retain_provisional_group,DEV_UTA19920020,UTA19920020
DEV_UTA19920020,UTA19920020,UTA19939001,2,MARION HOTEL,184 25TH STREET,OGDEN,UT,1992-01,1993,1992,86,86,accept,duplicate_or_parallel_financing_records,retain_provisional_group,DEV_UTA19920020,UTA19920020
DEV_UTA19940085,UTA19940085,UTA19940085,1,RIDGEVIEW APTS.,520 SOUTH KANE CREEK BLVD.,MOAB,UT,1994-04,1994,1994,6,6,accept,same_property_changed_or_component_totals,retain_provisional_group,DEV_UTA19940085,UTA19940085
DEV_UTA19940085,UTA19940085,UTA19950906,2,RIDGEVIEW APTS.,710 NORTH WASHINGTON,OGDEN,UT,1994-12,1995,1994,78,78,accept,same_property_changed_or_component_totals,retain_provisional_group,DEV_UTA19940085,UTA19940085
DEV_UTA20030015,UTA20030015,UTA20030017,1,CANYON VIEW APTS.,142 WEST 500 NORTH,PROVO,UT,2000-04,2003,2000,30,30,accept,same_property_changed_or_component_totals,retain_provisional_group,DEV_UTA20030015,UTA20030015
DEV_UTA20030015,UTA20030015,UTA20030015,2,CANYON VIEW APTS.,1264 NORTH CEDAR BLVD.,CEDAR CITY,UT,2003-01,2003,2003,80,64,accept,same_property_changed_or_component_totals,retain_provisional_group,DEV_UTA20030015,UTA20030015
DEV_UTA20070033,UTA20070033,UTA20070033,1,SPRING HOLLOW APTS.,1300 WEST 7011 SOUTH,WEST JORDAN,UT,2002-29,2007,2002,44,44,accept,same_property_changed_or_component_totals,retain_provisional_group,DEV_UTA20070033,UTA20070033
DEV_UTA20070033,UTA20070033,UTA20070035,2,SPRING HOLLOW APTS.,1360 NORTH 200 EAST,LOGAN,UT,2007-19,2007,2007,50,50,accept,same_property_changed_or_component_totals,retain_provisional_group,DEV_UTA20070033,UTA20070033
DEV_VAA19890055,VAA19890055,VAA19890055,1,HARMONY VILLAGE,1151 GLENDALE RD,GALAX,VA,1000,1989,1989,42,42,accept,same_property_recapitalization,retain_provisional_group,DEV_VAA19890055,VAA19890055
DEV_VAA19890055,VAA19890055,VAA20181010,2,HARMONY VILLAGE,1151 GLENDALE ROAD,GALAX,VA,1000,2018,2016,42,42,accept,same_property_recapitalization,retain_provisional_group,DEV_VAA19890055,VAA19890055
DEV_VAA19960045,VAA19960045,VAA19960045,1,DULLES CENTER I,2410 LITTLE CURRENT DR,HERNDON,VA,VA9574001,1996,1995,144,144,accept,same_property_recapitalization,retain_provisional_group,DEV_VAA19960045,VAA19960045
DEV_VAA19960045,VAA19960045,VAA20231030,2,DULLES CENTER I,2410 LITTLE CURRENT DRIVE,HERNDON,VA,4516,2023,2021,144,144,accept,same_property_recapitalization,retain_provisional_group,DEV_VAA19960045,VAA19960045
DEV_VAA20020513,VAA20020513,VAA20020513,1,ASPEN CLUB,6341B VILLAGE CTR DR,BEALETON,VA,7250,2002,2000,108,108,accept,same_property_changed_or_component_totals,retain_provisional_group,DEV_VAA20020513,VAA20020513
DEV_VAA20020513,VAA20020513,VAA20222015,2,ASPEN CLUB,6337 VILLAGE CENTER DR.,BEALETON,VA,9933,2022,2021,138,138,accept,same_property_changed_or_component_totals,retain_provisional_group,DEV_VAA20020513,VAA20020513
DEV_VAA20060035,VAA20060035,VAA20060035,1,GRAND OAKS,5301 GRAND OAKS FOREST CIR,CHESTER,VA,8923,2006,2004,184,184,accept,same_property_changed_or_component_totals,retain_provisional_group,DEV_VAA20060035,VAA20060035
DEV_VAA20060035,VAA20060035,VAA20240011,2,GRAND OAKS,5301 GRAND OAKS FOREST CIRCLE,CHESTER,VA,10196,2024,2021,216,216,accept,same_property_changed_or_component_totals,retain_provisional_group,DEV_VAA20060035,VAA20060035
DEV_VTA19900030,VTA19900030,VTA19900030,1,WINCHESTER PLACE,ROUTE 15,COLCHESTER,VT,0190,1990,1991,166,75,accept,same_property_changed_or_component_totals,retain_provisional_group,DEV_VTA19900030,VTA19900030
DEV_VTA19900030,VTA19900030,VTA20151003,2,WINCHESTER PLACE,ROUTE 15,COLCHESTER,VT,0497,2015,2016,148,76,accept,same_property_changed_or_component_totals,retain_provisional_group,DEV_VTA19900030,VTA19900030
DEV_WAA19940125,WAA19940125,WAA19940125,1,STUART PLACE,110 LEGION WAY SE,OLYMPIA,WA,WA-92-00109,1994,1994,36,36,accept,same_property_changed_or_component_totals,retain_provisional_group,DEV_WAA19940125,WAA19940125
DEV_WAA19940125,WAA19940125,WAA20009030,2,STUART PLACE,110 LEGION WAY SE,OLYMPIA,WA,92-06AA,2000,1998,51,50,accept,same_property_changed_or_component_totals,retain_provisional_group,DEV_WAA19940125,WAA19940125
DEV_WAA19940140,WAA19940140,WAA19949156,1,WINTONIA HOTEL,1431 MINOR AVE,SEATTLE,WA,92-06FF,1994,1992,92,92,accept,duplicate_or_parallel_financing_records,retain_provisional_group,DEV_WAA19940140,WAA19940140
DEV_WAA19940140,WAA19940140,WAA19940140,2,WINTONIA HOTEL,1431 MINOR AVE,SEATTLE,WA,WA-92-00025,1994,1994,92,92,accept,duplicate_or_parallel_financing_records,retain_provisional_group,DEV_WAA19940140,WAA19940140
DEV_WAA19950085,WAA19950085,WAA19950085,1,PACIFIC HOTEL,317 MARION ST,SEATTLE,WA,WA-93-00007,1995,1993,112,112,accept,same_property_changed_or_component_totals,retain_provisional_group,DEV_WAA19950085,WAA19950085
DEV_WAA19950085,WAA19950085,WAA20019021,2,PACIFIC HOTEL,317 MARION STREET,SEATTLE,WA,93-30V,2001,1995,111,109,accept,same_property_changed_or_component_totals,retain_provisional_group,DEV_WAA19950085,WAA19950085
DEV_WAA19950105,WAA19950105,WAA19950105,1,SUNCREST VILLAGE,251 S FIFTH AVE,SEQUIM,WA,WA-94-00169,1995,1994,37,37,accept,duplicate_or_parallel_financing_records,retain_provisional_group,DEV_WAA19950105,WAA19950105
DEV_WAA19950105,WAA19950105,WAA19959040,2,SUNCREST VILLAGE,251 S 5TH AVE,SEQUIM,WA,94-32L,1995,1995,37,36,accept,duplicate_or_parallel_financing_records,retain_provisional_group,DEV_WAA19950105,WAA19950105
DEV_WAA19950145,WAA19950145,WAA19950145,1,L & S THE HIGHLANDS,542 S SUMMIT ST,COLVILLE,WA,95-23B,1995,1995,36,36,accept,duplicate_or_parallel_financing_records,retain_provisional_group,DEV_WAA19950145,WAA19950145
DEV_WAA19950145,WAA19950145,WAA19959034,2,L + S THE HIGHLANDS,542 S SUMMIT ST.,COLVILLE,WA,95-23B,1995,1995,36,35,accept,duplicate_or_parallel_financing_records,retain_provisional_group,DEV_WAA19950145,WAA19950145
DEV_WAA19960035,WAA19960035,WAA19960035,1,GLEN HOTEL,1413 THIRD AVE,SEATTLE,WA,WA-94-00173,1996,1994,38,38,accept,same_property_recapitalization,retain_provisional_group,DEV_WAA19960035,WAA19960035
DEV_WAA19960035,WAA19960035,WAA20133013,2,GLEN HOTEL,1413 THIRD AVENUE,SEATTLE,WA,94-33C,2013,1996,38,37,accept,same_property_recapitalization,retain_provisional_group,DEV_WAA19960035,WAA19960035
DEV_WAA19960055,WAA19960055,WAA19969201,1,HAMPTON HEIGHTS APARTMENTS,5711 S 152ND ST,TUKWILA,WA,95-50A,1996,1995,114,113,accept,duplicate_or_parallel_financing_records,retain_provisional_group,DEV_WAA19960055,WAA19960055
DEV_WAA19960055,WAA19960055,WAA19960055,2,HAMPTON HEIGHTS APARTMENTS,5711 S 152ND ST,TUKWILA,WA,WA-95-00025,1996,1996,114,113,accept,duplicate_or_parallel_financing_records,retain_provisional_group,DEV_WAA19960055,WAA19960055
DEV_WAA19960135,WAA19960135,WAA19960135,1,PIONEER PARK,401 EAST ELM,CONNELL,WA,WA-94-00065,1996,1996,51,50,accept,duplicate_or_parallel_financing_records,retain_provisional_group,DEV_WAA19960135,WAA19960135
DEV_WAA19960135,WAA19960135,WAA19979246,2,PIONEER PARK,401 EAST ELM,CONNELL,WA,94-32B,1997,1994,51,50,accept,duplicate_or_parallel_financing_records,retain_provisional_group,DEV_WAA19960135,WAA19960135
DEV_WAA19980005,WAA19980005,WAA19989246,1,AKI KUROSE VILLAGE (STONE VIEW),11500 STONE AVENUE N,SEATTLE,WA,96-35W,1998,1996,26,25,accept,duplicate_or_parallel_financing_records,retain_provisional_group,DEV_WAA19980005,WAA19980005
DEV_WAA19980005,WAA19980005,WAA19980005,2,AKI KUROSE VILLAGE (STONE VIEW),11500 STONE AVENUE N,SEATTLE,WA,WA-96-00173,1998,1998,26,25,accept,duplicate_or_parallel_financing_records,retain_provisional_group,DEV_WAA19980005,WAA19980005
DEV_WAA19990090,WAA19990090,WAA19999501,1,DOROTHY DAY RESIDENCE,106 BELL ST,SEATTLE,WA,97-45R,1999,1997,41,41,accept,duplicate_or_parallel_financing_records,retain_provisional_group,DEV_WAA19990090,WAA19990090
DEV_WAA19990090,WAA19990090,WAA19990090,2,DOROTHY DAY RESIDENCE,106 BELL STREET,SEATTLE,WA,WA-97-00051,1999,1999,41,41,accept,duplicate_or_parallel_financing_records,retain_provisional_group,DEV_WAA19990090,WAA19990090
DEV_WAA20010180,WAA20010180,WAA20010180,1,TRAILSIDE VILLAGE,1300 100TH PL SE,EVERETT,WA,WA-01-22A,2001,2001,250,248,accept,same_property_recapitalization,retain_provisional_group,DEV_WAA20010180,WAA20010180
DEV_WAA20010180,WAA20010180,WAA20170071,2,TRAILSIDE VILLAGE,1300 100TH PLACE SE,EVERETT,WA,16-121A,2017,2017,250,249,accept,same_property_recapitalization,retain_provisional_group,DEV_WAA20010180,WAA20010180
DEV_WAA20030205,WAA20030205,WAA20030205,1,YWCA OPPORTUNITY PLACE,2024 THIRD AVE,SEATTLE,WA,WA-02-00399,2003,2002,130,130,accept,same_property_changed_or_component_totals,retain_provisional_group,DEV_WAA20030205,WAA20030205
DEV_WAA20030205,WAA20030205,WAA20039041,2,YWCA OPPORTUNITY PLACE,2024 THIRD AVE,SEATTLE,WA,02-125A,2003,2003,145,130,accept,same_property_changed_or_component_totals,retain_provisional_group,DEV_WAA20030205,WAA20030205
DEV_WAA20040030,WAA20040030,WAA20040030,1,COURTLAND PLACE AT RAINIER COURT,3621 33RD AVE S,SEATTLE,WA,WA-02-00310,2004,2002,206,206,accept,same_property_changed_or_component_totals,retain_provisional_group,DEV_WAA20040030,WAA20040030
DEV_WAA20040030,WAA20040030,WAA20059048,2,COURTLAND PLACE AT RAINIER COURT,3621 - 33RD AVE S,SEATTLE,WA,02-82,2005,2005,208,206,accept,same_property_changed_or_component_totals,retain_provisional_group,DEV_WAA20040030,WAA20040030
DEV_WAA20040035,WAA20040035,WAA20040035,1,DESERT HAVEN,935 S SEVENTH AVE,OTHELLO,WA,WA-02-00444,2004,2002,25,25,accept,same_property_changed_or_component_totals,retain_provisional_group,DEV_WAA20040035,WAA20040035
DEV_WAA20040035,WAA20040035,WAA20049008,2,DESERT HAVEN,835 S 7TH AVE,OTHELLO,WA,02-52,2004,2004,26,25,accept,same_property_changed_or_component_totals,retain_provisional_group,DEV_WAA20040035,WAA20040035
DEV_WAA20040095,WAA20040095,WAA20040095,1,INTERNATIONAL HOUSE,607 MAYNARD AVE S,SEATTLE,WA,WA-03-00415,2004,2004,98,98,accept,same_property_changed_or_component_totals,retain_provisional_group,DEV_WAA20040095,WAA20040095
DEV_WAA20040095,WAA20040095,WAA20059054,2,INTERNATIONAL HOUSE,607 MAYNARD AVENUE S,SEATTLE,WA,03-16A,2005,2005,99,98,accept,same_property_changed_or_component_totals,retain_provisional_group,DEV_WAA20040095,WAA20040095
DEV_WAA20040120,WAA20040120,WAA20040120,1,LEWIS & CLARK PLAZA,621 BROADWAY ST,VANCOUVER,WA,WA-02-00323,2004,2002,46,46,accept,duplicate_or_parallel_financing_records,retain_provisional_group,DEV_WAA20040120,WAA20040120
DEV_WAA20040120,WAA20040120,WAA20059062,2,LEWIS + CLARK PLAZA,621 BROADWAY ST.,VANCOUVER,WA,02-46,2005,2005,46,46,accept,duplicate_or_parallel_financing_records,retain_provisional_group,DEV_WAA20040120,WAA20040120
DEV_WAA20060125,WAA20060125,WAA20060125,1,NOOKSACK HOMES II,5912 EDITH DR,DEMING,WA,WA-05-00122,2006,2005,24,24,accept,duplicate_or_parallel_financing_records,retain_provisional_group,DEV_WAA20060125,WAA20060125
DEV_WAA20060125,WAA20060125,WAA20069362,2,NOOKSACK HOMES II,5912 EDITH DRIVE,DEMING,WA,05-09,2006,2006,24,24,accept,duplicate_or_parallel_financing_records,retain_provisional_group,DEV_WAA20060125,WAA20060125
DEV_WAA20060160,WAA20060160,WAA20060160,1,PARKLAND MANOR,1756 106TH ST S,TACOMA,WA,WA-05-00470,2006,2005,39,39,accept,same_property_changed_or_component_totals,retain_provisional_group,DEV_WAA20060160,WAA20060160
DEV_WAA20060160,WAA20060160,WAA20079114,2,PARKLAND MANOR,1756 - 106TH ST S,TACOMA,WA,05-166A,2007,2007,40,39,accept,same_property_changed_or_component_totals,retain_provisional_group,DEV_WAA20060160,WAA20060160
DEV_WAA20060195,WAA20060195,WAA20060195,1,VILLA CAPRI,28621 25TH PL S,FEDERAL WAY,WA,WA-05-00204,2006,2005,85,85,accept,same_property_changed_or_component_totals,retain_provisional_group,DEV_WAA20060195,WAA20060195
DEV_WAA20060195,WAA20060195,WAA20079129,2,VILLA CAPRI,28621 - 25TH PL S,FEDERAL WAY,WA,05-32,2007,2007,86,85,accept,same_property_changed_or_component_totals,retain_provisional_group,DEV_WAA20060195,WAA20060195
DEV_WAA20070270,WAA20070270,WAA20070270,1,TEPEYAC HAVEN,801 N 22ND AVE,PASCO,WA,WA-06-00010,2007,2006,44,44,accept,same_property_changed_or_component_totals,retain_provisional_group,DEV_WAA20070270,WAA20070270
DEV_WAA20070270,WAA20070270,WAA20079051,2,TEPEYAC HAVEN,801 N 22ND AVE UNIT F,PASCO,WA,06-26,2007,2007,45,44,accept,same_property_changed_or_component_totals,retain_provisional_group,DEV_WAA20070270,WAA20070270
DEV_WAA20090015,WAA20090015,WAA20090015,1,BART HARVEY,430 MINOR AVE N,SEATTLE,WA,WA-07-00302,2009,2007,49,49,accept,same_property_changed_or_component_totals,retain_provisional_group,DEV_WAA20090015,WAA20090015
DEV_WAA20090015,WAA20090015,WAA20097003,2,BART HARVEY,430 MINOR AVE NORTH,SEATTLE,WA,07-19,2009,2009,50,49,accept,same_property_changed_or_component_totals,retain_provisional_group,DEV_WAA20090015,WAA20090015
DEV_WAA20090804,WAA20090804,WAA20090804,1,MCDERMOTT PLACE,12740 33RD AVE NE,SEATTLE,WA,WA-08-00111,2009,2008,75,75,accept,same_property_changed_or_component_totals,retain_provisional_group,DEV_WAA20090804,WAA20090804
DEV_WAA20090804,WAA20090804,WAA20109011,2,MCDERMOTT PLACE,12740 - 33RD AVE NE,SEATTLE,WA,08-15,2010,2010,76,75,accept,same_property_changed_or_component_totals,retain_provisional_group,DEV_WAA20090804,WAA20090804
DEV_WAA20100811,WAA20100811,WAA20100811,1,COMPASS CENTER RENTON LUTHERAN REGIONAL VETERANS' PROGRAM,419 S SECOND ST,RENTON,WA,WA-08-00109,2010,2008,59,59,accept,duplicate_or_parallel_financing_records,retain_provisional_group,DEV_WAA20100811,WAA20100811
DEV_WAA20100811,WAA20100811,WAA20106005,2,COMPASS CENTER RENTON LUTHERAN REGIONAL VETERANS' PROGRAM,419 SOUTH 2ND ST,RENTON,WA,08-21,2010,2010,59,58,accept,duplicate_or_parallel_financing_records,retain_provisional_group,DEV_WAA20100811,WAA20100811
DEV_WAA20110833,WAA20110833,WAA20110833,1,HOPESOURCE SCATTERED SITE PROJECT,401 E CHERRY LN,ELLENSBURG,WA,09-33,2011,2008,95,95,accept,same_property_changed_or_component_totals,retain_provisional_group,DEV_WAA20110833,WAA20110833
DEV_WAA20110833,WAA20110833,WAA20128013,2,HOPESOURCE SCATTERED SITE PROJECT,401 EAST CHERRY LANE,ELLENSBURG,WA,08-22,2012,2012,98,95,accept,same_property_changed_or_component_totals,retain_provisional_group,DEV_WAA20110833,WAA20110833
DEV_WAA20125001,WAA20125001,WAA20125001,1,ADAMS VIEW,330 NUKSHAY,WAPATO,WA,10-28,2012,2012,68,68,accept,duplicate_or_parallel_financing_records,retain_provisional_group,DEV_WAA20125001,WAA20125001
DEV_WAA20125001,WAA20125001,WAA20130021,2,ADAMS VIEW,330 NUKSHAY DR,WAPATO,WA,WA-11-00327,2013,2010,68,68,accept,duplicate_or_parallel_financing_records,retain_provisional_group,DEV_WAA20125001,WAA20125001
DEV_WAA20130026,WAA20130026,WAA20130026,1,PHYLLIS GUTIERREZ KENNEY PLACE & BRETTLER FAMILY PLACE 3,6818 62ND AVE NE,SEATTLE,WA,WA-12-00001,2013,2012,54,54,accept,duplicate_or_parallel_financing_records,retain_provisional_group,DEV_WAA20130026,WAA20130026
DEV_WAA20130026,WAA20130026,WAA20146019,2,PHYLLIS GUTIERREZ KENNEY PLACE + BRETTLER FAMILY PLACE 3,6818 62ND AVENUE NE,SEATTLE,WA,12-29,2014,2014,54,54,accept,duplicate_or_parallel_financing_records,retain_provisional_group,DEV_WAA20130026,WAA20130026
DEV_WIA19930110,WIA19930110,WIA19930110,1,MADISON SFRO,712 DOUGLAS TRAIL,MADISON,WI,1379,1993,1993,8,8,accept,same_property_changed_or_component_totals,retain_provisional_group,DEV_WIA19930110,WIA19930110
DEV_WIA19930110,WIA19930110,WIA19960090,2,MADISON SFRO,712 DOUGLAS TRAIL,MADISON,WI,2446,1996,1995,3,3,accept,same_property_changed_or_component_totals,retain_provisional_group,DEV_WIA19930110,WIA19930110
DEV_WIA19930110,WIA19930110,WIA19970105,3,MADISON SFRO,712 DOUGLAS TRAIL,MADISON,WI,2138,1997,1996,2,2,accept,same_property_changed_or_component_totals,retain_provisional_group,DEV_WIA19930110,WIA19930110
DEV_WIA19930110,WIA19930110,WIA19980115,4,MADISON SFRO,712 DOUGLAS TRAIL,MADISON,WI,2155,1998,1996,1,1,accept,same_property_changed_or_component_totals,retain_provisional_group,DEV_WIA19930110,WIA19930110
DEV_WIA19930110,WIA19930110,WIA20020110,5,MADISON SFRO,712 DOUGLAS TRAIL,MADISON,WI,2494,2002,2002,4,4,accept,same_property_changed_or_component_totals,retain_provisional_group,DEV_WIA19930110,WIA19930110
DEV_WIA20060045,WIA20060045,WIA20060045,1,HOMETOWN HARBOR-RACINE,1600 OHIO ST,RACINE,WI,5042,2006,2005,72,57,accept,same_property_changed_or_component_totals,retain_provisional_group,DEV_WIA20060045,WIA20060045
DEV_WIA20060045,WIA20060045,WIA20069107,2,HOMETOWN HARBOR - RACINE,1600 OHIO ST,RACINE,WI,3128,2006,2005,14,14,accept,same_property_changed_or_component_totals,retain_provisional_group,DEV_WIA20060045,WIA20060045
DEV_WIA20152013,WIA20152013,WIA20152013,1,MILWAUKEE PROSPERITY,2750 N 17TH ST,MILWAUKEE,WI,5968,2015,2014,22,8,accept,same_property_changed_or_component_totals,retain_provisional_group,DEV_WIA20152013,WIA20152013
DEV_WIA20152013,WIA20152013,WIA20152014,2,MILWAUKEE PROSPERITY,2836 N 2ND ST,MILWAUKEE,WI,6065,2015,2014,13,9,accept,same_property_changed_or_component_totals,retain_provisional_group,DEV_WIA20152013,WIA20152013
