review_index,development_id,review_category,development_name,development_city,development_state,n_project_episodes,first_pis_year,last_pis_year,development_linkage_basis,episode_unit_totals,episode_low_income_unit_totals,state_ids,primary_addresses,pass1_decision,pass1_reason_code,pass1_notes,pass1_reviewed_on,pass2_decision,pass2_reason_code,pass2_search_engine,pass2_search_url,pass2_source_1_title,pass2_source_1_type,pass2_source_1_url,pass2_source_2_title,pass2_source_2_type,pass2_source_2_url,pass2_notes,pass2_reviewed_on,final_decision,final_reason_code,final_notes,final_reviewed_on
1,DEV_MOA19960035,candidate_one_unit_fragments,5930 CYPRESS PL,KANSAS CITY,MO,2,1996,1996,normalized_name_standardized_primary_address,1,1,900206|94-027,5930 CYPRESS PL,accept,duplicate_hud_records,"Internal HUD read: MOA19960035 (PIS 1996, state ID 94-027, units 1); MOA19960036 (PIS 1996, state ID 900206, units 1). Link evidence: normalized_name_standardized_primary_address. Distinct published primary-address strings: 1.",2026-08-09,accept,external_property_identity_consistent,Google,https://www.google.com/search?q=%225930%20CYPRESS%20PL%22%20%22KANSAS%20CITY%22%20%225930%20CYPRESS%20PL%22%20affordable%20housing,"5930 Cypress Pl | Affordable Housing in Kansas City, MO Affordable Housing Hub https://affordablehousinghub.org › ... › Kansas City",housing_directory_or_other_web_source,https://affordablehousinghub.org/housing/missouri/jackson-county/kansas-city/5930-cypress-pl-16449-lihtc,"5930 Cypress Pl, Kansas City, MO 64130 Realtor.com https://www.realtor.com › ... › Kansas City › Cypress Pl",property_listing_or_public_records,https://www.realtor.com/realestateandhomes-detail/5930-Cypress-Pl_Kansas-City_MO_64130_M72599-77920,Outside read via Google: a property-specific source identifies the matched name and location. This outside evidence is used for linkage only; it does not adjudicate the conflicting or repeated unit totals.,2026-08-09,accept,duplicate_hud_records,Accept the provisional linkage as one physical development. Preserve the component HUD records as project episodes. Unit aggregation is a separate unresolved decision.,2026-08-09
2,DEV_MSA19880050,candidate_one_unit_fragments,WILSON COURT,JACKSON,MS,2,1988,1988,normalized_name_standardized_primary_address,1,1,88-094,1014 CLEARY ST|1014 CLEARY STREET,accept,same_named_scattered_site_development,"Internal HUD read: MSA19880050 (PIS 1988, state ID NA, units 1); MSA19880161 (PIS 1988, state ID 88-094, units 1). Link evidence: normalized_name_standardized_primary_address. Distinct published primary-address strings: 2.",2026-08-09,accept,external_property_identity_consistent,Google,https://www.google.com/search?q=%22WILSON%20COURT%22%20%22JACKSON%22%20%221014%20CLEARY%20ST%22%20affordable%20housing,WILSON COURT - Apartments for Rent apartmentsforrentnet.com https://www.apartmentsforrentnet.com › property › WIL...,housing_directory_or_other_web_source,https://www.apartmentsforrentnet.com/property/LIHTC_MSA19880050/WILSON-COURT,,,,Outside read via Google: a property-specific source identifies the matched name and location. This outside evidence is used for linkage only; it does not adjudicate the conflicting or repeated unit totals.,2026-08-09,accept,same_named_scattered_site_development,Accept the provisional linkage as one physical development. Preserve the component HUD records as project episodes. Unit aggregation is a separate unresolved decision.,2026-08-09
3,DEV_NCA19940030,candidate_one_unit_fragments,1006 PARKTHROUGH ST,CARY,NC,2,1994,1994,normalized_name_identical_multisite_set+normalized_name_standardized_primary_address,1,1,880|9001933,1006 PARKTHROUGH ST,accept,duplicate_hud_records,"Internal HUD read: NCA19940030 (PIS 1994, state ID 880, units 1); NCA19949004 (PIS 1994, state ID 9001933, units 1). Link evidence: normalized_name_identical_multisite_set+normalized_name_standardized_primary_address. Distinct published primary-address strings: 1.",2026-08-09,accept,external_property_identity_consistent,Google,https://www.google.com/search?q=%221006%20PARKTHROUGH%20ST%22%20%22CARY%22%20%221006%20PARKTHROUGH%20ST%22%20affordable%20housing,"1006 Parkthrough St | Affordable Housing in Cary, NC Affordable Housing Hub https://affordablehousinghub.org › ... › Cary",housing_directory_or_other_web_source,https://affordablehousinghub.org/housing/north-carolina/wake-county/cary/1006-parkthrough-st-20294-lihtc,"1006 Parkthrough St - Affordable Housing in Cary, NC Affordable Housing Heroes https://affordablehousingheroes.com › north-carolina › 1...",housing_directory_or_other_web_source,https://affordablehousingheroes.com/listings/north-carolina/cary/1006-parkthrough-st/v80kv6p7am55r4t1al56hggx,Outside read via Google: a property-specific source identifies the matched name and location. This outside evidence is used for linkage only; it does not adjudicate the conflicting or repeated unit totals.,2026-08-09,accept,duplicate_hud_records,Accept the provisional linkage as one physical development. Preserve the component HUD records as project episodes. Unit aggregation is a separate unresolved decision.,2026-08-09
4,DEV_NCA19950130,candidate_one_unit_fragments,2926 FAVERSHAM PL,RALEIGH,NC,2,1995,1995,normalized_name_identical_multisite_set+normalized_name_standardized_primary_address,1,1,1053|9002045,2926 FAVERSHAM PL,accept,duplicate_hud_records,"Internal HUD read: NCA19950130 (PIS 1995, state ID 1053, units 1); NCA19959025 (PIS 1995, state ID 9002045, units 1). Link evidence: normalized_name_identical_multisite_set+normalized_name_standardized_primary_address. Distinct published primary-address strings: 1.",2026-08-09,accept,external_property_identity_consistent,Google,https://www.google.com/search?q=%222926%20FAVERSHAM%20PL%22%20%22RALEIGH%22%20%222926%20FAVERSHAM%20PL%22%20affordable%20housing,"2926 Faversham Pl | Affordable Housing in Raleigh, NC Affordable Housing Hub https://affordablehousinghub.org › ... › Raleigh",housing_directory_or_other_web_source,https://affordablehousinghub.org/housing/north-carolina/wake-county/raleigh/2926-faversham-pl-19799-lihtc,"2926 Faversham Pl, Raleigh, NC 27604 Realtor.com https://www.realtor.com › ... › Raleigh › Faversham Pl",property_listing_or_public_records,https://www.realtor.com/realestateandhomes-detail/2926-Faversham-Pl_Raleigh_NC_27604_M56912-64774,Outside read via Google: a property-specific source identifies the matched name and location. This outside evidence is used for linkage only; it does not adjudicate the conflicting or repeated unit totals.,2026-08-09,accept,duplicate_hud_records,Accept the provisional linkage as one physical development. Preserve the component HUD records as project episodes. Unit aggregation is a separate unresolved decision.,2026-08-09
5,DEV_NCA19910035,candidate_one_unit_fragments,AUNT MARY AVE,GREENSBORO,NC,3,1991,1993,normalized_name_identical_multisite_set+normalized_name_standardized_primary_address,1,1,670|671|9001752,204 AUNT MARY AVE|208 AUNT MARY AVE,accept,same_named_scattered_site_development,"Internal HUD read: NCA19910035 (PIS 1991, state ID 670, units 1); NCA19930085 (PIS 1993, state ID 671, units 1); NCA19939010 (PIS 1993, state ID 9001752, units 1). Link evidence: normalized_name_identical_multisite_set+normalized_name_standardized_primary_address. Distinct published primary-address strings: 2.",2026-08-09,accept,external_property_identity_consistent,Google,https://www.google.com/search?q=%22AUNT%20MARY%20AVE%22%20%22GREENSBORO%22%20%22204%20AUNT%20MARY%20AVE%22%20affordable%20housing,"Aunt Mary Ave | Affordable Housing in Greensboro, NC Affordable Housing Hub https://affordablehousinghub.org › ... › Greensboro",housing_directory_or_other_web_source,https://affordablehousinghub.org/housing/north-carolina/guilford/greensboro/aunt-mary-ave-18701-lihtc,"204 Aunt Mary Ave, Greensboro, NC 27405 Realtor.com https://www.realtor.com › ... › Aunt Mary Ave",property_listing_or_public_records,https://www.realtor.com/realestateandhomes-detail/204-Aunt-Mary-Ave_Greensboro_NC_27405_M59056-44553,Outside read via Google: a property-specific source identifies the matched name and location. This outside evidence is used for linkage only; it does not adjudicate the conflicting or repeated unit totals.,2026-08-09,accept,same_named_scattered_site_development,Accept the provisional linkage as one physical development. Preserve the component HUD records as project episodes. Unit aggregation is a separate unresolved decision.,2026-08-09
6,DEV_NCA19900085,candidate_one_unit_fragments,AUTUMN ACRES: LOT 5,WILSON,NC,2,1990,1990,normalized_name_identical_multisite_set+normalized_name_standardized_primary_address,1,1,534|9002158,4515 WEBB LAKE RD|4515 WEBB LAKE ROAD,accept,same_named_scattered_site_development,"Internal HUD read: NCA19900085 (PIS 1990, state ID 534, units 1); NCA19909002 (PIS 1990, state ID 9002158, units 1). Link evidence: normalized_name_identical_multisite_set+normalized_name_standardized_primary_address. Distinct published primary-address strings: 2.",2026-08-09,accept,external_property_identity_consistent,Google,https://www.google.com/search?q=%22AUTUMN%20ACRES%3A%20LOT%205%22%20%22WILSON%22%20%224515%20WEBB%20LAKE%20RD%22%20affordable%20housing,"Autumn Acres: Lot 5 | Affordable Housing in Wilson, NC Affordable Housing Hub https://affordablehousinghub.org › ... › Wilson",housing_directory_or_other_web_source,https://affordablehousinghub.org/housing/north-carolina/wilson-county/wilson/autumn-acres-lot-5-18942-lihtc,"Autumn Acres: Lot 5 - Affordable Housing in Wilson, NC | Section 8 ... section8search.org https://section8search.org › North Carolina › WILSON",housing_directory_or_other_web_source,https://section8search.org/north-carolina/wilson/autumn-acres-lot-5/w36xlmd6lzm9oorc8k7ku3h2,Outside read via Google: a property-specific source identifies the matched name and location. This outside evidence is used for linkage only; it does not adjudicate the conflicting or repeated unit totals.,2026-08-09,accept,same_named_scattered_site_development,Accept the provisional linkage as one physical development. Preserve the component HUD records as project episodes. Unit aggregation is a separate unresolved decision.,2026-08-09
7,DEV_NCA19900090,candidate_one_unit_fragments,AUTUMN ACRES: LOT 6,WILSON,NC,2,1990,1990,normalized_name_identical_multisite_set+normalized_name_standardized_primary_address,1,1,535|9000743,4601 WEBB LAKE RD|4601 WEBB LAKE ROAD,accept,same_named_scattered_site_development,"Internal HUD read: NCA19900090 (PIS 1990, state ID 535, units 1); NCA19909003 (PIS 1990, state ID 9000743, units 1). Link evidence: normalized_name_identical_multisite_set+normalized_name_standardized_primary_address. Distinct published primary-address strings: 2.",2026-08-09,accept,external_property_identity_consistent,Google,https://www.google.com/search?q=%22AUTUMN%20ACRES%3A%20LOT%206%22%20%22WILSON%22%20%224601%20WEBB%20LAKE%20RD%22%20affordable%20housing,"Autumn Acres: Lot 6 | Affordable Housing in Wilson, NC Affordable Housing Hub https://affordablehousinghub.org › ... › Wilson",housing_directory_or_other_web_source,https://affordablehousinghub.org/housing/north-carolina/wilson/wilson/autumn-acres-lot-6-18943-lihtc,"Autumn Acres: Lot 6 - Affordable Housing in Wilson, NC | Section 8 ... section8search.org https://section8search.org › North Carolina › WILSON",housing_directory_or_other_web_source,https://section8search.org/north-carolina/wilson/autumn-acres-lot-6/x155598f8h05t2vzwiz87soa,Outside read via Google: a property-specific source identifies the matched name and location. This outside evidence is used for linkage only; it does not adjudicate the conflicting or repeated unit totals.,2026-08-09,accept,same_named_scattered_site_development,Accept the provisional linkage as one physical development. Preserve the component HUD records as project episodes. Unit aggregation is a separate unresolved decision.,2026-08-09
8,DEV_NCA19900095,candidate_one_unit_fragments,AUTUMN ACRES: LOT 7,WILSON,NC,2,1990,1990,normalized_name_identical_multisite_set+normalized_name_standardized_primary_address,1,1,536|9000742,4607 WEBB LAKE RD|4607 WEBB LAKE ROAD,accept,same_named_scattered_site_development,"Internal HUD read: NCA19900095 (PIS 1990, state ID 536, units 1); NCA19909004 (PIS 1990, state ID 9000742, units 1). Link evidence: normalized_name_identical_multisite_set+normalized_name_standardized_primary_address. Distinct published primary-address strings: 2.",2026-08-09,accept,external_property_identity_consistent,Google,https://www.google.com/search?q=%22AUTUMN%20ACRES%3A%20LOT%207%22%20%22WILSON%22%20%224607%20WEBB%20LAKE%20RD%22%20affordable%20housing,"Autumn Acres Lot 7 | Affordable Housing in Wilson, NC Affordable Housing Hub https://affordablehousinghub.org › ... › Wilson",housing_directory_or_other_web_source,https://affordablehousinghub.org/housing/north-carolina/wilson/wilson/autumn-acres-lot-7-19589-lihtc,Autumn Acres Lot 7 - UsLowCostHousing - Find Section 8 Housing ... UsLowCostHousing https://s8.uslowcosthousing.com › ... › Wilson,housing_directory_or_other_web_source,https://s8.uslowcosthousing.com/state/nc/wilson/autumn-acres-lot-7-34255/,Outside read via Google: a property-specific source identifies the matched name and location. This outside evidence is used for linkage only; it does not adjudicate the conflicting or repeated unit totals.,2026-08-09,accept,same_named_scattered_site_development,Accept the provisional linkage as one physical development. Preserve the component HUD records as project episodes. Unit aggregation is a separate unresolved decision.,2026-08-09
9,DEV_NCA19900100,candidate_one_unit_fragments,AUTUMN ACRES: LOT 8,WILSON,NC,2,1990,1990,normalized_name_identical_multisite_set+normalized_name_standardized_primary_address,1,1,537|9000728,4611 WEBB LAKE RD|4611 WEBB LAKE ROAD,accept,same_named_scattered_site_development,"Internal HUD read: NCA19900100 (PIS 1990, state ID 537, units 1); NCA19909005 (PIS 1990, state ID 9000728, units 1). Link evidence: normalized_name_identical_multisite_set+normalized_name_standardized_primary_address. Distinct published primary-address strings: 2.",2026-08-09,accept,external_property_identity_consistent,Google,https://www.google.com/search?q=%22AUTUMN%20ACRES%3A%20LOT%208%22%20%22WILSON%22%20%224611%20WEBB%20LAKE%20RD%22%20affordable%20housing,Autumn Acres: Lot 8 - UsLowCostHousing UsLowCostHousing https://s8.uslowcosthousing.com › ... › Wilson,housing_directory_or_other_web_source,https://s8.uslowcosthousing.com/state/nc/wilson/autumn-acres-lot-8-34258/,"Autumn Acres: Lot 8 | Affordable Housing in Wilson, NC Affordable Housing Hub https://affordablehousinghub.org › ... › Wilson",housing_directory_or_other_web_source,https://affordablehousinghub.org/housing/north-carolina/wilson-county/wilson/autumn-acres-lot-8-18945-lihtc,Outside read via Google: a property-specific source identifies the matched name and location. This outside evidence is used for linkage only; it does not adjudicate the conflicting or repeated unit totals.,2026-08-09,accept,same_named_scattered_site_development,Accept the provisional linkage as one physical development. Preserve the component HUD records as project episodes. Unit aggregation is a separate unresolved decision.,2026-08-09
10,DEV_NCA19920085,candidate_one_unit_fragments,BERKSHIRE DOWNS,RALEIGH,NC,19,1992,1993,normalized_name_identical_multisite_set+normalized_name_standardized_primary_address,1,1,774|775|776|777|778|779|781|782|783|9001931|9001991|9001999|9002000|9002001|9002002|9002003|9002004|9002005|9002067,8100 FARMLEA CIRCLE|8108 FARMLEA CIR|8110 FARMLEA CIR|8112 FARMLEA CIR|8112 FARMLEA CIRCLE|8114 FARMLEA CIR|8115 FARMLEA CIR|8117 FARMLEA CIR|8119 FARMLEA CIR|8121 FARMLEA CIR|8123 FARMLEA CIR|8125 FARMLEA CIR,accept,same_named_scattered_site_development,"Internal HUD read: NCA19920085 (PIS 1992, state ID 776, units 1); NCA19929012 (PIS 1992, state ID 9002005, units 1); NCA19929013 (PIS 1992, state ID 9002001, units 1); NCA19930095 (PIS 1993, state ID 774, units 1); NCA19930100 (PIS 1993, state ID 775, units 1); NCA19930105 (PIS 1993, state ID 777, units 1); NCA19930110 (PIS 1993, state ID 778, units 1); NCA19930115 (PIS 1993, state ID 779, units 1); NCA19930120 (PIS 1993, state ID 9002003, units 1); NCA19930125 (PIS 1993, state ID 781, units 1); NCA19930130 (PIS 1993, state ID 782, units 1); NCA19930135 (PIS 1993, state ID 783, units 1); NCA19939012 (PIS 1993, state ID 9002067, units 1); NCA19939014 (PIS 1993, state ID 9002002, units 1); NCA19939015 (PIS 1993, state ID 9002000, units 1); NCA19939016 (PIS 1993, state ID 9001999, units 1); NCA19939017 (PIS 1993, state ID 9001991, units 1); NCA19939018 (PIS 1993, state ID 9001931, units 1); NCA19939019 (PIS 1993, state ID 9002004, units 1). Link evidence: normalized_name_identical_multisite_set+normalized_name_standardized_primary_address. Distinct published primary-address strings: 12.",2026-08-09,accept,external_property_identity_consistent,Google,https://www.google.com/search?q=%22BERKSHIRE%20DOWNS%22%20%22RALEIGH%22%20%228100%20FARMLEA%20CIRCLE%22%20affordable%20housing,"Berkshire Downs - Affordable Housing in Raleigh, NC | Section 8 ... section8search.org https://section8search.org › North Carolina › RALEIGH",housing_directory_or_other_web_source,https://section8search.org/north-carolina/raleigh/berkshire-downs/ozm3bklwhm8lpjjby21o56lr,Berkshire Downs - UsLowCostHousing - Find Section 8 Housing ... UsLowCostHousing https://s8.uslowcosthousing.com › ... › Raleigh,housing_directory_or_other_web_source,https://s8.uslowcosthousing.com/state/nc/raleigh/berkshire-downs-33450/,Outside read via Google: a property-specific source identifies the matched name and location. This outside evidence is used for linkage only; it does not adjudicate the conflicting or repeated unit totals.,2026-08-09,accept,same_named_scattered_site_development,Accept the provisional linkage as one physical development. Preserve the component HUD records as project episodes. Unit aggregation is a separate unresolved decision.,2026-08-09
11,DEV_NCA19920090,candidate_one_unit_fragments,BERKSHIRE DOWNS WEST,RALEIGH,NC,2,1992,1992,normalized_name_identical_multisite_set+normalized_name_standardized_primary_address,1,1,616|9002006,8102 FARMLEA CIR|8102 FARMLEA CIRCLE,accept,same_named_scattered_site_development,"Internal HUD read: NCA19920090 (PIS 1992, state ID 616, units 1); NCA19929014 (PIS 1992, state ID 9002006, units 1). Link evidence: normalized_name_identical_multisite_set+normalized_name_standardized_primary_address. Distinct published primary-address strings: 2.",2026-08-09,accept,external_property_identity_consistent,Google,https://www.google.com/search?q=%22BERKSHIRE%20DOWNS%20WEST%22%20%22RALEIGH%22%20%228102%20FARMLEA%20CIR%22%20affordable%20housing,"Berkshire Downs West | Affordable Housing in Raleigh, NC Affordable Housing Hub https://affordablehousinghub.org › ... › Raleigh",housing_directory_or_other_web_source,https://affordablehousinghub.org/housing/north-carolina/wake/raleigh/berkshire-downs-west-18939-lihtc,"Berkshire Downs West - Affordable Housing in Raleigh, NC | Section ... section8search.org https://section8search.org › North Carolina › RALEIGH",housing_directory_or_other_web_source,https://section8search.org/north-carolina/raleigh/berkshire-downs-west/eufmafxo1380cmibww914i1j,Outside read via Google: a property-specific source identifies the matched name and location. This outside evidence is used for linkage only; it does not adjudicate the conflicting or repeated unit totals.,2026-08-09,accept,same_named_scattered_site_development,Accept the provisional linkage as one physical development. Preserve the component HUD records as project episodes. Unit aggregation is a separate unresolved decision.,2026-08-09
12,DEV_NCA19920095,candidate_one_unit_fragments,BERKSHIRE DOWNS WEST SUBDIVISION,RALEIGH,NC,2,1992,1992,normalized_name_identical_multisite_set+normalized_name_standardized_primary_address,1,1,617|9002074,8104 FARMLEA CIR|8104 FARMLEA CIRCLE,accept,same_named_scattered_site_development,"Internal HUD read: NCA19920095 (PIS 1992, state ID 617, units 1); NCA19929015 (PIS 1992, state ID 9002074, units 1). Link evidence: normalized_name_identical_multisite_set+normalized_name_standardized_primary_address. Distinct published primary-address strings: 2.",2026-08-09,accept,external_property_identity_consistent,Google,https://www.google.com/search?q=%22BERKSHIRE%20DOWNS%20WEST%20SUBDIVISION%22%20%22RALEIGH%22%20%228104%20FARMLEA%20CIR%22%20affordable%20housing,Berkshire Downs West Subdivision | Affordable Housing in ... Affordable Housing Hub https://affordablehousinghub.org › ... › Raleigh,housing_directory_or_other_web_source,https://affordablehousinghub.org/housing/north-carolina/wake-county/raleigh/berkshire-downs-west-subdivision-18940-lihtc,Berkshire Downs West Subdivision - Raleigh Affordable Housing Hub https://affordablehousinghub.org › ... › Raleigh,housing_directory_or_other_web_source,https://affordablehousinghub.org/housing/north-carolina/wake/raleigh/berkshire-downs-west-subdivision-20463-lihtc,Outside read via Google: a property-specific source identifies the matched name and location. This outside evidence is used for linkage only; it does not adjudicate the conflicting or repeated unit totals.,2026-08-09,accept,same_named_scattered_site_development,Accept the provisional linkage as one physical development. Preserve the component HUD records as project episodes. Unit aggregation is a separate unresolved decision.,2026-08-09
13,DEV_NCA19930140,candidate_one_unit_fragments,BERN STREET HOUSING,NEW BERN,NC,2,1993,1993,normalized_name_identical_multisite_set+normalized_name_standardized_primary_address,1,1,9001607|941,706 BERN ST|706 BERN STREET,accept,same_named_scattered_site_development,"Internal HUD read: NCA19930140 (PIS 1993, state ID 941, units 1); NCA19939020 (PIS 1993, state ID 9001607, units 1). Link evidence: normalized_name_identical_multisite_set+normalized_name_standardized_primary_address. Distinct published primary-address strings: 2.",2026-08-09,accept,external_property_identity_consistent,Google,https://www.google.com/search?q=%22BERN%20STREET%20HOUSING%22%20%22NEW%20BERN%22%20%22706%20BERN%20ST%22%20affordable%20housing,"Bern Street Housing | Affordable Housing in New Bern, NC Affordable Housing Hub https://affordablehousinghub.org › ... › New Bern",housing_directory_or_other_web_source,https://affordablehousinghub.org/housing/north-carolina/craven-county/new-bern/bern-street-housing-20275-lihtc,"Bern Street Housing - Affordable Housing in New Bern, NC | Section ... section8search.org https://section8search.org › North Carolina › NEW BERN",housing_directory_or_other_web_source,https://section8search.org/north-carolina/new-bern/bern-street-housing/o103lsybcefsvk1em6cpimhp,Outside read via Google: a property-specific source identifies the matched name and location. This outside evidence is used for linkage only; it does not adjudicate the conflicting or repeated unit totals.,2026-08-09,accept,same_named_scattered_site_development,Accept the provisional linkage as one physical development. Preserve the component HUD records as project episodes. Unit aggregation is a separate unresolved decision.,2026-08-09
14,DEV_NCA19910050,candidate_one_unit_fragments,BOOKER ST APTS,GREENSBORO,NC,2,1991,1991,normalized_name_identical_multisite_set,1,1,726|9000843,607 BOOKER ST|607 S BOOKER ST,accept,same_named_scattered_site_development,"Internal HUD read: NCA19910050 (PIS 1991, state ID 726, units 1); NCA19919008 (PIS 1991, state ID 9000843, units 1). Link evidence: normalized_name_identical_multisite_set. Distinct published primary-address strings: 2.",2026-08-09,accept,external_property_identity_consistent,Google,https://www.google.com/search?q=%22BOOKER%20ST%20APTS%22%20%22GREENSBORO%22%20%22607%20BOOKER%20ST%22%20affordable%20housing,"Booker St Apts - Affordable Housing in Greensboro, NC Affordable Housing Heroes https://affordablehousingheroes.com › north-carolina › b...",housing_directory_or_other_web_source,https://affordablehousingheroes.com/listings/north-carolina/greensboro/booker-st-apts/joyopqb81jmtuwk3f5hx9y68,Booker St Apts - UsLowCostHousing - Find Section 8 Housing Near ... UsLowCostHousing https://s8.uslowcosthousing.com › ... › Greensboro,housing_directory_or_other_web_source,https://s8.uslowcosthousing.com/state/nc/greensboro/booker-st-apts-32389/,Outside read via Google: a property-specific source identifies the matched name and location. This outside evidence is used for linkage only; it does not adjudicate the conflicting or repeated unit totals.,2026-08-09,accept,same_named_scattered_site_development,Accept the provisional linkage as one physical development. Preserve the component HUD records as project episodes. Unit aggregation is a separate unresolved decision.,2026-08-09
15,DEV_NCA19900175,candidate_one_unit_fragments,CHILDRESS PROPERTY,GREENSBORO,NC,2,1990,1990,normalized_name_identical_multisite_set+normalized_name_standardized_primary_address,1,1,573|9001633,3901 HONAN DR|3901 HONAN DRIVE,accept,same_named_scattered_site_development,"Internal HUD read: NCA19900175 (PIS 1990, state ID 573, units 1); NCA19909010 (PIS 1990, state ID 9001633, units 1). Link evidence: normalized_name_identical_multisite_set+normalized_name_standardized_primary_address. Distinct published primary-address strings: 2.",2026-08-09,accept,external_property_identity_consistent,Google,https://www.google.com/search?q=%22CHILDRESS%20PROPERTY%22%20%22GREENSBORO%22%20%223901%20HONAN%20DR%22%20affordable%20housing,"Childress Property | Affordable Housing in Greensboro, NC Affordable Housing Hub https://affordablehousinghub.org › ... › Greensboro",housing_directory_or_other_web_source,https://affordablehousinghub.org/housing/north-carolina/guilford-county/greensboro/childress-property-19001-lihtc,Childress Property - UsLowCostHousing - Find Section 8 Housing ... UsLowCostHousing https://s8.uslowcosthousing.com › ... › Greensboro,housing_directory_or_other_web_source,https://s8.uslowcosthousing.com/state/nc/greensboro/childress-property-32396/,Outside read via Google: a property-specific source identifies the matched name and location. This outside evidence is used for linkage only; it does not adjudicate the conflicting or repeated unit totals.,2026-08-09,accept,same_named_scattered_site_development,Accept the provisional linkage as one physical development. Preserve the component HUD records as project episodes. Unit aggregation is a separate unresolved decision.,2026-08-09
16,DEV_NCA19920135,candidate_one_unit_fragments,COURTNEY LANE,RALEIGH,NC,2,1992,1992,normalized_name_identical_multisite_set,1,1,9002028|9002068,4707 COURTNEY LANE|4717 COURTNEY LANE,accept,same_named_scattered_site_development,"Internal HUD read: NCA19920135 (PIS 1992, state ID 9002028, units 1); NCA19929022 (PIS 1992, state ID 9002068, units 1). Link evidence: normalized_name_identical_multisite_set. Distinct published primary-address strings: 2.",2026-08-09,accept,external_property_identity_consistent,Google,https://www.google.com/search?q=%22COURTNEY%20LANE%22%20%22RALEIGH%22%20%224707%20COURTNEY%20LANE%22%20affordable%20housing,Courtney Lane - UsLowCostHousing - Find Section 8 Housing Near ... UsLowCostHousing https://s8.uslowcosthousing.com › ... › Raleigh,housing_directory_or_other_web_source,https://s8.uslowcosthousing.com/state/nc/raleigh/courtney-lane-33513/,Courtney Lane Townhomes - UsLowCostHousing UsLowCostHousing https://s8.uslowcosthousing.com › ... › Raleigh,housing_directory_or_other_web_source,https://s8.uslowcosthousing.com/state/nc/raleigh/courtney-lane-townhomes-33509/,Outside read via Google: a property-specific source identifies the matched name and location. This outside evidence is used for linkage only; it does not adjudicate the conflicting or repeated unit totals.,2026-08-09,accept,same_named_scattered_site_development,Accept the provisional linkage as one physical development. Preserve the component HUD records as project episodes. Unit aggregation is a separate unresolved decision.,2026-08-09
17,DEV_NCA19920130,candidate_one_unit_fragments,COURTNEY LANE TOWNHOMES,RALEIGH,NC,11,1992,1992,normalized_name_identical_multisite_set+normalized_name_standardized_primary_address,1,1,713|714|718|720|721|722|9001925|9001953|9001954|9002027|9002029,4701 COURTNEY LANE|4701 COURTNEY LN|4703 COURTNEY LANE|4703 COURTNEY LN|4705 COURTNEY LANE|4705 COURTNEY LN|4707 COURTNEY LN|4715 COURTNEY LANE|4715 COURTNEY LN|4719 COURTNEY LANE|4719 COURTNEY LN,accept,same_named_scattered_site_development,"Internal HUD read: NCA19920130 (PIS 1992, state ID 722, units 1); NCA19920140 (PIS 1992, state ID 713, units 1); NCA19920145 (PIS 1992, state ID 714, units 1); NCA19920150 (PIS 1992, state ID 721, units 1); NCA19920155 (PIS 1992, state ID 718, units 1); NCA19920160 (PIS 1992, state ID 720, units 1); NCA19929023 (PIS 1992, state ID 9002029, units 1); NCA19929024 (PIS 1992, state ID 9001925, units 1); NCA19929025 (PIS 1992, state ID 9002027, units 1); NCA19929026 (PIS 1992, state ID 9001953, units 1); NCA19929027 (PIS 1992, state ID 9001954, units 1). Link evidence: normalized_name_identical_multisite_set+normalized_name_standardized_primary_address. Distinct published primary-address strings: 11.",2026-08-09,accept,external_property_identity_consistent,Google,https://www.google.com/search?q=%22COURTNEY%20LANE%20TOWNHOMES%22%20%22RALEIGH%22%20%224701%20COURTNEY%20LANE%22%20affordable%20housing,"Courtney Lane Townhomes - Affordable Housing in Raleigh, NC ... section8search.org https://section8search.org › North Carolina › RALEIGH",housing_directory_or_other_web_source,https://section8search.org/north-carolina/raleigh/courtney-lane-townhomes/iewn8dwnqwdawasp0ny2szzy,Courtney Lane Townhomes - UsLowCostHousing UsLowCostHousing https://s8.uslowcosthousing.com › ... › Raleigh,housing_directory_or_other_web_source,https://s8.uslowcosthousing.com/state/nc/raleigh/courtney-lane-townhomes-33511/,Outside read via Google: a property-specific source identifies the matched name and location. This outside evidence is used for linkage only; it does not adjudicate the conflicting or repeated unit totals.,2026-08-09,accept,same_named_scattered_site_development,Accept the provisional linkage as one physical development. Preserve the component HUD records as project episodes. Unit aggregation is a separate unresolved decision.,2026-08-09
18,DEV_NCA19910080,candidate_one_unit_fragments,EASTERN OAKS,GREENSBORO,NC,4,1991,1992,normalized_name_identical_multisite_set+normalized_name_standardized_primary_address,1,1,674|678|9001544|9001590,302 AUNT MARY AVE|8 QUAD OAK DR,accept,same_named_scattered_site_development,"Internal HUD read: NCA19910080 (PIS 1991, state ID 674, units 1); NCA19919014 (PIS 1991, state ID 9001590, units 1); NCA19920170 (PIS 1992, state ID 678, units 1); NCA19929029 (PIS 1992, state ID 9001544, units 1). Link evidence: normalized_name_identical_multisite_set+normalized_name_standardized_primary_address. Distinct published primary-address strings: 2.",2026-08-09,accept,external_property_identity_consistent,Google,https://www.google.com/search?q=%22EASTERN%20OAKS%22%20%22GREENSBORO%22%20%22302%20AUNT%20MARY%20AVE%22%20affordable%20housing,"Eastern Oaks - Affordable Housing in Greensboro, NC | Section 8 ... section8search.org https://section8search.org › ... › GREENSBORO",housing_directory_or_other_web_source,https://section8search.org/north-carolina/greensboro/eastern-oaks/c53q6qvaebku1jyb4gn2dwaz,"Eastern Oaks | Affordable Housing in Greensboro, NC Affordable Housing Hub https://affordablehousinghub.org › ... › Greensboro",housing_directory_or_other_web_source,https://affordablehousinghub.org/housing/north-carolina/guilford/greensboro/eastern-oaks-18730-lihtc,Outside read via Google: a property-specific source identifies the matched name and location. This outside evidence is used for linkage only; it does not adjudicate the conflicting or repeated unit totals.,2026-08-09,accept,same_named_scattered_site_development,Accept the provisional linkage as one physical development. Preserve the component HUD records as project episodes. Unit aggregation is a separate unresolved decision.,2026-08-09
19,DEV_NCA19900205,candidate_one_unit_fragments,ENGLISH ST APTS,GREENSBORO,NC,2,1990,1990,normalized_name_identical_multisite_set,1,1,574|9000851,1014 ENGLISH ST|1014 S ENGLISH ST,accept,same_named_scattered_site_development,"Internal HUD read: NCA19900205 (PIS 1990, state ID 574, units 1); NCA19909011 (PIS 1990, state ID 9000851, units 1). Link evidence: normalized_name_identical_multisite_set. Distinct published primary-address strings: 2.",2026-08-09,accept,external_property_identity_consistent,Google,https://www.google.com/search?q=%22ENGLISH%20ST%20APTS%22%20%22GREENSBORO%22%20%221014%20ENGLISH%20ST%22%20affordable%20housing,"English St Apts - Affordable Housing in Greensboro, NC Affordable Housing Heroes https://affordablehousingheroes.com › north-carolina › e...",housing_directory_or_other_web_source,https://affordablehousingheroes.com/listings/north-carolina/greensboro/english-st-apts/djihoh1fsw79wu242a857r7i,English St Apts - UsLowCostHousing - Find Section 8 Housing Near ... UsLowCostHousing https://s8.uslowcosthousing.com › ... › Greensboro,housing_directory_or_other_web_source,https://s8.uslowcosthousing.com/state/nc/greensboro/english-st-apts-32413/,Outside read via Google: a property-specific source identifies the matched name and location. This outside evidence is used for linkage only; it does not adjudicate the conflicting or repeated unit totals.,2026-08-09,accept,same_named_scattered_site_development,Accept the provisional linkage as one physical development. Preserve the component HUD records as project episodes. Unit aggregation is a separate unresolved decision.,2026-08-09
20,DEV_NCA19910110,candidate_one_unit_fragments,FOX HOLLOW,RALEIGH,NC,5,1991,1992,normalized_name_identical_multisite_set,1,1,9001941|9001969|9001970|9001971|9001996,1714 FOX HOLLOW DR|1721 FOX HOLLOW DR|1807 FOX HOLLOW DR|2801 FERRET CT|2803 FERRET CT,accept,same_named_scattered_site_development,"Internal HUD read: NCA19910110 (PIS 1991, state ID 9001996, units 1); NCA19919019 (PIS 1991, state ID 9001969, units 1); NCA19919020 (PIS 1991, state ID 9001970, units 1); NCA19920190 (PIS 1992, state ID 9001971, units 1); NCA19929033 (PIS 1992, state ID 9001941, units 1). Link evidence: normalized_name_identical_multisite_set. Distinct published primary-address strings: 5.",2026-08-09,accept,external_property_identity_consistent,Google,https://www.google.com/search?q=%22FOX%20HOLLOW%22%20%22RALEIGH%22%20%221714%20FOX%20HOLLOW%20DR%22%20affordable%20housing,"Fox Hollow | Affordable Housing in Raleigh, NC Affordable Housing Hub https://affordablehousinghub.org › ... › Raleigh",housing_directory_or_other_web_source,https://affordablehousinghub.org/housing/north-carolina/wake-county/raleigh/fox-hollow-18878-lihtc,"Fox Hollow - Affordable Housing in Raleigh, NC | Section 8 Search section8search.org https://section8search.org › North Carolina › RALEIGH",housing_directory_or_other_web_source,https://section8search.org/north-carolina/raleigh/fox-hollow/y3qhji5c6v0kv0awjsl6hb92,Outside read via Google: a property-specific source identifies the matched name and location. This outside evidence is used for linkage only; it does not adjudicate the conflicting or repeated unit totals.,2026-08-09,accept,same_named_scattered_site_development,Accept the provisional linkage as one physical development. Preserve the component HUD records as project episodes. Unit aggregation is a separate unresolved decision.,2026-08-09
21,DEV_NCA19910125,candidate_one_unit_fragments,FOX HOLLOW APTS,RALEIGH,NC,10,1991,1991,normalized_name_identical_multisite_set,1,1,9001754|9001943|9001944|9001945|9001946|9001947|9001948|9002066|9002275|9002276,2707 BIG OAK ST|2708 BIG OAK ST|2709 BIG OAK ST|2710 BIG OAK ST|2711 BIG OAK ST|2712 BIG OAK ST|2713 BIG OAK ST|2714 BIG OAK ST|2715 BIG OAK ST|2717 BIG OAK ST,accept,same_named_scattered_site_development,"Internal HUD read: NCA19910125 (PIS 1991, state ID 9002276, units 1); NCA19910130 (PIS 1991, state ID 9002066, units 1); NCA19910135 (PIS 1991, state ID 9001943, units 1); NCA19910140 (PIS 1991, state ID 9001944, units 1); NCA19910145 (PIS 1991, state ID 9002275, units 1); NCA19910150 (PIS 1991, state ID 9001754, units 1); NCA19910155 (PIS 1991, state ID 9001945, units 1); NCA19910160 (PIS 1991, state ID 9001946, units 1); NCA19910165 (PIS 1991, state ID 9001947, units 1); NCA19910170 (PIS 1991, state ID 9001948, units 1). Link evidence: normalized_name_identical_multisite_set. Distinct published primary-address strings: 10.",2026-08-09,accept,external_property_identity_consistent,Google,https://www.google.com/search?q=%22FOX%20HOLLOW%20APTS%22%20%22RALEIGH%22%20%222707%20BIG%20OAK%20ST%22%20affordable%20housing,"Fox Hollow Apts - Affordable Housing in Raleigh, NC Affordable Housing Heroes https://affordablehousingheroes.com › north-carolina › f...",housing_directory_or_other_web_source,https://affordablehousingheroes.com/listings/north-carolina/raleigh/fox-hollow-apts/iw9qkff8lyw4bimr88e18uf0/,"Fox Hollow Apts - Affordable Housing in Raleigh, NC | Section 8 ... section8search.org https://section8search.org › North Carolina › RALEIGH",housing_directory_or_other_web_source,https://section8search.org/north-carolina/raleigh/fox-hollow-apts/iw9qkff8lyw4bimr88e18uf0,Outside read via Google: a property-specific source identifies the matched name and location. This outside evidence is used for linkage only; it does not adjudicate the conflicting or repeated unit totals.,2026-08-09,accept,same_named_scattered_site_development,Accept the provisional linkage as one physical development. Preserve the component HUD records as project episodes. Unit aggregation is a separate unresolved decision.,2026-08-09
22,DEV_NCA19910185,candidate_one_unit_fragments,FOX HOLLOW SUBDIVISION,RALEIGH,NC,29,1991,1992,normalized_name_identical_multisite_set+normalized_name_standardized_primary_address,1,1,598|611|629|630|658|659|662|9000884|9000885|9000886|9000887|9000888|9000899|9000900|9001959|9001960|9001961|9001962|9001963|9001964|9001965|9001966|9001967|9001968|9001973|9001974|9001975|9001976|9001992,1708 FOX HOLLOW DR|1710 FOX HOLLOW DR|1716 FOX HOLLOW DR|1718 FOX HOLLOW DR|1719 FOX HOLLOW DR|1720 FOX HOLLOW DR|1722 FOX HOLLOW DR|1723 FOX HOLLOW DR|1725 FOX HOLLOW DR|1801 FOX HOLLOW DR|1803 FOX HOLLOW DR|1805 FOX HOLLOW DR|2704 FOXTAIL COURT|2705 FOX TAIL CT|2705 FOXTAIL COURT|2706 FOXTAIL CT|2707 FOX TAIL CT|2709 FOX TAIL CT|2709 FOXTAIL CT|2711 FOX TAIL CT|2711 FOXTAIL CT|2727 BIG OAK ST|2727 BIG OAK STREET|2729 BIG OAK ST|2805 FERRET CT|2807 FERRET CT|2809 FERRET CT|2811 FERRET COURT|2811 FERRET CT,accept,same_named_scattered_site_development,"Internal HUD read: NCA19910185 (PIS 1991, state ID 9001966, units 1); NCA19910200 (PIS 1991, state ID 9001964, units 1); NCA19910205 (PIS 1991, state ID 9001992, units 1); NCA19910210 (PIS 1991, state ID 598, units 1); NCA19910215 (PIS 1991, state ID 611, units 1); NCA19919031 (PIS 1991, state ID 9000884, units 1); NCA19919032 (PIS 1991, state ID 9000886, units 1); NCA19919035 (PIS 1991, state ID 9001965, units 1); NCA19919037 (PIS 1991, state ID 9001963, units 1); NCA19919038 (PIS 1991, state ID 9001962, units 1); NCA19920220 (PIS 1992, state ID 9000899, units 1); NCA19920225 (PIS 1992, state ID 9000900, units 1); NCA19920230 (PIS 1992, state ID 9001975, units 1); NCA19920235 (PIS 1992, state ID 659, units 1); NCA19920240 (PIS 1992, state ID 9001976, units 1); NCA19920245 (PIS 1992, state ID 662, units 1); NCA19920250 (PIS 1992, state ID 629, units 1); NCA19920255 (PIS 1992, state ID 630, units 1); NCA19920275 (PIS 1992, state ID 658, units 1); NCA19929036 (PIS 1992, state ID 9000888, units 1); NCA19929039 (PIS 1992, state ID 9001959, units 1); NCA19929040 (PIS 1992, state ID 9001960, units 1); NCA19929041 (PIS 1992, state ID 9001961, units 1); NCA19929042 (PIS 1992, state ID 9001967, units 1); NCA19929043 (PIS 1992, state ID 9001968, units 1); NCA19929044 (PIS 1992, state ID 9001973, units 1); NCA19929045 (PIS 1992, state ID 9001974, units 1); NCA19929048 (PIS 1992, state ID 9000885, units 1); NCA19929049 (PIS 1992, state ID 9000887, units 1). Link evidence: normalized_name_identical_multisite_set+normalized_name_standardized_primary_address. Distinct published primary-address strings: 29.",2026-08-09,accept,external_property_identity_consistent,Google,https://www.google.com/search?q=%22FOX%20HOLLOW%20SUBDIVISION%22%20%22RALEIGH%22%20%221708%20FOX%20HOLLOW%20DR%22%20affordable%20housing,"Fox Hollow Subdivision - Affordable Housing in Raleigh, NC Affordable Housing Heroes https://affordablehousingheroes.com › north-carolina › f...",housing_directory_or_other_web_source,https://affordablehousingheroes.com/listings/north-carolina/raleigh/fox-hollow-subdivision/gtn3ea46hn13o142xanrzoqe/,"Fox Hollow Subdivision - Affordable Housing in Raleigh, NC ... section8search.org https://section8search.org › North Carolina › RALEIGH",housing_directory_or_other_web_source,https://section8search.org/north-carolina/raleigh/fox-hollow-subdivision/ussgcrw7hakksecmpvhzm817,Outside read via Google: a property-specific source identifies the matched name and location. This outside evidence is used for linkage only; it does not adjudicate the conflicting or repeated unit totals.,2026-08-09,accept,same_named_scattered_site_development,Accept the provisional linkage as one physical development. Preserve the component HUD records as project episodes. Unit aggregation is a separate unresolved decision.,2026-08-09
23,DEV_NCA19900215,candidate_one_unit_fragments,FRANKLIN BLVD PROJECT,GREENSBORO,NC,2,1990,1990,normalized_name_identical_multisite_set+normalized_name_standardized_primary_address,1,1,548|9001634,615 FRANKLIN BLVD,accept,duplicate_hud_records,"Internal HUD read: NCA19900215 (PIS 1990, state ID 548, units 1); NCA19909012 (PIS 1990, state ID 9001634, units 1). Link evidence: normalized_name_identical_multisite_set+normalized_name_standardized_primary_address. Distinct published primary-address strings: 1.",2026-08-09,accept,external_property_identity_consistent,Google,https://www.google.com/search?q=%22FRANKLIN%20BLVD%20PROJECT%22%20%22GREENSBORO%22%20%22615%20FRANKLIN%20BLVD%22%20affordable%20housing,Franklin Blvd Project - Greensboro - Affordable Housing Hub Affordable Housing Hub https://affordablehousinghub.org › ... › Greensboro,housing_directory_or_other_web_source,https://affordablehousinghub.org/housing/north-carolina/guilford-county/greensboro/franklin-blvd-project-19616-lihtc,"Franklin Blvd Project - Affordable Housing in Greensboro, NC ... section8search.org https://section8search.org › ... › GREENSBORO",housing_directory_or_other_web_source,https://section8search.org/north-carolina/greensboro/franklin-blvd-project/ft1krrxhcz12jfvyo7hzk3he,Outside read via Google: a property-specific source identifies the matched name and location. This outside evidence is used for linkage only; it does not adjudicate the conflicting or repeated unit totals.,2026-08-09,accept,duplicate_hud_records,Accept the provisional linkage as one physical development. Preserve the component HUD records as project episodes. Unit aggregation is a separate unresolved decision.,2026-08-09
24,DEV_NCA19900230,candidate_one_unit_fragments,HEATH STREET PROJECT,GREENSBORO,NC,2,1990,1990,normalized_name_identical_multisite_set+normalized_name_standardized_primary_address,1,1,580|9001622,3803 HEATH ST,accept,duplicate_hud_records,"Internal HUD read: NCA19900230 (PIS 1990, state ID 580, units 1); NCA19909013 (PIS 1990, state ID 9001622, units 1). Link evidence: normalized_name_identical_multisite_set+normalized_name_standardized_primary_address. Distinct published primary-address strings: 1.",2026-08-09,accept,external_property_identity_consistent,Google,https://www.google.com/search?q=%22HEATH%20STREET%20PROJECT%22%20%22GREENSBORO%22%20%223803%20HEATH%20ST%22%20affordable%20housing,"Heath Street Project - Affordable Housing in Greensboro, NC ... section8search.org https://section8search.org › north-carolina › heath-street...",housing_directory_or_other_web_source,https://section8search.org/north-carolina/greensboro/heath-street-project/w42ov1prg37lvqk0hme01bxy,"Heath Street Project - Affordable Housing in Greensboro, NC ... section8search.org https://section8search.org › north-carolina › heath-street...",housing_directory_or_other_web_source,https://section8search.org/north-carolina/greensboro/heath-street-project/ppuz0jgzckro9ebod198z4lb,Outside read via Google: a property-specific source identifies the matched name and location. This outside evidence is used for linkage only; it does not adjudicate the conflicting or repeated unit totals.,2026-08-09,accept,duplicate_hud_records,Accept the provisional linkage as one physical development. Preserve the component HUD records as project episodes. Unit aggregation is a separate unresolved decision.,2026-08-09
25,DEV_NCA19900235,candidate_one_unit_fragments,HEATH STREET PROPERTY,GREENSBORO,NC,2,1990,1990,normalized_name_identical_multisite_set+normalized_name_standardized_primary_address,1,1,579|9000853,3805 HEATH ST|3805 HEATH STREET,accept,same_named_scattered_site_development,"Internal HUD read: NCA19900235 (PIS 1990, state ID 579, units 1); NCA19909014 (PIS 1990, state ID 9000853, units 1). Link evidence: normalized_name_identical_multisite_set+normalized_name_standardized_primary_address. Distinct published primary-address strings: 2.",2026-08-09,accept,external_property_identity_consistent,Google,https://www.google.com/search?q=%22HEATH%20STREET%20PROPERTY%22%20%22GREENSBORO%22%20%223805%20HEATH%20ST%22%20affordable%20housing,"Heath Street Property - Affordable Housing in Greensboro, NC Affordable Housing Heroes https://affordablehousingheroes.com › north-carolina › h...",housing_directory_or_other_web_source,https://affordablehousingheroes.com/listings/north-carolina/greensboro/heath-street-property/ks8klnjo5zxwewaq50kmlrtj,Heath Street Property - UsLowCostHousing UsLowCostHousing https://s8.uslowcosthousing.com › ... › Greensboro,housing_directory_or_other_web_source,https://s8.uslowcosthousing.com/state/nc/greensboro/heath-street-property-32423/,Outside read via Google: a property-specific source identifies the matched name and location. This outside evidence is used for linkage only; it does not adjudicate the conflicting or repeated unit totals.,2026-08-09,accept,same_named_scattered_site_development,Accept the provisional linkage as one physical development. Preserve the component HUD records as project episodes. Unit aggregation is a separate unresolved decision.,2026-08-09
26,DEV_NCA19900285,candidate_one_unit_fragments,LEO ST APTS,WINSTON SALEM,NC,2,1990,1990,normalized_name_identical_multisite_set+normalized_name_standardized_primary_address,1,1,582|9001753,3885 LEO ST,accept,duplicate_hud_records,"Internal HUD read: NCA19900285 (PIS 1990, state ID 582, units 1); NCA19909016 (PIS 1990, state ID 9001753, units 1). Link evidence: normalized_name_identical_multisite_set+normalized_name_standardized_primary_address. Distinct published primary-address strings: 1.",2026-08-09,accept,external_property_identity_consistent,Google,https://www.google.com/search?q=%22LEO%20ST%20APTS%22%20%22WINSTON%20SALEM%22%20%223885%20LEO%20ST%22%20affordable%20housing,"Leo St Apts | Affordable Housing in Winston Salem, NC Affordable Housing Hub https://affordablehousinghub.org › ... › Winston Salem",housing_directory_or_other_web_source,https://affordablehousinghub.org/housing/north-carolina/forsyth/winston-salem/leo-st-apts-19637-lihtc,"Leo St Apts - Affordable Housing in Winston Salem, NC | Section 8 ... section8search.org https://section8search.org › ... › WINSTON SALEM",housing_directory_or_other_web_source,https://section8search.org/north-carolina/winston-salem/leo-st-apts/xp40td8ggds8t1w2m7bhfu0r,Outside read via Google: a property-specific source identifies the matched name and location. This outside evidence is used for linkage only; it does not adjudicate the conflicting or repeated unit totals.,2026-08-09,accept,duplicate_hud_records,Accept the provisional linkage as one physical development. Preserve the component HUD records as project episodes. Unit aggregation is a separate unresolved decision.,2026-08-09
27,DEV_NCA19920335,candidate_one_unit_fragments,LOMBARDY STREET,GREENSBORO,NC,4,1992,1992,normalized_name_identical_multisite_set+normalized_name_standardized_primary_address,1,1,871|872|9001624|9001625,1111 LOMBARDY ST|1111 LOMBARDY STREET|1115 LOMBARDY ST|1115 LOMBARDY STREET,accept,same_named_scattered_site_development,"Internal HUD read: NCA19920335 (PIS 1992, state ID 871, units 1); NCA19920340 (PIS 1992, state ID 872, units 1); NCA19929059 (PIS 1992, state ID 9001624, units 1); NCA19929060 (PIS 1992, state ID 9001625, units 1). Link evidence: normalized_name_identical_multisite_set+normalized_name_standardized_primary_address. Distinct published primary-address strings: 4.",2026-08-09,accept,external_property_identity_consistent,Google,https://www.google.com/search?q=%22LOMBARDY%20STREET%22%20%22GREENSBORO%22%20%221111%20LOMBARDY%20ST%22%20affordable%20housing,"Lombardy Street | Affordable Housing in Greensboro, NC Affordable Housing Hub https://affordablehousinghub.org › ... › Greensboro",housing_directory_or_other_web_source,https://affordablehousinghub.org/housing/north-carolina/guilford/greensboro/lombardy-street-20551-lihtc,"Lombardy Street - Affordable Housing in Greensboro, NC | Section 8 ... section8search.org https://section8search.org › ... › GREENSBORO",housing_directory_or_other_web_source,https://section8search.org/north-carolina/greensboro/lombardy-street/trjhwlkbwdigt2ztw2v94ff6,Outside read via Google: a property-specific source identifies the matched name and location. This outside evidence is used for linkage only; it does not adjudicate the conflicting or repeated unit totals.,2026-08-09,accept,same_named_scattered_site_development,Accept the provisional linkage as one physical development. Preserve the component HUD records as project episodes. Unit aggregation is a separate unresolved decision.,2026-08-09
28,DEV_NCA19920375,candidate_one_unit_fragments,MCLOUIS CLAYTON RENTAL UNIT,HIGH POINT,NC,2,1992,1992,normalized_name_identical_multisite_set+normalized_name_standardized_primary_address,1,1,729|9000862,236 GORDON ST|236 GORDON STREET,accept,same_named_scattered_site_development,"Internal HUD read: NCA19920375 (PIS 1992, state ID 729, units 1); NCA19929066 (PIS 1992, state ID 9000862, units 1). Link evidence: normalized_name_identical_multisite_set+normalized_name_standardized_primary_address. Distinct published primary-address strings: 2.",2026-08-09,accept,external_property_identity_consistent,Google,https://www.google.com/search?q=%22MCLOUIS%20CLAYTON%20RENTAL%20UNIT%22%20%22HIGH%20POINT%22%20%22236%20GORDON%20ST%22%20affordable%20housing,"Mclouis Clayton Rental Unit - Affordable Housing in High Point, NC Affordable Housing Heroes https://affordablehousingheroes.com › north-carolina",housing_directory_or_other_web_source,https://affordablehousingheroes.com/listings/north-carolina/high-point/mclouis-clayton-rental-unit/fsi69yp9csid0a3qs1rbyju9/,"Mclouis Clayton Rental Unit | Affordable Housing in High Point, NC Affordable Housing Hub https://affordablehousinghub.org › ... › High Point",housing_directory_or_other_web_source,https://affordablehousinghub.org/housing/north-carolina/guilford/high-point/mclouis-clayton-rental-unit-53253-lihtc,Outside read via Google: a property-specific source identifies the matched name and location. This outside evidence is used for linkage only; it does not adjudicate the conflicting or repeated unit totals.,2026-08-09,accept,same_named_scattered_site_development,Accept the provisional linkage as one physical development. Preserve the component HUD records as project episodes. Unit aggregation is a separate unresolved decision.,2026-08-09
29,DEV_NCA19920385,candidate_one_unit_fragments,MORGAN PLACE APTS,HIGH POINT,NC,2,1992,1992,normalized_name_identical_multisite_set+normalized_name_standardized_primary_address,1,1,748|9001504,217 MORGAN PL|217 MORGAN PLACE,accept,same_named_scattered_site_development,"Internal HUD read: NCA19920385 (PIS 1992, state ID 748, units 1); NCA19929067 (PIS 1992, state ID 9001504, units 1). Link evidence: normalized_name_identical_multisite_set+normalized_name_standardized_primary_address. Distinct published primary-address strings: 2.",2026-08-09,accept,external_property_identity_consistent,Google,https://www.google.com/search?q=%22MORGAN%20PLACE%20APTS%22%20%22HIGH%20POINT%22%20%22217%20MORGAN%20PL%22%20affordable%20housing,"Morgan Place Apts | Affordable Housing in High Point, NC Affordable Housing Hub https://affordablehousinghub.org › ... › High Point",housing_directory_or_other_web_source,https://affordablehousinghub.org/housing/north-carolina/guilford/high-point/morgan-place-apts-21076-lihtc,"Morgan Place Apts - Affordable Housing in High Point, NC | Section ... section8search.org https://section8search.org › ... › HIGH POINT",housing_directory_or_other_web_source,https://section8search.org/north-carolina/high-point/morgan-place-apts/aikopy0ygi0h89c719bdpq3v,Outside read via Google: a property-specific source identifies the matched name and location. This outside evidence is used for linkage only; it does not adjudicate the conflicting or repeated unit totals.,2026-08-09,accept,same_named_scattered_site_development,Accept the provisional linkage as one physical development. Preserve the component HUD records as project episodes. Unit aggregation is a separate unresolved decision.,2026-08-09
30,DEV_NCA19920395,candidate_one_unit_fragments,NEALTOWN ROAD,GREENSBORO,NC,6,1992,1992,normalized_name_identical_multisite_set+normalized_name_standardized_primary_address,1,1,873|874|876|9000859|9001623|9001626,1210 NEALTOWN RD|1210 NEALTOWN ROAD|1214 NEALTOWN RD|1214 NEALTOWN ROAD|1216 NEALTOWN RD|1216 NEALTOWN ROAD,accept,same_named_scattered_site_development,"Internal HUD read: NCA19920395 (PIS 1992, state ID 876, units 1); NCA19920400 (PIS 1992, state ID 873, units 1); NCA19920405 (PIS 1992, state ID 874, units 1); NCA19929069 (PIS 1992, state ID 9000859, units 1); NCA19929070 (PIS 1992, state ID 9001626, units 1); NCA19929071 (PIS 1992, state ID 9001623, units 1). Link evidence: normalized_name_identical_multisite_set+normalized_name_standardized_primary_address. Distinct published primary-address strings: 6.",2026-08-09,accept,external_property_identity_consistent,Google,https://www.google.com/search?q=%22NEALTOWN%20ROAD%22%20%22GREENSBORO%22%20%221210%20NEALTOWN%20RD%22%20affordable%20housing,"Nealtown Road | Affordable Housing in Greensboro, NC Affordable Housing Hub https://affordablehousinghub.org › ... › Greensboro",housing_directory_or_other_web_source,https://affordablehousinghub.org/housing/north-carolina/guilford/greensboro/nealtown-road-20601-lihtc,"Nealtown Road - Affordable Housing in Greensboro, NC | Section 8 ... section8search.org https://section8search.org › ... › GREENSBORO",housing_directory_or_other_web_source,https://section8search.org/north-carolina/greensboro/nealtown-road/zv5k0ia925yxf6xdst9ppppz,Outside read via Google: a property-specific source identifies the matched name and location. This outside evidence is used for linkage only; it does not adjudicate the conflicting or repeated unit totals.,2026-08-09,accept,same_named_scattered_site_development,Accept the provisional linkage as one physical development. Preserve the component HUD records as project episodes. Unit aggregation is a separate unresolved decision.,2026-08-09
31,DEV_NCA19950470,candidate_one_unit_fragments,NORTH STREET HOME,HENDERSON,NC,2,1995,1995,normalized_name_identical_multisite_set+normalized_name_standardized_primary_address,1,1,1237|9001876,118 N ST|118 NORTH STREET,accept,same_named_scattered_site_development,"Internal HUD read: NCA19950470 (PIS 1995, state ID 1237, units 1); NCA19959083 (PIS 1995, state ID 9001876, units 1). Link evidence: normalized_name_identical_multisite_set+normalized_name_standardized_primary_address. Distinct published primary-address strings: 2.",2026-08-09,accept,external_property_identity_consistent,Google,https://www.google.com/search?q=%22NORTH%20STREET%20HOME%22%20%22HENDERSON%22%20%22118%20N%20ST%22%20affordable%20housing,North Street Home - UsLowCostHousing - Find Section 8 Housing ... UsLowCostHousing https://s8.uslowcosthousing.com › ... › Henderson,housing_directory_or_other_web_source,https://s8.uslowcosthousing.com/state/nc/henderson/north-street-home-32662/,North Street Home | Affordable Apartments for Rent in ... Hello Section 8 https://hellosection8.com › id-nca19950470-low-income...,housing_directory_or_other_web_source,https://hellosection8.com/id-nca19950470-low-income-apartments-in-nc_henderson.html,Outside read via Google: a property-specific source identifies the matched name and location. This outside evidence is used for linkage only; it does not adjudicate the conflicting or repeated unit totals.,2026-08-09,accept,same_named_scattered_site_development,Accept the provisional linkage as one physical development. Preserve the component HUD records as project episodes. Unit aggregation is a separate unresolved decision.,2026-08-09
32,DEV_NCA19930265,candidate_one_unit_fragments,PARK GLEN,RALEIGH,NC,17,1993,1993,normalized_name_identical_multisite_set+normalized_name_standardized_primary_address,1,1,766|767|768|769|770|771|772|773|9000959|9001995|9002030|9002031|9002032|9002033|9002034|9002035|9002036,813 DALEWOOD DR|815 DALEWOOD DR|817 DALEWOOD DR|819 DALEWOOD DR|821 DALEWOOD DR|825 DALEWOOD DR|827 DALEWOOD DR|829 DALEWOOD DR|831 DALEWOOD DR|833 DALEWOOD DR,accept,same_named_scattered_site_development,"Internal HUD read: NCA19930265 (PIS 1993, state ID 9002030, units 1); NCA19930270 (PIS 1993, state ID 9000959, units 1); NCA19930275 (PIS 1993, state ID 766, units 1); NCA19930280 (PIS 1993, state ID 767, units 1); NCA19930285 (PIS 1993, state ID 768, units 1); NCA19930290 (PIS 1993, state ID 769, units 1); NCA19930295 (PIS 1993, state ID 770, units 1); NCA19930300 (PIS 1993, state ID 771, units 1); NCA19930305 (PIS 1993, state ID 772, units 1); NCA19930310 (PIS 1993, state ID 773, units 1); NCA19939056 (PIS 1993, state ID 9002035, units 1); NCA19939057 (PIS 1993, state ID 9002036, units 1); NCA19939058 (PIS 1993, state ID 9002031, units 1); NCA19939060 (PIS 1993, state ID 9001995, units 1); NCA19939062 (PIS 1993, state ID 9002032, units 1); NCA19939063 (PIS 1993, state ID 9002033, units 1); NCA19939064 (PIS 1993, state ID 9002034, units 1). Link evidence: normalized_name_identical_multisite_set+normalized_name_standardized_primary_address. Distinct published primary-address strings: 10.",2026-08-09,accept,external_property_identity_consistent,Google,https://www.google.com/search?q=%22PARK%20GLEN%22%20%22RALEIGH%22%20%22813%20DALEWOOD%20DR%22%20affordable%20housing,"Park Glen | Affordable Housing in Raleigh, NC Affordable Housing Hub https://affordablehousinghub.org › ... › Raleigh",housing_directory_or_other_web_source,https://affordablehousinghub.org/housing/north-carolina/wake/raleigh/park-glen-20359-lihtc,"Park Glen - Affordable Housing in Raleigh, NC | Section 8 Search section8search.org https://section8search.org › North Carolina › RALEIGH",housing_directory_or_other_web_source,https://section8search.org/north-carolina/raleigh/park-glen/uavy0rx90gv7ifmgpkwtfsnz,Outside read via Google: a property-specific source identifies the matched name and location. This outside evidence is used for linkage only; it does not adjudicate the conflicting or repeated unit totals.,2026-08-09,accept,same_named_scattered_site_development,Accept the provisional linkage as one physical development. Preserve the component HUD records as project episodes. Unit aggregation is a separate unresolved decision.,2026-08-09
33,DEV_NCA19900445,candidate_one_unit_fragments,PENRY ROAD PROJECT,GREENSBORO,NC,2,1990,1990,normalized_name_identical_multisite_set,1,1,576|9000840,409 PENRY RD|409 PENRY STREET,accept,same_named_scattered_site_development,"Internal HUD read: NCA19900445 (PIS 1990, state ID 576, units 1); NCA19909022 (PIS 1990, state ID 9000840, units 1). Link evidence: normalized_name_identical_multisite_set. Distinct published primary-address strings: 2.",2026-08-09,accept,external_property_identity_consistent,Google,https://www.google.com/search?q=%22PENRY%20ROAD%20PROJECT%22%20%22GREENSBORO%22%20%22409%20PENRY%20RD%22%20affordable%20housing,"Penry Road Project | Affordable Housing in Greensboro, NC Affordable Housing Hub https://affordablehousinghub.org › ... › Greensboro",housing_directory_or_other_web_source,https://affordablehousinghub.org/housing/north-carolina/guilford-county/greensboro/penry-road-project-19643-lihtc,"Penry Road Project - Affordable Housing in Greensboro, NC ... section8search.org https://section8search.org › ... › GREENSBORO",housing_directory_or_other_web_source,https://section8search.org/north-carolina/greensboro/penry-road-project/eyc1px0vwhsq4xdwbrtfqjl7,Outside read via Google: a property-specific source identifies the matched name and location. This outside evidence is used for linkage only; it does not adjudicate the conflicting or repeated unit totals.,2026-08-09,accept,same_named_scattered_site_development,Accept the provisional linkage as one physical development. Preserve the component HUD records as project episodes. Unit aggregation is a separate unresolved decision.,2026-08-09
34,DEV_NCA19900455,candidate_one_unit_fragments,PINE RIDGE: LOT 1,ELM CITY,NC,2,1990,1990,normalized_name_identical_multisite_set,1,1,9001513|NC-90-01513,504 N PARKER ST|504 PARKER STREET,accept,same_named_scattered_site_development,"Internal HUD read: NCA19900455 (PIS 1990, state ID NC-90-01513, units 1); NCA19909023 (PIS 1990, state ID 9001513, units 1). Link evidence: normalized_name_identical_multisite_set. Distinct published primary-address strings: 2.",2026-08-09,accept,external_property_identity_consistent,Google,https://www.google.com/search?q=%22PINE%20RIDGE%3A%20LOT%201%22%20%22ELM%20CITY%22%20%22504%20N%20PARKER%20ST%22%20affordable%20housing,"Pine Ridge: Lot 1 | Affordable Housing in Elm City, NC Affordable Housing Hub https://affordablehousinghub.org › ... › Elm City",housing_directory_or_other_web_source,https://affordablehousinghub.org/housing/north-carolina/wilson/elm-city/pine-ridge-lot-1-18754-lihtc,Pine Ridge Lot 1 - UsLowCostHousing - Find Section 8 Housing ... UsLowCostHousing https://s8.uslowcosthousing.com › ... › Elm City,housing_directory_or_other_web_source,https://s8.uslowcosthousing.com/state/nc/elm-city/pine-ridge-lot-1-32178/,Outside read via Google: a property-specific source identifies the matched name and location. This outside evidence is used for linkage only; it does not adjudicate the conflicting or repeated unit totals.,2026-08-09,accept,same_named_scattered_site_development,Accept the provisional linkage as one physical development. Preserve the component HUD records as project episodes. Unit aggregation is a separate unresolved decision.,2026-08-09
35,DEV_NCA19919050,candidate_one_unit_fragments,PWE FOX HOLLOW SUBDIVISION,RALEIGH,NC,2,1991,1992,normalized_name_identical_multisite_set,1,1,9001597|9002080,2707 FOXTAIL COURT|2729 BIG OAK STREET,accept,same_named_scattered_site_development,"Internal HUD read: NCA19919050 (PIS 1991, state ID 9001597, units 1); NCA19929078 (PIS 1992, state ID 9002080, units 1). Link evidence: normalized_name_identical_multisite_set. Distinct published primary-address strings: 2.",2026-08-09,accept,external_property_identity_consistent,Google,https://www.google.com/search?q=%22PWE%20FOX%20HOLLOW%20SUBDIVISION%22%20%22RALEIGH%22%20%222707%20FOXTAIL%20COURT%22%20affordable%20housing,"Pwe Fox Hollow Subdivision - Affordable Housing in Raleigh, NC ... section8search.org https://section8search.org › North Carolina › RALEIGH",housing_directory_or_other_web_source,https://section8search.org/north-carolina/raleigh/pwe-fox-hollow-subdivision/jeescinmm6v3cmjg1onk3pdm,"Pwe Fox Hollow Subdivision - Affordable Housing in Raleigh, NC Affordable Housing Heroes https://affordablehousingheroes.com › north-carolina › p...",housing_directory_or_other_web_source,https://affordablehousingheroes.com/listings/north-carolina/raleigh/pwe-fox-hollow-subdivision/jeescinmm6v3cmjg1onk3pdm/,Outside read via Google: a property-specific source identifies the matched name and location. This outside evidence is used for linkage only; it does not adjudicate the conflicting or repeated unit totals.,2026-08-09,accept,same_named_scattered_site_development,Accept the provisional linkage as one physical development. Preserve the component HUD records as project episodes. Unit aggregation is a separate unresolved decision.,2026-08-09
36,DEV_NCA19910365,candidate_one_unit_fragments,QUAD OAK DRIVE,GREENSBORO,NC,4,1991,1991,normalized_name_identical_multisite_set+normalized_name_standardized_primary_address,1,1,685|686|9001591|9001593,5 QUAD OAK DR|5 QUAD OAK DRIVE|7 QUAD OAK DR|7 QUAD OAK DRIVE,accept,same_named_scattered_site_development,"Internal HUD read: NCA19910365 (PIS 1991, state ID 686, units 1); NCA19910370 (PIS 1991, state ID 685, units 1); NCA19919063 (PIS 1991, state ID 9001591, units 1); NCA19919064 (PIS 1991, state ID 9001593, units 1). Link evidence: normalized_name_identical_multisite_set+normalized_name_standardized_primary_address. Distinct published primary-address strings: 4.",2026-08-09,accept,external_property_identity_consistent,Google,https://www.google.com/search?q=%22QUAD%20OAK%20DRIVE%22%20%22GREENSBORO%22%20%225%20QUAD%20OAK%20DR%22%20affordable%20housing,"Quad Oak Drive | Affordable Housing in Greensboro, NC Affordable Housing Hub https://affordablehousinghub.org › ... › Greensboro",housing_directory_or_other_web_source,https://affordablehousinghub.org/housing/north-carolina/guilford-county/greensboro/quad-oak-drive-18682-lihtc,"Quad Oak Drive - Affordable Housing in Greensboro, NC | Section 8 ... section8search.org https://section8search.org › ... › GREENSBORO",housing_directory_or_other_web_source,https://section8search.org/north-carolina/greensboro/quad-oak-drive/bf2x3kvf0eb56w1gx10y9kmz,Outside read via Google: a property-specific source identifies the matched name and location. This outside evidence is used for linkage only; it does not adjudicate the conflicting or repeated unit totals.,2026-08-09,accept,same_named_scattered_site_development,Accept the provisional linkage as one physical development. Preserve the component HUD records as project episodes. Unit aggregation is a separate unresolved decision.,2026-08-09
37,DEV_NCA19900470,candidate_one_unit_fragments,QUARTERPATH VILLAGE,WILSON,NC,2,1990,1990,normalized_name_identical_multisite_set,1,1,9000752|9002159,4918 FOUR TENTHS ROAD|4930 FOUR TENTS ROAD,accept,same_named_scattered_site_development,"Internal HUD read: NCA19900470 (PIS 1990, state ID 9000752, units 1); NCA19909024 (PIS 1990, state ID 9002159, units 1). Link evidence: normalized_name_identical_multisite_set. Distinct published primary-address strings: 2.",2026-08-09,accept,external_property_identity_consistent,Google,https://www.google.com/search?q=%22QUARTERPATH%20VILLAGE%22%20%22WILSON%22%20%224918%20FOUR%20TENTHS%20ROAD%22%20affordable%20housing,"Quarterpath Village | Affordable Housing in Wilson, NC Affordable Housing Hub https://affordablehousinghub.org › ... › Wilson",housing_directory_or_other_web_source,https://affordablehousinghub.org/housing/north-carolina/wilson/wilson/quarterpath-village-53019-lihtc,Quarterpath Village - UsLowCostHousing - Find Section 8 Housing ... UsLowCostHousing https://s8.uslowcosthousing.com › ... › Wilson,housing_directory_or_other_web_source,https://s8.uslowcosthousing.com/state/nc/wilson/quarterpath-village-34351/,Outside read via Google: a property-specific source identifies the matched name and location. This outside evidence is used for linkage only; it does not adjudicate the conflicting or repeated unit totals.,2026-08-09,accept,same_named_scattered_site_development,Accept the provisional linkage as one physical development. Preserve the component HUD records as project episodes. Unit aggregation is a separate unresolved decision.,2026-08-09
38,DEV_NCA19910375,candidate_one_unit_fragments,RESIDENCE,GREENSBORO,NC,5,1991,1992,normalized_name_identical_multisite_set,1,1,9001459|9001480|9001481|9001549|919,202 AUNT MARY AVE|2905 LIBERTY ROAD|2907 LIBERTY ROAD|3938 EASTLAND AVE|4707 FOREST VILLAGE DR,accept,same_named_scattered_site_development,"Internal HUD read: NCA19910375 (PIS 1991, state ID 9001549, units 1); NCA19920425 (PIS 1992, state ID 9001459, units 1); NCA19920430 (PIS 1992, state ID 9001480, units 1); NCA19920435 (PIS 1992, state ID 919, units 1); NCA19920635 (PIS 1992, state ID 9001481, units 1). Link evidence: normalized_name_identical_multisite_set. Distinct published primary-address strings: 5.",2026-08-09,accept,external_property_identity_consistent,Google,https://www.google.com/search?q=%22RESIDENCE%22%20%22GREENSBORO%22%20%22202%20AUNT%20MARY%20AVE%22%20affordable%20housing,"Residence - Affordable Housing in Greensboro, NC Affordable Housing Heroes https://affordablehousingheroes.com › north-carolina › r...",housing_directory_or_other_web_source,https://affordablehousingheroes.com/listings/north-carolina/greensboro/residence/hrkde6isqaijcpusleneaezg,"Residence | Affordable Housing in Greensboro, NC Affordable Housing Hub https://affordablehousinghub.org › ... › Greensboro",housing_directory_or_other_web_source,https://affordablehousinghub.org/housing/north-carolina/guilford/greensboro/residence-20240-lihtc,Outside read via Google: a property-specific source identifies the matched name and location. This outside evidence is used for linkage only; it does not adjudicate the conflicting or repeated unit totals.,2026-08-09,accept,same_named_scattered_site_development,Accept the provisional linkage as one physical development. Preserve the component HUD records as project episodes. Unit aggregation is a separate unresolved decision.,2026-08-09
39,DEV_NCA19920475,candidate_one_unit_fragments,STEVENS APTS II,GREENSBORO,NC,2,1992,1992,normalized_name_identical_multisite_set,1,1,796|9001482,504 FRANKLIN BLVD|504 FRANKLIN RD,accept,same_named_scattered_site_development,"Internal HUD read: NCA19920475 (PIS 1992, state ID 796, units 1); NCA19929095 (PIS 1992, state ID 9001482, units 1). Link evidence: normalized_name_identical_multisite_set. Distinct published primary-address strings: 2.",2026-08-09,accept,external_property_identity_consistent,Google,https://www.google.com/search?q=%22STEVENS%20APTS%20II%22%20%22GREENSBORO%22%20%22504%20FRANKLIN%20BLVD%22%20affordable%20housing,"Stevens Apts Ii | Affordable Housing in Greensboro, NC Affordable Housing Hub https://affordablehousinghub.org › ... › Greensboro",housing_directory_or_other_web_source,https://affordablehousinghub.org/housing/north-carolina/guilford/greensboro/stevens-apts-ii-20271-lihtc,Stevens Apts Ii - UsLowCostHousing - Find Section 8 Housing Near ... UsLowCostHousing https://s8.uslowcosthousing.com › ... › Greensboro,housing_directory_or_other_web_source,https://s8.uslowcosthousing.com/state/nc/greensboro/stevens-apts-ii-32527/,Outside read via Google: a property-specific source identifies the matched name and location. This outside evidence is used for linkage only; it does not adjudicate the conflicting or repeated unit totals.,2026-08-09,accept,same_named_scattered_site_development,Accept the provisional linkage as one physical development. Preserve the component HUD records as project episodes. Unit aggregation is a separate unresolved decision.,2026-08-09
40,DEV_NCA19950580,candidate_one_unit_fragments,SWAIN STREET HOME,HENDERSON,NC,2,1995,1995,normalized_name_identical_multisite_set+normalized_name_standardized_primary_address,1,1,1201|9001873,240 SWAIN ST|240 SWAIN STREET,accept,same_named_scattered_site_development,"Internal HUD read: NCA19950580 (PIS 1995, state ID 1201, units 1); NCA19959115 (PIS 1995, state ID 9001873, units 1). Link evidence: normalized_name_identical_multisite_set+normalized_name_standardized_primary_address. Distinct published primary-address strings: 2.",2026-08-09,accept,external_property_identity_consistent,Google,https://www.google.com/search?q=%22SWAIN%20STREET%20HOME%22%20%22HENDERSON%22%20%22240%20SWAIN%20ST%22%20affordable%20housing,"Swain Street Home | Affordable Housing in Henderson, NC Affordable Housing Hub https://affordablehousinghub.org › ... › Henderson",housing_directory_or_other_web_source,https://affordablehousinghub.org/housing/north-carolina/vance/henderson/swain-street-home-20129-lihtc,"Swain Street Home - Affordable Housing in Henderson, NC | Section ... section8search.org https://section8search.org › ... › HENDERSON",housing_directory_or_other_web_source,https://section8search.org/north-carolina/henderson/swain-street-home/beksazyt5qct6aikmzb3h53g,Outside read via Google: a property-specific source identifies the matched name and location. This outside evidence is used for linkage only; it does not adjudicate the conflicting or repeated unit totals.,2026-08-09,accept,same_named_scattered_site_development,Accept the provisional linkage as one physical development. Preserve the component HUD records as project episodes. Unit aggregation is a separate unresolved decision.,2026-08-09
41,DEV_NCA19920545,candidate_one_unit_fragments,WOODFIELD SUBDIVISION,WILSON,NC,30,1992,1995,normalized_name_identical_multisite_set,1,1,641|644|645|646|647|649|799|800|805|806|807|9000734|9000735|9000736|9000738|9000739|9000740|9000744|9000745|9000747|9000755|9001462|9001510|9001511|9001512|9001514|9001515|9001516|9001518|9002157,1802 PETALCREST CIR|1802 PETALCREST CIR SE|1803 PETALCREST CIR|1803 PETALCREST CIR SE|1804 PETALCREST CIRCLE|1805 PETALCREST CIR|1805 PETALCREST CIR SE|1806 PETALCREST CIR|1807 PETALCREST CIR|1807 PETALCREST CIR SE|1808 EAST TRAIL DRIVE|1809 E TRAIL DR SE|1809 EAST TRAIL DRIVE|1809 PETALCREST CIR|1810 EAST TRAIL DRIVE|1811 EAST TRAIL DRIVE|1812 E TRAIL DR SE|1812 EAST TRAIL DRIVE|1813 E TRAIL DR SE|1813 EAST TRAIL DRIVE|1814 E TRAIL DR SE|1814 EAST TRAIL DRIVE|1815 E TRAIL DR SE|1815 EAST TRAIL DR|1816 E TRAIL DR SE|1816 EAST TRAIL DRIVE|1818 E TRAIL DR SE|1818 EAST TRAIL DRIVE|1822 EAST TRAIL DR|1838 E TRAIL DR SE,accept,same_named_scattered_site_development,"Internal HUD read: NCA19920545 (PIS 1992, state ID 9000745, units 1); NCA19920550 (PIS 1992, state ID 649, units 1); NCA19920555 (PIS 1992, state ID 9000744, units 1); NCA19920560 (PIS 1992, state ID 9001511, units 1); NCA19920565 (PIS 1992, state ID 644, units 1); NCA19920570 (PIS 1992, state ID 647, units 1); NCA19920575 (PIS 1992, state ID 641, units 1); NCA19920580 (PIS 1992, state ID 645, units 1); NCA19920585 (PIS 1992, state ID 646, units 1); NCA19929114 (PIS 1992, state ID 9001510, units 1); NCA19929116 (PIS 1992, state ID 9001512, units 1); NCA19929117 (PIS 1992, state ID 9001514, units 1); NCA19929118 (PIS 1992, state ID 9001515, units 1); NCA19929119 (PIS 1992, state ID 9001516, units 1); NCA19929120 (PIS 1992, state ID 9001518, units 1); NCA19920595 (PIS 1992, state ID 807, units 1); NCA19920600 (PIS 1992, state ID 9002157, units 1); NCA19920605 (PIS 1992, state ID 806, units 1); NCA19920610 (PIS 1992, state ID 9000747, units 1); NCA19920615 (PIS 1992, state ID 805, units 1); NCA19920620 (PIS 1992, state ID 9000735, units 1); NCA19920625 (PIS 1992, state ID 800, units 1); NCA19920630 (PIS 1992, state ID 799, units 1); NCA19929108 (PIS 1992, state ID 9000739, units 1); NCA19929109 (PIS 1992, state ID 9000740, units 1); NCA19929113 (PIS 1992, state ID 9001462, units 1); NCA19929121 (PIS 1992, state ID 9000738, units 1); NCA19929122 (PIS 1992, state ID 9000736, units 1); NCA19929124 (PIS 1992, state ID 9000734, units 1); NCA19950015 (PIS 1995, state ID 9000755, units 1). Link evidence: normalized_name_identical_multisite_set. Distinct published primary-address strings: 30.",2026-08-09,accept,external_property_identity_consistent,Google,https://www.google.com/search?q=%22WOODFIELD%20SUBDIVISION%22%20%22WILSON%22%20%221802%20PETALCREST%20CIR%22%20affordable%20housing,"Woodfield Subdivision | Affordable Housing in Wilson, NC Affordable Housing Hub https://affordablehousinghub.org › ... › Wilson",housing_directory_or_other_web_source,https://affordablehousinghub.org/housing/north-carolina/wilson/wilson/woodfield-subdivision-21087-lihtc,"Woodfield Subdivision - Affordable Housing in Wilson, NC | Section ... section8search.org https://section8search.org › North Carolina › WILSON",housing_directory_or_other_web_source,https://section8search.org/north-carolina/wilson/woodfield-subdivision/zucop5e1lw4g693tphxts9bo,Outside read via Google: a property-specific source identifies the matched name and location. This outside evidence is used for linkage only; it does not adjudicate the conflicting or repeated unit totals.,2026-08-09,accept,same_named_scattered_site_development,Accept the provisional linkage as one physical development. Preserve the component HUD records as project episodes. Unit aggregation is a separate unresolved decision.,2026-08-09
42,DEV_TXA19870370,candidate_one_unit_fragments,VICTORIA HOUSING,MISSION,TX,9,1987,1987,normalized_name_standardized_primary_address,1,1,TX6286|TX6287|TX6288|TX6289|TX6291|TX6292|TX6293|TX6294|TX6295,2817 YANEZ AVE,accept,duplicate_hud_records,"Internal HUD read: TXA19870370 (PIS 1987, state ID TX6286, units 1); TXA19870375 (PIS 1987, state ID TX6295, units 1); TXA19870380 (PIS 1987, state ID TX6294, units 1); TXA19870385 (PIS 1987, state ID TX6292, units 1); TXA19870390 (PIS 1987, state ID TX6293, units 1); TXA19870395 (PIS 1987, state ID TX6291, units 1); TXA19870400 (PIS 1987, state ID TX6287, units 1); TXA19870405 (PIS 1987, state ID TX6288, units 1); TXA19870410 (PIS 1987, state ID TX6289, units 1). Link evidence: normalized_name_standardized_primary_address. Distinct published primary-address strings: 1.",2026-08-09,accept,external_property_identity_consistent,Google,https://www.google.com/search?q=%22VICTORIA%20HOUSING%22%20%22MISSION%22%20%222817%20YANEZ%20AVE%22%20affordable%20housing,"Victoria Housing - Affordable Housing in Mission, TX Affordable Housing Heroes https://affordablehousingheroes.com › listings › texas › v...",housing_directory_or_other_web_source,https://affordablehousingheroes.com/listings/texas/mission/victoria-housing/byb8lv2ukyzut9yttxaopmr1/,"Victoria Housing | Affordable Housing in Mission, TX Affordable Housing Hub https://affordablehousinghub.org › ... › Mission",housing_directory_or_other_web_source,https://affordablehousinghub.org/housing/texas/hidalgo-county/mission/victoria-housing-42545-lihtc,Outside read via Google: a property-specific source identifies the matched name and location. This outside evidence is used for linkage only; it does not adjudicate the conflicting or repeated unit totals.,2026-08-09,accept,duplicate_hud_records,Accept the provisional linkage as one physical development. Preserve the component HUD records as project episodes. Unit aggregation is a separate unresolved decision.,2026-08-09
43,DEV_ALA19870025,repeated_total_long_gap,EUFAULA ESTATES,EUFAULA,AL,2,1987,2015,normalized_name_standardized_primary_address,53,53,2013055-TC|AL-87-0018,2115 S RANDOLPH AVE|2115 SOUTH RANDOLPH AVE,accept,same_property_recapitalization,"Internal HUD read: ALA19870025 (PIS 1987, state ID AL-87-0018, units 53); ALA20150004 (PIS 2015, state ID 2013055-TC, units 53). Link evidence: normalized_name_standardized_primary_address. Distinct published primary-address strings: 2.",2026-08-09,accept,external_property_identity_consistent,Google,https://www.google.com/search?q=%22EUFAULA%20ESTATES%22%20%22EUFAULA%22%20%222115%20S%20RANDOLPH%20AVE%22%20affordable%20housing,"Eufaula Estates - 2115 S Randolph Ave Eufaula, AL 36027 Apartments.com https://www.apartments.com › ... › Eufaula",property_listing_or_public_records,https://www.apartments.com/eufaula-estates-eufaula-al/03q3r23/,Eufaula Estates - Alabama Affordable Housing Online https://affordablehousingonline.com › ... › Eufaula,housing_press,https://affordablehousingonline.com/housing-search/Alabama/Eufaula/Eufaula-Estates/10022742,Outside read via Google: a property-specific source identifies the matched name and location. This outside evidence is used for linkage only; it does not adjudicate the conflicting or repeated unit totals.,2026-08-09,accept,same_property_recapitalization,Accept the provisional linkage as one physical development. Preserve the component HUD records as project episodes. Unit aggregation is a separate unresolved decision.,2026-08-09
44,DEV_COA19990005,repeated_total_long_gap,ASPEN COUNTRY INN,ASPEN,CO,2,1999,2017,normalized_name_standardized_primary_address,40,39|40,CO-17-04|CO-97-0032,38996 HWY 82|38996 HWY. 82,accept,same_property_recapitalization,"Internal HUD read: COA19990005 (PIS 1999, state ID CO-97-0032, units 40); COA20170004 (PIS 2017, state ID CO-17-04, units 40). Link evidence: normalized_name_standardized_primary_address. Distinct published primary-address strings: 2.",2026-08-09,accept,external_property_identity_consistent,Google,https://www.google.com/search?q=%22ASPEN%20COUNTRY%20INN%22%20%22ASPEN%22%20%2238996%20HWY%2082%22%20affordable%20housing,"Aspen Country Inn - 38996 Highway 82 Aspen, CO 81611 Apartments.com https://www.apartments.com › ... › Pitkin County › Aspen",property_listing_or_public_records,https://www.apartments.com/aspen-country-inn-aspen-co/qpv016y/,"Aspen Country Inn | Affordable Housing in Aspen, CO Affordable Housing Hub https://affordablehousinghub.org › ... › Aspen",housing_directory_or_other_web_source,https://affordablehousinghub.org/housing/colorado/pitkin-county/aspen/aspen-country-inn-885-lihtc,Outside read via Google: a property-specific source identifies the matched name and location. This outside evidence is used for linkage only; it does not adjudicate the conflicting or repeated unit totals.,2026-08-09,accept,same_property_recapitalization,Accept the provisional linkage as one physical development. Preserve the component HUD records as project episodes. Unit aggregation is a separate unresolved decision.,2026-08-09
45,DEV_COA20060050,repeated_total_long_gap,BELMAR GROVES,LAKEWOOD,CO,2,2006,2024,normalized_name_identical_multisite_set+normalized_name_standardized_primary_address,118,117|118,2004503|CO-24-04,259 S TELLER ST|259 SOUTH TELLER STREET,accept,same_property_recapitalization,"Internal HUD read: COA20060050 (PIS 2006, state ID 2004503, units 118); COA20240047 (PIS 2024, state ID CO-24-04, units 118). Link evidence: normalized_name_identical_multisite_set+normalized_name_standardized_primary_address. Distinct published primary-address strings: 2.",2026-08-09,accept,external_property_identity_consistent,Bing,https://www.bing.com/search?q=%22BELMAR%20GROVES%22%20%22LAKEWOOD%22%20%22259%20S%20TELLER%20ST%22%20affordable%20housing,"Belmar Groves - 259 S Teller St Lakewood, CO 80226",property_listing_or_public_records,https://www.apartments.com/belmar-groves-lakewood-co/650bz5t/?msockid=06356663fae369d7107b71f1fbb8685c,Belmar Groves – Metro West Housing Solutions,housing_directory_or_other_web_source,https://mwhs.org/belmar-groves/,Outside read via Bing: a property-specific source identifies the matched name and location. This outside evidence is used for linkage only; it does not adjudicate the conflicting or repeated unit totals.,2026-08-09,accept,same_property_recapitalization,Accept the provisional linkage as one physical development. Preserve the component HUD records as project episodes. Unit aggregation is a separate unresolved decision.,2026-08-09
46,DEV_FLA20040180,repeated_total_long_gap,BRENTON AT ABBEY PARK,WEST PALM BEACH,FL,2,2004,2020,normalized_name_standardized_primary_address,160,160,1137|FL-02-1137,1921 ABBEY RD|1921 ABBEY ROAD,accept,same_property_recapitalization,"Internal HUD read: FLA20040180 (PIS 2004, state ID 1137, units 160); FLA20204005 (PIS 2020, state ID FL-02-1137, units 160). Link evidence: normalized_name_standardized_primary_address. Distinct published primary-address strings: 2.",2026-08-09,accept,external_property_identity_consistent,Bing,https://www.bing.com/search?q=%22BRENTON%20AT%20ABBEY%20PARK%22%20%22WEST%20PALM%20BEACH%22%20%221921%20ABBEY%20RD%22%20affordable%20housing,Brenton At Abbey Park Apartments 1921 Abbey Rd in West Palm …,housing_directory_or_other_web_source,https://www.affordablehousing.com/west-palm-beach-fl/brenton-at-abbey-park-apartments-1020248/,Brenton at Abbey Park Apartments | West Palm Beach …,property_listing_or_public_records,https://www.brentonatabbeyparkapartments.com/,Outside read via Bing: a property-specific source identifies the matched name and location. This outside evidence is used for linkage only; it does not adjudicate the conflicting or repeated unit totals.,2026-08-09,accept,same_property_recapitalization,Accept the provisional linkage as one physical development. Preserve the component HUD records as project episodes. Unit aggregation is a separate unresolved decision.,2026-08-09
47,DEV_FLA19950811,repeated_total_long_gap,VALENCIA PARK,ORLANDO,FL,2,1995,2021,normalized_name_standardized_primary_address,208,208,882|FL-93-882,532 PARK TREE TER|532 PARK TREE TERRACE,accept,same_property_recapitalization,"Internal HUD read: FLA19950811 (PIS 1995, state ID 882, units 208); FLA20213017 (PIS 2021, state ID FL-93-882, units 208). Link evidence: normalized_name_standardized_primary_address. Distinct published primary-address strings: 2.",2026-08-09,accept,external_property_identity_consistent,Bing,https://www.bing.com/search?q=%22VALENCIA%20PARK%22%20%22ORLANDO%22%20%22532%20PARK%20TREE%20TER%22%20affordable%20housing,"Valencia Park Apartments - 532 Park Tree Ter Orlando, FL 32825 ...",property_listing_or_public_records,https://www.apartments.com/valencia-park-apartments-orlando-fl/lwe6dne/?msockid=06356663fae369d7107b71f1fbb8685c,"Valencia Park Apartments 532 Park Tree Ter in Orlando, FL 32825 ...",housing_directory_or_other_web_source,https://www.affordablehousing.com/orlando-fl/valencia-park%C2%A0apartments-823894/,Outside read via Bing: a property-specific source identifies the matched name and location. This outside evidence is used for linkage only; it does not adjudicate the conflicting or repeated unit totals.,2026-08-09,accept,same_property_recapitalization,Accept the provisional linkage as one physical development. Preserve the component HUD records as project episodes. Unit aggregation is a separate unresolved decision.,2026-08-09
48,DEV_GAA20040095,repeated_total_long_gap,ATHENS GARDENS APARTMENTS,ATHENS,GA,2,2004,2021,normalized_name_standardized_primary_address,100,100|64,2002-547|2019-519,135 COLERIDGE COURT|135 COLERIDGE CT,accept,same_property_recapitalization,"Internal HUD read: GAA20040095 (PIS 2004, state ID 2002-547, units 100); GAA20210006 (PIS 2021, state ID 2019-519, units 100). Link evidence: normalized_name_standardized_primary_address. Distinct published primary-address strings: 2.",2026-08-09,accept,external_property_identity_consistent,Bing,https://www.bing.com/search?q=%22ATHENS%20GARDENS%20APARTMENTS%22%20%22ATHENS%22%20%22135%20COLERIDGE%20COURT%22%20affordable%20housing,"Athens Gardens - 135 Coleridge Ct Athens, GA 30605 | Apartments.com",property_listing_or_public_records,https://www.apartments.com/athens-gardens-athens-ga/wwwcm3h/?msockid=06356663fae369d7107b71f1fbb8685c,"Athens Gardens Apartments - Affordable Housing in Athens, GA",housing_directory_or_other_web_source,https://section8search.org/georgia/athens/athens-gardens-apartments/w9js3joa01lfbx3lo48mupj3,Outside read via Bing: a property-specific source identifies the matched name and location. This outside evidence is used for linkage only; it does not adjudicate the conflicting or repeated unit totals.,2026-08-09,accept,same_property_recapitalization,Accept the provisional linkage as one physical development. Preserve the component HUD records as project episodes. Unit aggregation is a separate unresolved decision.,2026-08-09
49,DEV_GAA19910100,repeated_total_long_gap,EAST ORCHARD ELDERLY,HARTWELL,GA,2,1991,2022,normalized_name_identical_multisite_set,24,24,2020-523|GA-89-114,110 NANCY DRIVE|750 NANCY DR,accept,same_property_recapitalization,"Internal HUD read: GAA19910100 (PIS 1991, state ID GA-89-114, units 24); GAA20220011 (PIS 2022, state ID 2020-523, units 24). Link evidence: normalized_name_identical_multisite_set. Distinct published primary-address strings: 2.",2026-08-09,accept,external_property_identity_consistent,Bing,https://www.bing.com/search?q=%22EAST%20ORCHARD%20ELDERLY%22%20%22HARTWELL%22%20%22110%20NANCY%20DRIVE%22%20affordable%20housing,"East Orchard Elderly - Affordable Housing in Hartwell, GA | Section 8 ...",housing_directory_or_other_web_source,https://section8search.org/georgia/hartwell/east-orchard-elderly/faroltji2k2qallf39976mu6,"EAST ORCHARD ELDERLY - HARTWELL, GA | LIHTC Affordable …",housing_directory_or_other_web_source,https://affordablehousingnearme.net/property/GAA20220011-east-orchard-elderly-110-nancy-drive-hartwell-ga,Outside read via Bing: a property-specific source identifies the matched name and location. This outside evidence is used for linkage only; it does not adjudicate the conflicting or repeated unit totals.,2026-08-09,accept,same_property_recapitalization,Accept the provisional linkage as one physical development. Preserve the component HUD records as project episodes. Unit aggregation is a separate unresolved decision.,2026-08-09
50,DEV_GAA19900180,repeated_total_long_gap,EAST ORCHARD FAMILY,HARTWELL,GA,2,1990,2024,normalized_name_identical_multisite_set,24,23,2021-009|GA-90-017,110 NANCY DRIVE|752 NANCY DR,accept,same_property_recapitalization,"Internal HUD read: GAA19900180 (PIS 1990, state ID GA-90-017, units 24); GAA20240015 (PIS 2024, state ID 2021-009, units 24). Link evidence: normalized_name_identical_multisite_set. Distinct published primary-address strings: 2.",2026-08-09,accept,external_property_identity_consistent,Bing,https://www.bing.com/search?q=%22EAST%20ORCHARD%20FAMILY%22%20%22HARTWELL%22%20%22110%20NANCY%20DRIVE%22%20affordable%20housing,East Orchard Family Apartments | Hartwell GA,housing_directory_or_other_web_source,https://housingapartments.org/rental_detail/29698,"East Orchard Family - Affordable Housing in Hartwell, GA | Section 8 …",housing_directory_or_other_web_source,https://section8search.org/georgia/hartwell/east-orchard-family/sai3id9n6zk61l3f9xrwruju,Outside read via Bing: a property-specific source identifies the matched name and location. This outside evidence is used for linkage only; it does not adjudicate the conflicting or repeated unit totals.,2026-08-09,accept,same_property_recapitalization,Accept the provisional linkage as one physical development. Preserve the component HUD records as project episodes. Unit aggregation is a separate unresolved decision.,2026-08-09
51,DEV_GAA20059805,repeated_total_long_gap,EASTGATE APTS,NEWNAN,GA,2,2005,2021,normalized_name_identical_multisite_set,96,96,2004-506|2019-543,11 DOWDELL ST|11 FAIRMONT SCHOOL ROAD,accept,same_property_recapitalization,"Internal HUD read: GAA20059805 (PIS 2005, state ID 2004-506, units 96); GAA20213179 (PIS 2021, state ID 2019-543, units 96). Link evidence: normalized_name_identical_multisite_set. Distinct published primary-address strings: 2.",2026-08-09,accept,external_property_identity_consistent,Bing,https://www.bing.com/search?q=%22EASTGATE%20APTS%22%20%22NEWNAN%22%20%2211%20DOWDELL%20ST%22%20affordable%20housing,"Eastgate Apts - Newnan | Affordable Housing in Newnan, GA",housing_directory_or_other_web_source,https://affordablehousinghub.org/housing/georgia/coweta/newnan/eastgate-apts-newnan-5216-lihtc,"Eastgate Apts | Affordable Housing in Newnan, GA",housing_directory_or_other_web_source,https://affordablehousinghub.org/housing/georgia/coweta/newnan/eastgate-apts-5290-lihtc,Outside read via Bing: a property-specific source identifies the matched name and location. This outside evidence is used for linkage only; it does not adjudicate the conflicting or repeated unit totals.,2026-08-09,accept,same_property_recapitalization,Accept the provisional linkage as one physical development. Preserve the component HUD records as project episodes. Unit aggregation is a separate unresolved decision.,2026-08-09
52,DEV_GAA19960085,repeated_total_long_gap,FAIR OAKS LANE APARTMENTS,RINCON,GA,2,1996,2024,normalized_name_identical_multisite_set,44,44,2022-053|GA-94-003,401 LISA ST|401 LISA STREET #200,accept,same_property_recapitalization,"Internal HUD read: GAA19960085 (PIS 1996, state ID GA-94-003, units 44); GAA20240076 (PIS 2024, state ID 2022-053, units 44). Link evidence: normalized_name_identical_multisite_set. Distinct published primary-address strings: 2.",2026-08-09,accept,external_property_identity_consistent,Bing,https://www.bing.com/search?q=%22FAIR%20OAKS%20LANE%20APARTMENTS%22%20%22RINCON%22%20%22401%20LISA%20ST%22%20affordable%20housing,"Fair Oaks Lane Apartments in Rincon, Georgia - Affordable Housing …",housing_press,https://affordablehousingonline.com/housing-search/Georgia/Rincon/Fair-Oaks-Lane-Apartments/10026924,"Fair Oaks Lane - Low Income Apartments in Rincon, GA",housing_directory_or_other_web_source,https://www.publichousing.com/details/ga_fair-oaks-lane,Outside read via Bing: a property-specific source identifies the matched name and location. This outside evidence is used for linkage only; it does not adjudicate the conflicting or repeated unit totals.,2026-08-09,accept,same_property_recapitalization,Accept the provisional linkage as one physical development. Preserve the component HUD records as project episodes. Unit aggregation is a separate unresolved decision.,2026-08-09
53,DEV_GAA19900240,repeated_total_long_gap,ROCK SPRINGS APARTMENTS,WINDER,GA,2,1990,2019,normalized_name_identical_multisite_set,48,48,2017-559|GA-89-011,187 SOUTH BROAD ST|604 BOSS HARDY RD,accept,same_property_recapitalization,"Internal HUD read: GAA19900240 (PIS 1990, state ID GA-89-011, units 48); GAA20190013 (PIS 2019, state ID 2017-559, units 48). Link evidence: normalized_name_identical_multisite_set. Distinct published primary-address strings: 2.",2026-08-09,accept,external_property_identity_consistent,Bing,https://www.bing.com/search?q=%22ROCK%20SPRINGS%20APARTMENTS%22%20%22WINDER%22%20%22187%20SOUTH%20BROAD%20ST%22%20affordable%20housing,"Rock Springs Apartments - 187 S Broad St Winder, GA …",property_listing_or_public_records,https://www.apartments.com/rock-springs-apartments-winder-ga/8dwclp3/?msockid=06356663fae369d7107b71f1fbb8685c,ROCK SPRINGS APARTMENTS | Low Income Housing | 187 …,housing_directory_or_other_web_source,https://www.affordablehousing411.com/housing/lihtc-details-rock-springs-apartments-187-south-broad-st-winder-ga-30680/,Outside read via Bing: a property-specific source identifies the matched name and location. This outside evidence is used for linkage only; it does not adjudicate the conflicting or repeated unit totals.,2026-08-09,accept,same_property_recapitalization,Accept the provisional linkage as one physical development. Preserve the component HUD records as project episodes. Unit aggregation is a separate unresolved decision.,2026-08-09
54,DEV_ILA20060135,repeated_total_long_gap,ANCHOR SENIOR LIVING,BENSENVILLE,IL,2,2006,2023,normalized_name_identical_multisite_set+normalized_name_standardized_primary_address,228,228,1204022|230805,325 S YORK RD,accept,same_property_recapitalization,"Internal HUD read: ILA20060135 (PIS 2006, state ID 230805, units 228); ILA20230004 (PIS 2023, state ID 1204022, units 228). Link evidence: normalized_name_identical_multisite_set+normalized_name_standardized_primary_address. Distinct published primary-address strings: 1.",2026-08-09,accept,external_property_identity_consistent,Bing,https://www.bing.com/search?q=%22ANCHOR%20SENIOR%20LIVING%22%20%22BENSENVILLE%22%20%22325%20S%20YORK%20RD%22%20affordable%20housing,"Anchor Senior Living - Affordable Housing in Bensenville, IL | Section ...",housing_directory_or_other_web_source,https://section8search.org/illinois/bensenville/anchor-senior-living/cf4excw895f5hzziuvagaicj,"Anchor Senior Living | Senior Apartments Bensenville, IL",housing_directory_or_other_web_source,https://www.seniorresource.com/senior_apartments/anchor-senior-living/,Outside read via Bing: a property-specific source identifies the matched name and location. This outside evidence is used for linkage only; it does not adjudicate the conflicting or repeated unit totals.,2026-08-09,accept,same_property_recapitalization,Accept the provisional linkage as one physical development. Preserve the component HUD records as project episodes. Unit aggregation is a separate unresolved decision.,2026-08-09
55,DEV_ILA20070185,repeated_total_long_gap,BUENA VISTA TOWNHOMES,ELGIN,IL,2,2007,2024,normalized_name_identical_multisite_set,120,120,1207723|252406,1200 1319 AMANDA CIRCLE|1200 AMANDA CIR,accept,same_property_recapitalization,"Internal HUD read: ILA20070185 (PIS 2007, state ID 252406, units 120); ILA20240002 (PIS 2024, state ID 1207723, units 120). Link evidence: normalized_name_identical_multisite_set. Distinct published primary-address strings: 2.",2026-08-09,accept,external_property_identity_consistent,Bing,https://www.bing.com/search?q=%22BUENA%20VISTA%20TOWNHOMES%22%20%22ELGIN%22%20%221200%201319%20AMANDA%20CIRCLE%22%20affordable%20housing,"Buena Vista Apartments & Townhomes | Elgin, IL | Welcome Home",housing_directory_or_other_web_source,https://www.buenavistaaptstownhomes.com/buena-vista-elgin-il,Elgin IL Apartments | Buena Vista Apartment & Townhomes | Floorplans,housing_directory_or_other_web_source,https://www.buenavistaaptstownhomes.com/buena-vista-elgin-il/floorplans,Outside read via Bing: a property-specific source identifies the matched name and location. This outside evidence is used for linkage only; it does not adjudicate the conflicting or repeated unit totals.,2026-08-09,accept,same_property_recapitalization,Accept the provisional linkage as one physical development. Preserve the component HUD records as project episodes. Unit aggregation is a separate unresolved decision.,2026-08-09
56,DEV_ILA20060170,repeated_total_long_gap,GALESBURG TOWERS,GALESBURG,IL,2,2006,2022,normalized_name_identical_multisite_set+normalized_name_standardized_primary_address,123,112|123,1189421|221705,1384 N HENDERSON ST,accept,same_property_recapitalization,"Internal HUD read: ILA20060170 (PIS 2006, state ID 221705, units 123); ILA20220014 (PIS 2022, state ID 1189421, units 123). Link evidence: normalized_name_identical_multisite_set+normalized_name_standardized_primary_address. Distinct published primary-address strings: 1.",2026-08-09,accept,external_property_identity_consistent,Bing,https://www.bing.com/search?q=%22GALESBURG%20TOWERS%22%20%22GALESBURG%22%20%221384%20N%20HENDERSON%20ST%22%20affordable%20housing,"Galesburg Towers - 1384 N Henderson St Galesburg, IL …",property_listing_or_public_records,https://www.apartments.com/galesburg-towers-galesburg-il/v7zgw5f/?msockid=06356663fae369d7107b71f1fbb8685c,"Galesburg Towers in Galesburg, Illinois - Affordable Housing Online",housing_press,https://affordablehousingonline.com/housing-search/Illinois/Galesburg/Galesburg-Towers/10058121,Outside read via Bing: a property-specific source identifies the matched name and location. This outside evidence is used for linkage only; it does not adjudicate the conflicting or repeated unit totals.,2026-08-09,accept,same_property_recapitalization,Accept the provisional linkage as one physical development. Preserve the component HUD records as project episodes. Unit aggregation is a separate unresolved decision.,2026-08-09
57,DEV_ILA20060205,repeated_total_long_gap,PONTIAC TOWERS,PONTIAC,IL,2,2006,2022,normalized_name_identical_multisite_set+normalized_name_standardized_primary_address,111,103,221605,1011 W WASHINGTON ST|1011 WEST WASHINGTON STREET,accept,same_property_recapitalization,"Internal HUD read: ILA20060205 (PIS 2006, state ID 221605, units 111); ILA20220023 (PIS 2022, state ID 221605, units 111). Link evidence: normalized_name_identical_multisite_set+normalized_name_standardized_primary_address. Distinct published primary-address strings: 2.",2026-08-09,accept,external_property_identity_consistent,Bing,https://www.bing.com/search?q=%22PONTIAC%20TOWERS%22%20%22PONTIAC%22%20%221011%20W%20WASHINGTON%20ST%22%20affordable%20housing,"Pontiac Towers - 1011 W Washington St Pontiac, IL …",property_listing_or_public_records,https://www.apartments.com/pontiac-towers-pontiac-il/9pw1qq6/?msockid=06356663fae369d7107b71f1fbb8685c,"Pontiac Towers - Pontiac, IL | After55",housing_directory_or_other_web_source,https://www.after55.com/il/pontiac/pontiac-towers/wpw1hqk,Outside read via Bing: a property-specific source identifies the matched name and location. This outside evidence is used for linkage only; it does not adjudicate the conflicting or repeated unit totals.,2026-08-09,accept,same_property_recapitalization,Accept the provisional linkage as one physical development. Preserve the component HUD records as project episodes. Unit aggregation is a separate unresolved decision.,2026-08-09
58,DEV_LAA19930015,repeated_total_long_gap,BERNICE VILLA APTS.,BERNICE,LA,2,1993,2024,normalized_name_identical_multisite_set+normalized_name_standardized_primary_address,32,32,LA-91-061,102 FOURTH STREET,accept,same_property_recapitalization,"Internal HUD read: LAA19930015 (PIS 1993, state ID LA-91-061, units 32); LAA20240003 (PIS 2024, state ID LA-91-061, units 32). Link evidence: normalized_name_identical_multisite_set+normalized_name_standardized_primary_address. Distinct published primary-address strings: 1.",2026-08-09,accept,external_property_identity_consistent,Bing,https://www.bing.com/search?q=%22BERNICE%20VILLA%20APTS.%22%20%22BERNICE%22%20%22102%20FOURTH%20STREET%22%20affordable%20housing,"Bernice Villa Apts. | Affordable Housing in Bernice, LA",housing_directory_or_other_web_source,https://affordablehousinghub.org/housing/louisiana/union-county/bernice/bernice-villa-apts-10532-lihtc,BERNICE VILLA APTS. | Low Income Housing | 102 FOURTH …,housing_directory_or_other_web_source,https://www.affordablehousing411.com/housing/lihtc-details-bernice-villa-apts-102-fourth-street-bernice-la-71222/,Outside read via Bing: a property-specific source identifies the matched name and location. This outside evidence is used for linkage only; it does not adjudicate the conflicting or repeated unit totals.,2026-08-09,accept,same_property_recapitalization,Accept the provisional linkage as one physical development. Preserve the component HUD records as project episodes. Unit aggregation is a separate unresolved decision.,2026-08-09
59,DEV_LAA19920065,repeated_total_long_gap,MAPLE RIDGE APARTMENTS,COVINGTON,LA,2,1992,2023,normalized_name_identical_multisite_set+normalized_name_standardized_primary_address,48,48,LA-90-043,20284 HIGHWAY 36,accept,same_property_recapitalization,"Internal HUD read: LAA19920065 (PIS 1992, state ID LA-90-043, units 48); LAA20230014 (PIS 2023, state ID LA-90-043, units 48). Link evidence: normalized_name_identical_multisite_set+normalized_name_standardized_primary_address. Distinct published primary-address strings: 1.",2026-08-09,accept,external_property_identity_consistent,Bing,https://www.bing.com/search?q=%22MAPLE%20RIDGE%20APARTMENTS%22%20%22COVINGTON%22%20%2220284%20HIGHWAY%2036%22%20affordable%20housing,"Maple Ridge TC-18 Apartments, 20284 Hwy 36, Covington, LA",housing_directory_or_other_web_source,https://www.rentcafe.com/housing/la/covington/280-maple-ridge-tc-18/default.aspx,"Maple Ridge Apartments - Affordable Housing in Covington, LA",housing_directory_or_other_web_source,https://section8search.org/louisiana/covington/maple-ridge-apartments/qscd5lfaxl7c6ohohzkwo05e,Outside read via Bing: a property-specific source identifies the matched name and location. This outside evidence is used for linkage only; it does not adjudicate the conflicting or repeated unit totals.,2026-08-09,accept,same_property_recapitalization,Accept the provisional linkage as one physical development. Preserve the component HUD records as project episodes. Unit aggregation is a separate unresolved decision.,2026-08-09
60,DEV_LAA19920105,repeated_total_long_gap,PONCHATOULA MEADOWS,PONCHATOULA,LA,2,1992,2023,normalized_name_identical_multisite_set+normalized_name_standardized_primary_address,32,32,LA-90-041,3200 OAK MEADOW LN,accept,same_property_recapitalization,"Internal HUD read: LAA19920105 (PIS 1992, state ID LA-90-041, units 32); LAA20230020 (PIS 2023, state ID LA-90-041, units 32). Link evidence: normalized_name_identical_multisite_set+normalized_name_standardized_primary_address. Distinct published primary-address strings: 1.",2026-08-09,accept,external_property_identity_consistent,Bing,https://www.bing.com/search?q=%22PONCHATOULA%20MEADOWS%22%20%22PONCHATOULA%22%20%223200%20OAK%20MEADOW%20LN%22%20affordable%20housing,"Ponchatoula Meadows - 3200 Oak Meadow Ln Ponchatoula, LA …",property_listing_or_public_records,https://www.apartments.com/ponchatoula-meadows-ponchatoula-la/316k0xf/?msockid=06356663fae369d7107b71f1fbb8685c,"Ponchatoula Meadows Apartments | Ponchatoula, LA …",housing_directory_or_other_web_source,https://www.apartmenthomeliving.com/apartment-finder/Ponchatoula-Meadows-Ponchatoula-LA-70454-6165573?msockid=06356663fae369d7107b71f1fbb8685c,Outside read via Bing: a property-specific source identifies the matched name and location. This outside evidence is used for linkage only; it does not adjudicate the conflicting or repeated unit totals.,2026-08-09,accept,same_property_recapitalization,Accept the provisional linkage as one physical development. Preserve the component HUD records as project episodes. Unit aggregation is a separate unresolved decision.,2026-08-09
61,DEV_MDA19930050,repeated_total_long_gap,LEX WOODS APTS,LEXINGTON PARK,MD,2,1993,2019,normalized_name_identical_multisite_set,78,78,MD-93-08001-7|MD93-08,100 LEX WOODS DR|21284 LEXWOOD,accept,same_property_recapitalization,"Internal HUD read: MDA19930050 (PIS 1993, state ID MD93-08, units 78); MDA20190006 (PIS 2019, state ID MD-93-08001-7, units 78). Link evidence: normalized_name_identical_multisite_set. Distinct published primary-address strings: 2.",2026-08-09,accept,external_property_identity_consistent,Bing,https://www.bing.com/search?q=%22LEX%20WOODS%20APTS%22%20%22LEXINGTON%20PARK%22%20%22100%20LEX%20WOODS%20DR%22%20affordable%20housing,"Lex Woods Apts | Affordable Housing in Lexington Park, MD",housing_directory_or_other_web_source,https://affordablehousinghub.org/housing/maryland/st-marys-county/lexington-park/lex-woods-apts-13357-lihtc,"Lex Woods Apts. | Affordable Housing in Lexington Park, MD",housing_directory_or_other_web_source,https://affordablehousinghub.org/housing/maryland/st-marys-county/lexington-park/lex-woods-apts-12872-lihtc,Outside read via Bing: a property-specific source identifies the matched name and location. This outside evidence is used for linkage only; it does not adjudicate the conflicting or repeated unit totals.,2026-08-09,accept,same_property_recapitalization,Accept the provisional linkage as one physical development. Preserve the component HUD records as project episodes. Unit aggregation is a separate unresolved decision.,2026-08-09
62,DEV_MDA20030065,repeated_total_long_gap,PARK VIEW AT FURNACE BRANCH,GLEN BURNIE,MD,2,2003,2024,normalized_name_identical_multisite_set,101,101,MD-02-05001|MD02-05001,7466 E FURNACE BRANCH RD|FURNACE BRANCH ROAD AND ROUTE 10,accept,same_property_recapitalization,"Internal HUD read: MDA20030065 (PIS 2003, state ID MD02-05001, units 101); MDA20240059 (PIS 2024, state ID MD-02-05001, units 101). Link evidence: normalized_name_identical_multisite_set. Distinct published primary-address strings: 2.",2026-08-09,accept,external_property_identity_consistent,Bing,https://www.bing.com/search?q=%22PARK%20VIEW%20AT%20FURNACE%20BRANCH%22%20%22GLEN%20BURNIE%22%20%227466%20E%20FURNACE%20BRANCH%20RD%22%20affordable%20housing,"Park View at Furnace Branch | Apartments in Glen Burnie, MD",housing_directory_or_other_web_source,https://furnacebranch.enterpriseresidential.org/,Park View at Furnace Branch - 7466 E Furnance …,property_listing_or_public_records,https://www.apartments.com/park-view-at-furnace-branch-glen-burnie-md/vd5vg0g/?msockid=06356663fae369d7107b71f1fbb8685c,Outside read via Bing: a property-specific source identifies the matched name and location. This outside evidence is used for linkage only; it does not adjudicate the conflicting or repeated unit totals.,2026-08-09,accept,same_property_recapitalization,Accept the provisional linkage as one physical development. Preserve the component HUD records as project episodes. Unit aggregation is a separate unresolved decision.,2026-08-09
63,DEV_MDA20040065,repeated_total_long_gap,PARK VIEW AT SNOWDEN RIVER,COLUMBIA,MD,2,2004,2024,normalized_name_identical_multisite_set,100,100,MD-03-08001|MD03-08001,8600 SNOWDEN RIVER PKWY|8600 WEST SNOWDEN RIVER PARKWAY,accept,same_property_recapitalization,"Internal HUD read: MDA20040065 (PIS 2004, state ID MD03-08001, units 100); MDA20240060 (PIS 2024, state ID MD-03-08001, units 100). Link evidence: normalized_name_identical_multisite_set. Distinct published primary-address strings: 2.",2026-08-09,accept,external_property_identity_consistent,Bing,https://www.bing.com/search?q=%22PARK%20VIEW%20AT%20SNOWDEN%20RIVER%22%20%22COLUMBIA%22%20%228600%20SNOWDEN%20RIVER%20PKWY%22%20affordable%20housing,"Park View at Snowden River | Apartments in Columbia, MD",housing_directory_or_other_web_source,https://snowdenriver.enterpriseresidential.org/,PARK VIEW AT SNOWDEN RIVER | Low Income Housing | 8600 …,housing_directory_or_other_web_source,https://www.affordablehousing411.com/housing/lihtc-details-park-view-at-snowden-river-8600-snowden-river-pkwy-columbia-md-21045/,Outside read via Bing: a property-specific source identifies the matched name and location. This outside evidence is used for linkage only; it does not adjudicate the conflicting or repeated unit totals.,2026-08-09,accept,same_property_recapitalization,Accept the provisional linkage as one physical development. Preserve the component HUD records as project episodes. Unit aggregation is a separate unresolved decision.,2026-08-09
64,DEV_MDA19920075,repeated_total_long_gap,SCHUMAKER PLACE,SALISBURY,MD,2,1992,2020,normalized_name_identical_multisite_set,96,96,MD-90-09001-8|MD90-09,816 S SCHUMAKER DR|818 S. SCHUMAKER PLACE,accept,same_property_recapitalization,"Internal HUD read: MDA19920075 (PIS 1992, state ID MD90-09, units 96); MDA20203077 (PIS 2020, state ID MD-90-09001-8, units 96). Link evidence: normalized_name_identical_multisite_set. Distinct published primary-address strings: 2.",2026-08-09,accept,external_property_identity_consistent,Bing,https://www.bing.com/search?q=%22SCHUMAKER%20PLACE%22%20%22SALISBURY%22%20%22816%20S%20SCHUMAKER%20DR%22%20affordable%20housing,"SCHUMAKER PLACE - SALISBURY, MD | LIHTC Affordable Housing",housing_directory_or_other_web_source,https://affordablehousingnearme.net/property/MDA19920075-schumaker-place-816-s-schumaker-dr-salisbury-md,SCHUMAKER PLACE | Low Income Housing | 816 S SCHUMAKER …,housing_directory_or_other_web_source,https://www.affordablehousing411.com/housing/lihtc-details-schumaker-place-816-s-schumaker-dr-salisbury-md-21804/,Outside read via Bing: a property-specific source identifies the matched name and location. This outside evidence is used for linkage only; it does not adjudicate the conflicting or repeated unit totals.,2026-08-09,accept,same_property_recapitalization,Accept the provisional linkage as one physical development. Preserve the component HUD records as project episodes. Unit aggregation is a separate unresolved decision.,2026-08-09
65,DEV_MDA19940900,repeated_total_long_gap,SILVERWOOD FARMS I,PRINCE FREDERICK,MD,2,1994,2010,normalized_name_standardized_primary_address,180,180,MD92-05|MD92-05001,100 RUNNING BROOK WAY,accept,same_property_recapitalization,"Internal HUD read: MDA19940900 (PIS 1994, state ID MD92-05, units 180); MDA20100073 (PIS 2010, state ID MD92-05001, units 180). Link evidence: normalized_name_standardized_primary_address. Distinct published primary-address strings: 1.",2026-08-09,accept,external_property_identity_consistent,Bing,https://www.bing.com/search?q=%22SILVERWOOD%20FARMS%20I%22%20%22PRINCE%20FREDERICK%22%20%22100%20RUNNING%20BROOK%20WAY%22%20affordable%20housing,SILVERWOOD FARMS I | Low Income Housing | 100 RUNNING …,housing_directory_or_other_web_source,https://www.affordablehousing411.com/housing/lihtc-details-silverwood-farms-i-100-running-brook-way-prince-frederick-md-20678/,"Silverwood Farms I in Prince Frederick, Maryland - MDA19940900",housing_directory_or_other_web_source,https://www.crediohub.com/LIHTC-properties/l/19278/silverwood-farms-i-mda19940900,Outside read via Bing: a property-specific source identifies the matched name and location. This outside evidence is used for linkage only; it does not adjudicate the conflicting or repeated unit totals.,2026-08-09,accept,same_property_recapitalization,Accept the provisional linkage as one physical development. Preserve the component HUD records as project episodes. Unit aggregation is a separate unresolved decision.,2026-08-09
66,DEV_MIA20089228,repeated_total_long_gap,BUTTERNUT CREEK,CHARLOTTE,MI,2,2008,2024,normalized_name_identical_multisite_set,100,100,573|MI-573,100 BUTTERNUT CREEK|216 BUTTERNUT DR,accept,same_property_recapitalization,"Internal HUD read: MIA20089228 (PIS 2008, state ID MI-573, units 100); MIA20240021 (PIS 2024, state ID 573, units 100). Link evidence: normalized_name_identical_multisite_set. Distinct published primary-address strings: 2.",2026-08-09,accept,external_property_identity_consistent,Bing,https://www.bing.com/search?q=%22BUTTERNUT%20CREEK%22%20%22CHARLOTTE%22%20%22100%20BUTTERNUT%20CREEK%22%20affordable%20housing,"Butternut Creek - Low Income Apartments in Charlotte, …",housing_directory_or_other_web_source,https://www.publichousing.com/details/butternut_creek,BUTTERNUT CREEK | Multifamily Housing | 100 BUTTERNUT DR …,housing_directory_or_other_web_source,https://www.affordablehousing411.com/housing/multifamily-housing-details-butternut-creek-100-butternut-dr-charlotte-mi-48813/,Outside read via Bing: a property-specific source identifies the matched name and location. This outside evidence is used for linkage only; it does not adjudicate the conflicting or repeated unit totals.,2026-08-09,accept,same_property_recapitalization,Accept the provisional linkage as one physical development. Preserve the component HUD records as project episodes. Unit aggregation is a separate unresolved decision.,2026-08-09
67,DEV_MIA20080155,repeated_total_long_gap,RIDGEWOOD VISTA (JACKSON),JACKSON,MI,2,2008,2024,normalized_name_identical_multisite_set+normalized_name_standardized_primary_address,150,150,595|MI-595,5000 PONDEROSA DR|5000 PONDEROSA DRIVE,accept,same_property_recapitalization,"Internal HUD read: MIA20080155 (PIS 2008, state ID MI-595, units 150); MIA20240028 (PIS 2024, state ID 595, units 150). Link evidence: normalized_name_identical_multisite_set+normalized_name_standardized_primary_address. Distinct published primary-address strings: 2.",2026-08-09,accept,external_property_identity_consistent,Bing,https://www.bing.com/search?q=%22RIDGEWOOD%20VISTA%20(JACKSON)%22%20%22JACKSON%22%20%225000%20PONDEROSA%20DR%22%20affordable%20housing,"Ridgewood Vista (Jackson) | Affordable Housing in Jackson, MI",housing_directory_or_other_web_source,https://affordablehousinghub.org/housing/michigan/jackson-county/jackson/ridgewood-vista-jackson-52207-lihtc,"RIDGEWOOD VISTA (JACKSON) - JACKSON, MI | LIHTC Affordable …",housing_directory_or_other_web_source,https://affordablehousingnearme.net/property/MIA20080155-ridgewood-vista-jackson-5000-ponderosa-dr-jackson-mi,Outside read via Bing: a property-specific source identifies the matched name and location. This outside evidence is used for linkage only; it does not adjudicate the conflicting or repeated unit totals.,2026-08-09,accept,same_property_recapitalization,Accept the provisional linkage as one physical development. Preserve the component HUD records as project episodes. Unit aggregation is a separate unresolved decision.,2026-08-09
68,DEV_MIA20070140,repeated_total_long_gap,TRUMBULL CROSSING,DETROIT,MI,2,2007,2024,normalized_name_identical_multisite_set,245,244|245,300|MI-300,5500 TRUMBULL|5500 TRUMBULL ST,accept,same_property_recapitalization,"Internal HUD read: MIA20070140 (PIS 2007, state ID MI-300, units 245); MIA20240031 (PIS 2024, state ID 300, units 245). Link evidence: normalized_name_identical_multisite_set. Distinct published primary-address strings: 2.",2026-08-09,accept,external_property_identity_consistent,Bing,https://www.bing.com/search?q=%22TRUMBULL%20CROSSING%22%20%22DETROIT%22%20%225500%20TRUMBULL%22%20affordable%20housing,Trumbull Crossing Apartments 5500 Trumbull St in …,housing_directory_or_other_web_source,https://www.affordablehousing.com/detroit-mi/trumbull-crossing-apartments-640442/,"Trumbull Crossing - 5500 Trumbull Street, MI 48208 - Yardi Matrix",housing_directory_or_other_web_source,https://www.yardimatrix.com/property-types/multifamily/detroit/trumbull-crossing-5500-trumbull-street-mi-48208--126904/,Outside read via Bing: a property-specific source identifies the matched name and location. This outside evidence is used for linkage only; it does not adjudicate the conflicting or repeated unit totals.,2026-08-09,accept,same_property_recapitalization,Accept the provisional linkage as one physical development. Preserve the component HUD records as project episodes. Unit aggregation is a separate unresolved decision.,2026-08-09
69,DEV_MTA20109002,repeated_total_long_gap,FRANKLIN SCHOOL APARTMENTS,GREAT FALLS,MT,2,2010,2025,normalized_name_identical_multisite_set,40,40,09050|25120,820 1ST AVE SW|820 FIRST AVENUE SW,accept,same_property_recapitalization,"Internal HUD read: MTA20109002 (PIS 2010, state ID 09050, units 40); MTA20250015 (PIS 2025, state ID 25120, units 40). Link evidence: normalized_name_identical_multisite_set. Distinct published primary-address strings: 2.",2026-08-09,accept,external_property_identity_consistent,Bing,https://www.bing.com/search?q=%22FRANKLIN%20SCHOOL%20APARTMENTS%22%20%22GREAT%20FALLS%22%20%22820%201ST%20AVE%20SW%22%20affordable%20housing,"Franklin School Apartments in Great Falls, Montana",housing_press,https://affordablehousingonline.com/housing-search/Montana/Great-Falls/Franklin-School-Apartments/10060764,"Franklin School Apartments - Affordable Housing in Great Falls, MT ...",housing_directory_or_other_web_source,https://section8search.org/montana/great-falls/franklin-school-apartments/pv6rnklf91r5hwa33nhb8kbg,Outside read via Bing: a property-specific source identifies the matched name and location. This outside evidence is used for linkage only; it does not adjudicate the conflicting or repeated unit totals.,2026-08-09,accept,same_property_recapitalization,Accept the provisional linkage as one physical development. Preserve the component HUD records as project episodes. Unit aggregation is a separate unresolved decision.,2026-08-09
70,DEV_NJA19950140,repeated_total_long_gap,WINDING RIDGE,NEPTUNE TWP.,NJ,2,1995,2020,normalized_name_standardized_primary_address,98,97,1766|NJ-400,WINDING RIDGE CIRCLE,accept,same_property_recapitalization,"Internal HUD read: NJA19950140 (PIS 1995, state ID NJ-400, units 98); NJA20200048 (PIS 2020, state ID 1766, units 98). Link evidence: normalized_name_standardized_primary_address. Distinct published primary-address strings: 1.",2026-08-09,accept,external_property_identity_consistent,Bing,https://www.bing.com/search?q=%22WINDING%20RIDGE%22%20%22NEPTUNE%20TWP.%22%20%22WINDING%20RIDGE%20CIRCLE%22%20affordable%20housing,"Winding Ridge | Affordable Housing in Neptune Twp, NJ",housing_directory_or_other_web_source,https://affordablehousinghub.org/housing/new-jersey/monmouth-county/neptune-twp/winding-ridge-22993-lihtc,"WINDING RIDGE - NEPTUNE TWP., NJ | LIHTC Affordable Housing",housing_directory_or_other_web_source,https://affordablehousingnearme.net/property/NJA20200048-winding-ridge-winding-ridge-circle-neptune-twp-nj,Outside read via Bing: a property-specific source identifies the matched name and location. This outside evidence is used for linkage only; it does not adjudicate the conflicting or repeated unit totals.,2026-08-09,accept,same_property_recapitalization,Accept the provisional linkage as one physical development. Preserve the component HUD records as project episodes. Unit aggregation is a separate unresolved decision.,2026-08-09
71,DEV_NVA20000020,repeated_total_long_gap,MOUNTAIN VIEW,WINNEMUCCA,NV,2,2000,2022,normalized_name_standardized_primary_address,42,41|42,20-67|99-06,1200 HANSON ST|1200 HANSON STREET,accept,same_property_recapitalization,"Internal HUD read: NVA20000020 (PIS 2000, state ID 99-06, units 42); NVA20222003 (PIS 2022, state ID 20-67, units 42). Link evidence: normalized_name_standardized_primary_address. Distinct published primary-address strings: 2.",2026-08-09,accept,external_property_identity_consistent,Bing,https://www.bing.com/search?q=%22MOUNTAIN%20VIEW%22%20%22WINNEMUCCA%22%20%221200%20HANSON%20ST%22%20affordable%20housing,MOUNTAIN VIEW | Low Income Housing | 1200 HANSON ST …,housing_directory_or_other_web_source,https://www.affordablehousing411.com/housing/lihtc-details-mountain-view-1200-hanson-st-winnemucca-nv-89445/,"MOUNTAIN VIEW - WINNEMUCCA, NV | LIHTC Affordable Housing",housing_directory_or_other_web_source,https://affordablehousingnearme.net/property/NVA20000020-mountain-view-1200-hanson-st-winnemucca-nv,Outside read via Bing: a property-specific source identifies the matched name and location. This outside evidence is used for linkage only; it does not adjudicate the conflicting or repeated unit totals.,2026-08-09,accept,same_property_recapitalization,Accept the provisional linkage as one physical development. Preserve the component HUD records as project episodes. Unit aggregation is a separate unresolved decision.,2026-08-09
72,DEV_OHA19890015,repeated_total_long_gap,ALPHA TOWERS,TOLEDO,OH,2,1989,2024,normalized_name_identical_multisite_set+normalized_name_standardized_primary_address,165,165,230214|OH-89-0307,525 E WOODRUFF AVE|525 EAST WOODRUFF AVENUE,accept,same_property_recapitalization,"Internal HUD read: OHA19890015 (PIS 1989, state ID OH-89-0307, units 165); OHA20240001 (PIS 2024, state ID 230214, units 165). Link evidence: normalized_name_identical_multisite_set+normalized_name_standardized_primary_address. Distinct published primary-address strings: 2.",2026-08-09,accept,external_property_identity_consistent,Bing,https://www.bing.com/search?q=%22ALPHA%20TOWERS%22%20%22TOLEDO%22%20%22525%20E%20WOODRUFF%20AVE%22%20affordable%20housing,Alpha Towers (Senior Living 62+) - 525 E Woodruff Ave …,property_listing_or_public_records,https://www.apartments.com/alpha-towers-senior-living-62-toledo-oh/3cf363e/?msockid=06356663fae369d7107b71f1fbb8685c,"Alpha Towers | Affordable Housing in Toledo, OH",housing_directory_or_other_web_source,https://affordablehousinghub.org/housing/ohio/lucas/toledo/alpha-towers-33926-lihtc,Outside read via Bing: a property-specific source identifies the matched name and location. This outside evidence is used for linkage only; it does not adjudicate the conflicting or repeated unit totals.,2026-08-09,accept,same_property_recapitalization,Accept the provisional linkage as one physical development. Preserve the component HUD records as project episodes. Unit aggregation is a separate unresolved decision.,2026-08-09
73,DEV_OHA19890440,repeated_total_long_gap,MUSICIANS TOWERS,CLEVELAND HEIGHTS,OH,2,1989,2020,normalized_name_identical_multisite_set+normalized_name_standardized_primary_address,240,240,180210|OH-89-0421,2727 LANCASHIRE RD|2727 LANCASHIRE ROAD,accept,same_property_recapitalization,"Internal HUD read: OHA19890440 (PIS 1989, state ID OH-89-0421, units 240); OHA20200029 (PIS 2020, state ID 180210, units 240). Link evidence: normalized_name_identical_multisite_set+normalized_name_standardized_primary_address. Distinct published primary-address strings: 2.",2026-08-09,accept,external_property_identity_consistent,Bing,https://www.bing.com/search?q=%22MUSICIANS%20TOWERS%22%20%22CLEVELAND%20HEIGHTS%22%20%222727%20LANCASHIRE%20RD%22%20affordable%20housing,"Musicians Towers 2727 Lancashire Rd in Cleveland Heights, OH …",housing_directory_or_other_web_source,https://www.affordablehousing.com/cleveland-heights-oh/musicians-towers-1029976/,Musicians Towers - 2727 Lancashire Rd Cleveland …,property_listing_or_public_records,https://www.apartments.com/musicians-towers-cleveland-heights-oh/7kw1sxx/?msockid=06356663fae369d7107b71f1fbb8685c,Outside read via Bing: a property-specific source identifies the matched name and location. This outside evidence is used for linkage only; it does not adjudicate the conflicting or repeated unit totals.,2026-08-09,accept,same_property_recapitalization,Accept the provisional linkage as one physical development. Preserve the component HUD records as project episodes. Unit aggregation is a separate unresolved decision.,2026-08-09
74,DEV_OKA19980065,repeated_total_long_gap,HICKORY CROSSING,SAPULPA,OK,2,1998,2024,normalized_name_identical_multisite_set+normalized_name_standardized_primary_address,40,39,220625|970723,2101 S HICKORY ST|2101 S. HICKORY ST.,accept,same_property_recapitalization,"Internal HUD read: OKA19980065 (PIS 1998, state ID 970723, units 40); OKA20240018 (PIS 2024, state ID 220625, units 40). Link evidence: normalized_name_identical_multisite_set+normalized_name_standardized_primary_address. Distinct published primary-address strings: 2.",2026-08-09,accept,external_property_identity_consistent,Bing,https://www.bing.com/search?q=%22HICKORY%20CROSSING%22%20%22SAPULPA%22%20%222101%20S%20HICKORY%20ST%22%20affordable%20housing,Hickory Crossing | Discover Senior Living Options - Join …,housing_directory_or_other_web_source,https://www.vintagehousing.org/hickory-crossing,"Hickory Crossing - Sapulpa, OK | After55",housing_directory_or_other_web_source,https://www.after55.com/ok/sapulpa/hickory-crossing/sk12m35,Outside read via Bing: a property-specific source identifies the matched name and location. This outside evidence is used for linkage only; it does not adjudicate the conflicting or repeated unit totals.,2026-08-09,accept,same_property_recapitalization,Accept the provisional linkage as one physical development. Preserve the component HUD records as project episodes. Unit aggregation is a separate unresolved decision.,2026-08-09
75,DEV_RIA19880015,repeated_total_long_gap,OXFORD GARDENS,PROVIDENCE,RI,2,1988,2018,normalized_name_identical_multisite_set,50,45|50,1087|RI00204,165 GALLUP ST|475 PRAIRIE AVE,accept,same_property_recapitalization,"Internal HUD read: RIA19880015 (PIS 1988, state ID 1087, units 50); RIA20181001 (PIS 2018, state ID RI00204, units 50). Link evidence: normalized_name_identical_multisite_set. Distinct published primary-address strings: 2.",2026-08-09,accept,external_property_identity_consistent,Bing,https://www.bing.com/search?q=%22OXFORD%20GARDENS%22%20%22PROVIDENCE%22%20%22165%20GALLUP%20ST%22%20affordable%20housing,OXFORD GARDENS | Low Income Housing | 165 GALLUP ST …,housing_directory_or_other_web_source,https://www.affordablehousing411.com/housing/lihtc-details-oxford-gardens-165-gallup-st-providence-ri-2905/,"Oxford Gardens | Affordable Housing in Providence, RI",housing_directory_or_other_web_source,https://affordablehousinghub.org/housing/rhode-island/providence-county/providence/oxford-gardens-38791-lihtc,Outside read via Bing: a property-specific source identifies the matched name and location. This outside evidence is used for linkage only; it does not adjudicate the conflicting or repeated unit totals.,2026-08-09,accept,same_property_recapitalization,Accept the provisional linkage as one physical development. Preserve the component HUD records as project episodes. Unit aggregation is a separate unresolved decision.,2026-08-09
76,DEV_SCA19960005,repeated_total_long_gap,123 CLUB,BEAUFORT,SC,2,1996,2017,normalized_name_identical_multisite_set+normalized_name_standardized_primary_address,40,40,SC-17009|SC-95-029,123 OLD SALEM RD|123 OLD SALEM ROAD,accept,same_property_recapitalization,"Internal HUD read: SCA19960005 (PIS 1996, state ID SC-95-029, units 40); SCA20173001 (PIS 2017, state ID SC-17009, units 40). Link evidence: normalized_name_identical_multisite_set+normalized_name_standardized_primary_address. Distinct published primary-address strings: 2.",2026-08-09,accept,external_property_identity_consistent,Bing,https://www.bing.com/search?q=%22123%20CLUB%22%20%22BEAUFORT%22%20%22123%20OLD%20SALEM%20RD%22%20affordable%20housing,"Apartments in Beaufort, SC | 123 Club",owner_or_operator,https://123club.wodagroup.com/,123 Club - 123 Old Salem Rd Beaufort SC (2 units …,property_listing_or_public_records,https://www.zillow.com/apartments/beaufort-sc/123-club/5XxXQk/?msockid=06356663fae369d7107b71f1fbb8685c,Outside read via Bing: a property-specific source identifies the matched name and location. This outside evidence is used for linkage only; it does not adjudicate the conflicting or repeated unit totals.,2026-08-09,accept,same_property_recapitalization,Accept the provisional linkage as one physical development. Preserve the component HUD records as project episodes. Unit aggregation is a separate unresolved decision.,2026-08-09
77,DEV_SCA19940010,repeated_total_long_gap,BENNETTS POINTE,BENNETTSVILLE,SC,2,1994,2018,normalized_name_identical_multisite_set+normalized_name_standardized_primary_address,32,32,SC-16031|SC-93-016,907 CHERAW ST|907 CHERAW STREET,accept,same_property_recapitalization,"Internal HUD read: SCA19940010 (PIS 1994, state ID SC-93-016, units 32); SCA20182002 (PIS 2018, state ID SC-16031, units 32). Link evidence: normalized_name_identical_multisite_set+normalized_name_standardized_primary_address. Distinct published primary-address strings: 2.",2026-08-09,accept,external_property_identity_consistent,Bing,https://www.bing.com/search?q=%22BENNETTS%20POINTE%22%20%22BENNETTSVILLE%22%20%22907%20CHERAW%20ST%22%20affordable%20housing,"Bennetts Pointe | Affordable Housing in Bennettsville, SC",housing_directory_or_other_web_source,https://affordablehousinghub.org/housing/south-carolina/marlboro/bennettsville/bennetts-pointe-38583-lihtc,"BENNETTS POINTE - BENNETTSVILLE, SC | LIHTC Affordable …",housing_directory_or_other_web_source,https://affordablehousingnearme.net/property/SCA19940010-bennetts-pointe-907-cheraw-st-bennettsville-sc,Outside read via Bing: a property-specific source identifies the matched name and location. This outside evidence is used for linkage only; it does not adjudicate the conflicting or repeated unit totals.,2026-08-09,accept,same_property_recapitalization,Accept the provisional linkage as one physical development. Preserve the component HUD records as project episodes. Unit aggregation is a separate unresolved decision.,2026-08-09
78,DEV_SCA20060073,repeated_total_long_gap,BRIDGEVIEW VILLAGE,CHARLESTON,SC,2,2006,2023,normalized_name_identical_multisite_set,300,300,SC-50-305|SC-51905,100 N ROMNEY ST|108 NORTH ROMNEY ST,accept,same_property_recapitalization,"Internal HUD read: SCA20060073 (PIS 2006, state ID SC-50-305, units 300); SCA20231013 (PIS 2023, state ID SC-51905, units 300). Link evidence: normalized_name_identical_multisite_set. Distinct published primary-address strings: 2.",2026-08-09,accept,external_property_identity_consistent,Bing,https://www.bing.com/search?q=%22BRIDGEVIEW%20VILLAGE%22%20%22CHARLESTON%22%20%22100%20N%20ROMNEY%20ST%22%20affordable%20housing,"Bridgeview Village - Affordable Housing in Charleston, …",housing_directory_or_other_web_source,https://section8search.org/south-carolina/charleston/bridgeview-village/ezzlo4jl0ooirb514tmsp264,Bridgeview Village - UsLowCostHousing,housing_directory_or_other_web_source,https://sec8.uslowcosthousing.com/state/sc/charleston/bridgeview-village-39864/,Outside read via Bing: a property-specific source identifies the matched name and location. This outside evidence is used for linkage only; it does not adjudicate the conflicting or repeated unit totals.,2026-08-09,accept,same_property_recapitalization,Accept the provisional linkage as one physical development. Preserve the component HUD records as project episodes. Unit aggregation is a separate unresolved decision.,2026-08-09
79,DEV_SCA19880230,repeated_total_long_gap,FOUNTAIN ARMS,FOUNTAIN INN,SC,2,1988,2020,normalized_name_identical_multisite_set+normalized_name_standardized_primary_address,50,50,SC-19002|SC-88-089,111 OLD FAIRVIEW RD|111 OLD FAIRVIEW ROAD,accept,same_property_recapitalization,"Internal HUD read: SCA19880230 (PIS 1988, state ID SC-88-089, units 50); SCA20200004 (PIS 2020, state ID SC-19002, units 50). Link evidence: normalized_name_identical_multisite_set+normalized_name_standardized_primary_address. Distinct published primary-address strings: 2.",2026-08-09,accept,external_property_identity_consistent,Bing,https://www.bing.com/search?q=%22FOUNTAIN%20ARMS%22%20%22FOUNTAIN%20INN%22%20%22111%20OLD%20FAIRVIEW%20RD%22%20affordable%20housing,"Fountain Arms | Apartments in Fountain Inn, SC",housing_directory_or_other_web_source,https://fountainarms.cahecmanagement.com/,"Fountain Arms - Affordable Housing in Fountain Inn, SC | Section 8 …",housing_directory_or_other_web_source,https://section8search.org/south-carolina/fountain-inn/fountain-arms/mpdhphf75bm5ui7uzd4n3pu3,Outside read via Bing: a property-specific source identifies the matched name and location. This outside evidence is used for linkage only; it does not adjudicate the conflicting or repeated unit totals.,2026-08-09,accept,same_property_recapitalization,Accept the provisional linkage as one physical development. Preserve the component HUD records as project episodes. Unit aggregation is a separate unresolved decision.,2026-08-09
80,DEV_SCA19930050,repeated_total_long_gap,HOLLY TREE MANOR,HOLLY HILL,SC,2,1993,2018,normalized_name_identical_multisite_set,24,24,SC-17001|SC-92-003,1026 DOYLE STREET|701 HOLLY MANOR DRIVE,accept,same_property_recapitalization,"Internal HUD read: SCA19930050 (PIS 1993, state ID SC-92-003, units 24); SCA20182008 (PIS 2018, state ID SC-17001, units 24). Link evidence: normalized_name_identical_multisite_set. Distinct published primary-address strings: 2.",2026-08-09,accept,external_property_identity_consistent,Bing,https://www.bing.com/search?q=%22HOLLY%20TREE%20MANOR%22%20%22HOLLY%20HILL%22%20%221026%20DOYLE%20STREET%22%20affordable%20housing,"Holly Tree Manor | Affordable Housing in Holly Hill, SC",housing_directory_or_other_web_source,https://affordablehousinghub.org/housing/south-carolina/orangeburg-county/holly-hill/holly-tree-manor-54709-lihtc,"Holly Tree Manor - Affordable Housing in Holly Hill, SC | Section 8 …",housing_directory_or_other_web_source,https://section8search.org/south-carolina/holly-hill/holly-tree-manor/t23jw1tprc01649hdw32ia8t,Outside read via Bing: a property-specific source identifies the matched name and location. This outside evidence is used for linkage only; it does not adjudicate the conflicting or repeated unit totals.,2026-08-09,accept,same_property_recapitalization,Accept the provisional linkage as one physical development. Preserve the component HUD records as project episodes. Unit aggregation is a separate unresolved decision.,2026-08-09
81,DEV_SCA19930070,repeated_total_long_gap,OAKWOOD MANOR,BENNETTSVILLE,SC,2,1993,2019,normalized_name_identical_multisite_set+normalized_name_standardized_primary_address,24,24,SC-18004|SC-93-013,904 OAKWOOD ST|904 OAKWOOD STREET,accept,same_property_recapitalization,"Internal HUD read: SCA19930070 (PIS 1993, state ID SC-93-013, units 24); SCA20194001 (PIS 2019, state ID SC-18004, units 24). Link evidence: normalized_name_identical_multisite_set+normalized_name_standardized_primary_address. Distinct published primary-address strings: 2.",2026-08-09,accept,external_property_identity_consistent,Bing,https://www.bing.com/search?q=%22OAKWOOD%20MANOR%22%20%22BENNETTSVILLE%22%20%22904%20OAKWOOD%20ST%22%20affordable%20housing,"Oakwood Manor - 904 Oakwood St Bennettsville, SC …",property_listing_or_public_records,https://www.apartments.com/oakwood-manor-bennettsville-sc/m2jrlyh/?msockid=06356663fae369d7107b71f1fbb8685c,"Oakwood Manor | Affordable Housing in Bennettsville, SC",housing_directory_or_other_web_source,https://affordablehousinghub.org/housing/south-carolina/marlboro-county/bennettsville/oakwood-manor-38557-lihtc,Outside read via Bing: a property-specific source identifies the matched name and location. This outside evidence is used for linkage only; it does not adjudicate the conflicting or repeated unit totals.,2026-08-09,accept,same_property_recapitalization,Accept the provisional linkage as one physical development. Preserve the component HUD records as project episodes. Unit aggregation is a separate unresolved decision.,2026-08-09
82,DEV_SCA19930095,repeated_total_long_gap,WEST END MANOR,UNION,SC,2,1993,2023,normalized_name_identical_multisite_set,28,28,SC-21036|SC-92-013,629 RICE AVE EXT|629 RICE AVENUE EXTENSION,accept,same_property_recapitalization,"Internal HUD read: SCA19930095 (PIS 1993, state ID SC-92-013, units 28); SCA20231023 (PIS 2023, state ID SC-21036, units 28). Link evidence: normalized_name_identical_multisite_set. Distinct published primary-address strings: 2.",2026-08-09,accept,external_property_identity_consistent,Bing,https://www.bing.com/search?q=%22WEST%20END%20MANOR%22%20%22UNION%22%20%22629%20RICE%20AVE%20EXT%22%20affordable%20housing,"West End Manor | Affordable Housing in Union, SC",housing_directory_or_other_web_source,https://affordablehousinghub.org/housing/south-carolina/union-county/union/west-end-manor-38579-lihtc,"West End Manor - Affordable Housing in Union, SC | Section 8 Search",housing_directory_or_other_web_source,https://section8search.org/south-carolina/union/west-end-manor/v7cfeeqvmxn7x872cd3pbzlq,Outside read via Bing: a property-specific source identifies the matched name and location. This outside evidence is used for linkage only; it does not adjudicate the conflicting or repeated unit totals.,2026-08-09,accept,same_property_recapitalization,Accept the provisional linkage as one physical development. Preserve the component HUD records as project episodes. Unit aggregation is a separate unresolved decision.,2026-08-09
83,DEV_TNA20060085,repeated_total_long_gap,CHAPEL RIDGE OF GALLATIN,GALLATIN,TN,2,2006,2025,normalized_name_identical_multisite_set+normalized_name_standardized_primary_address,208,168|208,TN-04-211|TN-22-229,1590 AIRPORT RD,accept,same_property_recapitalization,"Internal HUD read: TNA20060085 (PIS 2006, state ID TN-04-211, units 208); TNA20250011 (PIS 2025, state ID TN-22-229, units 208). Link evidence: normalized_name_identical_multisite_set+normalized_name_standardized_primary_address. Distinct published primary-address strings: 1.",2026-08-09,accept,external_property_identity_consistent,Google,https://www.bing.com/search?q=%22CHAPEL%20RIDGE%20OF%20GALLATIN%22%20%22GALLATIN%22%20%221590%20AIRPORT%20RD%22%20affordable%20housing,Dominium Announces the Acquisition of Chapel Ridge of Gallatin in Tennessee,owner_or_operator,https://www.dominiumapartments.com/newsroom/Dominium-Announces-the-Acquisition-of-Chapel-Ridge-of-Gallatin-in-Tennessee.html,"Dominium Acquires Tennessee, Texas Properties",housing_press,https://www.housingonline.com/2021/12/21/dominium-acquires-tennessee-texas-properties/,The operator and housing-industry article both identify Chapel Ridge of Gallatin at 1590 Airport Road as one 208-unit property originally built with LIHTC and later acquired for renewed affordability and rehabilitation.,2026-08-09,accept,same_property_recapitalization,Accept the provisional linkage as one physical development. Preserve the component HUD records as project episodes. Unit aggregation is a separate unresolved decision.,2026-08-09
84,DEV_VAA19960045,repeated_total_long_gap,DULLES CENTER I,HERNDON,VA,2,1996,2023,normalized_name_identical_multisite_set+normalized_name_standardized_primary_address,144,144,4516|VA9574001,2410 LITTLE CURRENT DR|2410 LITTLE CURRENT DRIVE,accept,same_property_recapitalization,"Internal HUD read: VAA19960045 (PIS 1996, state ID VA9574001, units 144); VAA20231030 (PIS 2023, state ID 4516, units 144). Link evidence: normalized_name_identical_multisite_set+normalized_name_standardized_primary_address. Distinct published primary-address strings: 2.",2026-08-09,accept,external_property_identity_consistent,Bing,https://www.bing.com/search?q=%22DULLES%20CENTER%20I%22%20%22HERNDON%22%20%222410%20LITTLE%20CURRENT%20DR%22%20affordable%20housing,"Dulles Center I - Affordable Housing in Herndon, VA | Section 8 Search",housing_directory_or_other_web_source,https://section8search.org/virginia/herndon/dulles-center-i/jxey136h8g0m8f0latmof2sc,DULLES CENTER I | Low Income Housing | 2410 LITTLE CURRENT …,housing_directory_or_other_web_source,https://www.affordablehousing411.com/housing/lihtc-details-dulles-center-i-2410-little-current-dr-herndon-va-20171/,Outside read via Bing: a property-specific source identifies the matched name and location. This outside evidence is used for linkage only; it does not adjudicate the conflicting or repeated unit totals.,2026-08-09,accept,same_property_recapitalization,Accept the provisional linkage as one physical development. Preserve the component HUD records as project episodes. Unit aggregation is a separate unresolved decision.,2026-08-09
85,DEV_VAA19890055,repeated_total_long_gap,HARMONY VILLAGE,GALAX,VA,2,1989,2018,normalized_name_identical_multisite_set+normalized_name_standardized_primary_address,42,42,1000,1151 GLENDALE RD|1151 GLENDALE ROAD,accept,same_property_recapitalization,"Internal HUD read: VAA19890055 (PIS 1989, state ID 1000, units 42); VAA20181010 (PIS 2018, state ID 1000, units 42). Link evidence: normalized_name_identical_multisite_set+normalized_name_standardized_primary_address. Distinct published primary-address strings: 2.",2026-08-09,accept,external_property_identity_consistent,Bing,https://www.bing.com/search?q=%22HARMONY%20VILLAGE%22%20%22GALAX%22%20%221151%20GLENDALE%20RD%22%20affordable%20housing,"Harmony Village - Affordable Housing in Galax, VA | Section 8 Search",housing_directory_or_other_web_source,https://section8search.org/virginia/galax/harmony-village/k3a3ame78txe2kygnckcrhdj,"HARMONY VILLAGE - GALAX, VA | LIHTC Affordable Housing",housing_directory_or_other_web_source,https://affordablehousingnearme.net/property/VAA19890055-harmony-village-1151-glendale-rd-galax-va,Outside read via Bing: a property-specific source identifies the matched name and location. This outside evidence is used for linkage only; it does not adjudicate the conflicting or repeated unit totals.,2026-08-09,accept,same_property_recapitalization,Accept the provisional linkage as one physical development. Preserve the component HUD records as project episodes. Unit aggregation is a separate unresolved decision.,2026-08-09
86,DEV_WAA19960035,repeated_total_long_gap,GLEN HOTEL,SEATTLE,WA,2,1996,2013,normalized_name_standardized_primary_address,38,37|38,94-33C|WA-94-00173,1413 THIRD AVE|1413 THIRD AVENUE,accept,same_property_recapitalization,"Internal HUD read: WAA19960035 (PIS 1996, state ID WA-94-00173, units 38); WAA20133013 (PIS 2013, state ID 94-33C, units 38). Link evidence: normalized_name_standardized_primary_address. Distinct published primary-address strings: 2.",2026-08-09,accept,external_property_identity_consistent,Bing,https://www.bing.com/search?q=%22GLEN%20HOTEL%22%20%22SEATTLE%22%20%221413%20THIRD%20AVE%22%20affordable%20housing,"GLEN HOTEL | Low Income Housing | 1413 THIRD AVE Seattle, WA …",housing_directory_or_other_web_source,https://www.affordablehousing411.com/housing/lihtc-details-glen-hotel-1413-third-ave-seattle-wa-98101/,"Glen Hotel | Affordable Housing in Seattle, WA",housing_directory_or_other_web_source,https://affordablehousinghub.org/housing/washington/king-county/seattle/glen-hotel-46827-lihtc,Outside read via Bing: a property-specific source identifies the matched name and location. This outside evidence is used for linkage only; it does not adjudicate the conflicting or repeated unit totals.,2026-08-09,accept,same_property_recapitalization,Accept the provisional linkage as one physical development. Preserve the component HUD records as project episodes. Unit aggregation is a separate unresolved decision.,2026-08-09
87,DEV_WAA20010180,repeated_total_long_gap,TRAILSIDE VILLAGE,EVERETT,WA,2,2001,2017,normalized_name_identical_multisite_set+normalized_name_standardized_primary_address,250,248|249,16-121A|WA-01-22A,1300 100TH PL SE|1300 100TH PLACE SE,accept,same_property_recapitalization,"Internal HUD read: WAA20010180 (PIS 2001, state ID WA-01-22A, units 250); WAA20170071 (PIS 2017, state ID 16-121A, units 250). Link evidence: normalized_name_identical_multisite_set+normalized_name_standardized_primary_address. Distinct published primary-address strings: 2.",2026-08-09,accept,external_property_identity_consistent,Bing,https://www.bing.com/search?q=%22TRAILSIDE%20VILLAGE%22%20%22EVERETT%22%20%221300%20100TH%20PL%20SE%22%20affordable%20housing,"Trailside Village | Apartments in Everett, WA",housing_directory_or_other_web_source,https://www.trailsidevillageapts.com/,"Trailside Village Apartments - 1306 100th Pl Se Everett, …",property_listing_or_public_records,https://www.apartments.com/trailside-village-apartments-everett-wa/hf8qjb2/?msockid=06356663fae369d7107b71f1fbb8685c,Outside read via Bing: a property-specific source identifies the matched name and location. This outside evidence is used for linkage only; it does not adjudicate the conflicting or repeated unit totals.,2026-08-09,accept,same_property_recapitalization,Accept the provisional linkage as one physical development. Preserve the component HUD records as project episodes. Unit aggregation is a separate unresolved decision.,2026-08-09
88,DEV_ARA20130003,repeated_total_near_year,GARDEN WALK OF BENTONVILLE FKA FAIRFIELD MANO,BENTONVILLE,AR,2,2013,2013,normalized_name_identical_multisite_set,24,24,260|AR-92-20,801 1/2 SE 10TH|801 1/2 SE 10TH STREET,accept,duplicate_or_parallel_financing_records,"Internal HUD read: ARA20130003 (PIS 2013, state ID AR-92-20, units 24); ARA20138006 (PIS 2013, state ID 260, units 24). Link evidence: normalized_name_identical_multisite_set. Distinct published primary-address strings: 2.",2026-08-09,accept,external_property_identity_consistent,Bing,https://www.bing.com/search?q=%22GARDEN%20WALK%20OF%20BENTONVILLE%20FKA%20FAIRFIELD%20MANO%22%20%22BENTONVILLE%22%20%22801%201%2F2%20SE%2010TH%22%20affordable%20housing,Garden Walk of Bentonville Fka Fairfield Mano | Affordable Housing in ...,housing_directory_or_other_web_source,https://affordablehousinghub.org/housing/arkansas/benton-county/bentonville/garden-walk-of-bentonville-fka-fairfield-mano-25791-lihtc,Garden Walk Of Bentonville Fka Fairfield Mano - Affordable Housing …,housing_directory_or_other_web_source,https://section8search.org/arkansas/bentonville/garden-walk-of-bentonville-fka-fairfield-mano/spdjm1hzuuk24aale973g1xd,Outside read via Bing: a property-specific source identifies the matched name and location. This outside evidence is used for linkage only; it does not adjudicate the conflicting or repeated unit totals.,2026-08-09,accept,duplicate_or_parallel_financing_records,Accept the provisional linkage as one physical development. Preserve the component HUD records as project episodes. Unit aggregation is a separate unresolved decision.,2026-08-09
89,DEV_ARA20130009,repeated_total_near_year,RIVERSIDE PARK APARTMENTS II FKA PARK PLAZA I,WEST MEMPHIS,AR,2,2013,2013,normalized_name_identical_multisite_set,64,64,929|AR-95-19,3950 E SERVICE RD|3968 E SERVICE RD,accept,duplicate_or_parallel_financing_records,"Internal HUD read: ARA20130009 (PIS 2013, state ID AR-95-19, units 64); ARA20138021 (PIS 2013, state ID 929, units 64). Link evidence: normalized_name_identical_multisite_set. Distinct published primary-address strings: 2.",2026-08-09,accept,external_property_identity_consistent,Bing,https://www.bing.com/search?q=%22RIVERSIDE%20PARK%20APARTMENTS%20II%20FKA%20PARK%20PLAZA%20I%22%20%22WEST%20MEMPHIS%22%20%223950%20E%20SERVICE%20RD%22%20affordable%20housing,Riverside Park Apartments Ii Fka Park Plaza I | Affordable Housing in ...,housing_directory_or_other_web_source,https://affordablehousinghub.org/housing/arkansas/crittenden-county/west-memphis/riverside-park-apartments-ii-fka-park-plaza-i-29905-lihtc,Riverside Park Apartments Ii Fka Park Plaza I - Affordable Housing in ...,housing_directory_or_other_web_source,https://section8search.org/arkansas/west-memphis/riverside-park-apartments-ii-fka-park-plaza-i/ylnjprzturd5691pgwk8frr0,Outside read via Bing: a property-specific source identifies the matched name and location. This outside evidence is used for linkage only; it does not adjudicate the conflicting or repeated unit totals.,2026-08-09,accept,duplicate_or_parallel_financing_records,Accept the provisional linkage as one physical development. Preserve the component HUD records as project episodes. Unit aggregation is a separate unresolved decision.,2026-08-09
90,DEV_ARA20010080,repeated_total_near_year,SOUTH POINTE APARTMENTS FKA MARIANNA MANOR AP,MARIANNA,AR,2,2001,2001,normalized_name_identical_multisite_set,80,79,538|AR-00-55-001,340 CALIFORNIA ST|365 CALIFORNIA ST,accept,duplicate_or_parallel_financing_records,"Internal HUD read: ARA20010080 (PIS 2001, state ID AR-00-55-001, units 80); ARA20019024 (PIS 2001, state ID 538, units 80). Link evidence: normalized_name_identical_multisite_set. Distinct published primary-address strings: 2.",2026-08-09,accept,external_property_identity_consistent,Bing,https://www.bing.com/search?q=%22SOUTH%20POINTE%20APARTMENTS%20FKA%20MARIANNA%20MANOR%20AP%22%20%22MARIANNA%22%20%22340%20CALIFORNIA%20ST%22%20affordable%20housing,South Pointe Apartments Fka Marianna Manor Ap - Affordable …,housing_directory_or_other_web_source,https://section8search.org/arkansas/marianna/south-pointe-apartments-fka-marianna-manor-ap/vycl8bn6tlimvj88mouo5d3z,South Pointe Apartments Fka Marianna Manor Ap - Hud Housing …,housing_directory_or_other_web_source,https://hudhousingnetwork.com/ar/lee/marianna/low-income-housing-details/1428/south-pointe-apartments-fka-marianna-manor-ap,Outside read via Bing: a property-specific source identifies the matched name and location. This outside evidence is used for linkage only; it does not adjudicate the conflicting or repeated unit totals.,2026-08-09,accept,duplicate_or_parallel_financing_records,Accept the provisional linkage as one physical development. Preserve the component HUD records as project episodes. Unit aggregation is a separate unresolved decision.,2026-08-09
91,DEV_ARA20134012,repeated_total_near_year,SOUTHERN CROSSING FKA CROSSROADS,PINE BLUFF,AR,2,2013,2013,normalized_name_identical_multisite_set,65,48,890|917,1507 T.L. KIMBRELL|1801 T.L. KIMBRELL,accept,duplicate_or_parallel_financing_records,"Internal HUD read: ARA20134012 (PIS 2013, state ID 890, units 65); ARA20138023 (PIS 2013, state ID 917, units 65). Link evidence: normalized_name_identical_multisite_set. Distinct published primary-address strings: 2.",2026-08-09,accept,external_property_identity_consistent,Bing,https://www.bing.com/search?q=%22SOUTHERN%20CROSSING%20FKA%20CROSSROADS%22%20%22PINE%20BLUFF%22%20%221507%20T.L.%20KIMBRELL%22%20affordable%20housing,"Southern Crossing Fka Crossroads - Affordable Housing in Pine Bluff, …",housing_directory_or_other_web_source,https://section8search.org/arkansas/pine-bluff/southern-crossing-fka-crossroads/phzebky69jtfv26dh32ihjib,"Southern Crossing Fka Crossroads in Pine Bluff, Arkansas - LIHTC …",housing_directory_or_other_web_source,https://www.fairhousinghub.com/property/ar-pine-bluff-southern-crossing-fka-crossroads-f9f6ca,Outside read via Bing: a property-specific source identifies the matched name and location. This outside evidence is used for linkage only; it does not adjudicate the conflicting or repeated unit totals.,2026-08-09,accept,duplicate_or_parallel_financing_records,Accept the provisional linkage as one physical development. Preserve the component HUD records as project episodes. Unit aggregation is a separate unresolved decision.,2026-08-09
92,DEV_CAA20141006,repeated_total_near_year,BENDORF DRIVE APARTMENTS,SAN JOSE,CA,2,2014,2014,normalized_name_standardized_primary_address,100,99,CA-13-874,282 DANZE DR|282 DANZE DRIVE,accept,duplicate_or_parallel_financing_records,"Internal HUD read: CAA20141006 (PIS 2014, state ID CA-13-874, units 100); CAA20147468 (PIS 2014, state ID CA-13-874, units 100). Link evidence: normalized_name_standardized_primary_address. Distinct published primary-address strings: 2.",2026-08-09,accept,external_property_identity_consistent,Bing,https://www.bing.com/search?q=%22BENDORF%20DRIVE%20APARTMENTS%22%20%22SAN%20JOSE%22%20%22282%20DANZE%20DR%22%20affordable%20housing,Bendorf Drive Apartments - The John Stewart Company SCCHA,housing_directory_or_other_web_source,https://jscosccha.com/property/bendorf-drive/,Bendorf Drive Apartments - City of San José Housing Portal,official_public,https://housing.sanjoseca.gov/listing/c2616cf5-786e-47a2-9b3b-d03dbd855c76/bendorf_drive_apartments_282_danze_drive_san_jose_ca,Outside read via Bing: a property-specific source identifies the matched name and location. This outside evidence is used for linkage only; it does not adjudicate the conflicting or repeated unit totals.,2026-08-09,accept,duplicate_or_parallel_financing_records,Accept the provisional linkage as one physical development. Preserve the component HUD records as project episodes. Unit aggregation is a separate unresolved decision.,2026-08-09
93,DEV_CAA20141013,repeated_total_near_year,CALENDULA COURT,ANAHEIM,CA,2,2014,2014,normalized_name_standardized_primary_address,32,31,CA-13-055,928 S WEBSTER AVE|928 S. WEBSTER AVENUE,accept,duplicate_or_parallel_financing_records,"Internal HUD read: CAA20141013 (PIS 2014, state ID CA-13-055, units 32); CAA20147472 (PIS 2014, state ID CA-13-055, units 32). Link evidence: normalized_name_standardized_primary_address. Distinct published primary-address strings: 2.",2026-08-09,accept,external_property_identity_consistent,Bing,https://www.bing.com/search?q=%22CALENDULA%20COURT%22%20%22ANAHEIM%22%20%22928%20S%20WEBSTER%20AVE%22%20affordable%20housing,"Calendula Court - 928 S Webster Ave Anaheim, CA …",property_listing_or_public_records,https://www.apartments.com/calendula-court-anaheim-ca/yw45m0t/?msockid=06356663fae369d7107b71f1fbb8685c,Calendula Court - 928 S Webster Ave Anaheim CA 92804,housing_directory_or_other_web_source,https://www.apartmentfinder.com/California/Anaheim-Apartments/Calendula-Court-Apartments-qx4ch0y?msockid=06356663fae369d7107b71f1fbb8685c,Outside read via Bing: a property-specific source identifies the matched name and location. This outside evidence is used for linkage only; it does not adjudicate the conflicting or repeated unit totals.,2026-08-09,accept,duplicate_or_parallel_financing_records,Accept the provisional linkage as one physical development. Preserve the component HUD records as project episodes. Unit aggregation is a separate unresolved decision.,2026-08-09
94,DEV_CAA20141020,repeated_total_near_year,CITY HEIGHTS TEN,SAN DIEGO,CA,2,2014,2014,normalized_name_standardized_primary_address,132,129,CA-13-893,3830 43RD ST|3830 43RD STREET,accept,duplicate_or_parallel_financing_records,"Internal HUD read: CAA20141020 (PIS 2014, state ID CA-13-893, units 132); CAA20147474 (PIS 2014, state ID CA-13-893, units 132). Link evidence: normalized_name_standardized_primary_address. Distinct published primary-address strings: 2.",2026-08-09,accept,external_property_identity_consistent,Bing,https://www.bing.com/search?q=%22CITY%20HEIGHTS%20TEN%22%20%22SAN%20DIEGO%22%20%223830%2043RD%20ST%22%20affordable%20housing,"CITY HEIGHTS TEN - SAN DIEGO, CA | LIHTC Affordable Housing",housing_directory_or_other_web_source,https://affordablehousingnearme.net/property/CAA20147474-city-heights-ten-3830-43rd-st-san-diego-ca,"Contact Us - City Heights Ten - San Diego, CA",housing_directory_or_other_web_source,https://www.cityheightsten.com/contact_us/,Outside read via Bing: a property-specific source identifies the matched name and location. This outside evidence is used for linkage only; it does not adjudicate the conflicting or repeated unit totals.,2026-08-09,accept,duplicate_or_parallel_financing_records,Accept the provisional linkage as one physical development. Preserve the component HUD records as project episodes. Unit aggregation is a separate unresolved decision.,2026-08-09
95,DEV_CAA20141030,repeated_total_near_year,EDEN ISSEI TERRACE,HAYWARD,CA,2,2014,2014,normalized_name_standardized_primary_address,100,98,CA-12-859,200 FAGUNDES ST|200 FAGUNDES STREET,accept,duplicate_or_parallel_financing_records,"Internal HUD read: CAA20141030 (PIS 2014, state ID CA-12-859, units 100); CAA20147476 (PIS 2014, state ID CA-12-859, units 100). Link evidence: normalized_name_standardized_primary_address. Distinct published primary-address strings: 2.",2026-08-09,accept,external_property_identity_consistent,Bing,https://www.bing.com/search?q=%22EDEN%20ISSEI%20TERRACE%22%20%22HAYWARD%22%20%22200%20FAGUNDES%20ST%22%20affordable%20housing,"Eden Issei Terrace - Affordable Housing in Hayward, CA | Section 8 …",housing_directory_or_other_web_source,https://section8search.org/california/hayward/eden-issei-terrace/d6w6jpmfpli6qedbtch4g8fa,"Eden Issei Terrace | Affordable Housing in Hayward, CA",housing_directory_or_other_web_source,https://affordablehousinghub.org/housing/california/alameda/hayward/eden-issei-terrace-1329-lihtc,Outside read via Bing: a property-specific source identifies the matched name and location. This outside evidence is used for linkage only; it does not adjudicate the conflicting or repeated unit totals.,2026-08-09,accept,duplicate_or_parallel_financing_records,Accept the provisional linkage as one physical development. Preserve the component HUD records as project episodes. Unit aggregation is a separate unresolved decision.,2026-08-09
96,DEV_CAA20141033,repeated_total_near_year,FAIRBANKS SQUARE,SAN DIEGO,CA,2,2014,2014,normalized_name_standardized_primary_address,100,98,CA-13-890,16050 POTOMAC RIDGE RD|16050 POTOMAC RIDGE ROAD,accept,duplicate_or_parallel_financing_records,"Internal HUD read: CAA20141033 (PIS 2014, state ID CA-13-890, units 100); CAA20147477 (PIS 2014, state ID CA-13-890, units 100). Link evidence: normalized_name_standardized_primary_address. Distinct published primary-address strings: 2.",2026-08-09,accept,external_property_identity_consistent,Bing,https://www.bing.com/search?q=%22FAIRBANKS%20SQUARE%22%20%22SAN%20DIEGO%22%20%2216050%20POTOMAC%20RIDGE%20RD%22%20affordable%20housing,"Fairbanks Square Apartment Homes - San Diego, CA",housing_directory_or_other_web_source,https://www.fairbankssquare.com/,"FAIRBANKS SQUARE - SAN DIEGO, CA | LIHTC Affordable Housing",housing_directory_or_other_web_source,https://affordablehousingnearme.net/property/CAA20147477-fairbanks-square-16050-potomac-ridge-rd-san-diego-ca,Outside read via Bing: a property-specific source identifies the matched name and location. This outside evidence is used for linkage only; it does not adjudicate the conflicting or repeated unit totals.,2026-08-09,accept,duplicate_or_parallel_financing_records,Accept the provisional linkage as one physical development. Preserve the component HUD records as project episodes. Unit aggregation is a separate unresolved decision.,2026-08-09
97,DEV_CAA20141034,repeated_total_near_year,FERNWOOD SENIOR APARTMENTS,LANCASTER,CA,2,2014,2014,normalized_name_standardized_primary_address,76,75,CA-13-907,45151 FERN AVE|45151 FERN AVENUE,accept,duplicate_or_parallel_financing_records,"Internal HUD read: CAA20141034 (PIS 2014, state ID CA-13-907, units 76); CAA20147478 (PIS 2014, state ID CA-13-907, units 76). Link evidence: normalized_name_standardized_primary_address. Distinct published primary-address strings: 2.",2026-08-09,accept,external_property_identity_consistent,Bing,https://www.bing.com/search?q=%22FERNWOOD%20SENIOR%20APARTMENTS%22%20%22LANCASTER%22%20%2245151%20FERN%20AVE%22%20affordable%20housing,"Fernwood Senior Apartments | Affordable Housing in Lancaster, CA",housing_directory_or_other_web_source,https://affordablehousinghub.org/housing/california/los-angeles-county/lancaster/fernwood-senior-apartments-970-lihtc,"FERNWOOD SENIOR APARTMENTS - LANCASTER, CA | LIHTC …",housing_directory_or_other_web_source,https://affordablehousingnearme.net/property/CAA20147478-fernwood-senior-apartments-45151-fern-ave-lancaster-ca,Outside read via Bing: a property-specific source identifies the matched name and location. This outside evidence is used for linkage only; it does not adjudicate the conflicting or repeated unit totals.,2026-08-09,accept,duplicate_or_parallel_financing_records,Accept the provisional linkage as one physical development. Preserve the component HUD records as project episodes. Unit aggregation is a separate unresolved decision.,2026-08-09
98,DEV_CAA20141036,repeated_total_near_year,FULLER LODGE,SAN LEANDRO,CA,2,2014,2014,normalized_name_standardized_primary_address,26,25,CA-12-866,2141 BANCROFT AVE|2141 BANCROFT AVENUE,accept,duplicate_or_parallel_financing_records,"Internal HUD read: CAA20141036 (PIS 2014, state ID CA-12-866, units 26); CAA20147481 (PIS 2014, state ID CA-12-866, units 26). Link evidence: normalized_name_standardized_primary_address. Distinct published primary-address strings: 2.",2026-08-09,accept,external_property_identity_consistent,Bing,https://www.bing.com/search?q=%22FULLER%20LODGE%22%20%22SAN%20LEANDRO%22%20%222141%20BANCROFT%20AVE%22%20affordable%20housing,Fuller Lodge - Eden Housing,housing_directory_or_other_web_source,https://edenhousing.org/properties/fuller-lodge/,"Fuller Lodge | Affordable Housing in San Leandro, CA",housing_directory_or_other_web_source,https://affordablehousinghub.org/housing/california/alameda/san-leandro/fuller-lodge-971-lihtc,Outside read via Bing: a property-specific source identifies the matched name and location. This outside evidence is used for linkage only; it does not adjudicate the conflicting or repeated unit totals.,2026-08-09,accept,duplicate_or_parallel_financing_records,Accept the provisional linkage as one physical development. Preserve the component HUD records as project episodes. Unit aggregation is a separate unresolved decision.,2026-08-09
99,DEV_CAA20141043,repeated_total_near_year,JUANITA TATE LEGACY TOWERS,LOS ANGELES,CA,2,2014,2014,normalized_name_standardized_primary_address,118,117,CA-14-826,4827 S CENTRAL AVE|4827 SOUTH CENTRAL AVENUE,accept,duplicate_or_parallel_financing_records,"Internal HUD read: CAA20141043 (PIS 2014, state ID CA-14-826, units 118); CAA20147487 (PIS 2014, state ID CA-14-826, units 118). Link evidence: normalized_name_standardized_primary_address. Distinct published primary-address strings: 2.",2026-08-09,accept,external_property_identity_consistent,Bing,https://www.bing.com/search?q=%22JUANITA%20TATE%20LEGACY%20TOWERS%22%20%22LOS%20ANGELES%22%20%224827%20S%20CENTRAL%20AVE%22%20affordable%20housing,"Juanita Tate Legacy Towers | Affordable Housing in Los Angeles, CA",housing_directory_or_other_web_source,https://affordablehousinghub.org/housing/california/los-angeles-county/los-angeles/juanita-tate-legacy-towers-26088-lihtc,Juanita Tate Legacy Towers - Affordable Community,housing_directory_or_other_web_source,https://www.publichousing.com/details/ca_juanita-tate-legacy-towers-affordable-community,Outside read via Bing: a property-specific source identifies the matched name and location. This outside evidence is used for linkage only; it does not adjudicate the conflicting or repeated unit totals.,2026-08-09,accept,duplicate_or_parallel_financing_records,Accept the provisional linkage as one physical development. Preserve the component HUD records as project episodes. Unit aggregation is a separate unresolved decision.,2026-08-09
100,DEV_CAA20150036,repeated_total_near_year,JUNIPER TERRACE APARTMENTS,YREKA,CA,2,2015,2015,normalized_name_standardized_primary_address,55,54,CA-14-149,800 JASPER PL|800 JASPER PLACE,accept,duplicate_or_parallel_financing_records,"Internal HUD read: CAA20150036 (PIS 2015, state ID CA-14-149, units 55); CAA20156276 (PIS 2015, state ID CA-14-149, units 55). Link evidence: normalized_name_standardized_primary_address. Distinct published primary-address strings: 2.",2026-08-09,accept,external_property_identity_consistent,Bing,https://www.bing.com/search?q=%22JUNIPER%20TERRACE%20APARTMENTS%22%20%22YREKA%22%20%22800%20JASPER%20PL%22%20affordable%20housing,"Juniper Terrace Apartments | Yreka CA Subsidized, Low-Rent Apartment",housing_directory_or_other_web_source,https://housingapartments.org/rental_detail/44279,"Juniper Terrace Apartments in Yreka, California - Affordable Housing …",housing_press,https://affordablehousingonline.com/housing-search/California/Yreka/Juniper-Terrace-Apartments/10048196,Outside read via Bing: a property-specific source identifies the matched name and location. This outside evidence is used for linkage only; it does not adjudicate the conflicting or repeated unit totals.,2026-08-09,accept,duplicate_or_parallel_financing_records,Accept the provisional linkage as one physical development. Preserve the component HUD records as project episodes. Unit aggregation is a separate unresolved decision.,2026-08-09
101,DEV_CAA20141056,repeated_total_near_year,OLIVE TREE PLAZA,HAYWARD,CA,2,2014,2014,normalized_name_standardized_primary_address,26,25,CA-12-860,671 W A ST|671 W. A STREET,accept,duplicate_or_parallel_financing_records,"Internal HUD read: CAA20141056 (PIS 2014, state ID CA-12-860, units 26); CAA20147495 (PIS 2014, state ID CA-12-860, units 26). Link evidence: normalized_name_standardized_primary_address. Distinct published primary-address strings: 2.",2026-08-09,accept,external_property_identity_consistent,Bing,https://www.bing.com/search?q=%22OLIVE%20TREE%20PLAZA%22%20%22HAYWARD%22%20%22671%20W%20A%20ST%22%20affordable%20housing,"Ehp Olive Tree Plaza Lp | Affordable Housing in Hayward, CA",housing_directory_or_other_web_source,https://affordablehousinghub.org/housing/california/alameda/hayward/ehp-olive-tree-plaza-lp-26237-lihtc,"Olive Tree Plaza | Affordable Housing in Hayward, CA",housing_directory_or_other_web_source,https://affordablehousinghub.org/housing/california/alameda-county/hayward/olive-tree-plaza-1044-lihtc,Outside read via Bing: a property-specific source identifies the matched name and location. This outside evidence is used for linkage only; it does not adjudicate the conflicting or repeated unit totals.,2026-08-09,accept,duplicate_or_parallel_financing_records,Accept the provisional linkage as one physical development. Preserve the component HUD records as project episodes. Unit aggregation is a separate unresolved decision.,2026-08-09
102,DEV_CAA20132004,repeated_total_near_year,SAN FERNANDO COMMUNITY HOUSING,SAN FERNANDO,CA,2,2013,2013,normalized_name_standardized_primary_address,62,61,CA-11-903,133 PARK AVE|133 PARK AVENUE,accept,duplicate_or_parallel_financing_records,"Internal HUD read: CAA20132004 (PIS 2013, state ID CA-11-903, units 62); CAA20138490 (PIS 2013, state ID CA-11-903, units 62). Link evidence: normalized_name_standardized_primary_address. Distinct published primary-address strings: 2.",2026-08-09,accept,external_property_identity_consistent,Bing,https://www.bing.com/search?q=%22SAN%20FERNANDO%20COMMUNITY%20HOUSING%22%20%22SAN%20FERNANDO%22%20%22133%20PARK%20AVE%22%20affordable%20housing,San Fernando Community Housing | Affordable Housing in San …,housing_directory_or_other_web_source,https://affordablehousinghub.org/housing/california/los-angeles-county/san-fernando/san-fernando-community-housing-26-lihtc,San Fernando Community Housing,housing_press,https://affordablehousingonline.com/housing-search/California/San-Fernando/San-Fernando-Community-Housing/10107080,Outside read via Bing: a property-specific source identifies the matched name and location. This outside evidence is used for linkage only; it does not adjudicate the conflicting or repeated unit totals.,2026-08-09,accept,duplicate_or_parallel_financing_records,Accept the provisional linkage as one physical development. Preserve the component HUD records as project episodes. Unit aggregation is a separate unresolved decision.,2026-08-09
103,DEV_CAA20141076,repeated_total_near_year,SHERWOOD VILLA,VICTORVILLE,CA,2,2014,2014,normalized_name_standardized_primary_address,101,100,CA-13-904,14900 ARLETTE DR|14900 ARLETTE DRIVE,accept,duplicate_or_parallel_financing_records,"Internal HUD read: CAA20141076 (PIS 2014, state ID CA-13-904, units 101); CAA20147504 (PIS 2014, state ID CA-13-904, units 101). Link evidence: normalized_name_standardized_primary_address. Distinct published primary-address strings: 2.",2026-08-09,accept,external_property_identity_consistent,Bing,https://www.bing.com/search?q=%22SHERWOOD%20VILLA%22%20%22VICTORVILLE%22%20%2214900%20ARLETTE%20DR%22%20affordable%20housing,"Sherwood Villa | Affordable Housing in Victorville, CA",housing_directory_or_other_web_source,https://affordablehousinghub.org/housing/california/san-bernardino/victorville/sherwood-villa-1121-lihtc,"Apartments for Rent in Victorville, CA | Sherwood Villa",housing_directory_or_other_web_source,https://www.sherwoodvilla.com/,Outside read via Bing: a property-specific source identifies the matched name and location. This outside evidence is used for linkage only; it does not adjudicate the conflicting or repeated unit totals.,2026-08-09,accept,duplicate_or_parallel_financing_records,Accept the provisional linkage as one physical development. Preserve the component HUD records as project episodes. Unit aggregation is a separate unresolved decision.,2026-08-09
104,DEV_CAA20141079,repeated_total_near_year,SILVERLAKE APARTMENTS,LOS ANGELES,CA,2,2014,2014,normalized_name_standardized_primary_address,88,79,CA-13-839,3740 EVANS ST|3740 EVANS STREET,accept,duplicate_or_parallel_financing_records,"Internal HUD read: CAA20141079 (PIS 2014, state ID CA-13-839, units 88); CAA20147505 (PIS 2014, state ID CA-13-839, units 88). Link evidence: normalized_name_standardized_primary_address. Distinct published primary-address strings: 2.",2026-08-09,accept,external_property_identity_consistent,Bing,https://www.bing.com/search?q=%22SILVERLAKE%20APARTMENTS%22%20%22LOS%20ANGELES%22%20%223740%20EVANS%20ST%22%20affordable%20housing,Silverlake Village 1-2 Bedroom Apartments | Los …,housing_directory_or_other_web_source,https://www.voans.org/locations/silverlake-apartments/,"SILVERLAKE APARTMENTS - LOS ANGELES, CA | LIHTC …",housing_directory_or_other_web_source,https://affordablehousingnearme.net/property/CAA20147505-silverlake-apartments-3740-evans-st-los-angeles-ca,Outside read via Bing: a property-specific source identifies the matched name and location. This outside evidence is used for linkage only; it does not adjudicate the conflicting or repeated unit totals.,2026-08-09,accept,duplicate_or_parallel_financing_records,Accept the provisional linkage as one physical development. Preserve the component HUD records as project episodes. Unit aggregation is a separate unresolved decision.,2026-08-09
105,DEV_CAA20150077,repeated_total_near_year,STRAWBERRY CREEK LODGE,BERKELEY,CA,2,2015,2015,normalized_name_standardized_primary_address,150,122,CA-13-871,1320 ADDISON ST|1320 ADDISON STREET,accept,duplicate_or_parallel_financing_records,"Internal HUD read: CAA20150077 (PIS 2015, state ID CA-13-871, units 150); CAA20156281 (PIS 2015, state ID CA-13-871, units 150). Link evidence: normalized_name_standardized_primary_address. Distinct published primary-address strings: 2.",2026-08-09,accept,external_property_identity_consistent,Bing,https://www.bing.com/search?q=%22STRAWBERRY%20CREEK%20LODGE%22%20%22BERKELEY%22%20%221320%20ADDISON%20ST%22%20affordable%20housing,Strawberry Creek Lodge,housing_directory_or_other_web_source,https://strawberrycreeklodge.org/,Strawberry Creek Lodge - Doorway Housing Portal,official_public,https://housingbayarea.mtc.ca.gov/listing/95616e03-37b2-4b3c-9466-69b03448b374/strawberry_creek_lodge_1320_addison_street_berkeley_ca,Outside read via Bing: a property-specific source identifies the matched name and location. This outside evidence is used for linkage only; it does not adjudicate the conflicting or repeated unit totals.,2026-08-09,accept,duplicate_or_parallel_financing_records,Accept the provisional linkage as one physical development. Preserve the component HUD records as project episodes. Unit aggregation is a separate unresolved decision.,2026-08-09
106,DEV_CAA20150078,repeated_total_near_year,STUDIO 819,MOUNTAIN VIEW,CA,2,2015,2015,normalized_name_standardized_primary_address,49,48,CA-13-043,819 N RENGSTORFF AVE|819 NORTH RENGSTORFF AVENUE,accept,duplicate_or_parallel_financing_records,"Internal HUD read: CAA20150078 (PIS 2015, state ID CA-13-043, units 49); CAA20156282 (PIS 2015, state ID CA-13-043, units 49). Link evidence: normalized_name_standardized_primary_address. Distinct published primary-address strings: 2.",2026-08-09,accept,external_property_identity_consistent,Bing,https://www.bing.com/search?q=%22STUDIO%20819%22%20%22MOUNTAIN%20VIEW%22%20%22819%20N%20RENGSTORFF%20AVE%22%20affordable%20housing,Studio 819 - Eden Housing,housing_directory_or_other_web_source,https://edenhousing.org/properties/studio-819/,"Studio 819 - Affordable Housing Mountain View, CA",housing_directory_or_other_web_source,https://www.affordablehousingpartner.com/listings/e553f689-0fd1-4f75-a8e3-fb1275ba5eba,Outside read via Bing: a property-specific source identifies the matched name and location. This outside evidence is used for linkage only; it does not adjudicate the conflicting or repeated unit totals.,2026-08-09,accept,duplicate_or_parallel_financing_records,Accept the provisional linkage as one physical development. Preserve the component HUD records as project episodes. Unit aggregation is a separate unresolved decision.,2026-08-09
107,DEV_CAA20150089,repeated_total_near_year,VALLEY VIEW APARTMENTS,DELANO,CA,2,2015,2015,normalized_name_standardized_primary_address,90,89,CA-14-812,2148 JASMINE ST|2148 JASMINE STREET,accept,duplicate_or_parallel_financing_records,"Internal HUD read: CAA20150089 (PIS 2015, state ID CA-14-812, units 90); CAA20156285 (PIS 2015, state ID CA-14-812, units 90). Link evidence: normalized_name_standardized_primary_address. Distinct published primary-address strings: 2.",2026-08-09,accept,external_property_identity_consistent,Bing,https://www.bing.com/search?q=%22VALLEY%20VIEW%20APARTMENTS%22%20%22DELANO%22%20%222148%20JASMINE%20ST%22%20affordable%20housing,"Valley View Apartments - 2148 Jasmine St Delano, CA …",property_listing_or_public_records,https://www.apartments.com/valley-view-apartments-delano-ca/mbfthjk/?msockid=06356663fae369d7107b71f1fbb8685c,"VALLEY VIEW APARTMENTS - DELANO, CA | LIHTC Affordable …",housing_directory_or_other_web_source,https://affordablehousingnearme.net/property/CAA20150089-valley-view-apartments-2148-jasmine-street-delano-ca,Outside read via Bing: a property-specific source identifies the matched name and location. This outside evidence is used for linkage only; it does not adjudicate the conflicting or repeated unit totals.,2026-08-09,accept,duplicate_or_parallel_financing_records,Accept the provisional linkage as one physical development. Preserve the component HUD records as project episodes. Unit aggregation is a separate unresolved decision.,2026-08-09
108,DEV_CAA20141098,repeated_total_near_year,WEST SAN CARLOS SENIOR APARTMENTS,SAN JOSE,CA,2,2014,2014,normalized_name_standardized_primary_address,95,94,CA-12-202,1535 W SAN CARLOS ST|1535 W. SAN CARLOS STREET,accept,duplicate_or_parallel_financing_records,"Internal HUD read: CAA20141098 (PIS 2014, state ID CA-12-202, units 95); CAA20147515 (PIS 2014, state ID CA-12-202, units 95). Link evidence: normalized_name_standardized_primary_address. Distinct published primary-address strings: 2.",2026-08-09,accept,external_property_identity_consistent,Bing,https://www.bing.com/search?q=%22WEST%20SAN%20CARLOS%20SENIOR%20APARTMENTS%22%20%22SAN%20JOSE%22%20%221535%20W%20SAN%20CARLOS%20ST%22%20affordable%20housing,WEST SAN CARLOS SENIOR APARTMENTS | Low Income Housing …,housing_directory_or_other_web_source,https://www.affordablehousing411.com/housing/lihtc-details-west-san-carlos-senior-apartments-1535-w-san-carlos-street-san-jose-ca-95126/,West San Carlos Senior Apartments - Affordable Housing in San …,housing_directory_or_other_web_source,https://section8search.org/california/san-jose/west-san-carlos-senior-apartments/qvdzivdxbh8rxuhe2u29c5kf,Outside read via Bing: a property-specific source identifies the matched name and location. This outside evidence is used for linkage only; it does not adjudicate the conflicting or repeated unit totals.,2026-08-09,accept,duplicate_or_parallel_financing_records,Accept the provisional linkage as one physical development. Preserve the component HUD records as project episodes. Unit aggregation is a separate unresolved decision.,2026-08-09
109,DEV_CAA20150101,repeated_total_near_year,WILLIAM PENN MANOR,WHITTIER,CA,2,2015,2015,normalized_name_standardized_primary_address,75,74,CA-14-842,7025 FRIENDS AVE|7025 FRIENDS AVENUE,accept,duplicate_or_parallel_financing_records,"Internal HUD read: CAA20150101 (PIS 2015, state ID CA-14-842, units 75); CAA20156288 (PIS 2015, state ID CA-14-842, units 75). Link evidence: normalized_name_standardized_primary_address. Distinct published primary-address strings: 2.",2026-08-09,accept,external_property_identity_consistent,Bing,https://www.bing.com/search?q=%22WILLIAM%20PENN%20MANOR%22%20%22WHITTIER%22%20%227025%20FRIENDS%20AVE%22%20affordable%20housing,William Penn Manor - Thomas Safran & Associates,housing_directory_or_other_web_source,https://www.tsahousing.com/property/williampennmanor,"William Penn Manor | Affordable Housing in Whittier, CA",housing_directory_or_other_web_source,https://affordablehousinghub.org/housing/california/los-angeles/whittier/william-penn-manor-29423-lihtc,Outside read via Bing: a property-specific source identifies the matched name and location. This outside evidence is used for linkage only; it does not adjudicate the conflicting or repeated unit totals.,2026-08-09,accept,duplicate_or_parallel_financing_records,Accept the provisional linkage as one physical development. Preserve the component HUD records as project episodes. Unit aggregation is a separate unresolved decision.,2026-08-09
110,DEV_CAA20141100,repeated_total_near_year,WILLOW VILLAGE,RIALTO,CA,2,2014,2014,normalized_name_standardized_primary_address,100,99,CA-13-905,1150 N WILLOW AVE|1150 NORTH WILLOW AVE.,accept,duplicate_or_parallel_financing_records,"Internal HUD read: CAA20141100 (PIS 2014, state ID CA-13-905, units 100); CAA20147516 (PIS 2014, state ID CA-13-905, units 100). Link evidence: normalized_name_standardized_primary_address. Distinct published primary-address strings: 2.",2026-08-09,accept,external_property_identity_consistent,Bing,https://www.bing.com/search?q=%22WILLOW%20VILLAGE%22%20%22RIALTO%22%20%221150%20N%20WILLOW%20AVE%22%20affordable%20housing,"Apartments for Rent in Rialto, CA | Willow Village - Home",property_listing_or_public_records,https://www.willowvillageapartments.com/,"Willow Village | Affordable Housing in Rialto, CA",housing_directory_or_other_web_source,https://affordablehousinghub.org/housing/california/san-bernardino/rialto/willow-village-1217-lihtc,Outside read via Bing: a property-specific source identifies the matched name and location. This outside evidence is used for linkage only; it does not adjudicate the conflicting or repeated unit totals.,2026-08-09,accept,duplicate_or_parallel_financing_records,Accept the provisional linkage as one physical development. Preserve the component HUD records as project episodes. Unit aggregation is a separate unresolved decision.,2026-08-09
111,DEV_DCB20110805,repeated_total_near_year,MILESTONE APTS-SHERMAN (NEW BEGINNINGS),WASHINGTON,DC,2,2011,2011,normalized_name_standardized_primary_address,15,15,DCB2011060|DCB2011060-1602,"2922 SHERMAN AVE NW|2922 SHERMAN AVENUE, NW",accept,duplicate_or_parallel_financing_records,"Internal HUD read: DCB20119815 (PIS 2011, state ID DCB2011060, units 15); DCB20110805 (PIS 2011, state ID DCB2011060-1602, units 15). Link evidence: normalized_name_standardized_primary_address. Distinct published primary-address strings: 2.",2026-08-09,accept,external_property_identity_consistent,Bing,https://www.bing.com/search?q=%22MILESTONE%20APTS-SHERMAN%20(NEW%20BEGINNINGS)%22%20%22WASHINGTON%22%20%222922%20SHERMAN%20AVE%20NW%22%20affordable%20housing,Milestone Apts Sherman (New Beginnings) - Affordable Housing in ...,housing_directory_or_other_web_source,https://section8search.org/district-of-columbia/washington/milestone-aptssherman-new-beginnings/nluebwxd4v8v1r43gq0g4h18,MILESTONE APTS-SHERMAN (NEW BEGINNINGS) | Low Income …,housing_directory_or_other_web_source,https://www.affordablehousing411.com/housing/lihtc-details-milestone-apts-sherman-new-beginnings-2922-sherman-ave-nw-washington-dc-20001/,Outside read via Bing: a property-specific source identifies the matched name and location. This outside evidence is used for linkage only; it does not adjudicate the conflicting or repeated unit totals.,2026-08-09,accept,duplicate_or_parallel_financing_records,Accept the provisional linkage as one physical development. Preserve the component HUD records as project episodes. Unit aggregation is a separate unresolved decision.,2026-08-09
112,DEV_DEA20141002,repeated_total_near_year,WALNUT STREET APARTMENTS AKA JAZZ COURT,WILMINGTON,DE,2,2014,2014,normalized_name_identical_multisite_set+normalized_name_standardized_primary_address,44,43,DE165FY9803|DE416FY1304,313 E FOURTEENTH STREET,accept,duplicate_or_parallel_financing_records,"Internal HUD read: DEA20141002 (PIS 2014, state ID DE416FY1304, units 44); DEA20147004 (PIS 2014, state ID DE165FY9803, units 44). Link evidence: normalized_name_identical_multisite_set+normalized_name_standardized_primary_address. Distinct published primary-address strings: 1.",2026-08-09,accept,external_property_identity_consistent,DuckDuckGo,https://html.duckduckgo.com/html/?q=%22WALNUT%20STREET%20APARTMENTS%20AKA%20JAZZ%20COURT%22%20%22WILMINGTON%22%20%22313%20E%20FOURTEENTH%20STREET%22%20affordable%20housing,"Walnut Street Apartments Aka Jazz Court in Wilmington, Delaware - LIHTC ...",housing_directory_or_other_web_source,https://www.fairhousinghub.com/property/de-wilmington-walnut-street-apartments-aka-jazz-court-248522,Walnut Street Apartments Aka Jazz Court - Affordable Housing in ...,housing_directory_or_other_web_source,https://section8search.org/delaware/wilmington/walnut-street-apartments-aka-jazz-court/nwwjha28fwk21u5o7acc7vh1,Outside read via DuckDuckGo: a property-specific source identifies the matched name and location. This outside evidence is used for linkage only; it does not adjudicate the conflicting or repeated unit totals.,2026-08-09,accept,duplicate_or_parallel_financing_records,Accept the provisional linkage as one physical development. Preserve the component HUD records as project episodes. Unit aggregation is a separate unresolved decision.,2026-08-09
113,DEV_FLA19940809,repeated_total_near_year,CANOPY PLACE,JACKSONVILLE,FL,2,1994,1994,normalized_name_standardized_primary_address,150,150,273,11050 HARTS RD|11050 HARTS ROAD,accept,duplicate_or_parallel_financing_records,"Internal HUD read: FLA19949810 (PIS 1994, state ID 273, units 150); FLA19940809 (PIS 1994, state ID 273, units 150). Link evidence: normalized_name_standardized_primary_address. Distinct published primary-address strings: 2.",2026-08-09,accept,external_property_identity_consistent,DuckDuckGo,https://html.duckduckgo.com/html/?q=%22CANOPY%20PLACE%22%20%22JACKSONVILLE%22%20%2211050%20HARTS%20RD%22%20affordable%20housing,"Canopy Place | 11050 Harts Rd, Jacksonville, FL 32218 | USDOH.org",housing_directory_or_other_web_source,https://www.usdoh.org/property/fl_11050_canopy-place,"Canopy Place - 11050 Harts Rd, Jacksonville, FL 32218 | Redfin",housing_directory_or_other_web_source,https://www.redfin.ca/FL/Jacksonville/Canopy-Place/apartment/101829827,Outside read via DuckDuckGo: a property-specific source identifies the matched name and location. This outside evidence is used for linkage only; it does not adjudicate the conflicting or repeated unit totals.,2026-08-09,accept,duplicate_or_parallel_financing_records,Accept the provisional linkage as one physical development. Preserve the component HUD records as project episodes. Unit aggregation is a separate unresolved decision.,2026-08-09
114,DEV_GAA20020105,repeated_total_near_year,ARBOR LAKE,COVINGTON,GA,2,2002,2002,normalized_name_standardized_primary_address,250,249|250,2001-501|2018-540,431 KIRKLAND RD,accept,duplicate_or_parallel_financing_records,"Internal HUD read: GAA20020105 (PIS 2002, state ID 2001-501, units 250); GAA20029006 (PIS 2002, state ID 2018-540, units 250). Link evidence: normalized_name_standardized_primary_address. Distinct published primary-address strings: 1.",2026-08-09,accept,external_property_identity_consistent,DuckDuckGo,https://html.duckduckgo.com/html/?q=%22ARBOR%20LAKE%22%20%22COVINGTON%22%20%22431%20KIRKLAND%20RD%22%20affordable%20housing,"Arbor Lake - 431 Kirkland Rd Covington, GA 30016 | Apartments.com",property_listing_or_public_records,https://www.apartments.com/arbor-lake-covington-ga/1pthe36/,Arbor Lake - 431 Kirkland Rd Covington GA | Zillow,property_listing_or_public_records,https://www.zillow.com/b/arbor-lake-covington-ga-5XhtTK/,Outside read via DuckDuckGo: a property-specific source identifies the matched name and location. This outside evidence is used for linkage only; it does not adjudicate the conflicting or repeated unit totals.,2026-08-09,accept,duplicate_or_parallel_financing_records,Accept the provisional linkage as one physical development. Preserve the component HUD records as project episodes. Unit aggregation is a separate unresolved decision.,2026-08-09
115,DEV_GAA20040080,repeated_total_near_year,ASHLEY MIDTOWN II,SAVANNAH,GA,2,2004,2008,normalized_name_standardized_primary_address,38,38,2006-057|GA-06-057,1518 E PARK AVE,accept,duplicate_or_parallel_financing_records,"Internal HUD read: GAA20040080 (PIS 2004, state ID 2006-057, units 38); GAA20080002 (PIS 2008, state ID GA-06-057, units 38). Link evidence: normalized_name_standardized_primary_address. Distinct published primary-address strings: 1.",2026-08-09,accept,external_property_identity_consistent,DuckDuckGo,https://html.duckduckgo.com/html/?q=%22ASHLEY%20MIDTOWN%20II%22%20%22SAVANNAH%22%20%221518%20E%20PARK%20AVE%22%20affordable%20housing,"Ashley Midtown Ii - Affordable Housing in Savannah, GA | Section 8 Search",housing_directory_or_other_web_source,https://section8search.org/georgia/savannah/ashley-midtown-ii/spune01dd7fxvsvmoaiqi3pq,"ASHLEY MIDTOWN II | Low Income Housing | 1518 E PARK AVE Savannah, GA ...",housing_directory_or_other_web_source,https://www.affordablehousing411.com/housing/lihtc-details-ashley-midtown-ii-1518-e-park-ave-savannah-ga-31404/,Outside read via DuckDuckGo: a property-specific source identifies the matched name and location. This outside evidence is used for linkage only; it does not adjudicate the conflicting or repeated unit totals.,2026-08-09,accept,duplicate_or_parallel_financing_records,Accept the provisional linkage as one physical development. Preserve the component HUD records as project episodes. Unit aggregation is a separate unresolved decision.,2026-08-09
116,DEV_GAA20060295,repeated_total_near_year,BOLDEN PINES,DECATUR,GA,2,2006,2006,normalized_name_standardized_primary_address,40,31,2004-048|GA-04-048,2784 KELLY LAKE RD,accept,duplicate_or_parallel_financing_records,"Internal HUD read: GAA20060295 (PIS 2006, state ID GA-04-048, units 40); GAA20069041 (PIS 2006, state ID 2004-048, units 40). Link evidence: normalized_name_standardized_primary_address. Distinct published primary-address strings: 1.",2026-08-09,accept,external_property_identity_consistent,DuckDuckGo,https://html.duckduckgo.com/html/?q=%22BOLDEN%20PINES%22%20%22DECATUR%22%20%222784%20KELLY%20LAKE%20RD%22%20affordable%20housing,"Bolden Pines Apartments Llc - 2784 Kelly Lake Rd Decatur, GA - Rentable",housing_directory_or_other_web_source,https://www.rentable.co/decatur-ga/bolden-pines,"Bolden Pines Apartments - 2784 Kelly Lake Rd Decatur, GA 30032 ...",property_listing_or_public_records,https://www.apartments.com/bolden-pines-apartments-decatur-ga/dfn7zjk/,Outside read via DuckDuckGo: a property-specific source identifies the matched name and location. This outside evidence is used for linkage only; it does not adjudicate the conflicting or repeated unit totals.,2026-08-09,accept,duplicate_or_parallel_financing_records,Accept the provisional linkage as one physical development. Preserve the component HUD records as project episodes. Unit aggregation is a separate unresolved decision.,2026-08-09
117,DEV_GAA20070040,repeated_total_near_year,FOXCROFT RESIDENTIAL APTS,AUGUSTA,GA,2,2007,2007,normalized_name_standardized_primary_address,184,184,2005-045|GA-05-045,527 RICHMOND HILL RD W,accept,duplicate_or_parallel_financing_records,"Internal HUD read: GAA20070040 (PIS 2007, state ID GA-05-045, units 184); GAA20079011 (PIS 2007, state ID 2005-045, units 184). Link evidence: normalized_name_standardized_primary_address. Distinct published primary-address strings: 1.",2026-08-09,accept,external_property_identity_consistent,Browser + web search,https://html.duckduckgo.com/html/?q=%22FOXCROFT%20RESIDENTIAL%20APTS%22%20%22AUGUSTA%22%20GA%20housing,Cedarwood Apartments,housing_directory_or_other_web_source,https://affordablehousinghub.org/housing/georgia/richmond-county/augusta/cedarwood-apartments-5302-lihtc,2018-505 River Glen Market Study,official_public,https://dca.georgia.gov/document/applications/2018-505riverglenmspdf/download,"The current Cedarwood name, 527 Richmond Hill Road address, 184-unit count, and 2007 renovation align with HUD's Foxcroft/Cedarwood alias note.",2026-08-09,accept,duplicate_or_parallel_financing_records,Accept the provisional linkage as one physical development. Preserve the component HUD records as project episodes. Unit aggregation is a separate unresolved decision.,2026-08-09
118,DEV_GAA20040238,repeated_total_near_year,FULTON POINTE APARTMENTS,ATLANTA,GA,2,2004,2004,normalized_name_identical_multisite_set,160,157|160,56-2337986|GA-2003-503,3223 ROBINS CRESTE LANE|4171 WASHINGTON ROAD,accept,duplicate_or_parallel_financing_records,"Internal HUD read: GAA20040238 (PIS 2004, state ID GA-2003-503, units 160); GAA20049068 (PIS 2004, state ID 56-2337986, units 160). Link evidence: normalized_name_identical_multisite_set. Distinct published primary-address strings: 2.",2026-08-09,accept,external_property_identity_consistent,DuckDuckGo,https://html.duckduckgo.com/html/?q=%22FULTON%20POINTE%20APARTMENTS%22%20%22ATLANTA%22%20GA%20housing,"Fulton Pointe Apartments - 4171 Washington Rd East Point, GA 30344 ...",property_listing_or_public_records,https://www.apartments.com/fulton-pointe-apartments-east-point-ga/k33j719/,"Affordable Apartments near Atlanta, GA | Fulton Pointe Apartments",housing_directory_or_other_web_source,https://www.fultonpointe.com/mapsanddirections,Outside read via DuckDuckGo: a property-specific source identifies the matched name and location. This outside evidence is used for linkage only; it does not adjudicate the conflicting or repeated unit totals.,2026-08-09,accept,duplicate_or_parallel_financing_records,Accept the provisional linkage as one physical development. Preserve the component HUD records as project episodes. Unit aggregation is a separate unresolved decision.,2026-08-09
119,DEV_GAA20080055,repeated_total_near_year,HERON LAKE II,VALDOSTA,GA,2,2008,2008,normalized_name_standardized_primary_address,64,54,2006-002|GA-06-002,1800 EASTWIND RD,accept,duplicate_or_parallel_financing_records,"Internal HUD read: GAA20080055 (PIS 2008, state ID GA-06-002, units 64); GAA20089861 (PIS 2008, state ID 2006-002, units 64). Link evidence: normalized_name_standardized_primary_address. Distinct published primary-address strings: 1.",2026-08-09,accept,external_property_identity_consistent,DuckDuckGo,https://html.duckduckgo.com/html/?q=%22HERON%20LAKE%20II%22%20%22VALDOSTA%22%20%221800%20EASTWIND%20RD%22%20affordable%20housing,"HERON LAKE II | Low Income Housing | 1800 EASTWIND RD Valdosta, GA ...",housing_directory_or_other_web_source,https://www.affordablehousing411.com/housing/lihtc-details-heron-lake-ii-1800-eastwind-rd-valdosta-ga-31602/,"Heron Lake Ii in Valdosta, Georgia - GAA20080055",housing_directory_or_other_web_source,https://www.crediohub.com/LIHTC-properties/l/11103/heron-lake-ii-gaa20080055,Outside read via DuckDuckGo: a property-specific source identifies the matched name and location. This outside evidence is used for linkage only; it does not adjudicate the conflicting or repeated unit totals.,2026-08-09,accept,duplicate_or_parallel_financing_records,Accept the provisional linkage as one physical development. Preserve the component HUD records as project episodes. Unit aggregation is a separate unresolved decision.,2026-08-09
120,DEV_GAA20080065,repeated_total_near_year,LONE MOUNTAIN VILLAGE PHASE II,RINGGOLD,GA,2,2008,2013,normalized_name_standardized_primary_address,64,64,2011-046|GA-11-046,85 DARLENE LANE,accept,duplicate_or_parallel_financing_records,"Internal HUD read: GAA20080065 (PIS 2008, state ID 2011-046, units 64); GAA20130014 (PIS 2013, state ID GA-11-046, units 64). Link evidence: normalized_name_standardized_primary_address. Distinct published primary-address strings: 1.",2026-08-09,accept,external_property_identity_consistent,DuckDuckGo,https://html.duckduckgo.com/html/?q=%22LONE%20MOUNTAIN%20VILLAGE%20PHASE%20II%22%20%22RINGGOLD%22%20%2285%20DARLENE%20LANE%22%20affordable%20housing,LONE MOUNTAIN VILLAGE PHASE II | Low Income Housing | 85 DARLENE LANE ...,housing_directory_or_other_web_source,https://www.affordablehousing411.com/housing/lihtc-details-lone-mountain-village-phase-ii-85-darlene-lane-ringgold-ga-30736/,"Lone Mountain Village Phase Ii - Ringgold, Georgia",housing_directory_or_other_web_source,https://www.crediohub.com/LIHTC-properties/l/11307/lone-mountain-village-phase-ii-gaa20130014,Outside read via DuckDuckGo: a property-specific source identifies the matched name and location. This outside evidence is used for linkage only; it does not adjudicate the conflicting or repeated unit totals.,2026-08-09,accept,duplicate_or_parallel_financing_records,Accept the provisional linkage as one physical development. Preserve the component HUD records as project episodes. Unit aggregation is a separate unresolved decision.,2026-08-09
121,DEV_GAA00000042,repeated_total_near_year,MARY-LEILA LOFTS,GREENSBORO,GA,2,2016,2016,normalized_name_standardized_primary_address,71,71,2013-052|GA1012-476,316 N W ST|316 N WEST ST,accept,duplicate_or_parallel_financing_records,"Internal HUD read: GAA00000042 (PIS 8888, state ID GA1012-476, units 71); GAA20160110 (PIS 2016, state ID 2013-052, units 71). Link evidence: normalized_name_standardized_primary_address. Distinct published primary-address strings: 2.",2026-08-09,accept,external_property_identity_consistent,DuckDuckGo,https://html.duckduckgo.com/html/?q=%22MARY-LEILA%20LOFTS%22%20%22GREENSBORO%22%20%22316%20N%20W%20ST%22%20affordable%20housing,"MARY-LEILA LOFTS | Low Income Housing | 316 N W ST Greensboro, GA 30642 ...",housing_directory_or_other_web_source,https://www.affordablehousing411.com/housing/lihtc-details-mary-leila-lofts-316-n-w-st-greensboro-ga-30642/,"Mary-leila Lofts | Affordable Apartments for Rent in Greensboro, GA",housing_directory_or_other_web_source,https://hellosection8.com/id-gaa00000042-low-income-apartments-in-ga_greensboro.html,Outside read via DuckDuckGo: a property-specific source identifies the matched name and location. This outside evidence is used for linkage only; it does not adjudicate the conflicting or repeated unit totals.,2026-08-09,accept,duplicate_or_parallel_financing_records,Accept the provisional linkage as one physical development. Preserve the component HUD records as project episodes. Unit aggregation is a separate unresolved decision.,2026-08-09
122,DEV_GAA19970105,repeated_total_near_year,OAK HILL APARTMENT,ATHENS,GA,2,1997,2003,normalized_name_identical_multisite_set+normalized_name_standardized_primary_address,220,132|220,GA-95-092|GA2002-531,105 OAK HILL DR #1000,accept,duplicate_or_parallel_financing_records,"Internal HUD read: GAA19970105 (PIS 1997, state ID GA-95-092, units 220); GAA20030250 (PIS 2003, state ID GA2002-531, units 220). Link evidence: normalized_name_identical_multisite_set+normalized_name_standardized_primary_address. Distinct published primary-address strings: 1.",2026-08-09,accept,external_property_identity_consistent,DuckDuckGo,https://html.duckduckgo.com/html/?q=%22OAK%20HILL%20APARTMENT%22%20%22ATHENS%22%20%22105%20OAK%20HILL%20DR%20%231000%22%20affordable%20housing,OAK HILL APARTMENT | Low Income Housing | 105 OAK HILL DR #1000 Athens ...,housing_directory_or_other_web_source,https://www.affordablehousing411.com/housing/lihtc-details-oak-hill-apartment-105-oak-hill-dr-1000-athens-ga-30601/,"Oak Hill Apartment | Affordable Apartments for Rent in Athens, GA",housing_directory_or_other_web_source,https://hellosection8.com/id-gaa20030250-low-income-apartments-in-ga_athens.html,Outside read via DuckDuckGo: a property-specific source identifies the matched name and location. This outside evidence is used for linkage only; it does not adjudicate the conflicting or repeated unit totals.,2026-08-09,accept,duplicate_or_parallel_financing_records,Accept the provisional linkage as one physical development. Preserve the component HUD records as project episodes. Unit aggregation is a separate unresolved decision.,2026-08-09
123,DEV_GAA20040235,repeated_total_near_year,RICHMOND SUMMIT,AUGUSTA,GA,2,2004,2004,normalized_name_standardized_primary_address,136,135|136,2002-558,744 BROAD ST,accept,duplicate_or_parallel_financing_records,"Internal HUD read: GAA20040235 (PIS 2004, state ID 2002-558, units 136); GAA20049047 (PIS 2004, state ID 2002-558, units 136). Link evidence: normalized_name_standardized_primary_address. Distinct published primary-address strings: 1.",2026-08-09,accept,external_property_identity_consistent,DuckDuckGo,https://html.duckduckgo.com/html/?q=%22RICHMOND%20SUMMIT%22%20%22AUGUSTA%22%20%22744%20BROAD%20ST%22%20affordable%20housing,"RICHMOND SUMMIT | Low Income Housing | 744 BROAD ST Augusta, GA 30901 ...",housing_directory_or_other_web_source,https://www.affordablehousing411.com/housing/lihtc-details-richmond-summit-744-broad-st-augusta-ga-30901/,"Richmond Summit - Affordable Housing in Augusta, GA | Section 8 Search",housing_directory_or_other_web_source,https://section8search.org/georgia/augusta/richmond-summit/sd4tw0uwg52nhfrfrkq1zyhk,Outside read via DuckDuckGo: a property-specific source identifies the matched name and location. This outside evidence is used for linkage only; it does not adjudicate the conflicting or repeated unit totals.,2026-08-09,accept,duplicate_or_parallel_financing_records,Accept the provisional linkage as one physical development. Preserve the component HUD records as project episodes. Unit aggregation is a separate unresolved decision.,2026-08-09
124,DEV_GAA20050210,repeated_total_near_year,THE PARK AT CARRINGTON,STONE MOUNTAIN,GA,2,2005,2007,normalized_name_standardized_primary_address,356,353,2005-508|GA-05-508,1038 S HAIRSTON RD,accept,duplicate_or_parallel_financing_records,"Internal HUD read: GAA20050210 (PIS 2005, state ID GA-05-508, units 356); GAA20079307 (PIS 2007, state ID 2005-508, units 356). Link evidence: normalized_name_standardized_primary_address. Distinct published primary-address strings: 1.",2026-08-09,accept,external_property_identity_consistent,Browser + web search,https://html.duckduckgo.com/html/?q=%22THE%20PARK%20AT%20CARRINGTON%22%20%22STONE%20MOUNTAIN%22%20GA%20housing,The Park at Carrigan,property_listing_or_public_records,https://www.apartments.com/es/the-park-at-carrigan-stone-mountain-ga/85d3862/,1038 S Hairston Rd public-record property profile,property_listing_or_public_records,https://www.redfin.com/GA/Stone-Mountain/1038-S-Hairston-Rd-30088/home/162641621,"Public property records and the current Park at Carrigan listing identify one multifamily property at 1038 South Hairston Road, consistent with the HUD alias and address evidence.",2026-08-09,accept,duplicate_or_parallel_financing_records,Accept the provisional linkage as one physical development. Preserve the component HUD records as project episodes. Unit aggregation is a separate unresolved decision.,2026-08-09
125,DEV_GAA20130020,repeated_total_near_year,WASHINGTON ESTATES II,TENNILLE,GA,2,2013,2013,normalized_name_standardized_primary_address,40,40,GA-08-028|GA-11-039,101 WASHINGTON DR,accept,duplicate_or_parallel_financing_records,"Internal HUD read: GAA20139000 (PIS 2013, state ID GA-08-028, units 40); GAA20130020 (PIS 2013, state ID GA-11-039, units 40). Link evidence: normalized_name_standardized_primary_address. Distinct published primary-address strings: 1.",2026-08-09,accept,external_property_identity_consistent,DuckDuckGo,https://html.duckduckgo.com/html/?q=%22WASHINGTON%20ESTATES%20II%22%20%22TENNILLE%22%20%22101%20WASHINGTON%20DR%22%20affordable%20housing,WASHINGTON ESTATES II | Low Income Housing | 101 WASHINGTON DR Tennille ...,housing_directory_or_other_web_source,https://www.affordablehousing411.com/housing/lihtc-details-washington-estates-ii-101-washington-dr-tennille-ga-31089/,"Washington Estates Ii | Affordable Apartments for Rent in Tennille, GA",housing_directory_or_other_web_source,https://hellosection8.com/id-gaa20130020-low-income-apartments-in-ga_tennille.html,Outside read via DuckDuckGo: a property-specific source identifies the matched name and location. This outside evidence is used for linkage only; it does not adjudicate the conflicting or repeated unit totals.,2026-08-09,accept,duplicate_or_parallel_financing_records,Accept the provisional linkage as one physical development. Preserve the component HUD records as project episodes. Unit aggregation is a separate unresolved decision.,2026-08-09
126,DEV_HIA20087001,repeated_total_near_year,KAHULUI TOWN TERRACE,KAHULUI,HI,2,2008,2008,normalized_name_identical_multisite_set+normalized_name_standardized_primary_address,72,71,HI-2007-002,170 HOOHANA ST|170 HOOHANA STREET,accept,duplicate_or_parallel_financing_records,"Internal HUD read: HIA20087001 (PIS 2008, state ID HI-2007-002, units 72); HIA20089001 (PIS 2008, state ID HI-2007-002, units 72). Link evidence: normalized_name_identical_multisite_set+normalized_name_standardized_primary_address. Distinct published primary-address strings: 2.",2026-08-09,accept,external_property_identity_consistent,DuckDuckGo,https://html.duckduckgo.com/html/?q=%22KAHULUI%20TOWN%20TERRACE%22%20%22KAHULUI%22%20%22170%20HOOHANA%20ST%22%20affordable%20housing,"KAHULUI TOWN TERRACE | Low Income Housing | 170 HOOHANA ST Kahului, HI ...",housing_directory_or_other_web_source,https://www.affordablehousing411.com/housing/lihtc-details-kahului-town-terrace-170-hoohana-st-kahului-hi-96732/,"Kahului Town Terrace - 170 Hoohana St Kahului, HI 96732 | Apartments.com",property_listing_or_public_records,https://www.apartments.com/kahului-town-terrace-kahului-hi/b9bl87b/,Outside read via DuckDuckGo: a property-specific source identifies the matched name and location. This outside evidence is used for linkage only; it does not adjudicate the conflicting or repeated unit totals.,2026-08-09,accept,duplicate_or_parallel_financing_records,Accept the provisional linkage as one physical development. Preserve the component HUD records as project episodes. Unit aggregation is a separate unresolved decision.,2026-08-09
127,DEV_HIA19999002,repeated_total_near_year,KANEOHE ELDERLY,KANEOHE,HI,2,1999,1999,normalized_name_identical_multisite_set+normalized_name_standardized_primary_address,44,43,HI-1999-004,45 457 MELI PLACE,accept,duplicate_or_parallel_financing_records,"Internal HUD read: HIA19999002 (PIS 1999, state ID HI-1999-004, units 44); HIA19999004 (PIS 1999, state ID HI-1999-004, units 44). Link evidence: normalized_name_identical_multisite_set+normalized_name_standardized_primary_address. Distinct published primary-address strings: 1.",2026-08-09,accept,external_property_identity_consistent,DuckDuckGo,https://html.duckduckgo.com/html/?q=%22KANEOHE%20ELDERLY%22%20%22KANEOHE%22%20%2245%20457%20MELI%20PLACE%22%20affordable%20housing,"KANEOHE ELDERLY | Low Income Housing | 45 457 MELI PLACE Kaneohe, HI ...",housing_directory_or_other_web_source,https://www.affordablehousing411.com/housing/lihtc-details-kaneohe-elderly-45-457-meli-place-kaneohe-hi-96744/,"Kaneohe Elderly - Affordable Housing in Kaneohe, HI | Section 8 Search",housing_directory_or_other_web_source,https://section8search.org/hawaii/kaneohe/kaneohe-elderly/jyjtwzjfn45nxuhab1x8r7za,Outside read via DuckDuckGo: a property-specific source identifies the matched name and location. This outside evidence is used for linkage only; it does not adjudicate the conflicting or repeated unit totals.,2026-08-09,accept,duplicate_or_parallel_financing_records,Accept the provisional linkage as one physical development. Preserve the component HUD records as project episodes. Unit aggregation is a separate unresolved decision.,2026-08-09
128,DEV_HIA19989004,repeated_total_near_year,WAIPAHU HALL,WAIPAHU,HI,2,1998,1998,normalized_name_identical_multisite_set+normalized_name_standardized_primary_address,72,71,HI-1997-005,94 1060 WAIPAHU STREET,accept,duplicate_or_parallel_financing_records,"Internal HUD read: HIA19989004 (PIS 1998, state ID HI-1997-005, units 72); HIA19989008 (PIS 1998, state ID HI-1997-005, units 72). Link evidence: normalized_name_identical_multisite_set+normalized_name_standardized_primary_address. Distinct published primary-address strings: 1.",2026-08-09,accept,external_property_identity_consistent,DuckDuckGo,https://html.duckduckgo.com/html/?q=%22WAIPAHU%20HALL%22%20%22WAIPAHU%22%20%2294%201060%20WAIPAHU%20STREET%22%20affordable%20housing,"WAIPAHU HALL | Low Income Housing | 94 1060 WAIPAHU STREET Waipahu, HI ...",housing_directory_or_other_web_source,https://www.affordablehousing411.com/housing/lihtc-details-waipahu-hall-94-1060-waipahu-street-waipahu-hi-96797/,Waipahu Hall - UsLowCostHousing,housing_directory_or_other_web_source,https://sec8.uslowcosthousing.com/state/hi/waipahu/waipahu-hall-11739/,Outside read via DuckDuckGo: a property-specific source identifies the matched name and location. This outside evidence is used for linkage only; it does not adjudicate the conflicting or repeated unit totals.,2026-08-09,accept,duplicate_or_parallel_financing_records,Accept the provisional linkage as one physical development. Preserve the component HUD records as project episodes. Unit aggregation is a separate unresolved decision.,2026-08-09
129,DEV_ILA00000113,repeated_total_near_year,LAWNDALE PLAZA,CHICAGO,IL,2,,,normalized_name_identical_multisite_set,198,198,10-0006|10006,3158 W ROOSEVELT RD|3158 WEST ROOSEVLT RD,accept,duplicate_or_parallel_financing_records,"Internal HUD read: ILA00000113 (PIS 9999, state ID 10006, units 198); ILB0000X084 (PIS 9999, state ID 10-0006, units 198). Link evidence: normalized_name_identical_multisite_set. Distinct published primary-address strings: 2.",2026-08-09,accept,external_property_identity_consistent,DuckDuckGo,https://html.duckduckgo.com/html/?q=%22LAWNDALE%20PLAZA%22%20%22CHICAGO%22%20%223158%20W%20ROOSEVELT%20RD%22%20affordable%20housing,"Lawndale Plaza - Affordable Housing in Chicago, IL | Section 8 Search",housing_directory_or_other_web_source,https://section8search.org/illinois/chicago/lawndale-plaza/kew6ch6woia4k2t3gfv6uia4,"LAWNDALE PLAZA | Low Income Housing | 3158 W ROOSEVELT RD Chicago, IL ...",housing_directory_or_other_web_source,https://www.affordablehousing411.com/housing/lihtc-details-lawndale-plaza-3158-w-roosevelt-rd-chicago-il-60612/,Outside read via DuckDuckGo: a property-specific source identifies the matched name and location. This outside evidence is used for linkage only; it does not adjudicate the conflicting or repeated unit totals.,2026-08-09,accept,duplicate_or_parallel_financing_records,Accept the provisional linkage as one physical development. Preserve the component HUD records as project episodes. Unit aggregation is a separate unresolved decision.,2026-08-09
130,DEV_INA20240004,repeated_total_near_year,BOONVILLE SENIOR LOFTS,BOONVILLE,IN,2,2024,2024,normalized_name_identical_multisite_set+normalized_name_standardized_primary_address,45,45,IN-22-00300|TCAP-23-005,409 N 9TH ST,accept,duplicate_or_parallel_financing_records,"Internal HUD read: INA20240005 (PIS 2024, state ID IN-22-00300, units 45); INA20240004 (PIS 2024, state ID TCAP-23-005, units 45). Link evidence: normalized_name_identical_multisite_set+normalized_name_standardized_primary_address. Distinct published primary-address strings: 1.",2026-08-09,accept,external_property_identity_consistent,DuckDuckGo,https://html.duckduckgo.com/html/?q=%22BOONVILLE%20SENIOR%20LOFTS%22%20%22BOONVILLE%22%20%22409%20N%209TH%20ST%22%20affordable%20housing,"Boonville Senior Lofts, Pivotal, Affordable | Pivotal",housing_directory_or_other_web_source,https://www.pivotal-communities.com/properties/boonville-homes-2?view=print,,,,Outside read via DuckDuckGo: a property-specific source identifies the matched name and location. This outside evidence is used for linkage only; it does not adjudicate the conflicting or repeated unit totals.,2026-08-09,accept,duplicate_or_parallel_financing_records,Accept the provisional linkage as one physical development. Preserve the component HUD records as project episodes. Unit aggregation is a separate unresolved decision.,2026-08-09
131,DEV_INA20220002,repeated_total_near_year,BROADWAY LOFTS,GARY,IN,2,2022,2022,normalized_name_identical_multisite_set+normalized_name_standardized_primary_address,38,38,IN-18-02400|IN-19-03300,701 BROADWAY,accept,duplicate_or_parallel_financing_records,"Internal HUD read: INA20220003 (PIS 2022, state ID IN-18-02400, units 38); INA20220002 (PIS 2022, state ID IN-19-03300, units 38). Link evidence: normalized_name_identical_multisite_set+normalized_name_standardized_primary_address. Distinct published primary-address strings: 1.",2026-08-09,accept,external_property_identity_consistent,DuckDuckGo,https://html.duckduckgo.com/html/?q=%22BROADWAY%20LOFTS%22%20%22GARY%22%20%22701%20BROADWAY%22%20affordable%20housing,"Broadway Lofts, Affordable Housing, Pivotal | Pivotal",housing_directory_or_other_web_source,https://www.pivotal-communities.com/properties/broadway-lofts?view=print,Broadway Lofts - UsLowCostHousing,housing_directory_or_other_web_source,https://sec8.uslowcosthousing.com/state/in/gary/broadway-lofts-13931/,Outside read via DuckDuckGo: a property-specific source identifies the matched name and location. This outside evidence is used for linkage only; it does not adjudicate the conflicting or repeated unit totals.,2026-08-09,accept,duplicate_or_parallel_financing_records,Accept the provisional linkage as one physical development. Preserve the component HUD records as project episodes. Unit aggregation is a separate unresolved decision.,2026-08-09
132,DEV_INA19870003,repeated_total_near_year,CARNEY GIBSON PROPERTIES,LAFAYETTE,IN,2,1987,1990,normalized_name_identical_multisite_set,2,2,IN-87-12001|IN-90-03200,1314 MORTON ST|1422 HOWELL ST,accept,duplicate_or_parallel_financing_records,"Internal HUD read: INA19870003 (PIS 1987, state ID IN-87-12001, units 2); INA19900016 (PIS 1990, state ID IN-90-03200, units 2). Link evidence: normalized_name_identical_multisite_set. Distinct published primary-address strings: 2.",2026-08-09,accept,external_property_identity_consistent,DuckDuckGo,https://html.duckduckgo.com/html/?q=%22CARNEY%20GIBSON%20PROPERTIES%22%20%22LAFAYETTE%22%20%221314%20MORTON%20ST%22%20affordable%20housing,CARNEY GIBSON PROPERTIES | Low Income Housing | 1314 MORTON ST ...,housing_directory_or_other_web_source,https://www.affordablehousing411.com/housing/lihtc-details-carney-gibson-properties-1314-morton-st-lafayette-in-47904/,"Carney Gibson Properties in Lafayette, Indiana - INA19870003",housing_directory_or_other_web_source,https://www.crediohub.com/LIHTC-properties/l/14401/carney-gibson-properties-ina19870003,Outside read via DuckDuckGo: a property-specific source identifies the matched name and location. This outside evidence is used for linkage only; it does not adjudicate the conflicting or repeated unit totals.,2026-08-09,accept,duplicate_or_parallel_financing_records,Accept the provisional linkage as one physical development. Preserve the component HUD records as project episodes. Unit aggregation is a separate unresolved decision.,2026-08-09
133,DEV_INA20230006,repeated_total_near_year,CAROLYN MOSBY APARTMENTS,GARY,IN,2,2023,2023,normalized_name_identical_multisite_set+normalized_name_standardized_primary_address,142,142,IN-21-02100,650 JACKSON ST,accept,duplicate_or_parallel_financing_records,"Internal HUD read: INA20230006 (PIS 2023, state ID IN-21-02100, units 142); INA20230007 (PIS 2023, state ID IN-21-02100, units 142). Link evidence: normalized_name_identical_multisite_set+normalized_name_standardized_primary_address. Distinct published primary-address strings: 1.",2026-08-09,accept,external_property_identity_consistent,DuckDuckGo,https://html.duckduckgo.com/html/?q=%22CAROLYN%20MOSBY%20APARTMENTS%22%20%22GARY%22%20%22650%20JACKSON%20ST%22%20affordable%20housing,"Carolyn Mosby Apartments - Affordable Housing in Gary, IN | Section 8 ...",housing_directory_or_other_web_source,https://section8search.org/indiana/gary/carolyn-mosby-apartments/u98ebscr98eufwkf7lzwok3k,Carolyn Mosby Apartments - UsLowCostHousing,housing_directory_or_other_web_source,https://sec8.uslowcosthousing.com/state/in/gary/carolyn-mosby-apartments-13934/,Outside read via DuckDuckGo: a property-specific source identifies the matched name and location. This outside evidence is used for linkage only; it does not adjudicate the conflicting or repeated unit totals.,2026-08-09,accept,duplicate_or_parallel_financing_records,Accept the provisional linkage as one physical development. Preserve the component HUD records as project episodes. Unit aggregation is a separate unresolved decision.,2026-08-09
134,DEV_INA20240006,repeated_total_near_year,CHAPMAN CROSSING,CORYDON,IN,2,2024,2024,normalized_name_identical_multisite_set+normalized_name_standardized_primary_address,48,48,IN-22-00400|TCAP-22-017,2002 POOLSIDE DR NW,accept,duplicate_or_parallel_financing_records,"Internal HUD read: INA20240007 (PIS 2024, state ID IN-22-00400, units 48); INA20240006 (PIS 2024, state ID TCAP-22-017, units 48). Link evidence: normalized_name_identical_multisite_set+normalized_name_standardized_primary_address. Distinct published primary-address strings: 1.",2026-08-09,accept,external_property_identity_consistent,DuckDuckGo,https://html.duckduckgo.com/html/?q=%22CHAPMAN%20CROSSING%22%20%22CORYDON%22%20IN%20housing,"Apartments in Corydon, IN | Chapman Crossing",owner_or_operator,https://chapmancrossing.wodagroup.com/,"Chapman Crossing - 625 Chapman Dr Nw Corydon, IN 47112 | Apartments.com",property_listing_or_public_records,https://www.apartments.com/chapman-crossing-corydon-in/0wzc7z3/,Outside read via DuckDuckGo: a property-specific source identifies the matched name and location. This outside evidence is used for linkage only; it does not adjudicate the conflicting or repeated unit totals.,2026-08-09,accept,duplicate_or_parallel_financing_records,Accept the provisional linkage as one physical development. Preserve the component HUD records as project episodes. Unit aggregation is a separate unresolved decision.,2026-08-09
135,DEV_INA20240008,repeated_total_near_year,CITY VIEW HOMES,MUNCIE,IN,2,2024,2024,normalized_name_identical_multisite_set,28,28,IN-22-04300|TCAP-23-010,SCATTERED SITES,accept,duplicate_or_parallel_financing_records,"Internal HUD read: INA20240009 (PIS 2024, state ID IN-22-04300, units 28); INA20240008 (PIS 2024, state ID TCAP-23-010, units 28). Link evidence: normalized_name_identical_multisite_set. Distinct published primary-address strings: 1.",2026-08-09,accept,external_property_identity_consistent,DuckDuckGo,https://html.duckduckgo.com/html/?q=%22CITY%20VIEW%20HOMES%22%20%22MUNCIE%22%20IN%20housing,"City View Homes, Pivotal, Affordable Housing | Pivotal",housing_directory_or_other_web_source,https://www.pivotal-communities.com/properties/city-view-homes?view=print,City View Homes | Muncie IN - Facebook,housing_directory_or_other_web_source,https://www.facebook.com/profile.php/?id=61551775535214,Outside read via DuckDuckGo: a property-specific source identifies the matched name and location. This outside evidence is used for linkage only; it does not adjudicate the conflicting or repeated unit totals.,2026-08-09,accept,duplicate_or_parallel_financing_records,Accept the provisional linkage as one physical development. Preserve the component HUD records as project episodes. Unit aggregation is a separate unresolved decision.,2026-08-09
136,DEV_INA20240010,repeated_total_near_year,CITY VIEW HOMES II,MUNCIE,IN,2,2024,2024,normalized_name_identical_multisite_set,33,33,IN-22-01700|TCAP-23-009,SCATTERED SITES,accept,duplicate_or_parallel_financing_records,"Internal HUD read: INA20240011 (PIS 2024, state ID IN-22-01700, units 33); INA20240010 (PIS 2024, state ID TCAP-23-009, units 33). Link evidence: normalized_name_identical_multisite_set. Distinct published primary-address strings: 1.",2026-08-09,accept,external_property_identity_consistent,DuckDuckGo,https://html.duckduckgo.com/html/?q=%22CITY%20VIEW%20HOMES%20II%22%20%22MUNCIE%22%20IN%20housing,MUNCIE CITY VIEW HOMES II LLC — Real Estate Investor,housing_directory_or_other_web_source,https://sfranalytics.com/investors/in/muncie-in/muncie-city-view-homes-ii-llc-in,Muncie City View Homes II LLC - Bizapedia,housing_directory_or_other_web_source,https://www.bizapedia.com/in/muncie-city-view-homes-ii-llc.html,Outside read via DuckDuckGo: a property-specific source identifies the matched name and location. This outside evidence is used for linkage only; it does not adjudicate the conflicting or repeated unit totals.,2026-08-09,accept,duplicate_or_parallel_financing_records,Accept the provisional linkage as one physical development. Preserve the component HUD records as project episodes. Unit aggregation is a separate unresolved decision.,2026-08-09
137,DEV_INA20240013,repeated_total_near_year,ENGLEWOOD HOMES,INDIANAPOLIS,IN,2,2024,2024,normalized_name_identical_multisite_set,40,40,IN-22-00700|TCAP-22-004,SCATTERED SITES,accept,duplicate_or_parallel_financing_records,"Internal HUD read: INA20240014 (PIS 2024, state ID IN-22-00700, units 40); INA20240013 (PIS 2024, state ID TCAP-22-004, units 40). Link evidence: normalized_name_identical_multisite_set. Distinct published primary-address strings: 1.",2026-08-09,accept,external_property_identity_consistent,DuckDuckGo,https://html.duckduckgo.com/html/?q=%22ENGLEWOOD%20HOMES%22%20%22INDIANAPOLIS%22%20IN%20housing,"Englewood Homes, 57 N Rural St., Indianapolis, IN - RentCafe",housing_directory_or_other_web_source,https://www.rentcafe.com/housing/in/indianapolis/englewood-homes/default.aspx,"Englewood Homes - apartment for rent in Englewood, Indianapolis ...",housing_directory_or_other_web_source,https://www.point2homes.com/US/Apartment-Buildings/IN/Indianapolis/Englewood-Homes.html,Outside read via DuckDuckGo: a property-specific source identifies the matched name and location. This outside evidence is used for linkage only; it does not adjudicate the conflicting or repeated unit totals.,2026-08-09,accept,duplicate_or_parallel_financing_records,Accept the provisional linkage as one physical development. Preserve the component HUD records as project episodes. Unit aggregation is a separate unresolved decision.,2026-08-09
138,DEV_INA20240015,repeated_total_near_year,EVANSVILLE TOWNHOMES III,EVANSVILLE,IN,2,2024,2024,normalized_name_identical_multisite_set,64,64,IN-22-00900|TCAP-22-016,SCATTERED SITES,accept,duplicate_or_parallel_financing_records,"Internal HUD read: INA20240016 (PIS 2024, state ID IN-22-00900, units 64); INA20240015 (PIS 2024, state ID TCAP-22-016, units 64). Link evidence: normalized_name_identical_multisite_set. Distinct published primary-address strings: 1.",2026-08-09,accept,external_property_identity_consistent,Browser + web search,https://html.duckduckgo.com/html/?q=%22EVANSVILLE%20TOWNHOMES%20III%22%20%22EVANSVILLE%22%20%22SCATTERED%20SITES%22%20affordable%20housing,IHCDA approved development summary — Evansville Townhomes III,official_public,https://www.in.gov/ihcda/files/.All-Approved-Development-Summary-Sheet.pdf,,,,Indiana's approved-development summary identifies Evansville Townhomes III as one 64-unit scattered-site development. The two HUD rows have parallel state financing identifiers and the same project total.,2026-08-09,accept,duplicate_or_parallel_financing_records,Accept the provisional linkage as one physical development. Preserve the component HUD records as project episodes. Unit aggregation is a separate unresolved decision.,2026-08-09
139,DEV_INA20240017,repeated_total_near_year,FOUNDERS SQUARE SENIOR APARTMENTS,SPEEDWAY,IN,2,2024,2024,normalized_name_identical_multisite_set+normalized_name_standardized_primary_address,60,60,IN-21-00500|TCAP-21-012,2602 FOUNDERS SQUARE DR,accept,duplicate_or_parallel_financing_records,"Internal HUD read: INA20240017 (PIS 2024, state ID IN-21-00500, units 60); INA20240018 (PIS 2024, state ID TCAP-21-012, units 60). Link evidence: normalized_name_identical_multisite_set+normalized_name_standardized_primary_address. Distinct published primary-address strings: 1.",2026-08-09,accept,external_property_identity_consistent,DuckDuckGo,https://html.duckduckgo.com/html/?q=%22FOUNDERS%20SQUARE%20SENIOR%20APARTMENTS%22%20%22SPEEDWAY%22%20%222602%20FOUNDERS%20SQUARE%20DR%22%20affordable%20housing,Founders Square Senior Housing | Speedway IN - Facebook,housing_directory_or_other_web_source,https://www.facebook.com/61552423584868/,,,,Outside read via DuckDuckGo: a property-specific source identifies the matched name and location. This outside evidence is used for linkage only; it does not adjudicate the conflicting or repeated unit totals.,2026-08-09,accept,duplicate_or_parallel_financing_records,Accept the provisional linkage as one physical development. Preserve the component HUD records as project episodes. Unit aggregation is a separate unresolved decision.,2026-08-09
140,DEV_INA20240019,repeated_total_near_year,GARFIELD PARKSIDE TOWNHOMES,INDIANAPOLIS,IN,2,2024,2024,normalized_name_identical_multisite_set,47,47,IN-21-00600|TCAP-23-003,SCATTERED SITES,accept,duplicate_or_parallel_financing_records,"Internal HUD read: INA20240020 (PIS 2024, state ID IN-21-00600, units 47); INA20240019 (PIS 2024, state ID TCAP-23-003, units 47). Link evidence: normalized_name_identical_multisite_set. Distinct published primary-address strings: 1.",2026-08-09,accept,external_property_identity_consistent,DuckDuckGo,https://html.duckduckgo.com/html/?q=%22GARFIELD%20PARKSIDE%20TOWNHOMES%22%20%22INDIANAPOLIS%22%20IN%20housing,Garfield Parkside Townhomes | Affordable Indianapolis Apartments,housing_directory_or_other_web_source,https://www.garfieldparkside.com/,"Garfield Parkside Townhomes - 401 E Southern Ave Indianapolis, IN 46225 ...",property_listing_or_public_records,https://www.apartments.com/garfield-parkside-townhomes-indianapolis-in/t9eh799/,Outside read via DuckDuckGo: a property-specific source identifies the matched name and location. This outside evidence is used for linkage only; it does not adjudicate the conflicting or repeated unit totals.,2026-08-09,accept,duplicate_or_parallel_financing_records,Accept the provisional linkage as one physical development. Preserve the component HUD records as project episodes. Unit aggregation is a separate unresolved decision.,2026-08-09
141,DEV_INA20240026,repeated_total_near_year,ISABELLE GARDENS,FORT WAYNE,IN,2,2024,2024,normalized_name_identical_multisite_set+normalized_name_standardized_primary_address,66,66,IN-22-01100|TCAP-22-018,2273 IZZIE WAY,accept,duplicate_or_parallel_financing_records,"Internal HUD read: INA20240027 (PIS 2024, state ID IN-22-01100, units 66); INA20240026 (PIS 2024, state ID TCAP-22-018, units 66). Link evidence: normalized_name_identical_multisite_set+normalized_name_standardized_primary_address. Distinct published primary-address strings: 1.",2026-08-09,accept,external_property_identity_consistent,DuckDuckGo,https://html.duckduckgo.com/html/?q=%22ISABELLE%20GARDENS%22%20%22FORT%20WAYNE%22%20%222273%20IZZIE%20WAY%22%20affordable%20housing,Isabelle Gardens | NGM,housing_directory_or_other_web_source,https://www.newgenmgnt.com/isabellegardens,"Isabelle Gardens - 2273 Izzie Way Fort Wayne, IN 46805 | Apartments.com",property_listing_or_public_records,https://www.apartments.com/isabelle-gardens-fort-wayne-in/g10gmwx/,Outside read via DuckDuckGo: a property-specific source identifies the matched name and location. This outside evidence is used for linkage only; it does not adjudicate the conflicting or repeated unit totals.,2026-08-09,accept,duplicate_or_parallel_financing_records,Accept the provisional linkage as one physical development. Preserve the component HUD records as project episodes. Unit aggregation is a separate unresolved decision.,2026-08-09
142,DEV_INA20230023,repeated_total_near_year,KHA RAD I,KOKOMO,IN,2,2023,2023,normalized_name_identical_multisite_set,335,335,IN-20-02400|IN-20-02400B,SCATTERED SITES,accept,duplicate_or_parallel_financing_records,"Internal HUD read: INA20230023 (PIS 2023, state ID IN-20-02400B, units 335); INA20230024 (PIS 2023, state ID IN-20-02400, units 335). Link evidence: normalized_name_identical_multisite_set. Distinct published primary-address strings: 1.",2026-08-09,accept,external_property_identity_consistent,Browser + web search,https://html.duckduckgo.com/html/?q=%22KHA%20RAD%20I%22%20%22KOKOMO%22%20%22SCATTERED%20SITES%22%20affordable%20housing,Kokomo Housing Authority financial audit — KHA RAD I,official_public,https://www.in.gov/sboa/WebReports/000001503A.pdf,Kha Rad I — 335-unit property profile,housing_directory_or_other_web_source,https://www.fairhousinghub.com/property/in-kokomo-kha-rad-i-05ccd3,The Kokomo Housing Authority audit identifies KHA RAD I as one 335-unit apartment community composed of four named authority properties.,2026-08-09,accept,duplicate_or_parallel_financing_records,Accept the provisional linkage as one physical development. Preserve the component HUD records as project episodes. Unit aggregation is a separate unresolved decision.,2026-08-09
143,DEV_INA19980085,repeated_total_near_year,ORCHARD PLACE APTS,FORT WAYNE,IN,2,1998,1998,normalized_name_identical_multisite_set+normalized_name_standardized_primary_address,80,80,IN-96-02700,902 E COOK RD,accept,duplicate_or_parallel_financing_records,"Internal HUD read: INA19980085 (PIS 1998, state ID IN-96-02700, units 80); INA19989022 (PIS 1998, state ID IN-96-02700, units 80). Link evidence: normalized_name_identical_multisite_set+normalized_name_standardized_primary_address. Distinct published primary-address strings: 1.",2026-08-09,accept,external_property_identity_consistent,DuckDuckGo,https://html.duckduckgo.com/html/?q=%22ORCHARD%20PLACE%20APTS%22%20%22FORT%20WAYNE%22%20%22902%20E%20COOK%20RD%22%20affordable%20housing,"Orchard Place Apts - LIHTC Affordable Housing Property in Fort Wayne, IN",housing_directory_or_other_web_source,https://hisec8.com/low-income-housing-tax-credit/indiana/fort-wayne/ina19989022-orchard-place-apts/,"Orchard Place Apts - Affordable Housing in Fort Wayne, IN | Section 8 ...",housing_directory_or_other_web_source,https://section8search.org/indiana/fort-wayne/orchard-place-apts/llx18ha4ptccbfs13j3nb28i,Outside read via DuckDuckGo: a property-specific source identifies the matched name and location. This outside evidence is used for linkage only; it does not adjudicate the conflicting or repeated unit totals.,2026-08-09,accept,duplicate_or_parallel_financing_records,Accept the provisional linkage as one physical development. Preserve the component HUD records as project episodes. Unit aggregation is a separate unresolved decision.,2026-08-09
144,DEV_INA20240030,repeated_total_near_year,PEBBLE VILLAGE TOWNHOMES,NOBLESVILLE,IN,2,2024,2024,normalized_name_identical_multisite_set+normalized_name_standardized_primary_address,60,60,IN-21-01200|TCAP-22-012,17754 COPSE DRIVE,accept,duplicate_or_parallel_financing_records,"Internal HUD read: INA20240030 (PIS 2024, state ID IN-21-01200, units 60); INA20240031 (PIS 2024, state ID TCAP-22-012, units 60). Link evidence: normalized_name_identical_multisite_set+normalized_name_standardized_primary_address. Distinct published primary-address strings: 1.",2026-08-09,accept,external_property_identity_consistent,Browser + web search,https://html.duckduckgo.com/html/?q=%22PEBBLE%20VILLAGE%20TOWNHOMES%22%20%22NOBLESVILLE%22%20%2217754%20COPSE%20DRIVE%22%20affordable%20housing,Pebble Village Townhomes — Woda Cooper Companies,owner_or_operator,https://www.wodagroup.com/community/pebble-village-townhomes/,Pebble Village Townhomes — 60-unit property profile,housing_directory_or_other_web_source,https://www.renterinsights.com/search/Indiana/Noblesville/Pebble-Village-Townhomes/,"The developer identifies Pebble Village Townhomes at 17754 Copse Drive as one 60-unit development, matching both HUD financing rows.",2026-08-09,accept,duplicate_or_parallel_financing_records,Accept the provisional linkage as one physical development. Preserve the component HUD records as project episodes. Unit aggregation is a separate unresolved decision.,2026-08-09
145,DEV_INA20240033,repeated_total_near_year,RIVERSIDE COMMONS,SCATTERED,IN,2,2024,2024,normalized_name_identical_multisite_set,48,48,IN-21-01600|TCAP-21-010,SCATTERED SITES,accept,duplicate_or_parallel_financing_records,"Internal HUD read: INA20240033 (PIS 2024, state ID IN-21-01600, units 48); INA20240034 (PIS 2024, state ID TCAP-21-010, units 48). Link evidence: normalized_name_identical_multisite_set. Distinct published primary-address strings: 1.",2026-08-09,accept,external_property_identity_consistent,DuckDuckGo,https://html.duckduckgo.com/html/?q=%22RIVERSIDE%20COMMONS%22%20%22SCATTERED%22%20IN%20housing,Riverside Commons Apartments Ribbon Cutting,housing_directory_or_other_web_source,https://easterdayconstruction.com/2024/05/21/riverside-commons-apartments-ribbon-cutting/,,,,Outside read via DuckDuckGo: a property-specific source identifies the matched name and location. This outside evidence is used for linkage only; it does not adjudicate the conflicting or repeated unit totals.,2026-08-09,accept,duplicate_or_parallel_financing_records,Accept the provisional linkage as one physical development. Preserve the component HUD records as project episodes. Unit aggregation is a separate unresolved decision.,2026-08-09
146,DEV_INA20240037,repeated_total_near_year,STANLEY TERRACE,PLAINFIELD,IN,2,2024,2024,normalized_name_identical_multisite_set+normalized_name_standardized_primary_address,60,60,IN-22-01500|TCAP-23-007,451 N VINE STREET,accept,duplicate_or_parallel_financing_records,"Internal HUD read: INA20240038 (PIS 2024, state ID IN-22-01500, units 60); INA20240037 (PIS 2024, state ID TCAP-23-007, units 60). Link evidence: normalized_name_identical_multisite_set+normalized_name_standardized_primary_address. Distinct published primary-address strings: 1.",2026-08-09,accept,external_property_identity_consistent,DuckDuckGo,https://html.duckduckgo.com/html/?q=%22STANLEY%20TERRACE%22%20%22PLAINFIELD%22%20IN%20housing,"Apartments in Plainfield, IN | Stanley Terrace",owner_or_operator,https://stanleyterrace.wodagroup.com/,"Stanley Terrace | Plainfield, IN | Starting at $1,155 | ForRent.com",housing_directory_or_other_web_source,https://www.forrent.com/in/plainfield/stanley-terrace/gckrqwy,Outside read via DuckDuckGo: a property-specific source identifies the matched name and location. This outside evidence is used for linkage only; it does not adjudicate the conflicting or repeated unit totals.,2026-08-09,accept,duplicate_or_parallel_financing_records,Accept the provisional linkage as one physical development. Preserve the component HUD records as project episodes. Unit aggregation is a separate unresolved decision.,2026-08-09
147,DEV_INA19960155,repeated_total_near_year,SUTTON PLACE APTS,INDIANAPOLIS,IN,2,1996,1996,normalized_name_identical_multisite_set+normalized_name_standardized_primary_address,360,360,IN-96-03500,9350 E 43RD ST,accept,duplicate_or_parallel_financing_records,"Internal HUD read: INA19960155 (PIS 1996, state ID IN-96-03500, units 360); INA19969036 (PIS 1996, state ID IN-96-03500, units 360). Link evidence: normalized_name_identical_multisite_set+normalized_name_standardized_primary_address. Distinct published primary-address strings: 1.",2026-08-09,accept,external_property_identity_consistent,DuckDuckGo,https://html.duckduckgo.com/html/?q=%22SUTTON%20PLACE%20APTS%22%20%22INDIANAPOLIS%22%20%229350%20E%2043RD%20ST%22%20affordable%20housing,SUTTON PLACE APTS | Low Income Housing | 9350 E 43RD ST Indianapolis ...,housing_directory_or_other_web_source,https://www.affordablehousing411.com/housing/lihtc-details-sutton-place-apts-9350-e-43rd-st-indianapolis-in-46235/,"Sutton Place Apts | Affordable Apartments for Rent in Indianapolis, IN",housing_directory_or_other_web_source,https://hellosection8.com/id-ina19960155-low-income-apartments-in-in_indianapolis.html,Outside read via DuckDuckGo: a property-specific source identifies the matched name and location. This outside evidence is used for linkage only; it does not adjudicate the conflicting or repeated unit totals.,2026-08-09,accept,duplicate_or_parallel_financing_records,Accept the provisional linkage as one physical development. Preserve the component HUD records as project episodes. Unit aggregation is a separate unresolved decision.,2026-08-09
148,DEV_INA20240039,repeated_total_near_year,THE 2525,WARSAW,IN,2,2024,2024,normalized_name_identical_multisite_set+normalized_name_standardized_primary_address,60,60,IN-22-01600|TCAP-23-008,2525 E DURBIN STREET,accept,duplicate_or_parallel_financing_records,"Internal HUD read: INA20240039 (PIS 2024, state ID IN-22-01600, units 60); INA20240040 (PIS 2024, state ID TCAP-23-008, units 60). Link evidence: normalized_name_identical_multisite_set+normalized_name_standardized_primary_address. Distinct published primary-address strings: 1.",2026-08-09,accept,external_property_identity_consistent,DuckDuckGo,https://html.duckduckgo.com/html/?q=%22THE%202525%22%20%22WARSAW%22%20IN%20housing,Warsaw Indiana Apartments | The 2525,housing_directory_or_other_web_source,https://www.homeatthe2525.com/,"The 2525 | Apartments in Warsaw, IN | Featured Floor Plans",housing_directory_or_other_web_source,https://www.homeatthe2525.com/featuredfloorplans/featured-floor-plans,Outside read via DuckDuckGo: a property-specific source identifies the matched name and location. This outside evidence is used for linkage only; it does not adjudicate the conflicting or repeated unit totals.,2026-08-09,accept,duplicate_or_parallel_financing_records,Accept the provisional linkage as one physical development. Preserve the component HUD records as project episodes. Unit aggregation is a separate unresolved decision.,2026-08-09
149,DEV_INA20240045,repeated_total_near_year,VILLAGE PREMIER APARTMENTS,FORT WAYNE,IN,2,2024,2024,normalized_name_identical_multisite_set+normalized_name_standardized_primary_address,208,208,IN-22-04000|TCAP-22-019,4209 PLAZA DRIVE,accept,duplicate_or_parallel_financing_records,"Internal HUD read: INA20240045 (PIS 2024, state ID IN-22-04000, units 208); INA20240046 (PIS 2024, state ID TCAP-22-019, units 208). Link evidence: normalized_name_identical_multisite_set+normalized_name_standardized_primary_address. Distinct published primary-address strings: 1.",2026-08-09,accept,external_property_identity_consistent,Browser + web search,https://html.duckduckgo.com/html/?q=%22VILLAGE%20PREMIER%20APARTMENTS%22%20%22FORT%20WAYNE%22%20IN%20housing,IHCDA board minutes — Village Premier Apartments,official_public,https://www.in.gov/ihcda/files/September-Board-Meeting-Minutes-FINAL.PDF,,,,Indiana housing-agency board materials identify Village Premier Apartments at 4209 Plaza Drive as one 208-unit development and report the same primary state identifier shown in HUD.,2026-08-09,accept,duplicate_or_parallel_financing_records,Accept the provisional linkage as one physical development. Preserve the component HUD records as project episodes. Unit aggregation is a separate unresolved decision.,2026-08-09
150,DEV_INA20220050,repeated_total_near_year,WC MOVING FORWARD RD 4%,SCATTERED,IN,2,2022,2022,normalized_name_identical_multisite_set,78,78,IN-19-02900|IN-19-02900B,SCATTERED SITES,accept,duplicate_or_parallel_financing_records,"Internal HUD read: INA20220050 (PIS 2022, state ID IN-19-02900B, units 78); INA20220051 (PIS 2022, state ID IN-19-02900, units 78). Link evidence: normalized_name_identical_multisite_set. Distinct published primary-address strings: 1.",2026-08-09,accept,external_property_identity_consistent,DuckDuckGo,https://html.duckduckgo.com/html/?q=%22WC%20MOVING%20FORWARD%20RD%204%25%22%20%22SCATTERED%22%20%22SCATTERED%20SITES%22%20affordable%20housing,"Wc Moving Forward Rd 4% - Affordable Housing in Scattered, IN | Section ...",housing_directory_or_other_web_source,https://section8search.org/indiana/scattered/wc-moving-forward-rd-4/deb0e4n2wimy1alv75xmpwmx,,,,Outside read via DuckDuckGo: a property-specific source identifies the matched name and location. This outside evidence is used for linkage only; it does not adjudicate the conflicting or repeated unit totals.,2026-08-09,accept,duplicate_or_parallel_financing_records,Accept the provisional linkage as one physical development. Preserve the component HUD records as project episodes. Unit aggregation is a separate unresolved decision.,2026-08-09
151,DEV_INA20220052,repeated_total_near_year,WC MOVING FORWARD RD 9%,SCATTERED,IN,2,2022,2022,normalized_name_identical_multisite_set,100,100,IN-19-03000,SCATTERED SITES,accept,duplicate_or_parallel_financing_records,"Internal HUD read: INA20220052 (PIS 2022, state ID IN-19-03000, units 100); INA20220055 (PIS 2022, state ID IN-19-03000, units 100). Link evidence: normalized_name_identical_multisite_set. Distinct published primary-address strings: 1.",2026-08-09,accept,external_property_identity_consistent,DuckDuckGo,https://html.duckduckgo.com/html/?q=%22WC%20MOVING%20FORWARD%20RD%209%25%22%20%22SCATTERED%22%20%22SCATTERED%20SITES%22%20affordable%20housing,"Wc Moving Forward Rd 9% - Affordable Housing in Scattered, IN | Section ...",housing_directory_or_other_web_source,https://section8search.org/indiana/scattered/wc-moving-forward-rd-9/ppa0r67afwo6sa9ddnk5w3me,"Wc Moving Forward Rd 9% - Affordable Housing in Scattered, IN | Section ...",housing_directory_or_other_web_source,https://section8search.org/indiana/scattered/wc-moving-forward-rd-9/ndjed4skw27pt82av5v7wgqt,Outside read via DuckDuckGo: a property-specific source identifies the matched name and location. This outside evidence is used for linkage only; it does not adjudicate the conflicting or repeated unit totals.,2026-08-09,accept,duplicate_or_parallel_financing_records,Accept the provisional linkage as one physical development. Preserve the component HUD records as project episodes. Unit aggregation is a separate unresolved decision.,2026-08-09
152,DEV_INA19950210,repeated_total_near_year,WORTHINGTON SENIOR APTS,WORTHINGTON,IN,2,1995,1995,normalized_name_identical_multisite_set+normalized_name_standardized_primary_address,25,25,IN-94-11200,240 W ST,accept,duplicate_or_parallel_financing_records,"Internal HUD read: INA19950210 (PIS 1995, state ID IN-94-11200, units 25); INA19959038 (PIS 1995, state ID IN-94-11200, units 25). Link evidence: normalized_name_identical_multisite_set+normalized_name_standardized_primary_address. Distinct published primary-address strings: 1.",2026-08-09,accept,external_property_identity_consistent,DuckDuckGo,https://html.duckduckgo.com/html/?q=%22WORTHINGTON%20SENIOR%20APTS%22%20%22WORTHINGTON%22%20%22240%20W%20ST%22%20affordable%20housing,"WORTHINGTON SENIOR APTS | Low Income Housing | 240 W ST Worthington, IN ...",housing_directory_or_other_web_source,https://www.affordablehousing411.com/housing/lihtc-details-worthington-senior-apts-240-w-st-worthington-in-47471/,"Worthington Senior Apts - Affordable Housing in Worthington, IN ...",housing_directory_or_other_web_source,https://section8search.org/indiana/worthington/worthington-senior-apts/gbz9idvrxu82ywj8ac7imyd4,Outside read via DuckDuckGo: a property-specific source identifies the matched name and location. This outside evidence is used for linkage only; it does not adjudicate the conflicting or repeated unit totals.,2026-08-09,accept,duplicate_or_parallel_financing_records,Accept the provisional linkage as one physical development. Preserve the component HUD records as project episodes. Unit aggregation is a separate unresolved decision.,2026-08-09
153,DEV_KYA20160012,repeated_total_near_year,MEN'S ADDICTION RECOVERY CAMPUS,BOWLING GREEN,KY,2,2016,2016,normalized_name_identical_multisite_set,45,45,KY-14-023|KY1012-592,1791 OLD LOUISVILLE RD|OLD LOUISVILLE ROAD,accept,duplicate_or_parallel_financing_records,"Internal HUD read: KYA20167424 (PIS 2016, state ID KY1012-592, units 45); KYA20160012 (PIS 2016, state ID KY-14-023, units 45). Link evidence: normalized_name_identical_multisite_set. Distinct published primary-address strings: 2.",2026-08-09,accept,external_property_identity_consistent,DuckDuckGo,https://html.duckduckgo.com/html/?q=%22MEN'S%20ADDICTION%20RECOVERY%20CAMPUS%22%20%22BOWLING%20GREEN%22%20%221791%20OLD%20LOUISVILLE%20RD%22%20affordable%20housing,MEN'S ADDICTION RECOVERY CAMPUS | Low Income Housing | 1791 OLD ...,housing_directory_or_other_web_source,https://www.affordablehousing411.com/housing/lihtc-details-mens-addiction-recovery-campus-1791-old-louisville-rd-bowling-green-ky-42101/,"Men's Addiction Recovery Campus - Bowling Green, Kentucky",housing_directory_or_other_web_source,https://www.crediohub.com/LIHTC-properties/l/16126/mens-addiction-recovery-campus-kya00000024,Outside read via DuckDuckGo: a property-specific source identifies the matched name and location. This outside evidence is used for linkage only; it does not adjudicate the conflicting or repeated unit totals.,2026-08-09,accept,duplicate_or_parallel_financing_records,Accept the provisional linkage as one physical development. Preserve the component HUD records as project episodes. Unit aggregation is a separate unresolved decision.,2026-08-09
154,DEV_MAB20163001,repeated_total_near_year,BC HIGHLAND GLENN,WESTWOOD,MA,2,2016,2020,normalized_name_identical_multisite_set+normalized_name_standardized_primary_address,180,162,MA-20-14|MA-21-14,1104-1330 HIGHLAND GLENN ROAD,accept,duplicate_or_parallel_financing_records,"Internal HUD read: MAB20163001 (PIS 2016, state ID MA-20-14, units 180); MAB20200002 (PIS 2020, state ID MA-21-14, units 180). Link evidence: normalized_name_identical_multisite_set+normalized_name_standardized_primary_address. Distinct published primary-address strings: 1.",2026-08-09,accept,external_property_identity_consistent,DuckDuckGo,https://html.duckduckgo.com/html/?q=%22BC%20HIGHLAND%20GLENN%22%20%22WESTWOOD%22%20%221104-1330%20HIGHLAND%20GLENN%20ROAD%22%20affordable%20housing,Bc Highland Glenn - UsLowCostHousing,housing_directory_or_other_web_source,https://sec8.uslowcosthousing.com/state/ma/westwood/bc-highland-glenn-20227/,BC HIGHLAND GLENN | Low Income Housing | 1104-1330 HIGHLAND GLENN ROAD ...,housing_directory_or_other_web_source,https://www.affordablehousing411.com/housing/lihtc-details-bc-highland-glenn-1104-1330-highland-glenn-road-westwood-ma-2090/,Outside read via DuckDuckGo: a property-specific source identifies the matched name and location. This outside evidence is used for linkage only; it does not adjudicate the conflicting or repeated unit totals.,2026-08-09,accept,duplicate_or_parallel_financing_records,Accept the provisional linkage as one physical development. Preserve the component HUD records as project episodes. Unit aggregation is a separate unresolved decision.,2026-08-09
155,DEV_MAB20181008,repeated_total_near_year,FRUIT SEVER,WORCESTER,MA,2,2018,2020,normalized_name_standardized_primary_address,134,120,MA-20-22|MA-21-22,6 SEVER STREET,accept,duplicate_or_parallel_financing_records,"Internal HUD read: MAB20181008 (PIS 2018, state ID MA-20-22, units 134); MAB20200007 (PIS 2020, state ID MA-21-22, units 134). Link evidence: normalized_name_standardized_primary_address. Distinct published primary-address strings: 1.",2026-08-09,accept,external_property_identity_consistent,DuckDuckGo,https://html.duckduckgo.com/html/?q=%22FRUIT%20SEVER%22%20%22WORCESTER%22%20%226%20SEVER%20STREET%22%20affordable%20housing,"FRUIT SEVER | Low Income Housing | 6 SEVER STREET Worcester, MA 01609 ...",housing_directory_or_other_web_source,https://www.affordablehousing411.com/housing/lihtc-details-fruit-sever-6-sever-street-worcester-ma-1609/,"Fruit Sever in Worcester, Massachusetts - LIHTC Year-15 Expiration Data ...",housing_directory_or_other_web_source,https://www.fairhousinghub.com/property/ma-worcester-fruit-sever,Outside read via DuckDuckGo: a property-specific source identifies the matched name and location. This outside evidence is used for linkage only; it does not adjudicate the conflicting or repeated unit totals.,2026-08-09,accept,duplicate_or_parallel_financing_records,Accept the provisional linkage as one physical development. Preserve the component HUD records as project episodes. Unit aggregation is a separate unresolved decision.,2026-08-09
156,DEV_MAB20181009,repeated_total_near_year,GOLDA MEIER,NEWON,MA,2,2018,2020,normalized_name_identical_multisite_set+normalized_name_standardized_primary_address,68,50,MA-20-24|MA-21-24,160 STANTON AVENUE,accept,duplicate_or_parallel_financing_records,"Internal HUD read: MAB20181009 (PIS 2018, state ID MA-20-24, units 68); MAB20200008 (PIS 2020, state ID MA-21-24, units 68). Link evidence: normalized_name_identical_multisite_set+normalized_name_standardized_primary_address. Distinct published primary-address strings: 1.",2026-08-09,accept,external_property_identity_consistent,DuckDuckGo,https://html.duckduckgo.com/html/?q=%22GOLDA%20MEIER%22%20%22NEWON%22%20%22160%20STANTON%20AVENUE%22%20affordable%20housing,"Golda Meier - Affordable Housing in Newon, MA | Section 8 Search",housing_directory_or_other_web_source,https://section8search.org/massachusetts/newon/golda-meier/pb9h6n5sb7hovtfvb3svjo5c,,,,Outside read via DuckDuckGo: a property-specific source identifies the matched name and location. This outside evidence is used for linkage only; it does not adjudicate the conflicting or repeated unit totals.,2026-08-09,accept,duplicate_or_parallel_financing_records,Accept the provisional linkage as one physical development. Preserve the component HUD records as project episodes. Unit aggregation is a separate unresolved decision.,2026-08-09
157,DEV_MAB20190003,repeated_total_near_year,HARBOR LAFAYETTE,SALEM,MA,2,2019,2020,normalized_name_standardized_primary_address,27,22,MA-20-20|MA-21-20,15-17 HARBOR STREET,accept,duplicate_or_parallel_financing_records,"Internal HUD read: MAB20190003 (PIS 2019, state ID MA-20-20, units 27); MAB20200009 (PIS 2020, state ID MA-21-20, units 27). Link evidence: normalized_name_standardized_primary_address. Distinct published primary-address strings: 1.",2026-08-09,accept,external_property_identity_consistent,DuckDuckGo,https://html.duckduckgo.com/html/?q=%22HARBOR%20LAFAYETTE%22%20%22SALEM%22%20%2215-17%20HARBOR%20STREET%22%20affordable%20housing,"Harbor Lafayette - Affordable Housing in Salem, MA | Section 8 Search",housing_directory_or_other_web_source,https://section8search.org/massachusetts/salem/harbor-lafayette/lyq5l93a1mef4qfusm0dwg5c,"HARBOR LAFAYETTE | Low Income Housing | 15-17 HARBOR STREET Salem, MA ...",housing_directory_or_other_web_source,https://www.affordablehousing411.com/housing/lihtc-details-harbor-lafayette-15-17-harbor-street-salem-ma-1970/,Outside read via DuckDuckGo: a property-specific source identifies the matched name and location. This outside evidence is used for linkage only; it does not adjudicate the conflicting or repeated unit totals.,2026-08-09,accept,duplicate_or_parallel_financing_records,Accept the provisional linkage as one physical development. Preserve the component HUD records as project episodes. Unit aggregation is a separate unresolved decision.,2026-08-09
158,DEV_MAB20172002,repeated_total_near_year,LANDFALL,EAST BOSTON,MA,2,2017,2020,normalized_name_identical_multisite_set+normalized_name_standardized_primary_address,111,106,MA-20-21|MA-21-21,72 MARGINAL STREET,accept,duplicate_or_parallel_financing_records,"Internal HUD read: MAB20172002 (PIS 2017, state ID MA-20-21, units 111); MAB20200012 (PIS 2020, state ID MA-21-21, units 111). Link evidence: normalized_name_identical_multisite_set+normalized_name_standardized_primary_address. Distinct published primary-address strings: 1.",2026-08-09,accept,external_property_identity_consistent,DuckDuckGo,https://html.duckduckgo.com/html/?q=%22LANDFALL%22%20%22EAST%20BOSTON%22%20%2272%20MARGINAL%20STREET%22%20affordable%20housing,Landfall Apartments — Ebcdc,housing_directory_or_other_web_source,https://www.ebcdc.com/landfall-apartments,"LANDFALL | Low Income Housing | 72 MARGINAL STREET East Boston, MA ...",housing_directory_or_other_web_source,https://www.affordablehousing411.com/housing/lihtc-details-landfall-72-marginal-street-east-boston-ma-2128/,Outside read via DuckDuckGo: a property-specific source identifies the matched name and location. This outside evidence is used for linkage only; it does not adjudicate the conflicting or repeated unit totals.,2026-08-09,accept,duplicate_or_parallel_financing_records,Accept the provisional linkage as one physical development. Preserve the component HUD records as project episodes. Unit aggregation is a separate unresolved decision.,2026-08-09
159,DEV_MAC00000137,repeated_total_near_year,WORCESTER LOOMWORKS PHASE 2,WORCESTER,MA,2,2015,2015,normalized_name_standardized_primary_address,55,55,3161|MA1012-676,93 GRAND ST|93 GRAND STREET,accept,duplicate_or_parallel_financing_records,"Internal HUD read: MAC00000137 (PIS 8888, state ID MA1012-676, units 55); MAB20150031 (PIS 2015, state ID 3161, units 55). Link evidence: normalized_name_standardized_primary_address. Distinct published primary-address strings: 2.",2026-08-09,accept,external_property_identity_consistent,DuckDuckGo,https://html.duckduckgo.com/html/?q=%22WORCESTER%20LOOMWORKS%20PHASE%202%22%20%22WORCESTER%22%20%2293%20GRAND%20ST%22%20affordable%20housing,"Worcester Loomworks Phase 2 - Worcester, Massachusetts",housing_directory_or_other_web_source,https://www.crediohub.com/LIHTC-properties/l/19092/worcester-loomworks-phase-2-mac00000137,WORCESTER LOOMWORKS PHASE 2 | Low Income Housing | 93 GRAND ST ...,housing_directory_or_other_web_source,https://www.affordablehousing411.com/housing/lihtc-details-worcester-loomworks-phase-2-93-grand-st-worcester-ma-1610/,Outside read via DuckDuckGo: a property-specific source identifies the matched name and location. This outside evidence is used for linkage only; it does not adjudicate the conflicting or repeated unit totals.,2026-08-09,accept,duplicate_or_parallel_financing_records,Accept the provisional linkage as one physical development. Preserve the component HUD records as project episodes. Unit aggregation is a separate unresolved decision.,2026-08-09
160,DEV_NCA19940110,repeated_total_near_year,103-106 HORSE CREEK ROAD,WARRENTON,NC,2,1994,1994,normalized_name_identical_multisite_set,4,4,1071|9001869,103 106 HORSE CREEK ROAD|103 HORSECREEK RD,accept,duplicate_or_parallel_financing_records,"Internal HUD read: NCA19940110 (PIS 1994, state ID 1071, units 4); NCA19949017 (PIS 1994, state ID 9001869, units 4). Link evidence: normalized_name_identical_multisite_set. Distinct published primary-address strings: 2.",2026-08-09,accept,external_property_identity_consistent,DuckDuckGo,https://html.duckduckgo.com/html/?q=%22103-106%20HORSE%20CREEK%20ROAD%22%20%22WARRENTON%22%20%22103%20106%20HORSE%20CREEK%20ROAD%22%20affordable%20housing,"103 106 Horse Creek Road - Affordable Housing in Warrenton, NC ...",housing_directory_or_other_web_source,https://section8search.org/north-carolina/warrenton/103106-horse-creek-road/qp3dg523cbkgv9iwevs1cgir,103-106 HORSE CREEK ROAD | Low Income Housing | 103 106 HORSE CREEK ...,housing_directory_or_other_web_source,https://www.affordablehousing411.com/housing/lihtc-details-103-106-horse-creek-road-103-106-horse-creek-road-warrenton-nc-27589/,Outside read via DuckDuckGo: a property-specific source identifies the matched name and location. This outside evidence is used for linkage only; it does not adjudicate the conflicting or repeated unit totals.,2026-08-09,accept,duplicate_or_parallel_financing_records,Accept the provisional linkage as one physical development. Preserve the component HUD records as project episodes. Unit aggregation is a separate unresolved decision.,2026-08-09
161,DEV_NCA19960305,repeated_total_near_year,BAREFOOT PARK APTS: LOT 24,WILSON,NC,2,1996,1996,normalized_name_identical_multisite_set,2,2,1127|9000825,2136 AND 2138 BAREFOOT PARK LN|2136 BAREFOOT PARK LN SW,accept,duplicate_or_parallel_financing_records,"Internal HUD read: NCA19960305 (PIS 1996, state ID 1127, units 2); NCA19969061 (PIS 1996, state ID 9000825, units 2). Link evidence: normalized_name_identical_multisite_set. Distinct published primary-address strings: 2.",2026-08-09,accept,external_property_identity_consistent,DuckDuckGo,https://html.duckduckgo.com/html/?q=%22BAREFOOT%20PARK%20APTS%3A%20LOT%2024%22%20%22WILSON%22%20NC%20housing,"Barefoot Park Apts: Lot 24 | Affordable Housing in Wilson, NC",housing_directory_or_other_web_source,https://affordablehousinghub.org/housing/north-carolina/wilson-county/wilson/barefoot-park-apts-lot-24-19830-lihtc,"Barefoot Park Apts: Lot 24 - Affordable Housing in Wilson, NC | Section ...",housing_directory_or_other_web_source,https://section8search.org/north-carolina/wilson/barefoot-park-apts-lot-24/jwhvlyxg01vey0xcfaab93ib,Outside read via DuckDuckGo: a property-specific source identifies the matched name and location. This outside evidence is used for linkage only; it does not adjudicate the conflicting or repeated unit totals.,2026-08-09,accept,duplicate_or_parallel_financing_records,Accept the provisional linkage as one physical development. Preserve the component HUD records as project episodes. Unit aggregation is a separate unresolved decision.,2026-08-09
162,DEV_NCA19910055,repeated_total_near_year,BRAGG STREET APTS,GREENSBORO,NC,2,1991,1991,normalized_name_identical_multisite_set,4,4,572|9001641,810 A B C D EAST BRAGG ST|810 E BRAGG ST,accept,duplicate_or_parallel_financing_records,"Internal HUD read: NCA19910055 (PIS 1991, state ID 572, units 4); NCA19919009 (PIS 1991, state ID 9001641, units 4). Link evidence: normalized_name_identical_multisite_set. Distinct published primary-address strings: 2.",2026-08-09,accept,external_property_identity_consistent,DuckDuckGo,https://html.duckduckgo.com/html/?q=%22BRAGG%20STREET%20APTS%22%20%22GREENSBORO%22%20%22810%20A%20B%20C%20D%20EAST%20BRAGG%20ST%22%20affordable%20housing,BRAGG STREET APTS | Low Income Housing | 810 A B C D EAST BRAGG ST ...,housing_directory_or_other_web_source,https://www.affordablehousing411.com/housing/lihtc-details-bragg-street-apts-810-a-b-c-d-east-bragg-st-greensboro-nc-27406/,"Bragg Street Apts in Greensboro, North Carolina - LIHTC Year-15 ...",housing_directory_or_other_web_source,https://www.fairhousinghub.com/property/nc-greensboro-bragg-street-apts-76d14a,Outside read via DuckDuckGo: a property-specific source identifies the matched name and location. This outside evidence is used for linkage only; it does not adjudicate the conflicting or repeated unit totals.,2026-08-09,accept,duplicate_or_parallel_financing_records,Accept the provisional linkage as one physical development. Preserve the component HUD records as project episodes. Unit aggregation is a separate unresolved decision.,2026-08-09
163,DEV_NCA19900130,repeated_total_near_year,BRIDGES ST APTS,SHELBY,NC,2,1990,1990,normalized_name_identical_multisite_set,2,2,530|9001763,1116 1118 BRIDGES ST|1116 BRIDGES ST,accept,duplicate_or_parallel_financing_records,"Internal HUD read: NCA19900130 (PIS 1990, state ID 530, units 2); NCA19909009 (PIS 1990, state ID 9001763, units 2). Link evidence: normalized_name_identical_multisite_set. Distinct published primary-address strings: 2.",2026-08-09,accept,external_property_identity_consistent,DuckDuckGo,https://html.duckduckgo.com/html/?q=%22BRIDGES%20ST%20APTS%22%20%22SHELBY%22%20%221116%201118%20BRIDGES%20ST%22%20affordable%20housing,"BRIDGES ST APTS | Low Income Housing | 1116 1118 BRIDGES ST Shelby, NC ...",housing_directory_or_other_web_source,https://www.affordablehousing411.com/housing/lihtc-details-bridges-st-apts-1116-1118-bridges-st-shelby-nc-28150/,"Bridges St Apts in Shelby, North Carolina - NCA19909009",housing_directory_or_other_web_source,https://www.crediohub.com/LIHTC-properties/l/26714/bridges-st-apts-nca19909009,Outside read via DuckDuckGo: a property-specific source identifies the matched name and location. This outside evidence is used for linkage only; it does not adjudicate the conflicting or repeated unit totals.,2026-08-09,accept,duplicate_or_parallel_financing_records,Accept the provisional linkage as one physical development. Preserve the component HUD records as project episodes. Unit aggregation is a separate unresolved decision.,2026-08-09
164,DEV_NCA19950275,repeated_total_near_year,CLARK STREET DUPLEX,HENDERSON,NC,2,1995,1995,normalized_name_identical_multisite_set,2,2,1239|9001896,322 A B CLARK STREET|322 N CLARK ST,accept,duplicate_or_parallel_financing_records,"Internal HUD read: NCA19950275 (PIS 1995, state ID 1239, units 2); NCA19959052 (PIS 1995, state ID 9001896, units 2). Link evidence: normalized_name_identical_multisite_set. Distinct published primary-address strings: 2.",2026-08-09,accept,external_property_identity_consistent,DuckDuckGo,https://html.duckduckgo.com/html/?q=%22CLARK%20STREET%20DUPLEX%22%20%22HENDERSON%22%20%22322%20A%20B%20CLARK%20STREET%22%20affordable%20housing,CLARK STREET DUPLEX | Low Income Housing | 322 A B CLARK STREET ...,housing_directory_or_other_web_source,https://www.affordablehousing411.com/housing/lihtc-details-clark-street-duplex-322-a-b-clark-street-henderson-nc-27536/,"Clark Street Duplex - Affordable Housing in Henderson, NC | Section 8 ...",housing_directory_or_other_web_source,https://section8search.org/north-carolina/henderson/clark-street-duplex/kr0raumktx3p0z8jpi93lsef,Outside read via DuckDuckGo: a property-specific source identifies the matched name and location. This outside evidence is used for linkage only; it does not adjudicate the conflicting or repeated unit totals.,2026-08-09,accept,duplicate_or_parallel_financing_records,Accept the provisional linkage as one physical development. Preserve the component HUD records as project episodes. Unit aggregation is a separate unresolved decision.,2026-08-09
165,DEV_NCA19950285,repeated_total_near_year,CLEMENT AVE APTS A,OXFORD,NC,2,1995,1995,normalized_name_identical_multisite_set,2,2,1283|9001884,124 126 CLEMENT AVE|124 CLEMENT AVE,accept,duplicate_or_parallel_financing_records,"Internal HUD read: NCA19950285 (PIS 1995, state ID 1283, units 2); NCA19959054 (PIS 1995, state ID 9001884, units 2). Link evidence: normalized_name_identical_multisite_set. Distinct published primary-address strings: 2.",2026-08-09,accept,external_property_identity_consistent,DuckDuckGo,https://html.duckduckgo.com/html/?q=%22CLEMENT%20AVE%20APTS%20A%22%20%22OXFORD%22%20%22124%20126%20CLEMENT%20AVE%22%20affordable%20housing,CLEMENT AVE APTS A | Low Income Housing | 124 126 CLEMENT AVE Oxford ...,housing_directory_or_other_web_source,https://www.affordablehousing411.com/housing/lihtc-details-clement-ave-apts-a-124-126-clement-ave-oxford-nc-27565/,"Clement Ave Apts A | Affordable Apartments for Rent in Oxford, NC",housing_directory_or_other_web_source,https://hellosection8.com/id-nca19959054-low-income-apartments-in-nc_oxford.html,Outside read via DuckDuckGo: a property-specific source identifies the matched name and location. This outside evidence is used for linkage only; it does not adjudicate the conflicting or repeated unit totals.,2026-08-09,accept,duplicate_or_parallel_financing_records,Accept the provisional linkage as one physical development. Preserve the component HUD records as project episodes. Unit aggregation is a separate unresolved decision.,2026-08-09
166,DEV_NCA19950290,repeated_total_near_year,CLEMENT AVE APTS B,OXFORD,NC,2,1995,1995,normalized_name_identical_multisite_set,2,2,1282|9001883,200 202 CLEMENT AVE|200 CLEMENT AVE,accept,duplicate_or_parallel_financing_records,"Internal HUD read: NCA19950290 (PIS 1995, state ID 1282, units 2); NCA19959055 (PIS 1995, state ID 9001883, units 2). Link evidence: normalized_name_identical_multisite_set. Distinct published primary-address strings: 2.",2026-08-09,accept,external_property_identity_consistent,DuckDuckGo,https://html.duckduckgo.com/html/?q=%22CLEMENT%20AVE%20APTS%20B%22%20%22OXFORD%22%20%22200%20202%20CLEMENT%20AVE%22%20affordable%20housing,CLEMENT AVE APTS B | Low Income Housing | 200 202 CLEMENT AVE Oxford ...,housing_directory_or_other_web_source,https://www.affordablehousing411.com/housing/lihtc-details-clement-ave-apts-b-200-202-clement-ave-oxford-nc-27565/,"Clement Ave Apts B in Oxford, North Carolina - NCA19959055",housing_directory_or_other_web_source,https://www.crediohub.com/LIHTC-properties/l/27523/clement-ave-apts-b-nca19959055,Outside read via DuckDuckGo: a property-specific source identifies the matched name and location. This outside evidence is used for linkage only; it does not adjudicate the conflicting or repeated unit totals.,2026-08-09,accept,duplicate_or_parallel_financing_records,Accept the provisional linkage as one physical development. Preserve the component HUD records as project episodes. Unit aggregation is a separate unresolved decision.,2026-08-09
167,DEV_NCA0000X380,repeated_total_near_year,CRESTFIELD POINT,JACKSONVILLE,NC,2,2023,2023,normalized_name_identical_multisite_set+normalized_name_standardized_primary_address,72,72,9272274,350 BLUE CREEK SCHOOL RD|350 BLUE CREEK SCHOOL ROAD,accept,duplicate_or_parallel_financing_records,"Internal HUD read: NCA0000X380 (PIS 9999, state ID 9272274, units 72); NCA20230056 (PIS 2023, state ID 9272274, units 72). Link evidence: normalized_name_identical_multisite_set+normalized_name_standardized_primary_address. Distinct published primary-address strings: 2.",2026-08-09,accept,external_property_identity_consistent,DuckDuckGo,https://html.duckduckgo.com/html/?q=%22CRESTFIELD%20POINT%22%20%22JACKSONVILLE%22%20%22350%20BLUE%20CREEK%20SCHOOL%20RD%22%20affordable%20housing,Crestfield Point - UsLowCostHousing,housing_directory_or_other_web_source,https://sec8.uslowcosthousing.com/state/nc/jacksonville/crestfield-point-32797/,"Crestfield Point - 350 Blue Creek School Rd Jacksonville, NC 28540 ...",property_listing_or_public_records,https://www.apartments.com/crestfield-point-jacksonville-nc/djrhy8j/,Outside read via DuckDuckGo: a property-specific source identifies the matched name and location. This outside evidence is used for linkage only; it does not adjudicate the conflicting or repeated unit totals.,2026-08-09,accept,duplicate_or_parallel_financing_records,Accept the provisional linkage as one physical development. Preserve the component HUD records as project episodes. Unit aggregation is a separate unresolved decision.,2026-08-09
168,DEV_NCA0000X027,repeated_total_near_year,CUYLER SPRING,GOLDSBORO,NC,2,2020,2020,normalized_name_identical_multisite_set,50,50,9198014|9235680,100 OXFORD DRIVE|506 OXFORD DRIVE,accept,duplicate_or_parallel_financing_records,"Internal HUD read: NCA0000X027 (PIS 8888, state ID 9198014, units 50); NCA20200057 (PIS 2020, state ID 9235680, units 50). Link evidence: normalized_name_identical_multisite_set. Distinct published primary-address strings: 2.",2026-08-09,accept,external_property_identity_consistent,DuckDuckGo,https://html.duckduckgo.com/html/?q=%22CUYLER%20SPRING%22%20%22GOLDSBORO%22%20%22100%20OXFORD%20DRIVE%22%20affordable%20housing,"CUYLER SPRING | Low Income Housing | 100 OXFORD DRIVE Goldsboro, NC ...",housing_directory_or_other_web_source,https://www.affordablehousing411.com/housing/lihtc-details-cuyler-spring-100-oxford-drive-goldsboro-nc-27534/,"Cuyler Spring in Goldsboro, North Carolina - NCA0000X027",housing_directory_or_other_web_source,https://www.crediohub.com/LIHTC-properties/l/26077/cuyler-spring-nca0000x027,Outside read via DuckDuckGo: a property-specific source identifies the matched name and location. This outside evidence is used for linkage only; it does not adjudicate the conflicting or repeated unit totals.,2026-08-09,accept,duplicate_or_parallel_financing_records,Accept the provisional linkage as one physical development. Preserve the component HUD records as project episodes. Unit aggregation is a separate unresolved decision.,2026-08-09
169,DEV_NCA19910075,repeated_total_near_year,DANIEL STREET APTS,OXFORD,NC,2,1991,1991,normalized_name_identical_multisite_set,4,4,788|9001895,120 122 DANIEL ST|120 DANIEL ST,accept,duplicate_or_parallel_financing_records,"Internal HUD read: NCA19910075 (PIS 1991, state ID 788, units 4); NCA19919013 (PIS 1991, state ID 9001895, units 4). Link evidence: normalized_name_identical_multisite_set. Distinct published primary-address strings: 2.",2026-08-09,accept,external_property_identity_consistent,DuckDuckGo,https://html.duckduckgo.com/html/?q=%22DANIEL%20STREET%20APTS%22%20%22OXFORD%22%20%22120%20122%20DANIEL%20ST%22%20affordable%20housing,"DANIEL STREET APTS | Low Income Housing | 120 122 DANIEL ST Oxford, NC ...",housing_directory_or_other_web_source,https://www.affordablehousing411.com/housing/lihtc-details-daniel-street-apts-120-122-daniel-st-oxford-nc-27565/,"Daniel Street Apts in Oxford, North Carolina - NCA19919013",housing_directory_or_other_web_source,https://www.crediohub.com/LIHTC-properties/l/26828/daniel-street-apts-nca19919013,Outside read via DuckDuckGo: a property-specific source identifies the matched name and location. This outside evidence is used for linkage only; it does not adjudicate the conflicting or repeated unit totals.,2026-08-09,accept,duplicate_or_parallel_financing_records,Accept the provisional linkage as one physical development. Preserve the component HUD records as project episodes. Unit aggregation is a separate unresolved decision.,2026-08-09
170,DEV_NCA19950300,repeated_total_near_year,DENT LANE B,LOUISBURG,NC,2,1995,1995,normalized_name_identical_multisite_set,2,2,1250|9001880,104 106 DENT LANE|104 DENT LN,accept,duplicate_or_parallel_financing_records,"Internal HUD read: NCA19950300 (PIS 1995, state ID 1250, units 2); NCA19959057 (PIS 1995, state ID 9001880, units 2). Link evidence: normalized_name_identical_multisite_set. Distinct published primary-address strings: 2.",2026-08-09,accept,external_property_identity_consistent,DuckDuckGo,https://html.duckduckgo.com/html/?q=%22DENT%20LANE%20B%22%20%22LOUISBURG%22%20%22104%20106%20DENT%20LANE%22%20affordable%20housing,"DENT LANE B | Low Income Housing | 104 106 DENT LANE Louisburg, NC ...",housing_directory_or_other_web_source,https://www.affordablehousing411.com/housing/lihtc-details-dent-lane-b-104-106-dent-lane-louisburg-nc-27549/,"Dent Lane B in Louisburg, North Carolina - NCA19959057",housing_directory_or_other_web_source,https://www.crediohub.com/LIHTC-properties/l/27524/dent-lane-b-nca19959057,Outside read via DuckDuckGo: a property-specific source identifies the matched name and location. This outside evidence is used for linkage only; it does not adjudicate the conflicting or repeated unit totals.,2026-08-09,accept,duplicate_or_parallel_financing_records,Accept the provisional linkage as one physical development. Preserve the component HUD records as project episodes. Unit aggregation is a separate unresolved decision.,2026-08-09
171,DEV_NCA19950305,repeated_total_near_year,DENT LANE C,LOUISBURG,NC,2,1995,1995,normalized_name_identical_multisite_set,2,2,1251|9001881,108 110 DENT LANE|108 DENT LN,accept,duplicate_or_parallel_financing_records,"Internal HUD read: NCA19950305 (PIS 1995, state ID 1251, units 2); NCA19959058 (PIS 1995, state ID 9001881, units 2). Link evidence: normalized_name_identical_multisite_set. Distinct published primary-address strings: 2.",2026-08-09,accept,external_property_identity_consistent,DuckDuckGo,https://html.duckduckgo.com/html/?q=%22DENT%20LANE%20C%22%20%22LOUISBURG%22%20%22108%20110%20DENT%20LANE%22%20affordable%20housing,"DENT LANE C | Low Income Housing | 108 110 DENT LANE Louisburg, NC ...",housing_directory_or_other_web_source,https://www.affordablehousing411.com/housing/lihtc-details-dent-lane-c-108-110-dent-lane-louisburg-nc-27549/,,,,Outside read via DuckDuckGo: a property-specific source identifies the matched name and location. This outside evidence is used for linkage only; it does not adjudicate the conflicting or repeated unit totals.,2026-08-09,accept,duplicate_or_parallel_financing_records,Accept the provisional linkage as one physical development. Preserve the component HUD records as project episodes. Unit aggregation is a separate unresolved decision.,2026-08-09
172,DEV_NCA0000X126,repeated_total_near_year,ELIJAH'S LANDING,MOREHEAD CITY,NC,2,,,normalized_name_identical_multisite_set+normalized_name_standardized_primary_address,168,168,9226197|9261070,3200 BRIDGES STREET,accept,duplicate_or_parallel_financing_records,"Internal HUD read: NCA0000X126 (PIS 9999, state ID 9226197, units 168); NCA0000X286 (PIS 9999, state ID 9261070, units 168). Link evidence: normalized_name_identical_multisite_set+normalized_name_standardized_primary_address. Distinct published primary-address strings: 1.",2026-08-09,accept,external_property_identity_consistent,DuckDuckGo,https://html.duckduckgo.com/html/?q=%22ELIJAH'S%20LANDING%22%20%22MOREHEAD%20CITY%22%20%223200%20BRIDGES%20STREET%22%20affordable%20housing,ELIJAH'S LANDING - Affordable Housing 411,housing_directory_or_other_web_source,https://www.affordablehousing411.com/housing/lihtc-details-elijahs-landing-3200-bridges-street-morehead-city-nc-28557/,Elijah'S Landing - UsLowCostHousing,housing_directory_or_other_web_source,https://sec8.uslowcosthousing.com/state/nc/morehead-city/elijah-s-landing-33076/,Outside read via DuckDuckGo: a property-specific source identifies the matched name and location. This outside evidence is used for linkage only; it does not adjudicate the conflicting or repeated unit totals.,2026-08-09,accept,duplicate_or_parallel_financing_records,Accept the provisional linkage as one physical development. Preserve the component HUD records as project episodes. Unit aggregation is a separate unresolved decision.,2026-08-09
173,DEV_NCA19930205,repeated_total_near_year,HARLYN HOUSE APTS,CHERRYVILLE,NC,2,1993,1993,normalized_name_identical_multisite_set+normalized_name_standardized_primary_address,4,4,870|9001331,705 S MOUNTAIN ST|705 SOUTH MOUNTAIN STREET,accept,duplicate_or_parallel_financing_records,"Internal HUD read: NCA19930205 (PIS 1993, state ID 870, units 4); NCA19939029 (PIS 1993, state ID 9001331, units 4). Link evidence: normalized_name_identical_multisite_set+normalized_name_standardized_primary_address. Distinct published primary-address strings: 2.",2026-08-09,accept,external_property_identity_consistent,DuckDuckGo,https://html.duckduckgo.com/html/?q=%22HARLYN%20HOUSE%20APTS%22%20%22CHERRYVILLE%22%20%22705%20S%20MOUNTAIN%20ST%22%20affordable%20housing,"Affordable Housing in Cherryville, NC: HARLYN HOUSE APTS",housing_directory_or_other_web_source,https://section8search.org/north-carolina/cherryville/harlyn-house-apts/g1yexlxj349yz6mz2rt2nckh,HARLYN HOUSE APTS | Low Income Housing | 705 S MOUNTAIN ST Cherryville ...,housing_directory_or_other_web_source,https://www.affordablehousing411.com/housing/lihtc-details-harlyn-house-apts-705-s-mountain-st-cherryville-nc-28021/,Outside read via DuckDuckGo: a property-specific source identifies the matched name and location. This outside evidence is used for linkage only; it does not adjudicate the conflicting or repeated unit totals.,2026-08-09,accept,duplicate_or_parallel_financing_records,Accept the provisional linkage as one physical development. Preserve the component HUD records as project episodes. Unit aggregation is a separate unresolved decision.,2026-08-09
174,DEV_NCA19940355,repeated_total_near_year,HARNETT MANOR,LILLINGTON,NC,2,1994,1994,normalized_name_identical_multisite_set,2,2,9001858|965,ROUTE 6 BOX 421 APTS 1 2|RR 6 BOX 1,accept,duplicate_or_parallel_financing_records,"Internal HUD read: NCA19940355 (PIS 1994, state ID 965, units 2); NCA19949063 (PIS 1994, state ID 9001858, units 2). Link evidence: normalized_name_identical_multisite_set. Distinct published primary-address strings: 2.",2026-08-09,accept,external_property_identity_consistent,DuckDuckGo,https://html.duckduckgo.com/html/?q=%22HARNETT%20MANOR%22%20%22LILLINGTON%22%20%22ROUTE%206%20BOX%20421%20APTS%201%202%22%20affordable%20housing,HARNETT MANOR | Low Income Housing | ROUTE 6 BOX 421 APTS 1 2 ...,housing_directory_or_other_web_source,https://www.affordablehousing411.com/housing/lihtc-details-harnett-manor-route-6-box-421-apts-1-2-lillington-nc-27546/,"Harnett Manor in Lillington, North Carolina - NCA19949063",housing_directory_or_other_web_source,https://www.crediohub.com/LIHTC-properties/l/27333/harnett-manor-nca19949063,Outside read via DuckDuckGo: a property-specific source identifies the matched name and location. This outside evidence is used for linkage only; it does not adjudicate the conflicting or repeated unit totals.,2026-08-09,accept,duplicate_or_parallel_financing_records,Accept the provisional linkage as one physical development. Preserve the component HUD records as project episodes. Unit aggregation is a separate unresolved decision.,2026-08-09
175,DEV_NCA19910225,repeated_total_near_year,HEATHFIELD APTS II,ALBEMARLE,NC,2,1991,1991,normalized_name_identical_multisite_set,4,4,533|9001052,143 145 147 149 S MORROW AV|143 S MORROW AVE,accept,duplicate_or_parallel_financing_records,"Internal HUD read: NCA19910225 (PIS 1991, state ID 533, units 4); NCA19919040 (PIS 1991, state ID 9001052, units 4). Link evidence: normalized_name_identical_multisite_set. Distinct published primary-address strings: 2.",2026-08-09,accept,external_property_identity_consistent,DuckDuckGo,https://html.duckduckgo.com/html/?q=%22HEATHFIELD%20APTS%20II%22%20%22ALBEMARLE%22%20%22143%20145%20147%20149%20S%20MORROW%20AV%22%20affordable%20housing,"Heathfield Apts Ii | Affordable Apartments for Rent in Albemarle, NC",housing_directory_or_other_web_source,https://hellosection8.com/id-nca19919040-low-income-apartments-in-nc_albemarle.html,"Heathfield Apts Ii in Albemarle, North Carolina - NCA19919040",housing_directory_or_other_web_source,https://www.crediohub.com/LIHTC-properties/l/26837/heathfield-apts-ii-nca19919040,Outside read via DuckDuckGo: a property-specific source identifies the matched name and location. This outside evidence is used for linkage only; it does not adjudicate the conflicting or repeated unit totals.,2026-08-09,accept,duplicate_or_parallel_financing_records,Accept the provisional linkage as one physical development. Preserve the component HUD records as project episodes. Unit aggregation is a separate unresolved decision.,2026-08-09
176,DEV_NCA19950345,repeated_total_near_year,HOLLY COURT APTS,HENDERSON,NC,2,1995,1995,normalized_name_identical_multisite_set,12,12,9001857|956,100 111 HOLLY COURT|100 HOLLY CT,accept,duplicate_or_parallel_financing_records,"Internal HUD read: NCA19950345 (PIS 1995, state ID 956, units 12); NCA19959066 (PIS 1995, state ID 9001857, units 12). Link evidence: normalized_name_identical_multisite_set. Distinct published primary-address strings: 2.",2026-08-09,accept,external_property_identity_consistent,DuckDuckGo,https://html.duckduckgo.com/html/?q=%22HOLLY%20COURT%20APTS%22%20%22HENDERSON%22%20%22100%20111%20HOLLY%20COURT%22%20affordable%20housing,HOLLY COURT APTS | Low Income Housing | 100 111 HOLLY COURT Henderson ...,housing_directory_or_other_web_source,https://www.affordablehousing411.com/housing/lihtc-details-holly-court-apts-100-111-holly-court-henderson-nc-27536/,"Holly Court Apts in Henderson, North Carolina - NCA19959066",housing_directory_or_other_web_source,https://www.crediohub.com/LIHTC-properties/l/27526/holly-court-apts-nca19959066,Outside read via DuckDuckGo: a property-specific source identifies the matched name and location. This outside evidence is used for linkage only; it does not adjudicate the conflicting or repeated unit totals.,2026-08-09,accept,duplicate_or_parallel_financing_records,Accept the provisional linkage as one physical development. Preserve the component HUD records as project episodes. Unit aggregation is a separate unresolved decision.,2026-08-09
177,DEV_NCA19920300,repeated_total_near_year,HOPKINS STREET APTS,DURHAM,NC,2,1992,1992,normalized_name_identical_multisite_set,4,4,744|9002251,705 709 HOPKINS ST|705 HOPKINS ST,accept,duplicate_or_parallel_financing_records,"Internal HUD read: NCA19920300 (PIS 1992, state ID 744, units 4); NCA19929054 (PIS 1992, state ID 9002251, units 4). Link evidence: normalized_name_identical_multisite_set. Distinct published primary-address strings: 2.",2026-08-09,accept,external_property_identity_consistent,DuckDuckGo,https://html.duckduckgo.com/html/?q=%22HOPKINS%20STREET%20APTS%22%20%22DURHAM%22%20%22705%20709%20HOPKINS%20ST%22%20affordable%20housing,HOPKINS STREET APTS | Low Income Housing | 705 709 HOPKINS ST Durham ...,housing_directory_or_other_web_source,https://www.affordablehousing411.com/housing/lihtc-details-hopkins-street-apts-705-709-hopkins-st-durham-nc-27701/,"Hopkins Street Apts in Durham, North Carolina - NCA19929054",housing_directory_or_other_web_source,https://www.crediohub.com/LIHTC-properties/l/27014/hopkins-street-apts-nca19929054,Outside read via DuckDuckGo: a property-specific source identifies the matched name and location. This outside evidence is used for linkage only; it does not adjudicate the conflicting or repeated unit totals.,2026-08-09,accept,duplicate_or_parallel_financing_records,Accept the provisional linkage as one physical development. Preserve the component HUD records as project episodes. Unit aggregation is a separate unresolved decision.,2026-08-09
178,DEV_NCA19950350,repeated_total_near_year,HORSE CREEK HOUSES C,WARRENTON,NC,2,1995,1995,normalized_name_identical_multisite_set,4,4,1105|9001870,107 HORSE CREEK RD|107 HORSECREEK RD,accept,duplicate_or_parallel_financing_records,"Internal HUD read: NCA19950350 (PIS 1995, state ID 1105, units 4); NCA19959067 (PIS 1995, state ID 9001870, units 4). Link evidence: normalized_name_identical_multisite_set. Distinct published primary-address strings: 2.",2026-08-09,accept,external_property_identity_consistent,DuckDuckGo,https://html.duckduckgo.com/html/?q=%22HORSE%20CREEK%20HOUSES%20C%22%20%22WARRENTON%22%20%22107%20HORSE%20CREEK%20RD%22%20affordable%20housing,HORSE CREEK HOUSES C | Low Income Housing | 107 HORSE CREEK RD ...,housing_directory_or_other_web_source,https://www.affordablehousing411.com/housing/lihtc-details-horse-creek-houses-c-107-horse-creek-rd-warrenton-nc-27589/,"Horse Creek Houses C | Affordable Apartments for Rent in Warrenton, NC",housing_directory_or_other_web_source,https://hellosection8.com/id-nca19959067-low-income-apartments-in-nc_warrenton.html,Outside read via DuckDuckGo: a property-specific source identifies the matched name and location. This outside evidence is used for linkage only; it does not adjudicate the conflicting or repeated unit totals.,2026-08-09,accept,duplicate_or_parallel_financing_records,Accept the provisional linkage as one physical development. Preserve the component HUD records as project episodes. Unit aggregation is a separate unresolved decision.,2026-08-09
179,DEV_NCA19950355,repeated_total_near_year,HORSE CREEK HOUSING D,WARRENTON,NC,2,1995,1995,normalized_name_identical_multisite_set,4,4,1241|9001878,108 111 HORSE CREEK ROAD|108 HORSECREEK RD,accept,duplicate_or_parallel_financing_records,"Internal HUD read: NCA19950355 (PIS 1995, state ID 1241, units 4); NCA19959068 (PIS 1995, state ID 9001878, units 4). Link evidence: normalized_name_identical_multisite_set. Distinct published primary-address strings: 2.",2026-08-09,accept,external_property_identity_consistent,DuckDuckGo,https://html.duckduckgo.com/html/?q=%22HORSE%20CREEK%20HOUSING%20D%22%20%22WARRENTON%22%20%22108%20111%20HORSE%20CREEK%20ROAD%22%20affordable%20housing,HORSE CREEK HOUSING D | Low Income Housing | 108 111 HORSE CREEK ROAD ...,housing_directory_or_other_web_source,https://www.affordablehousing411.com/housing/lihtc-details-horse-creek-housing-d-108-111-horse-creek-road-warrenton-nc-27589/,,,,Outside read via DuckDuckGo: a property-specific source identifies the matched name and location. This outside evidence is used for linkage only; it does not adjudicate the conflicting or repeated unit totals.,2026-08-09,accept,duplicate_or_parallel_financing_records,Accept the provisional linkage as one physical development. Preserve the component HUD records as project episodes. Unit aggregation is a separate unresolved decision.,2026-08-09
180,DEV_NCA19950360,repeated_total_near_year,HORSE CREEK HOUSING E,WARRENTON,NC,2,1995,1995,normalized_name_identical_multisite_set,2,2,1289|9001886,203 205 MILL CREEK RD|203 MILL CREEK RD,accept,duplicate_or_parallel_financing_records,"Internal HUD read: NCA19950360 (PIS 1995, state ID 1289, units 2); NCA19959069 (PIS 1995, state ID 9001886, units 2). Link evidence: normalized_name_identical_multisite_set. Distinct published primary-address strings: 2.",2026-08-09,accept,external_property_identity_consistent,DuckDuckGo,https://html.duckduckgo.com/html/?q=%22HORSE%20CREEK%20HOUSING%20E%22%20%22WARRENTON%22%20%22203%20205%20MILL%20CREEK%20RD%22%20affordable%20housing,HORSE CREEK HOUSING E | Low Income Housing | 203 205 MILL CREEK RD ...,housing_directory_or_other_web_source,https://www.affordablehousing411.com/housing/lihtc-details-horse-creek-housing-e-203-205-mill-creek-rd-warrenton-nc-27589/,"Horse Creek Housing E - Warrenton, North Carolina",housing_directory_or_other_web_source,https://www.crediohub.com/LIHTC-properties/l/27529/horse-creek-housing-e-nca19959069,Outside read via DuckDuckGo: a property-specific source identifies the matched name and location. This outside evidence is used for linkage only; it does not adjudicate the conflicting or repeated unit totals.,2026-08-09,accept,duplicate_or_parallel_financing_records,Accept the provisional linkage as one physical development. Preserve the component HUD records as project episodes. Unit aggregation is a separate unresolved decision.,2026-08-09
181,DEV_NCA19920305,repeated_total_near_year,INGLESIDE APTS,GREENSBORO,NC,2,1992,1992,normalized_name_identical_multisite_set+normalized_name_standardized_primary_address,3,3,708|9001632,3000 INGLESIDE AVE,accept,duplicate_or_parallel_financing_records,"Internal HUD read: NCA19920305 (PIS 1992, state ID 708, units 3); NCA19929055 (PIS 1992, state ID 9001632, units 3). Link evidence: normalized_name_identical_multisite_set+normalized_name_standardized_primary_address. Distinct published primary-address strings: 1.",2026-08-09,accept,external_property_identity_consistent,DuckDuckGo,https://html.duckduckgo.com/html/?q=%22INGLESIDE%20APTS%22%20%22GREENSBORO%22%20%223000%20INGLESIDE%20AVE%22%20affordable%20housing,"INGLESIDE APTS | Low Income Housing | 3000 INGLESIDE AVE Greensboro, NC ...",housing_directory_or_other_web_source,https://www.affordablehousing411.com/housing/lihtc-details-ingleside-apts-3000-ingleside-ave-greensboro-nc-27405/,"Ingleside Apts - Affordable Housing in Greensboro, NC | Section 8 Search",housing_directory_or_other_web_source,https://section8search.org/north-carolina/greensboro/ingleside-apts/jvkqz71kzxsrasjygs50644h,Outside read via DuckDuckGo: a property-specific source identifies the matched name and location. This outside evidence is used for linkage only; it does not adjudicate the conflicting or repeated unit totals.,2026-08-09,accept,duplicate_or_parallel_financing_records,Accept the provisional linkage as one physical development. Preserve the component HUD records as project episodes. Unit aggregation is a separate unresolved decision.,2026-08-09
182,DEV_NCA0000X416,repeated_total_near_year,KINGSPARK COMMONS,CHARLOTTE,NC,2,2025,2025,normalized_name_identical_multisite_set+normalized_name_standardized_primary_address,176,176,9277489,2662 DR CARVER ROAD,accept,duplicate_or_parallel_financing_records,"Internal HUD read: NCA0000X416 (PIS 9999, state ID 9277489, units 176); NCA20250014 (PIS 2025, state ID 9277489, units 176). Link evidence: normalized_name_identical_multisite_set+normalized_name_standardized_primary_address. Distinct published primary-address strings: 1.",2026-08-09,accept,external_property_identity_consistent,Browser + web search,https://html.duckduckgo.com/html/?q=%22KINGSPARK%20COMMONS%22%20%22CHARLOTTE%22%20%222662%20DR%20CARVER%20ROAD%22%20affordable%20housing,Kingspark Commons — Charlotte affordable-housing listing,housing_directory_or_other_web_source,https://section8search.org/north-carolina/charlotte/kingspark-commons/xi136tc740lkdgw92s1e2bgu,,,,"The outside property listing identifies Kingspark Commons at 2662 Dr Carver Road as one 176-unit property, matching the duplicate HUD rows.",2026-08-09,accept,duplicate_or_parallel_financing_records,Accept the provisional linkage as one physical development. Preserve the component HUD records as project episodes. Unit aggregation is a separate unresolved decision.,2026-08-09
183,DEV_NCA19920320,repeated_total_near_year,LANE WOODS:: LOT 6,WILSON,NC,2,1992,1992,normalized_name_identical_multisite_set,4,4,900|9001519,1611 PECAN COURT|1611 PECAN CT N,accept,duplicate_or_parallel_financing_records,"Internal HUD read: NCA19920320 (PIS 1992, state ID 900, units 4); NCA19929058 (PIS 1992, state ID 9001519, units 4). Link evidence: normalized_name_identical_multisite_set. Distinct published primary-address strings: 2.",2026-08-09,accept,external_property_identity_consistent,Browser + web search,https://html.duckduckgo.com/html/?q=%22LANE%20WOODS%3A%3A%20LOT%206%22%20%22WILSON%22%20NC%20housing,Lane Woods:: Lot 6,housing_directory_or_other_web_source,https://affordablehousinghub.org/housing/north-carolina/wilson-county/wilson/lane-woods-lot-6-20598-lihtc,LIHTC Properties in North Carolina's 1st District,sector_compilation,https://www.novoco.com/public-media/documents/north-carolina-lihtc-properties-district-1-to-2022-092024.pdf,"The outside listing and LIHTC compilation both identify Lane Woods Lot 6 at 1611 Pecan Court as a four-unit property, matching the two HUD records.",2026-08-09,accept,duplicate_or_parallel_financing_records,Accept the provisional linkage as one physical development. Preserve the component HUD records as project episodes. Unit aggregation is a separate unresolved decision.,2026-08-09
184,DEV_NCA19940430,repeated_total_near_year,MAPLE STREET APTS,OXFORD,NC,2,1994,1994,normalized_name_identical_multisite_set,2,2,9001863|NCA1994430,230 232 MAPLE STREET|230 MAPLE DR,accept,duplicate_or_parallel_financing_records,"Internal HUD read: NCA19940430 (PIS 1994, state ID NCA1994430, units 2); NCA19949074 (PIS 1994, state ID 9001863, units 2). Link evidence: normalized_name_identical_multisite_set. Distinct published primary-address strings: 2.",2026-08-09,accept,external_property_identity_consistent,DuckDuckGo,https://html.duckduckgo.com/html/?q=%22MAPLE%20STREET%20APTS%22%20%22OXFORD%22%20%22230%20232%20MAPLE%20STREET%22%20affordable%20housing,MAPLE STREET APTS | Low Income Housing | 230 232 MAPLE STREET Oxford ...,housing_directory_or_other_web_source,https://www.affordablehousing411.com/housing/lihtc-details-maple-street-apts-230-232-maple-street-oxford-nc-27565/,"Maple Street Apts in Oxford, North Carolina - NCA19949074",housing_directory_or_other_web_source,https://www.crediohub.com/LIHTC-properties/l/27341/maple-street-apts-nca19949074,Outside read via DuckDuckGo: a property-specific source identifies the matched name and location. This outside evidence is used for linkage only; it does not adjudicate the conflicting or repeated unit totals.,2026-08-09,accept,duplicate_or_parallel_financing_records,Accept the provisional linkage as one physical development. Preserve the component HUD records as project episodes. Unit aggregation is a separate unresolved decision.,2026-08-09
185,DEV_NCA19900330,repeated_total_near_year,MCCULLOCH APTS,GREENSBORO,NC,2,1990,1990,normalized_name_identical_multisite_set,2,2,577|9001631,118 A B MCCULLOCH ST|118 E MCCULLOCH ST,accept,duplicate_or_parallel_financing_records,"Internal HUD read: NCA19900330 (PIS 1990, state ID 577, units 2); NCA19909018 (PIS 1990, state ID 9001631, units 2). Link evidence: normalized_name_identical_multisite_set. Distinct published primary-address strings: 2.",2026-08-09,accept,external_property_identity_consistent,DuckDuckGo,https://html.duckduckgo.com/html/?q=%22MCCULLOCH%20APTS%22%20%22GREENSBORO%22%20%22118%20A%20B%20MCCULLOCH%20ST%22%20affordable%20housing,MCCULLOCH APTS | Low Income Housing | 118 A B MCCULLOCH ST Greensboro ...,housing_directory_or_other_web_source,https://www.affordablehousing411.com/housing/lihtc-details-mcculloch-apts-118-a-b-mcculloch-st-greensboro-nc-27406/,"Mcculloch Apts - Affordable Housing in Greensboro, NC | Section 8 Search",housing_directory_or_other_web_source,https://section8search.org/north-carolina/greensboro/mcculloch-apts/crzzydsbhc4hsojp74isix84,Outside read via DuckDuckGo: a property-specific source identifies the matched name and location. This outside evidence is used for linkage only; it does not adjudicate the conflicting or repeated unit totals.,2026-08-09,accept,duplicate_or_parallel_financing_records,Accept the provisional linkage as one physical development. Preserve the component HUD records as project episodes. Unit aggregation is a separate unresolved decision.,2026-08-09
186,DEV_NCA19950500,repeated_total_near_year,PINE STREET DUPLEX,OXFORD,NC,2,1995,1995,normalized_name_identical_multisite_set,2,2,1168|9001872,409 A B PINE STREET|409 PINE ST,accept,duplicate_or_parallel_financing_records,"Internal HUD read: NCA19950500 (PIS 1995, state ID 1168, units 2); NCA19959099 (PIS 1995, state ID 9001872, units 2). Link evidence: normalized_name_identical_multisite_set. Distinct published primary-address strings: 2.",2026-08-09,accept,external_property_identity_consistent,DuckDuckGo,https://html.duckduckgo.com/html/?q=%22PINE%20STREET%20DUPLEX%22%20%22OXFORD%22%20%22409%20A%20B%20PINE%20STREET%22%20affordable%20housing,Pine Street Duplex - UsLowCostHousing,housing_directory_or_other_web_source,https://sec8.uslowcosthousing.com/state/nc/oxford/pine-street-duplex-33188/,"Pine Street Duplex - Affordable Housing in Oxford, NC | Section 8 Search",housing_directory_or_other_web_source,https://section8search.org/north-carolina/oxford/pine-street-duplex/ninpas8q6tr82qbff0c6pu3d,Outside read via DuckDuckGo: a property-specific source identifies the matched name and location. This outside evidence is used for linkage only; it does not adjudicate the conflicting or repeated unit totals.,2026-08-09,accept,duplicate_or_parallel_financing_records,Accept the provisional linkage as one physical development. Preserve the component HUD records as project episodes. Unit aggregation is a separate unresolved decision.,2026-08-09
187,DEV_NCA19910360,repeated_total_near_year,PUNGO VILLAGE,BELHAVEN,NC,2,1991,1991,normalized_name_standardized_primary_address,38,38,9001385,928 PUNGO VILLAGE ROAD,accept,duplicate_or_parallel_financing_records,"Internal HUD read: NCA19910360 (PIS 1991, state ID 9001385, units 38); NCA19919277 (PIS 1991, state ID 9001385, units 38). Link evidence: normalized_name_standardized_primary_address. Distinct published primary-address strings: 1.",2026-08-09,accept,external_property_identity_consistent,DuckDuckGo,https://html.duckduckgo.com/html/?q=%22PUNGO%20VILLAGE%22%20%22BELHAVEN%22%20%22928%20PUNGO%20VILLAGE%20ROAD%22%20affordable%20housing,PUNGO VILLAGE | Low Income Housing | 928 PUNGO VILLAGE ROAD Belhaven ...,housing_directory_or_other_web_source,https://www.affordablehousing411.com/housing/lihtc-details-pungo-village-928-pungo-village-road-belhaven-nc-27810/,"Pungo Village in Belhaven, North Carolina - LIHTC Year-15 Expiration ...",housing_directory_or_other_web_source,https://www.fairhousinghub.com/property/nc-belhaven-pungo-village,Outside read via DuckDuckGo: a property-specific source identifies the matched name and location. This outside evidence is used for linkage only; it does not adjudicate the conflicting or repeated unit totals.,2026-08-09,accept,duplicate_or_parallel_financing_records,Accept the provisional linkage as one physical development. Preserve the component HUD records as project episodes. Unit aggregation is a separate unresolved decision.,2026-08-09
188,DEV_NCA19919051,repeated_total_near_year,PWE MENLO PARK,GREENSBORO,NC,6,1991,1991,normalized_name_identical_multisite_set,2,2,9000943|9000944|9000945|9000946|9000947|9001594,1703 TENTH ST|1707 A B TENTH ST|1709 TENTH ST|1711 TENTH ST|1802 A B TUCKER STREET|1804 TUCKER ST,accept,duplicate_or_parallel_financing_records,"Internal HUD read: NCA19919051 (PIS 1991, state ID 9000943, units 2); NCA19919052 (PIS 1991, state ID 9000944, units 2); NCA19919053 (PIS 1991, state ID 9000945, units 2); NCA19919054 (PIS 1991, state ID 9000946, units 2); NCA19919055 (PIS 1991, state ID 9000947, units 2); NCA19919056 (PIS 1991, state ID 9001594, units 2). Link evidence: normalized_name_identical_multisite_set. Distinct published primary-address strings: 6.",2026-08-09,accept,external_property_identity_consistent,DuckDuckGo,https://html.duckduckgo.com/html/?q=%22PWE%20MENLO%20PARK%22%20%22GREENSBORO%22%20%221703%20TENTH%20ST%22%20affordable%20housing,"PWE MENLO PARK | Low Income Housing | 1703 TENTH ST Greensboro, NC ...",housing_directory_or_other_web_source,https://www.affordablehousing411.com/housing/lihtc-details-pwe-menlo-park-1703-tenth-st-greensboro-nc-27405/,"Pwe Menlo Park in Greensboro, North Carolina - NCA19919052",housing_directory_or_other_web_source,https://www.crediohub.com/LIHTC-properties/l/26844/pwe-menlo-park-nca19919052,Outside read via DuckDuckGo: a property-specific source identifies the matched name and location. This outside evidence is used for linkage only; it does not adjudicate the conflicting or repeated unit totals.,2026-08-09,accept,duplicate_or_parallel_financing_records,Accept the provisional linkage as one physical development. Preserve the component HUD records as project episodes. Unit aggregation is a separate unresolved decision.,2026-08-09
189,DEV_NCA19930380,repeated_total_near_year,TRAILWOOD APTS,DURHAM,NC,2,1993,1993,normalized_name_identical_multisite_set,44,44,707|9000764,1718 0 PALMER STREET|1718 PALMER ST,accept,duplicate_or_parallel_financing_records,"Internal HUD read: NCA19930380 (PIS 1993, state ID 707, units 44); NCA19939075 (PIS 1993, state ID 9000764, units 44). Link evidence: normalized_name_identical_multisite_set. Distinct published primary-address strings: 2.",2026-08-09,accept,external_property_identity_consistent,DuckDuckGo,https://html.duckduckgo.com/html/?q=%22TRAILWOOD%20APTS%22%20%22DURHAM%22%20%221718%200%20PALMER%20STREET%22%20affordable%20housing,"TRAILWOOD APTS | Low Income Housing | 1718 0 PALMER STREET Durham, NC ...",housing_directory_or_other_web_source,https://www.affordablehousing411.com/housing/lihtc-details-trailwood-apts-1718-0-palmer-street-durham-nc-27707/,"Trailwood Apts in Durham, North Carolina - NCA19939075",housing_directory_or_other_web_source,https://www.crediohub.com/LIHTC-properties/l/27179/trailwood-apts-nca19939075,Outside read via DuckDuckGo: a property-specific source identifies the matched name and location. This outside evidence is used for linkage only; it does not adjudicate the conflicting or repeated unit totals.,2026-08-09,accept,duplicate_or_parallel_financing_records,Accept the provisional linkage as one physical development. Preserve the component HUD records as project episodes. Unit aggregation is a separate unresolved decision.,2026-08-09
190,DEV_NCA19910465,repeated_total_near_year,VANCE CO HOUSING,HENDERSON,NC,2,1991,1991,normalized_name_identical_multisite_set,10,10,570|9001851,665 667 VANCE ST 1340 1350 NICHOLAS|665 VANCE ST,accept,duplicate_or_parallel_financing_records,"Internal HUD read: NCA19910465 (PIS 1991, state ID 570, units 10); NCA19919076 (PIS 1991, state ID 9001851, units 10). Link evidence: normalized_name_identical_multisite_set. Distinct published primary-address strings: 2.",2026-08-09,accept,external_property_identity_consistent,DuckDuckGo,https://html.duckduckgo.com/html/?q=%22VANCE%20CO%20HOUSING%22%20%22HENDERSON%22%20%22665%20667%20VANCE%20ST%201340%201350%20NICHOLAS%22%20affordable%20housing,VANCE CO HOUSING | Low Income Housing | 665 667 VANCE ST 1340 1350 ...,housing_directory_or_other_web_source,https://www.affordablehousing411.com/housing/lihtc-details-vance-co-housing-665-667-vance-st-1340-1350-nicholas-henderson-nc-27536/,"Vance Co Housing in Henderson, North Carolina - NCA19919076",housing_directory_or_other_web_source,https://www.crediohub.com/LIHTC-properties/l/26856/vance-co-housing-nca19919076,Outside read via DuckDuckGo: a property-specific source identifies the matched name and location. This outside evidence is used for linkage only; it does not adjudicate the conflicting or repeated unit totals.,2026-08-09,accept,duplicate_or_parallel_financing_records,Accept the provisional linkage as one physical development. Preserve the component HUD records as project episodes. Unit aggregation is a separate unresolved decision.,2026-08-09
191,DEV_NCA19910485,repeated_total_near_year,VILLAGE SQUARE APTS,HENDERSON,NC,2,1991,1991,normalized_name_identical_multisite_set,4,4,586|9002113,1113 15 WASHINGTON 519 21 HILLIARD ST|1113 WASHINGTON ST,accept,duplicate_or_parallel_financing_records,"Internal HUD read: NCA19910485 (PIS 1991, state ID 586, units 4); NCA19919077 (PIS 1991, state ID 9002113, units 4). Link evidence: normalized_name_identical_multisite_set. Distinct published primary-address strings: 2.",2026-08-09,accept,external_property_identity_consistent,DuckDuckGo,https://html.duckduckgo.com/html/?q=%22VILLAGE%20SQUARE%20APTS%22%20%22HENDERSON%22%20%221113%2015%20WASHINGTON%20519%2021%20HILLIARD%20ST%22%20affordable%20housing,VILLAGE SQUARE APTS | Low Income Housing | 1113 15 WASHINGTON 519 21 ...,housing_directory_or_other_web_source,https://www.affordablehousing411.com/housing/lihtc-details-village-square-apts-1113-15-washington-519-21-hilliard-st-henderson-nc-27536/,"Village Square Apts in Henderson, North Carolina - NCA19919077",housing_directory_or_other_web_source,https://www.crediohub.com/LIHTC-properties/l/26857/village-square-apts-nca19919077,Outside read via DuckDuckGo: a property-specific source identifies the matched name and location. This outside evidence is used for linkage only; it does not adjudicate the conflicting or repeated unit totals.,2026-08-09,accept,duplicate_or_parallel_financing_records,Accept the provisional linkage as one physical development. Preserve the component HUD records as project episodes. Unit aggregation is a separate unresolved decision.,2026-08-09
192,DEV_NCA19940550,repeated_total_near_year,WEST PARK ST APTS,CARY,NC,2,1994,1994,normalized_name_identical_multisite_set,2,2,1015|9002112,218 220 W PARK ST|218 W PARK ST,accept,duplicate_or_parallel_financing_records,"Internal HUD read: NCA19940550 (PIS 1994, state ID 1015, units 2); NCA19949110 (PIS 1994, state ID 9002112, units 2). Link evidence: normalized_name_identical_multisite_set. Distinct published primary-address strings: 2.",2026-08-09,accept,external_property_identity_consistent,DuckDuckGo,https://html.duckduckgo.com/html/?q=%22WEST%20PARK%20ST%20APTS%22%20%22CARY%22%20NC%20housing,"West Park St Apts - Affordable Housing in Cary, NC | Section 8 Search",housing_directory_or_other_web_source,https://section8search.org/north-carolina/cary/west-park-st-apts/w5mmwj0lbnryu1d3qpseoum5,,,,Outside read via DuckDuckGo: a property-specific source identifies the matched name and location. This outside evidence is used for linkage only; it does not adjudicate the conflicting or repeated unit totals.,2026-08-09,accept,duplicate_or_parallel_financing_records,Accept the provisional linkage as one physical development. Preserve the component HUD records as project episodes. Unit aggregation is a separate unresolved decision.,2026-08-09
193,DEV_NCA19900745,repeated_total_near_year,YOUNT DUPLEX,CHERRYVILLE,NC,2,1990,1990,normalized_name_identical_multisite_set,2,2,544|9000954,1909 1911 LINCOLNTON HWY 150|1909 LINCOLNTON HWY,accept,duplicate_or_parallel_financing_records,"Internal HUD read: NCA19900745 (PIS 1990, state ID 544, units 2); NCA19909028 (PIS 1990, state ID 9000954, units 2). Link evidence: normalized_name_identical_multisite_set. Distinct published primary-address strings: 2.",2026-08-09,accept,external_property_identity_consistent,DuckDuckGo,https://html.duckduckgo.com/html/?q=%22YOUNT%20DUPLEX%22%20%22CHERRYVILLE%22%20%221909%201911%20LINCOLNTON%20HWY%20150%22%20affordable%20housing,YOUNT DUPLEX | Low Income Housing | 1909 1911 LINCOLNTON HWY 150 ...,housing_directory_or_other_web_source,https://www.affordablehousing411.com/housing/lihtc-details-yount-duplex-1909-1911-lincolnton-hwy-150-cherryville-nc-28021/,"Yount Duplex in Cherryville, North Carolina - NCA19909028",housing_directory_or_other_web_source,https://www.crediohub.com/LIHTC-properties/l/26728/yount-duplex-nca19909028,Outside read via DuckDuckGo: a property-specific source identifies the matched name and location. This outside evidence is used for linkage only; it does not adjudicate the conflicting or repeated unit totals.,2026-08-09,accept,duplicate_or_parallel_financing_records,Accept the provisional linkage as one physical development. Preserve the component HUD records as project episodes. Unit aggregation is a separate unresolved decision.,2026-08-09
194,DEV_NJA20060095,repeated_total_near_year,BELLMAWR SENIOR HOUSING,BELLMAWR BORO,NJ,2,2006,2006,normalized_name_identical_multisite_set,130,130,01394|NJ-01394-1,239 WEST BROWNING ROAD|255 WEST BROWNING ROAD,accept,duplicate_or_parallel_financing_records,"Internal HUD read: NJA20060095 (PIS 2006, state ID NJ-01394-1, units 130); NJA20069078 (PIS 2006, state ID 01394, units 130). Link evidence: normalized_name_identical_multisite_set. Distinct published primary-address strings: 2.",2026-08-09,accept,external_property_identity_consistent,DuckDuckGo,https://html.duckduckgo.com/html/?q=%22BELLMAWR%20SENIOR%20HOUSING%22%20%22BELLMAWR%20BORO%22%20%22239%20WEST%20BROWNING%20ROAD%22%20affordable%20housing,Bellmawr Senior Housing | Affordable Apartments for Rent in Bellmawr ...,housing_directory_or_other_web_source,https://hellosection8.com/id-nja20060095-low-income-apartments-in-nj_bellmawrboro.html,"Bellmawr Senior Housing in Bellmawr Boro, New Jersey - LIHTC Year-15 ...",housing_directory_or_other_web_source,https://www.fairhousinghub.com/property/nj-bellmawr-boro-bellmawr-senior-housing,Outside read via DuckDuckGo: a property-specific source identifies the matched name and location. This outside evidence is used for linkage only; it does not adjudicate the conflicting or repeated unit totals.,2026-08-09,accept,duplicate_or_parallel_financing_records,Accept the provisional linkage as one physical development. Preserve the component HUD records as project episodes. Unit aggregation is a separate unresolved decision.,2026-08-09
195,DEV_NJA20200005,repeated_total_near_year,BOSTON WAY VILLAGE,ASBURY PARK,NJ,2,2020,2020,normalized_name_standardized_primary_address,104,103,1765|NJ-99-99,"SYLVAN AVE, BOSTON WAY, MEMORIAL DRIVE",accept,duplicate_or_parallel_financing_records,"Internal HUD read: NJA20200005 (PIS 2020, state ID 1765, units 104); NJA0000X009 (PIS 9999, state ID NJ-99-99, units 104). Link evidence: normalized_name_standardized_primary_address. Distinct published primary-address strings: 1.",2026-08-09,accept,external_property_identity_consistent,DuckDuckGo,https://html.duckduckgo.com/html/?q=%22BOSTON%20WAY%20VILLAGE%22%20%22ASBURY%20PARK%22%20%22SYLVAN%20AVE%2C%20BOSTON%20WAY%2C%20MEMORIAL%20DRIVE%22%20affordable%20housing,"Boston Way Village in Asbury Park, New Jersey - LIHTC Year-15 ...",housing_directory_or_other_web_source,https://www.fairhousinghub.com/property/nj-asbury-park-boston-way-village,"BOSTON WAY VILLAGE | Low Income Housing | SYLVAN AVE, BOSTON WAY ...",housing_directory_or_other_web_source,https://www.affordablehousing411.com/housing/lihtc-details-boston-way-village-sylvan-ave-boston-way-memorial-drive-asbury-park-nj-7712/,Outside read via DuckDuckGo: a property-specific source identifies the matched name and location. This outside evidence is used for linkage only; it does not adjudicate the conflicting or repeated unit totals.,2026-08-09,accept,duplicate_or_parallel_financing_records,Accept the provisional linkage as one physical development. Preserve the component HUD records as project episodes. Unit aggregation is a separate unresolved decision.,2026-08-09
196,DEV_NJA20080100,repeated_total_near_year,BUENA GARDENS SENIOR APARTMENTS,BUENA BORO,NJ,2,2008,2008,normalized_name_identical_multisite_set,78,77|78,01397|NJ-01397-1,114 WEST ARCTIC AVENUE|115 WEST PACIFIC AVENUE,accept,duplicate_or_parallel_financing_records,"Internal HUD read: NJA20080100 (PIS 2008, state ID NJ-01397-1, units 78); NJA20089062 (PIS 2008, state ID 01397, units 78). Link evidence: normalized_name_identical_multisite_set. Distinct published primary-address strings: 2.",2026-08-09,accept,external_property_identity_consistent,DuckDuckGo,https://html.duckduckgo.com/html/?q=%22BUENA%20GARDENS%20SENIOR%20APARTMENTS%22%20%22BUENA%20BORO%22%20NJ%20housing,"Buena Gardens Senior Apartments | Affordable Housing in Buena Boro, NJ",housing_directory_or_other_web_source,https://affordablehousinghub.org/housing/new-jersey/atlantic/buena-boro/buena-gardens-senior-apartments-22807-lihtc,Buena Gardens Senior Apartments - UsLowCostHousing,housing_directory_or_other_web_source,https://sec8.uslowcosthousing.com/state/nj/buena-boro/buena-gardens-senior-apartments-27070/,Outside read via DuckDuckGo: a property-specific source identifies the matched name and location. This outside evidence is used for linkage only; it does not adjudicate the conflicting or repeated unit totals.,2026-08-09,accept,duplicate_or_parallel_financing_records,Accept the provisional linkage as one physical development. Preserve the component HUD records as project episodes. Unit aggregation is a separate unresolved decision.,2026-08-09
197,DEV_NJA20200010,repeated_total_near_year,CEDAR MEADOWS,WOODBRIDGE,NJ,2,2020,2020,normalized_name_standardized_primary_address,100,100,1761|NJ-99-99,1462 RAHWAY AVENUE,accept,duplicate_or_parallel_financing_records,"Internal HUD read: NJA20200010 (PIS 2020, state ID 1761, units 100); NJA0000X019 (PIS 9999, state ID NJ-99-99, units 100). Link evidence: normalized_name_standardized_primary_address. Distinct published primary-address strings: 1.",2026-08-09,accept,external_property_identity_consistent,DuckDuckGo,https://html.duckduckgo.com/html/?q=%22CEDAR%20MEADOWS%22%20%22WOODBRIDGE%22%20%221462%20RAHWAY%20AVENUE%22%20affordable%20housing,"CEDAR MEADOWS | Low Income Housing | 1462 RAHWAY AVENUE Woodbridge, NJ ...",housing_directory_or_other_web_source,https://www.affordablehousing411.com/housing/lihtc-details-cedar-meadows-1462-rahway-avenue-woodbridge-nj-7095/,"Cedar Meadows in Woodbridge, New Jersey - LIHTC Year-15 Expiration Data ...",housing_directory_or_other_web_source,https://www.fairhousinghub.com/property/nj-woodbridge-cedar-meadows,Outside read via DuckDuckGo: a property-specific source identifies the matched name and location. This outside evidence is used for linkage only; it does not adjudicate the conflicting or repeated unit totals.,2026-08-09,accept,duplicate_or_parallel_financing_records,Accept the provisional linkage as one physical development. Preserve the component HUD records as project episodes. Unit aggregation is a separate unresolved decision.,2026-08-09
198,DEV_NJA20240006,repeated_total_near_year,CRAMER HILL SENIOR  #2115,CAMDEN,NJ,2,2024,2024,normalized_name_identical_multisite_set+normalized_name_standardized_primary_address,55,52,07806|07806-1,1200 N 24TH ST|1200 N 24TH STREET,accept,duplicate_or_parallel_financing_records,"Internal HUD read: NJA20240007 (PIS 2024, state ID 07806, units 55); NJA20240006 (PIS 2024, state ID 07806-1, units 55). Link evidence: normalized_name_identical_multisite_set+normalized_name_standardized_primary_address. Distinct published primary-address strings: 2.",2026-08-09,accept,external_property_identity_consistent,Browser + web search,https://html.duckduckgo.com/html/?q=%22CRAMER%20HILL%20SENIOR%20%20%232115%22%20%22CAMDEN%22%20NJ%20housing,Cramer Hill Senior - Phase II,owner_or_operator,https://www.cramerhillsenior.com/,"Case Study: Ablett Village in Camden, NJ",housing_press,https://www.taxcreditadvisor.com/articles/case-study-ablett-village-in-camden-nj/,The operator site and housing-industry case study identify Cramer Hill Senior at 1200 North 24th Street as one 55-unit development.,2026-08-09,accept,duplicate_or_parallel_financing_records,Accept the provisional linkage as one physical development. Preserve the component HUD records as project episodes. Unit aggregation is a separate unresolved decision.,2026-08-09
199,DEV_NJA20050050,repeated_total_near_year,DON VER APARTMENTS,PHILLIPSBURG TOWN,NJ,2,2005,2005,normalized_name_identical_multisite_set,10,10,01378|NJ-01378-1,169 SOUTH MAIN STREET,accept,duplicate_or_parallel_financing_records,"Internal HUD read: NJA20050050 (PIS 2005, state ID NJ-01378-1, units 10); NJA20059079 (PIS 2005, state ID 01378, units 10). Link evidence: normalized_name_identical_multisite_set. Distinct published primary-address strings: 1.",2026-08-09,accept,external_property_identity_consistent,DuckDuckGo,https://html.duckduckgo.com/html/?q=%22DON%20VER%20APARTMENTS%22%20%22PHILLIPSBURG%20TOWN%22%20%22169%20SOUTH%20MAIN%20STREET%22%20affordable%20housing,"Don Ver Apartments - Affordable Housing in Phillipsburg Town, NJ ...",housing_directory_or_other_web_source,https://section8search.org/new-jersey/phillipsburg-town/don-ver-apartments/qzkpyzxjckacxdz0i96at33i,Don Ver Apartments | Affordable Apartments for Rent in ... - Hellosection8,housing_directory_or_other_web_source,https://hellosection8.com/id-nja20050050-low-income-apartments-in-nj_phillipsburgtown.html,Outside read via DuckDuckGo: a property-specific source identifies the matched name and location. This outside evidence is used for linkage only; it does not adjudicate the conflicting or repeated unit totals.,2026-08-09,accept,duplicate_or_parallel_financing_records,Accept the provisional linkage as one physical development. Preserve the component HUD records as project episodes. Unit aggregation is a separate unresolved decision.,2026-08-09
200,DEV_NJA20040025,repeated_total_near_year,ETHEL R. LAWRENCE HOMES PHASE II,MOUNT LAUREL TWP.,NJ,2,2004,2004,normalized_name_identical_multisite_set,40,40,01363|PM-01363,1 ETHEL LAWRENCE BOULEVARD|1 ETHEL R. LAWRENCE BOULEVARD,accept,duplicate_or_parallel_financing_records,"Internal HUD read: NJA20040025 (PIS 2004, state ID PM-01363, units 40); NJA20049046 (PIS 2004, state ID 01363, units 40). Link evidence: normalized_name_identical_multisite_set. Distinct published primary-address strings: 2.",2026-08-09,accept,external_property_identity_consistent,DuckDuckGo,https://html.duckduckgo.com/html/?q=%22ETHEL%20R.%20LAWRENCE%20HOMES%20PHASE%20II%22%20%22MOUNT%20LAUREL%20TWP.%22%20%221%20ETHEL%20LAWRENCE%20BOULEVARD%22%20affordable%20housing,"Ethel R. Lawrence Homes Phase Ii - Mount Laurel Twp., New Jersey",housing_directory_or_other_web_source,https://www.crediohub.com/LIHTC-properties/l/30466/ethel-r-lawrence-homes-phase-ii-nja20040025,"Ethel R. Lawrence Homes Phase Ii in Mount Laurel Twp., New Jersey ...",housing_directory_or_other_web_source,https://www.fairhousinghub.com/property/nj-mount-laurel-twp-ethel-r-lawrence-homes-phase-ii,Outside read via DuckDuckGo: a property-specific source identifies the matched name and location. This outside evidence is used for linkage only; it does not adjudicate the conflicting or repeated unit totals.,2026-08-09,accept,duplicate_or_parallel_financing_records,Accept the provisional linkage as one physical development. Preserve the component HUD records as project episodes. Unit aggregation is a separate unresolved decision.,2026-08-09
201,DEV_NJA20039069,repeated_total_near_year,LINCOLN COMMONS/HADDONFIELD SENIORS #637,HADDONFIELD,NJ,2,2003,2012,normalized_name_identical_multisite_set+normalized_name_standardized_primary_address,48,48,999999999999|NJ-99-99,325 LINCOLN AVE,accept,duplicate_or_parallel_financing_records,"Internal HUD read: NJA20039069 (PIS 2003, state ID NJ-99-99, units 48); NJA20123078 (PIS 2012, state ID 999999999999, units 48). Link evidence: normalized_name_identical_multisite_set+normalized_name_standardized_primary_address. Distinct published primary-address strings: 1.",2026-08-09,accept,external_property_identity_consistent,Browser + web search,https://html.duckduckgo.com/html/?q=%22LINCOLN%20COMMONS%2FHADDONFIELD%20SENIORS%20%23637%22%20%22HADDONFIELD%22%20NJ%20housing,Haddonfield Third Round Housing Element and Fair Share Plan,official_public,https://cms5.revize.com/revize/boroughofhaddonfield/Master%20Plan%20Documents/2019-12-17%20Adopted%20Endorsed%20Haddonfield%20Third%20Round%20HEFSP%20and%20Appendices%20-%201.pdf,Haddonfield Council on Affordable Housing unit documentation,official_public,https://cms5.revize.com/revize/boroughofhaddonfield/Master%20Plan%20Documents/2019-12-17%20Adopted%20Endorsed%20Haddonfield%20Third%20Round%20HEFSP%20and%20Appendices%20-%202.pdf,"Haddonfield's housing plan identifies Lincoln Commons, now Tarditi Commons, at 325 Lincoln Avenue as one 48-unit senior development.",2026-08-09,accept,duplicate_or_parallel_financing_records,Accept the provisional linkage as one physical development. Preserve the component HUD records as project episodes. Unit aggregation is a separate unresolved decision.,2026-08-09
202,DEV_NJA20069089,repeated_total_near_year,MIDTOWN SENIOR APARTMENTS,NEPTUNE CITY,NJ,2,2006,2012,normalized_name_identical_multisite_set,40,40,01423|NJ-0724,1512 MONROE AVENUE,accept,duplicate_or_parallel_financing_records,"Internal HUD read: NJA20069089 (PIS 2006, state ID 01423, units 40); NJA20120870 (PIS 2012, state ID NJ-0724, units 40). Link evidence: normalized_name_identical_multisite_set. Distinct published primary-address strings: 1.",2026-08-09,accept,external_property_identity_consistent,DuckDuckGo,https://html.duckduckgo.com/html/?q=%22MIDTOWN%20SENIOR%20APARTMENTS%22%20%22NEPTUNE%20CITY%22%20%221512%20MONROE%20AVENUE%22%20affordable%20housing,"Midtown Senior Apartments - Neptune City, New Jersey",housing_directory_or_other_web_source,https://www.crediohub.com/LIHTC-properties/l/30604/midtown-senior-apartments-nja20069089,"Midtown Senior Apartments in Neptune City, New Jersey - LIHTC Year-15 ...",housing_directory_or_other_web_source,https://www.fairhousinghub.com/property/nj-neptune-city-midtown-senior-apartments,Outside read via DuckDuckGo: a property-specific source identifies the matched name and location. This outside evidence is used for linkage only; it does not adjudicate the conflicting or repeated unit totals.,2026-08-09,accept,duplicate_or_parallel_financing_records,Accept the provisional linkage as one physical development. Preserve the component HUD records as project episodes. Unit aggregation is a separate unresolved decision.,2026-08-09
203,DEV_NJA19970090,repeated_total_near_year,ROEBLING VILLAGE INN AFFORDABLE HOUSING,FLORENCE,NJ,2,1997,1997,normalized_name_identical_multisite_set,14,14,01889|NJ-0447,32 RIVERSIDE AVENUE,accept,duplicate_or_parallel_financing_records,"Internal HUD read: NJA19970090 (PIS 1997, state ID NJ-0447, units 14); NJA19979037 (PIS 1997, state ID 01889, units 14). Link evidence: normalized_name_identical_multisite_set. Distinct published primary-address strings: 1.",2026-08-09,accept,external_property_identity_consistent,DuckDuckGo,https://html.duckduckgo.com/html/?q=%22ROEBLING%20VILLAGE%20INN%20AFFORDABLE%20HOUSING%22%20%22FLORENCE%22%20%2232%20RIVERSIDE%20AVENUE%22%20affordable%20housing,Roebling Village Inn Affordable Housing,housing_directory_or_other_web_source,https://www.affordablehousing411.com/housing/lihtc-details-roebling-village-inn-affordable-housing-32-riverside-avenue-florence-nj-8518/,"Roebling Village Inn Affordable Housing - Florence, New Jersey",housing_directory_or_other_web_source,https://www.crediohub.com/LIHTC-properties/l/30279/roebling-village-inn-affordable-housing-nja19970090,Outside read via DuckDuckGo: a property-specific source identifies the matched name and location. This outside evidence is used for linkage only; it does not adjudicate the conflicting or repeated unit totals.,2026-08-09,accept,duplicate_or_parallel_financing_records,Accept the provisional linkage as one physical development. Preserve the component HUD records as project episodes. Unit aggregation is a separate unresolved decision.,2026-08-09
204,DEV_NJA0000X002,repeated_total_near_year,SPRINGDALE II,CHERRY HILL TWP.,NJ,2,2020,2020,normalized_name_identical_multisite_set+normalized_name_standardized_primary_address,80,68|79,3336|NJ-99-99,1721 SPRINGDALE ROAD,accept,duplicate_or_parallel_financing_records,"Internal HUD read: NJA0000X002 (PIS 9999, state ID NJ-99-99, units 80); NJA20202164 (PIS 2020, state ID 3336, units 80). Link evidence: normalized_name_identical_multisite_set+normalized_name_standardized_primary_address. Distinct published primary-address strings: 1.",2026-08-09,accept,external_property_identity_consistent,DuckDuckGo,https://html.duckduckgo.com/html/?q=%22SPRINGDALE%20II%22%20%22CHERRY%20HILL%20TWP.%22%20%221721%20SPRINGDALE%20ROAD%22%20affordable%20housing,"Springdale Ii in Cherry Hill Twp., New Jersey - LIHTC Year-15 ...",housing_directory_or_other_web_source,https://www.fairhousinghub.com/property/nj-cherry-hill-twp-springdale-ii,,,,Outside read via DuckDuckGo: a property-specific source identifies the matched name and location. This outside evidence is used for linkage only; it does not adjudicate the conflicting or repeated unit totals.,2026-08-09,accept,duplicate_or_parallel_financing_records,Accept the provisional linkage as one physical development. Preserve the component HUD records as project episodes. Unit aggregation is a separate unresolved decision.,2026-08-09
205,DEV_NJA20200039,repeated_total_near_year,THE WILLOWS AT WHITING,MANCHESTER TWP.,NJ,2,2020,2020,normalized_name_standardized_primary_address,76,76,1743|NJ-99-99,1110 ROUTE 70,accept,duplicate_or_parallel_financing_records,"Internal HUD read: NJA20200039 (PIS 2020, state ID 1743, units 76); NJA0000X073 (PIS 9999, state ID NJ-99-99, units 76). Link evidence: normalized_name_standardized_primary_address. Distinct published primary-address strings: 1.",2026-08-09,accept,external_property_identity_consistent,DuckDuckGo,https://html.duckduckgo.com/html/?q=%22THE%20WILLOWS%20AT%20WHITING%22%20%22MANCHESTER%20TWP.%22%20%221110%20ROUTE%2070%22%20affordable%20housing,"The Willows At Whiting in Manchester Twp., New Jersey - LIHTC Year-15 ...",housing_directory_or_other_web_source,https://www.fairhousinghub.com/property/nj-manchester-twp-the-willows-at-whiting,"The Willows At Whiting - Manchester Twp., New Jersey",housing_directory_or_other_web_source,https://www.crediohub.com/LIHTC-properties/l/29942/the-willows-at-whiting-nja0000x073,Outside read via DuckDuckGo: a property-specific source identifies the matched name and location. This outside evidence is used for linkage only; it does not adjudicate the conflicting or repeated unit totals.,2026-08-09,accept,duplicate_or_parallel_financing_records,Accept the provisional linkage as one physical development. Preserve the component HUD records as project episodes. Unit aggregation is a separate unresolved decision.,2026-08-09
206,DEV_NJA20120035,repeated_total_near_year,WALTER G ALEXANDER DEVELOPMENT PHASE I,ORANGE,NJ,2,2012,2012,normalized_name_identical_multisite_set+normalized_name_standardized_primary_address,65,65,02604|NJ-02604,105 WILSON PL,accept,duplicate_or_parallel_financing_records,"Internal HUD read: NJA20120035 (PIS 2012, state ID NJ-02604, units 65); NJA20123141 (PIS 2012, state ID 02604, units 65). Link evidence: normalized_name_identical_multisite_set+normalized_name_standardized_primary_address. Distinct published primary-address strings: 1.",2026-08-09,accept,external_property_identity_consistent,DuckDuckGo,https://html.duckduckgo.com/html/?q=%22WALTER%20G%20ALEXANDER%20DEVELOPMENT%20PHASE%20I%22%20%22ORANGE%22%20%22105%20WILSON%20PL%22%20affordable%20housing,WALTER G ALEXANDER DEVELOPMENT PHASE I | Low Income Housing | 105 ...,housing_directory_or_other_web_source,https://www.affordablehousing411.com/housing/lihtc-details-walter-g-alexander-development-phase-i-105-wilson-pl-orange-nj-7050/,"Walter G Alexander Development Phase I in Orange, New Jersey - LIHTC ...",housing_directory_or_other_web_source,https://www.fairhousinghub.com/property/nj-orange-walter-g-alexander-development-phase-i,Outside read via DuckDuckGo: a property-specific source identifies the matched name and location. This outside evidence is used for linkage only; it does not adjudicate the conflicting or repeated unit totals.,2026-08-09,accept,duplicate_or_parallel_financing_records,Accept the provisional linkage as one physical development. Preserve the component HUD records as project episodes. Unit aggregation is a separate unresolved decision.,2026-08-09
207,DEV_NJA20125012,repeated_total_near_year,"WALTER G ALEXANDER, PH II SENIOR",ORANGE,NJ,2,2012,2012,normalized_name_identical_multisite_set,48,48,02622|2622,105 WILSON PLACE,accept,duplicate_or_parallel_financing_records,"Internal HUD read: NJA20125012 (PIS 2012, state ID 2622, units 48); NJA20129012 (PIS 2012, state ID 02622, units 48). Link evidence: normalized_name_identical_multisite_set. Distinct published primary-address strings: 1.",2026-08-09,accept,external_property_identity_consistent,DuckDuckGo,https://html.duckduckgo.com/html/?q=%22WALTER%20G%20ALEXANDER%2C%20PH%20II%20SENIOR%22%20%22ORANGE%22%20%22105%20WILSON%20PLACE%22%20affordable%20housing,"WALTER G ALEXANDER, PH II SENIOR | Low Income Housing | 105 WILSON ...",housing_directory_or_other_web_source,https://www.affordablehousing411.com/housing/lihtc-details-walter-g-alexander-ph-ii-senior-105-wilson-place-orange-nj-7050/,"Walter G Alexander, Ph Ii Senior in Orange, New Jersey - LIHTC Year-15 ...",housing_directory_or_other_web_source,https://www.fairhousinghub.com/property/nj-orange-walter-g-alexander-ph-ii-senior,Outside read via DuckDuckGo: a property-specific source identifies the matched name and location. This outside evidence is used for linkage only; it does not adjudicate the conflicting or repeated unit totals.,2026-08-09,accept,duplicate_or_parallel_financing_records,Accept the provisional linkage as one physical development. Preserve the component HUD records as project episodes. Unit aggregation is a separate unresolved decision.,2026-08-09
208,DEV_NJA20200047,repeated_total_near_year,WESTVILLE SENIOR,WESTVILLE,NJ,2,2020,2020,normalized_name_standardized_primary_address,64,63,1527|NJ-99-99,1000-1002 AND 1010 BROADWAY,accept,duplicate_or_parallel_financing_records,"Internal HUD read: NJA20200047 (PIS 2020, state ID 1527, units 64); NJA0000X085 (PIS 9999, state ID NJ-99-99, units 64). Link evidence: normalized_name_standardized_primary_address. Distinct published primary-address strings: 1.",2026-08-09,accept,external_property_identity_consistent,DuckDuckGo,https://html.duckduckgo.com/html/?q=%22WESTVILLE%20SENIOR%22%20%22WESTVILLE%22%20%221000-1002%20AND%201010%20BROADWAY%22%20affordable%20housing,WESTVILLE SENIOR | Low Income Housing | 1000-1002 AND 1010 BROADWAY ...,housing_directory_or_other_web_source,https://www.affordablehousing411.com/housing/lihtc-details-westville-senior-1000-1002-and-1010-broadway-westville-nj-8093/,"Westville Senior in Westville, New Jersey - NJA0000X085",housing_directory_or_other_web_source,https://www.crediohub.com/LIHTC-properties/l/29954/westville-senior-nja0000x085,Outside read via DuckDuckGo: a property-specific source identifies the matched name and location. This outside evidence is used for linkage only; it does not adjudicate the conflicting or repeated unit totals.,2026-08-09,accept,duplicate_or_parallel_financing_records,Accept the provisional linkage as one physical development. Preserve the component HUD records as project episodes. Unit aggregation is a separate unresolved decision.,2026-08-09
209,DEV_NYC20110848,repeated_total_near_year,RUTGERS,NEW YORK,NY,2,2011,2011,normalized_name_identical_multisite_set+normalized_name_standardized_primary_address,720,608,01-0943503,45 PIKE STREET,accept,duplicate_or_parallel_financing_records,"Internal HUD read: NYC20110848 (PIS 2011, state ID 01-0943503, units 720); NYE00000074 (PIS 8888, state ID 01-0943503, units 720). Link evidence: normalized_name_identical_multisite_set+normalized_name_standardized_primary_address. Distinct published primary-address strings: 1.",2026-08-09,accept,external_property_identity_consistent,DuckDuckGo,https://html.duckduckgo.com/html/?q=%22RUTGERS%22%20%22NEW%20YORK%22%20%2245%20PIKE%20STREET%22%20affordable%20housing,Rutgers Houses in Two Bridges at 45 Pike Street,housing_directory_or_other_web_source,https://streeteasy.com/building/rutgers-houses?unit_type=rentals,"Rutgers in New York, New York - NYE00000074 - crediohub.com",housing_directory_or_other_web_source,https://www.crediohub.com/LIHTC-properties/l/35936/rutgers-nye00000074,Outside read via DuckDuckGo: a property-specific source identifies the matched name and location. This outside evidence is used for linkage only; it does not adjudicate the conflicting or repeated unit totals.,2026-08-09,accept,duplicate_or_parallel_financing_records,Accept the provisional linkage as one physical development. Preserve the component HUD records as project episodes. Unit aggregation is a separate unresolved decision.,2026-08-09
210,DEV_OHA20150002,repeated_total_near_year,ARTSPACE HAMILTON LOFTS,HAMILTON,OH,2,2015,2015,normalized_name_standardized_primary_address,42,42,130003,222 HIGH ST|222 HIGH STREET,accept,duplicate_or_parallel_financing_records,"Internal HUD read: OHA20150002 (PIS 2015, state ID 130003, units 42); OHA20158113 (PIS 2015, state ID 130003, units 42). Link evidence: normalized_name_standardized_primary_address. Distinct published primary-address strings: 2.",2026-08-09,accept,external_property_identity_consistent,DuckDuckGo,https://html.duckduckgo.com/html/?q=%22ARTSPACE%20HAMILTON%20LOFTS%22%20%22HAMILTON%22%20%22222%20HIGH%20ST%22%20affordable%20housing,"Artspace Hamilton Lofts - 222 High St Hamilton, OH 45011 | Apartments.com",property_listing_or_public_records,https://www.apartments.com/artspace-hamilton-lofts-hamilton-oh/l61j3cg/,Artspace Hamilton Lofts - 222 High St Hamilton OH 45011 | Apartment Finder,housing_directory_or_other_web_source,https://www.apartmentfinder.com/Ohio/Hamilton-Apartments/Artspace-Hamilton-Lofts-Apartments-t71z7cc,Outside read via DuckDuckGo: a property-specific source identifies the matched name and location. This outside evidence is used for linkage only; it does not adjudicate the conflicting or repeated unit totals.,2026-08-09,accept,duplicate_or_parallel_financing_records,Accept the provisional linkage as one physical development. Preserve the component HUD records as project episodes. Unit aggregation is a separate unresolved decision.,2026-08-09
211,DEV_OHA20200009,repeated_total_near_year,COMMONS AT SOUTH CUMMINSVILLE,CINCINNATI,OH,2,2020,2020,normalized_name_standardized_primary_address,80,80,170230,3775 HERRON AVENUE,accept,duplicate_or_parallel_financing_records,"Internal HUD read: OHA20200009 (PIS 2020, state ID 170230, units 80); OHA20203050 (PIS 2020, state ID 170230, units 80). Link evidence: normalized_name_standardized_primary_address. Distinct published primary-address strings: 1.",2026-08-09,accept,external_property_identity_consistent,DuckDuckGo,https://html.duckduckgo.com/html/?q=%22COMMONS%20AT%20SOUTH%20CUMMINSVILLE%22%20%22CINCINNATI%22%20%223775%20HERRON%20AVENUE%22%20affordable%20housing,Commons At South Cumminsville - UsLowCostHousing,housing_directory_or_other_web_source,https://sec8.uslowcosthousing.com/state/oh/cincinnati/commons-at-south-cumminsville-35013/,"Commons At South Cumminsville - Cincinnati, Ohio",housing_directory_or_other_web_source,https://www.crediohub.com/LIHTC-properties/l/37971/commons-at-south-cumminsville-oha20200009,Outside read via DuckDuckGo: a property-specific source identifies the matched name and location. This outside evidence is used for linkage only; it does not adjudicate the conflicting or repeated unit totals.,2026-08-09,accept,duplicate_or_parallel_financing_records,Accept the provisional linkage as one physical development. Preserve the component HUD records as project episodes. Unit aggregation is a separate unresolved decision.,2026-08-09
212,DEV_OHA19930235,repeated_total_near_year,OVER THE RHINE,CINCINNATI,OH,2,1993,1993,normalized_name_standardized_primary_address,6,6,910675|OH-91-0675,19 E 15TH ST|19 EAST 15TH STREET,accept,duplicate_or_parallel_financing_records,"Internal HUD read: OHA19930235 (PIS 1993, state ID OH-91-0675, units 6); OHA19930240 (PIS 1993, state ID 910675, units 6). Link evidence: normalized_name_standardized_primary_address. Distinct published primary-address strings: 2.",2026-08-09,accept,external_property_identity_consistent,DuckDuckGo,https://html.duckduckgo.com/html/?q=%22OVER%20THE%20RHINE%22%20%22CINCINNATI%22%20%2219%20E%2015TH%20ST%22%20affordable%20housing,"OVER THE RHINE | Low Income Housing | 19 E 15TH ST Cincinnati, OH 45202 ...",housing_directory_or_other_web_source,https://www.affordablehousing411.com/housing/lihtc-details-over-the-rhine-19-e-15th-st-cincinnati-oh-45202/,,,,Outside read via DuckDuckGo: a property-specific source identifies the matched name and location. This outside evidence is used for linkage only; it does not adjudicate the conflicting or repeated unit totals.,2026-08-09,accept,duplicate_or_parallel_financing_records,Accept the provisional linkage as one physical development. Preserve the component HUD records as project episodes. Unit aggregation is a separate unresolved decision.,2026-08-09
213,DEV_OHA20150029,repeated_total_near_year,TEMPLIN-BRADLEY CO. LOFTS,CLEVELAND,OH,2,2015,2015,normalized_name_standardized_primary_address,30,15|30,130093|13093,5700 DETROIT AVE|5700 DETROIT AVENUE,accept,duplicate_or_parallel_financing_records,"Internal HUD read: OHA20150029 (PIS 2015, state ID 130093, units 30); OHA20158117 (PIS 2015, state ID 13093, units 30). Link evidence: normalized_name_standardized_primary_address. Distinct published primary-address strings: 2.",2026-08-09,accept,external_property_identity_consistent,DuckDuckGo,https://html.duckduckgo.com/html/?q=%22TEMPLIN-BRADLEY%20CO.%20LOFTS%22%20%22CLEVELAND%22%20%225700%20DETROIT%20AVE%22%20affordable%20housing,Templin-Bradley Co. Lofts - 5700 Detroit Ave Cleveland OH 44102 ...,housing_directory_or_other_web_source,https://www.apartmentfinder.com/Ohio/Cleveland-Apartments/Templin-Bradley-Co-Lofts-Apartments,"Templin-Bradley Co. Lofts | Cleveland, OH | ForRent.com",housing_directory_or_other_web_source,https://www.forrent.com/oh/cleveland/templin-bradley-co-lofts/9engry7,Outside read via DuckDuckGo: a property-specific source identifies the matched name and location. This outside evidence is used for linkage only; it does not adjudicate the conflicting or repeated unit totals.,2026-08-09,accept,duplicate_or_parallel_financing_records,Accept the provisional linkage as one physical development. Preserve the component HUD records as project episodes. Unit aggregation is a separate unresolved decision.,2026-08-09
214,DEV_PAA00000050,repeated_total_near_year,DAWN RIDGE,CARLISLE,PA,2,2015,2015,normalized_name_identical_multisite_set,58,58,PA1012-1149|TC20130472,79 DAWN RIDGE LOOP|GIANT LN & SAMUELS DR,accept,duplicate_or_parallel_financing_records,"Internal HUD read: PAA00000050 (PIS 8888, state ID PA1012-1149, units 58); PAA20152004 (PIS 2015, state ID TC20130472, units 58). Link evidence: normalized_name_identical_multisite_set. Distinct published primary-address strings: 2.",2026-08-09,accept,external_property_identity_consistent,DuckDuckGo,https://html.duckduckgo.com/html/?q=%22DAWN%20RIDGE%22%20%22CARLISLE%22%20%2279%20DAWN%20RIDGE%20LOOP%22%20affordable%20housing,Dawn Ridge - 79 Dawn Ridge Loop Carlisle PA | Zillow,property_listing_or_public_records,https://www.zillow.com/apartments/carlisle-pa/dawn-ridge/Ch5ZS2/,"Dawn Ridge Apartments - 79 Dawn Ridge Loop Carlisle, PA - Rentable",housing_directory_or_other_web_source,https://www.rentable.co/carlisle-pa/dawn-ridge,Outside read via DuckDuckGo: a property-specific source identifies the matched name and location. This outside evidence is used for linkage only; it does not adjudicate the conflicting or repeated unit totals.,2026-08-09,accept,duplicate_or_parallel_financing_records,Accept the provisional linkage as one physical development. Preserve the component HUD records as project episodes. Unit aggregation is a separate unresolved decision.,2026-08-09
215,DEV_PAA00000138,repeated_total_near_year,LINDLEY COURT,PHILADELPHIA,PA,2,2016,2016,normalized_name_identical_multisite_set,48,48,PA1012-1136|TC20150476,1300 LINDLEY AVE|5017 N 13TH ST,accept,duplicate_or_parallel_financing_records,"Internal HUD read: PAA00000138 (PIS 8888, state ID PA1012-1136, units 48); PAA20161014 (PIS 2016, state ID TC20150476, units 48). Link evidence: normalized_name_identical_multisite_set. Distinct published primary-address strings: 2.",2026-08-09,accept,external_property_identity_consistent,DuckDuckGo,https://html.duckduckgo.com/html/?q=%22LINDLEY%20COURT%22%20%22PHILADELPHIA%22%20%221300%20LINDLEY%20AVE%22%20affordable%20housing,"Lindley Court Senior Apartments 1300 Lindley Ave in Philadelphia, PA ...",housing_directory_or_other_web_source,https://www.affordablehousing.com/philadelphia-pa/lindley-court-senior-apartments-511130/,"LINDLEY COURT | Low Income Housing | 1300 LINDLEY AVE Philadelphia, PA ...",housing_directory_or_other_web_source,https://www.affordablehousing411.com/housing/lihtc-details-lindley-court-1300-lindley-ave-philadelphia-pa-19141/,Outside read via DuckDuckGo: a property-specific source identifies the matched name and location. This outside evidence is used for linkage only; it does not adjudicate the conflicting or repeated unit totals.,2026-08-09,accept,duplicate_or_parallel_financing_records,Accept the provisional linkage as one physical development. Preserve the component HUD records as project episodes. Unit aggregation is a separate unresolved decision.,2026-08-09
216,DEV_PAA20213066,repeated_total_near_year,OAK BOTTOM VILLAGE III,QUARRYVILLE,PA,2,2021,2021,normalized_name_identical_multisite_set,18,18,TC19990047|TC20200111,128 GROFFDALE DR|GROFFDALE DR,accept,duplicate_or_parallel_financing_records,"Internal HUD read: PAA20213066 (PIS 2021, state ID TC20200111, units 18); PAA00000185 (PIS 8888, state ID TC19990047, units 18). Link evidence: normalized_name_identical_multisite_set. Distinct published primary-address strings: 2.",2026-08-09,accept,external_property_identity_consistent,DuckDuckGo,https://html.duckduckgo.com/html/?q=%22OAK%20BOTTOM%20VILLAGE%20III%22%20%22QUARRYVILLE%22%20PA%20housing,Oak Bottom Village Iii - Hud Housing Network,housing_directory_or_other_web_source,https://hudhousingnetwork.com/pa/lancaster/quarryville/low-income-housing-details/37349/oak-bottom-village-iii,"OAK BOTTOM VILLAGE III - QUARRYVILLE, PA | LIHTC Affordable Housing",housing_directory_or_other_web_source,https://affordablehousingnearme.net/property/PAA00000185-oak-bottom-village-iii-groffdale-dr-quarryville-pa,Outside read via DuckDuckGo: a property-specific source identifies the matched name and location. This outside evidence is used for linkage only; it does not adjudicate the conflicting or repeated unit totals.,2026-08-09,accept,duplicate_or_parallel_financing_records,Accept the provisional linkage as one physical development. Preserve the component HUD records as project episodes. Unit aggregation is a separate unresolved decision.,2026-08-09
217,DEV_PAA00000195,repeated_total_near_year,ORCHARD PARK,DUQUESNE,PA,2,2015,2015,normalized_name_identical_multisite_set,44,44,PA1012-1185|TC20130460,1000 CATHERINE ST|ORCHARD PK AVE,accept,duplicate_or_parallel_financing_records,"Internal HUD read: PAA00000195 (PIS 8888, state ID PA1012-1185, units 44); PAA20152022 (PIS 2015, state ID TC20130460, units 44). Link evidence: normalized_name_identical_multisite_set. Distinct published primary-address strings: 2.",2026-08-09,accept,external_property_identity_consistent,DuckDuckGo,https://html.duckduckgo.com/html/?q=%22ORCHARD%20PARK%22%20%22DUQUESNE%22%20%221000%20CATHERINE%20ST%22%20affordable%20housing,"ORCHARD PARK | Low Income Housing | 1000 CATHERINE ST Duquesne, PA ...",housing_directory_or_other_web_source,https://www.affordablehousing411.com/housing/lihtc-details-orchard-park-1000-catherine-st-duquesne-pa-15110/,"Orchard Park in Duquesne, Pennsylvania - PAA00000195",housing_directory_or_other_web_source,https://www.crediohub.com/LIHTC-properties/l/39477/orchard-park-paa00000195,Outside read via DuckDuckGo: a property-specific source identifies the matched name and location. This outside evidence is used for linkage only; it does not adjudicate the conflicting or repeated unit totals.,2026-08-09,accept,duplicate_or_parallel_financing_records,Accept the provisional linkage as one physical development. Preserve the component HUD records as project episodes. Unit aggregation is a separate unresolved decision.,2026-08-09
218,DEV_TNA19880250,repeated_total_near_year,23RD AVE N DUPLEX,NASHVILLE,TN,2,1988,1988,normalized_name_standardized_primary_address,2,2,TN-88-020|TN-88-021,1408 23RD AVE N,accept,duplicate_or_parallel_financing_records,"Internal HUD read: TNA19880250 (PIS 1988, state ID TN-88-020, units 2); TNA19880847 (PIS 1988, state ID TN-88-021, units 2). Link evidence: normalized_name_standardized_primary_address. Distinct published primary-address strings: 1.",2026-08-09,accept,external_property_identity_consistent,DuckDuckGo,https://html.duckduckgo.com/html/?q=%2223RD%20AVE%20N%20DUPLEX%22%20%22NASHVILLE%22%20%221408%2023RD%20AVE%20N%22%20affordable%20housing,"23rd Ave N Duplex - Affordable Housing in Nashville, TN | Section 8 Search",housing_directory_or_other_web_source,https://section8search.org/tennessee/nashville/23rd-ave-n-duplex/wylvi8g5xef6zsyzdafsowc0,"23rd Ave N Duplex - Affordable Housing in Nashville, TN | Section 8 Search",housing_directory_or_other_web_source,https://section8search.org/tennessee/nashville/23rd-ave-n-duplex/ul6e26w4jubrgrus0griheb7,Outside read via DuckDuckGo: a property-specific source identifies the matched name and location. This outside evidence is used for linkage only; it does not adjudicate the conflicting or repeated unit totals.,2026-08-09,accept,duplicate_or_parallel_financing_records,Accept the provisional linkage as one physical development. Preserve the component HUD records as project episodes. Unit aggregation is a separate unresolved decision.,2026-08-09
219,DEV_TXA19870140,repeated_total_near_year,BRAZORIA MANOR,BRAZORIA,TX,2,1987,1987,normalized_name_identical_multisite_set+normalized_name_standardized_primary_address,56,56,TX0568|TX6353,301 YERBY ST,accept,duplicate_or_parallel_financing_records,"Internal HUD read: TXA19870140 (PIS 1987, state ID TX6353, units 56); TXA00000999 (PIS 8888, state ID TX0568, units 56). Link evidence: normalized_name_identical_multisite_set+normalized_name_standardized_primary_address. Distinct published primary-address strings: 1.",2026-08-09,accept,external_property_identity_consistent,DuckDuckGo,https://html.duckduckgo.com/html/?q=%22BRAZORIA%20MANOR%22%20%22BRAZORIA%22%20%22301%20YERBY%20ST%22%20affordable%20housing,"Brazoria Manor Apartments - 301 Yerby St Brazoria, TX 77422 ...",property_listing_or_public_records,https://www.apartments.com/brazoria-manor-apartments-brazoria-tx/5dqny0m/,"BRAZORIA MANOR | Low Income Housing | 301 YERBY ST Brazoria, TX 77422 ...",housing_directory_or_other_web_source,https://www.affordablehousing411.com/housing/lihtc-details-brazoria-manor-301-yerby-st-brazoria-tx-77422/,Outside read via DuckDuckGo: a property-specific source identifies the matched name and location. This outside evidence is used for linkage only; it does not adjudicate the conflicting or repeated unit totals.,2026-08-09,accept,duplicate_or_parallel_financing_records,Accept the provisional linkage as one physical development. Preserve the component HUD records as project episodes. Unit aggregation is a separate unresolved decision.,2026-08-09
220,DEV_TXA20145023,repeated_total_near_year,DECKER PLACE,MARSHALL,TX,2,2014,2015,normalized_name_standardized_primary_address,64,64,TX4982,2500 E END BLVD S,accept,duplicate_or_parallel_financing_records,"Internal HUD read: TXA20145023 (PIS 2014, state ID TX4982, units 64); TXA20157573 (PIS 2015, state ID TX4982, units 64). Link evidence: normalized_name_standardized_primary_address. Distinct published primary-address strings: 1.",2026-08-09,accept,external_property_identity_consistent,DuckDuckGo,https://html.duckduckgo.com/html/?q=%22DECKER%20PLACE%22%20%22MARSHALL%22%20%222500%20E%20END%20BLVD%20S%22%20affordable%20housing,Decker Place - UsLowCostHousing,housing_directory_or_other_web_source,https://sec8.uslowcosthousing.com/state/tx/marshall/decker-place-44021/,Decker Place - UsLowCostHousing,housing_directory_or_other_web_source,https://sec8.uslowcosthousing.com/state/tx/marshall/decker-place-44020/,Outside read via DuckDuckGo: a property-specific source identifies the matched name and location. This outside evidence is used for linkage only; it does not adjudicate the conflicting or repeated unit totals.,2026-08-09,accept,duplicate_or_parallel_financing_records,Accept the provisional linkage as one physical development. Preserve the component HUD records as project episodes. Unit aggregation is a separate unresolved decision.,2026-08-09
221,DEV_UTA19920020,repeated_total_near_year,MARION HOTEL,OGDEN,UT,2,1992,1993,normalized_name_identical_multisite_set+normalized_name_standardized_primary_address,86,86,1992-01,184 25TH ST|184 25TH STREET,accept,duplicate_or_parallel_financing_records,"Internal HUD read: UTA19920020 (PIS 1992, state ID 1992-01, units 86); UTA19939001 (PIS 1993, state ID 1992-01, units 86). Link evidence: normalized_name_identical_multisite_set+normalized_name_standardized_primary_address. Distinct published primary-address strings: 2.",2026-08-09,accept,external_property_identity_consistent,DuckDuckGo,https://html.duckduckgo.com/html/?q=%22MARION%20HOTEL%22%20%22OGDEN%22%20%22184%2025TH%20ST%22%20affordable%20housing,"MARION HOTEL | Low Income Housing | 184 25TH ST Ogden, UT 84401 ...",housing_directory_or_other_web_source,https://www.affordablehousing411.com/housing/lihtc-details-marion-hotel-184-25th-st-ogden-ut-84401/,"Marion Hotel in Ogden, Utah - UTA19920020 - crediohub.com",housing_directory_or_other_web_source,https://www.crediohub.com/LIHTC-properties/l/46955/marion-hotel-uta19920020,Outside read via DuckDuckGo: a property-specific source identifies the matched name and location. This outside evidence is used for linkage only; it does not adjudicate the conflicting or repeated unit totals.,2026-08-09,accept,duplicate_or_parallel_financing_records,Accept the provisional linkage as one physical development. Preserve the component HUD records as project episodes. Unit aggregation is a separate unresolved decision.,2026-08-09
222,DEV_WAA20125001,repeated_total_near_year,ADAMS VIEW,WAPATO,WA,2,2012,2013,normalized_name_identical_multisite_set,68,68,10-28|WA-11-00327,330 NUKSHAY|330 NUKSHAY DR,accept,duplicate_or_parallel_financing_records,"Internal HUD read: WAA20125001 (PIS 2012, state ID 10-28, units 68); WAA20130021 (PIS 2013, state ID WA-11-00327, units 68). Link evidence: normalized_name_identical_multisite_set. Distinct published primary-address strings: 2.",2026-08-09,accept,external_property_identity_consistent,DuckDuckGo,https://html.duckduckgo.com/html/?q=%22ADAMS%20VIEW%22%20%22WAPATO%22%20%22330%20NUKSHAY%22%20affordable%20housing,"Adams View - Affordable Housing in Wapato, WA | Section 8 Search",housing_directory_or_other_web_source,https://section8search.org/washington/wapato/adams-view/k1gvaeo6h9vs9z6b3hczop6r,"ADAMS VIEW | Low Income Housing | 330 NUKSHAY DR Wapato, WA 98951 ...",housing_directory_or_other_web_source,https://www.affordablehousing411.com/housing/lihtc-details-adams-view-330-nukshay-dr-wapato-wa-98951/,Outside read via DuckDuckGo: a property-specific source identifies the matched name and location. This outside evidence is used for linkage only; it does not adjudicate the conflicting or repeated unit totals.,2026-08-09,accept,duplicate_or_parallel_financing_records,Accept the provisional linkage as one physical development. Preserve the component HUD records as project episodes. Unit aggregation is a separate unresolved decision.,2026-08-09
223,DEV_WAA19980005,repeated_total_near_year,AKI KUROSE VILLAGE (STONE VIEW),SEATTLE,WA,2,1998,1998,normalized_name_standardized_primary_address,26,25,96-35W|WA-96-00173,11500 STONE AVENUE N,accept,duplicate_or_parallel_financing_records,"Internal HUD read: WAA19989246 (PIS 1998, state ID 96-35W, units 26); WAA19980005 (PIS 1998, state ID WA-96-00173, units 26). Link evidence: normalized_name_standardized_primary_address. Distinct published primary-address strings: 1.",2026-08-09,accept,external_property_identity_consistent,Browser + web search,https://html.duckduckgo.com/html/?q=%22AKI%20KUROSE%20VILLAGE%20(STONE%20VIEW)%22%20%22SEATTLE%22%20WA%20housing,Aki Kurose Village (Stone View),housing_directory_or_other_web_source,https://affordablehousinghub.org/housing/washington/king-county/seattle/aki-kurose-village-stone-view-55764-lihtc,Housing Seattle,official_public,https://www.seattle.gov/documents/departments/seattleplanningcommission/housingseattlereport/housingseattleweb.pdf,The outside sources identify Aki Kurose Village at 11500 Stone Avenue North as one 26-unit affordable development.,2026-08-09,accept,duplicate_or_parallel_financing_records,Accept the provisional linkage as one physical development. Preserve the component HUD records as project episodes. Unit aggregation is a separate unresolved decision.,2026-08-09
224,DEV_WAA20100811,repeated_total_near_year,COMPASS CENTER RENTON LUTHERAN REGIONAL VETERANS' PROGRAM,RENTON,WA,2,2010,2010,normalized_name_identical_multisite_set,59,58|59,08-21|WA-08-00109,419 S SECOND ST|419 SOUTH 2ND ST,accept,duplicate_or_parallel_financing_records,"Internal HUD read: WAA20100811 (PIS 2010, state ID WA-08-00109, units 59); WAA20106005 (PIS 2010, state ID 08-21, units 59). Link evidence: normalized_name_identical_multisite_set. Distinct published primary-address strings: 2.",2026-08-09,accept,external_property_identity_consistent,DuckDuckGo,https://html.duckduckgo.com/html/?q=%22COMPASS%20CENTER%20RENTON%20LUTHERAN%20REGIONAL%20VETERANS'%20PROGRAM%22%20%22RENTON%22%20%22419%20S%20SECOND%20ST%22%20affordable%20housing,Compass Center Renton Lutheran Regional Veterans' Program,housing_directory_or_other_web_source,https://www.affordablehousing411.com/housing/lihtc-details-compass-center-renton-lutheran-regional-veterans-program-419-s-second-st-renton-wa-98057/,,,,Outside read via DuckDuckGo: a property-specific source identifies the matched name and location. This outside evidence is used for linkage only; it does not adjudicate the conflicting or repeated unit totals.,2026-08-09,accept,duplicate_or_parallel_financing_records,Accept the provisional linkage as one physical development. Preserve the component HUD records as project episodes. Unit aggregation is a separate unresolved decision.,2026-08-09
225,DEV_WAA19990090,repeated_total_near_year,DOROTHY DAY RESIDENCE,SEATTLE,WA,2,1999,1999,normalized_name_standardized_primary_address,41,41,97-45R|WA-97-00051,106 BELL ST|106 BELL STREET,accept,duplicate_or_parallel_financing_records,"Internal HUD read: WAA19999501 (PIS 1999, state ID 97-45R, units 41); WAA19990090 (PIS 1999, state ID WA-97-00051, units 41). Link evidence: normalized_name_standardized_primary_address. Distinct published primary-address strings: 2.",2026-08-09,accept,external_property_identity_consistent,DuckDuckGo,https://html.duckduckgo.com/html/?q=%22DOROTHY%20DAY%20RESIDENCE%22%20%22SEATTLE%22%20%22106%20BELL%20ST%22%20affordable%20housing,"Section 8 Accepted at Dorothy Day Residence 106 Bell St, Seattle , WA 98121",housing_directory_or_other_web_source,https://hellosection8.com/overview-id-1281636.html,,,,Outside read via DuckDuckGo: a property-specific source identifies the matched name and location. This outside evidence is used for linkage only; it does not adjudicate the conflicting or repeated unit totals.,2026-08-09,accept,duplicate_or_parallel_financing_records,Accept the provisional linkage as one physical development. Preserve the component HUD records as project episodes. Unit aggregation is a separate unresolved decision.,2026-08-09
226,DEV_WAA19960055,repeated_total_near_year,HAMPTON HEIGHTS APARTMENTS,TUKWILA,WA,2,1996,1996,normalized_name_standardized_primary_address,114,113,95-50A|WA-95-00025,5711 S 152ND ST,accept,duplicate_or_parallel_financing_records,"Internal HUD read: WAA19969201 (PIS 1996, state ID 95-50A, units 114); WAA19960055 (PIS 1996, state ID WA-95-00025, units 114). Link evidence: normalized_name_standardized_primary_address. Distinct published primary-address strings: 1.",2026-08-09,accept,external_property_identity_consistent,DuckDuckGo,https://html.duckduckgo.com/html/?q=%22HAMPTON%20HEIGHTS%20APARTMENTS%22%20%22TUKWILA%22%20%225711%20S%20152ND%20ST%22%20affordable%20housing,"Hampton Heights Apartments - 5711 S 152nd St Tukwila, WA 98188 ...",property_listing_or_public_records,https://www.apartments.com/hampton-heights-apartments-tukwila-wa/0tj0fd0/,HAMPTON HEIGHTS APARTMENTS | Low Income Housing | 5711 S 152ND ST ...,housing_directory_or_other_web_source,https://www.affordablehousing411.com/housing/lihtc-details-hampton-heights-apartments-5711-s-152nd-st-tukwila-wa-98188/,Outside read via DuckDuckGo: a property-specific source identifies the matched name and location. This outside evidence is used for linkage only; it does not adjudicate the conflicting or repeated unit totals.,2026-08-09,accept,duplicate_or_parallel_financing_records,Accept the provisional linkage as one physical development. Preserve the component HUD records as project episodes. Unit aggregation is a separate unresolved decision.,2026-08-09
227,DEV_WAA19950145,repeated_total_near_year,L & S THE HIGHLANDS,COLVILLE,WA,2,1995,1995,normalized_name_standardized_primary_address,36,35|36,95-23B,542 S SUMMIT ST|542 S SUMMIT ST.,accept,duplicate_or_parallel_financing_records,"Internal HUD read: WAA19950145 (PIS 1995, state ID 95-23B, units 36); WAA19959034 (PIS 1995, state ID 95-23B, units 36). Link evidence: normalized_name_standardized_primary_address. Distinct published primary-address strings: 2.",2026-08-09,accept,external_property_identity_consistent,DuckDuckGo,https://html.duckduckgo.com/html/?q=%22L%20%26%20S%20THE%20HIGHLANDS%22%20%22COLVILLE%22%20%22542%20S%20SUMMIT%20ST%22%20affordable%20housing,"L & S The Highlands - Affordable Housing in Colville, WA | Section 8 Search",housing_directory_or_other_web_source,https://section8search.org/washington/colville/l-s-the-highlands/ghlubix86kqr1o5g54k1mcub,"L & S THE HIGHLANDS | Low Income Housing | 542 S SUMMIT ST Colville, WA ...",housing_directory_or_other_web_source,https://www.affordablehousing411.com/housing/lihtc-details-l-s-the-highlands-542-s-summit-st-colville-wa-99114/,Outside read via DuckDuckGo: a property-specific source identifies the matched name and location. This outside evidence is used for linkage only; it does not adjudicate the conflicting or repeated unit totals.,2026-08-09,accept,duplicate_or_parallel_financing_records,Accept the provisional linkage as one physical development. Preserve the component HUD records as project episodes. Unit aggregation is a separate unresolved decision.,2026-08-09
228,DEV_WAA20040120,repeated_total_near_year,LEWIS & CLARK PLAZA,VANCOUVER,WA,2,2004,2005,normalized_name_standardized_primary_address,46,46,02-46|WA-02-00323,621 BROADWAY ST|621 BROADWAY ST.,accept,duplicate_or_parallel_financing_records,"Internal HUD read: WAA20040120 (PIS 2004, state ID WA-02-00323, units 46); WAA20059062 (PIS 2005, state ID 02-46, units 46). Link evidence: normalized_name_standardized_primary_address. Distinct published primary-address strings: 2.",2026-08-09,accept,external_property_identity_consistent,DuckDuckGo,https://html.duckduckgo.com/html/?q=%22LEWIS%20%26%20CLARK%20PLAZA%22%20%22VANCOUVER%22%20%22621%20BROADWAY%20ST%22%20affordable%20housing,Lewis & Clark Plaza - UsLowCostHousing,housing_directory_or_other_web_source,https://sec8.uslowcosthousing.com/state/wa/vancouver/lewis-clark-plaza-47931/,LEWIS & CLARK PLAZA | Low Income Housing | 621 BROADWAY ST Vancouver ...,housing_directory_or_other_web_source,https://www.affordablehousing411.com/housing/lihtc-details-lewis-clark-plaza-621-broadway-st-vancouver-wa-98660/,Outside read via DuckDuckGo: a property-specific source identifies the matched name and location. This outside evidence is used for linkage only; it does not adjudicate the conflicting or repeated unit totals.,2026-08-09,accept,duplicate_or_parallel_financing_records,Accept the provisional linkage as one physical development. Preserve the component HUD records as project episodes. Unit aggregation is a separate unresolved decision.,2026-08-09
229,DEV_WAA20060125,repeated_total_near_year,NOOKSACK HOMES II,DEMING,WA,2,2006,2006,normalized_name_standardized_primary_address,24,24,05-09|WA-05-00122,5912 EDITH DR|5912 EDITH DRIVE,accept,duplicate_or_parallel_financing_records,"Internal HUD read: WAA20060125 (PIS 2006, state ID WA-05-00122, units 24); WAA20069362 (PIS 2006, state ID 05-09, units 24). Link evidence: normalized_name_standardized_primary_address. Distinct published primary-address strings: 2.",2026-08-09,accept,external_property_identity_consistent,DuckDuckGo,https://html.duckduckgo.com/html/?q=%22NOOKSACK%20HOMES%20II%22%20%22DEMING%22%20%225912%20EDITH%20DR%22%20affordable%20housing,"NOOKSACK HOMES II | Low Income Housing | 5912 EDITH DR Deming, WA 98244 ...",housing_directory_or_other_web_source,https://www.affordablehousing411.com/housing/lihtc-details-nooksack-homes-ii-5912-edith-dr-deming-wa-98244/,,,,Outside read via DuckDuckGo: a property-specific source identifies the matched name and location. This outside evidence is used for linkage only; it does not adjudicate the conflicting or repeated unit totals.,2026-08-09,accept,duplicate_or_parallel_financing_records,Accept the provisional linkage as one physical development. Preserve the component HUD records as project episodes. Unit aggregation is a separate unresolved decision.,2026-08-09
230,DEV_WAA20130026,repeated_total_near_year,PHYLLIS GUTIERREZ KENNEY PLACE & BRETTLER FAMILY PLACE 3,SEATTLE,WA,2,2013,2014,normalized_name_standardized_primary_address,54,54,12-29|WA-12-00001,6818 62ND AVE NE|6818 62ND AVENUE NE,accept,duplicate_or_parallel_financing_records,"Internal HUD read: WAA20130026 (PIS 2013, state ID WA-12-00001, units 54); WAA20146019 (PIS 2014, state ID 12-29, units 54). Link evidence: normalized_name_standardized_primary_address. Distinct published primary-address strings: 2.",2026-08-09,accept,external_property_identity_consistent,DuckDuckGo,https://html.duckduckgo.com/html/?q=%22PHYLLIS%20GUTIERREZ%20KENNEY%20PLACE%20%26%20BRETTLER%20FAMILY%20PLACE%203%22%20%22SEATTLE%22%20%226818%2062ND%20AVE%20NE%22%20affordable%20housing,Phyllis Gutierrez Kenney Place & Brettler Family Place 3,housing_directory_or_other_web_source,https://www.affordablehousing411.com/housing/lihtc-details-phyllis-gutierrez-kenney-place-brettler-family-place-3-6818-62nd-ave-ne-seattle-wa-98115/,,,,Outside read via DuckDuckGo: a property-specific source identifies the matched name and location. This outside evidence is used for linkage only; it does not adjudicate the conflicting or repeated unit totals.,2026-08-09,accept,duplicate_or_parallel_financing_records,Accept the provisional linkage as one physical development. Preserve the component HUD records as project episodes. Unit aggregation is a separate unresolved decision.,2026-08-09
231,DEV_WAA19960135,repeated_total_near_year,PIONEER PARK,CONNELL,WA,2,1996,1997,normalized_name_standardized_primary_address,51,50,94-32B|WA-94-00065,401 EAST ELM,accept,duplicate_or_parallel_financing_records,"Internal HUD read: WAA19960135 (PIS 1996, state ID WA-94-00065, units 51); WAA19979246 (PIS 1997, state ID 94-32B, units 51). Link evidence: normalized_name_standardized_primary_address. Distinct published primary-address strings: 1.",2026-08-09,accept,external_property_identity_consistent,DuckDuckGo,https://html.duckduckgo.com/html/?q=%22PIONEER%20PARK%22%20%22CONNELL%22%20%22401%20EAST%20ELM%22%20affordable%20housing,"PIONEER PARK | Low Income Housing | 401 EAST ELM Connell, WA 99326 ...",housing_directory_or_other_web_source,https://www.affordablehousing411.com/housing/lihtc-details-pioneer-park-401-east-elm-connell-wa-99326/,"Affordable Housing in Connell, WA: PIONEER PARK - Section 8 Search",housing_directory_or_other_web_source,https://section8search.org/washington/connell/pioneer-park/raqjgpephygzs7yzdpm2mil2,Outside read via DuckDuckGo: a property-specific source identifies the matched name and location. This outside evidence is used for linkage only; it does not adjudicate the conflicting or repeated unit totals.,2026-08-09,accept,duplicate_or_parallel_financing_records,Accept the provisional linkage as one physical development. Preserve the component HUD records as project episodes. Unit aggregation is a separate unresolved decision.,2026-08-09
232,DEV_WAA19950105,repeated_total_near_year,SUNCREST VILLAGE,SEQUIM,WA,2,1995,1995,normalized_name_identical_multisite_set,37,36|37,94-32L|WA-94-00169,251 S 5TH AVE|251 S FIFTH AVE,accept,duplicate_or_parallel_financing_records,"Internal HUD read: WAA19950105 (PIS 1995, state ID WA-94-00169, units 37); WAA19959040 (PIS 1995, state ID 94-32L, units 37). Link evidence: normalized_name_identical_multisite_set. Distinct published primary-address strings: 2.",2026-08-09,accept,external_property_identity_consistent,DuckDuckGo,https://html.duckduckgo.com/html/?q=%22SUNCREST%20VILLAGE%22%20%22SEQUIM%22%20%22251%20S%205TH%20AVE%22%20affordable%20housing,"Suncrest Village 251 S 5Th Ave in Sequim, WA 98382",housing_directory_or_other_web_source,https://www.affordablehousing.com/sequim-wa/suncrest-village-496610/,"SUNCREST VILLAGE | Low Income Housing | 251 S 5TH AVE Sequim, WA 98382 ...",housing_directory_or_other_web_source,https://www.affordablehousing411.com/housing/lihtc-details-suncrest-village-251-s-5th-ave-sequim-wa-98382/,Outside read via DuckDuckGo: a property-specific source identifies the matched name and location. This outside evidence is used for linkage only; it does not adjudicate the conflicting or repeated unit totals.,2026-08-09,accept,duplicate_or_parallel_financing_records,Accept the provisional linkage as one physical development. Preserve the component HUD records as project episodes. Unit aggregation is a separate unresolved decision.,2026-08-09
233,DEV_WAA19940140,repeated_total_near_year,WINTONIA HOTEL,SEATTLE,WA,2,1994,1994,normalized_name_standardized_primary_address,92,92,92-06FF|WA-92-00025,1431 MINOR AVE,accept,duplicate_or_parallel_financing_records,"Internal HUD read: WAA19949156 (PIS 1994, state ID 92-06FF, units 92); WAA19940140 (PIS 1994, state ID WA-92-00025, units 92). Link evidence: normalized_name_standardized_primary_address. Distinct published primary-address strings: 1.",2026-08-09,accept,external_property_identity_consistent,DuckDuckGo,https://html.duckduckgo.com/html/?q=%22WINTONIA%20HOTEL%22%20%22SEATTLE%22%20%221431%20MINOR%20AVE%22%20affordable%20housing,"WINTONIA HOTEL | Low Income Housing | 1431 MINOR AVE Seattle, WA 98101 ...",housing_directory_or_other_web_source,https://www.affordablehousing411.com/housing/lihtc-details-wintonia-hotel-1431-minor-ave-seattle-wa-98101/,"Wintonia Hotel in Seattle, Washington - WAA19940140",housing_directory_or_other_web_source,https://www.crediohub.com/LIHTC-properties/l/49193/wintonia-hotel-waa19940140,Outside read via DuckDuckGo: a property-specific source identifies the matched name and location. This outside evidence is used for linkage only; it does not adjudicate the conflicting or repeated unit totals.,2026-08-09,accept,duplicate_or_parallel_financing_records,Accept the provisional linkage as one physical development. Preserve the component HUD records as project episodes. Unit aggregation is a separate unresolved decision.,2026-08-09
234,DEV_ALA20150006,unresolved_component_or_changed_totals,JOHN ENGLAND MANOR,TUSCALOOSA,AL,2,2015,2015,normalized_name_identical_multisite_set+normalized_name_standardized_primary_address,35|6,32|6,89075-TC|90050-TC,1901 DINAH WASHINGTON AVE,accept,same_property_changed_or_component_totals,"Internal HUD read: ALA20150006 (PIS 2015, state ID 90050-TC, units 6); ALA20150008 (PIS 2015, state ID 89075-TC, units 35). Link evidence: normalized_name_identical_multisite_set+normalized_name_standardized_primary_address. Distinct published primary-address strings: 1.",2026-08-09,accept,external_property_identity_consistent,DuckDuckGo,https://html.duckduckgo.com/html/?q=%22JOHN%20ENGLAND%20MANOR%22%20%22TUSCALOOSA%22%20%221901%20DINAH%20WASHINGTON%20AVE%22%20affordable%20housing,"John England Manor - Affordable Housing in Tuscaloosa, AL | Section 8 ...",housing_directory_or_other_web_source,https://section8search.org/alabama/tuscaloosa/john-england-manor/wzlkmxoa5c0ty24jd6ndb297,"John England Manor in Tuscaloosa, Alabama - LIHTC Year-15 Expiration ...",housing_directory_or_other_web_source,https://www.fairhousinghub.com/property/al-tuscaloosa-john-england-manor,Outside read via DuckDuckGo: a property-specific source identifies the matched name and location. This outside evidence is used for linkage only; it does not adjudicate the conflicting or repeated unit totals.,2026-08-09,accept,same_property_changed_or_component_totals,Accept the provisional linkage as one physical development. Preserve the component HUD records as project episodes. Unit aggregation is a separate unresolved decision.,2026-08-09
235,DEV_AZA19900025,unresolved_component_or_changed_totals,RAINBOW LAKE APTS,LAKESIDE,AZ,2,1990,2011,normalized_name_standardized_primary_address,35|36,35|36,TC-0480,1921 RAINBOW LAKE PL,accept,same_property_changed_or_component_totals,"Internal HUD read: AZA19900025 (PIS 1990, state ID TC-0480, units 35); AZA20119036 (PIS 2011, state ID TC-0480, units 36). Link evidence: normalized_name_standardized_primary_address. Distinct published primary-address strings: 1.",2026-08-09,accept,external_property_identity_consistent,DuckDuckGo,https://html.duckduckgo.com/html/?q=%22RAINBOW%20LAKE%20APTS%22%20%22LAKESIDE%22%20%221921%20RAINBOW%20LAKE%20PL%22%20affordable%20housing,RAINBOW LAKE APTS | Low Income Housing | 1921 RAINBOW LAKE PL Lakeside ...,housing_directory_or_other_web_source,https://www.affordablehousing411.com/housing/lihtc-details-rainbow-lake-apts-1921-rainbow-lake-pl-lakeside-az-85929/,"Rainbow Lake Apts in Lakeside, Arizona - AZA19900025",housing_directory_or_other_web_source,https://www.crediohub.com/LIHTC-properties/l/1892/rainbow-lake-apts-aza19900025,Outside read via DuckDuckGo: a property-specific source identifies the matched name and location. This outside evidence is used for linkage only; it does not adjudicate the conflicting or repeated unit totals.,2026-08-09,accept,same_property_changed_or_component_totals,Accept the provisional linkage as one physical development. Preserve the component HUD records as project episodes. Unit aggregation is a separate unresolved decision.,2026-08-09
236,DEV_CAA20141044,unresolved_component_or_changed_totals,KINGS RIVER COMMONS,REEDLEY,CA,2,2014,2014,normalized_name_standardized_primary_address,59|60,59,CA-13-012,2020 E DINUBA AVE|2020 E. DINUBA AVENUE,accept,same_property_changed_or_component_totals,"Internal HUD read: CAA20141044 (PIS 2014, state ID CA-13-012, units 59); CAA20147488 (PIS 2014, state ID CA-13-012, units 60). Link evidence: normalized_name_standardized_primary_address. Distinct published primary-address strings: 2.",2026-08-09,accept,external_property_identity_consistent,DuckDuckGo,https://html.duckduckgo.com/html/?q=%22KINGS%20RIVER%20COMMONS%22%20%22REEDLEY%22%20%222020%20E%20DINUBA%20AVE%22%20affordable%20housing,KINGS RIVER COMMONS | Low Income Housing | 2020 E DINUBA AVE Reedley ...,housing_directory_or_other_web_source,https://www.affordablehousing411.com/housing/lihtc-details-kings-river-commons-2020-e-dinuba-ave-reedley-ca-93654/,"Kings River Commons - 2020 E Dinuba Ave Reedley, CA 93654 | Apartments.com",property_listing_or_public_records,https://www.apartments.com/kings-river-commons-reedley-ca/fqrvndr/,Outside read via DuckDuckGo: a property-specific source identifies the matched name and location. This outside evidence is used for linkage only; it does not adjudicate the conflicting or repeated unit totals.,2026-08-09,accept,same_property_changed_or_component_totals,Accept the provisional linkage as one physical development. Preserve the component HUD records as project episodes. Unit aggregation is a separate unresolved decision.,2026-08-09
237,DEV_CAA19880285,unresolved_component_or_changed_totals,NOBLE CREEK APTS,BEAUMONT,CA,2,1988,2005,normalized_name_identical_multisite_set,108|54,107|54,CA-04-913|CA-88-017,755 XENIA AVE|775 XENIA AVE,accept,same_property_changed_or_component_totals,"Internal HUD read: CAA19880285 (PIS 1988, state ID CA-88-017, units 54); CAA20050737 (PIS 2005, state ID CA-04-913, units 108). Link evidence: normalized_name_identical_multisite_set. Distinct published primary-address strings: 2.",2026-08-09,accept,external_property_identity_consistent,DuckDuckGo,https://html.duckduckgo.com/html/?q=%22NOBLE%20CREEK%20APTS%22%20%22BEAUMONT%22%20%22755%20XENIA%20AVE%22%20affordable%20housing,"NOBLE CREEK APTS | Low Income Housing | 755 XENIA AVE Beaumont, CA ...",housing_directory_or_other_web_source,https://www.affordablehousing411.com/housing/lihtc-details-noble-creek-apts-755-xenia-ave-beaumont-ca-92223/,"NOBLE CREEK APTS | USDA Rural Housing | 755 XENIA AVE. Beaumont, CA ...",housing_directory_or_other_web_source,https://www.affordablehousing411.com/housing/usda-housing-details-noble-creek-apts-755-xenia-ave-beaumont-ca-92223/,Outside read via DuckDuckGo: a property-specific source identifies the matched name and location. This outside evidence is used for linkage only; it does not adjudicate the conflicting or repeated unit totals.,2026-08-09,accept,same_property_changed_or_component_totals,Accept the provisional linkage as one physical development. Preserve the component HUD records as project episodes. Unit aggregation is a separate unresolved decision.,2026-08-09
238,DEV_CAA20141065,unresolved_component_or_changed_totals,RAMONA ESTATES,COMPTON,CA,2,2014,2014,normalized_name_standardized_primary_address,59|60,59,CA-13-877|CA-13-977,1935 E 122ND ST|1935 E. 122ND STREET,accept,same_property_changed_or_component_totals,"Internal HUD read: CAA20141065 (PIS 2014, state ID CA-13-877, units 60); CAA20147499 (PIS 2014, state ID CA-13-977, units 59). Link evidence: normalized_name_standardized_primary_address. Distinct published primary-address strings: 2.",2026-08-09,accept,external_property_identity_consistent,DuckDuckGo,https://html.duckduckgo.com/html/?q=%22RAMONA%20ESTATES%22%20%22COMPTON%22%20%221935%20E%20122ND%20ST%22%20affordable%20housing,"RAMONA ESTATES | Multifamily Housing | 1935 E 122ND ST Compton, CA ...",housing_directory_or_other_web_source,https://www.affordablehousing411.com/housing/multifamily-housing-details-ramona-estates-1935-e-122nd-st-compton-ca-90222/,"Ramona Estates - 1935 E 122nd St Compton, CA 90222 | Apartments.com",property_listing_or_public_records,https://www.apartments.com/ramona-estates-compton-ca/dvqg6zk/,Outside read via DuckDuckGo: a property-specific source identifies the matched name and location. This outside evidence is used for linkage only; it does not adjudicate the conflicting or repeated unit totals.,2026-08-09,accept,same_property_changed_or_component_totals,Accept the provisional linkage as one physical development. Preserve the component HUD records as project episodes. Unit aggregation is a separate unresolved decision.,2026-08-09
239,DEV_CAA20141084,unresolved_component_or_changed_totals,SUNNYLANE VILLAGE,BAKERSFIELD,CA,2,2014,2014,normalized_name_standardized_primary_address,41|42,39,CA-13-167,2601 SUNNY LANE|2601 SUNNY LN,accept,same_property_changed_or_component_totals,"Internal HUD read: CAA20141084 (PIS 2014, state ID CA-13-167, units 42); CAA20147507 (PIS 2014, state ID CA-13-167, units 41). Link evidence: normalized_name_standardized_primary_address. Distinct published primary-address strings: 2.",2026-08-09,accept,external_property_identity_consistent,DuckDuckGo,https://html.duckduckgo.com/html/?q=%22SUNNYLANE%20VILLAGE%22%20%22BAKERSFIELD%22%20%222601%20SUNNY%20LANE%22%20affordable%20housing,SUNNYLANE VILLAGE | Low Income Housing | 2601 SUNNY LANE Bakersfield ...,housing_directory_or_other_web_source,https://www.affordablehousing411.com/housing/lihtc-details-sunnylane-village-2601-sunny-lane-bakersfield-ca-93305/,Sunnylane Village - UsLowCostHousing,housing_directory_or_other_web_source,https://sec8.uslowcosthousing.com/state/ca/bakersfield/sunnylane-village-2805/,Outside read via DuckDuckGo: a property-specific source identifies the matched name and location. This outside evidence is used for linkage only; it does not adjudicate the conflicting or repeated unit totals.,2026-08-09,accept,same_property_changed_or_component_totals,Accept the provisional linkage as one physical development. Preserve the component HUD records as project episodes. Unit aggregation is a separate unresolved decision.,2026-08-09
240,DEV_CAA19990715,unresolved_component_or_changed_totals,WEST CAPITOL COURTYARDS II,WEST SACRAMENTO,CA,2,1999,2015,normalized_name_standardized_primary_address,74|75,74,CA-13-124|CA-98-918,2455 W CAPITOL AVE|2455 WEST CAPITOL AVENUE,accept,same_property_changed_or_component_totals,"Internal HUD read: CAA19990715 (PIS 1999, state ID CA-98-918, units 74); CAA20150097 (PIS 2015, state ID CA-13-124, units 75). Link evidence: normalized_name_standardized_primary_address. Distinct published primary-address strings: 2.",2026-08-09,accept,external_property_identity_consistent,DuckDuckGo,https://html.duckduckgo.com/html/?q=%22WEST%20CAPITOL%20COURTYARDS%20II%22%20%22WEST%20SACRAMENTO%22%20%222455%20W%20CAPITOL%20AVE%22%20affordable%20housing,WEST CAPITOL COURTYARDS II | Low Income Housing | 2455 W CAPITOL AVE ...,housing_directory_or_other_web_source,https://www.affordablehousing411.com/housing/lihtc-details-west-capitol-courtyards-ii-2455-w-capitol-ave-west-sacramento-ca-95691/,,,,Outside read via DuckDuckGo: a property-specific source identifies the matched name and location. This outside evidence is used for linkage only; it does not adjudicate the conflicting or repeated unit totals.,2026-08-09,accept,same_property_changed_or_component_totals,Accept the provisional linkage as one physical development. Preserve the component HUD records as project episodes. Unit aggregation is a separate unresolved decision.,2026-08-09
241,DEV_CTA20150001,unresolved_component_or_changed_totals,AUGUSTANA HOMES,BRIDGEPORT,CT,2,2015,2015,normalized_name_standardized_primary_address,186|325,184|325,13-003-T4|TEMP194,525 PALISADE AVE|525 PALISADE AVENUE,accept,same_property_changed_or_component_totals,"Internal HUD read: CTA20150001 (PIS 2015, state ID 13-003-T4, units 186); CTA00000009 (PIS 8888, state ID TEMP194, units 325). Link evidence: normalized_name_standardized_primary_address. Distinct published primary-address strings: 2.",2026-08-09,accept,external_property_identity_consistent,DuckDuckGo,https://html.duckduckgo.com/html/?q=%22AUGUSTANA%20HOMES%22%20%22BRIDGEPORT%22%20%22525%20PALISADE%20AVE%22%20affordable%20housing,Augustana Homes - Bridgeport Aka Bishop Curtis Hms,housing_press,https://affordablehousingonline.com/housing-search/Connecticut/Bridgeport/Augustana-Homes---Bridgeport-Aka-Bishop-Curtis-Hms/10007424,"AUGUSTANA HOMES | Low Income Housing | 525 PALISADE AVE Bridgeport, CT ...",housing_directory_or_other_web_source,https://www.affordablehousing411.com/housing/lihtc-details-augustana-homes-525-palisade-ave-bridgeport-ct-6610/,Outside read via DuckDuckGo: a property-specific source identifies the matched name and location. This outside evidence is used for linkage only; it does not adjudicate the conflicting or repeated unit totals.,2026-08-09,accept,same_property_changed_or_component_totals,Accept the provisional linkage as one physical development. Preserve the component HUD records as project episodes. Unit aggregation is a separate unresolved decision.,2026-08-09
242,DEV_CTA20123002,unresolved_component_or_changed_totals,BAYVIEW TOWERS,STAMFORD,CT,2,2012,2012,normalized_name_standardized_primary_address,190|200,190,CT-11-016|TEMP683,300 TRESSER BLVD|300 TRESSER BOULEVARD,accept,same_property_changed_or_component_totals,"Internal HUD read: CTA20123002 (PIS 2012, state ID CT-11-016, units 200); CTA00000011 (PIS 8888, state ID TEMP683, units 190). Link evidence: normalized_name_standardized_primary_address. Distinct published primary-address strings: 2.",2026-08-09,accept,external_property_identity_consistent,DuckDuckGo,https://html.duckduckgo.com/html/?q=%22BAYVIEW%20TOWERS%22%20%22STAMFORD%22%20%22300%20TRESSER%20BLVD%22%20affordable%20housing,"Bayview Towers - 300 Tresser Blvd Stamford, CT 06901 | Apartments.com",property_listing_or_public_records,https://www.apartments.com/bayview-towers-stamford-ct/ljmkteg/,"Bayview Towers | Stamford, CT | Starting at $1,692 | ForRent.com",housing_directory_or_other_web_source,https://www.forrent.com/ct/stamford/bayview-towers/6jmkxev,Outside read via DuckDuckGo: a property-specific source identifies the matched name and location. This outside evidence is used for linkage only; it does not adjudicate the conflicting or repeated unit totals.,2026-08-09,accept,same_property_changed_or_component_totals,Accept the provisional linkage as one physical development. Preserve the component HUD records as project episodes. Unit aggregation is a separate unresolved decision.,2026-08-09
243,DEV_DCB20110808,unresolved_component_or_changed_totals,MILESTONE APTS-MARIAN RUSSELL,WASHINGTON,DC,2,2011,2011,normalized_name_standardized_primary_address,10|12,10,DCB2011045|DCB2011045-1602,"115 16TH ST NE|115 16TH STREET, NE",accept,same_property_changed_or_component_totals,"Internal HUD read: DCB20119812 (PIS 2011, state ID DCB2011045, units 10); DCB20110808 (PIS 2011, state ID DCB2011045-1602, units 12). Link evidence: normalized_name_standardized_primary_address. Distinct published primary-address strings: 2.",2026-08-09,accept,external_property_identity_consistent,DuckDuckGo,https://html.duckduckgo.com/html/?q=%22MILESTONE%20APTS-MARIAN%20RUSSELL%22%20%22WASHINGTON%22%20%22115%2016TH%20ST%20NE%22%20affordable%20housing,MILESTONE APTS-MARIAN RUSSELL | Low Income Housing | 115 16TH ST NE ...,housing_directory_or_other_web_source,https://www.affordablehousing411.com/housing/lihtc-details-milestone-apts-marian-russell-115-16th-st-ne-washington-dc-20002/,"Milestone Apts-marian Russell - Washington, District of Columbia",housing_directory_or_other_web_source,https://www.crediohub.com/LIHTC-properties/l/8296/milestone-apts-marian-russell-dcb20110808,Outside read via DuckDuckGo: a property-specific source identifies the matched name and location. This outside evidence is used for linkage only; it does not adjudicate the conflicting or repeated unit totals.,2026-08-09,accept,same_property_changed_or_component_totals,Accept the provisional linkage as one physical development. Preserve the component HUD records as project episodes. Unit aggregation is a separate unresolved decision.,2026-08-09
244,DEV_DEA19970030,unresolved_component_or_changed_totals,PERSIMMON TREE,DOVER,DE,2,1997,1997,normalized_name_identical_multisite_set,95|96,95,DE-97-02001-02007|DE162FY9714,500 PERSIMMON TREE LN|500 PERSIMMON TREE LN #211,accept,same_property_changed_or_component_totals,"Internal HUD read: DEA19970030 (PIS 1997, state ID DE-97-02001-02007, units 95); DEA19979004 (PIS 1997, state ID DE162FY9714, units 96). Link evidence: normalized_name_identical_multisite_set. Distinct published primary-address strings: 2.",2026-08-09,accept,external_property_identity_consistent,DuckDuckGo,https://html.duckduckgo.com/html/?q=%22PERSIMMON%20TREE%22%20%22DOVER%22%20%22500%20PERSIMMON%20TREE%20LN%22%20affordable%20housing,Persimmon Tree - 500 Persimmon Tree Ln Dover DE (2 units ... - Zillow,property_listing_or_public_records,https://www.zillow.com/apartments/dover-de/persimmon-tree/5hJ5M6/,"PERSIMMON TREE | Low Income Housing | 500 PERSIMMON TREE LN Dover, DE ...",housing_directory_or_other_web_source,https://www.affordablehousing411.com/housing/lihtc-details-persimmon-tree-500-persimmon-tree-ln-dover-de-19901/,Outside read via DuckDuckGo: a property-specific source identifies the matched name and location. This outside evidence is used for linkage only; it does not adjudicate the conflicting or repeated unit totals.,2026-08-09,accept,same_property_changed_or_component_totals,Accept the provisional linkage as one physical development. Preserve the component HUD records as project episodes. Unit aggregation is a separate unresolved decision.,2026-08-09
245,DEV_GAA19970800,unresolved_component_or_changed_totals,BRIER CREEK APARTMENTS (NEW),MILLEN,GA,2,1997,2015,normalized_name_standardized_primary_address,28|29,28|29,1996-094|2014-507,535 BRIER CREEK CT,accept,same_property_changed_or_component_totals,"Internal HUD read: GAA19970800 (PIS 1997, state ID 1996-094, units 28); GAA20157150 (PIS 2015, state ID 2014-507, units 29). Link evidence: normalized_name_standardized_primary_address. Distinct published primary-address strings: 1.",2026-08-09,accept,external_property_identity_consistent,Browser + web search,https://html.duckduckgo.com/html/?q=%22BRIER%20CREEK%20APARTMENTS%20(NEW)%22%20%22MILLEN%22%20GA%20housing,2020-005 Ella Mae Gardens Market Study,official_public,https://dca.georgia.gov/document/applications/2020-005-ella-mae-gdns-ms/download,LIHTC Properties in Georgia's 12th District,sector_compilation,https://www.novoco.com/public-media/documents/georgia-lihtc-properties-district-12-to-2022-092024.pdf,"The Georgia DCA market study identifies Brier Creek Apartments at 535 Brier Creek Court as one 29-unit property, consistent with the later HUD record and a one-unit change from the earlier record.",2026-08-09,accept,same_property_changed_or_component_totals,Accept the provisional linkage as one physical development. Preserve the component HUD records as project episodes. Unit aggregation is a separate unresolved decision.,2026-08-09
246,DEV_GAA19890020,unresolved_component_or_changed_totals,COUNTRY GROVE,MONROE,GA,2,1989,2022,normalized_name_identical_multisite_set,47|48,47|48,2020-522|GA-89-002,684 PLAZA TRCE|686 PLAZA TRACE,accept,same_property_changed_or_component_totals,"Internal HUD read: GAA19890020 (PIS 1989, state ID GA-89-002, units 48); GAA20220008 (PIS 2022, state ID 2020-522, units 47). Link evidence: normalized_name_identical_multisite_set. Distinct published primary-address strings: 2.",2026-08-09,accept,external_property_identity_consistent,DuckDuckGo,https://html.duckduckgo.com/html/?q=%22COUNTRY%20GROVE%22%20%22MONROE%22%20%22684%20PLAZA%20TRCE%22%20affordable%20housing,"COUNTRY GROVE | Low Income Housing | 684 PLAZA TRCE Monroe, GA 30655 ...",housing_directory_or_other_web_source,https://www.affordablehousing411.com/housing/lihtc-details-country-grove-684-plaza-trce-monroe-ga-30655/,"Country Grove in Monroe, Georgia - GAA19890020",housing_directory_or_other_web_source,https://www.crediohub.com/LIHTC-properties/l/10216/country-grove-gaa19890020,Outside read via DuckDuckGo: a property-specific source identifies the matched name and location. This outside evidence is used for linkage only; it does not adjudicate the conflicting or repeated unit totals.,2026-08-09,accept,same_property_changed_or_component_totals,Accept the provisional linkage as one physical development. Preserve the component HUD records as project episodes. Unit aggregation is a separate unresolved decision.,2026-08-09
247,DEV_GAA20100110,unresolved_component_or_changed_totals,PARK PLACE OF CARROLLTON II,CARROLLTON,GA,3,2010,2011,normalized_name_identical_multisite_set+normalized_name_standardized_primary_address,42|70,42|63,2008-055|2009-058|GA-09-058,646 N PARK ST,accept,same_property_changed_or_component_totals,"Internal HUD read: GAA20107019 (PIS 2010, state ID 2008-055, units 70); GAA20100110 (PIS 2010, state ID 2009-058, units 42); GAA20110085 (PIS 2011, state ID GA-09-058, units 42). Link evidence: normalized_name_identical_multisite_set+normalized_name_standardized_primary_address. Distinct published primary-address strings: 1.",2026-08-09,accept,external_property_identity_consistent,DuckDuckGo,https://html.duckduckgo.com/html/?q=%22PARK%20PLACE%20OF%20CARROLLTON%20II%22%20%22CARROLLTON%22%20%22646%20N%20PARK%20ST%22%20affordable%20housing,"Park Place Of Carrollton Ii - Affordable Housing in Carrollton, GA ...",housing_directory_or_other_web_source,https://section8search.org/georgia/carrollton/park-place-of-carrollton-ii/vzvhehxd3iui9iuul3r39s6c,PARK PLACE OF CARROLLTON II | Low Income Housing | 646 N PARK ST ...,housing_directory_or_other_web_source,https://www.affordablehousing411.com/housing/lihtc-details-park-place-of-carrollton-ii-646-n-park-st-carrollton-ga-30117/,Outside read via DuckDuckGo: a property-specific source identifies the matched name and location. This outside evidence is used for linkage only; it does not adjudicate the conflicting or repeated unit totals.,2026-08-09,accept,same_property_changed_or_component_totals,Accept the provisional linkage as one physical development. Preserve the component HUD records as project episodes. Unit aggregation is a separate unresolved decision.,2026-08-09
248,DEV_GAA19940160,unresolved_component_or_changed_totals,SABLE CHASE,MCDONOUGH,GA,3,1994,1994,normalized_name_identical_multisite_set+normalized_name_standardized_primary_address,152|225|72,151|71|96,2014-502|GA-92-012|GA-92-060,102 SABLE CHASE BLVD|200 SABLE CHASE BLVD,accept,same_property_changed_or_component_totals,"Internal HUD read: GAA19940160 (PIS 1994, state ID GA-92-012, units 152); GAA19940165 (PIS 1994, state ID GA-92-060, units 72); GAA19940245 (PIS 1994, state ID 2014-502, units 225). Link evidence: normalized_name_identical_multisite_set+normalized_name_standardized_primary_address. Distinct published primary-address strings: 2.",2026-08-09,accept,external_property_identity_consistent,DuckDuckGo,https://html.duckduckgo.com/html/?q=%22SABLE%20CHASE%22%20%22MCDONOUGH%22%20%22102%20SABLE%20CHASE%20BLVD%22%20affordable%20housing,"Sable Chase Apartments 102 Sable Chase Blvd in Mcdonough, GA 30253 ...",housing_directory_or_other_web_source,https://www.affordablehousing.com/mcdonough-ga/sable-chase-apartments-730430/,Sable Chase - 102 Sable Chase Blvd McDonough GA (4 units ... - Zillow,property_listing_or_public_records,https://www.zillow.com/apartments/mcdonough-ga/sable-chase/5Xhtwp/,Outside read via DuckDuckGo: a property-specific source identifies the matched name and location. This outside evidence is used for linkage only; it does not adjudicate the conflicting or repeated unit totals.,2026-08-09,accept,same_property_changed_or_component_totals,Accept the provisional linkage as one physical development. Preserve the component HUD records as project episodes. Unit aggregation is a separate unresolved decision.,2026-08-09
249,DEV_GAA20020225,unresolved_component_or_changed_totals,TOWNE WEST MANOR,ATLANTA,GA,2,2002,2021,normalized_name_standardized_primary_address,106|108,108|81,2001-506|2019-540,330 BROWNLEE RD SW,accept,same_property_changed_or_component_totals,"Internal HUD read: GAA20020225 (PIS 2002, state ID 2001-506, units 106); GAA20213182 (PIS 2021, state ID 2019-540, units 108). Link evidence: normalized_name_standardized_primary_address. Distinct published primary-address strings: 1.",2026-08-09,accept,external_property_identity_consistent,DuckDuckGo,https://html.duckduckgo.com/html/?q=%22TOWNE%20WEST%20MANOR%22%20%22ATLANTA%22%20%22330%20BROWNLEE%20RD%20SW%22%20affordable%20housing,"Towne West Manor - Affordable Housing in Atlanta, GA | Section 8 Search",housing_directory_or_other_web_source,https://section8search.org/georgia/atlanta/towne-west-manor/ldhpuoxibjiina61e4do13om,"TOWNE WEST MANOR | Low Income Housing | 330 BROWNLEE RD SW Atlanta, GA ...",housing_directory_or_other_web_source,https://www.affordablehousing411.com/housing/lihtc-details-towne-west-manor-330-brownlee-rd-sw-atlanta-ga-30311/,Outside read via DuckDuckGo: a property-specific source identifies the matched name and location. This outside evidence is used for linkage only; it does not adjudicate the conflicting or repeated unit totals.,2026-08-09,accept,same_property_changed_or_component_totals,Accept the provisional linkage as one physical development. Preserve the component HUD records as project episodes. Unit aggregation is a separate unresolved decision.,2026-08-09
250,DEV_IAA20180009,unresolved_component_or_changed_totals,LEGACY PARK,DES MOINES,IA,2,2018,2018,normalized_name_identical_multisite_set+normalized_name_standardized_primary_address,61|76,61|76,16-35|16-35A,1635 6TH AVE,accept,same_property_changed_or_component_totals,"Internal HUD read: IAA20180009 (PIS 2018, state ID 16-35, units 76); IAA20180010 (PIS 2018, state ID 16-35A, units 61). Link evidence: normalized_name_identical_multisite_set+normalized_name_standardized_primary_address. Distinct published primary-address strings: 1.",2026-08-09,accept,external_property_identity_consistent,DuckDuckGo,https://html.duckduckgo.com/html/?q=%22LEGACY%20PARK%22%20%22DES%20MOINES%22%20%221635%206TH%20AVE%22%20affordable%20housing,"LEGACY PARK | Low Income Housing | 1635 6TH AVE Des Moines, IA 50314 ...",housing_directory_or_other_web_source,https://www.affordablehousing411.com/housing/lihtc-details-legacy-park-1635-6th-ave-des-moines-ia-50314/,"Legacy Park in Des Moines, Iowa - IAA20180009 - crediohub.com",housing_directory_or_other_web_source,https://www.crediohub.com/LIHTC-properties/l/12455/legacy-park-iaa20180009,Outside read via DuckDuckGo: a property-specific source identifies the matched name and location. This outside evidence is used for linkage only; it does not adjudicate the conflicting or repeated unit totals.,2026-08-09,accept,same_property_changed_or_component_totals,Accept the provisional linkage as one physical development. Preserve the component HUD records as project episodes. Unit aggregation is a separate unresolved decision.,2026-08-09
251,DEV_IAA20039059,unresolved_component_or_changed_totals,VAN ALLEN,CLINTON,IA,2,2003,2023,normalized_name_identical_multisite_set,17|19,17,01-08|21-11,200 5TH AVE S|200 FIFTH AVE S,accept,same_property_changed_or_component_totals,"Internal HUD read: IAA20039059 (PIS 2003, state ID 01-08, units 17); IAA20231009 (PIS 2023, state ID 21-11, units 19). Link evidence: normalized_name_identical_multisite_set. Distinct published primary-address strings: 2.",2026-08-09,accept,external_property_identity_consistent,DuckDuckGo,https://html.duckduckgo.com/html/?q=%22VAN%20ALLEN%22%20%22CLINTON%22%20%22200%205TH%20AVE%20S%22%20affordable%20housing,Van Allen - Health & Human Services,official_public,https://hhs.iowa.gov/locations/van-allen,"Van Allen Apartments - 200 5th Ave S Clinton, IA 52732 | Apartments.com",property_listing_or_public_records,https://www.apartments.com/van-allen-apartments-clinton-ia/lj7m46e/,Outside read via DuckDuckGo: a property-specific source identifies the matched name and location. This outside evidence is used for linkage only; it does not adjudicate the conflicting or repeated unit totals.,2026-08-09,accept,same_property_changed_or_component_totals,Accept the provisional linkage as one physical development. Preserve the component HUD records as project episodes. Unit aggregation is a separate unresolved decision.,2026-08-09
252,DEV_ILA20040140,unresolved_component_or_changed_totals,COUNTRY CLUB HEIGHTS,QUINCY,IL,2,2004,2022,normalized_name_identical_multisite_set,175|200,175|199,34803,740 COUNTRY CLUB HEIGHTS ROAD|740 COUNTRY CLUB HTS,accept,same_property_changed_or_component_totals,"Internal HUD read: ILA20040140 (PIS 2004, state ID 34803, units 200); ILA20220005 (PIS 2022, state ID 34803, units 175). Link evidence: normalized_name_identical_multisite_set. Distinct published primary-address strings: 2.",2026-08-09,accept,external_property_identity_consistent,DuckDuckGo,https://html.duckduckgo.com/html/?q=%22COUNTRY%20CLUB%20HEIGHTS%22%20%22QUINCY%22%20%22740%20COUNTRY%20CLUB%20HEIGHTS%20ROAD%22%20affordable%20housing,"Country Club Heights - Affordable Housing in Quincy, IL | Section 8 Search",housing_directory_or_other_web_source,https://section8search.org/illinois/quincy/country-club-heights/ip4y1z21x0mdbhtsqpp8oav1,"COUNTRY CLUB HEIGHTS - QUINCY, IL | LIHTC Affordable Housing",housing_directory_or_other_web_source,https://affordablehousingnearme.net/property/ILA20220005-country-club-heights-740-country-club-heights-road-quincy-il,Outside read via DuckDuckGo: a property-specific source identifies the matched name and location. This outside evidence is used for linkage only; it does not adjudicate the conflicting or repeated unit totals.,2026-08-09,accept,same_property_changed_or_component_totals,Accept the provisional linkage as one physical development. Preserve the component HUD records as project episodes. Unit aggregation is a separate unresolved decision.,2026-08-09
253,DEV_ILA20060195,unresolved_component_or_changed_totals,OASIS SENIOR LIVING,CHICAGO,IL,2,2006,2023,normalized_name_identical_multisite_set,217|219,217|218,1188421|230505,3811 W WASHINGTON BLVD|3833 W WASHINGTON BLVD,accept,same_property_changed_or_component_totals,"Internal HUD read: ILA20060195 (PIS 2006, state ID 230505, units 217); ILA20230016 (PIS 2023, state ID 1188421, units 219). Link evidence: normalized_name_identical_multisite_set. Distinct published primary-address strings: 2.",2026-08-09,accept,external_property_identity_consistent,DuckDuckGo,https://html.duckduckgo.com/html/?q=%22OASIS%20SENIOR%20LIVING%22%20%22CHICAGO%22%20%223811%20W%20WASHINGTON%20BLVD%22%20affordable%20housing,"Oasis Senior Living - Affordable Housing in Chicago, IL | Section 8 Search",housing_directory_or_other_web_source,https://section8search.org/illinois/chicago/oasis-senior-living/hn3a591qnje1a1po7eqw24z2,"Oasis Senior Living in Chicago, Illinois - LIHTC Year-15 Expiration ...",housing_directory_or_other_web_source,https://www.fairhousinghub.com/property/il-chicago-oasis-senior-living-20a320,Outside read via DuckDuckGo: a property-specific source identifies the matched name and location. This outside evidence is used for linkage only; it does not adjudicate the conflicting or repeated unit totals.,2026-08-09,accept,same_property_changed_or_component_totals,Accept the provisional linkage as one physical development. Preserve the component HUD records as project episodes. Unit aggregation is a separate unresolved decision.,2026-08-09
254,DEV_ILB20020804,unresolved_component_or_changed_totals,STONE TERRACE,CHICAGO,IL,2,2002,2002,normalized_name_identical_multisite_set+normalized_name_standardized_primary_address,154|156,154,20-33-307-007-0000|20-33-313,8440 S PARNELL AVE|8440 S. PARNELL AVE,accept,same_property_changed_or_component_totals,"Internal HUD read: ILB20020804 (PIS 2002, state ID 20-33-313, units 154); ILB20029004 (PIS 2002, state ID 20-33-307-007-0000, units 156). Link evidence: normalized_name_identical_multisite_set+normalized_name_standardized_primary_address. Distinct published primary-address strings: 2.",2026-08-09,accept,external_property_identity_consistent,DuckDuckGo,https://html.duckduckgo.com/html/?q=%22STONE%20TERRACE%22%20%22CHICAGO%22%20%228440%20S%20PARNELL%20AVE%22%20affordable%20housing,"Stone Terrace - Affordable Housing in Chicago, IL | Section 8 Search",housing_directory_or_other_web_source,https://section8search.org/illinois/chicago/stone-terrace/nsgeqnlmwmjfi91i7uv1he4p,"STONE TERRACE | Low Income Housing | 8440 S PARNELL AVE Chicago, IL ...",housing_directory_or_other_web_source,https://www.affordablehousing411.com/housing/lihtc-details-stone-terrace-8440-s-parnell-ave-chicago-il-60620/,Outside read via DuckDuckGo: a property-specific source identifies the matched name and location. This outside evidence is used for linkage only; it does not adjudicate the conflicting or repeated unit totals.,2026-08-09,accept,same_property_changed_or_component_totals,Accept the provisional linkage as one physical development. Preserve the component HUD records as project episodes. Unit aggregation is a separate unresolved decision.,2026-08-09
255,DEV_INA19930221,unresolved_component_or_changed_totals,COMMUNITY PLACE,INDIANAPOLIS,IN,2,1993,1994,normalized_name_identical_multisite_set,129|131,123|127,IN-91-08401|IN-92-09500,1201 COMMUNITY PL|8830 SOUTHPOINTE DR,accept,same_property_changed_or_component_totals,"Internal HUD read: INA19930221 (PIS 1993, state ID IN-91-08401, units 129); INA19940030 (PIS 1994, state ID IN-92-09500, units 131). Link evidence: normalized_name_identical_multisite_set. Distinct published primary-address strings: 2.",2026-08-09,accept,external_property_identity_consistent,DuckDuckGo,https://html.duckduckgo.com/html/?q=%22COMMUNITY%20PLACE%22%20%22INDIANAPOLIS%22%20%221201%20COMMUNITY%20PL%22%20affordable%20housing,Community Place Apartments - 1201 Community Pl Indianapolis IN ... - Zillow,property_listing_or_public_records,https://www.zillow.com/apartments/indianapolis-in/community-place-apartments/5XrGW6/,"Community Place - Affordable Housing in Indianapolis, IN | Section 8 Search",housing_directory_or_other_web_source,https://section8search.org/indiana/indianapolis/community-place/wvaspshqksg3wm6w2to3uc0r,Outside read via DuckDuckGo: a property-specific source identifies the matched name and location. This outside evidence is used for linkage only; it does not adjudicate the conflicting or repeated unit totals.,2026-08-09,accept,same_property_changed_or_component_totals,Accept the provisional linkage as one physical development. Preserve the component HUD records as project episodes. Unit aggregation is a separate unresolved decision.,2026-08-09
256,DEV_INA20220018,unresolved_component_or_changed_totals,JUSTUS & GREYSTONE 4%,SCATTERED,IN,3,2022,2022,normalized_name_identical_multisite_set,16|212|24,16|212|24,2019A-B-016|IN-91-07400|IN-96-00800,SCATTERED SITES,accept,same_property_changed_or_component_totals,"Internal HUD read: INA20220020 (PIS 2022, state ID IN-96-00800, units 16); INA20220021 (PIS 2022, state ID IN-91-07400, units 24); INA20220018 (PIS 2022, state ID 2019A-B-016, units 212). Link evidence: normalized_name_identical_multisite_set. Distinct published primary-address strings: 1.",2026-08-09,accept,external_property_identity_consistent,DuckDuckGo,https://html.duckduckgo.com/html/?q=%22JUSTUS%20%26%20GREYSTONE%204%25%22%20%22SCATTERED%22%20%22SCATTERED%20SITES%22%20affordable%20housing,"Justus & Greystone 4% - Affordable Housing in Scattered, IN | Section 8 ...",housing_directory_or_other_web_source,https://section8search.org/indiana/scattered/justus-greystone-4/exxs5yan6qsd6bcxtmc3cxiu,,,,Outside read via DuckDuckGo: a property-specific source identifies the matched name and location. This outside evidence is used for linkage only; it does not adjudicate the conflicting or repeated unit totals.,2026-08-09,accept,same_property_changed_or_component_totals,Accept the provisional linkage as one physical development. Preserve the component HUD records as project episodes. Unit aggregation is a separate unresolved decision.,2026-08-09
257,DEV_INA19900043,unresolved_component_or_changed_totals,PHOENIX APTS,INDIANAPOLIS,IN,2,1990,1995,normalized_name_identical_multisite_set,12|330,12|99,IN-89-05601|IN-95-02900,3742 N PENNSYLVANIA ST|4004 MEADOWS DR,accept,same_property_changed_or_component_totals,"Internal HUD read: INA19900043 (PIS 1990, state ID IN-89-05601, units 12); INA19950160 (PIS 1995, state ID IN-95-02900, units 330). Link evidence: normalized_name_identical_multisite_set. Distinct published primary-address strings: 2.",2026-08-09,accept,external_property_identity_consistent,DuckDuckGo,https://html.duckduckgo.com/html/?q=%22PHOENIX%20APTS%22%20%22INDIANAPOLIS%22%20%223742%20N%20PENNSYLVANIA%20ST%22%20affordable%20housing,PHOENIX APTS | Low Income Housing | 3742 N PENNSYLVANIA ST Indianapolis ...,housing_directory_or_other_web_source,https://www.affordablehousing411.com/housing/lihtc-details-phoenix-apts-3742-n-pennsylvania-st-indianapolis-in-46205/,,,,Outside read via DuckDuckGo: a property-specific source identifies the matched name and location. This outside evidence is used for linkage only; it does not adjudicate the conflicting or repeated unit totals.,2026-08-09,accept,same_property_changed_or_component_totals,Accept the provisional linkage as one physical development. Preserve the component HUD records as project episodes. Unit aggregation is a separate unresolved decision.,2026-08-09
258,DEV_INA20000084,unresolved_component_or_changed_totals,WASHINGTON POINTE APTS,INDIANAPOLIS,IN,2,2000,2006,normalized_name_identical_multisite_set,248,198,IN-02-02800|IN-05-00100,601 WASHINGTON PT DR|625 BELHAVEN DR,accept,same_property_changed_or_component_totals,"Internal HUD read: INA20000084 (PIS 2000, state ID IN-02-02800, units NA); INA20060097 (PIS 2006, state ID IN-05-00100, units 248). Link evidence: normalized_name_identical_multisite_set. Distinct published primary-address strings: 2.",2026-08-09,accept,external_property_identity_consistent,DuckDuckGo,https://html.duckduckgo.com/html/?q=%22WASHINGTON%20POINTE%20APTS%22%20%22INDIANAPOLIS%22%20%22601%20WASHINGTON%20PT%20DR%22%20affordable%20housing,WASHINGTON POINTE APTS | Low Income Housing | 601 WASHINGTON PT DR ...,housing_directory_or_other_web_source,https://www.affordablehousing411.com/housing/lihtc-details-washington-pointe-apts-601-washington-pt-dr-indianapolis-in-46229/,"Washington Pointe Apts | Affordable Apartments for Rent in Indianapolis, IN",housing_directory_or_other_web_source,https://hellosection8.com/id-ina20000084-low-income-apartments-in-in_indianapolis.html,Outside read via DuckDuckGo: a property-specific source identifies the matched name and location. This outside evidence is used for linkage only; it does not adjudicate the conflicting or repeated unit totals.,2026-08-09,accept,same_property_changed_or_component_totals,Accept the provisional linkage as one physical development. Preserve the component HUD records as project episodes. Unit aggregation is a separate unresolved decision.,2026-08-09
259,DEV_KYA19930095,unresolved_component_or_changed_totals,"BOONEVILLE HOMES, LTD.",BOONEVILLE,KY,2,1993,1993,normalized_name_identical_multisite_set,32|9,32|9,KY-93-008|OWSLEY,1 BOONEVILLE HOMES DR|BOONEVILLE HOMES DR.,accept,same_property_changed_or_component_totals,"Internal HUD read: KYA19930095 (PIS 1993, state ID KY-93-008, units 32); KYA00000009 (PIS 8888, state ID OWSLEY, units 9). Link evidence: normalized_name_identical_multisite_set. Distinct published primary-address strings: 2.",2026-08-09,accept,external_property_identity_consistent,DuckDuckGo,https://html.duckduckgo.com/html/?q=%22BOONEVILLE%20HOMES%2C%20LTD.%22%20%22BOONEVILLE%22%20KY%20housing,"Booneville Homes, Ltd. | Affordable Housing in Booneville, KY",housing_directory_or_other_web_source,https://affordablehousinghub.org/housing/kentucky/owen-county/booneville/booneville-homes-ltd-9179-lihtc,"Booneville Homes, Ltd. - Affordable Housing in Booneville, KY | Section ...",housing_directory_or_other_web_source,https://section8search.org/kentucky/booneville/booneville-homes-ltd/y0n195nh1h28l6r1b12tb560,Outside read via DuckDuckGo: a property-specific source identifies the matched name and location. This outside evidence is used for linkage only; it does not adjudicate the conflicting or repeated unit totals.,2026-08-09,accept,same_property_changed_or_component_totals,Accept the provisional linkage as one physical development. Preserve the component HUD records as project episodes. Unit aggregation is a separate unresolved decision.,2026-08-09
260,DEV_LAA19970135,unresolved_component_or_changed_totals,TULANE AVENUE SRO,NEW ORLEANS,LA,2,1997,1997,normalized_name_standardized_primary_address,80|82,80|82,96-10|LA-96-010,3901 TULANE AVE|3901 TULANE AVENUE,accept,same_property_changed_or_component_totals,"Internal HUD read: LAA19970135 (PIS 1997, state ID LA-96-010, units 80); LAA19979027 (PIS 1997, state ID 96-10, units 82). Link evidence: normalized_name_standardized_primary_address. Distinct published primary-address strings: 2.",2026-08-09,accept,external_property_identity_consistent,DuckDuckGo,https://html.duckduckgo.com/html/?q=%22TULANE%20AVENUE%20SRO%22%20%22NEW%20ORLEANS%22%20%223901%20TULANE%20AVE%22%20affordable%20housing,TULANE AVENUE SRO | Low Income Housing | 3901 TULANE AVE New Orleans ...,housing_directory_or_other_web_source,https://www.affordablehousing411.com/housing/lihtc-details-tulane-avenue-sro-3901-tulane-ave-new-orleans-la-70119/,"Tulane Avenue Sro in New Orleans, Louisiana - LAA19970135",housing_directory_or_other_web_source,https://www.crediohub.com/LIHTC-properties/l/17450/tulane-avenue-sro-laa19970135,Outside read via DuckDuckGo: a property-specific source identifies the matched name and location. This outside evidence is used for linkage only; it does not adjudicate the conflicting or repeated unit totals.,2026-08-09,accept,same_property_changed_or_component_totals,Accept the provisional linkage as one physical development. Preserve the component HUD records as project episodes. Unit aggregation is a separate unresolved decision.,2026-08-09
261,DEV_MAB20150013,unresolved_component_or_changed_totals,JACKSON COMMONS,BOSTON,MA,2,2015,2015,normalized_name_standardized_primary_address,37|85,29|85,2834|MA15-10394,1540-1542 COLUMBUS AVE|1540-1542 COLUMBUS AVENUE,accept,same_property_changed_or_component_totals,"Internal HUD read: MAB20151011 (PIS 2015, state ID MA15-10394, units 85); MAB20150013 (PIS 2015, state ID 2834, units 37). Link evidence: normalized_name_standardized_primary_address. Distinct published primary-address strings: 2.",2026-08-09,accept,external_property_identity_consistent,DuckDuckGo,https://html.duckduckgo.com/html/?q=%22JACKSON%20COMMONS%22%20%22BOSTON%22%20%221540-1542%20COLUMBUS%20AVE%22%20affordable%20housing,"Jackson Commons - Affordable Housing in Boston, MA | Section 8 Search",housing_directory_or_other_web_source,https://section8search.org/massachusetts/boston/jackson-commons/xf2u0x9zovd3jnrilvbjrgkn,JACKSON COMMONS | Low Income Housing | 1540-1542 COLUMBUS AVE Boston ...,housing_directory_or_other_web_source,https://www.affordablehousing411.com/housing/lihtc-details-jackson-commons-1540-1542-columbus-ave-boston-ma-2119/,Outside read via DuckDuckGo: a property-specific source identifies the matched name and location. This outside evidence is used for linkage only; it does not adjudicate the conflicting or repeated unit totals.,2026-08-09,accept,same_property_changed_or_component_totals,Accept the provisional linkage as one physical development. Preserve the component HUD records as project episodes. Unit aggregation is a separate unresolved decision.,2026-08-09
262,DEV_MDA19960080,unresolved_component_or_changed_totals,PACA HOUSE,BALTIMORE,MD,2,1996,2018,normalized_name_identical_multisite_set+normalized_name_standardized_primary_address,106|92,106|92,MD-94-18001|MD94-18,116 N PACA ST|116 NORTH PACA STREET,accept,same_property_changed_or_component_totals,"Internal HUD read: MDA19960080 (PIS 1996, state ID MD94-18, units 106); MDA20182010 (PIS 2018, state ID MD-94-18001, units 92). Link evidence: normalized_name_identical_multisite_set+normalized_name_standardized_primary_address. Distinct published primary-address strings: 2.",2026-08-09,accept,external_property_identity_consistent,DuckDuckGo,https://html.duckduckgo.com/html/?q=%22PACA%20HOUSE%22%20%22BALTIMORE%22%20%22116%20N%20PACA%20ST%22%20affordable%20housing,"PACA HOUSE | Low Income Housing | 116 N PACA ST Baltimore, MD 21201 ...",housing_directory_or_other_web_source,https://www.affordablehousing411.com/housing/lihtc-details-paca-house-116-n-paca-st-baltimore-md-21201/,"Paca House in Baltimore, Maryland - MDA19960080",housing_directory_or_other_web_source,https://www.crediohub.com/LIHTC-properties/l/19329/paca-house-mda19960080,Outside read via DuckDuckGo: a property-specific source identifies the matched name and location. This outside evidence is used for linkage only; it does not adjudicate the conflicting or repeated unit totals.,2026-08-09,accept,same_property_changed_or_component_totals,Accept the provisional linkage as one physical development. Preserve the component HUD records as project episodes. Unit aggregation is a separate unresolved decision.,2026-08-09
263,DEV_MIA19990140,unresolved_component_or_changed_totals,EDGEWATER PLACE,THREE RIVERS,MI,2,1999,2015,normalized_name_standardized_primary_address,79|80,75|78,1827|MI-1827,214 RIVER DR|214 RIVER DRIVE,accept,same_property_changed_or_component_totals,"Internal HUD read: MIA19990140 (PIS 1999, state ID MI-1827, units 79); MIA20150006 (PIS 2015, state ID 1827, units 80). Link evidence: normalized_name_standardized_primary_address. Distinct published primary-address strings: 2.",2026-08-09,accept,external_property_identity_consistent,DuckDuckGo,https://html.duckduckgo.com/html/?q=%22EDGEWATER%20PLACE%22%20%22THREE%20RIVERS%22%20%22214%20RIVER%20DR%22%20affordable%20housing,"Edgewater Place - Affordable Housing in Three Rivers, MI | Section 8 Search",housing_directory_or_other_web_source,https://section8search.org/michigan/three-rivers/edgewater-place/o3eszz0snifmzdps8kbefzth,Edgewater Place - UsLowCostHousing,housing_directory_or_other_web_source,https://sec8.uslowcosthousing.com/state/mi/three-rivers/edgewater-place-21753/,Outside read via DuckDuckGo: a property-specific source identifies the matched name and location. This outside evidence is used for linkage only; it does not adjudicate the conflicting or repeated unit totals.,2026-08-09,accept,same_property_changed_or_component_totals,Accept the provisional linkage as one physical development. Preserve the component HUD records as project episodes. Unit aggregation is a separate unresolved decision.,2026-08-09
264,DEV_MIA20010050,unresolved_component_or_changed_totals,PINE COVE APTS,CHARLEVOIX,MI,2,2001,2002,normalized_name_standardized_primary_address,40|54,30|53,MI-1715|MI-1735,1001 MAY ST,accept,same_property_changed_or_component_totals,"Internal HUD read: MIA20010050 (PIS 2001, state ID MI-1715, units 54); MIA20020050 (PIS 2002, state ID MI-1735, units 40). Link evidence: normalized_name_standardized_primary_address. Distinct published primary-address strings: 1.",2026-08-09,accept,external_property_identity_consistent,DuckDuckGo,https://html.duckduckgo.com/html/?q=%22PINE%20COVE%20APTS%22%20%22CHARLEVOIX%22%20%221001%20MAY%20ST%22%20affordable%20housing,"Pine Cove Apts - Affordable Housing in Charlevoix, MI | Section 8 Search",housing_directory_or_other_web_source,https://section8search.org/michigan/charlevoix/pine-cove-apts/e93jtvfinsy3h1sk8eatbx1t,"Pine Cove Apts | Affordable Apartments for Rent in Charlevoix, MI",housing_directory_or_other_web_source,https://hellosection8.com/id-mia20020050-low-income-apartments-in-mi_charlevoix.html,Outside read via DuckDuckGo: a property-specific source identifies the matched name and location. This outside evidence is used for linkage only; it does not adjudicate the conflicting or repeated unit totals.,2026-08-09,accept,same_property_changed_or_component_totals,Accept the provisional linkage as one physical development. Preserve the component HUD records as project episodes. Unit aggregation is a separate unresolved decision.,2026-08-09
265,DEV_MSA20010040,unresolved_component_or_changed_totals,SIOUX BAYOU ARMS,GAUTIER,MS,2,2001,2024,normalized_name_identical_multisite_set+normalized_name_standardized_primary_address,46|48,46,22-2-007|MS-00-042,1901 MARTIN BLUFF RD|1901 MARTIN BLUFF ROAD,accept,same_property_changed_or_component_totals,"Internal HUD read: MSA20010040 (PIS 2001, state ID MS-00-042, units 48); MSA20240022 (PIS 2024, state ID 22-2-007, units 46). Link evidence: normalized_name_identical_multisite_set+normalized_name_standardized_primary_address. Distinct published primary-address strings: 2.",2026-08-09,accept,external_property_identity_consistent,DuckDuckGo,https://html.duckduckgo.com/html/?q=%22SIOUX%20BAYOU%20ARMS%22%20%22GAUTIER%22%20%221901%20MARTIN%20BLUFF%20RD%22%20affordable%20housing,"Sioux Bayou Arms Apartments - 1901 Martin Bluff Rd Gautier, MS 39553 ...",property_listing_or_public_records,https://www.apartments.com/sioux-bayou-arms-apartments-gautier-ms/lwwsqwg/,SIOUX BAYOU ARMS | Low Income Housing | 1901 MARTIN BLUFF RD Gautier ...,housing_directory_or_other_web_source,https://www.affordablehousing411.com/housing/lihtc-details-sioux-bayou-arms-1901-martin-bluff-rd-gautier-ms-39553/,Outside read via DuckDuckGo: a property-specific source identifies the matched name and location. This outside evidence is used for linkage only; it does not adjudicate the conflicting or repeated unit totals.,2026-08-09,accept,same_property_changed_or_component_totals,Accept the provisional linkage as one physical development. Preserve the component HUD records as project episodes. Unit aggregation is a separate unresolved decision.,2026-08-09
266,DEV_NCA19920180,unresolved_component_or_changed_totals,FISHER HEIGHTS APTS,RALEIGH,NC,2,1992,1992,normalized_name_identical_multisite_set,1|2,1|2,763|9001715,209 LORD ANSON DR|209 LORD ANSON RD,accept,same_property_changed_or_component_totals,"Internal HUD read: NCA19920180 (PIS 1992, state ID 763, units 2); NCA19929031 (PIS 1992, state ID 9001715, units 1). Link evidence: normalized_name_identical_multisite_set. Distinct published primary-address strings: 2.",2026-08-09,accept,external_property_identity_consistent,DuckDuckGo,https://html.duckduckgo.com/html/?q=%22FISHER%20HEIGHTS%20APTS%22%20%22RALEIGH%22%20%22209%20LORD%20ANSON%20DR%22%20affordable%20housing,FISHER HEIGHTS APTS | Low Income Housing | 209 LORD ANSON DR Raleigh ...,housing_directory_or_other_web_source,https://www.affordablehousing411.com/housing/lihtc-details-fisher-heights-apts-209-lord-anson-dr-raleigh-nc-27610/,"Fisher Heights Apts in Raleigh, North Carolina - NCA19920180",housing_directory_or_other_web_source,https://www.crediohub.com/LIHTC-properties/l/26892/fisher-heights-apts-nca19920180,Outside read via DuckDuckGo: a property-specific source identifies the matched name and location. This outside evidence is used for linkage only; it does not adjudicate the conflicting or repeated unit totals.,2026-08-09,accept,same_property_changed_or_component_totals,Accept the provisional linkage as one physical development. Preserve the component HUD records as project episodes. Unit aggregation is a separate unresolved decision.,2026-08-09
267,DEV_NCA19890580,unresolved_component_or_changed_totals,SEMINARY LANE TOWNHOMES,RALEIGH,NC,3,1989,1994,normalized_name_identical_multisite_set,2|4,2|4,402|831|9001090,2713 OLD GARNER RD|628 630 633 635 HILLTOP DR|628 HILLTOP DR,accept,same_property_changed_or_component_totals,"Internal HUD read: NCA19890580 (PIS 1989, state ID 402, units 2); NCA19940510 (PIS 1994, state ID 831, units 4); NCA19949102 (PIS 1994, state ID 9001090, units 4). Link evidence: normalized_name_identical_multisite_set. Distinct published primary-address strings: 3.",2026-08-09,accept,external_property_identity_consistent,DuckDuckGo,https://html.duckduckgo.com/html/?q=%22SEMINARY%20LANE%20TOWNHOMES%22%20%22RALEIGH%22%20%222713%20OLD%20GARNER%20RD%22%20affordable%20housing,SEMINARY LANE TOWNHOMES | Low Income Housing | 2713 OLD GARNER RD ...,housing_directory_or_other_web_source,https://www.affordablehousing411.com/housing/lihtc-details-seminary-lane-townhomes-2713-old-garner-rd-raleigh-nc-27610/,"Seminary Lane Townhomes - Raleigh, North Carolina",housing_directory_or_other_web_source,https://www.crediohub.com/LIHTC-properties/l/26541/seminary-lane-townhomes-nca19890580,Outside read via DuckDuckGo: a property-specific source identifies the matched name and location. This outside evidence is used for linkage only; it does not adjudicate the conflicting or repeated unit totals.,2026-08-09,accept,same_property_changed_or_component_totals,Accept the provisional linkage as one physical development. Preserve the component HUD records as project episodes. Unit aggregation is a separate unresolved decision.,2026-08-09
268,DEV_NCA19920460,unresolved_component_or_changed_totals,SPRINGFIELD SUBDIVISION,WILSON,NC,2,1992,1992,normalized_name_identical_multisite_set,3|4,3|4,9000721|9000748,1700 AUGUSTA CIR|1702 AUGUSTA CIR,accept,same_property_changed_or_component_totals,"Internal HUD read: NCA19920460 (PIS 1992, state ID 9000721, units 3); NCA19920465 (PIS 1992, state ID 9000748, units 4). Link evidence: normalized_name_identical_multisite_set. Distinct published primary-address strings: 2.",2026-08-09,accept,external_property_identity_consistent,DuckDuckGo,https://html.duckduckgo.com/html/?q=%22SPRINGFIELD%20SUBDIVISION%22%20%22WILSON%22%20%221700%20AUGUSTA%20CIR%22%20affordable%20housing,SPRINGFIELD SUBDIVISION | Low Income Housing | 1700 AUGUSTA CIR Wilson ...,housing_directory_or_other_web_source,https://www.affordablehousing411.com/housing/lihtc-details-springfield-subdivision-1700-augusta-cir-wilson-nc-27893/,"Springfield Subdivision in Wilson, North Carolina - NCA19920460",housing_directory_or_other_web_source,https://www.crediohub.com/LIHTC-properties/l/26944/springfield-subdivision-nca19920460,Outside read via DuckDuckGo: a property-specific source identifies the matched name and location. This outside evidence is used for linkage only; it does not adjudicate the conflicting or repeated unit totals.,2026-08-09,accept,same_property_changed_or_component_totals,Accept the provisional linkage as one physical development. Preserve the component HUD records as project episodes. Unit aggregation is a separate unresolved decision.,2026-08-09
269,DEV_NCA19950605,unresolved_component_or_changed_totals,WELLINGTON PLACE APTS,DURHAM,NC,2,1995,1995,normalized_name_identical_multisite_set+normalized_name_standardized_primary_address,246|283,240,1003|9002155,4230 GARRETT RD|4230 GARRETT ROAD,accept,same_property_changed_or_component_totals,"Internal HUD read: NCA19950605 (PIS 1995, state ID 1003, units 283); NCA19959120 (PIS 1995, state ID 9002155, units 246). Link evidence: normalized_name_identical_multisite_set+normalized_name_standardized_primary_address. Distinct published primary-address strings: 2.",2026-08-09,accept,external_property_identity_consistent,DuckDuckGo,https://html.duckduckgo.com/html/?q=%22WELLINGTON%20PLACE%20APTS%22%20%22DURHAM%22%20%224230%20GARRETT%20RD%22%20affordable%20housing,"WELLINGTON PLACE APTS | Low Income Housing | 4230 GARRETT RD Durham, NC ...",housing_directory_or_other_web_source,https://www.affordablehousing411.com/housing/lihtc-details-wellington-place-apts-4230-garrett-rd-durham-nc-27707/,"Wellington Place Apts | Affordable Apartments for Rent in Durham, NC",housing_directory_or_other_web_source,https://hellosection8.com/id-nca19950605-low-income-apartments-in-nc_durham.html,Outside read via DuckDuckGo: a property-specific source identifies the matched name and location. This outside evidence is used for linkage only; it does not adjudicate the conflicting or repeated unit totals.,2026-08-09,accept,same_property_changed_or_component_totals,Accept the provisional linkage as one physical development. Preserve the component HUD records as project episodes. Unit aggregation is a separate unresolved decision.,2026-08-09
270,DEV_NJA20213004,unresolved_component_or_changed_totals,BALTIC PLAZA #2144,ATLANTIC CITY,NJ,2,2021,2022,normalized_name_identical_multisite_set+normalized_name_standardized_primary_address,168|169,168,03489|03489-1,1313 BALTIC AVE|1313 BALTIC AVENUE,accept,same_property_changed_or_component_totals,"Internal HUD read: NJA20213004 (PIS 2021, state ID 03489-1, units 168); NJA20222006 (PIS 2022, state ID 03489, units 169). Link evidence: normalized_name_identical_multisite_set+normalized_name_standardized_primary_address. Distinct published primary-address strings: 2.",2026-08-09,accept,external_property_identity_consistent,Browser + web search,https://html.duckduckgo.com/html/?q=%22BALTIC%20PLAZA%20%232144%22%20%22ATLANTIC%20CITY%22%20NJ%20housing,Baltic Plaza Apartments,housing_directory_or_other_web_source,https://affordablehousinghub.org/housing/new-jersey/atlantic-county/atlantic-city/baltic-plaza-apartments-22840-lihtc,Standard Communities acquires Atlantic City affordable senior community,housing_press,https://njbiz.com/standard-communities-acquires-atlantic-city-affordable-senior-community/,The property listing and acquisition coverage identify Baltic Plaza at 1313 Baltic Avenue as one 169-unit affordable senior property.,2026-08-09,accept,same_property_changed_or_component_totals,Accept the provisional linkage as one physical development. Preserve the component HUD records as project episodes. Unit aggregation is a separate unresolved decision.,2026-08-09
271,DEV_NJA20123079,unresolved_component_or_changed_totals,LINCOLN COURT - PHASE II #480,ORANGE,NJ,2,2012,2012,normalized_name_identical_multisite_set,1|42,1|42,999999999999|NJ-97-48,357 LINCOLN AVE|357 LINCOLN AVE # 363,accept,same_property_changed_or_component_totals,"Internal HUD read: NJA20123079 (PIS 2012, state ID 999999999999, units 42); NJA00000059 (PIS 8888, state ID NJ-97-48, units 1). Link evidence: normalized_name_identical_multisite_set. Distinct published primary-address strings: 2.",2026-08-09,accept,external_property_identity_consistent,DuckDuckGo,https://html.duckduckgo.com/html/?q=%22LINCOLN%20COURT%20-%20PHASE%20II%20%23480%22%20%22ORANGE%22%20%22357%20LINCOLN%20AVE%22%20affordable%20housing,LINCOLN COURT - PHASE II #480 | Low Income Housing | 357 LINCOLN AVE ...,housing_directory_or_other_web_source,https://www.affordablehousing411.com/housing/lihtc-details-lincoln-court-phase-ii-480-357-lincoln-ave-orange-nj-7050/,"Lincoln Court - Phase Ii #480 - Orange, New Jersey",housing_directory_or_other_web_source,https://www.crediohub.com/LIHTC-properties/l/31032/lincoln-court-phase-ii-480-nja20123079,Outside read via DuckDuckGo: a property-specific source identifies the matched name and location. This outside evidence is used for linkage only; it does not adjudicate the conflicting or repeated unit totals.,2026-08-09,accept,same_property_changed_or_component_totals,Accept the provisional linkage as one physical development. Preserve the component HUD records as project episodes. Unit aggregation is a separate unresolved decision.,2026-08-09
272,DEV_NJA20123134,unresolved_component_or_changed_totals,THE PALISADES #611,UNION CITY,NJ,2,2012,2012,normalized_name_identical_multisite_set,41|45,41|45,999999999999|NJ-99-61,3900-391 4 PALISADE AVE|3900-3914 PALISADE AVENUE,accept,same_property_changed_or_component_totals,"Internal HUD read: NJA20123134 (PIS 2012, state ID 999999999999, units 45); NJA00000086 (PIS 8888, state ID NJ-99-61, units 41). Link evidence: normalized_name_identical_multisite_set. Distinct published primary-address strings: 2.",2026-08-09,accept,external_property_identity_consistent,DuckDuckGo,https://html.duckduckgo.com/html/?q=%22THE%20PALISADES%20%23611%22%20%22UNION%20CITY%22%20%223900-391%204%20PALISADE%20AVE%22%20affordable%20housing,THE PALISADES #611 | Low Income Housing | 3900-391 4 PALISADE AVE Union ...,housing_directory_or_other_web_source,https://www.affordablehousing411.com/housing/lihtc-details-the-palisades-611-3900-391-4-palisade-ave-union-city-nj-7087/,"The Palisades #611 in Union City, New Jersey - NJA00000086",housing_directory_or_other_web_source,https://www.crediohub.com/LIHTC-properties/l/29871/the-palisades-611-nja00000086,Outside read via DuckDuckGo: a property-specific source identifies the matched name and location. This outside evidence is used for linkage only; it does not adjudicate the conflicting or repeated unit totals.,2026-08-09,accept,same_property_changed_or_component_totals,Accept the provisional linkage as one physical development. Preserve the component HUD records as project episodes. Unit aggregation is a separate unresolved decision.,2026-08-09
273,DEV_NJA20123147,unresolved_component_or_changed_totals,WEEQUAHIC PARK APTS V #476,NEWARK,NJ,2,2012,2012,normalized_name_identical_multisite_set,48|49,48|49,999999999999|NJ-96-47,2 CUSTER AVE|479 ELIZABETH AVE # 485,accept,same_property_changed_or_component_totals,"Internal HUD read: NJA20123147 (PIS 2012, state ID 999999999999, units 49); NJA00000093 (PIS 8888, state ID NJ-96-47, units 48). Link evidence: normalized_name_identical_multisite_set. Distinct published primary-address strings: 2.",2026-08-09,accept,external_property_identity_consistent,DuckDuckGo,https://html.duckduckgo.com/html/?q=%22WEEQUAHIC%20PARK%20APTS%20V%20%23476%22%20%22NEWARK%22%20%222%20CUSTER%20AVE%22%20affordable%20housing,WEEQUAHIC PARK APTS V #476 | Low Income Housing | 2 CUSTER AVE Newark ...,housing_directory_or_other_web_source,https://www.affordablehousing411.com/housing/lihtc-details-weequahic-park-apts-v-476-2-custer-ave-newark-nj-7112/,,,,Outside read via DuckDuckGo: a property-specific source identifies the matched name and location. This outside evidence is used for linkage only; it does not adjudicate the conflicting or repeated unit totals.,2026-08-09,accept,same_property_changed_or_component_totals,Accept the provisional linkage as one physical development. Preserve the component HUD records as project episodes. Unit aggregation is a separate unresolved decision.,2026-08-09
274,DEV_NJA20123148,unresolved_component_or_changed_totals,WEEQUAHIC PARK APTS. III #390,NEWARK,NJ,2,2012,2012,normalized_name_identical_multisite_set,78|80,78|80,999999999999|NJ-94-39,1 GRUMMAN AVE|2 KEER AVE,accept,same_property_changed_or_component_totals,"Internal HUD read: NJA20123148 (PIS 2012, state ID 999999999999, units 80); NJA00000092 (PIS 8888, state ID NJ-94-39, units 78). Link evidence: normalized_name_identical_multisite_set. Distinct published primary-address strings: 2.",2026-08-09,accept,external_property_identity_consistent,DuckDuckGo,https://html.duckduckgo.com/html/?q=%22WEEQUAHIC%20PARK%20APTS.%20III%20%23390%22%20%22NEWARK%22%20%221%20GRUMMAN%20AVE%22%20affordable%20housing,WEEQUAHIC PARK APTS. III #390 | Low Income Housing | 1 GRUMMAN AVE ...,housing_directory_or_other_web_source,https://www.affordablehousing411.com/housing/lihtc-details-weequahic-park-apts-iii-390-1-grumman-ave-newark-nj-7112/,"WEEQUAHIC PARK APTS. III #390 - NEWARK, NJ | LIHTC Affordable Housing",housing_directory_or_other_web_source,https://affordablehousingnearme.net/property/NJA20123148-weequahic-park-apts-iii-390-1-grumman-ave-newark-nj,Outside read via DuckDuckGo: a property-specific source identifies the matched name and location. This outside evidence is used for linkage only; it does not adjudicate the conflicting or repeated unit totals.,2026-08-09,accept,same_property_changed_or_component_totals,Accept the provisional linkage as one physical development. Preserve the component HUD records as project episodes. Unit aggregation is a separate unresolved decision.,2026-08-09
275,DEV_NVA20050005,unresolved_component_or_changed_totals,ANNABELLE PINES,HENDERSON,NV,2,2005,2005,normalized_name_standardized_primary_address,104|106,104,03-07|NV-03-07,310 ANNABELLE LANE|310 ANNABELLE LN,accept,same_property_changed_or_component_totals,"Internal HUD read: NVA20050005 (PIS 2005, state ID NV-03-07, units 104); NVA20059001 (PIS 2005, state ID 03-07, units 106). Link evidence: normalized_name_standardized_primary_address. Distinct published primary-address strings: 2.",2026-08-09,accept,external_property_identity_consistent,DuckDuckGo,https://html.duckduckgo.com/html/?q=%22ANNABELLE%20PINES%22%20%22HENDERSON%22%20%22310%20ANNABELLE%20LANE%22%20affordable%20housing,"Annabelle Pines - Affordable Housing in Henderson, NV | Section 8 Search",housing_directory_or_other_web_source,https://section8search.org/nevada/henderson/annabelle-pines/xhgv0zyb0xijfl3epjeqm8bk,"ANNABELLE PINES | Low Income Housing | 310 ANNABELLE LANE Henderson, NV ...",housing_directory_or_other_web_source,https://www.affordablehousing411.com/housing/lihtc-details-annabelle-pines-310-annabelle-lane-henderson-nv-89014/,Outside read via DuckDuckGo: a property-specific source identifies the matched name and location. This outside evidence is used for linkage only; it does not adjudicate the conflicting or repeated unit totals.,2026-08-09,accept,same_property_changed_or_component_totals,Accept the provisional linkage as one physical development. Preserve the component HUD records as project episodes. Unit aggregation is a separate unresolved decision.,2026-08-09
276,DEV_NVA19980040,unresolved_component_or_changed_totals,BUENA VISTA SPRINGS II,NORTH LAS VEGAS,NV,2,1998,1998,normalized_name_standardized_primary_address,24|40,18|30,96-01|NV-96-01,2417 MORTON AVE|2417 MORTON AVENUE,accept,same_property_changed_or_component_totals,"Internal HUD read: NVA19980040 (PIS 1998, state ID NV-96-01, units 40); NVA19989001 (PIS 1998, state ID 96-01, units 24). Link evidence: normalized_name_standardized_primary_address. Distinct published primary-address strings: 2.",2026-08-09,accept,external_property_identity_consistent,DuckDuckGo,https://html.duckduckgo.com/html/?q=%22BUENA%20VISTA%20SPRINGS%20II%22%20%22NORTH%20LAS%20VEGAS%22%20%222417%20MORTON%20AVE%22%20affordable%20housing,"Buena Vista Springs Ii - Affordable Housing in North Las Vegas, NV ...",housing_directory_or_other_web_source,https://section8search.org/nevada/north-las-vegas/buena-vista-springs-ii/rrtbzlcba9r50iunhr6o3ywi,BUENA VISTA SPRINGS II | Low Income Housing | 2417 MORTON AVE North Las ...,housing_directory_or_other_web_source,https://www.affordablehousing411.com/housing/lihtc-details-buena-vista-springs-ii-2417-morton-ave-north-las-vegas-nv-89032/,Outside read via DuckDuckGo: a property-specific source identifies the matched name and location. This outside evidence is used for linkage only; it does not adjudicate the conflicting or repeated unit totals.,2026-08-09,accept,same_property_changed_or_component_totals,Accept the provisional linkage as one physical development. Preserve the component HUD records as project episodes. Unit aggregation is a separate unresolved decision.,2026-08-09
277,DEV_NYC20050800,unresolved_component_or_changed_totals,DR BETTY SHABAZZ APTS,BROOKLYN,NY,3,2005,2011,normalized_name_identical_multisite_set+normalized_name_standardized_primary_address,39|40|78,27|35|78,NY-03-02119|NY-03-02120|NY-03-02121,660 GATES AVE|690 GATES AVE,accept,same_property_changed_or_component_totals,"Internal HUD read: NYC20050800 (PIS 2005, state ID NY-03-02119, units 40); NYC20060013 (PIS 2006, state ID NY-03-02121, units 39); NYC20110562 (PIS 2011, state ID NY-03-02120, units 78). Link evidence: normalized_name_identical_multisite_set+normalized_name_standardized_primary_address. Distinct published primary-address strings: 2.",2026-08-09,accept,external_property_identity_consistent,DuckDuckGo,https://html.duckduckgo.com/html/?q=%22DR%20BETTY%20SHABAZZ%20APTS%22%20%22BROOKLYN%22%20%22660%20GATES%20AVE%22%20affordable%20housing,"Affordable Housing in Brooklyn, NY: DR BETTY SHABAZZ APTS",housing_directory_or_other_web_source,https://section8search.org/new-york/brooklyn/dr-betty-shabazz-apts/kbmv353jk2q0xifylu58i18z,"DR BETTY SHABAZZ APTS | Low Income Housing | 660 GATES AVE Brooklyn, NY ...",housing_directory_or_other_web_source,https://www.affordablehousing411.com/housing/lihtc-details-dr-betty-shabazz-apts-660-gates-ave-brooklyn-ny-11221/,Outside read via DuckDuckGo: a property-specific source identifies the matched name and location. This outside evidence is used for linkage only; it does not adjudicate the conflicting or repeated unit totals.,2026-08-09,accept,same_property_changed_or_component_totals,Accept the provisional linkage as one physical development. Preserve the component HUD records as project episodes. Unit aggregation is a separate unresolved decision.,2026-08-09
278,DEV_NYC20140005,unresolved_component_or_changed_totals,HARLEM RIVER POINT SOUTH,NEW YORK,NY,2,2014,2014,normalized_name_identical_multisite_set+normalized_name_standardized_primary_address,12|140,12|139,1202042|27-2350681,200 E 131ST ST|200 EAST 131ST STREET,accept,same_property_changed_or_component_totals,"Internal HUD read: NYC20140005 (PIS 2014, state ID 1202042, units 12); NYC20142021 (PIS 2014, state ID 27-2350681, units 140). Link evidence: normalized_name_identical_multisite_set+normalized_name_standardized_primary_address. Distinct published primary-address strings: 2.",2026-08-09,accept,external_property_identity_consistent,DuckDuckGo,https://html.duckduckgo.com/html/?q=%22HARLEM%20RIVER%20POINT%20SOUTH%22%20%22NEW%20YORK%22%20%22200%20E%20131ST%20ST%22%20affordable%20housing,"Harlem River Point South - Affordable Housing in New York, NY | Section ...",housing_directory_or_other_web_source,https://section8search.org/new-york/new-york/harlem-river-point-south/t6nhd00ydx6d009n8radrkan,HARLEM RIVER POINT SOUTH | Low Income Housing | 200 E 131ST ST New York ...,housing_directory_or_other_web_source,https://www.affordablehousing411.com/housing/lihtc-details-harlem-river-point-south-200-e-131st-st-new-york-ny-10037/,Outside read via DuckDuckGo: a property-specific source identifies the matched name and location. This outside evidence is used for linkage only; it does not adjudicate the conflicting or repeated unit totals.,2026-08-09,accept,same_property_changed_or_component_totals,Accept the provisional linkage as one physical development. Preserve the component HUD records as project episodes. Unit aggregation is a separate unresolved decision.,2026-08-09
279,DEV_NYC20120810,unresolved_component_or_changed_totals,HCCI PORTFOLIO (7TH AVENUE),NEW YORK,NY,2,2012,2012,normalized_name_standardized_primary_address,110|116,110|116,1102138|1102149,7TH AVE,defer,coarse_primary_address_collision,"Internal HUD read: NYC20120810 (PIS 2012, state ID 1102149, units 116); NYC20120817 (PIS 2012, state ID 1102138, units 110). The shared primary address is only a street name, while state IDs and unit totals differ. Outside evidence is required before treating these portfolio records as one physical development.",2026-08-09,reject,coarse_address_links_distinct_properties,Browser + web search,https://html.duckduckgo.com/html/?q=%22HCCI%20PORTFOLIO%20(7TH%20AVENUE)%22%20%22NEW%20YORK%22%20NY%20housing,Hcci Portfolio 7th Avenue — 116 units,housing_directory_or_other_web_source,https://affordablehousinghub.org/housing/new-york/new-york--county/new-york/hcci-portfolio-7th-avenue-33593-lihtc,Hcci Portfolio (7th Avenue) — 110 units,housing_directory_or_other_web_source,https://affordablehousinghub.org/housing/new-york/new-york--county/new-york/hcci-portfolio-7th-avenue-54167-lihtc,Separate outside pages report 116-unit and 110-unit HCCI 7th Avenue properties. The street-only HUD address is not a physical-site match.,2026-08-09,reject,coarse_address_links_distinct_properties,Reject the provisional cross-HUD linkage and retain each HUD episode as a separate physical development. Unit aggregation is not part of this linkage decision.,2026-08-09
280,DEV_NYC20110801,unresolved_component_or_changed_totals,HCCI PORTFOLIO (8TH AVENUE),NEW YORK,NY,5,2011,2012,normalized_name_standardized_primary_address,1067|127|196|333|96,1067|127|196|333|96,1102140|1102143|1102144|1102145|1102146,8TH AVE,defer,coarse_primary_address_collision,"Internal HUD read: NYC20110801 (PIS 2011, state ID 1102145, units 127); NYC20110802 (PIS 2011, state ID 1102144, units 96); NYC20110803 (PIS 2011, state ID 1102143, units 333); NYC20120812 (PIS 2012, state ID 1102146, units 196); NYC20120815 (PIS 2012, state ID 1102140, units 1067). The shared primary address is only a street name, while state IDs and unit totals differ. Outside evidence is required before treating these portfolio records as one physical development.",2026-08-09,reject,coarse_address_links_distinct_properties,Browser + web search,https://html.duckduckgo.com/html/?q=%22HCCI%20PORTFOLIO%20(8TH%20AVENUE)%22%20%22NEW%20YORK%22%20NY%20housing,Affordable Housing in Manhattan — HCCI portfolio listings,housing_directory_or_other_web_source,https://affordablehousinghub.org/housing/new-york/new-york/manhattan?program=lihtc,Hcci Portfolio 8th Avenue — 127 units,housing_directory_or_other_web_source,https://affordablehousinghub.org/housing/new-york/new-york--county/new-york/hcci-portfolio-8th-avenue-33237-lihtc,"Outside listings show multiple HCCI 8th Avenue properties with distinct street numbers and unit totals, including separate 96-, 127-, 196-, 333-, and 1,067-unit records. The shared street-only address is not a physical-site match.",2026-08-09,reject,coarse_address_links_distinct_properties,Reject the provisional cross-HUD linkage and retain each HUD episode as a separate physical development. Unit aggregation is not part of this linkage decision.,2026-08-09
281,DEV_NYC20120811,unresolved_component_or_changed_totals,HCCI PORTFOLIO (WEST 147TH STREET),NEW YORK,NY,3,2012,2012,normalized_name_standardized_primary_address,104|109|32,104|109|32,1102141|1102142|1102147,W 147TH ST,defer,coarse_primary_address_collision,"Internal HUD read: NYC20120811 (PIS 2012, state ID 1102147, units 32); NYC20120813 (PIS 2012, state ID 1102142, units 104); NYC20120814 (PIS 2012, state ID 1102141, units 109). The shared primary address is only a street name, while state IDs and unit totals differ. Outside evidence is required before treating these portfolio records as one physical development.",2026-08-09,reject,coarse_address_links_distinct_properties,Browser + web search,https://html.duckduckgo.com/html/?q=%22HCCI%20PORTFOLIO%20(WEST%20147TH%20STREET)%22%20%22NEW%20YORK%22%20NY%20housing,Affordable Housing in Manhattan — HCCI portfolio listings,housing_directory_or_other_web_source,https://affordablehousinghub.org/housing/new-york/new-york/manhattan?program=lihtc,Hcci Portfolio West 147th Street — 109 units,housing_directory_or_other_web_source,https://affordablehousinghub.org/housing/new-york/new-york--county/new-york/hcci-portfolio-west-147th-street-33160-lihtc,"Outside listings show multiple HCCI West 147th Street properties with different street numbers and distinct 32-, 104-, and 109-unit records. The shared street-only address is not a physical-site match.",2026-08-09,reject,coarse_address_links_distinct_properties,Reject the provisional cross-HUD linkage and retain each HUD episode as a separate physical development. Unit aggregation is not part of this linkage decision.,2026-08-09
282,DEV_NYA20009262,unresolved_component_or_changed_totals,LAUREL HOMES,ROSLYN HEIGHTS,NY,2,2000,2021,normalized_name_identical_multisite_set,66|74,66|74,19980968|NY-21-2643,4 LINDEN CT|72 LAUREL STREET,accept,same_property_changed_or_component_totals,"Internal HUD read: NYA20009262 (PIS 2000, state ID 19980968, units 66); NYB20213051 (PIS 2021, state ID NY-21-2643, units 74). Link evidence: normalized_name_identical_multisite_set. Distinct published primary-address strings: 2.",2026-08-09,accept,external_property_identity_consistent,DuckDuckGo,https://html.duckduckgo.com/html/?q=%22LAUREL%20HOMES%22%20%22ROSLYN%20HEIGHTS%22%20%224%20LINDEN%20CT%22%20affordable%20housing,"Laurel Homes - Affordable Housing in Roslyn Heights, NY | Section 8 Search",housing_directory_or_other_web_source,https://section8search.org/new-york/roslyn-heights/laurel-homes/qmomus2bkfnzaf1rdfqzgf8k,"LAUREL HOMES | Low Income Housing | 4 LINDEN CT Roslyn Heights, NY ...",housing_directory_or_other_web_source,https://www.affordablehousing411.com/housing/lihtc-details-laurel-homes-4-linden-ct-roslyn-heights-ny-11577/,Outside read via DuckDuckGo: a property-specific source identifies the matched name and location. This outside evidence is used for linkage only; it does not adjudicate the conflicting or repeated unit totals.,2026-08-09,accept,same_property_changed_or_component_totals,Accept the provisional linkage as one physical development. Preserve the component HUD records as project episodes. Unit aggregation is a separate unresolved decision.,2026-08-09
283,DEV_NYC20100142,unresolved_component_or_changed_totals,LIVONIA TERRACE APTS,BROOKLYN,NY,4,2010,2010,normalized_name_identical_multisite_set,15|29|60|84,15|26|58|83,0902111|NY-09-011|NY-09-015|NY-09-016,435 ALABAMA AVE|446 ALABAMA AVE|469 ALABAMA AVE,accept,same_property_changed_or_component_totals,"Internal HUD read: NYC20100142 (PIS 2010, state ID NY-09-011, units 60); NYC20100144 (PIS 2010, state ID NY-09-015, units 29); NYC20100146 (PIS 2010, state ID NY-09-016, units 84); NYC20100806 (PIS 2010, state ID 0902111, units 15). Link evidence: normalized_name_identical_multisite_set. Distinct published primary-address strings: 3.",2026-08-09,accept,external_property_identity_consistent,DuckDuckGo,https://html.duckduckgo.com/html/?q=%22LIVONIA%20TERRACE%20APTS%22%20%22BROOKLYN%22%20%22435%20ALABAMA%20AVE%22%20affordable%20housing,LIVONIA TERRACE APTS | Low Income Housing | 435 ALABAMA AVE Brooklyn ...,housing_directory_or_other_web_source,https://www.affordablehousing411.com/housing/lihtc-details-livonia-terrace-apts-435-alabama-ave-brooklyn-ny-11207/,,,,Outside read via DuckDuckGo: a property-specific source identifies the matched name and location. This outside evidence is used for linkage only; it does not adjudicate the conflicting or repeated unit totals.,2026-08-09,accept,same_property_changed_or_component_totals,Accept the provisional linkage as one physical development. Preserve the component HUD records as project episodes. Unit aggregation is a separate unresolved decision.,2026-08-09
284,DEV_NYC20060055,unresolved_component_or_changed_totals,MARKHAM GARDENS,STATEN ISLAND,NY,2,2006,2009,normalized_name_identical_multisite_set,190|240,190,75-3218207|NY-06-085,15 MARKHAM LN|70 NORTH BURGHER AVE.,accept,same_property_changed_or_component_totals,"Internal HUD read: NYC20060055 (PIS 2006, state ID NY-06-085, units 190); NYC20090802 (PIS 2009, state ID 75-3218207, units 240). Link evidence: normalized_name_identical_multisite_set. Distinct published primary-address strings: 2.",2026-08-09,accept,external_property_identity_consistent,DuckDuckGo,https://html.duckduckgo.com/html/?q=%22MARKHAM%20GARDENS%22%20%22STATEN%20ISLAND%22%20%2215%20MARKHAM%20LN%22%20affordable%20housing,"MARKHAM GARDENS | Low Income Housing | 15 MARKHAM LN Staten Island, NY ...",housing_directory_or_other_web_source,https://www.affordablehousing411.com/housing/lihtc-details-markham-gardens-15-markham-ln-staten-island-ny-10310/,"Markham Gardens | Affordable Apartments for Rent in Staten Island, NY",housing_directory_or_other_web_source,https://hellosection8.com/id-nyc20060055-low-income-apartments-in-ny_statenisland.html,Outside read via DuckDuckGo: a property-specific source identifies the matched name and location. This outside evidence is used for linkage only; it does not adjudicate the conflicting or repeated unit totals.,2026-08-09,accept,same_property_changed_or_component_totals,Accept the provisional linkage as one physical development. Preserve the component HUD records as project episodes. Unit aggregation is a separate unresolved decision.,2026-08-09
285,DEV_NYC20120838,unresolved_component_or_changed_totals,SINCLAIR HOUSES,NEW YORK,NY,2,2012,2013,normalized_name_identical_multisite_set,80|81,80,1062156|80-0848744,502 W 151ST ST|528 WEST 151ST STREET,accept,same_property_changed_or_component_totals,"Internal HUD read: NYC20120838 (PIS 2012, state ID 1062156, units 80); NYC20130216 (PIS 2013, state ID 80-0848744, units 81). Link evidence: normalized_name_identical_multisite_set. Distinct published primary-address strings: 2.",2026-08-09,accept,external_property_identity_consistent,DuckDuckGo,https://html.duckduckgo.com/html/?q=%22SINCLAIR%20HOUSES%22%20%22NEW%20YORK%22%20%22502%20W%20151ST%20ST%22%20affordable%20housing,"Sinclair Houses - 502 W 151st St New York, NY 10031 | Apartments.com",property_listing_or_public_records,https://www.apartments.com/sinclair-houses-new-york-ny/ryhhbc2/,"SINCLAIR HOUSES | Low Income Housing | 502 W 151ST ST New York, NY ...",housing_directory_or_other_web_source,https://www.affordablehousing411.com/housing/lihtc-details-sinclair-houses-502-w-151st-st-new-york-ny-10031/,Outside read via DuckDuckGo: a property-specific source identifies the matched name and location. This outside evidence is used for linkage only; it does not adjudicate the conflicting or repeated unit totals.,2026-08-09,accept,same_property_changed_or_component_totals,Accept the provisional linkage as one physical development. Preserve the component HUD records as project episodes. Unit aggregation is a separate unresolved decision.,2026-08-09
286,DEV_NYC19980800,unresolved_component_or_changed_totals,THE SAGAMORE,NEW YORK,NY,2,1998,1998,normalized_name_identical_multisite_set+normalized_name_standardized_primary_address,265|53,53,27-4782409|NY-27-4782409,189 W 89TH ST|189 WEST 89TH STREET,accept,same_property_changed_or_component_totals,"Internal HUD read: NYC19980800 (PIS 1998, state ID NY-27-4782409, units 265); NYC19989011 (PIS 1998, state ID 27-4782409, units 53). Link evidence: normalized_name_identical_multisite_set+normalized_name_standardized_primary_address. Distinct published primary-address strings: 2.",2026-08-09,accept,external_property_identity_consistent,DuckDuckGo,https://html.duckduckgo.com/html/?q=%22THE%20SAGAMORE%22%20%22NEW%20YORK%22%20%22189%20W%2089TH%20ST%22%20affordable%20housing,The Sagamore - 189 W 89th St New York NY (6 units available) | Zillow,property_listing_or_public_records,https://www.zillow.com/apartments/new-york-ny/the-sagamore/7Tf7/,"The Sagamore - 189 W 89th St, New York, NY 10024 | Trulia",housing_directory_or_other_web_source,https://www.trulia.com/building/the-sagamore-189-w-89th-st-new-york-ny-10024-645041,Outside read via DuckDuckGo: a property-specific source identifies the matched name and location. This outside evidence is used for linkage only; it does not adjudicate the conflicting or repeated unit totals.,2026-08-09,accept,same_property_changed_or_component_totals,Accept the provisional linkage as one physical development. Preserve the component HUD records as project episodes. Unit aggregation is a separate unresolved decision.,2026-08-09
287,DEV_OHA20240006,unresolved_component_or_changed_totals,CHESTNUT VILLAGE APARTMENTS,ASHTABULA,OH,2,2024,2024,normalized_name_identical_multisite_set+normalized_name_standardized_primary_address,32|9,32|9,210027,5321 CHESTNUT AVE,accept,same_property_changed_or_component_totals,"Internal HUD read: OHA20240006 (PIS 2024, state ID 210027, units 9); OHA20240007 (PIS 2024, state ID 210027, units 32). Link evidence: normalized_name_identical_multisite_set+normalized_name_standardized_primary_address. Distinct published primary-address strings: 1.",2026-08-09,accept,external_property_identity_consistent,DuckDuckGo,https://html.duckduckgo.com/html/?q=%22CHESTNUT%20VILLAGE%20APARTMENTS%22%20%22ASHTABULA%22%20%225321%20CHESTNUT%20AVE%22%20affordable%20housing,Chestnut Village Apartments now accepting applications,housing_directory_or_other_web_source,https://www.starbeacon.com/news/chestnut-village-apartments-now-accepting-applications/article_09831300-c6b8-11ee-9f5d-db5e11e1afda.html,"Chestnut Village 55+ - 5321 Chestnut Ave Ashtabula, OH 44004 ...",property_listing_or_public_records,https://www.apartments.com/chestnut-village-55-ashtabula-oh/lg76b3e/,Outside read via DuckDuckGo: a property-specific source identifies the matched name and location. This outside evidence is used for linkage only; it does not adjudicate the conflicting or repeated unit totals.,2026-08-09,accept,same_property_changed_or_component_totals,Accept the provisional linkage as one physical development. Preserve the component HUD records as project episodes. Unit aggregation is a separate unresolved decision.,2026-08-09
288,DEV_OHA20230006,unresolved_component_or_changed_totals,CLEVELAND SCHOLAR HOUSE,CLEVELAND,OH,2,2023,2023,normalized_name_identical_multisite_set+normalized_name_standardized_primary_address,14|40,14|40,210010,2565 COMMUNITY COLLEGE AVE,accept,same_property_changed_or_component_totals,"Internal HUD read: OHA20230007 (PIS 2023, state ID 210010, units 40); OHA20230006 (PIS 2023, state ID 210010, units 14). Link evidence: normalized_name_identical_multisite_set+normalized_name_standardized_primary_address. Distinct published primary-address strings: 1.",2026-08-09,accept,external_property_identity_consistent,DuckDuckGo,https://html.duckduckgo.com/html/?q=%22CLEVELAND%20SCHOLAR%20HOUSE%22%20%22CLEVELAND%22%20%222565%20COMMUNITY%20COLLEGE%20AVE%22%20affordable%20housing,"Cleveland Scholar House - Affordable Housing in Cleveland, OH | Section ...",housing_directory_or_other_web_source,https://section8search.org/ohio/cleveland/cleveland-scholar-house/v0in7cvtvbxrl0nvdm7hi7uh,Cleveland Scholar House - UsLowCostHousing,housing_directory_or_other_web_source,https://sec8.uslowcosthousing.com/state/oh/cleveland/cleveland-scholar-house-35153/,Outside read via DuckDuckGo: a property-specific source identifies the matched name and location. This outside evidence is used for linkage only; it does not adjudicate the conflicting or repeated unit totals.,2026-08-09,accept,same_property_changed_or_component_totals,Accept the provisional linkage as one physical development. Preserve the component HUD records as project episodes. Unit aggregation is a separate unresolved decision.,2026-08-09
289,DEV_OHA20240013,unresolved_component_or_changed_totals,HARVEST CROSSING SENIOR VILLAS,JACKSON,OH,2,2024,2024,normalized_name_identical_multisite_set+normalized_name_standardized_primary_address,4|46,4|46,220049,1045 WHEATLAND DR,accept,same_property_changed_or_component_totals,"Internal HUD read: OHA20240013 (PIS 2024, state ID 220049, units 46); OHA20240014 (PIS 2024, state ID 220049, units 4). Link evidence: normalized_name_identical_multisite_set+normalized_name_standardized_primary_address. Distinct published primary-address strings: 1.",2026-08-09,accept,external_property_identity_consistent,DuckDuckGo,https://html.duckduckgo.com/html/?q=%22HARVEST%20CROSSING%20SENIOR%20VILLAS%22%20%22JACKSON%22%20OH%20housing,Harvest Crossing Senior Villas | Jackson Area Chamber of Commerce,housing_directory_or_other_web_source,https://jacksonohiochamber.com/directory/harvest-crossing-senior-villas/,"Harvest Crossing Senior Villas, 983 Wheatland Drive US, Jackson, OH ...",housing_directory_or_other_web_source,https://www.mapquest.com/us/ohio/harvest-crossing-senior-villas-799225572,Outside read via DuckDuckGo: a property-specific source identifies the matched name and location. This outside evidence is used for linkage only; it does not adjudicate the conflicting or repeated unit totals.,2026-08-09,accept,same_property_changed_or_component_totals,Accept the provisional linkage as one physical development. Preserve the component HUD records as project episodes. Unit aggregation is a separate unresolved decision.,2026-08-09
290,DEV_OHA20220008,unresolved_component_or_changed_totals,HEMPSTEAD LANDING,KETTERING,OH,2,2022,2022,normalized_name_identical_multisite_set+normalized_name_standardized_primary_address,2|40,2|40,200007,HEMPSTEAD STATION DRIVE AND MEIJER W DRIVE,accept,same_property_changed_or_component_totals,"Internal HUD read: OHA20220008 (PIS 2022, state ID 200007, units 2); OHA20220009 (PIS 2022, state ID 200007, units 40). Link evidence: normalized_name_identical_multisite_set+normalized_name_standardized_primary_address. Distinct published primary-address strings: 1.",2026-08-09,accept,external_property_identity_consistent,DuckDuckGo,https://html.duckduckgo.com/html/?q=%22HEMPSTEAD%20LANDING%22%20%22KETTERING%22%20%22HEMPSTEAD%20STATION%20DRIVE%20AND%20MEIJER%20W%20DRIVE%22%20affordable%20housing,"Hempstead Landing - Affordable Housing in Kettering, OH | Section 8 Search",housing_directory_or_other_web_source,https://section8search.org/ohio/kettering/hempstead-landing/sd3sy2t8103h3arch3e1ymz2,,,,Outside read via DuckDuckGo: a property-specific source identifies the matched name and location. This outside evidence is used for linkage only; it does not adjudicate the conflicting or repeated unit totals.,2026-08-09,accept,same_property_changed_or_component_totals,Accept the provisional linkage as one physical development. Preserve the component HUD records as project episodes. Unit aggregation is a separate unresolved decision.,2026-08-09
291,DEV_OHA20230017,unresolved_component_or_changed_totals,I PROMISE HOUSING,AKRON,OH,2,2023,2023,normalized_name_identical_multisite_set+normalized_name_standardized_primary_address,5|50,5|50,200065,445 S MAPLE STREET,accept,same_property_changed_or_component_totals,"Internal HUD read: OHA20230017 (PIS 2023, state ID 200065, units 5); OHA20230018 (PIS 2023, state ID 200065, units 50). Link evidence: normalized_name_identical_multisite_set+normalized_name_standardized_primary_address. Distinct published primary-address strings: 1.",2026-08-09,accept,external_property_identity_consistent,DuckDuckGo,https://html.duckduckgo.com/html/?q=%22I%20PROMISE%20HOUSING%22%20%22AKRON%22%20%22445%20S%20MAPLE%20STREET%22%20affordable%20housing,"I Promise Housing - Affordable Housing in Akron, OH | Section 8 Search",housing_directory_or_other_web_source,https://section8search.org/ohio/akron/i-promise-housing/p00hlfin2m72hohujopo4o5c,"Affordable Housing in Akron, OH: I PROMISE HOUSING",housing_directory_or_other_web_source,https://section8search.org/ohio/akron/i-promise-housing/tdvpxr2te4lvstdtnyfmz6uy,Outside read via DuckDuckGo: a property-specific source identifies the matched name and location. This outside evidence is used for linkage only; it does not adjudicate the conflicting or repeated unit totals.,2026-08-09,accept,same_property_changed_or_component_totals,Accept the provisional linkage as one physical development. Preserve the component HUD records as project episodes. Unit aggregation is a separate unresolved decision.,2026-08-09
292,DEV_OHA20200034,unresolved_component_or_changed_totals,PARSONS PLACE APARTMENTS,COLUMBUS,OH,2,2020,2020,normalized_name_identical_multisite_set+normalized_name_standardized_primary_address,5|62,5|62,180051,1354 EAST BARTHMAN AVENUE,accept,same_property_changed_or_component_totals,"Internal HUD read: OHA20200034 (PIS 2020, state ID 180051, units 5); OHA20200035 (PIS 2020, state ID 180051, units 62). Link evidence: normalized_name_identical_multisite_set+normalized_name_standardized_primary_address. Distinct published primary-address strings: 1.",2026-08-09,accept,external_property_identity_consistent,DuckDuckGo,https://html.duckduckgo.com/html/?q=%22PARSONS%20PLACE%20APARTMENTS%22%20%22COLUMBUS%22%20%221354%20EAST%20BARTHMAN%20AVENUE%22%20affordable%20housing,"Parsons Place Apartments - Affordable Housing in Columbus, OH | Section ...",housing_directory_or_other_web_source,https://section8search.org/ohio/columbus/parsons-place-apartments/ugze7gxs0wk2ok8nyw9bjsvg,"Parsons Place Apartments - Affordable Housing in Columbus, OH | Section ...",housing_directory_or_other_web_source,https://section8search.org/ohio/columbus/parsons-place-apartments/tzc6yi3efxh9r89hw7czb59o,Outside read via DuckDuckGo: a property-specific source identifies the matched name and location. This outside evidence is used for linkage only; it does not adjudicate the conflicting or repeated unit totals.,2026-08-09,accept,same_property_changed_or_component_totals,Accept the provisional linkage as one physical development. Preserve the component HUD records as project episodes. Unit aggregation is a separate unresolved decision.,2026-08-09
293,DEV_OHA20180028,unresolved_component_or_changed_totals,SANDSTONE APARTMENTS,THE PLAINS,OH,2,2018,2018,normalized_name_identical_multisite_set+normalized_name_standardized_primary_address,4|50,4|50,160019,100 NORTH PLAINS ROAD,accept,same_property_changed_or_component_totals,"Internal HUD read: OHA20180028 (PIS 2018, state ID 160019, units 50); OHA20180029 (PIS 2018, state ID 160019, units 4). Link evidence: normalized_name_identical_multisite_set+normalized_name_standardized_primary_address. Distinct published primary-address strings: 1.",2026-08-09,accept,external_property_identity_consistent,DuckDuckGo,https://html.duckduckgo.com/html/?q=%22SANDSTONE%20APARTMENTS%22%20%22THE%20PLAINS%22%20%22100%20NORTH%20PLAINS%20ROAD%22%20affordable%20housing,"Sandstone Apartments in The Plains, Ohio - OHA20180029",housing_directory_or_other_web_source,https://www.crediohub.com/LIHTC-properties/l/37913/sandstone-apartments-oha20180029,SANDSTONE APARTMENTS | Low Income Housing | 100 NORTH PLAINS ROAD The ...,housing_directory_or_other_web_source,https://www.affordablehousing411.com/housing/lihtc-details-sandstone-apartments-100-north-plains-road-the-plains-oh-45780/,Outside read via DuckDuckGo: a property-specific source identifies the matched name and location. This outside evidence is used for linkage only; it does not adjudicate the conflicting or repeated unit totals.,2026-08-09,accept,same_property_changed_or_component_totals,Accept the provisional linkage as one physical development. Preserve the component HUD records as project episodes. Unit aggregation is a separate unresolved decision.,2026-08-09
294,DEV_OHA20230031,unresolved_component_or_changed_totals,SINCLAIR FAMILY APARTMENTS,COLUMBUS,OH,2,2023,2023,normalized_name_identical_multisite_set+normalized_name_standardized_primary_address,180|8,180|8,200248,5055 AND 5075 SINCLAIR ROAD,accept,same_property_changed_or_component_totals,"Internal HUD read: OHA20230032 (PIS 2023, state ID 200248, units 8); OHA20230031 (PIS 2023, state ID 200248, units 180). Link evidence: normalized_name_identical_multisite_set+normalized_name_standardized_primary_address. Distinct published primary-address strings: 1.",2026-08-09,accept,external_property_identity_consistent,DuckDuckGo,https://html.duckduckgo.com/html/?q=%22SINCLAIR%20FAMILY%20APARTMENTS%22%20%22COLUMBUS%22%20%225055%20AND%205075%20SINCLAIR%20ROAD%22%20affordable%20housing,"Sinclair Family Apartments - Affordable Housing in Columbus, OH ...",housing_directory_or_other_web_source,https://section8search.org/ohio/columbus/sinclair-family-apartments/crvgo5lbuv3lqv2gaf9ah4mp,,,,Outside read via DuckDuckGo: a property-specific source identifies the matched name and location. This outside evidence is used for linkage only; it does not adjudicate the conflicting or repeated unit totals.,2026-08-09,accept,same_property_changed_or_component_totals,Accept the provisional linkage as one physical development. Preserve the component HUD records as project episodes. Unit aggregation is a separate unresolved decision.,2026-08-09
295,DEV_OHA20200040,unresolved_component_or_changed_totals,STONEY POINTE COMMONS II,AKRON,OH,2,2020,2020,normalized_name_identical_multisite_set+normalized_name_standardized_primary_address,3|45,3|45,180037,1791 VERNON ODOM BOULEVARD,accept,same_property_changed_or_component_totals,"Internal HUD read: OHA20200040 (PIS 2020, state ID 180037, units 3); OHA20200041 (PIS 2020, state ID 180037, units 45). Link evidence: normalized_name_identical_multisite_set+normalized_name_standardized_primary_address. Distinct published primary-address strings: 1.",2026-08-09,accept,external_property_identity_consistent,DuckDuckGo,https://html.duckduckgo.com/html/?q=%22STONEY%20POINTE%20COMMONS%20II%22%20%22AKRON%22%20%221791%20VERNON%20ODOM%20BOULEVARD%22%20affordable%20housing,"Stoney Pointe Commons Ii - Affordable Housing in Akron, OH | Section 8 ...",housing_directory_or_other_web_source,https://section8search.org/ohio/akron/stoney-pointe-commons-ii/gurri8etabd43q4lptfnhg40,"Stoney Pointe Commons Ii - Affordable Housing in Akron, OH | Section 8 ...",housing_directory_or_other_web_source,https://section8search.org/ohio/akron/stoney-pointe-commons-ii/nd61ki4s2lzjfm2g549uw4ra,Outside read via DuckDuckGo: a property-specific source identifies the matched name and location. This outside evidence is used for linkage only; it does not adjudicate the conflicting or repeated unit totals.,2026-08-09,accept,same_property_changed_or_component_totals,Accept the provisional linkage as one physical development. Preserve the component HUD records as project episodes. Unit aggregation is a separate unresolved decision.,2026-08-09
296,DEV_OHA20240036,unresolved_component_or_changed_totals,THE LOFTS AT KETTERING TOWN CENTER,KETTERING,OH,2,2024,2024,normalized_name_identical_multisite_set+normalized_name_standardized_primary_address,51|7,51|7,210032,3233 WOODMAN DR,accept,same_property_changed_or_component_totals,"Internal HUD read: OHA20240037 (PIS 2024, state ID 210032, units 51); OHA20240036 (PIS 2024, state ID 210032, units 7). Link evidence: normalized_name_identical_multisite_set+normalized_name_standardized_primary_address. Distinct published primary-address strings: 1.",2026-08-09,accept,external_property_identity_consistent,DuckDuckGo,https://html.duckduckgo.com/html/?q=%22THE%20LOFTS%20AT%20KETTERING%20TOWN%20CENTER%22%20%22KETTERING%22%20%223233%20WOODMAN%20DR%22%20affordable%20housing,"The Lofts At Kettering Town Center 460 3233 Woodman Dr in Dayton, OH ...",housing_directory_or_other_web_source,https://www.affordablehousing.com/dayton-oh/the-lofts-at-kettering-town-center-460-646614,,,,Outside read via DuckDuckGo: a property-specific source identifies the matched name and location. This outside evidence is used for linkage only; it does not adjudicate the conflicting or repeated unit totals.,2026-08-09,accept,same_property_changed_or_component_totals,Accept the provisional linkage as one physical development. Preserve the component HUD records as project episodes. Unit aggregation is a separate unresolved decision.,2026-08-09
297,DEV_OHA20240039,unresolved_component_or_changed_totals,THE SENIOR VILLAGE AT KETTERING TOWN CENTER,KETTERING,OH,2,2024,2024,normalized_name_identical_multisite_set+normalized_name_standardized_primary_address,52|8,52|8,210039,3253 WOODMAN DR,accept,same_property_changed_or_component_totals,"Internal HUD read: OHA20240040 (PIS 2024, state ID 210039, units 52); OHA20240039 (PIS 2024, state ID 210039, units 8). Link evidence: normalized_name_identical_multisite_set+normalized_name_standardized_primary_address. Distinct published primary-address strings: 1.",2026-08-09,accept,external_property_identity_consistent,DuckDuckGo,https://html.duckduckgo.com/html/?q=%22THE%20SENIOR%20VILLAGE%20AT%20KETTERING%20TOWN%20CENTER%22%20%22KETTERING%22%20OH%20housing,"The Senior Village at Kettering Town Center Manager, Inc.",housing_directory_or_other_web_source,https://www.bizapedia.com/oh/the-senior-village-at-kettering-town-center-manager-inc.html,Senior Village at Kettering Town Center - SeniorsProTalk,housing_directory_or_other_web_source,https://seniorsprotalk.com/senior-village-at-kettering-town-center/,Outside read via DuckDuckGo: a property-specific source identifies the matched name and location. This outside evidence is used for linkage only; it does not adjudicate the conflicting or repeated unit totals.,2026-08-09,accept,same_property_changed_or_component_totals,Accept the provisional linkage as one physical development. Preserve the component HUD records as project episodes. Unit aggregation is a separate unresolved decision.,2026-08-09
298,DEV_OHA20230039,unresolved_component_or_changed_totals,UPPER SANDUSKY VILLAGE,UPPER SANDUSKY,OH,2,2023,2023,normalized_name_identical_multisite_set+normalized_name_standardized_primary_address,4|50,4|50,210009,202 WESTBROOK BLVD,accept,same_property_changed_or_component_totals,"Internal HUD read: OHA20230039 (PIS 2023, state ID 210009, units 50); OHA20230040 (PIS 2023, state ID 210009, units 4). Link evidence: normalized_name_identical_multisite_set+normalized_name_standardized_primary_address. Distinct published primary-address strings: 1.",2026-08-09,accept,external_property_identity_consistent,DuckDuckGo,https://html.duckduckgo.com/html/?q=%22UPPER%20SANDUSKY%20VILLAGE%22%20%22UPPER%20SANDUSKY%22%20%22202%20WESTBROOK%20BLVD%22%20affordable%20housing,"Upper Sandusky Village - Affordable Housing in Upper Sandusky, OH ...",housing_directory_or_other_web_source,https://section8search.org/ohio/upper-sandusky/upper-sandusky-village/iz4tij9wl3v20tt4vcpfh651,Upper Sandusky Village - UsLowCostHousing,housing_directory_or_other_web_source,https://sec8.uslowcosthousing.com/state/oh/upper-sandusky/upper-sandusky-village-36191/,Outside read via DuckDuckGo: a property-specific source identifies the matched name and location. This outside evidence is used for linkage only; it does not adjudicate the conflicting or repeated unit totals.,2026-08-09,accept,same_property_changed_or_component_totals,Accept the provisional linkage as one physical development. Preserve the component HUD records as project episodes. Unit aggregation is a separate unresolved decision.,2026-08-09
299,DEV_OHA20240043,unresolved_component_or_changed_totals,VANDALIA POINT,CINCINNATI,OH,2,2024,2024,normalized_name_identical_multisite_set+normalized_name_standardized_primary_address,2|52,2|52,220043,1601 BLUE ROCK STREET,accept,same_property_changed_or_component_totals,"Internal HUD read: OHA20240043 (PIS 2024, state ID 220043, units 2); OHA20240044 (PIS 2024, state ID 220043, units 52). Link evidence: normalized_name_identical_multisite_set+normalized_name_standardized_primary_address. Distinct published primary-address strings: 1.",2026-08-09,accept,external_property_identity_consistent,Browser + web search,https://html.duckduckgo.com/html/?q=%22VANDALIA%20POINT%22%20%22CINCINNATI%22%20%221601%20BLUE%20ROCK%20STREET%22%20affordable%20housing,OHFA 2022 Strategic Initiatives — Vandalia Point,official_public,https://ohiohome.org/ppd/documents/2022-StrategicInitiativesMemo.pdf,OHFA Vandalia Point application,official_public,https://ohiohome.org/ppd/proposals/2022/CentralCity/VandaliaPoint.pdf,Ohio Housing Finance Agency materials identify Vandalia Point at 1601 Blue Rock Street as one 52-unit development. The two HUD rows share the same state ID; the two-unit row is not a separate physical property.,2026-08-09,accept,same_property_changed_or_component_totals,Accept the provisional linkage as one physical development. Preserve the component HUD records as project episodes. Unit aggregation is a separate unresolved decision.,2026-08-09
300,DEV_PAA19880455,unresolved_component_or_changed_totals,BUCKEYE APTS,EDINBORO,PA,2,1988,1988,normalized_name_standardized_primary_address,5|7,5|7,TC1988-0013|TC1988-0014,216 WATER ST,accept,same_property_changed_or_component_totals,"Internal HUD read: PAA19880455 (PIS 1988, state ID TC1988-0013, units 5); PAA19880460 (PIS 1988, state ID TC1988-0014, units 7). Link evidence: normalized_name_standardized_primary_address. Distinct published primary-address strings: 1.",2026-08-09,accept,external_property_identity_consistent,DuckDuckGo,https://html.duckduckgo.com/html/?q=%22BUCKEYE%20APTS%22%20%22EDINBORO%22%20%22216%20WATER%20ST%22%20affordable%20housing,"Buckeye Apts - Affordable Housing in Edinboro, PA | Section 8 Search",housing_directory_or_other_web_source,https://section8search.org/pennsylvania/edinboro/buckeye-apts/wqola8o3pxkhu0vxltzt2m3h,"Buckeye Apts | Affordable Apartments for Rent in Edinboro, PA",housing_directory_or_other_web_source,https://hellosection8.com/id-paa19880460-low-income-apartments-in-pa_edinboro.html,Outside read via DuckDuckGo: a property-specific source identifies the matched name and location. This outside evidence is used for linkage only; it does not adjudicate the conflicting or repeated unit totals.,2026-08-09,accept,same_property_changed_or_component_totals,Accept the provisional linkage as one physical development. Preserve the component HUD records as project episodes. Unit aggregation is a separate unresolved decision.,2026-08-09
301,DEV_PAA19920210,unresolved_component_or_changed_totals,OGONTZ HALL,PHILADELPHIA,PA,2,1992,1992,normalized_name_standardized_primary_address,25|6,25|6,TC19900028|TC19900176,7171 OGONTZ AVE,accept,same_property_changed_or_component_totals,"Internal HUD read: PAA19920210 (PIS 1992, state ID TC19900176, units 6); PAA19920215 (PIS 1992, state ID TC19900028, units 25). Link evidence: normalized_name_standardized_primary_address. Distinct published primary-address strings: 1.",2026-08-09,accept,external_property_identity_consistent,DuckDuckGo,https://html.duckduckgo.com/html/?q=%22OGONTZ%20HALL%22%20%22PHILADELPHIA%22%20%227171%20OGONTZ%20AVE%22%20affordable%20housing,"OGONTZ HALL | Low Income Housing | 7171 OGONTZ AVE Philadelphia, PA ...",housing_directory_or_other_web_source,https://www.affordablehousing411.com/housing/lihtc-details-ogontz-hall-7171-ogontz-ave-philadelphia-pa-19138/,"Ogontz Hall | Affordable Apartments for Rent in Philadelphia, PA",housing_directory_or_other_web_source,https://hellosection8.com/id-paa19920215-low-income-apartments-in-pa_philadelphia.html,Outside read via DuckDuckGo: a property-specific source identifies the matched name and location. This outside evidence is used for linkage only; it does not adjudicate the conflicting or repeated unit totals.,2026-08-09,accept,same_property_changed_or_component_totals,Accept the provisional linkage as one physical development. Preserve the component HUD records as project episodes. Unit aggregation is a separate unresolved decision.,2026-08-09
302,DEV_PAA00000246,unresolved_component_or_changed_totals,ST MICHAELS ON THE HILL,JESSUP,PA,2,2016,2016,normalized_name_identical_multisite_set,31|40,31|40,PA1012-1140|TC20150624,321 2ND AVE|399 SECOND AVE,accept,same_property_changed_or_component_totals,"Internal HUD read: PAA00000246 (PIS 8888, state ID PA1012-1140, units 40); PAA20160004 (PIS 2016, state ID TC20150624, units 31). Link evidence: normalized_name_identical_multisite_set. Distinct published primary-address strings: 2.",2026-08-09,accept,external_property_identity_consistent,DuckDuckGo,https://html.duckduckgo.com/html/?q=%22ST%20MICHAELS%20ON%20THE%20HILL%22%20%22JESSUP%22%20%22321%202ND%20AVE%22%20affordable%20housing,"St Michaels on the Hill, 321 2nd Ave, Jessup, PA 18434-1147, US - MapQuest",housing_directory_or_other_web_source,https://www.mapquest.com/us/pennsylvania/st-michaels-on-the-hill-367518151,"St Michaels On The Hill in Jessup, Pennsylvania - PAA20160004",housing_directory_or_other_web_source,https://www.crediohub.com/LIHTC-properties/l/41118/st-michaels-on-the-hill-paa20160004,Outside read via DuckDuckGo: a property-specific source identifies the matched name and location. This outside evidence is used for linkage only; it does not adjudicate the conflicting or repeated unit totals.,2026-08-09,accept,same_property_changed_or_component_totals,Accept the provisional linkage as one physical development. Preserve the component HUD records as project episodes. Unit aggregation is a separate unresolved decision.,2026-08-09
303,DEV_PAA19870420,unresolved_component_or_changed_totals,WASHINGTON SQUARE APTS,HARRISBURG,PA,4,1987,1988,normalized_name_standardized_primary_address,14|36|4|40,1|3|8,TC1987-0038|TC1987-0039|TC1988-0055|TC1988-0056,201 MULBERRY ST,accept,same_property_changed_or_component_totals,"Internal HUD read: PAA19870420 (PIS 1987, state ID TC1987-0038, units 36); PAA19870425 (PIS 1987, state ID TC1987-0039, units 40); PAA19880685 (PIS 1988, state ID TC1988-0055, units 4); PAA19880690 (PIS 1988, state ID TC1988-0056, units 14). Link evidence: normalized_name_standardized_primary_address. Distinct published primary-address strings: 1.",2026-08-09,accept,external_property_identity_consistent,DuckDuckGo,https://html.duckduckgo.com/html/?q=%22WASHINGTON%20SQUARE%20APTS%22%20%22HARRISBURG%22%20%22201%20MULBERRY%20ST%22%20affordable%20housing,"Washington Square Apts - Affordable Housing in Harrisburg, PA | Section ...",housing_directory_or_other_web_source,https://section8search.org/pennsylvania/harrisburg/washington-square-apts/cl8tpr1zrwkr8fhnq9pjagqr,WASHINGTON SQUARE APTS | Low Income Housing | 201 MULBERRY ST ...,housing_directory_or_other_web_source,https://www.affordablehousing411.com/housing/lihtc-details-washington-square-apts-201-mulberry-st-harrisburg-pa-17104/,Outside read via DuckDuckGo: a property-specific source identifies the matched name and location. This outside evidence is used for linkage only; it does not adjudicate the conflicting or repeated unit totals.,2026-08-09,accept,same_property_changed_or_component_totals,Accept the provisional linkage as one physical development. Preserve the component HUD records as project episodes. Unit aggregation is a separate unresolved decision.,2026-08-09
304,DEV_TNA19880801,unresolved_component_or_changed_totals,CARLTON CONCEPTS APTS,KNOXVILLE,TN,2,1988,1988,normalized_name_standardized_primary_address,11|49,11|49,TN-88-161|TN-88-162,7010 NATURE TRAILS BLVD,accept,same_property_changed_or_component_totals,"Internal HUD read: TNA19880801 (PIS 1988, state ID TN-88-162, units 49); TNA19880802 (PIS 1988, state ID TN-88-161, units 11). Link evidence: normalized_name_standardized_primary_address. Distinct published primary-address strings: 1.",2026-08-09,accept,external_property_identity_consistent,DuckDuckGo,https://html.duckduckgo.com/html/?q=%22CARLTON%20CONCEPTS%20APTS%22%20%22KNOXVILLE%22%20%227010%20NATURE%20TRAILS%20BLVD%22%20affordable%20housing,"Carlton Concepts Apts | Affordable Apartments for Rent in Knoxville, TN",housing_directory_or_other_web_source,https://hellosection8.com/id-tna19880801-low-income-apartments-in-tn_knoxville.html,CARLTON CONCEPTS APTS - Affordable Housing 411,housing_directory_or_other_web_source,https://www.affordablehousing411.com/housing/lihtc-details-carlton-concepts-apts-7010-nature-trails-blvd-knoxville-tn-37931/,Outside read via DuckDuckGo: a property-specific source identifies the matched name and location. This outside evidence is used for linkage only; it does not adjudicate the conflicting or repeated unit totals.,2026-08-09,accept,same_property_changed_or_component_totals,Accept the provisional linkage as one physical development. Preserve the component HUD records as project episodes. Unit aggregation is a separate unresolved decision.,2026-08-09
305,DEV_UTA20030015,unresolved_component_or_changed_totals,CANYON VIEW APTS.,CEDAR CITY,UT,2,2003,2003,normalized_name_identical_multisite_set,30|80,30|64,2000-04|2003-01,1264 NORTH CEDAR BLVD.|142 WEST 500 NORTH,accept,same_property_changed_or_component_totals,"Internal HUD read: UTA20030017 (PIS 2003, state ID 2000-04, units 30); UTA20030015 (PIS 2003, state ID 2003-01, units 80). Link evidence: normalized_name_identical_multisite_set. Distinct published primary-address strings: 2.",2026-08-09,accept,external_property_identity_consistent,DuckDuckGo,https://html.duckduckgo.com/html/?q=%22CANYON%20VIEW%20APTS.%22%20%22CEDAR%20CITY%22%20%221264%20NORTH%20CEDAR%20BLVD.%22%20affordable%20housing,CANYON VIEW APTS. | Low Income Housing | 1264 NORTH CEDAR BLVD. Cedar ...,housing_directory_or_other_web_source,https://www.affordablehousing411.com/housing/lihtc-details-canyon-view-apts-1264-north-cedar-blvd-cedar-city-ut-84721/,"Canyon View Apts. in Cedar City, Utah - UTA20030015",housing_directory_or_other_web_source,https://www.crediohub.com/LIHTC-properties/l/47141/canyon-view-apts-uta20030015,Outside read via DuckDuckGo: a property-specific source identifies the matched name and location. This outside evidence is used for linkage only; it does not adjudicate the conflicting or repeated unit totals.,2026-08-09,accept,same_property_changed_or_component_totals,Accept the provisional linkage as one physical development. Preserve the component HUD records as project episodes. Unit aggregation is a separate unresolved decision.,2026-08-09
306,DEV_UTA19940085,unresolved_component_or_changed_totals,RIDGEVIEW APTS.,MOAB,UT,2,1994,1995,normalized_name_identical_multisite_set,6|78,6|78,1994-04|1994-12,520 SOUTH KANE CREEK BLVD.|710 NORTH WASHINGTON,accept,same_property_changed_or_component_totals,"Internal HUD read: UTA19940085 (PIS 1994, state ID 1994-04, units 6); UTA19950906 (PIS 1995, state ID 1994-12, units 78). Link evidence: normalized_name_identical_multisite_set. Distinct published primary-address strings: 2.",2026-08-09,accept,external_property_identity_consistent,DuckDuckGo,https://html.duckduckgo.com/html/?q=%22RIDGEVIEW%20APTS.%22%20%22MOAB%22%20%22520%20SOUTH%20KANE%20CREEK%20BLVD.%22%20affordable%20housing,RIDGEVIEW APTS. | Low Income Housing | 520 SOUTH KANE CREEK BLVD. Moab ...,housing_directory_or_other_web_source,https://www.affordablehousing411.com/housing/lihtc-details-ridgeview-apts-520-south-kane-creek-blvd-moab-ut-84532/,"Ridgeview Apts. in Moab, Utah - UTA19940085 - crediohub.com",housing_directory_or_other_web_source,https://www.crediohub.com/LIHTC-properties/l/46991/ridgeview-apts-uta19940085,Outside read via DuckDuckGo: a property-specific source identifies the matched name and location. This outside evidence is used for linkage only; it does not adjudicate the conflicting or repeated unit totals.,2026-08-09,accept,same_property_changed_or_component_totals,Accept the provisional linkage as one physical development. Preserve the component HUD records as project episodes. Unit aggregation is a separate unresolved decision.,2026-08-09
307,DEV_UTA20070033,unresolved_component_or_changed_totals,SPRING HOLLOW APTS.,WEST JORDAN,UT,2,2007,2007,normalized_name_identical_multisite_set,44|50,44|50,2002-29|2007-19,1300 WEST 7011 SOUTH|1360 NORTH 200 EAST,accept,same_property_changed_or_component_totals,"Internal HUD read: UTA20070033 (PIS 2007, state ID 2002-29, units 44); UTA20070035 (PIS 2007, state ID 2007-19, units 50). Link evidence: normalized_name_identical_multisite_set. Distinct published primary-address strings: 2.",2026-08-09,accept,external_property_identity_consistent,DuckDuckGo,https://html.duckduckgo.com/html/?q=%22SPRING%20HOLLOW%20APTS.%22%20%22WEST%20JORDAN%22%20%221300%20WEST%207011%20SOUTH%22%20affordable%20housing,SPRING HOLLOW APTS. | Low Income Housing | 1300 WEST 7011 SOUTH West ...,housing_directory_or_other_web_source,https://www.affordablehousing411.com/housing/lihtc-details-spring-hollow-apts-1300-west-7011-south-west-jordan-ut/,"Spring Hollow Apts. in West Jordan, Utah - UTA20070033",housing_directory_or_other_web_source,https://www.crediohub.com/LIHTC-properties/l/47220/spring-hollow-apts-uta20070033,Outside read via DuckDuckGo: a property-specific source identifies the matched name and location. This outside evidence is used for linkage only; it does not adjudicate the conflicting or repeated unit totals.,2026-08-09,accept,same_property_changed_or_component_totals,Accept the provisional linkage as one physical development. Preserve the component HUD records as project episodes. Unit aggregation is a separate unresolved decision.,2026-08-09
308,DEV_VAA20020513,unresolved_component_or_changed_totals,ASPEN CLUB,BEALETON,VA,2,2002,2022,normalized_name_identical_multisite_set,108|138,108|138,7250|9933,6337 VILLAGE CENTER DR.|6341B VILLAGE CTR DR,accept,same_property_changed_or_component_totals,"Internal HUD read: VAA20020513 (PIS 2002, state ID 7250, units 108); VAA20222015 (PIS 2022, state ID 9933, units 138). Link evidence: normalized_name_identical_multisite_set. Distinct published primary-address strings: 2.",2026-08-09,accept,external_property_identity_consistent,DuckDuckGo,https://html.duckduckgo.com/html/?q=%22ASPEN%20CLUB%22%20%22BEALETON%22%20VA%20housing,"Aspen Village ( Aka Villages at Aspen Club ) in Bealeton, Virginia",housing_press,https://affordablehousingonline.com/housing-search/Virginia/Bealeton/Aspen-Village-(-Aka-Villages-at-Aspen-Club-)/10042927,Aspen Club - Hud Housing Network,housing_directory_or_other_web_source,https://hudhousingnetwork.com/va/fauquier/bealeton/low-income-housing-details/45102/aspen-club,Outside read via DuckDuckGo: a property-specific source identifies the matched name and location. This outside evidence is used for linkage only; it does not adjudicate the conflicting or repeated unit totals.,2026-08-09,accept,same_property_changed_or_component_totals,Accept the provisional linkage as one physical development. Preserve the component HUD records as project episodes. Unit aggregation is a separate unresolved decision.,2026-08-09
309,DEV_VAA20060035,unresolved_component_or_changed_totals,GRAND OAKS,CHESTER,VA,2,2006,2024,normalized_name_identical_multisite_set+normalized_name_standardized_primary_address,184|216,184|216,10196|8923,5301 GRAND OAKS FOREST CIR|5301 GRAND OAKS FOREST CIRCLE,accept,same_property_changed_or_component_totals,"Internal HUD read: VAA20060035 (PIS 2006, state ID 8923, units 184); VAA20240011 (PIS 2024, state ID 10196, units 216). Link evidence: normalized_name_identical_multisite_set+normalized_name_standardized_primary_address. Distinct published primary-address strings: 2.",2026-08-09,accept,external_property_identity_consistent,DuckDuckGo,https://html.duckduckgo.com/html/?q=%22GRAND%20OAKS%22%20%22CHESTER%22%20%225301%20GRAND%20OAKS%20FOREST%20CIR%22%20affordable%20housing,GRAND OAKS | Low Income Housing | 5301 GRAND OAKS FOREST CIR Chester ...,housing_directory_or_other_web_source,https://www.affordablehousing411.com/housing/lihtc-details-grand-oaks-5301-grand-oaks-forest-cir-chester-va-23831/,Grand Oaks Apartment Homes - 5301 Grand Oaks Forest Cir Chester VA (4 ...,property_listing_or_public_records,https://www.zillow.com/apartments/chester-va/grand-oaks-apartment-homes/5Xt843/,Outside read via DuckDuckGo: a property-specific source identifies the matched name and location. This outside evidence is used for linkage only; it does not adjudicate the conflicting or repeated unit totals.,2026-08-09,accept,same_property_changed_or_component_totals,Accept the provisional linkage as one physical development. Preserve the component HUD records as project episodes. Unit aggregation is a separate unresolved decision.,2026-08-09
310,DEV_VTA19900030,unresolved_component_or_changed_totals,WINCHESTER PLACE,COLCHESTER,VT,2,1990,2015,normalized_name_standardized_primary_address,148|166,75|76,0190|0497,ROUTE 15,accept,same_property_changed_or_component_totals,"Internal HUD read: VTA19900030 (PIS 1990, state ID 0190, units 166); VTA20151003 (PIS 2015, state ID 0497, units 148). Link evidence: normalized_name_standardized_primary_address. Distinct published primary-address strings: 1.",2026-08-09,accept,external_property_identity_consistent,DuckDuckGo,https://html.duckduckgo.com/html/?q=%22WINCHESTER%20PLACE%22%20%22COLCHESTER%22%20%22ROUTE%2015%22%20affordable%20housing,"Winchester Place - Affordable Housing in Colchester, VT | Section 8 Search",housing_directory_or_other_web_source,https://section8search.org/vermont/colchester/winchester-place/b8c4k4fc8v24vkcbnw61z53a,"WINCHESTER PLACE | Low Income Housing | ROUTE 15 Colchester, VT ...",housing_directory_or_other_web_source,https://www.affordablehousing411.com/housing/lihtc-details-winchester-place-route-15-colchester-vt/,Outside read via DuckDuckGo: a property-specific source identifies the matched name and location. This outside evidence is used for linkage only; it does not adjudicate the conflicting or repeated unit totals.,2026-08-09,accept,same_property_changed_or_component_totals,Accept the provisional linkage as one physical development. Preserve the component HUD records as project episodes. Unit aggregation is a separate unresolved decision.,2026-08-09
311,DEV_WAA20090015,unresolved_component_or_changed_totals,BART HARVEY,SEATTLE,WA,2,2009,2009,normalized_name_identical_multisite_set+normalized_name_standardized_primary_address,49|50,49,07-19|WA-07-00302,430 MINOR AVE N|430 MINOR AVE NORTH,accept,same_property_changed_or_component_totals,"Internal HUD read: WAA20090015 (PIS 2009, state ID WA-07-00302, units 49); WAA20097003 (PIS 2009, state ID 07-19, units 50). Link evidence: normalized_name_identical_multisite_set+normalized_name_standardized_primary_address. Distinct published primary-address strings: 2.",2026-08-09,accept,external_property_identity_consistent,DuckDuckGo,https://html.duckduckgo.com/html/?q=%22BART%20HARVEY%22%20%22SEATTLE%22%20%22430%20MINOR%20AVE%20N%22%20affordable%20housing,"Bart Harvey, The | Multifamily Housing | 430 Minor Ave N Seattle, WA ...",housing_directory_or_other_web_source,https://www.affordablehousing411.com/housing/multifamily-housing-details-bart-harvey-the-430-minor-ave-n-seattle-wa-98109/,"Affordable Housing in Seattle, WA: BART HARVEY - Section 8 Search",housing_directory_or_other_web_source,https://section8search.org/washington/seattle/bart-harvey/a6fqxrb02afjlh6kurop6tdj,Outside read via DuckDuckGo: a property-specific source identifies the matched name and location. This outside evidence is used for linkage only; it does not adjudicate the conflicting or repeated unit totals.,2026-08-09,accept,same_property_changed_or_component_totals,Accept the provisional linkage as one physical development. Preserve the component HUD records as project episodes. Unit aggregation is a separate unresolved decision.,2026-08-09
312,DEV_WAA20040030,unresolved_component_or_changed_totals,COURTLAND PLACE AT RAINIER COURT,SEATTLE,WA,2,2004,2005,normalized_name_standardized_primary_address,206|208,206,02-82|WA-02-00310,3621 - 33RD AVE S|3621 33RD AVE S,accept,same_property_changed_or_component_totals,"Internal HUD read: WAA20040030 (PIS 2004, state ID WA-02-00310, units 206); WAA20059048 (PIS 2005, state ID 02-82, units 208). Link evidence: normalized_name_standardized_primary_address. Distinct published primary-address strings: 2.",2026-08-09,accept,external_property_identity_consistent,DuckDuckGo,https://html.duckduckgo.com/html/?q=%22COURTLAND%20PLACE%20AT%20RAINIER%20COURT%22%20%22SEATTLE%22%20%223621%20-%2033RD%20AVE%20S%22%20affordable%20housing,"Courtland Place At Rainier Court - Affordable Housing in Seattle, WA ...",housing_directory_or_other_web_source,https://section8search.org/washington/seattle/courtland-place-at-rainier-court/mis13zgvn0xkfhcga5kmqnqg,,,,Outside read via DuckDuckGo: a property-specific source identifies the matched name and location. This outside evidence is used for linkage only; it does not adjudicate the conflicting or repeated unit totals.,2026-08-09,accept,same_property_changed_or_component_totals,Accept the provisional linkage as one physical development. Preserve the component HUD records as project episodes. Unit aggregation is a separate unresolved decision.,2026-08-09
313,DEV_WAA20040035,unresolved_component_or_changed_totals,DESERT HAVEN,OTHELLO,WA,2,2004,2004,normalized_name_identical_multisite_set,25|26,25,02-52|WA-02-00444,835 S 7TH AVE|935 S SEVENTH AVE,accept,same_property_changed_or_component_totals,"Internal HUD read: WAA20040035 (PIS 2004, state ID WA-02-00444, units 25); WAA20049008 (PIS 2004, state ID 02-52, units 26). Link evidence: normalized_name_identical_multisite_set. Distinct published primary-address strings: 2.",2026-08-09,accept,external_property_identity_consistent,Browser + web search,https://html.duckduckgo.com/html/?q=%22DESERT%20HAVEN%22%20%22OTHELLO%22%20%22835%20S%207TH%20AVE%22%20affordable%20housing,Washington Department of Revenue — Desert Haven,official_public,https://dor.wa.gov/exemptions/adams,Desert Haven — 935 South Seventh Avenue,housing_directory_or_other_web_source,https://section8search.org/washington/othello/desert-haven/ne86uumpspgs997ko1pk2ix6,Washington public records and outside housing listings identify Desert Haven at 935 South Seventh Avenue. The spelling and unit-count variants refer to the same physical property.,2026-08-09,accept,same_property_changed_or_component_totals,Accept the provisional linkage as one physical development. Preserve the component HUD records as project episodes. Unit aggregation is a separate unresolved decision.,2026-08-09
314,DEV_WAA20110833,unresolved_component_or_changed_totals,HOPESOURCE SCATTERED SITE PROJECT,ELLENSBURG,WA,2,2011,2012,normalized_name_standardized_primary_address,95|98,95,08-22|09-33,401 E CHERRY LN|401 EAST CHERRY LANE,accept,same_property_changed_or_component_totals,"Internal HUD read: WAA20110833 (PIS 2011, state ID 09-33, units 95); WAA20128013 (PIS 2012, state ID 08-22, units 98). Link evidence: normalized_name_standardized_primary_address. Distinct published primary-address strings: 2.",2026-08-09,accept,external_property_identity_consistent,DuckDuckGo,https://html.duckduckgo.com/html/?q=%22HOPESOURCE%20SCATTERED%20SITE%20PROJECT%22%20%22ELLENSBURG%22%20%22401%20E%20CHERRY%20LN%22%20affordable%20housing,Hopesource Scattered Site Project - UsLowCostHousing,housing_directory_or_other_web_source,https://sec8.uslowcosthousing.com/state/wa/ellensburg/hopesource-scattered-site-project-46972/,Hopesource Scattered Site Project - Affordable Housing in Ellensburg ...,housing_directory_or_other_web_source,https://section8search.org/washington/ellensburg/hopesource-scattered-site-project/vqdgkblmq7fp6s3jjcopge1z,Outside read via DuckDuckGo: a property-specific source identifies the matched name and location. This outside evidence is used for linkage only; it does not adjudicate the conflicting or repeated unit totals.,2026-08-09,accept,same_property_changed_or_component_totals,Accept the provisional linkage as one physical development. Preserve the component HUD records as project episodes. Unit aggregation is a separate unresolved decision.,2026-08-09
315,DEV_WAA20040095,unresolved_component_or_changed_totals,INTERNATIONAL HOUSE,SEATTLE,WA,2,2004,2005,normalized_name_standardized_primary_address,98|99,98,03-16A|WA-03-00415,607 MAYNARD AVE S|607 MAYNARD AVENUE S,accept,same_property_changed_or_component_totals,"Internal HUD read: WAA20040095 (PIS 2004, state ID WA-03-00415, units 98); WAA20059054 (PIS 2005, state ID 03-16A, units 99). Link evidence: normalized_name_standardized_primary_address. Distinct published primary-address strings: 2.",2026-08-09,accept,external_property_identity_consistent,DuckDuckGo,https://html.duckduckgo.com/html/?q=%22INTERNATIONAL%20HOUSE%22%20%22SEATTLE%22%20%22607%20MAYNARD%20AVE%20S%22%20affordable%20housing,"International House Apartments | Senior Apartments Seattle, WA ...",housing_directory_or_other_web_source,https://www.seniorresource.com/senior_apartments/international-house-apartments/,"International House | Senior Apartments Seattle, WA | SeniorResource",housing_directory_or_other_web_source,https://www.seniorresource.com/senior_apartments/international-house/,Outside read via DuckDuckGo: a property-specific source identifies the matched name and location. This outside evidence is used for linkage only; it does not adjudicate the conflicting or repeated unit totals.,2026-08-09,accept,same_property_changed_or_component_totals,Accept the provisional linkage as one physical development. Preserve the component HUD records as project episodes. Unit aggregation is a separate unresolved decision.,2026-08-09
316,DEV_WAA20090804,unresolved_component_or_changed_totals,MCDERMOTT PLACE,SEATTLE,WA,2,2009,2010,normalized_name_standardized_primary_address,75|76,75,08-15|WA-08-00111,12740 - 33RD AVE NE|12740 33RD AVE NE,accept,same_property_changed_or_component_totals,"Internal HUD read: WAA20090804 (PIS 2009, state ID WA-08-00111, units 75); WAA20109011 (PIS 2010, state ID 08-15, units 76). Link evidence: normalized_name_standardized_primary_address. Distinct published primary-address strings: 2.",2026-08-09,accept,external_property_identity_consistent,DuckDuckGo,https://html.duckduckgo.com/html/?q=%22MCDERMOTT%20PLACE%22%20%22SEATTLE%22%20%2212740%20-%2033RD%20AVE%20NE%22%20affordable%20housing,"Mcdermott Place in Seattle, Washington - WAA20109011",housing_directory_or_other_web_source,https://www.crediohub.com/LIHTC-properties/l/49886/mcdermott-place-waa20109011,,,,Outside read via DuckDuckGo: a property-specific source identifies the matched name and location. This outside evidence is used for linkage only; it does not adjudicate the conflicting or repeated unit totals.,2026-08-09,accept,same_property_changed_or_component_totals,Accept the provisional linkage as one physical development. Preserve the component HUD records as project episodes. Unit aggregation is a separate unresolved decision.,2026-08-09
317,DEV_WAA19950085,unresolved_component_or_changed_totals,PACIFIC HOTEL,SEATTLE,WA,2,1995,2001,normalized_name_standardized_primary_address,111|112,109|112,93-30V|WA-93-00007,317 MARION ST|317 MARION STREET,accept,same_property_changed_or_component_totals,"Internal HUD read: WAA19950085 (PIS 1995, state ID WA-93-00007, units 112); WAA20019021 (PIS 2001, state ID 93-30V, units 111). Link evidence: normalized_name_standardized_primary_address. Distinct published primary-address strings: 2.",2026-08-09,accept,external_property_identity_consistent,DuckDuckGo,https://html.duckduckgo.com/html/?q=%22PACIFIC%20HOTEL%22%20%22SEATTLE%22%20%22317%20MARION%20ST%22%20affordable%20housing,"Pacific Hotel - Affordable Housing in Seattle, WA | Section 8 Search",housing_directory_or_other_web_source,https://section8search.org/washington/seattle/pacific-hotel/zkt5ba1mh98w3a1frixeb7i5,"PACIFIC HOTEL | Low Income Housing | 317 MARION ST Seattle, WA 98104 ...",housing_directory_or_other_web_source,https://www.affordablehousing411.com/housing/lihtc-details-pacific-hotel-317-marion-st-seattle-wa-98104/,Outside read via DuckDuckGo: a property-specific source identifies the matched name and location. This outside evidence is used for linkage only; it does not adjudicate the conflicting or repeated unit totals.,2026-08-09,accept,same_property_changed_or_component_totals,Accept the provisional linkage as one physical development. Preserve the component HUD records as project episodes. Unit aggregation is a separate unresolved decision.,2026-08-09
318,DEV_WAA20060160,unresolved_component_or_changed_totals,PARKLAND MANOR,TACOMA,WA,2,2006,2007,normalized_name_standardized_primary_address,39|40,39,05-166A|WA-05-00470,1756 - 106TH ST S|1756 106TH ST S,accept,same_property_changed_or_component_totals,"Internal HUD read: WAA20060160 (PIS 2006, state ID WA-05-00470, units 39); WAA20079114 (PIS 2007, state ID 05-166A, units 40). Link evidence: normalized_name_standardized_primary_address. Distinct published primary-address strings: 2.",2026-08-09,accept,external_property_identity_consistent,DuckDuckGo,https://html.duckduckgo.com/html/?q=%22PARKLAND%20MANOR%22%20%22TACOMA%22%20%221756%20-%20106TH%20ST%20S%22%20affordable%20housing,"Parkland Manor | Affordable Apartments for Rent in Tacoma, WA",housing_directory_or_other_web_source,https://hellosection8.com/id-waa20069024-low-income-apartments-in-wa_tacoma.html,,,,Outside read via DuckDuckGo: a property-specific source identifies the matched name and location. This outside evidence is used for linkage only; it does not adjudicate the conflicting or repeated unit totals.,2026-08-09,accept,same_property_changed_or_component_totals,Accept the provisional linkage as one physical development. Preserve the component HUD records as project episodes. Unit aggregation is a separate unresolved decision.,2026-08-09
319,DEV_WAA19940125,unresolved_component_or_changed_totals,STUART PLACE,OLYMPIA,WA,2,1994,2000,normalized_name_standardized_primary_address,36|51,36|50,92-06AA|WA-92-00109,110 LEGION WAY SE,accept,same_property_changed_or_component_totals,"Internal HUD read: WAA19940125 (PIS 1994, state ID WA-92-00109, units 36); WAA20009030 (PIS 2000, state ID 92-06AA, units 51). Link evidence: normalized_name_standardized_primary_address. Distinct published primary-address strings: 1.",2026-08-09,accept,external_property_identity_consistent,DuckDuckGo,https://html.duckduckgo.com/html/?q=%22STUART%20PLACE%22%20%22OLYMPIA%22%20%22110%20LEGION%20WAY%20SE%22%20affordable%20housing,"Stuart Place - 110 Legion Way Se Olympia, WA 98501 | Apartments.com",property_listing_or_public_records,https://www.apartments.com/stuart-place-olympia-wa/pwlfm2s/,"STUART PLACE | Low Income Housing | 110 LEGION WAY SE Olympia, WA 98501 ...",housing_directory_or_other_web_source,https://www.affordablehousing411.com/housing/lihtc-details-stuart-place-110-legion-way-se-olympia-wa-98501/,Outside read via DuckDuckGo: a property-specific source identifies the matched name and location. This outside evidence is used for linkage only; it does not adjudicate the conflicting or repeated unit totals.,2026-08-09,accept,same_property_changed_or_component_totals,Accept the provisional linkage as one physical development. Preserve the component HUD records as project episodes. Unit aggregation is a separate unresolved decision.,2026-08-09
320,DEV_WAA20070270,unresolved_component_or_changed_totals,TEPEYAC HAVEN,PASCO,WA,2,2007,2007,normalized_name_identical_multisite_set,44|45,44,06-26|WA-06-00010,801 N 22ND AVE|801 N 22ND AVE UNIT F,accept,same_property_changed_or_component_totals,"Internal HUD read: WAA20070270 (PIS 2007, state ID WA-06-00010, units 44); WAA20079051 (PIS 2007, state ID 06-26, units 45). Link evidence: normalized_name_identical_multisite_set. Distinct published primary-address strings: 2.",2026-08-09,accept,external_property_identity_consistent,DuckDuckGo,https://html.duckduckgo.com/html/?q=%22TEPEYAC%20HAVEN%22%20%22PASCO%22%20%22801%20N%2022ND%20AVE%22%20affordable%20housing,"TEPEYAC HAVEN | Low Income Housing | 801 N 22ND AVE Pasco, WA 99301 ...",housing_directory_or_other_web_source,https://www.affordablehousing411.com/housing/lihtc-details-tepeyac-haven-801-n-22nd-ave-pasco-wa-99301/,"Tepeyac Haven - Affordable Housing in Pasco, WA | Section 8 Search",housing_directory_or_other_web_source,https://section8search.org/washington/pasco/tepeyac-haven/j2ip4s9xfrgi56xxljevex6q,Outside read via DuckDuckGo: a property-specific source identifies the matched name and location. This outside evidence is used for linkage only; it does not adjudicate the conflicting or repeated unit totals.,2026-08-09,accept,same_property_changed_or_component_totals,Accept the provisional linkage as one physical development. Preserve the component HUD records as project episodes. Unit aggregation is a separate unresolved decision.,2026-08-09
321,DEV_WAA20060195,unresolved_component_or_changed_totals,VILLA CAPRI,FEDERAL WAY,WA,2,2006,2007,normalized_name_identical_multisite_set+normalized_name_standardized_primary_address,85|86,85,05-32|WA-05-00204,28621 - 25TH PL S|28621 25TH PL S,accept,same_property_changed_or_component_totals,"Internal HUD read: WAA20060195 (PIS 2006, state ID WA-05-00204, units 85); WAA20079129 (PIS 2007, state ID 05-32, units 86). Link evidence: normalized_name_identical_multisite_set+normalized_name_standardized_primary_address. Distinct published primary-address strings: 2.",2026-08-09,accept,external_property_identity_consistent,DuckDuckGo,https://html.duckduckgo.com/html/?q=%22VILLA%20CAPRI%22%20%22FEDERAL%20WAY%22%20%2228621%20-%2025TH%20PL%20S%22%20affordable%20housing,"VILLA CAPRI | Low Income Housing | 28621 - 25TH PL S Federal Way, WA ...",housing_directory_or_other_web_source,https://www.affordablehousing411.com/housing/lihtc-details-villa-capri-28621-25th-pl-s-federal-way-wa-98003/,,,,Outside read via DuckDuckGo: a property-specific source identifies the matched name and location. This outside evidence is used for linkage only; it does not adjudicate the conflicting or repeated unit totals.,2026-08-09,accept,same_property_changed_or_component_totals,Accept the provisional linkage as one physical development. Preserve the component HUD records as project episodes. Unit aggregation is a separate unresolved decision.,2026-08-09
322,DEV_WAA20030205,unresolved_component_or_changed_totals,YWCA OPPORTUNITY PLACE,SEATTLE,WA,2,2003,2003,normalized_name_standardized_primary_address,130|145,130,02-125A|WA-02-00399,2024 THIRD AVE,accept,same_property_changed_or_component_totals,"Internal HUD read: WAA20030205 (PIS 2003, state ID WA-02-00399, units 130); WAA20039041 (PIS 2003, state ID 02-125A, units 145). Link evidence: normalized_name_standardized_primary_address. Distinct published primary-address strings: 1.",2026-08-09,accept,external_property_identity_consistent,DuckDuckGo,https://html.duckduckgo.com/html/?q=%22YWCA%20OPPORTUNITY%20PLACE%22%20%22SEATTLE%22%20%222024%20THIRD%20AVE%22%20affordable%20housing,"Ywca Opportunity Place - Affordable Housing in Seattle, WA | Section 8 ...",housing_directory_or_other_web_source,https://section8search.org/washington/seattle/ywca-opportunity-place/ikih5cxxvx4zn8q3ceu38e1m,YWCA OPPORTUNITY PLACE | Low Income Housing | 2024 THIRD AVE Seattle ...,housing_directory_or_other_web_source,https://www.affordablehousing411.com/housing/lihtc-details-ywca-opportunity-place-2024-third-ave-seattle-wa-98121/,Outside read via DuckDuckGo: a property-specific source identifies the matched name and location. This outside evidence is used for linkage only; it does not adjudicate the conflicting or repeated unit totals.,2026-08-09,accept,same_property_changed_or_component_totals,Accept the provisional linkage as one physical development. Preserve the component HUD records as project episodes. Unit aggregation is a separate unresolved decision.,2026-08-09
323,DEV_WIA20060045,unresolved_component_or_changed_totals,HOMETOWN HARBOR-RACINE,RACINE,WI,2,2006,2006,normalized_name_standardized_primary_address,14|72,14|57,3128|5042,1600 OHIO ST,accept,same_property_changed_or_component_totals,"Internal HUD read: WIA20060045 (PIS 2006, state ID 5042, units 72); WIA20069107 (PIS 2006, state ID 3128, units 14). Link evidence: normalized_name_standardized_primary_address. Distinct published primary-address strings: 1.",2026-08-09,accept,external_property_identity_consistent,DuckDuckGo,https://html.duckduckgo.com/html/?q=%22HOMETOWN%20HARBOR-RACINE%22%20%22RACINE%22%20%221600%20OHIO%20ST%22%20affordable%20housing,"HOMETOWN HARBOR-RACINE | Low Income Housing | 1600 OHIO ST Racine, WI ...",housing_directory_or_other_web_source,https://www.affordablehousing411.com/housing/lihtc-details-hometown-harbor-racine-1600-ohio-st-racine-wi-53405/,"Hometown Harbor-racine in Racine, Wisconsin - WIA20060045",housing_directory_or_other_web_source,https://www.crediohub.com/LIHTC-properties/l/51134/hometown-harbor-racine-wia20060045,Outside read via DuckDuckGo: a property-specific source identifies the matched name and location. This outside evidence is used for linkage only; it does not adjudicate the conflicting or repeated unit totals.,2026-08-09,accept,same_property_changed_or_component_totals,Accept the provisional linkage as one physical development. Preserve the component HUD records as project episodes. Unit aggregation is a separate unresolved decision.,2026-08-09
324,DEV_WIA19930110,unresolved_component_or_changed_totals,MADISON SFRO,MADISON,WI,5,1993,2002,normalized_name_standardized_primary_address,1|2|3|4|8,1|2|3|4|8,1379|2138|2155|2446|2494,712 DOUGLAS TRAIL,accept,same_property_changed_or_component_totals,"Internal HUD read: WIA19930110 (PIS 1993, state ID 1379, units 8); WIA19960090 (PIS 1996, state ID 2446, units 3); WIA19970105 (PIS 1997, state ID 2138, units 2); WIA19980115 (PIS 1998, state ID 2155, units 1); WIA20020110 (PIS 2002, state ID 2494, units 4). Link evidence: normalized_name_standardized_primary_address. Distinct published primary-address strings: 1.",2026-08-09,accept,external_property_identity_consistent,DuckDuckGo,https://html.duckduckgo.com/html/?q=%22MADISON%20SFRO%22%20%22MADISON%22%20%22712%20DOUGLAS%20TRAIL%22%20affordable%20housing,Madison Sfro - UsLowCostHousing,housing_directory_or_other_web_source,https://sec8.uslowcosthousing.com/state/wi/madison/madison-sfro-48866/,"MADISON SFRO | Low Income Housing | 712 DOUGLAS TRAIL Madison, WI 53716 ...",housing_directory_or_other_web_source,https://www.affordablehousing411.com/housing/lihtc-details-madison-sfro-712-douglas-trail-madison-wi-53716/,Outside read via DuckDuckGo: a property-specific source identifies the matched name and location. This outside evidence is used for linkage only; it does not adjudicate the conflicting or repeated unit totals.,2026-08-09,accept,same_property_changed_or_component_totals,Accept the provisional linkage as one physical development. Preserve the component HUD records as project episodes. Unit aggregation is a separate unresolved decision.,2026-08-09
325,DEV_WIA20152013,unresolved_component_or_changed_totals,MILWAUKEE PROSPERITY,MILWAUKEE,WI,2,2015,2015,normalized_name_identical_multisite_set,13|22,8|9,5968|6065,2750 N 17TH ST|2836 N 2ND ST,accept,same_property_changed_or_component_totals,"Internal HUD read: WIA20152013 (PIS 2015, state ID 5968, units 22); WIA20152014 (PIS 2015, state ID 6065, units 13). Link evidence: normalized_name_identical_multisite_set. Distinct published primary-address strings: 2.",2026-08-09,accept,external_property_identity_consistent,DuckDuckGo,https://html.duckduckgo.com/html/?q=%22MILWAUKEE%20PROSPERITY%22%20%22MILWAUKEE%22%20%222750%20N%2017TH%20ST%22%20affordable%20housing,"Milwaukee Prosperity - 2750 N 17th St Milwaukee, WI 53206 | Apartments.com",property_listing_or_public_records,https://www.apartments.com/milwaukee-prosperity-milwaukee-wi/1p8lt57/,MILWAUKEE PROSPERITY | Low Income Housing | 2750 N 17TH ST Milwaukee ...,housing_directory_or_other_web_source,https://www.affordablehousing411.com/housing/lihtc-details-milwaukee-prosperity-2750-n-17th-st-milwaukee-wi-53206/,Outside read via DuckDuckGo: a property-specific source identifies the matched name and location. This outside evidence is used for linkage only; it does not adjudicate the conflicting or repeated unit totals.,2026-08-09,accept,same_property_changed_or_component_totals,Accept the provisional linkage as one physical development. Preserve the component HUD records as project episodes. Unit aggregation is a separate unresolved decision.,2026-08-09
