unit_scope_question_id,development_id,hud_id,pass1_total_member_role,pass1_low_income_member_role,final_total_member_role,final_total_value_source,final_total_member_reason_code,final_low_income_member_role,final_low_income_value_source,final_low_income_member_reason_code,member_notes
UNITQ_DEV_AKA19940005,DEV_AKA19940005,AKA19940005,candidate_representative,unresolved_pending_outside_read,select_representative,reconciled_episode,selected_reporting_representative,evidence_only,none,no_reliable_value_after_search,Episode role assigned independently for total and low-income units.
UNITQ_DEV_AKA19940005,DEV_AKA19940005,AKA19949001,candidate_duplicate,unresolved_pending_outside_read,exclude_duplicate,none,duplicate_reporting_excluded,evidence_only,none,no_reliable_value_after_search,Episode role assigned independently for total and low-income units.
UNITQ_DEV_AKA19960020,DEV_AKA19960020,AKA19960020,candidate_representative,candidate_representative,select_representative,reconciled_episode,selected_reporting_representative,select_representative,reconciled_episode,selected_reporting_representative,Episode role assigned independently for total and low-income units.
UNITQ_DEV_AKA19960020,DEV_AKA19960020,AKA19969001,candidate_duplicate,candidate_duplicate,exclude_duplicate,none,duplicate_reporting_excluded,exclude_duplicate,none,duplicate_reporting_excluded,Episode role assigned independently for total and low-income units.
UNITQ_DEV_AKA19970035,DEV_AKA19970035,AKA19970035,candidate_representative,candidate_representative,select_representative,reconciled_episode,selected_reporting_representative,select_representative,reconciled_episode,selected_reporting_representative,Episode role assigned independently for total and low-income units.
UNITQ_DEV_AKA19970035,DEV_AKA19970035,AKA19979001,candidate_duplicate,candidate_duplicate,exclude_duplicate,none,duplicate_reporting_excluded,exclude_duplicate,none,duplicate_reporting_excluded,Episode role assigned independently for total and low-income units.
UNITQ_DEV_AKA19970040,DEV_AKA19970040,AKA19970040,unresolved_pending_outside_read,unresolved_pending_outside_read,evidence_only,none,no_reliable_value_after_search,evidence_only,none,no_reliable_value_after_search,Episode role assigned independently for total and low-income units.
UNITQ_DEV_AKA19970040,DEV_AKA19970040,AKA19979007,unresolved_pending_outside_read,unresolved_pending_outside_read,evidence_only,none,no_reliable_value_after_search,evidence_only,none,no_reliable_value_after_search,Episode role assigned independently for total and low-income units.
UNITQ_DEV_AKA20009001,DEV_AKA20009001,AKA20009001,candidate_representative,unresolved_pending_outside_read,select_representative,reconciled_episode,selected_reporting_representative,evidence_only,none,no_reliable_value_after_search,Episode role assigned independently for total and low-income units.
UNITQ_DEV_AKA20009001,DEV_AKA20009001,AKA20009002,candidate_duplicate,unresolved_pending_outside_read,exclude_duplicate,none,duplicate_reporting_excluded,evidence_only,none,no_reliable_value_after_search,Episode role assigned independently for total and low-income units.
UNITQ_DEV_AKA20010005,DEV_AKA20010005,AKA20010005,unresolved_pending_outside_read,unresolved_pending_outside_read,evidence_only,none,no_reliable_value_after_search,evidence_only,none,no_reliable_value_after_search,Episode role assigned independently for total and low-income units.
UNITQ_DEV_AKA20010005,DEV_AKA20010005,AKA20019003,unresolved_pending_outside_read,unresolved_pending_outside_read,evidence_only,none,no_reliable_value_after_search,evidence_only,none,no_reliable_value_after_search,Episode role assigned independently for total and low-income units.
UNITQ_DEV_AKA20010015,DEV_AKA20010015,AKA20010015,candidate_representative,candidate_representative,select_representative,reconciled_episode,selected_reporting_representative,select_representative,reconciled_episode,selected_reporting_representative,Episode role assigned independently for total and low-income units.
UNITQ_DEV_AKA20010015,DEV_AKA20010015,AKA20019009,candidate_duplicate,candidate_duplicate,exclude_duplicate,none,duplicate_reporting_excluded,exclude_duplicate,none,duplicate_reporting_excluded,Episode role assigned independently for total and low-income units.
UNITQ_DEV_AKA20020010,DEV_AKA20020010,AKA20020010,candidate_representative,unresolved_pending_outside_read,select_representative,reconciled_episode,selected_reporting_representative,evidence_only,none,no_reliable_value_after_search,Episode role assigned independently for total and low-income units.
UNITQ_DEV_AKA20020010,DEV_AKA20020010,AKA20029001,candidate_duplicate,unresolved_pending_outside_read,exclude_duplicate,none,duplicate_reporting_excluded,evidence_only,none,no_reliable_value_after_search,Episode role assigned independently for total and low-income units.
UNITQ_DEV_AKA20030035,DEV_AKA20030035,AKA20030035,candidate_representative,unresolved_pending_outside_read,select_representative,reconciled_episode,selected_reporting_representative,evidence_only,none,no_reliable_value_after_search,Episode role assigned independently for total and low-income units.
UNITQ_DEV_AKA20030035,DEV_AKA20030035,AKA20039005,candidate_duplicate,unresolved_pending_outside_read,exclude_duplicate,none,duplicate_reporting_excluded,evidence_only,none,no_reliable_value_after_search,Episode role assigned independently for total and low-income units.
UNITQ_DEV_AKA20039048,DEV_AKA20039048,AKA20039048,candidate_representative,candidate_representative,select_representative,reconciled_episode,selected_reporting_representative,select_representative,reconciled_episode,selected_reporting_representative,Episode role assigned independently for total and low-income units.
UNITQ_DEV_AKA20039048,DEV_AKA20039048,AKA20040020,candidate_duplicate,candidate_duplicate,exclude_duplicate,none,duplicate_reporting_excluded,exclude_duplicate,none,duplicate_reporting_excluded,Episode role assigned independently for total and low-income units.
UNITQ_DEV_AKA20040005,DEV_AKA20040005,AKA20040005,unresolved_pending_outside_read,unresolved_pending_outside_read,evidence_only,none,no_reliable_value_after_search,evidence_only,none,no_reliable_value_after_search,Episode role assigned independently for total and low-income units.
UNITQ_DEV_AKA20040005,DEV_AKA20040005,AKA20049041,unresolved_pending_outside_read,unresolved_pending_outside_read,evidence_only,none,no_reliable_value_after_search,evidence_only,none,no_reliable_value_after_search,Episode role assigned independently for total and low-income units.
UNITQ_DEV_AKA20060015,DEV_AKA20060015,AKA20060015,candidate_representative,candidate_representative,select_representative,reconciled_episode,selected_reporting_representative,select_representative,reconciled_episode,selected_reporting_representative,Episode role assigned independently for total and low-income units.
UNITQ_DEV_AKA20060015,DEV_AKA20060015,AKA20069005,candidate_duplicate,candidate_duplicate,exclude_duplicate,none,duplicate_reporting_excluded,exclude_duplicate,none,duplicate_reporting_excluded,Episode role assigned independently for total and low-income units.
UNITQ_DEV_AKA20069001,DEV_AKA20069001,AKA20069001,candidate_representative,candidate_representative,select_representative,reconciled_episode,selected_reporting_representative,select_representative,reconciled_episode,selected_reporting_representative,Episode role assigned independently for total and low-income units.
UNITQ_DEV_AKA20069001,DEV_AKA20069001,AKA20069003,candidate_duplicate,candidate_duplicate,exclude_duplicate,none,duplicate_reporting_excluded,exclude_duplicate,none,duplicate_reporting_excluded,Episode role assigned independently for total and low-income units.
UNITQ_DEV_AKA20069004,DEV_AKA20069004,AKA20069004,candidate_representative,unresolved_pending_outside_read,select_representative,reconciled_episode,selected_reporting_representative,evidence_only,none,no_reliable_value_after_search,Episode role assigned independently for total and low-income units.
UNITQ_DEV_AKA20069004,DEV_AKA20069004,AKA20070005,candidate_duplicate,unresolved_pending_outside_read,exclude_duplicate,none,duplicate_reporting_excluded,evidence_only,none,no_reliable_value_after_search,Episode role assigned independently for total and low-income units.
UNITQ_DEV_AKA20070015,DEV_AKA20070015,AKA20070015,candidate_representative,candidate_representative,select_representative,reconciled_episode,selected_reporting_representative,select_representative,reconciled_episode,selected_reporting_representative,Episode role assigned independently for total and low-income units.
UNITQ_DEV_AKA20070015,DEV_AKA20070015,AKA20079027,candidate_duplicate,candidate_duplicate,exclude_duplicate,none,duplicate_reporting_excluded,exclude_duplicate,none,duplicate_reporting_excluded,Episode role assigned independently for total and low-income units.
UNITQ_DEV_AKA20070020,DEV_AKA20070020,AKA20070020,candidate_representative,candidate_representative,select_representative,reconciled_episode,selected_reporting_representative,select_representative,reconciled_episode,selected_reporting_representative,Episode role assigned independently for total and low-income units.
UNITQ_DEV_AKA20070020,DEV_AKA20070020,AKA20079026,candidate_duplicate,candidate_duplicate,exclude_duplicate,none,duplicate_reporting_excluded,exclude_duplicate,none,duplicate_reporting_excluded,Episode role assigned independently for total and low-income units.
UNITQ_DEV_AKA20100005,DEV_AKA20100005,AKA20100005,candidate_representative,candidate_representative,select_representative,reconciled_episode,selected_reporting_representative,select_representative,reconciled_episode,selected_reporting_representative,Episode role assigned independently for total and low-income units.
UNITQ_DEV_AKA20100005,DEV_AKA20100005,AKA20109003,candidate_duplicate,candidate_duplicate,exclude_duplicate,none,duplicate_reporting_excluded,exclude_duplicate,none,duplicate_reporting_excluded,Episode role assigned independently for total and low-income units.
UNITQ_DEV_AKA20130092,DEV_AKA20130092,AKA20130092,candidate_representative,unresolved_pending_outside_read,select_representative,reconciled_episode,selected_reporting_representative,evidence_only,none,no_reliable_value_after_search,Episode role assigned independently for total and low-income units.
UNITQ_DEV_AKA20130092,DEV_AKA20130092,AKA20138001,candidate_duplicate,unresolved_pending_outside_read,exclude_duplicate,none,duplicate_reporting_excluded,evidence_only,none,no_reliable_value_after_search,Episode role assigned independently for total and low-income units.
UNITQ_DEV_AKA20140096,DEV_AKA20140096,AKA20140096,candidate_representative,candidate_representative,select_representative,reconciled_episode,selected_reporting_representative,select_representative,reconciled_episode,selected_reporting_representative,Episode role assigned independently for total and low-income units.
UNITQ_DEV_AKA20140096,DEV_AKA20140096,AKA20158003,candidate_duplicate,candidate_duplicate,exclude_duplicate,none,duplicate_reporting_excluded,exclude_duplicate,none,duplicate_reporting_excluded,Episode role assigned independently for total and low-income units.
UNITQ_DEV_AKA20153001,DEV_AKA20153001,AKA20153001,unresolved_pending_outside_read,unresolved_pending_outside_read,evidence_only,none,no_reliable_value_after_search,evidence_only,none,no_reliable_value_after_search,Episode role assigned independently for total and low-income units.
UNITQ_DEV_AKA20153001,DEV_AKA20153001,AKA20158007,unresolved_pending_outside_read,unresolved_pending_outside_read,evidence_only,none,no_reliable_value_after_search,evidence_only,none,no_reliable_value_after_search,Episode role assigned independently for total and low-income units.
UNITQ_DEV_AKA20166037,DEV_AKA20166037,AKA20166037,unresolved_pending_outside_read,unresolved_pending_outside_read,evidence_only,none,no_reliable_value_after_search,evidence_only,none,no_reliable_value_after_search,Episode role assigned independently for total and low-income units.
UNITQ_DEV_AKA20166037,DEV_AKA20166037,AKA20167038,unresolved_pending_outside_read,unresolved_pending_outside_read,evidence_only,none,no_reliable_value_after_search,evidence_only,none,no_reliable_value_after_search,Episode role assigned independently for total and low-income units.
UNITQ_DEV_AKA20171001,DEV_AKA20171001,AKA20171001,unresolved_pending_outside_read,unresolved_pending_outside_read,evidence_only,none,no_reliable_value_after_search,evidence_only,none,no_reliable_value_after_search,Episode role assigned independently for total and low-income units.
UNITQ_DEV_AKA20171001,DEV_AKA20171001,AKA20176004,unresolved_pending_outside_read,unresolved_pending_outside_read,evidence_only,none,no_reliable_value_after_search,evidence_only,none,no_reliable_value_after_search,Episode role assigned independently for total and low-income units.
UNITQ_DEV_AKA20174001,DEV_AKA20174001,AKA20174001,unresolved_pending_outside_read,unresolved_pending_outside_read,evidence_only,none,no_reliable_value_after_search,evidence_only,none,no_reliable_value_after_search,Episode role assigned independently for total and low-income units.
UNITQ_DEV_AKA20174001,DEV_AKA20174001,AKA20183034,unresolved_pending_outside_read,unresolved_pending_outside_read,evidence_only,none,no_reliable_value_after_search,evidence_only,none,no_reliable_value_after_search,Episode role assigned independently for total and low-income units.
UNITQ_DEV_AKA20183002,DEV_AKA20183002,AKA20183002,unresolved_pending_outside_read,unresolved_pending_outside_read,evidence_only,none,no_reliable_value_after_search,evidence_only,none,no_reliable_value_after_search,Episode role assigned independently for total and low-income units.
UNITQ_DEV_AKA20183002,DEV_AKA20183002,AKA20185039,unresolved_pending_outside_read,unresolved_pending_outside_read,evidence_only,none,no_reliable_value_after_search,evidence_only,none,no_reliable_value_after_search,Episode role assigned independently for total and low-income units.
UNITQ_DEV_AKA20201002,DEV_AKA20201002,AKA20201002,candidate_representative,candidate_representative,select_representative,reconciled_episode,selected_reporting_representative,select_representative,reconciled_episode,selected_reporting_representative,Episode role assigned independently for total and low-income units.
UNITQ_DEV_AKA20201002,DEV_AKA20201002,AKA20203005,candidate_duplicate,candidate_duplicate,exclude_duplicate,none,duplicate_reporting_excluded,exclude_duplicate,none,duplicate_reporting_excluded,Episode role assigned independently for total and low-income units.
UNITQ_DEV_AKA20201003,DEV_AKA20201003,AKA20201003,candidate_representative,candidate_representative,select_representative,reconciled_episode,selected_reporting_representative,select_representative,reconciled_episode,selected_reporting_representative,Episode role assigned independently for total and low-income units.
UNITQ_DEV_AKA20201003,DEV_AKA20201003,AKA20203006,candidate_duplicate,candidate_duplicate,exclude_duplicate,none,duplicate_reporting_excluded,exclude_duplicate,none,duplicate_reporting_excluded,Episode role assigned independently for total and low-income units.
UNITQ_DEV_ALA19870025,DEV_ALA19870025,ALA19870025,candidate_representative,candidate_representative,select_representative,reconciled_episode,selected_reporting_representative,select_representative,reconciled_episode,selected_reporting_representative,Episode role assigned independently for total and low-income units.
UNITQ_DEV_ALA19870025,DEV_ALA19870025,ALA20150004,candidate_duplicate,candidate_duplicate,exclude_duplicate,none,duplicate_reporting_excluded,exclude_duplicate,none,duplicate_reporting_excluded,Episode role assigned independently for total and low-income units.
UNITQ_DEV_ALA19950097,DEV_ALA19950097,ALA19950097,candidate_representative,candidate_representative,select_representative,reconciled_episode,selected_reporting_representative,select_representative,reconciled_episode,selected_reporting_representative,Episode role assigned independently for total and low-income units.
UNITQ_DEV_ALA19950097,DEV_ALA19950097,ALA20230004,candidate_duplicate,candidate_duplicate,exclude_duplicate,none,duplicate_reporting_excluded,exclude_duplicate,none,duplicate_reporting_excluded,Episode role assigned independently for total and low-income units.
UNITQ_DEV_ALA19960057,DEV_ALA19960057,ALA19960057,unresolved_pending_outside_read,unresolved_pending_outside_read,evidence_only,none,no_reliable_value_after_search,evidence_only,none,no_reliable_value_after_search,Episode role assigned independently for total and low-income units.
UNITQ_DEV_ALA19960057,DEV_ALA19960057,ALA20200001,unresolved_pending_outside_read,unresolved_pending_outside_read,evidence_only,none,no_reliable_value_after_search,evidence_only,none,no_reliable_value_after_search,Episode role assigned independently for total and low-income units.
UNITQ_DEV_ALA19990032,DEV_ALA19990032,ALA19990032,candidate_representative,candidate_representative,select_representative,reconciled_episode,selected_reporting_representative,select_representative,reconciled_episode,selected_reporting_representative,Episode role assigned independently for total and low-income units.
UNITQ_DEV_ALA19990032,DEV_ALA19990032,ALA20240001,candidate_duplicate,candidate_duplicate,exclude_duplicate,none,duplicate_reporting_excluded,exclude_duplicate,none,duplicate_reporting_excluded,Episode role assigned independently for total and low-income units.
UNITQ_DEV_ALA20150006,DEV_ALA20150006,ALA20150006,unresolved_pending_outside_read,unresolved_pending_outside_read,evidence_only,none,no_reliable_value_after_search,evidence_only,none,no_reliable_value_after_search,Episode role assigned independently for total and low-income units.
UNITQ_DEV_ALA20150006,DEV_ALA20150006,ALA20150008,unresolved_pending_outside_read,unresolved_pending_outside_read,evidence_only,none,no_reliable_value_after_search,evidence_only,none,no_reliable_value_after_search,Episode role assigned independently for total and low-income units.
UNITQ_DEV_ARA19960035,DEV_ARA19960035,ARA19960035,unresolved_pending_outside_read,unresolved_pending_outside_read,evidence_only,none,no_reliable_value_after_search,evidence_only,none,no_reliable_value_after_search,Episode role assigned independently for total and low-income units.
UNITQ_DEV_ARA19960035,DEV_ARA19960035,ARA20192011,unresolved_pending_outside_read,unresolved_pending_outside_read,evidence_only,none,no_reliable_value_after_search,evidence_only,none,no_reliable_value_after_search,Episode role assigned independently for total and low-income units.
UNITQ_DEV_ARA19980690,DEV_ARA19980690,ARA19980690,candidate_representative,candidate_representative,select_representative,reconciled_episode,selected_reporting_representative,select_representative,reconciled_episode,selected_reporting_representative,Episode role assigned independently for total and low-income units.
UNITQ_DEV_ARA19980690,DEV_ARA19980690,ARA19989006,candidate_duplicate,candidate_duplicate,exclude_duplicate,none,duplicate_reporting_excluded,exclude_duplicate,none,duplicate_reporting_excluded,Episode role assigned independently for total and low-income units.
UNITQ_DEV_ARA19980690,DEV_ARA19980690,ARA19989016,candidate_duplicate,candidate_duplicate,exclude_duplicate,none,duplicate_reporting_excluded,exclude_duplicate,none,duplicate_reporting_excluded,Episode role assigned independently for total and low-income units.
UNITQ_DEV_ARA19990028,DEV_ARA19990028,ARA19990028,candidate_representative,candidate_representative,select_representative,reconciled_episode,selected_reporting_representative,select_representative,reconciled_episode,selected_reporting_representative,Episode role assigned independently for total and low-income units.
UNITQ_DEV_ARA19990028,DEV_ARA19990028,ARA19999722,candidate_duplicate,candidate_duplicate,exclude_duplicate,none,duplicate_reporting_excluded,exclude_duplicate,none,duplicate_reporting_excluded,Episode role assigned independently for total and low-income units.
UNITQ_DEV_ARA19999011,DEV_ARA19999011,ARA19999011,candidate_representative,candidate_representative,select_representative,reconciled_episode,selected_reporting_representative,select_representative,reconciled_episode,selected_reporting_representative,Episode role assigned independently for total and low-income units.
UNITQ_DEV_ARA19999011,DEV_ARA19999011,ARA19999016,candidate_duplicate,candidate_duplicate,exclude_duplicate,none,duplicate_reporting_excluded,exclude_duplicate,none,duplicate_reporting_excluded,Episode role assigned independently for total and low-income units.
UNITQ_DEV_ARA19999011,DEV_ARA19999011,ARA19999026,candidate_duplicate,candidate_duplicate,exclude_duplicate,none,duplicate_reporting_excluded,exclude_duplicate,none,duplicate_reporting_excluded,Episode role assigned independently for total and low-income units.
UNITQ_DEV_ARA20000726,DEV_ARA20000726,ARA20000726,candidate_representative,candidate_representative,select_representative,reconciled_episode,selected_reporting_representative,select_representative,reconciled_episode,selected_reporting_representative,Episode role assigned independently for total and low-income units.
UNITQ_DEV_ARA20000726,DEV_ARA20000726,ARA20183009,candidate_duplicate,candidate_duplicate,exclude_duplicate,none,duplicate_reporting_excluded,exclude_duplicate,none,duplicate_reporting_excluded,Episode role assigned independently for total and low-income units.
UNITQ_DEV_ARA20010080,DEV_ARA20010080,ARA20010080,candidate_representative,candidate_representative,select_representative,reconciled_episode,selected_reporting_representative,select_representative,reconciled_episode,selected_reporting_representative,Episode role assigned independently for total and low-income units.
UNITQ_DEV_ARA20010080,DEV_ARA20010080,ARA20019024,candidate_duplicate,candidate_duplicate,exclude_duplicate,none,duplicate_reporting_excluded,exclude_duplicate,none,duplicate_reporting_excluded,Episode role assigned independently for total and low-income units.
UNITQ_DEV_ARA20070777,DEV_ARA20070777,ARA20070777,unresolved_pending_outside_read,unresolved_pending_outside_read,evidence_only,none,no_reliable_value_after_search,evidence_only,none,no_reliable_value_after_search,Episode role assigned independently for total and low-income units.
UNITQ_DEV_ARA20070777,DEV_ARA20070777,ARA20079798,unresolved_pending_outside_read,unresolved_pending_outside_read,evidence_only,none,no_reliable_value_after_search,evidence_only,none,no_reliable_value_after_search,Episode role assigned independently for total and low-income units.
UNITQ_DEV_ARA20080025,DEV_ARA20080025,ARA20080025,candidate_representative,candidate_representative,select_representative,reconciled_episode,selected_reporting_representative,select_representative,reconciled_episode,selected_reporting_representative,Episode role assigned independently for total and low-income units.
UNITQ_DEV_ARA20080025,DEV_ARA20080025,ARA20089005,candidate_duplicate,candidate_duplicate,exclude_duplicate,none,duplicate_reporting_excluded,exclude_duplicate,none,duplicate_reporting_excluded,Episode role assigned independently for total and low-income units.
UNITQ_DEV_ARA20090789,DEV_ARA20090789,ARA20090789,candidate_representative,candidate_representative,select_representative,reconciled_episode,selected_reporting_representative,select_representative,reconciled_episode,selected_reporting_representative,Episode role assigned independently for total and low-income units.
UNITQ_DEV_ARA20090789,DEV_ARA20090789,ARA20099020,candidate_duplicate,candidate_duplicate,exclude_duplicate,none,duplicate_reporting_excluded,exclude_duplicate,none,duplicate_reporting_excluded,Episode role assigned independently for total and low-income units.
UNITQ_DEV_ARA20110578,DEV_ARA20110578,ARA20110578,candidate_representative,candidate_representative,select_representative,reconciled_episode,selected_reporting_representative,select_representative,reconciled_episode,selected_reporting_representative,Episode role assigned independently for total and low-income units.
UNITQ_DEV_ARA20110578,DEV_ARA20110578,ARA20110823,candidate_duplicate,candidate_duplicate,exclude_duplicate,none,duplicate_reporting_excluded,exclude_duplicate,none,duplicate_reporting_excluded,Episode role assigned independently for total and low-income units.
UNITQ_DEV_ARA20110809,DEV_ARA20110809,ARA20110809,unresolved_pending_outside_read,unresolved_pending_outside_read,evidence_only,none,no_reliable_value_after_search,evidence_only,none,no_reliable_value_after_search,Episode role assigned independently for total and low-income units.
UNITQ_DEV_ARA20110809,DEV_ARA20110809,ARA20119903,unresolved_pending_outside_read,unresolved_pending_outside_read,evidence_only,none,no_reliable_value_after_search,evidence_only,none,no_reliable_value_after_search,Episode role assigned independently for total and low-income units.
UNITQ_DEV_ARA20110818,DEV_ARA20110818,ARA20110818,candidate_representative,candidate_representative,select_representative,reconciled_episode,selected_reporting_representative,select_representative,reconciled_episode,selected_reporting_representative,Episode role assigned independently for total and low-income units.
UNITQ_DEV_ARA20110818,DEV_ARA20110818,ARA20118032,candidate_duplicate,candidate_duplicate,exclude_duplicate,none,duplicate_reporting_excluded,exclude_duplicate,none,duplicate_reporting_excluded,Episode role assigned independently for total and low-income units.
UNITQ_DEV_ARA20110824,DEV_ARA20110824,ARA20110824,candidate_representative,candidate_representative,select_representative,reconciled_episode,selected_reporting_representative,select_representative,reconciled_episode,selected_reporting_representative,Episode role assigned independently for total and low-income units.
UNITQ_DEV_ARA20110824,DEV_ARA20110824,ARA20119003,candidate_duplicate,candidate_duplicate,exclude_duplicate,none,duplicate_reporting_excluded,exclude_duplicate,none,duplicate_reporting_excluded,Episode role assigned independently for total and low-income units.
UNITQ_DEV_ARA20120928,DEV_ARA20120928,ARA20120928,candidate_representative,unresolved_pending_outside_read,select_representative,reconciled_episode,selected_reporting_representative,evidence_only,none,no_reliable_value_after_search,Episode role assigned independently for total and low-income units.
UNITQ_DEV_ARA20120928,DEV_ARA20120928,ARA20125015,candidate_duplicate,unresolved_pending_outside_read,exclude_duplicate,none,duplicate_reporting_excluded,evidence_only,none,no_reliable_value_after_search,Episode role assigned independently for total and low-income units.
UNITQ_DEV_ARA20120939,DEV_ARA20120939,ARA20120939,unresolved_pending_outside_read,candidate_representative,evidence_only,none,no_reliable_value_after_search,select_representative,reconciled_episode,selected_reporting_representative,Episode role assigned independently for total and low-income units.
UNITQ_DEV_ARA20120939,DEV_ARA20120939,ARA20128010,unresolved_pending_outside_read,candidate_duplicate,evidence_only,none,no_reliable_value_after_search,exclude_duplicate,none,duplicate_reporting_excluded,Episode role assigned independently for total and low-income units.
UNITQ_DEV_ARA20120946,DEV_ARA20120946,ARA20120946,candidate_representative,candidate_representative,select_representative,reconciled_episode,selected_reporting_representative,select_representative,reconciled_episode,selected_reporting_representative,Episode role assigned independently for total and low-income units.
UNITQ_DEV_ARA20120946,DEV_ARA20120946,ARA20127030,candidate_duplicate,candidate_duplicate,exclude_duplicate,none,duplicate_reporting_excluded,exclude_duplicate,none,duplicate_reporting_excluded,Episode role assigned independently for total and low-income units.
UNITQ_DEV_ARA20129953,DEV_ARA20129953,ARA20129953,unresolved_pending_outside_read,unresolved_pending_outside_read,evidence_only,none,no_reliable_value_after_search,evidence_only,none,no_reliable_value_after_search,Episode role assigned independently for total and low-income units.
UNITQ_DEV_ARA20129953,DEV_ARA20129953,ARA20140020,unresolved_pending_outside_read,unresolved_pending_outside_read,evidence_only,none,no_reliable_value_after_search,evidence_only,none,no_reliable_value_after_search,Episode role assigned independently for total and low-income units.
UNITQ_DEV_ARA20130003,DEV_ARA20130003,ARA20130003,candidate_representative,candidate_representative,select_representative,reconciled_episode,selected_reporting_representative,select_representative,reconciled_episode,selected_reporting_representative,Episode role assigned independently for total and low-income units.
UNITQ_DEV_ARA20130003,DEV_ARA20130003,ARA20138006,candidate_duplicate,candidate_duplicate,exclude_duplicate,none,duplicate_reporting_excluded,exclude_duplicate,none,duplicate_reporting_excluded,Episode role assigned independently for total and low-income units.
UNITQ_DEV_ARA20130009,DEV_ARA20130009,ARA20130009,candidate_representative,candidate_representative,select_representative,reconciled_episode,selected_reporting_representative,select_representative,reconciled_episode,selected_reporting_representative,Episode role assigned independently for total and low-income units.
UNITQ_DEV_ARA20130009,DEV_ARA20130009,ARA20138021,candidate_duplicate,candidate_duplicate,exclude_duplicate,none,duplicate_reporting_excluded,exclude_duplicate,none,duplicate_reporting_excluded,Episode role assigned independently for total and low-income units.
UNITQ_DEV_ARA20130629,DEV_ARA20130629,ARA20130629,unresolved_pending_outside_read,unresolved_pending_outside_read,evidence_only,none,no_reliable_value_after_search,evidence_only,none,no_reliable_value_after_search,Episode role assigned independently for total and low-income units.
UNITQ_DEV_ARA20130629,DEV_ARA20130629,ARA20138646,unresolved_pending_outside_read,unresolved_pending_outside_read,evidence_only,none,no_reliable_value_after_search,evidence_only,none,no_reliable_value_after_search,Episode role assigned independently for total and low-income units.
UNITQ_DEV_ARA20134012,DEV_ARA20134012,ARA20134012,candidate_representative,candidate_representative,select_representative,reconciled_episode,selected_reporting_representative,select_representative,reconciled_episode,selected_reporting_representative,Episode role assigned independently for total and low-income units.
UNITQ_DEV_ARA20134012,DEV_ARA20134012,ARA20138023,candidate_duplicate,candidate_duplicate,exclude_duplicate,none,duplicate_reporting_excluded,exclude_duplicate,none,duplicate_reporting_excluded,Episode role assigned independently for total and low-income units.
UNITQ_DEV_ARA20147051,DEV_ARA20147051,ARA20147051,unresolved_pending_outside_read,candidate_representative,evidence_only,none,no_reliable_value_after_search,select_representative,reconciled_episode,selected_reporting_representative,Episode role assigned independently for total and low-income units.
UNITQ_DEV_ARA20147051,DEV_ARA20147051,ARA20185224,unresolved_pending_outside_read,candidate_duplicate,evidence_only,none,no_reliable_value_after_search,exclude_duplicate,none,duplicate_reporting_excluded,Episode role assigned independently for total and low-income units.
UNITQ_DEV_ARA20150002,DEV_ARA20150002,ARA20150002,candidate_representative,candidate_representative,select_representative,reconciled_episode,selected_reporting_representative,select_representative,reconciled_episode,selected_reporting_representative,Episode role assigned independently for total and low-income units.
UNITQ_DEV_ARA20150002,DEV_ARA20150002,ARA20152005,candidate_duplicate,candidate_duplicate,exclude_duplicate,none,duplicate_reporting_excluded,exclude_duplicate,none,duplicate_reporting_excluded,Episode role assigned independently for total and low-income units.
UNITQ_DEV_ARA20160002,DEV_ARA20160002,ARA20160002,candidate_representative,candidate_representative,select_representative,reconciled_episode,selected_reporting_representative,select_representative,reconciled_episode,selected_reporting_representative,Episode role assigned independently for total and low-income units.
UNITQ_DEV_ARA20160002,DEV_ARA20160002,ARA20163002,candidate_duplicate,candidate_duplicate,exclude_duplicate,none,duplicate_reporting_excluded,exclude_duplicate,none,duplicate_reporting_excluded,Episode role assigned independently for total and low-income units.
UNITQ_DEV_ARA20160014,DEV_ARA20160014,ARA20160014,unresolved_pending_outside_read,unresolved_pending_outside_read,evidence_only,none,no_reliable_value_after_search,evidence_only,none,no_reliable_value_after_search,Episode role assigned independently for total and low-income units.
UNITQ_DEV_ARA20160014,DEV_ARA20160014,ARA20161013,unresolved_pending_outside_read,unresolved_pending_outside_read,evidence_only,none,no_reliable_value_after_search,evidence_only,none,no_reliable_value_after_search,Episode role assigned independently for total and low-income units.
UNITQ_DEV_ARA20171007,DEV_ARA20171007,ARA20171007,candidate_representative,candidate_representative,select_representative,reconciled_episode,selected_reporting_representative,select_representative,reconciled_episode,selected_reporting_representative,Episode role assigned independently for total and low-income units.
UNITQ_DEV_ARA20171007,DEV_ARA20171007,ARA20172015,candidate_duplicate,candidate_duplicate,exclude_duplicate,none,duplicate_reporting_excluded,exclude_duplicate,none,duplicate_reporting_excluded,Episode role assigned independently for total and low-income units.
UNITQ_DEV_ARA20173016,DEV_ARA20173016,ARA20173016,candidate_representative,candidate_representative,select_representative,reconciled_episode,selected_reporting_representative,select_representative,reconciled_episode,selected_reporting_representative,Episode role assigned independently for total and low-income units.
UNITQ_DEV_ARA20173016,DEV_ARA20173016,ARA20174022,candidate_duplicate,candidate_duplicate,exclude_duplicate,none,duplicate_reporting_excluded,exclude_duplicate,none,duplicate_reporting_excluded,Episode role assigned independently for total and low-income units.
UNITQ_DEV_AZA19900025,DEV_AZA19900025,AZA19900025,unresolved_pending_outside_read,unresolved_pending_outside_read,evidence_only,none,no_reliable_value_after_search,evidence_only,none,no_reliable_value_after_search,Episode role assigned independently for total and low-income units.
UNITQ_DEV_AZA19900025,DEV_AZA19900025,AZA20119036,unresolved_pending_outside_read,unresolved_pending_outside_read,evidence_only,none,no_reliable_value_after_search,evidence_only,none,no_reliable_value_after_search,Episode role assigned independently for total and low-income units.
UNITQ_DEV_AZA19940035,DEV_AZA19940035,AZA19940035,candidate_representative,candidate_representative,select_representative,reconciled_episode,selected_reporting_representative,select_representative,reconciled_episode,selected_reporting_representative,Episode role assigned independently for total and low-income units.
UNITQ_DEV_AZA19940035,DEV_AZA19940035,AZA20160017,candidate_duplicate,candidate_duplicate,exclude_duplicate,none,duplicate_reporting_excluded,exclude_duplicate,none,duplicate_reporting_excluded,Episode role assigned independently for total and low-income units.
UNITQ_DEV_AZA20000035,DEV_AZA20000035,AZA20000035,candidate_representative,candidate_representative,select_representative,reconciled_episode,selected_reporting_representative,select_representative,reconciled_episode,selected_reporting_representative,Episode role assigned independently for total and low-income units.
UNITQ_DEV_AZA20000035,DEV_AZA20000035,AZA20170009,candidate_duplicate,candidate_duplicate,exclude_duplicate,none,duplicate_reporting_excluded,exclude_duplicate,none,duplicate_reporting_excluded,Episode role assigned independently for total and low-income units.
UNITQ_DEV_AZA20129081,DEV_AZA20129081,AZA20129081,unresolved_pending_outside_read,unresolved_pending_outside_read,evidence_only,none,no_reliable_value_after_search,evidence_only,none,no_reliable_value_after_search,Episode role assigned independently for total and low-income units.
UNITQ_DEV_AZA20129081,DEV_AZA20129081,AZA20130004,unresolved_pending_outside_read,unresolved_pending_outside_read,evidence_only,none,no_reliable_value_after_search,evidence_only,none,no_reliable_value_after_search,Episode role assigned independently for total and low-income units.
UNITQ_DEV_CAA19880285,DEV_CAA19880285,CAA19880285,unresolved_pending_outside_read,unresolved_pending_outside_read,evidence_only,none,no_reliable_value_after_search,evidence_only,none,no_reliable_value_after_search,Episode role assigned independently for total and low-income units.
UNITQ_DEV_CAA19880285,DEV_CAA19880285,CAA20050737,unresolved_pending_outside_read,unresolved_pending_outside_read,evidence_only,none,no_reliable_value_after_search,evidence_only,none,no_reliable_value_after_search,Episode role assigned independently for total and low-income units.
UNITQ_DEV_CAA19900065,DEV_CAA19900065,CAA19900065,candidate_representative,unresolved_pending_outside_read,select_representative,reconciled_episode,selected_reporting_representative,evidence_only,none,no_reliable_value_after_search,Episode role assigned independently for total and low-income units.
UNITQ_DEV_CAA19900065,DEV_CAA19900065,CAA20151039,candidate_duplicate,unresolved_pending_outside_read,exclude_duplicate,none,duplicate_reporting_excluded,evidence_only,none,no_reliable_value_after_search,Episode role assigned independently for total and low-income units.
UNITQ_DEV_CAA19900087,DEV_CAA19900087,CAA19900087,candidate_representative,unresolved_pending_outside_read,select_representative,reconciled_episode,selected_reporting_representative,evidence_only,none,no_reliable_value_after_search,Episode role assigned independently for total and low-income units.
UNITQ_DEV_CAA19900087,DEV_CAA19900087,CAA20212096,candidate_duplicate,unresolved_pending_outside_read,exclude_duplicate,none,duplicate_reporting_excluded,evidence_only,none,no_reliable_value_after_search,Episode role assigned independently for total and low-income units.
UNITQ_DEV_CAA19920205,DEV_CAA19920205,CAA19920205,candidate_representative,unresolved_pending_outside_read,select_representative,reconciled_episode,selected_reporting_representative,evidence_only,none,no_reliable_value_after_search,Episode role assigned independently for total and low-income units.
UNITQ_DEV_CAA19920205,DEV_CAA19920205,CAA20150064,candidate_duplicate,unresolved_pending_outside_read,exclude_duplicate,none,duplicate_reporting_excluded,evidence_only,none,no_reliable_value_after_search,Episode role assigned independently for total and low-income units.
UNITQ_DEV_CAA19930010,DEV_CAA19930010,CAA19930010,candidate_representative,unresolved_pending_outside_read,select_representative,reconciled_episode,selected_reporting_representative,evidence_only,none,no_reliable_value_after_search,Episode role assigned independently for total and low-income units.
UNITQ_DEV_CAA19930010,DEV_CAA19930010,CAA20141086,candidate_duplicate,unresolved_pending_outside_read,exclude_duplicate,none,duplicate_reporting_excluded,evidence_only,none,no_reliable_value_after_search,Episode role assigned independently for total and low-income units.
UNITQ_DEV_CAA19930225,DEV_CAA19930225,CAA19930225,candidate_representative,unresolved_pending_outside_read,select_representative,reconciled_episode,selected_reporting_representative,evidence_only,none,no_reliable_value_after_search,Episode role assigned independently for total and low-income units.
UNITQ_DEV_CAA19930225,DEV_CAA19930225,CAA20160069,candidate_duplicate,unresolved_pending_outside_read,exclude_duplicate,none,duplicate_reporting_excluded,evidence_only,none,no_reliable_value_after_search,Episode role assigned independently for total and low-income units.
UNITQ_DEV_CAA19940125,DEV_CAA19940125,CAA19940125,candidate_representative,unresolved_pending_outside_read,select_representative,reconciled_episode,selected_reporting_representative,evidence_only,none,no_reliable_value_after_search,Episode role assigned independently for total and low-income units.
UNITQ_DEV_CAA19940125,DEV_CAA19940125,CAA20141035,candidate_duplicate,unresolved_pending_outside_read,exclude_duplicate,none,duplicate_reporting_excluded,evidence_only,none,no_reliable_value_after_search,Episode role assigned independently for total and low-income units.
UNITQ_DEV_CAA19940492,DEV_CAA19940492,CAA19940492,candidate_representative,candidate_representative,select_representative,reconciled_episode,selected_reporting_representative,select_representative,reconciled_episode,selected_reporting_representative,Episode role assigned independently for total and low-income units.
UNITQ_DEV_CAA19940492,DEV_CAA19940492,CAA20141012,candidate_duplicate,candidate_duplicate,exclude_duplicate,none,duplicate_reporting_excluded,exclude_duplicate,none,duplicate_reporting_excluded,Episode role assigned independently for total and low-income units.
UNITQ_DEV_CAA19960223,DEV_CAA19960223,CAA19960223,candidate_representative,unresolved_pending_outside_read,select_representative,reconciled_episode,selected_reporting_representative,evidence_only,none,no_reliable_value_after_search,Episode role assigned independently for total and low-income units.
UNITQ_DEV_CAA19960223,DEV_CAA19960223,CAA20161058,candidate_duplicate,unresolved_pending_outside_read,exclude_duplicate,none,duplicate_reporting_excluded,evidence_only,none,no_reliable_value_after_search,Episode role assigned independently for total and low-income units.
UNITQ_DEV_CAA19990715,DEV_CAA19990715,CAA19990715,unresolved_pending_outside_read,unresolved_pending_outside_read,evidence_only,none,no_reliable_value_after_search,evidence_only,none,no_reliable_value_after_search,Episode role assigned independently for total and low-income units.
UNITQ_DEV_CAA19990715,DEV_CAA19990715,CAA20150097,unresolved_pending_outside_read,unresolved_pending_outside_read,evidence_only,none,no_reliable_value_after_search,evidence_only,none,no_reliable_value_after_search,Episode role assigned independently for total and low-income units.
UNITQ_DEV_CAA20040075,DEV_CAA20040075,CAA20040075,unresolved_pending_outside_read,unresolved_pending_outside_read,evidence_only,none,no_reliable_value_after_search,evidence_only,none,no_reliable_value_after_search,Episode role assigned independently for total and low-income units.
UNITQ_DEV_CAA20040075,DEV_CAA20040075,CAA20211050,unresolved_pending_outside_read,unresolved_pending_outside_read,evidence_only,none,no_reliable_value_after_search,evidence_only,none,no_reliable_value_after_search,Episode role assigned independently for total and low-income units.
UNITQ_DEV_CAA20040100,DEV_CAA20040100,CAA20040100,candidate_component,candidate_component,include_component,reconciled_episode,distinct_component_included,include_component,reconciled_episode,distinct_component_included,Episode role assigned independently for total and low-income units.
UNITQ_DEV_CAA20040100,DEV_CAA20040100,CAA20040687,candidate_component,candidate_component,include_component,reconciled_episode,distinct_component_included,include_component,reconciled_episode,distinct_component_included,Episode role assigned independently for total and low-income units.
UNITQ_DEV_CAA20050525,DEV_CAA20050525,CAA20050525,unresolved_pending_outside_read,unresolved_pending_outside_read,evidence_only,none,no_reliable_value_after_search,evidence_only,none,no_reliable_value_after_search,Episode role assigned independently for total and low-income units.
UNITQ_DEV_CAA20050525,DEV_CAA20050525,CAA20220005,unresolved_pending_outside_read,unresolved_pending_outside_read,evidence_only,none,no_reliable_value_after_search,evidence_only,none,no_reliable_value_after_search,Episode role assigned independently for total and low-income units.
UNITQ_DEV_CAA20100280,DEV_CAA20100280,CAA20100280,candidate_component,candidate_component,include_component,reconciled_episode,distinct_component_included,include_component,reconciled_episode,distinct_component_included,Episode role assigned independently for total and low-income units.
UNITQ_DEV_CAA20100280,DEV_CAA20100280,CAA20100285,candidate_component,candidate_component,include_component,reconciled_episode,distinct_component_included,include_component,reconciled_episode,distinct_component_included,Episode role assigned independently for total and low-income units.
UNITQ_DEV_CAA20130072,DEV_CAA20130072,CAA20130072,candidate_representative,candidate_representative,select_representative,reconciled_episode,selected_reporting_representative,select_representative,reconciled_episode,selected_reporting_representative,Episode role assigned independently for total and low-income units.
UNITQ_DEV_CAA20130072,DEV_CAA20130072,CAA20138489,candidate_duplicate,candidate_duplicate,exclude_duplicate,none,duplicate_reporting_excluded,exclude_duplicate,none,duplicate_reporting_excluded,Episode role assigned independently for total and low-income units.
UNITQ_DEV_CAA20132001,DEV_CAA20132001,CAA20132001,candidate_representative,candidate_representative,select_representative,reconciled_episode,selected_reporting_representative,select_representative,reconciled_episode,selected_reporting_representative,Episode role assigned independently for total and low-income units.
UNITQ_DEV_CAA20132001,DEV_CAA20132001,CAA20138486,candidate_duplicate,candidate_duplicate,exclude_duplicate,none,duplicate_reporting_excluded,exclude_duplicate,none,duplicate_reporting_excluded,Episode role assigned independently for total and low-income units.
UNITQ_DEV_CAA20132004,DEV_CAA20132004,CAA20132004,candidate_representative,candidate_representative,select_representative,reconciled_episode,selected_reporting_representative,select_representative,reconciled_episode,selected_reporting_representative,Episode role assigned independently for total and low-income units.
UNITQ_DEV_CAA20132004,DEV_CAA20132004,CAA20138490,candidate_duplicate,candidate_duplicate,exclude_duplicate,none,duplicate_reporting_excluded,exclude_duplicate,none,duplicate_reporting_excluded,Episode role assigned independently for total and low-income units.
UNITQ_DEV_CAA20140439,DEV_CAA20140439,CAA20140439,candidate_representative,candidate_representative,select_representative,reconciled_episode,selected_reporting_representative,select_representative,reconciled_episode,selected_reporting_representative,Episode role assigned independently for total and low-income units.
UNITQ_DEV_CAA20140439,DEV_CAA20140439,CAA20161048,candidate_duplicate,candidate_duplicate,exclude_duplicate,none,duplicate_reporting_excluded,exclude_duplicate,none,duplicate_reporting_excluded,Episode role assigned independently for total and low-income units.
UNITQ_DEV_CAA20141005,DEV_CAA20141005,CAA20141005,candidate_representative,candidate_representative,select_representative,reconciled_episode,selected_reporting_representative,select_representative,reconciled_episode,selected_reporting_representative,Episode role assigned independently for total and low-income units.
UNITQ_DEV_CAA20141005,DEV_CAA20141005,CAA20147467,candidate_duplicate,candidate_duplicate,exclude_duplicate,none,duplicate_reporting_excluded,exclude_duplicate,none,duplicate_reporting_excluded,Episode role assigned independently for total and low-income units.
UNITQ_DEV_CAA20141006,DEV_CAA20141006,CAA20141006,candidate_representative,candidate_representative,select_representative,reconciled_episode,selected_reporting_representative,select_representative,reconciled_episode,selected_reporting_representative,Episode role assigned independently for total and low-income units.
UNITQ_DEV_CAA20141006,DEV_CAA20141006,CAA20147468,candidate_duplicate,candidate_duplicate,exclude_duplicate,none,duplicate_reporting_excluded,exclude_duplicate,none,duplicate_reporting_excluded,Episode role assigned independently for total and low-income units.
UNITQ_DEV_CAA20141008,DEV_CAA20141008,CAA20141008,candidate_representative,candidate_representative,select_representative,reconciled_episode,selected_reporting_representative,select_representative,reconciled_episode,selected_reporting_representative,Episode role assigned independently for total and low-income units.
UNITQ_DEV_CAA20141008,DEV_CAA20141008,CAA20147470,candidate_duplicate,candidate_duplicate,exclude_duplicate,none,duplicate_reporting_excluded,exclude_duplicate,none,duplicate_reporting_excluded,Episode role assigned independently for total and low-income units.
UNITQ_DEV_CAA20141013,DEV_CAA20141013,CAA20141013,candidate_representative,candidate_representative,select_representative,reconciled_episode,selected_reporting_representative,select_representative,reconciled_episode,selected_reporting_representative,Episode role assigned independently for total and low-income units.
UNITQ_DEV_CAA20141013,DEV_CAA20141013,CAA20147472,candidate_duplicate,candidate_duplicate,exclude_duplicate,none,duplicate_reporting_excluded,exclude_duplicate,none,duplicate_reporting_excluded,Episode role assigned independently for total and low-income units.
UNITQ_DEV_CAA20141020,DEV_CAA20141020,CAA20141020,candidate_representative,candidate_representative,select_representative,reconciled_episode,selected_reporting_representative,select_representative,reconciled_episode,selected_reporting_representative,Episode role assigned independently for total and low-income units.
UNITQ_DEV_CAA20141020,DEV_CAA20141020,CAA20147474,candidate_duplicate,candidate_duplicate,exclude_duplicate,none,duplicate_reporting_excluded,exclude_duplicate,none,duplicate_reporting_excluded,Episode role assigned independently for total and low-income units.
UNITQ_DEV_CAA20141022,DEV_CAA20141022,CAA20141022,candidate_representative,candidate_representative,select_representative,reconciled_episode,selected_reporting_representative,select_representative,reconciled_episode,selected_reporting_representative,Episode role assigned independently for total and low-income units.
UNITQ_DEV_CAA20141022,DEV_CAA20141022,CAA20147475,candidate_duplicate,candidate_duplicate,exclude_duplicate,none,duplicate_reporting_excluded,exclude_duplicate,none,duplicate_reporting_excluded,Episode role assigned independently for total and low-income units.
UNITQ_DEV_CAA20141027,DEV_CAA20141027,CAA20141027,unresolved_pending_outside_read,unresolved_pending_outside_read,evidence_only,none,no_reliable_value_after_search,evidence_only,none,no_reliable_value_after_search,Episode role assigned independently for total and low-income units.
UNITQ_DEV_CAA20141027,DEV_CAA20141027,CAA20149519,unresolved_pending_outside_read,unresolved_pending_outside_read,evidence_only,none,no_reliable_value_after_search,evidence_only,none,no_reliable_value_after_search,Episode role assigned independently for total and low-income units.
UNITQ_DEV_CAA20141030,DEV_CAA20141030,CAA20141030,candidate_representative,candidate_representative,select_representative,reconciled_episode,selected_reporting_representative,select_representative,reconciled_episode,selected_reporting_representative,Episode role assigned independently for total and low-income units.
UNITQ_DEV_CAA20141030,DEV_CAA20141030,CAA20147476,candidate_duplicate,candidate_duplicate,exclude_duplicate,none,duplicate_reporting_excluded,exclude_duplicate,none,duplicate_reporting_excluded,Episode role assigned independently for total and low-income units.
UNITQ_DEV_CAA20141033,DEV_CAA20141033,CAA20141033,candidate_representative,candidate_representative,select_representative,reconciled_episode,selected_reporting_representative,select_representative,reconciled_episode,selected_reporting_representative,Episode role assigned independently for total and low-income units.
UNITQ_DEV_CAA20141033,DEV_CAA20141033,CAA20147477,candidate_duplicate,candidate_duplicate,exclude_duplicate,none,duplicate_reporting_excluded,exclude_duplicate,none,duplicate_reporting_excluded,Episode role assigned independently for total and low-income units.
UNITQ_DEV_CAA20141034,DEV_CAA20141034,CAA20141034,candidate_representative,candidate_representative,select_representative,reconciled_episode,selected_reporting_representative,select_representative,reconciled_episode,selected_reporting_representative,Episode role assigned independently for total and low-income units.
UNITQ_DEV_CAA20141034,DEV_CAA20141034,CAA20147478,candidate_duplicate,candidate_duplicate,exclude_duplicate,none,duplicate_reporting_excluded,exclude_duplicate,none,duplicate_reporting_excluded,Episode role assigned independently for total and low-income units.
UNITQ_DEV_CAA20141036,DEV_CAA20141036,CAA20141036,candidate_representative,candidate_representative,select_representative,reconciled_episode,selected_reporting_representative,select_representative,reconciled_episode,selected_reporting_representative,Episode role assigned independently for total and low-income units.
UNITQ_DEV_CAA20141036,DEV_CAA20141036,CAA20147481,candidate_duplicate,candidate_duplicate,exclude_duplicate,none,duplicate_reporting_excluded,exclude_duplicate,none,duplicate_reporting_excluded,Episode role assigned independently for total and low-income units.
UNITQ_DEV_CAA20141037,DEV_CAA20141037,CAA20141037,unresolved_pending_outside_read,unresolved_pending_outside_read,evidence_only,none,no_reliable_value_after_search,evidence_only,none,no_reliable_value_after_search,Episode role assigned independently for total and low-income units.
UNITQ_DEV_CAA20141037,DEV_CAA20141037,CAA20147482,unresolved_pending_outside_read,unresolved_pending_outside_read,evidence_only,none,no_reliable_value_after_search,evidence_only,none,no_reliable_value_after_search,Episode role assigned independently for total and low-income units.
UNITQ_DEV_CAA20141039,DEV_CAA20141039,CAA20141039,candidate_representative,candidate_representative,select_representative,reconciled_episode,selected_reporting_representative,select_representative,reconciled_episode,selected_reporting_representative,Episode role assigned independently for total and low-income units.
UNITQ_DEV_CAA20141039,DEV_CAA20141039,CAA20147483,candidate_duplicate,candidate_duplicate,exclude_duplicate,none,duplicate_reporting_excluded,exclude_duplicate,none,duplicate_reporting_excluded,Episode role assigned independently for total and low-income units.
UNITQ_DEV_CAA20141043,DEV_CAA20141043,CAA20141043,candidate_representative,candidate_representative,select_representative,reconciled_episode,selected_reporting_representative,select_representative,reconciled_episode,selected_reporting_representative,Episode role assigned independently for total and low-income units.
UNITQ_DEV_CAA20141043,DEV_CAA20141043,CAA20147487,candidate_duplicate,candidate_duplicate,exclude_duplicate,none,duplicate_reporting_excluded,exclude_duplicate,none,duplicate_reporting_excluded,Episode role assigned independently for total and low-income units.
UNITQ_DEV_CAA20141044,DEV_CAA20141044,CAA20141044,unresolved_pending_outside_read,unresolved_pending_outside_read,evidence_only,none,no_reliable_value_after_search,evidence_only,none,no_reliable_value_after_search,Episode role assigned independently for total and low-income units.
UNITQ_DEV_CAA20141044,DEV_CAA20141044,CAA20147488,unresolved_pending_outside_read,unresolved_pending_outside_read,evidence_only,none,no_reliable_value_after_search,evidence_only,none,no_reliable_value_after_search,Episode role assigned independently for total and low-income units.
UNITQ_DEV_CAA20141048,DEV_CAA20141048,CAA20141048,unresolved_pending_outside_read,unresolved_pending_outside_read,evidence_only,none,no_reliable_value_after_search,evidence_only,none,no_reliable_value_after_search,Episode role assigned independently for total and low-income units.
UNITQ_DEV_CAA20141048,DEV_CAA20141048,CAA20147489,unresolved_pending_outside_read,unresolved_pending_outside_read,evidence_only,none,no_reliable_value_after_search,evidence_only,none,no_reliable_value_after_search,Episode role assigned independently for total and low-income units.
UNITQ_DEV_CAA20141048,DEV_CAA20141048,CAA20147490,unresolved_pending_outside_read,unresolved_pending_outside_read,evidence_only,none,no_reliable_value_after_search,evidence_only,none,no_reliable_value_after_search,Episode role assigned independently for total and low-income units.
UNITQ_DEV_CAA20141050,DEV_CAA20141050,CAA20141050,candidate_representative,candidate_representative,select_representative,reconciled_episode,selected_reporting_representative,select_representative,reconciled_episode,selected_reporting_representative,Episode role assigned independently for total and low-income units.
UNITQ_DEV_CAA20141050,DEV_CAA20141050,CAA20147492,candidate_duplicate,candidate_duplicate,exclude_duplicate,none,duplicate_reporting_excluded,exclude_duplicate,none,duplicate_reporting_excluded,Episode role assigned independently for total and low-income units.
UNITQ_DEV_CAA20141056,DEV_CAA20141056,CAA20141056,candidate_representative,candidate_representative,select_representative,reconciled_episode,selected_reporting_representative,select_representative,reconciled_episode,selected_reporting_representative,Episode role assigned independently for total and low-income units.
UNITQ_DEV_CAA20141056,DEV_CAA20141056,CAA20147495,candidate_duplicate,candidate_duplicate,exclude_duplicate,none,duplicate_reporting_excluded,exclude_duplicate,none,duplicate_reporting_excluded,Episode role assigned independently for total and low-income units.
UNITQ_DEV_CAA20141060,DEV_CAA20141060,CAA20141060,candidate_representative,candidate_representative,select_representative,reconciled_episode,selected_reporting_representative,select_representative,reconciled_episode,selected_reporting_representative,Episode role assigned independently for total and low-income units.
UNITQ_DEV_CAA20141060,DEV_CAA20141060,CAA20147496,candidate_duplicate,candidate_duplicate,exclude_duplicate,none,duplicate_reporting_excluded,exclude_duplicate,none,duplicate_reporting_excluded,Episode role assigned independently for total and low-income units.
UNITQ_DEV_CAA20141065,DEV_CAA20141065,CAA20141065,unresolved_pending_outside_read,unresolved_pending_outside_read,evidence_only,none,no_reliable_value_after_search,evidence_only,none,no_reliable_value_after_search,Episode role assigned independently for total and low-income units.
UNITQ_DEV_CAA20141065,DEV_CAA20141065,CAA20147499,unresolved_pending_outside_read,unresolved_pending_outside_read,evidence_only,none,no_reliable_value_after_search,evidence_only,none,no_reliable_value_after_search,Episode role assigned independently for total and low-income units.
UNITQ_DEV_CAA20141069,DEV_CAA20141069,CAA20141069,candidate_representative,candidate_representative,select_representative,reconciled_episode,selected_reporting_representative,select_representative,reconciled_episode,selected_reporting_representative,Episode role assigned independently for total and low-income units.
UNITQ_DEV_CAA20141069,DEV_CAA20141069,CAA20147500,candidate_duplicate,candidate_duplicate,exclude_duplicate,none,duplicate_reporting_excluded,exclude_duplicate,none,duplicate_reporting_excluded,Episode role assigned independently for total and low-income units.
UNITQ_DEV_CAA20141070,DEV_CAA20141070,CAA20141070,candidate_representative,candidate_representative,select_representative,reconciled_episode,selected_reporting_representative,select_representative,reconciled_episode,selected_reporting_representative,Episode role assigned independently for total and low-income units.
UNITQ_DEV_CAA20141070,DEV_CAA20141070,CAA20147501,candidate_duplicate,candidate_duplicate,exclude_duplicate,none,duplicate_reporting_excluded,exclude_duplicate,none,duplicate_reporting_excluded,Episode role assigned independently for total and low-income units.
UNITQ_DEV_CAA20141071,DEV_CAA20141071,CAA20141071,candidate_representative,candidate_representative,select_representative,reconciled_episode,selected_reporting_representative,select_representative,reconciled_episode,selected_reporting_representative,Episode role assigned independently for total and low-income units.
UNITQ_DEV_CAA20141071,DEV_CAA20141071,CAA20147502,candidate_duplicate,candidate_duplicate,exclude_duplicate,none,duplicate_reporting_excluded,exclude_duplicate,none,duplicate_reporting_excluded,Episode role assigned independently for total and low-income units.
UNITQ_DEV_CAA20141074,DEV_CAA20141074,CAA20141074,candidate_representative,candidate_representative,select_representative,reconciled_episode,selected_reporting_representative,select_representative,reconciled_episode,selected_reporting_representative,Episode role assigned independently for total and low-income units.
UNITQ_DEV_CAA20141074,DEV_CAA20141074,CAA20147503,candidate_duplicate,candidate_duplicate,exclude_duplicate,none,duplicate_reporting_excluded,exclude_duplicate,none,duplicate_reporting_excluded,Episode role assigned independently for total and low-income units.
UNITQ_DEV_CAA20141076,DEV_CAA20141076,CAA20141076,candidate_representative,candidate_representative,select_representative,reconciled_episode,selected_reporting_representative,select_representative,reconciled_episode,selected_reporting_representative,Episode role assigned independently for total and low-income units.
UNITQ_DEV_CAA20141076,DEV_CAA20141076,CAA20147504,candidate_duplicate,candidate_duplicate,exclude_duplicate,none,duplicate_reporting_excluded,exclude_duplicate,none,duplicate_reporting_excluded,Episode role assigned independently for total and low-income units.
UNITQ_DEV_CAA20141079,DEV_CAA20141079,CAA20141079,candidate_representative,candidate_representative,select_representative,reconciled_episode,selected_reporting_representative,select_representative,reconciled_episode,selected_reporting_representative,Episode role assigned independently for total and low-income units.
UNITQ_DEV_CAA20141079,DEV_CAA20141079,CAA20147505,candidate_duplicate,candidate_duplicate,exclude_duplicate,none,duplicate_reporting_excluded,exclude_duplicate,none,duplicate_reporting_excluded,Episode role assigned independently for total and low-income units.
UNITQ_DEV_CAA20141084,DEV_CAA20141084,CAA20141084,unresolved_pending_outside_read,unresolved_pending_outside_read,evidence_only,none,no_reliable_value_after_search,evidence_only,none,no_reliable_value_after_search,Episode role assigned independently for total and low-income units.
UNITQ_DEV_CAA20141084,DEV_CAA20141084,CAA20147507,unresolved_pending_outside_read,unresolved_pending_outside_read,evidence_only,none,no_reliable_value_after_search,evidence_only,none,no_reliable_value_after_search,Episode role assigned independently for total and low-income units.
UNITQ_DEV_CAA20141091,DEV_CAA20141091,CAA20141091,candidate_representative,candidate_representative,select_representative,reconciled_episode,selected_reporting_representative,select_representative,reconciled_episode,selected_reporting_representative,Episode role assigned independently for total and low-income units.
UNITQ_DEV_CAA20141091,DEV_CAA20141091,CAA20147508,candidate_duplicate,candidate_duplicate,exclude_duplicate,none,duplicate_reporting_excluded,exclude_duplicate,none,duplicate_reporting_excluded,Episode role assigned independently for total and low-income units.
UNITQ_DEV_CAA20141095,DEV_CAA20141095,CAA20141095,candidate_representative,candidate_representative,select_representative,reconciled_episode,selected_reporting_representative,select_representative,reconciled_episode,selected_reporting_representative,Episode role assigned independently for total and low-income units.
UNITQ_DEV_CAA20141095,DEV_CAA20141095,CAA20147511,candidate_duplicate,candidate_duplicate,exclude_duplicate,none,duplicate_reporting_excluded,exclude_duplicate,none,duplicate_reporting_excluded,Episode role assigned independently for total and low-income units.
UNITQ_DEV_CAA20141097,DEV_CAA20141097,CAA20141097,candidate_representative,candidate_representative,select_representative,reconciled_episode,selected_reporting_representative,select_representative,reconciled_episode,selected_reporting_representative,Episode role assigned independently for total and low-income units.
UNITQ_DEV_CAA20141097,DEV_CAA20141097,CAA20147514,candidate_duplicate,candidate_duplicate,exclude_duplicate,none,duplicate_reporting_excluded,exclude_duplicate,none,duplicate_reporting_excluded,Episode role assigned independently for total and low-income units.
UNITQ_DEV_CAA20141098,DEV_CAA20141098,CAA20141098,candidate_representative,candidate_representative,select_representative,reconciled_episode,selected_reporting_representative,select_representative,reconciled_episode,selected_reporting_representative,Episode role assigned independently for total and low-income units.
UNITQ_DEV_CAA20141098,DEV_CAA20141098,CAA20147515,candidate_duplicate,candidate_duplicate,exclude_duplicate,none,duplicate_reporting_excluded,exclude_duplicate,none,duplicate_reporting_excluded,Episode role assigned independently for total and low-income units.
UNITQ_DEV_CAA20141100,DEV_CAA20141100,CAA20141100,candidate_representative,candidate_representative,select_representative,reconciled_episode,selected_reporting_representative,select_representative,reconciled_episode,selected_reporting_representative,Episode role assigned independently for total and low-income units.
UNITQ_DEV_CAA20141100,DEV_CAA20141100,CAA20147516,candidate_duplicate,candidate_duplicate,exclude_duplicate,none,duplicate_reporting_excluded,exclude_duplicate,none,duplicate_reporting_excluded,Episode role assigned independently for total and low-income units.
UNITQ_DEV_CAA20147466,DEV_CAA20147466,CAA20147466,unresolved_pending_outside_read,unresolved_pending_outside_read,evidence_only,none,no_reliable_value_after_search,evidence_only,none,no_reliable_value_after_search,Episode role assigned independently for total and low-income units.
UNITQ_DEV_CAA20147466,DEV_CAA20147466,CAA20170016,unresolved_pending_outside_read,unresolved_pending_outside_read,evidence_only,none,no_reliable_value_after_search,evidence_only,none,no_reliable_value_after_search,Episode role assigned independently for total and low-income units.
UNITQ_DEV_CAA20147512,DEV_CAA20147512,CAA20147512,unresolved_pending_outside_read,unresolved_pending_outside_read,evidence_only,none,no_reliable_value_after_search,evidence_only,none,no_reliable_value_after_search,Episode role assigned independently for total and low-income units.
UNITQ_DEV_CAA20147512,DEV_CAA20147512,CAA20147513,unresolved_pending_outside_read,unresolved_pending_outside_read,evidence_only,none,no_reliable_value_after_search,evidence_only,none,no_reliable_value_after_search,Episode role assigned independently for total and low-income units.
UNITQ_DEV_CAA20147512,DEV_CAA20147512,CAA20150095,unresolved_pending_outside_read,unresolved_pending_outside_read,evidence_only,none,no_reliable_value_after_search,evidence_only,none,no_reliable_value_after_search,Episode role assigned independently for total and low-income units.
UNITQ_DEV_CAA20150021,DEV_CAA20150021,CAA20150021,unresolved_pending_outside_read,unresolved_pending_outside_read,evidence_only,none,no_reliable_value_after_search,evidence_only,none,no_reliable_value_after_search,Episode role assigned independently for total and low-income units.
UNITQ_DEV_CAA20150021,DEV_CAA20150021,CAA20158289,unresolved_pending_outside_read,unresolved_pending_outside_read,evidence_only,none,no_reliable_value_after_search,evidence_only,none,no_reliable_value_after_search,Episode role assigned independently for total and low-income units.
UNITQ_DEV_CAA20150028,DEV_CAA20150028,CAA20150028,candidate_representative,candidate_representative,select_representative,reconciled_episode,selected_reporting_representative,select_representative,reconciled_episode,selected_reporting_representative,Episode role assigned independently for total and low-income units.
UNITQ_DEV_CAA20150028,DEV_CAA20150028,CAA20156274,candidate_duplicate,candidate_duplicate,exclude_duplicate,none,duplicate_reporting_excluded,exclude_duplicate,none,duplicate_reporting_excluded,Episode role assigned independently for total and low-income units.
UNITQ_DEV_CAA20150036,DEV_CAA20150036,CAA20150036,candidate_representative,candidate_representative,select_representative,reconciled_episode,selected_reporting_representative,select_representative,reconciled_episode,selected_reporting_representative,Episode role assigned independently for total and low-income units.
UNITQ_DEV_CAA20150036,DEV_CAA20150036,CAA20156276,candidate_duplicate,candidate_duplicate,exclude_duplicate,none,duplicate_reporting_excluded,exclude_duplicate,none,duplicate_reporting_excluded,Episode role assigned independently for total and low-income units.
UNITQ_DEV_CAA20150044,DEV_CAA20150044,CAA20150044,candidate_representative,candidate_representative,select_representative,reconciled_episode,selected_reporting_representative,select_representative,reconciled_episode,selected_reporting_representative,Episode role assigned independently for total and low-income units.
UNITQ_DEV_CAA20150044,DEV_CAA20150044,CAA20156277,candidate_duplicate,candidate_duplicate,exclude_duplicate,none,duplicate_reporting_excluded,exclude_duplicate,none,duplicate_reporting_excluded,Episode role assigned independently for total and low-income units.
UNITQ_DEV_CAA20150047,DEV_CAA20150047,CAA20150047,candidate_representative,candidate_representative,select_representative,reconciled_episode,selected_reporting_representative,select_representative,reconciled_episode,selected_reporting_representative,Episode role assigned independently for total and low-income units.
UNITQ_DEV_CAA20150047,DEV_CAA20150047,CAA20156278,candidate_duplicate,candidate_duplicate,exclude_duplicate,none,duplicate_reporting_excluded,exclude_duplicate,none,duplicate_reporting_excluded,Episode role assigned independently for total and low-income units.
UNITQ_DEV_CAA20150057,DEV_CAA20150057,CAA20150057,candidate_representative,candidate_representative,select_representative,reconciled_episode,selected_reporting_representative,select_representative,reconciled_episode,selected_reporting_representative,Episode role assigned independently for total and low-income units.
UNITQ_DEV_CAA20150057,DEV_CAA20150057,CAA20156279,candidate_duplicate,candidate_duplicate,exclude_duplicate,none,duplicate_reporting_excluded,exclude_duplicate,none,duplicate_reporting_excluded,Episode role assigned independently for total and low-income units.
UNITQ_DEV_CAA20150077,DEV_CAA20150077,CAA20150077,candidate_representative,candidate_representative,select_representative,reconciled_episode,selected_reporting_representative,select_representative,reconciled_episode,selected_reporting_representative,Episode role assigned independently for total and low-income units.
UNITQ_DEV_CAA20150077,DEV_CAA20150077,CAA20156281,candidate_duplicate,candidate_duplicate,exclude_duplicate,none,duplicate_reporting_excluded,exclude_duplicate,none,duplicate_reporting_excluded,Episode role assigned independently for total and low-income units.
UNITQ_DEV_CAA20150078,DEV_CAA20150078,CAA20150078,candidate_representative,candidate_representative,select_representative,reconciled_episode,selected_reporting_representative,select_representative,reconciled_episode,selected_reporting_representative,Episode role assigned independently for total and low-income units.
UNITQ_DEV_CAA20150078,DEV_CAA20150078,CAA20156282,candidate_duplicate,candidate_duplicate,exclude_duplicate,none,duplicate_reporting_excluded,exclude_duplicate,none,duplicate_reporting_excluded,Episode role assigned independently for total and low-income units.
UNITQ_DEV_CAA20150083,DEV_CAA20150083,CAA20150083,candidate_representative,candidate_representative,select_representative,reconciled_episode,selected_reporting_representative,select_representative,reconciled_episode,selected_reporting_representative,Episode role assigned independently for total and low-income units.
UNITQ_DEV_CAA20150083,DEV_CAA20150083,CAA20156273,candidate_duplicate,candidate_duplicate,exclude_duplicate,none,duplicate_reporting_excluded,exclude_duplicate,none,duplicate_reporting_excluded,Episode role assigned independently for total and low-income units.
UNITQ_DEV_CAA20150085,DEV_CAA20150085,CAA20150085,candidate_representative,candidate_representative,select_representative,reconciled_episode,selected_reporting_representative,select_representative,reconciled_episode,selected_reporting_representative,Episode role assigned independently for total and low-income units.
UNITQ_DEV_CAA20150085,DEV_CAA20150085,CAA20156283,candidate_duplicate,candidate_duplicate,exclude_duplicate,none,duplicate_reporting_excluded,exclude_duplicate,none,duplicate_reporting_excluded,Episode role assigned independently for total and low-income units.
UNITQ_DEV_CAA20150089,DEV_CAA20150089,CAA20150089,candidate_representative,candidate_representative,select_representative,reconciled_episode,selected_reporting_representative,select_representative,reconciled_episode,selected_reporting_representative,Episode role assigned independently for total and low-income units.
UNITQ_DEV_CAA20150089,DEV_CAA20150089,CAA20156285,candidate_duplicate,candidate_duplicate,exclude_duplicate,none,duplicate_reporting_excluded,exclude_duplicate,none,duplicate_reporting_excluded,Episode role assigned independently for total and low-income units.
UNITQ_DEV_CAA20150100,DEV_CAA20150100,CAA20150100,candidate_representative,candidate_representative,select_representative,reconciled_episode,selected_reporting_representative,select_representative,reconciled_episode,selected_reporting_representative,Episode role assigned independently for total and low-income units.
UNITQ_DEV_CAA20150100,DEV_CAA20150100,CAA20156287,candidate_duplicate,candidate_duplicate,exclude_duplicate,none,duplicate_reporting_excluded,exclude_duplicate,none,duplicate_reporting_excluded,Episode role assigned independently for total and low-income units.
UNITQ_DEV_CAA20150101,DEV_CAA20150101,CAA20150101,candidate_representative,candidate_representative,select_representative,reconciled_episode,selected_reporting_representative,select_representative,reconciled_episode,selected_reporting_representative,Episode role assigned independently for total and low-income units.
UNITQ_DEV_CAA20150101,DEV_CAA20150101,CAA20156288,candidate_duplicate,candidate_duplicate,exclude_duplicate,none,duplicate_reporting_excluded,exclude_duplicate,none,duplicate_reporting_excluded,Episode role assigned independently for total and low-income units.
UNITQ_DEV_CAA20151003,DEV_CAA20151003,CAA20151003,candidate_component,candidate_component,include_component,reconciled_episode,distinct_component_included,include_component,reconciled_episode,distinct_component_included,Episode role assigned independently for total and low-income units.
UNITQ_DEV_CAA20151003,DEV_CAA20151003,CAA20151004,candidate_component,candidate_component,include_component,reconciled_episode,distinct_component_included,include_component,reconciled_episode,distinct_component_included,Episode role assigned independently for total and low-income units.
UNITQ_DEV_CAA20151012,DEV_CAA20151012,CAA20151012,candidate_representative,candidate_representative,select_representative,reconciled_episode,selected_reporting_representative,select_representative,reconciled_episode,selected_reporting_representative,Episode role assigned independently for total and low-income units.
UNITQ_DEV_CAA20151012,DEV_CAA20151012,CAA20156272,candidate_duplicate,candidate_duplicate,exclude_duplicate,none,duplicate_reporting_excluded,exclude_duplicate,none,duplicate_reporting_excluded,Episode role assigned independently for total and low-income units.
UNITQ_DEV_CAA20160048,DEV_CAA20160048,CAA20160048,unresolved_pending_outside_read,unresolved_pending_outside_read,evidence_only,none,no_reliable_value_after_search,evidence_only,none,no_reliable_value_after_search,Episode role assigned independently for total and low-income units.
UNITQ_DEV_CAA20160048,DEV_CAA20160048,CAA20165372,unresolved_pending_outside_read,unresolved_pending_outside_read,evidence_only,none,no_reliable_value_after_search,evidence_only,none,no_reliable_value_after_search,Episode role assigned independently for total and low-income units.
UNITQ_DEV_CAA20201044,DEV_CAA20201044,CAA20201044,candidate_component,candidate_component,include_component,reconciled_episode,distinct_component_included,include_component,reconciled_episode,distinct_component_included,Episode role assigned independently for total and low-income units.
UNITQ_DEV_CAA20201044,DEV_CAA20201044,CAA20201045,candidate_component,candidate_component,include_component,reconciled_episode,distinct_component_included,include_component,reconciled_episode,distinct_component_included,Episode role assigned independently for total and low-income units.
UNITQ_DEV_CAA20211036,DEV_CAA20211036,CAA20211036,candidate_component,candidate_component,include_component,reconciled_episode,distinct_component_included,include_component,reconciled_episode,distinct_component_included,Episode role assigned independently for total and low-income units.
UNITQ_DEV_CAA20211036,DEV_CAA20211036,CAA20211037,candidate_component,candidate_component,include_component,reconciled_episode,distinct_component_included,include_component,reconciled_episode,distinct_component_included,Episode role assigned independently for total and low-income units.
UNITQ_DEV_CAA20240147,DEV_CAA20240147,CAA20240147,candidate_component,candidate_component,include_component,reconciled_episode,distinct_component_included,include_component,reconciled_episode,distinct_component_included,Episode role assigned independently for total and low-income units.
UNITQ_DEV_CAA20240147,DEV_CAA20240147,CAA20240148,candidate_component,candidate_component,include_component,reconciled_episode,distinct_component_included,include_component,reconciled_episode,distinct_component_included,Episode role assigned independently for total and low-income units.
UNITQ_DEV_COA19920060,DEV_COA19920060,COA19920060,candidate_representative,candidate_representative,select_representative,reconciled_episode,selected_reporting_representative,select_representative,reconciled_episode,selected_reporting_representative,Episode role assigned independently for total and low-income units.
UNITQ_DEV_COA19920060,DEV_COA19920060,COA20140170,candidate_duplicate,candidate_duplicate,exclude_duplicate,none,duplicate_reporting_excluded,exclude_duplicate,none,duplicate_reporting_excluded,Episode role assigned independently for total and low-income units.
UNITQ_DEV_COA19990005,DEV_COA19990005,COA19990005,candidate_representative,unresolved_pending_outside_read,select_representative,reconciled_episode,selected_reporting_representative,evidence_only,none,no_reliable_value_after_search,Episode role assigned independently for total and low-income units.
UNITQ_DEV_COA19990005,DEV_COA19990005,COA20170004,candidate_duplicate,unresolved_pending_outside_read,exclude_duplicate,none,duplicate_reporting_excluded,evidence_only,none,no_reliable_value_after_search,Episode role assigned independently for total and low-income units.
UNITQ_DEV_COA20010015,DEV_COA20010015,COA20010015,unresolved_pending_outside_read,unresolved_pending_outside_read,evidence_only,none,no_reliable_value_after_search,evidence_only,none,no_reliable_value_after_search,Episode role assigned independently for total and low-income units.
UNITQ_DEV_COA20010015,DEV_COA20010015,COA20010244,unresolved_pending_outside_read,unresolved_pending_outside_read,evidence_only,none,no_reliable_value_after_search,evidence_only,none,no_reliable_value_after_search,Episode role assigned independently for total and low-income units.
UNITQ_DEV_COA20030150,DEV_COA20030150,COA20030150,candidate_representative,unresolved_pending_outside_read,select_representative,reconciled_episode,selected_reporting_representative,evidence_only,none,no_reliable_value_after_search,Episode role assigned independently for total and low-income units.
UNITQ_DEV_COA20030150,DEV_COA20030150,COA20190032,candidate_duplicate,unresolved_pending_outside_read,exclude_duplicate,none,duplicate_reporting_excluded,evidence_only,none,no_reliable_value_after_search,Episode role assigned independently for total and low-income units.
UNITQ_DEV_COA20050005,DEV_COA20050005,COA20050005,candidate_representative,candidate_representative,select_representative,reconciled_episode,selected_reporting_representative,select_representative,reconciled_episode,selected_reporting_representative,Episode role assigned independently for total and low-income units.
UNITQ_DEV_COA20050005,DEV_COA20050005,COA20230003,candidate_duplicate,candidate_duplicate,exclude_duplicate,none,duplicate_reporting_excluded,exclude_duplicate,none,duplicate_reporting_excluded,Episode role assigned independently for total and low-income units.
UNITQ_DEV_COA20060050,DEV_COA20060050,COA20060050,candidate_representative,unresolved_pending_outside_read,select_representative,reconciled_episode,selected_reporting_representative,evidence_only,none,no_reliable_value_after_search,Episode role assigned independently for total and low-income units.
UNITQ_DEV_COA20060050,DEV_COA20060050,COA20240047,candidate_duplicate,unresolved_pending_outside_read,exclude_duplicate,none,duplicate_reporting_excluded,evidence_only,none,no_reliable_value_after_search,Episode role assigned independently for total and low-income units.
UNITQ_DEV_COA20060110,DEV_COA20060110,COA20060110,candidate_representative,candidate_representative,select_representative,reconciled_episode,selected_reporting_representative,select_representative,reconciled_episode,selected_reporting_representative,Episode role assigned independently for total and low-income units.
UNITQ_DEV_COA20060110,DEV_COA20060110,COA20210032,candidate_duplicate,candidate_duplicate,exclude_duplicate,none,duplicate_reporting_excluded,exclude_duplicate,none,duplicate_reporting_excluded,Episode role assigned independently for total and low-income units.
UNITQ_DEV_CTA0000X018,DEV_CTA0000X018,CTA0000X018,unresolved_pending_outside_read,unresolved_pending_outside_read,evidence_only,none,external_value_not_episode_allocated,evidence_only,none,no_reliable_value_after_search,The HUD episode remains preserved as source evidence. Member roles govern only the static physical-development unit value.
UNITQ_DEV_CTA0000X018,DEV_CTA0000X018,CTA0000X019,unresolved_pending_outside_read,unresolved_pending_outside_read,evidence_only,none,external_value_not_episode_allocated,evidence_only,none,no_reliable_value_after_search,The HUD episode remains preserved as source evidence. Member roles govern only the static physical-development unit value.
UNITQ_DEV_CTA0000X032,DEV_CTA0000X032,CTA0000X032,unresolved_pending_outside_read,unresolved_pending_outside_read,evidence_only,none,no_reliable_value_after_search,evidence_only,none,no_reliable_value_after_search,The HUD episode remains preserved as source evidence. Member roles govern only the static physical-development unit value.
UNITQ_DEV_CTA0000X032,DEV_CTA0000X032,CTA0000X033,unresolved_pending_outside_read,unresolved_pending_outside_read,evidence_only,none,no_reliable_value_after_search,evidence_only,none,no_reliable_value_after_search,The HUD episode remains preserved as source evidence. Member roles govern only the static physical-development unit value.
UNITQ_DEV_CTA0000X048,DEV_CTA0000X048,CTA0000X048,unresolved_pending_outside_read,unresolved_pending_outside_read,evidence_only,none,no_reliable_value_after_search,evidence_only,none,no_reliable_value_after_search,The HUD episode remains preserved as source evidence. Member roles govern only the static physical-development unit value.
UNITQ_DEV_CTA0000X048,DEV_CTA0000X048,CTA20211008,unresolved_pending_outside_read,unresolved_pending_outside_read,evidence_only,none,no_reliable_value_after_search,evidence_only,none,no_reliable_value_after_search,The HUD episode remains preserved as source evidence. Member roles govern only the static physical-development unit value.
UNITQ_DEV_CTA0000X048,DEV_CTA0000X048,CTA20220005,unresolved_pending_outside_read,unresolved_pending_outside_read,evidence_only,none,no_reliable_value_after_search,evidence_only,none,no_reliable_value_after_search,The HUD episode remains preserved as source evidence. Member roles govern only the static physical-development unit value.
UNITQ_DEV_CTA0000X051,DEV_CTA0000X051,CTA0000X051,unresolved_pending_outside_read,unresolved_pending_outside_read,evidence_only,none,no_reliable_value_after_search,evidence_only,none,no_reliable_value_after_search,The HUD episode remains preserved as source evidence. Member roles govern only the static physical-development unit value.
UNITQ_DEV_CTA0000X051,DEV_CTA0000X051,CTA0000X052,unresolved_pending_outside_read,unresolved_pending_outside_read,evidence_only,none,no_reliable_value_after_search,evidence_only,none,no_reliable_value_after_search,The HUD episode remains preserved as source evidence. Member roles govern only the static physical-development unit value.
UNITQ_DEV_CTA0000X051,DEV_CTA0000X051,CTA20220006,unresolved_pending_outside_read,unresolved_pending_outside_read,evidence_only,none,no_reliable_value_after_search,evidence_only,none,no_reliable_value_after_search,The HUD episode remains preserved as source evidence. Member roles govern only the static physical-development unit value.
UNITQ_DEV_CTA20123002,DEV_CTA20123002,CTA00000011,unresolved_pending_outside_read,unresolved_pending_outside_read,evidence_only,none,no_reliable_value_after_search,evidence_only,none,no_reliable_value_after_search,Episode role assigned independently for total and low-income units.
UNITQ_DEV_CTA20123002,DEV_CTA20123002,CTA20123002,unresolved_pending_outside_read,unresolved_pending_outside_read,evidence_only,none,no_reliable_value_after_search,evidence_only,none,no_reliable_value_after_search,Episode role assigned independently for total and low-income units.
UNITQ_DEV_CTA20150001,DEV_CTA20150001,CTA00000009,unresolved_pending_outside_read,unresolved_pending_outside_read,evidence_only,none,no_reliable_value_after_search,evidence_only,none,no_reliable_value_after_search,Episode role assigned independently for total and low-income units.
UNITQ_DEV_CTA20150001,DEV_CTA20150001,CTA20150001,unresolved_pending_outside_read,unresolved_pending_outside_read,evidence_only,none,no_reliable_value_after_search,evidence_only,none,no_reliable_value_after_search,Episode role assigned independently for total and low-income units.
UNITQ_DEV_DCB19960015,DEV_DCB19960015,DCB19960015,candidate_representative,candidate_representative,select_representative,reconciled_episode,selected_reporting_representative,select_representative,reconciled_episode,selected_reporting_representative,Episode role assigned independently for total and low-income units.
UNITQ_DEV_DCB19960015,DEV_DCB19960015,DCB20132002,candidate_duplicate,candidate_duplicate,exclude_duplicate,none,duplicate_reporting_excluded,exclude_duplicate,none,duplicate_reporting_excluded,Episode role assigned independently for total and low-income units.
UNITQ_DEV_DCB20090035,DEV_DCB20090035,DCB20090035,unresolved_pending_outside_read,unresolved_pending_outside_read,evidence_only,none,no_reliable_value_after_search,evidence_only,none,no_reliable_value_after_search,Episode role assigned independently for total and low-income units.
UNITQ_DEV_DCB20090035,DEV_DCB20090035,DCB20099043,unresolved_pending_outside_read,unresolved_pending_outside_read,evidence_only,none,no_reliable_value_after_search,evidence_only,none,no_reliable_value_after_search,Episode role assigned independently for total and low-income units.
UNITQ_DEV_DCB20110805,DEV_DCB20110805,DCB20110805,candidate_representative,candidate_representative,select_representative,reconciled_episode,selected_reporting_representative,select_representative,reconciled_episode,selected_reporting_representative,Episode role assigned independently for total and low-income units.
UNITQ_DEV_DCB20110805,DEV_DCB20110805,DCB20119815,candidate_duplicate,candidate_duplicate,exclude_duplicate,none,duplicate_reporting_excluded,exclude_duplicate,none,duplicate_reporting_excluded,Episode role assigned independently for total and low-income units.
UNITQ_DEV_DCB20110808,DEV_DCB20110808,DCB20110808,unresolved_pending_outside_read,unresolved_pending_outside_read,evidence_only,none,no_reliable_value_after_search,evidence_only,none,no_reliable_value_after_search,Episode role assigned independently for total and low-income units.
UNITQ_DEV_DCB20110808,DEV_DCB20110808,DCB20119812,unresolved_pending_outside_read,unresolved_pending_outside_read,evidence_only,none,no_reliable_value_after_search,evidence_only,none,no_reliable_value_after_search,Episode role assigned independently for total and low-income units.
UNITQ_DEV_DCB20142002,DEV_DCB20142002,DCB20142002,candidate_representative,candidate_representative,select_representative,reconciled_episode,selected_reporting_representative,select_representative,reconciled_episode,selected_reporting_representative,Episode role assigned independently for total and low-income units.
UNITQ_DEV_DCB20142002,DEV_DCB20142002,DCB20149149,candidate_duplicate,candidate_duplicate,exclude_duplicate,none,duplicate_reporting_excluded,exclude_duplicate,none,duplicate_reporting_excluded,Episode role assigned independently for total and low-income units.
UNITQ_DEV_DCB20211003,DEV_DCB20211003,DCB20211003,candidate_component,candidate_component,include_component,reconciled_episode,distinct_component_included,include_component,reconciled_episode,distinct_component_included,Episode role assigned independently for total and low-income units.
UNITQ_DEV_DCB20211003,DEV_DCB20211003,DCB20211004,candidate_component,candidate_component,include_component,reconciled_episode,distinct_component_included,include_component,reconciled_episode,distinct_component_included,Episode role assigned independently for total and low-income units.
UNITQ_DEV_DEA19960002,DEV_DEA19960002,DEA19960002,unresolved_pending_outside_read,unresolved_pending_outside_read,evidence_only,none,no_reliable_value_after_search,evidence_only,none,no_reliable_value_after_search,Episode role assigned independently for total and low-income units.
UNITQ_DEV_DEA19960002,DEV_DEA19960002,DEA19969001,unresolved_pending_outside_read,unresolved_pending_outside_read,evidence_only,none,no_reliable_value_after_search,evidence_only,none,no_reliable_value_after_search,Episode role assigned independently for total and low-income units.
UNITQ_DEV_DEA19960007,DEV_DEA19960007,DEA19960007,unresolved_pending_outside_read,unresolved_pending_outside_read,evidence_only,none,no_reliable_value_after_search,evidence_only,none,no_reliable_value_after_search,Episode role assigned independently for total and low-income units.
UNITQ_DEV_DEA19960007,DEV_DEA19960007,DEA19969002,unresolved_pending_outside_read,unresolved_pending_outside_read,evidence_only,none,no_reliable_value_after_search,evidence_only,none,no_reliable_value_after_search,Episode role assigned independently for total and low-income units.
UNITQ_DEV_DEA19970030,DEV_DEA19970030,DEA19970030,unresolved_pending_outside_read,unresolved_pending_outside_read,evidence_only,none,no_reliable_value_after_search,evidence_only,none,no_reliable_value_after_search,Episode role assigned independently for total and low-income units.
UNITQ_DEV_DEA19970030,DEV_DEA19970030,DEA19979004,unresolved_pending_outside_read,unresolved_pending_outside_read,evidence_only,none,no_reliable_value_after_search,evidence_only,none,no_reliable_value_after_search,Episode role assigned independently for total and low-income units.
UNITQ_DEV_DEA20030025,DEV_DEA20030025,DEA20030025,candidate_representative,unresolved_pending_outside_read,select_representative,reconciled_episode,selected_reporting_representative,evidence_only,none,no_reliable_value_after_search,Episode role assigned independently for total and low-income units.
UNITQ_DEV_DEA20030025,DEV_DEA20030025,DEA20202009,candidate_duplicate,unresolved_pending_outside_read,exclude_duplicate,none,duplicate_reporting_excluded,evidence_only,none,no_reliable_value_after_search,Episode role assigned independently for total and low-income units.
UNITQ_DEV_DEA20090020,DEV_DEA20090020,DEA20090020,unresolved_pending_outside_read,unresolved_pending_outside_read,evidence_only,none,no_reliable_value_after_search,evidence_only,none,no_reliable_value_after_search,Episode role assigned independently for total and low-income units.
UNITQ_DEV_DEA20090020,DEV_DEA20090020,DEA20099001,unresolved_pending_outside_read,unresolved_pending_outside_read,evidence_only,none,no_reliable_value_after_search,evidence_only,none,no_reliable_value_after_search,Episode role assigned independently for total and low-income units.
UNITQ_DEV_DEA20090040,DEV_DEA20090040,DEA20090040,candidate_representative,candidate_representative,select_representative,reconciled_episode,selected_reporting_representative,select_representative,reconciled_episode,selected_reporting_representative,Episode role assigned independently for total and low-income units.
UNITQ_DEV_DEA20090040,DEV_DEA20090040,DEA20096005,candidate_duplicate,candidate_duplicate,exclude_duplicate,none,duplicate_reporting_excluded,exclude_duplicate,none,duplicate_reporting_excluded,Episode role assigned independently for total and low-income units.
UNITQ_DEV_DEA20100020,DEV_DEA20100020,DEA20100020,candidate_representative,candidate_representative,select_representative,reconciled_episode,selected_reporting_representative,select_representative,reconciled_episode,selected_reporting_representative,Episode role assigned independently for total and low-income units.
UNITQ_DEV_DEA20100020,DEV_DEA20100020,DEA20105003,candidate_duplicate,candidate_duplicate,exclude_duplicate,none,duplicate_reporting_excluded,exclude_duplicate,none,duplicate_reporting_excluded,Episode role assigned independently for total and low-income units.
UNITQ_DEV_DEA20141002,DEV_DEA20141002,DEA20141002,candidate_representative,candidate_representative,select_representative,reconciled_episode,selected_reporting_representative,select_representative,reconciled_episode,selected_reporting_representative,Episode role assigned independently for total and low-income units.
UNITQ_DEV_DEA20141002,DEV_DEA20141002,DEA20147004,candidate_duplicate,candidate_duplicate,exclude_duplicate,none,duplicate_reporting_excluded,exclude_duplicate,none,duplicate_reporting_excluded,Episode role assigned independently for total and low-income units.
UNITQ_DEV_DEA20149001,DEV_DEA20149001,DEA20149001,candidate_representative,candidate_representative,select_representative,reconciled_episode,selected_reporting_representative,select_representative,reconciled_episode,selected_reporting_representative,Episode role assigned independently for total and low-income units.
UNITQ_DEV_DEA20149001,DEV_DEA20149001,DEA20150001,candidate_duplicate,candidate_duplicate,exclude_duplicate,none,duplicate_reporting_excluded,exclude_duplicate,none,duplicate_reporting_excluded,Episode role assigned independently for total and low-income units.
UNITQ_DEV_FLA19940809,DEV_FLA19940809,FLA19940809,candidate_representative,candidate_representative,select_representative,reconciled_episode,selected_reporting_representative,select_representative,reconciled_episode,selected_reporting_representative,Episode role assigned independently for total and low-income units.
UNITQ_DEV_FLA19940809,DEV_FLA19940809,FLA19949810,candidate_duplicate,candidate_duplicate,exclude_duplicate,none,duplicate_reporting_excluded,exclude_duplicate,none,duplicate_reporting_excluded,Episode role assigned independently for total and low-income units.
UNITQ_DEV_FLA19950811,DEV_FLA19950811,FLA19950811,candidate_representative,candidate_representative,select_representative,reconciled_episode,selected_reporting_representative,select_representative,reconciled_episode,selected_reporting_representative,Episode role assigned independently for total and low-income units.
UNITQ_DEV_FLA19950811,DEV_FLA19950811,FLA20213017,candidate_duplicate,candidate_duplicate,exclude_duplicate,none,duplicate_reporting_excluded,exclude_duplicate,none,duplicate_reporting_excluded,Episode role assigned independently for total and low-income units.
UNITQ_DEV_FLA19970281,DEV_FLA19970281,FLA19970281,candidate_representative,unresolved_pending_outside_read,select_representative,reconciled_episode,selected_reporting_representative,evidence_only,none,no_reliable_value_after_search,Episode role assigned independently for total and low-income units.
UNITQ_DEV_FLA19970281,DEV_FLA19970281,FLA20222016,candidate_duplicate,unresolved_pending_outside_read,exclude_duplicate,none,duplicate_reporting_excluded,evidence_only,none,no_reliable_value_after_search,Episode role assigned independently for total and low-income units.
UNITQ_DEV_FLA20020075,DEV_FLA20020075,FLA20020075,unresolved_pending_outside_read,unresolved_pending_outside_read,evidence_only,none,no_reliable_value_after_search,evidence_only,none,no_reliable_value_after_search,Episode role assigned independently for total and low-income units.
UNITQ_DEV_FLA20020075,DEV_FLA20020075,FLA20210004,unresolved_pending_outside_read,unresolved_pending_outside_read,evidence_only,none,no_reliable_value_after_search,evidence_only,none,no_reliable_value_after_search,Episode role assigned independently for total and low-income units.
UNITQ_DEV_FLA20040180,DEV_FLA20040180,FLA20040180,candidate_representative,candidate_representative,select_representative,reconciled_episode,selected_reporting_representative,select_representative,reconciled_episode,selected_reporting_representative,Episode role assigned independently for total and low-income units.
UNITQ_DEV_FLA20040180,DEV_FLA20040180,FLA20204005,candidate_duplicate,candidate_duplicate,exclude_duplicate,none,duplicate_reporting_excluded,exclude_duplicate,none,duplicate_reporting_excluded,Episode role assigned independently for total and low-income units.
UNITQ_DEV_GAA00000042,DEV_GAA00000042,GAA00000042,candidate_representative,candidate_representative,select_representative,reconciled_episode,selected_reporting_representative,select_representative,reconciled_episode,selected_reporting_representative,Episode role assigned independently for total and low-income units.
UNITQ_DEV_GAA00000042,DEV_GAA00000042,GAA20160110,candidate_duplicate,candidate_duplicate,exclude_duplicate,none,duplicate_reporting_excluded,exclude_duplicate,none,duplicate_reporting_excluded,Episode role assigned independently for total and low-income units.
UNITQ_DEV_GAA19890020,DEV_GAA19890020,GAA19890020,unresolved_pending_outside_read,unresolved_pending_outside_read,evidence_only,none,no_reliable_value_after_search,evidence_only,none,no_reliable_value_after_search,Episode role assigned independently for total and low-income units.
UNITQ_DEV_GAA19890020,DEV_GAA19890020,GAA20220008,unresolved_pending_outside_read,unresolved_pending_outside_read,evidence_only,none,no_reliable_value_after_search,evidence_only,none,no_reliable_value_after_search,Episode role assigned independently for total and low-income units.
UNITQ_DEV_GAA19900180,DEV_GAA19900180,GAA19900180,candidate_representative,candidate_representative,select_representative,reconciled_episode,selected_reporting_representative,select_representative,reconciled_episode,selected_reporting_representative,Episode role assigned independently for total and low-income units.
UNITQ_DEV_GAA19900180,DEV_GAA19900180,GAA20240015,candidate_duplicate,candidate_duplicate,exclude_duplicate,none,duplicate_reporting_excluded,exclude_duplicate,none,duplicate_reporting_excluded,Episode role assigned independently for total and low-income units.
UNITQ_DEV_GAA19900240,DEV_GAA19900240,GAA19900240,candidate_representative,candidate_representative,select_representative,reconciled_episode,selected_reporting_representative,select_representative,reconciled_episode,selected_reporting_representative,Episode role assigned independently for total and low-income units.
UNITQ_DEV_GAA19900240,DEV_GAA19900240,GAA20190013,candidate_duplicate,candidate_duplicate,exclude_duplicate,none,duplicate_reporting_excluded,exclude_duplicate,none,duplicate_reporting_excluded,Episode role assigned independently for total and low-income units.
UNITQ_DEV_GAA19910100,DEV_GAA19910100,GAA19910100,candidate_representative,candidate_representative,select_representative,reconciled_episode,selected_reporting_representative,select_representative,reconciled_episode,selected_reporting_representative,Episode role assigned independently for total and low-income units.
UNITQ_DEV_GAA19910100,DEV_GAA19910100,GAA20220011,candidate_duplicate,candidate_duplicate,exclude_duplicate,none,duplicate_reporting_excluded,exclude_duplicate,none,duplicate_reporting_excluded,Episode role assigned independently for total and low-income units.
UNITQ_DEV_GAA19910105,DEV_GAA19910105,GAA19910105,candidate_representative,candidate_representative,select_representative,reconciled_episode,selected_reporting_representative,select_representative,reconciled_episode,selected_reporting_representative,Episode role assigned independently for total and low-income units.
UNITQ_DEV_GAA19910105,DEV_GAA19910105,GAA20157152,candidate_duplicate,candidate_duplicate,exclude_duplicate,none,duplicate_reporting_excluded,exclude_duplicate,none,duplicate_reporting_excluded,Episode role assigned independently for total and low-income units.
UNITQ_DEV_GAA19910115,DEV_GAA19910115,GAA19910115,candidate_representative,candidate_representative,select_representative,reconciled_episode,selected_reporting_representative,select_representative,reconciled_episode,selected_reporting_representative,Episode role assigned independently for total and low-income units.
UNITQ_DEV_GAA19910115,DEV_GAA19910115,GAA20148109,candidate_duplicate,candidate_duplicate,exclude_duplicate,none,duplicate_reporting_excluded,exclude_duplicate,none,duplicate_reporting_excluded,Episode role assigned independently for total and low-income units.
UNITQ_DEV_GAA19910255,DEV_GAA19910255,GAA19910255,candidate_representative,candidate_representative,select_representative,reconciled_episode,selected_reporting_representative,select_representative,reconciled_episode,selected_reporting_representative,Episode role assigned independently for total and low-income units.
UNITQ_DEV_GAA19910255,DEV_GAA19910255,GAA19919009,candidate_duplicate,candidate_duplicate,exclude_duplicate,none,duplicate_reporting_excluded,exclude_duplicate,none,duplicate_reporting_excluded,Episode role assigned independently for total and low-income units.
UNITQ_DEV_GAA19920085,DEV_GAA19920085,GAA19920085,candidate_representative,candidate_representative,select_representative,reconciled_episode,selected_reporting_representative,select_representative,reconciled_episode,selected_reporting_representative,Episode role assigned independently for total and low-income units.
UNITQ_DEV_GAA19920085,DEV_GAA19920085,GAA20181015,candidate_duplicate,candidate_duplicate,exclude_duplicate,none,duplicate_reporting_excluded,exclude_duplicate,none,duplicate_reporting_excluded,Episode role assigned independently for total and low-income units.
UNITQ_DEV_GAA19920120,DEV_GAA19920120,GAA19920120,unresolved_pending_outside_read,unresolved_pending_outside_read,evidence_only,none,no_reliable_value_after_search,evidence_only,none,no_reliable_value_after_search,Episode role assigned independently for total and low-income units.
UNITQ_DEV_GAA19920120,DEV_GAA19920120,GAA19929007,unresolved_pending_outside_read,unresolved_pending_outside_read,evidence_only,none,no_reliable_value_after_search,evidence_only,none,no_reliable_value_after_search,Episode role assigned independently for total and low-income units.
UNITQ_DEV_GAA19920155,DEV_GAA19920155,GAA19920155,candidate_representative,candidate_representative,select_representative,reconciled_episode,selected_reporting_representative,select_representative,reconciled_episode,selected_reporting_representative,Episode role assigned independently for total and low-income units.
UNITQ_DEV_GAA19920155,DEV_GAA19920155,GAA20149100,candidate_duplicate,candidate_duplicate,exclude_duplicate,none,duplicate_reporting_excluded,exclude_duplicate,none,duplicate_reporting_excluded,Episode role assigned independently for total and low-income units.
UNITQ_DEV_GAA19930005,DEV_GAA19930005,GAA19930005,unresolved_pending_outside_read,unresolved_pending_outside_read,evidence_only,none,no_reliable_value_after_search,evidence_only,none,no_reliable_value_after_search,Episode role assigned independently for total and low-income units.
UNITQ_DEV_GAA19930005,DEV_GAA19930005,GAA19939209,unresolved_pending_outside_read,unresolved_pending_outside_read,evidence_only,none,no_reliable_value_after_search,evidence_only,none,no_reliable_value_after_search,Episode role assigned independently for total and low-income units.
UNITQ_DEV_GAA19930125,DEV_GAA19930125,GAA19930125,candidate_representative,candidate_representative,select_representative,reconciled_episode,selected_reporting_representative,select_representative,reconciled_episode,selected_reporting_representative,Episode role assigned independently for total and low-income units.
UNITQ_DEV_GAA19930125,DEV_GAA19930125,GAA19939007,candidate_duplicate,candidate_duplicate,exclude_duplicate,none,duplicate_reporting_excluded,exclude_duplicate,none,duplicate_reporting_excluded,Episode role assigned independently for total and low-income units.
UNITQ_DEV_GAA19939210,DEV_GAA19939210,GAA19939210,unresolved_pending_outside_read,unresolved_pending_outside_read,evidence_only,none,no_reliable_value_after_search,evidence_only,none,no_reliable_value_after_search,Episode role assigned independently for total and low-income units.
UNITQ_DEV_GAA19939210,DEV_GAA19939210,GAA19940050,unresolved_pending_outside_read,unresolved_pending_outside_read,evidence_only,none,no_reliable_value_after_search,evidence_only,none,no_reliable_value_after_search,Episode role assigned independently for total and low-income units.
UNITQ_DEV_GAA19940160,DEV_GAA19940160,GAA19940160,unresolved_pending_outside_read,unresolved_pending_outside_read,evidence_only,none,no_reliable_value_after_search,evidence_only,none,no_reliable_value_after_search,Episode role assigned independently for total and low-income units.
UNITQ_DEV_GAA19940160,DEV_GAA19940160,GAA19940165,unresolved_pending_outside_read,unresolved_pending_outside_read,evidence_only,none,no_reliable_value_after_search,evidence_only,none,no_reliable_value_after_search,Episode role assigned independently for total and low-income units.
UNITQ_DEV_GAA19940160,DEV_GAA19940160,GAA19940245,unresolved_pending_outside_read,unresolved_pending_outside_read,evidence_only,none,no_reliable_value_after_search,evidence_only,none,no_reliable_value_after_search,Episode role assigned independently for total and low-income units.
UNITQ_DEV_GAA19950050,DEV_GAA19950050,GAA19950050,candidate_representative,candidate_representative,select_representative,reconciled_episode,selected_reporting_representative,select_representative,reconciled_episode,selected_reporting_representative,Episode role assigned independently for total and low-income units.
UNITQ_DEV_GAA19950050,DEV_GAA19950050,GAA20148103,candidate_duplicate,candidate_duplicate,exclude_duplicate,none,duplicate_reporting_excluded,exclude_duplicate,none,duplicate_reporting_excluded,Episode role assigned independently for total and low-income units.
UNITQ_DEV_GAA19950057,DEV_GAA19950057,GAA19950057,candidate_representative,candidate_representative,select_representative,reconciled_episode,selected_reporting_representative,select_representative,reconciled_episode,selected_reporting_representative,Episode role assigned independently for total and low-income units.
UNITQ_DEV_GAA19950057,DEV_GAA19950057,GAA20148104,candidate_duplicate,candidate_duplicate,exclude_duplicate,none,duplicate_reporting_excluded,exclude_duplicate,none,duplicate_reporting_excluded,Episode role assigned independently for total and low-income units.
UNITQ_DEV_GAA19950160,DEV_GAA19950160,GAA19950160,candidate_representative,candidate_representative,select_representative,reconciled_episode,selected_reporting_representative,select_representative,reconciled_episode,selected_reporting_representative,Episode role assigned independently for total and low-income units.
UNITQ_DEV_GAA19950160,DEV_GAA19950160,GAA20148110,candidate_duplicate,candidate_duplicate,exclude_duplicate,none,duplicate_reporting_excluded,exclude_duplicate,none,duplicate_reporting_excluded,Episode role assigned independently for total and low-income units.
UNITQ_DEV_GAA19950245,DEV_GAA19950245,GAA19950245,candidate_representative,candidate_representative,select_representative,reconciled_episode,selected_reporting_representative,select_representative,reconciled_episode,selected_reporting_representative,Episode role assigned independently for total and low-income units.
UNITQ_DEV_GAA19950245,DEV_GAA19950245,GAA20195177,candidate_duplicate,candidate_duplicate,exclude_duplicate,none,duplicate_reporting_excluded,exclude_duplicate,none,duplicate_reporting_excluded,Episode role assigned independently for total and low-income units.
UNITQ_DEV_GAA19950250,DEV_GAA19950250,GAA0000X113,unresolved_pending_outside_read,unresolved_pending_outside_read,evidence_only,none,no_reliable_value_after_search,evidence_only,none,no_reliable_value_after_search,Episode role assigned independently for total and low-income units.
UNITQ_DEV_GAA19950250,DEV_GAA19950250,GAA19950250,unresolved_pending_outside_read,unresolved_pending_outside_read,evidence_only,none,no_reliable_value_after_search,evidence_only,none,no_reliable_value_after_search,Episode role assigned independently for total and low-income units.
UNITQ_DEV_GAA19950280,DEV_GAA19950280,GAA19950280,candidate_representative,unresolved_pending_outside_read,select_representative,reconciled_episode,selected_reporting_representative,evidence_only,none,no_reliable_value_after_search,Episode role assigned independently for total and low-income units.
UNITQ_DEV_GAA19950280,DEV_GAA19950280,GAA20148115,candidate_duplicate,unresolved_pending_outside_read,exclude_duplicate,none,duplicate_reporting_excluded,evidence_only,none,no_reliable_value_after_search,Episode role assigned independently for total and low-income units.
UNITQ_DEV_GAA19950295,DEV_GAA19950295,GAA19950295,evidence_only,unresolved_pending_outside_read,evidence_only,none,external_value_not_episode_allocated,evidence_only,none,no_reliable_value_after_search,Episode role assigned independently for total and low-income units.
UNITQ_DEV_GAA19950295,DEV_GAA19950295,GAA20010140,evidence_only,unresolved_pending_outside_read,evidence_only,none,external_value_not_episode_allocated,evidence_only,none,no_reliable_value_after_search,Episode role assigned independently for total and low-income units.
UNITQ_DEV_GAA19950295,DEV_GAA19950295,GAA20019007,evidence_only,unresolved_pending_outside_read,evidence_only,none,external_value_not_episode_allocated,evidence_only,none,no_reliable_value_after_search,Episode role assigned independently for total and low-income units.
UNITQ_DEV_GAA19960050,DEV_GAA19960050,GAA19960050,candidate_representative,unresolved_pending_outside_read,select_representative,reconciled_episode,selected_reporting_representative,evidence_only,none,no_reliable_value_after_search,Episode role assigned independently for total and low-income units.
UNITQ_DEV_GAA19960050,DEV_GAA19960050,GAA20157151,candidate_duplicate,unresolved_pending_outside_read,exclude_duplicate,none,duplicate_reporting_excluded,evidence_only,none,no_reliable_value_after_search,Episode role assigned independently for total and low-income units.
UNITQ_DEV_GAA19960085,DEV_GAA19960085,GAA19960085,candidate_representative,candidate_representative,select_representative,reconciled_episode,selected_reporting_representative,select_representative,reconciled_episode,selected_reporting_representative,Episode role assigned independently for total and low-income units.
UNITQ_DEV_GAA19960085,DEV_GAA19960085,GAA20240076,candidate_duplicate,candidate_duplicate,exclude_duplicate,none,duplicate_reporting_excluded,exclude_duplicate,none,duplicate_reporting_excluded,Episode role assigned independently for total and low-income units.
UNITQ_DEV_GAA19960255,DEV_GAA19960255,GAA19960255,candidate_representative,candidate_representative,select_representative,reconciled_episode,selected_reporting_representative,select_representative,reconciled_episode,selected_reporting_representative,Episode role assigned independently for total and low-income units.
UNITQ_DEV_GAA19960255,DEV_GAA19960255,GAA20157158,candidate_duplicate,candidate_duplicate,exclude_duplicate,none,duplicate_reporting_excluded,exclude_duplicate,none,duplicate_reporting_excluded,Episode role assigned independently for total and low-income units.
UNITQ_DEV_GAA19970105,DEV_GAA19970105,GAA19970105,candidate_representative,unresolved_pending_outside_read,select_representative,reconciled_episode,selected_reporting_representative,evidence_only,none,no_reliable_value_after_search,Episode role assigned independently for total and low-income units.
UNITQ_DEV_GAA19970105,DEV_GAA19970105,GAA20030250,candidate_duplicate,unresolved_pending_outside_read,exclude_duplicate,none,duplicate_reporting_excluded,evidence_only,none,no_reliable_value_after_search,Episode role assigned independently for total and low-income units.
UNITQ_DEV_GAA19970800,DEV_GAA19970800,GAA19970800,unresolved_pending_outside_read,unresolved_pending_outside_read,evidence_only,none,no_reliable_value_after_search,evidence_only,none,no_reliable_value_after_search,Episode role assigned independently for total and low-income units.
UNITQ_DEV_GAA19970800,DEV_GAA19970800,GAA20157150,unresolved_pending_outside_read,unresolved_pending_outside_read,evidence_only,none,no_reliable_value_after_search,evidence_only,none,no_reliable_value_after_search,Episode role assigned independently for total and low-income units.
UNITQ_DEV_GAA19979001,DEV_GAA19979001,GAA19979001,candidate_representative,candidate_representative,select_representative,reconciled_episode,selected_reporting_representative,select_representative,reconciled_episode,selected_reporting_representative,Episode role assigned independently for total and low-income units.
UNITQ_DEV_GAA19979001,DEV_GAA19979001,GAA19980120,candidate_duplicate,candidate_duplicate,exclude_duplicate,none,duplicate_reporting_excluded,exclude_duplicate,none,duplicate_reporting_excluded,Episode role assigned independently for total and low-income units.
UNITQ_DEV_GAA19980167,DEV_GAA19980167,GAA19980167,candidate_representative,candidate_representative,select_representative,reconciled_episode,selected_reporting_representative,select_representative,reconciled_episode,selected_reporting_representative,Episode role assigned independently for total and low-income units.
UNITQ_DEV_GAA19980167,DEV_GAA19980167,GAA20200001,candidate_duplicate,candidate_duplicate,exclude_duplicate,none,duplicate_reporting_excluded,exclude_duplicate,none,duplicate_reporting_excluded,Episode role assigned independently for total and low-income units.
UNITQ_DEV_GAA19990125,DEV_GAA19990125,GAA19990125,candidate_representative,unresolved_pending_outside_read,select_representative,reconciled_episode,selected_reporting_representative,evidence_only,none,no_reliable_value_after_search,Episode role assigned independently for total and low-income units.
UNITQ_DEV_GAA19990125,DEV_GAA19990125,GAA20230006,candidate_duplicate,unresolved_pending_outside_read,exclude_duplicate,none,duplicate_reporting_excluded,evidence_only,none,no_reliable_value_after_search,Episode role assigned independently for total and low-income units.
UNITQ_DEV_GAA19990215,DEV_GAA19990215,GAA19990215,candidate_representative,candidate_representative,select_representative,reconciled_episode,selected_reporting_representative,select_representative,reconciled_episode,selected_reporting_representative,Episode role assigned independently for total and low-income units.
UNITQ_DEV_GAA19990215,DEV_GAA19990215,GAA19999023,candidate_duplicate,candidate_duplicate,exclude_duplicate,none,duplicate_reporting_excluded,exclude_duplicate,none,duplicate_reporting_excluded,Episode role assigned independently for total and low-income units.
UNITQ_DEV_GAA20010040,DEV_GAA20010040,GAA20010040,candidate_representative,evidence_only,select_representative,reconciled_episode,selected_reporting_representative,evidence_only,none,episode_specific_no_static_value,Episode role assigned independently for total and low-income units.
UNITQ_DEV_GAA20010040,DEV_GAA20010040,GAA20019033,candidate_duplicate,evidence_only,exclude_duplicate,none,duplicate_reporting_excluded,evidence_only,none,episode_specific_no_static_value,Episode role assigned independently for total and low-income units.
UNITQ_DEV_GAA20020020,DEV_GAA20020020,GAA20020020,candidate_representative,unresolved_pending_outside_read,select_representative,reconciled_episode,selected_reporting_representative,evidence_only,none,no_reliable_value_after_search,Episode role assigned independently for total and low-income units.
UNITQ_DEV_GAA20020020,DEV_GAA20020020,GAA20029801,candidate_duplicate,unresolved_pending_outside_read,exclude_duplicate,none,duplicate_reporting_excluded,evidence_only,none,no_reliable_value_after_search,Episode role assigned independently for total and low-income units.
UNITQ_DEV_GAA20020050,DEV_GAA20020050,GAA20020050,candidate_representative,unresolved_pending_outside_read,select_representative,reconciled_episode,selected_reporting_representative,evidence_only,none,no_reliable_value_after_search,Episode role assigned independently for total and low-income units.
UNITQ_DEV_GAA20020050,DEV_GAA20020050,GAA20029034,candidate_duplicate,unresolved_pending_outside_read,exclude_duplicate,none,duplicate_reporting_excluded,evidence_only,none,no_reliable_value_after_search,Episode role assigned independently for total and low-income units.
UNITQ_DEV_GAA20020050,DEV_GAA20020050,GAA20029802,candidate_duplicate,unresolved_pending_outside_read,exclude_duplicate,none,duplicate_reporting_excluded,evidence_only,none,no_reliable_value_after_search,Episode role assigned independently for total and low-income units.
UNITQ_DEV_GAA20020070,DEV_GAA20020070,GAA20020070,unresolved_pending_outside_read,unresolved_pending_outside_read,evidence_only,none,no_reliable_value_after_search,evidence_only,none,no_reliable_value_after_search,Episode role assigned independently for total and low-income units.
UNITQ_DEV_GAA20020070,DEV_GAA20020070,GAA20029045,unresolved_pending_outside_read,unresolved_pending_outside_read,evidence_only,none,no_reliable_value_after_search,evidence_only,none,no_reliable_value_after_search,Episode role assigned independently for total and low-income units.
UNITQ_DEV_GAA20020105,DEV_GAA20020105,GAA20020105,candidate_representative,unresolved_pending_outside_read,select_representative,reconciled_episode,selected_reporting_representative,evidence_only,none,no_reliable_value_after_search,Episode role assigned independently for total and low-income units.
UNITQ_DEV_GAA20020105,DEV_GAA20020105,GAA20029006,candidate_duplicate,unresolved_pending_outside_read,exclude_duplicate,none,duplicate_reporting_excluded,evidence_only,none,no_reliable_value_after_search,Episode role assigned independently for total and low-income units.
UNITQ_DEV_GAA20020225,DEV_GAA20020225,GAA20020225,unresolved_pending_outside_read,unresolved_pending_outside_read,evidence_only,none,no_reliable_value_after_search,evidence_only,none,no_reliable_value_after_search,Episode role assigned independently for total and low-income units.
UNITQ_DEV_GAA20020225,DEV_GAA20020225,GAA20213182,unresolved_pending_outside_read,unresolved_pending_outside_read,evidence_only,none,no_reliable_value_after_search,evidence_only,none,no_reliable_value_after_search,Episode role assigned independently for total and low-income units.
UNITQ_DEV_GAA20030065,DEV_GAA20030065,GAA20030065,unresolved_pending_outside_read,unresolved_pending_outside_read,evidence_only,none,no_reliable_value_after_search,evidence_only,none,no_reliable_value_after_search,Episode role assigned independently for total and low-income units.
UNITQ_DEV_GAA20030065,DEV_GAA20030065,GAA20039030,unresolved_pending_outside_read,unresolved_pending_outside_read,evidence_only,none,no_reliable_value_after_search,evidence_only,none,no_reliable_value_after_search,Episode role assigned independently for total and low-income units.
UNITQ_DEV_GAA20030119,DEV_GAA20030119,GAA20030119,unresolved_pending_outside_read,unresolved_pending_outside_read,evidence_only,none,no_reliable_value_after_search,evidence_only,none,no_reliable_value_after_search,Episode role assigned independently for total and low-income units.
UNITQ_DEV_GAA20030119,DEV_GAA20030119,GAA20039054,unresolved_pending_outside_read,unresolved_pending_outside_read,evidence_only,none,no_reliable_value_after_search,evidence_only,none,no_reliable_value_after_search,Episode role assigned independently for total and low-income units.
UNITQ_DEV_GAA20030119,DEV_GAA20030119,GAA20039055,unresolved_pending_outside_read,unresolved_pending_outside_read,evidence_only,none,no_reliable_value_after_search,evidence_only,none,no_reliable_value_after_search,Episode role assigned independently for total and low-income units.
UNITQ_DEV_GAA20030119,DEV_GAA20030119,GAA20039057,unresolved_pending_outside_read,unresolved_pending_outside_read,evidence_only,none,no_reliable_value_after_search,evidence_only,none,no_reliable_value_after_search,Episode role assigned independently for total and low-income units.
UNITQ_DEV_GAA20030119,DEV_GAA20030119,GAA20039059,unresolved_pending_outside_read,unresolved_pending_outside_read,evidence_only,none,no_reliable_value_after_search,evidence_only,none,no_reliable_value_after_search,Episode role assigned independently for total and low-income units.
UNITQ_DEV_GAA20030119,DEV_GAA20030119,GAA20039060,unresolved_pending_outside_read,unresolved_pending_outside_read,evidence_only,none,no_reliable_value_after_search,evidence_only,none,no_reliable_value_after_search,Episode role assigned independently for total and low-income units.
UNITQ_DEV_GAA20030119,DEV_GAA20030119,GAA20039061,unresolved_pending_outside_read,unresolved_pending_outside_read,evidence_only,none,no_reliable_value_after_search,evidence_only,none,no_reliable_value_after_search,Episode role assigned independently for total and low-income units.
UNITQ_DEV_GAA20030119,DEV_GAA20030119,GAA20039062,unresolved_pending_outside_read,unresolved_pending_outside_read,evidence_only,none,no_reliable_value_after_search,evidence_only,none,no_reliable_value_after_search,Episode role assigned independently for total and low-income units.
UNITQ_DEV_GAA20030119,DEV_GAA20030119,GAA20039063,unresolved_pending_outside_read,unresolved_pending_outside_read,evidence_only,none,no_reliable_value_after_search,evidence_only,none,no_reliable_value_after_search,Episode role assigned independently for total and low-income units.
UNITQ_DEV_GAA20030175,DEV_GAA20030175,GAA20030175,candidate_representative,candidate_representative,select_representative,reconciled_episode,selected_reporting_representative,select_representative,reconciled_episode,selected_reporting_representative,Episode role assigned independently for total and low-income units.
UNITQ_DEV_GAA20030175,DEV_GAA20030175,GAA20039009,candidate_duplicate,candidate_duplicate,exclude_duplicate,none,duplicate_reporting_excluded,exclude_duplicate,none,duplicate_reporting_excluded,Episode role assigned independently for total and low-income units.
UNITQ_DEV_GAA20030175,DEV_GAA20030175,GAA20039011,candidate_duplicate,candidate_duplicate,exclude_duplicate,none,duplicate_reporting_excluded,exclude_duplicate,none,duplicate_reporting_excluded,Episode role assigned independently for total and low-income units.
UNITQ_DEV_GAA20030285,DEV_GAA20030285,GAA20030285,unresolved_pending_outside_read,unresolved_pending_outside_read,evidence_only,none,no_reliable_value_after_search,evidence_only,none,no_reliable_value_after_search,Episode role assigned independently for total and low-income units.
UNITQ_DEV_GAA20030285,DEV_GAA20030285,GAA20039047,unresolved_pending_outside_read,unresolved_pending_outside_read,evidence_only,none,no_reliable_value_after_search,evidence_only,none,no_reliable_value_after_search,Episode role assigned independently for total and low-income units.
UNITQ_DEV_GAA20040080,DEV_GAA20040080,GAA20040080,candidate_representative,candidate_representative,select_representative,reconciled_episode,selected_reporting_representative,select_representative,reconciled_episode,selected_reporting_representative,Episode role assigned independently for total and low-income units.
UNITQ_DEV_GAA20040080,DEV_GAA20040080,GAA20080002,candidate_duplicate,candidate_duplicate,exclude_duplicate,none,duplicate_reporting_excluded,exclude_duplicate,none,duplicate_reporting_excluded,Episode role assigned independently for total and low-income units.
UNITQ_DEV_GAA20040090,DEV_GAA20040090,GAA20040090,candidate_representative,candidate_representative,select_representative,reconciled_episode,selected_reporting_representative,select_representative,reconciled_episode,selected_reporting_representative,Episode role assigned independently for total and low-income units.
UNITQ_DEV_GAA20040090,DEV_GAA20040090,GAA20210007,candidate_duplicate,candidate_duplicate,exclude_duplicate,none,duplicate_reporting_excluded,exclude_duplicate,none,duplicate_reporting_excluded,Episode role assigned independently for total and low-income units.
UNITQ_DEV_GAA20040095,DEV_GAA20040095,GAA20040095,candidate_representative,unresolved_pending_outside_read,select_representative,reconciled_episode,selected_reporting_representative,evidence_only,none,no_reliable_value_after_search,Episode role assigned independently for total and low-income units.
UNITQ_DEV_GAA20040095,DEV_GAA20040095,GAA20210006,candidate_duplicate,unresolved_pending_outside_read,exclude_duplicate,none,duplicate_reporting_excluded,evidence_only,none,no_reliable_value_after_search,Episode role assigned independently for total and low-income units.
UNITQ_DEV_GAA20040184,DEV_GAA20040184,GAA20040184,candidate_representative,candidate_representative,select_representative,reconciled_episode,selected_reporting_representative,select_representative,reconciled_episode,selected_reporting_representative,Episode role assigned independently for total and low-income units.
UNITQ_DEV_GAA20040184,DEV_GAA20040184,GAA20049037,candidate_duplicate,candidate_duplicate,exclude_duplicate,none,duplicate_reporting_excluded,exclude_duplicate,none,duplicate_reporting_excluded,Episode role assigned independently for total and low-income units.
UNITQ_DEV_GAA20040235,DEV_GAA20040235,GAA20040235,candidate_representative,unresolved_pending_outside_read,select_representative,reconciled_episode,selected_reporting_representative,evidence_only,none,no_reliable_value_after_search,Episode role assigned independently for total and low-income units.
UNITQ_DEV_GAA20040235,DEV_GAA20040235,GAA20049006,candidate_duplicate,unresolved_pending_outside_read,exclude_duplicate,none,duplicate_reporting_excluded,evidence_only,none,no_reliable_value_after_search,Episode role assigned independently for total and low-income units.
UNITQ_DEV_GAA20040235,DEV_GAA20040235,GAA20049047,candidate_duplicate,unresolved_pending_outside_read,exclude_duplicate,none,duplicate_reporting_excluded,evidence_only,none,no_reliable_value_after_search,Episode role assigned independently for total and low-income units.
UNITQ_DEV_GAA20040238,DEV_GAA20040238,GAA20040238,candidate_representative,unresolved_pending_outside_read,select_representative,reconciled_episode,selected_reporting_representative,evidence_only,none,no_reliable_value_after_search,Episode role assigned independently for total and low-income units.
UNITQ_DEV_GAA20040238,DEV_GAA20040238,GAA20049068,candidate_duplicate,unresolved_pending_outside_read,exclude_duplicate,none,duplicate_reporting_excluded,evidence_only,none,no_reliable_value_after_search,Episode role assigned independently for total and low-income units.
UNITQ_DEV_GAA20049030,DEV_GAA20049030,GAA20049030,unresolved_pending_outside_read,unresolved_pending_outside_read,evidence_only,none,no_reliable_value_after_search,evidence_only,none,no_reliable_value_after_search,Episode role assigned independently for total and low-income units.
UNITQ_DEV_GAA20049030,DEV_GAA20049030,GAA20050055,unresolved_pending_outside_read,unresolved_pending_outside_read,evidence_only,none,no_reliable_value_after_search,evidence_only,none,no_reliable_value_after_search,Episode role assigned independently for total and low-income units.
UNITQ_DEV_GAA20050025,DEV_GAA20050025,GAA20050025,candidate_representative,unresolved_pending_outside_read,select_representative,reconciled_episode,selected_reporting_representative,evidence_only,none,no_reliable_value_after_search,Episode role assigned independently for total and low-income units.
UNITQ_DEV_GAA20050025,DEV_GAA20050025,GAA20050285,candidate_duplicate,unresolved_pending_outside_read,exclude_duplicate,none,duplicate_reporting_excluded,evidence_only,none,no_reliable_value_after_search,Episode role assigned independently for total and low-income units.
UNITQ_DEV_GAA20050120,DEV_GAA20050120,GAA20050120,candidate_representative,candidate_representative,select_representative,reconciled_episode,selected_reporting_representative,select_representative,reconciled_episode,selected_reporting_representative,Episode role assigned independently for total and low-income units.
UNITQ_DEV_GAA20050120,DEV_GAA20050120,GAA20059804,candidate_duplicate,candidate_duplicate,exclude_duplicate,none,duplicate_reporting_excluded,exclude_duplicate,none,duplicate_reporting_excluded,Episode role assigned independently for total and low-income units.
UNITQ_DEV_GAA20050135,DEV_GAA20050135,GAA20050135,unresolved_pending_outside_read,unresolved_pending_outside_read,evidence_only,none,no_reliable_value_after_search,evidence_only,none,no_reliable_value_after_search,Episode role assigned independently for total and low-income units.
UNITQ_DEV_GAA20050135,DEV_GAA20050135,GAA20059004,unresolved_pending_outside_read,unresolved_pending_outside_read,evidence_only,none,no_reliable_value_after_search,evidence_only,none,no_reliable_value_after_search,Episode role assigned independently for total and low-income units.
UNITQ_DEV_GAA20050185,DEV_GAA20050185,GAA20050185,unresolved_pending_outside_read,unresolved_pending_outside_read,evidence_only,none,no_reliable_value_after_search,evidence_only,none,no_reliable_value_after_search,Episode role assigned independently for total and low-income units.
UNITQ_DEV_GAA20050185,DEV_GAA20050185,GAA20059020,unresolved_pending_outside_read,unresolved_pending_outside_read,evidence_only,none,no_reliable_value_after_search,evidence_only,none,no_reliable_value_after_search,Episode role assigned independently for total and low-income units.
UNITQ_DEV_GAA20050210,DEV_GAA20050210,GAA20050210,candidate_representative,candidate_representative,select_representative,reconciled_episode,selected_reporting_representative,select_representative,reconciled_episode,selected_reporting_representative,Episode role assigned independently for total and low-income units.
UNITQ_DEV_GAA20050210,DEV_GAA20050210,GAA20079307,candidate_duplicate,candidate_duplicate,exclude_duplicate,none,duplicate_reporting_excluded,exclude_duplicate,none,duplicate_reporting_excluded,Episode role assigned independently for total and low-income units.
UNITQ_DEV_GAA20050800,DEV_GAA20050800,GAA20050800,unresolved_pending_outside_read,unresolved_pending_outside_read,evidence_only,none,no_reliable_value_after_search,evidence_only,none,no_reliable_value_after_search,Episode role assigned independently for total and low-income units.
UNITQ_DEV_GAA20050800,DEV_GAA20050800,GAA20213180,unresolved_pending_outside_read,unresolved_pending_outside_read,evidence_only,none,no_reliable_value_after_search,evidence_only,none,no_reliable_value_after_search,Episode role assigned independently for total and low-income units.
UNITQ_DEV_GAA20059805,DEV_GAA20059805,GAA20059805,candidate_representative,candidate_representative,select_representative,reconciled_episode,selected_reporting_representative,select_representative,reconciled_episode,selected_reporting_representative,Episode role assigned independently for total and low-income units.
UNITQ_DEV_GAA20059805,DEV_GAA20059805,GAA20213179,candidate_duplicate,candidate_duplicate,exclude_duplicate,none,duplicate_reporting_excluded,exclude_duplicate,none,duplicate_reporting_excluded,Episode role assigned independently for total and low-income units.
UNITQ_DEV_GAA20060295,DEV_GAA20060295,GAA20060295,candidate_representative,candidate_representative,select_representative,reconciled_episode,selected_reporting_representative,select_representative,reconciled_episode,selected_reporting_representative,Episode role assigned independently for total and low-income units.
UNITQ_DEV_GAA20060295,DEV_GAA20060295,GAA20069041,candidate_duplicate,candidate_duplicate,exclude_duplicate,none,duplicate_reporting_excluded,exclude_duplicate,none,duplicate_reporting_excluded,Episode role assigned independently for total and low-income units.
UNITQ_DEV_GAA20060355,DEV_GAA20060355,GAA20060355,candidate_representative,unresolved_pending_outside_read,select_representative,reconciled_episode,selected_reporting_representative,evidence_only,none,no_reliable_value_after_search,Episode role assigned independently for total and low-income units.
UNITQ_DEV_GAA20060355,DEV_GAA20060355,GAA20069018,candidate_duplicate,unresolved_pending_outside_read,exclude_duplicate,none,duplicate_reporting_excluded,evidence_only,none,no_reliable_value_after_search,Episode role assigned independently for total and low-income units.
UNITQ_DEV_GAA20060375,DEV_GAA20060375,GAA20060375,candidate_representative,candidate_representative,select_representative,reconciled_episode,selected_reporting_representative,select_representative,reconciled_episode,selected_reporting_representative,Episode role assigned independently for total and low-income units.
UNITQ_DEV_GAA20060375,DEV_GAA20060375,GAA20069023,candidate_duplicate,candidate_duplicate,exclude_duplicate,none,duplicate_reporting_excluded,exclude_duplicate,none,duplicate_reporting_excluded,Episode role assigned independently for total and low-income units.
UNITQ_DEV_GAA20070030,DEV_GAA20070030,GAA20070030,candidate_representative,candidate_representative,select_representative,reconciled_episode,selected_reporting_representative,select_representative,reconciled_episode,selected_reporting_representative,Episode role assigned independently for total and low-income units.
UNITQ_DEV_GAA20070030,DEV_GAA20070030,GAA20079008,candidate_duplicate,candidate_duplicate,exclude_duplicate,none,duplicate_reporting_excluded,exclude_duplicate,none,duplicate_reporting_excluded,Episode role assigned independently for total and low-income units.
UNITQ_DEV_GAA20070040,DEV_GAA20070040,GAA20070040,candidate_representative,candidate_representative,select_representative,reconciled_episode,selected_reporting_representative,select_representative,reconciled_episode,selected_reporting_representative,Episode role assigned independently for total and low-income units.
UNITQ_DEV_GAA20070040,DEV_GAA20070040,GAA20079011,candidate_duplicate,candidate_duplicate,exclude_duplicate,none,duplicate_reporting_excluded,exclude_duplicate,none,duplicate_reporting_excluded,Episode role assigned independently for total and low-income units.
UNITQ_DEV_GAA20070285,DEV_GAA20070285,GAA20070285,unresolved_pending_outside_read,unresolved_pending_outside_read,evidence_only,none,no_reliable_value_after_search,evidence_only,none,no_reliable_value_after_search,Episode role assigned independently for total and low-income units.
UNITQ_DEV_GAA20070285,DEV_GAA20070285,GAA20079037,unresolved_pending_outside_read,unresolved_pending_outside_read,evidence_only,none,no_reliable_value_after_search,evidence_only,none,no_reliable_value_after_search,Episode role assigned independently for total and low-income units.
UNITQ_DEV_GAA20079003,DEV_GAA20079003,GAA20079003,unresolved_pending_outside_read,unresolved_pending_outside_read,evidence_only,none,no_reliable_value_after_search,evidence_only,none,no_reliable_value_after_search,Episode role assigned independently for total and low-income units.
UNITQ_DEV_GAA20079003,DEV_GAA20079003,GAA20080007,unresolved_pending_outside_read,unresolved_pending_outside_read,evidence_only,none,no_reliable_value_after_search,evidence_only,none,no_reliable_value_after_search,Episode role assigned independently for total and low-income units.
UNITQ_DEV_GAA20079043,DEV_GAA20079043,GAA20079043,unresolved_pending_outside_read,unresolved_pending_outside_read,evidence_only,none,no_reliable_value_after_search,evidence_only,none,no_reliable_value_after_search,Episode role assigned independently for total and low-income units.
UNITQ_DEV_GAA20079043,DEV_GAA20079043,GAA20079306,unresolved_pending_outside_read,unresolved_pending_outside_read,evidence_only,none,no_reliable_value_after_search,evidence_only,none,no_reliable_value_after_search,Episode role assigned independently for total and low-income units.
UNITQ_DEV_GAA20080003,DEV_GAA20080003,GAA20080003,candidate_representative,candidate_representative,select_representative,reconciled_episode,selected_reporting_representative,select_representative,reconciled_episode,selected_reporting_representative,Episode role assigned independently for total and low-income units.
UNITQ_DEV_GAA20080003,DEV_GAA20080003,GAA20089860,candidate_duplicate,candidate_duplicate,exclude_duplicate,none,duplicate_reporting_excluded,exclude_duplicate,none,duplicate_reporting_excluded,Episode role assigned independently for total and low-income units.
UNITQ_DEV_GAA20080055,DEV_GAA20080055,GAA20080055,candidate_representative,candidate_representative,select_representative,reconciled_episode,selected_reporting_representative,select_representative,reconciled_episode,selected_reporting_representative,Episode role assigned independently for total and low-income units.
UNITQ_DEV_GAA20080055,DEV_GAA20080055,GAA20089861,candidate_duplicate,candidate_duplicate,exclude_duplicate,none,duplicate_reporting_excluded,exclude_duplicate,none,duplicate_reporting_excluded,Episode role assigned independently for total and low-income units.
UNITQ_DEV_GAA20080065,DEV_GAA20080065,GAA20080065,candidate_representative,candidate_representative,select_representative,reconciled_episode,selected_reporting_representative,select_representative,reconciled_episode,selected_reporting_representative,Episode role assigned independently for total and low-income units.
UNITQ_DEV_GAA20080065,DEV_GAA20080065,GAA20130014,candidate_duplicate,candidate_duplicate,exclude_duplicate,none,duplicate_reporting_excluded,exclude_duplicate,none,duplicate_reporting_excluded,Episode role assigned independently for total and low-income units.
UNITQ_DEV_GAA20090085,DEV_GAA20090085,GAA20090085,candidate_representative,candidate_representative,select_representative,reconciled_episode,selected_reporting_representative,select_representative,reconciled_episode,selected_reporting_representative,Episode role assigned independently for total and low-income units.
UNITQ_DEV_GAA20090085,DEV_GAA20090085,GAA20098021,candidate_duplicate,candidate_duplicate,exclude_duplicate,none,duplicate_reporting_excluded,exclude_duplicate,none,duplicate_reporting_excluded,Episode role assigned independently for total and low-income units.
UNITQ_DEV_GAA20100005,DEV_GAA20100005,GAA20100005,candidate_representative,candidate_representative,select_representative,reconciled_episode,selected_reporting_representative,select_representative,reconciled_episode,selected_reporting_representative,Episode role assigned independently for total and low-income units.
UNITQ_DEV_GAA20100005,DEV_GAA20100005,GAA20107002,candidate_duplicate,candidate_duplicate,exclude_duplicate,none,duplicate_reporting_excluded,exclude_duplicate,none,duplicate_reporting_excluded,Episode role assigned independently for total and low-income units.
UNITQ_DEV_GAA20100035,DEV_GAA20100035,GAA20100035,candidate_representative,candidate_representative,select_representative,reconciled_episode,selected_reporting_representative,select_representative,reconciled_episode,selected_reporting_representative,Episode role assigned independently for total and low-income units.
UNITQ_DEV_GAA20100035,DEV_GAA20100035,GAA20107022,candidate_duplicate,candidate_duplicate,exclude_duplicate,none,duplicate_reporting_excluded,exclude_duplicate,none,duplicate_reporting_excluded,Episode role assigned independently for total and low-income units.
UNITQ_DEV_GAA20100040,DEV_GAA20100040,GAA20100040,candidate_representative,candidate_representative,select_representative,reconciled_episode,selected_reporting_representative,select_representative,reconciled_episode,selected_reporting_representative,Episode role assigned independently for total and low-income units.
UNITQ_DEV_GAA20100040,DEV_GAA20100040,GAA20107023,candidate_duplicate,candidate_duplicate,exclude_duplicate,none,duplicate_reporting_excluded,exclude_duplicate,none,duplicate_reporting_excluded,Episode role assigned independently for total and low-income units.
UNITQ_DEV_GAA20100110,DEV_GAA20100110,GAA20100110,unresolved_pending_outside_read,unresolved_pending_outside_read,evidence_only,none,no_reliable_value_after_search,evidence_only,none,no_reliable_value_after_search,Episode role assigned independently for total and low-income units.
UNITQ_DEV_GAA20100110,DEV_GAA20100110,GAA20107019,unresolved_pending_outside_read,unresolved_pending_outside_read,evidence_only,none,no_reliable_value_after_search,evidence_only,none,no_reliable_value_after_search,Episode role assigned independently for total and low-income units.
UNITQ_DEV_GAA20100110,DEV_GAA20100110,GAA20110085,unresolved_pending_outside_read,unresolved_pending_outside_read,evidence_only,none,no_reliable_value_after_search,evidence_only,none,no_reliable_value_after_search,Episode role assigned independently for total and low-income units.
UNITQ_DEV_GAA20110030,DEV_GAA20110030,GAA20110030,candidate_representative,candidate_representative,select_representative,reconciled_episode,selected_reporting_representative,select_representative,reconciled_episode,selected_reporting_representative,Episode role assigned independently for total and low-income units.
UNITQ_DEV_GAA20110030,DEV_GAA20110030,GAA20116006,candidate_duplicate,candidate_duplicate,exclude_duplicate,none,duplicate_reporting_excluded,exclude_duplicate,none,duplicate_reporting_excluded,Episode role assigned independently for total and low-income units.
UNITQ_DEV_GAA20116015,DEV_GAA20116015,GAA20116015,unresolved_pending_outside_read,unresolved_pending_outside_read,evidence_only,none,no_reliable_value_after_search,evidence_only,none,no_reliable_value_after_search,Episode role assigned independently for total and low-income units.
UNITQ_DEV_GAA20116015,DEV_GAA20116015,GAA20119955,unresolved_pending_outside_read,unresolved_pending_outside_read,evidence_only,none,no_reliable_value_after_search,evidence_only,none,no_reliable_value_after_search,Episode role assigned independently for total and low-income units.
UNITQ_DEV_GAA20119954,DEV_GAA20119954,GAA20119954,unresolved_pending_outside_read,unresolved_pending_outside_read,evidence_only,none,no_reliable_value_after_search,evidence_only,none,no_reliable_value_after_search,Episode role assigned independently for total and low-income units.
UNITQ_DEV_GAA20119954,DEV_GAA20119954,GAA20120020,unresolved_pending_outside_read,unresolved_pending_outside_read,evidence_only,none,no_reliable_value_after_search,evidence_only,none,no_reliable_value_after_search,Episode role assigned independently for total and low-income units.
UNITQ_DEV_GAA20120025,DEV_GAA20120025,GAA20120025,candidate_representative,candidate_representative,select_representative,reconciled_episode,selected_reporting_representative,select_representative,reconciled_episode,selected_reporting_representative,Episode role assigned independently for total and low-income units.
UNITQ_DEV_GAA20120025,DEV_GAA20120025,GAA20125006,candidate_duplicate,candidate_duplicate,exclude_duplicate,none,duplicate_reporting_excluded,exclude_duplicate,none,duplicate_reporting_excluded,Episode role assigned independently for total and low-income units.
UNITQ_DEV_GAA20120055,DEV_GAA20120055,GAA20120055,candidate_representative,candidate_representative,select_representative,reconciled_episode,selected_reporting_representative,select_representative,reconciled_episode,selected_reporting_representative,Episode role assigned independently for total and low-income units.
UNITQ_DEV_GAA20120055,DEV_GAA20120055,GAA20125012,candidate_duplicate,candidate_duplicate,exclude_duplicate,none,duplicate_reporting_excluded,exclude_duplicate,none,duplicate_reporting_excluded,Episode role assigned independently for total and low-income units.
UNITQ_DEV_GAA20120085,DEV_GAA20120085,GAA20120085,unresolved_pending_outside_read,unresolved_pending_outside_read,evidence_only,none,no_reliable_value_after_search,evidence_only,none,no_reliable_value_after_search,Episode role assigned independently for total and low-income units.
UNITQ_DEV_GAA20120085,DEV_GAA20120085,GAA20125020,unresolved_pending_outside_read,unresolved_pending_outside_read,evidence_only,none,no_reliable_value_after_search,evidence_only,none,no_reliable_value_after_search,Episode role assigned independently for total and low-income units.
UNITQ_DEV_GAA20120100,DEV_GAA20120100,GAA20120100,candidate_representative,candidate_representative,select_representative,reconciled_episode,selected_reporting_representative,select_representative,reconciled_episode,selected_reporting_representative,Episode role assigned independently for total and low-income units.
UNITQ_DEV_GAA20120100,DEV_GAA20120100,GAA20125004,candidate_duplicate,candidate_duplicate,exclude_duplicate,none,duplicate_reporting_excluded,exclude_duplicate,none,duplicate_reporting_excluded,Episode role assigned independently for total and low-income units.
UNITQ_DEV_GAA20120979,DEV_GAA20120979,GAA20120979,unresolved_pending_outside_read,unresolved_pending_outside_read,evidence_only,none,no_reliable_value_after_search,evidence_only,none,no_reliable_value_after_search,Episode role assigned independently for total and low-income units.
UNITQ_DEV_GAA20120979,DEV_GAA20120979,GAA20139104,unresolved_pending_outside_read,unresolved_pending_outside_read,evidence_only,none,no_reliable_value_after_search,evidence_only,none,no_reliable_value_after_search,Episode role assigned independently for total and low-income units.
UNITQ_DEV_GAA20130020,DEV_GAA20130020,GAA20130020,candidate_representative,candidate_representative,select_representative,reconciled_episode,selected_reporting_representative,select_representative,reconciled_episode,selected_reporting_representative,Episode role assigned independently for total and low-income units.
UNITQ_DEV_GAA20130020,DEV_GAA20130020,GAA20139000,candidate_duplicate,candidate_duplicate,exclude_duplicate,none,duplicate_reporting_excluded,exclude_duplicate,none,duplicate_reporting_excluded,Episode role assigned independently for total and low-income units.
UNITQ_DEV_GAA20152020,DEV_GAA20152020,GAA20152020,candidate_representative,candidate_representative,select_representative,reconciled_episode,selected_reporting_representative,select_representative,reconciled_episode,selected_reporting_representative,Episode role assigned independently for total and low-income units.
UNITQ_DEV_GAA20152020,DEV_GAA20152020,GAA20159415,candidate_duplicate,candidate_duplicate,exclude_duplicate,none,duplicate_reporting_excluded,exclude_duplicate,none,duplicate_reporting_excluded,Episode role assigned independently for total and low-income units.
UNITQ_DEV_GAA20160106,DEV_GAA20160106,GAA00000033,unresolved_pending_outside_read,unresolved_pending_outside_read,evidence_only,none,no_reliable_value_after_search,evidence_only,none,no_reliable_value_after_search,Episode role assigned independently for total and low-income units.
UNITQ_DEV_GAA20160106,DEV_GAA20160106,GAA20160106,unresolved_pending_outside_read,unresolved_pending_outside_read,evidence_only,none,no_reliable_value_after_search,evidence_only,none,no_reliable_value_after_search,Episode role assigned independently for total and low-income units.
UNITQ_DEV_GAA20175173,DEV_GAA20175173,GAA20175173,candidate_representative,candidate_representative,select_representative,reconciled_episode,selected_reporting_representative,select_representative,reconciled_episode,selected_reporting_representative,Episode role assigned independently for total and low-income units.
UNITQ_DEV_GAA20175173,DEV_GAA20175173,GAA20177243,candidate_duplicate,candidate_duplicate,exclude_duplicate,none,duplicate_reporting_excluded,exclude_duplicate,none,duplicate_reporting_excluded,Episode role assigned independently for total and low-income units.
UNITQ_DEV_GAA20180037,DEV_GAA20180037,GAA20180037,unresolved_pending_outside_read,unresolved_pending_outside_read,evidence_only,none,no_reliable_value_after_search,evidence_only,none,no_reliable_value_after_search,Episode role assigned independently for total and low-income units.
UNITQ_DEV_GAA20180037,DEV_GAA20180037,GAA20184191,unresolved_pending_outside_read,unresolved_pending_outside_read,evidence_only,none,no_reliable_value_after_search,evidence_only,none,no_reliable_value_after_search,Episode role assigned independently for total and low-income units.
UNITQ_DEV_HIA19989004,DEV_HIA19989004,HIA19989004,candidate_representative,candidate_representative,select_representative,reconciled_episode,selected_reporting_representative,select_representative,reconciled_episode,selected_reporting_representative,Episode role assigned independently for total and low-income units.
UNITQ_DEV_HIA19989004,DEV_HIA19989004,HIA19989008,candidate_duplicate,candidate_duplicate,exclude_duplicate,none,duplicate_reporting_excluded,exclude_duplicate,none,duplicate_reporting_excluded,Episode role assigned independently for total and low-income units.
UNITQ_DEV_HIA19999002,DEV_HIA19999002,HIA19999002,candidate_representative,candidate_representative,select_representative,reconciled_episode,selected_reporting_representative,select_representative,reconciled_episode,selected_reporting_representative,Episode role assigned independently for total and low-income units.
UNITQ_DEV_HIA19999002,DEV_HIA19999002,HIA19999004,candidate_duplicate,candidate_duplicate,exclude_duplicate,none,duplicate_reporting_excluded,exclude_duplicate,none,duplicate_reporting_excluded,Episode role assigned independently for total and low-income units.
UNITQ_DEV_HIA20087001,DEV_HIA20087001,HIA20087001,candidate_representative,candidate_representative,select_representative,reconciled_episode,selected_reporting_representative,select_representative,reconciled_episode,selected_reporting_representative,Episode role assigned independently for total and low-income units.
UNITQ_DEV_HIA20087001,DEV_HIA20087001,HIA20089001,candidate_duplicate,candidate_duplicate,exclude_duplicate,none,duplicate_reporting_excluded,exclude_duplicate,none,duplicate_reporting_excluded,Episode role assigned independently for total and low-income units.
UNITQ_DEV_HIA20105006,DEV_HIA20105006,HIA20105006,candidate_representative,candidate_representative,select_representative,reconciled_episode,selected_reporting_representative,select_representative,reconciled_episode,selected_reporting_representative,Episode role assigned independently for total and low-income units.
UNITQ_DEV_HIA20105006,DEV_HIA20105006,HIA20109001,candidate_duplicate,candidate_duplicate,exclude_duplicate,none,duplicate_reporting_excluded,exclude_duplicate,none,duplicate_reporting_excluded,Episode role assigned independently for total and low-income units.
UNITQ_DEV_HIA20114007,DEV_HIA20114007,HIA20114007,candidate_representative,unresolved_pending_outside_read,select_representative,reconciled_episode,selected_reporting_representative,evidence_only,none,no_reliable_value_after_search,Episode role assigned independently for total and low-income units.
UNITQ_DEV_HIA20114007,DEV_HIA20114007,HIA20118001,candidate_duplicate,unresolved_pending_outside_read,exclude_duplicate,none,duplicate_reporting_excluded,evidence_only,none,no_reliable_value_after_search,Episode role assigned independently for total and low-income units.
UNITQ_DEV_IAA19979004,DEV_IAA19979004,IAA19979004,candidate_representative,candidate_representative,select_representative,reconciled_episode,selected_reporting_representative,select_representative,reconciled_episode,selected_reporting_representative,Episode role assigned independently for total and low-income units.
UNITQ_DEV_IAA19979004,DEV_IAA19979004,IAA20140100,candidate_duplicate,candidate_duplicate,exclude_duplicate,none,duplicate_reporting_excluded,exclude_duplicate,none,duplicate_reporting_excluded,Episode role assigned independently for total and low-income units.
UNITQ_DEV_IAA19980321,DEV_IAA19980321,IAA19980321,candidate_representative,candidate_representative,select_representative,reconciled_episode,selected_reporting_representative,select_representative,reconciled_episode,selected_reporting_representative,Episode role assigned independently for total and low-income units.
UNITQ_DEV_IAA19980321,DEV_IAA19980321,IAA19989001,candidate_duplicate,candidate_duplicate,exclude_duplicate,none,duplicate_reporting_excluded,exclude_duplicate,none,duplicate_reporting_excluded,Episode role assigned independently for total and low-income units.
UNITQ_DEV_IAA20039059,DEV_IAA20039059,IAA20039059,unresolved_pending_outside_read,unresolved_pending_outside_read,evidence_only,none,no_reliable_value_after_search,evidence_only,none,no_reliable_value_after_search,Episode role assigned independently for total and low-income units.
UNITQ_DEV_IAA20039059,DEV_IAA20039059,IAA20231009,unresolved_pending_outside_read,unresolved_pending_outside_read,evidence_only,none,no_reliable_value_after_search,evidence_only,none,no_reliable_value_after_search,Episode role assigned independently for total and low-income units.
UNITQ_DEV_IAA20180009,DEV_IAA20180009,IAA20180009,unresolved_pending_outside_read,unresolved_pending_outside_read,evidence_only,none,no_reliable_value_after_search,evidence_only,none,no_reliable_value_after_search,Episode role assigned independently for total and low-income units.
UNITQ_DEV_IAA20180009,DEV_IAA20180009,IAA20180010,unresolved_pending_outside_read,unresolved_pending_outside_read,evidence_only,none,no_reliable_value_after_search,evidence_only,none,no_reliable_value_after_search,Episode role assigned independently for total and low-income units.
UNITQ_DEV_IDA19880005,DEV_IDA19880005,IDA19880005,candidate_representative,candidate_representative,select_representative,reconciled_episode,selected_reporting_representative,select_representative,reconciled_episode,selected_reporting_representative,Episode role assigned independently for total and low-income units.
UNITQ_DEV_IDA19880005,DEV_IDA19880005,IDA20154003,candidate_duplicate,candidate_duplicate,exclude_duplicate,none,duplicate_reporting_excluded,exclude_duplicate,none,duplicate_reporting_excluded,Episode role assigned independently for total and low-income units.
UNITQ_DEV_IDA20150001,DEV_IDA20150001,IDA20150001,candidate_representative,candidate_representative,select_representative,reconciled_episode,selected_reporting_representative,select_representative,reconciled_episode,selected_reporting_representative,Episode role assigned independently for total and low-income units.
UNITQ_DEV_IDA20150001,DEV_IDA20150001,IDA20152001,candidate_duplicate,candidate_duplicate,exclude_duplicate,none,duplicate_reporting_excluded,exclude_duplicate,none,duplicate_reporting_excluded,Episode role assigned independently for total and low-income units.
UNITQ_DEV_ILA00000113,DEV_ILA00000113,ILA00000113,candidate_representative,candidate_representative,select_representative,reconciled_episode,selected_reporting_representative,select_representative,reconciled_episode,selected_reporting_representative,Episode role assigned independently for total and low-income units.
UNITQ_DEV_ILA00000113,DEV_ILA00000113,ILB0000X084,candidate_duplicate,candidate_duplicate,exclude_duplicate,none,duplicate_reporting_excluded,exclude_duplicate,none,duplicate_reporting_excluded,Episode role assigned independently for total and low-income units.
UNITQ_DEV_ILA20010100,DEV_ILA20010100,ILA20010100,candidate_representative,unresolved_pending_outside_read,select_representative,reconciled_episode,selected_reporting_representative,evidence_only,none,no_reliable_value_after_search,Episode role assigned independently for total and low-income units.
UNITQ_DEV_ILA20010100,DEV_ILA20010100,ILB20010803,candidate_duplicate,unresolved_pending_outside_read,exclude_duplicate,none,duplicate_reporting_excluded,evidence_only,none,no_reliable_value_after_search,Episode role assigned independently for total and low-income units.
UNITQ_DEV_ILA20010100,DEV_ILA20010100,ILB20019001,candidate_duplicate,unresolved_pending_outside_read,exclude_duplicate,none,duplicate_reporting_excluded,evidence_only,none,no_reliable_value_after_search,Episode role assigned independently for total and low-income units.
UNITQ_DEV_ILA20040115,DEV_ILA20040115,ILA20040115,candidate_representative,candidate_representative,select_representative,reconciled_episode,selected_reporting_representative,select_representative,reconciled_episode,selected_reporting_representative,Episode role assigned independently for total and low-income units.
UNITQ_DEV_ILA20040115,DEV_ILA20040115,ILA20220051,candidate_duplicate,candidate_duplicate,exclude_duplicate,none,duplicate_reporting_excluded,exclude_duplicate,none,duplicate_reporting_excluded,Episode role assigned independently for total and low-income units.
UNITQ_DEV_ILA20040140,DEV_ILA20040140,ILA20040140,unresolved_pending_outside_read,unresolved_pending_outside_read,evidence_only,none,no_reliable_value_after_search,evidence_only,none,no_reliable_value_after_search,Episode role assigned independently for total and low-income units.
UNITQ_DEV_ILA20040140,DEV_ILA20040140,ILA20220005,unresolved_pending_outside_read,unresolved_pending_outside_read,evidence_only,none,no_reliable_value_after_search,evidence_only,none,no_reliable_value_after_search,Episode role assigned independently for total and low-income units.
UNITQ_DEV_ILA20060135,DEV_ILA20060135,ILA20060135,candidate_representative,candidate_representative,select_representative,reconciled_episode,selected_reporting_representative,select_representative,reconciled_episode,selected_reporting_representative,Episode role assigned independently for total and low-income units.
UNITQ_DEV_ILA20060135,DEV_ILA20060135,ILA20230004,candidate_duplicate,candidate_duplicate,exclude_duplicate,none,duplicate_reporting_excluded,exclude_duplicate,none,duplicate_reporting_excluded,Episode role assigned independently for total and low-income units.
UNITQ_DEV_ILA20060170,DEV_ILA20060170,ILA20060170,candidate_representative,unresolved_pending_outside_read,select_representative,reconciled_episode,selected_reporting_representative,evidence_only,none,no_reliable_value_after_search,Episode role assigned independently for total and low-income units.
UNITQ_DEV_ILA20060170,DEV_ILA20060170,ILA20220014,candidate_duplicate,unresolved_pending_outside_read,exclude_duplicate,none,duplicate_reporting_excluded,evidence_only,none,no_reliable_value_after_search,Episode role assigned independently for total and low-income units.
UNITQ_DEV_ILA20060195,DEV_ILA20060195,ILA20060195,unresolved_pending_outside_read,unresolved_pending_outside_read,evidence_only,none,no_reliable_value_after_search,evidence_only,none,no_reliable_value_after_search,Episode role assigned independently for total and low-income units.
UNITQ_DEV_ILA20060195,DEV_ILA20060195,ILA20230016,unresolved_pending_outside_read,unresolved_pending_outside_read,evidence_only,none,no_reliable_value_after_search,evidence_only,none,no_reliable_value_after_search,Episode role assigned independently for total and low-income units.
UNITQ_DEV_ILA20060205,DEV_ILA20060205,ILA20060205,candidate_representative,candidate_representative,select_representative,reconciled_episode,selected_reporting_representative,select_representative,reconciled_episode,selected_reporting_representative,Episode role assigned independently for total and low-income units.
UNITQ_DEV_ILA20060205,DEV_ILA20060205,ILA20220023,candidate_duplicate,candidate_duplicate,exclude_duplicate,none,duplicate_reporting_excluded,exclude_duplicate,none,duplicate_reporting_excluded,Episode role assigned independently for total and low-income units.
UNITQ_DEV_ILA20070185,DEV_ILA20070185,ILA20070185,candidate_representative,candidate_representative,select_representative,reconciled_episode,selected_reporting_representative,select_representative,reconciled_episode,selected_reporting_representative,Episode role assigned independently for total and low-income units.
UNITQ_DEV_ILA20070185,DEV_ILA20070185,ILA20240002,candidate_duplicate,candidate_duplicate,exclude_duplicate,none,duplicate_reporting_excluded,exclude_duplicate,none,duplicate_reporting_excluded,Episode role assigned independently for total and low-income units.
UNITQ_DEV_ILA20080900,DEV_ILA20080900,ILA20080900,candidate_representative,candidate_representative,select_representative,reconciled_episode,selected_reporting_representative,select_representative,reconciled_episode,selected_reporting_representative,Episode role assigned independently for total and low-income units.
UNITQ_DEV_ILA20080900,DEV_ILA20080900,ILA20240012,candidate_duplicate,candidate_duplicate,exclude_duplicate,none,duplicate_reporting_excluded,exclude_duplicate,none,duplicate_reporting_excluded,Episode role assigned independently for total and low-income units.
UNITQ_DEV_ILA20090901,DEV_ILA20090901,ILA20090901,candidate_representative,candidate_representative,select_representative,reconciled_episode,selected_reporting_representative,select_representative,reconciled_episode,selected_reporting_representative,Episode role assigned independently for total and low-income units.
UNITQ_DEV_ILA20090901,DEV_ILA20090901,ILB20099816,candidate_duplicate,candidate_duplicate,exclude_duplicate,none,duplicate_reporting_excluded,exclude_duplicate,none,duplicate_reporting_excluded,Episode role assigned independently for total and low-income units.
UNITQ_DEV_ILA20100921,DEV_ILA20100921,ILA20100921,unresolved_pending_outside_read,unresolved_pending_outside_read,evidence_only,none,no_reliable_value_after_search,evidence_only,none,no_reliable_value_after_search,Episode role assigned independently for total and low-income units.
UNITQ_DEV_ILA20100921,DEV_ILA20100921,ILB20105002,unresolved_pending_outside_read,unresolved_pending_outside_read,evidence_only,none,no_reliable_value_after_search,evidence_only,none,no_reliable_value_after_search,Episode role assigned independently for total and low-income units.
UNITQ_DEV_ILA20240018,DEV_ILA20240018,ILA20240018,candidate_component,candidate_component,include_component,reconciled_episode,distinct_component_included,include_component,reconciled_episode,distinct_component_included,Episode role assigned independently for total and low-income units.
UNITQ_DEV_ILA20240018,DEV_ILA20240018,ILA20240019,candidate_component,candidate_component,include_component,reconciled_episode,distinct_component_included,include_component,reconciled_episode,distinct_component_included,Episode role assigned independently for total and low-income units.
UNITQ_DEV_ILB19980010,DEV_ILB19980010,ILB0000X083,candidate_duplicate,candidate_duplicate,exclude_duplicate,none,duplicate_reporting_excluded,exclude_duplicate,none,duplicate_reporting_excluded,The HUD episode remains preserved as source evidence. Member roles govern only the static physical-development unit value.
UNITQ_DEV_ILB19980010,DEV_ILB19980010,ILB19980010,candidate_representative,candidate_representative,select_representative,reconciled_episode,selected_reporting_representative,select_representative,reconciled_episode,selected_reporting_representative,The HUD episode remains preserved as source evidence. Member roles govern only the static physical-development unit value.
UNITQ_DEV_ILB19989001,DEV_ILB19989001,ILB19989001,candidate_representative,unresolved_pending_outside_read,select_representative,reconciled_episode,selected_reporting_representative,evidence_only,none,no_reliable_value_after_search,Episode role assigned independently for total and low-income units.
UNITQ_DEV_ILB19989001,DEV_ILB19989001,ILB19990802,candidate_duplicate,unresolved_pending_outside_read,exclude_duplicate,none,duplicate_reporting_excluded,evidence_only,none,no_reliable_value_after_search,Episode role assigned independently for total and low-income units.
UNITQ_DEV_ILB20010805,DEV_ILB20010805,ILB20010805,unresolved_pending_outside_read,unresolved_pending_outside_read,evidence_only,none,no_reliable_value_after_search,evidence_only,none,no_reliable_value_after_search,Episode role assigned independently for total and low-income units.
UNITQ_DEV_ILB20010805,DEV_ILB20010805,ILB20019902,unresolved_pending_outside_read,unresolved_pending_outside_read,evidence_only,none,no_reliable_value_after_search,evidence_only,none,no_reliable_value_after_search,Episode role assigned independently for total and low-income units.
UNITQ_DEV_ILB20020804,DEV_ILB20020804,ILB20020804,unresolved_pending_outside_read,unresolved_pending_outside_read,evidence_only,none,no_reliable_value_after_search,evidence_only,none,no_reliable_value_after_search,Episode role assigned independently for total and low-income units.
UNITQ_DEV_ILB20020804,DEV_ILB20020804,ILB20029004,unresolved_pending_outside_read,unresolved_pending_outside_read,evidence_only,none,no_reliable_value_after_search,evidence_only,none,no_reliable_value_after_search,Episode role assigned independently for total and low-income units.
UNITQ_DEV_ILB20040800,DEV_ILB20040800,ILB20040800,candidate_representative,candidate_representative,select_representative,reconciled_episode,selected_reporting_representative,select_representative,reconciled_episode,selected_reporting_representative,Episode role assigned independently for total and low-income units.
UNITQ_DEV_ILB20040800,DEV_ILB20040800,ILB20049013,candidate_duplicate,candidate_duplicate,exclude_duplicate,none,duplicate_reporting_excluded,exclude_duplicate,none,duplicate_reporting_excluded,Episode role assigned independently for total and low-income units.
UNITQ_DEV_ILB20049002,DEV_ILB20049002,ILB20049002,candidate_representative,unresolved_pending_outside_read,select_representative,reconciled_episode,selected_reporting_representative,evidence_only,none,no_reliable_value_after_search,Episode role assigned independently for total and low-income units.
UNITQ_DEV_ILB20049002,DEV_ILB20049002,ILB20060809,candidate_duplicate,unresolved_pending_outside_read,exclude_duplicate,none,duplicate_reporting_excluded,evidence_only,none,no_reliable_value_after_search,Episode role assigned independently for total and low-income units.
UNITQ_DEV_ILB20050809,DEV_ILB20050809,ILB20050809,candidate_representative,unresolved_pending_outside_read,select_representative,reconciled_episode,selected_reporting_representative,evidence_only,none,no_reliable_value_after_search,Episode role assigned independently for total and low-income units.
UNITQ_DEV_ILB20050809,DEV_ILB20050809,ILB20059008,candidate_duplicate,unresolved_pending_outside_read,exclude_duplicate,none,duplicate_reporting_excluded,evidence_only,none,no_reliable_value_after_search,Episode role assigned independently for total and low-income units.
UNITQ_DEV_ILB20060803,DEV_ILB20060803,ILB20060803,unresolved_pending_outside_read,unresolved_pending_outside_read,evidence_only,none,no_reliable_value_after_search,evidence_only,none,no_reliable_value_after_search,Episode role assigned independently for total and low-income units.
UNITQ_DEV_ILB20060803,DEV_ILB20060803,ILB20069008,unresolved_pending_outside_read,unresolved_pending_outside_read,evidence_only,none,no_reliable_value_after_search,evidence_only,none,no_reliable_value_after_search,Episode role assigned independently for total and low-income units.
UNITQ_DEV_ILB20090808,DEV_ILB20090808,ILA20110935,unresolved_pending_outside_read,unresolved_pending_outside_read,evidence_only,none,no_reliable_value_after_search,evidence_only,none,no_reliable_value_after_search,Episode role assigned independently for total and low-income units.
UNITQ_DEV_ILB20090808,DEV_ILB20090808,ILB20090808,unresolved_pending_outside_read,unresolved_pending_outside_read,evidence_only,none,no_reliable_value_after_search,evidence_only,none,no_reliable_value_after_search,Episode role assigned independently for total and low-income units.
UNITQ_DEV_ILB20109003,DEV_ILB20109003,ILB20109003,unresolved_pending_outside_read,unresolved_pending_outside_read,evidence_only,none,no_reliable_value_after_search,evidence_only,none,no_reliable_value_after_search,Episode role assigned independently for total and low-income units.
UNITQ_DEV_ILB20109003,DEV_ILB20109003,ILB20110811,unresolved_pending_outside_read,unresolved_pending_outside_read,evidence_only,none,no_reliable_value_after_search,evidence_only,none,no_reliable_value_after_search,Episode role assigned independently for total and low-income units.
UNITQ_DEV_INA19870003,DEV_INA19870003,INA19870003,candidate_representative,candidate_representative,select_representative,reconciled_episode,selected_reporting_representative,select_representative,reconciled_episode,selected_reporting_representative,Episode role assigned independently for total and low-income units.
UNITQ_DEV_INA19870003,DEV_INA19870003,INA19900016,candidate_duplicate,candidate_duplicate,exclude_duplicate,none,duplicate_reporting_excluded,exclude_duplicate,none,duplicate_reporting_excluded,Episode role assigned independently for total and low-income units.
UNITQ_DEV_INA19870014,DEV_INA19870014,INA19870014,unresolved_pending_outside_read,unresolved_pending_outside_read,evidence_only,none,no_reliable_value_after_search,evidence_only,none,no_reliable_value_after_search,Episode role assigned independently for total and low-income units.
UNITQ_DEV_INA19870014,DEV_INA19870014,INA19870022,unresolved_pending_outside_read,unresolved_pending_outside_read,evidence_only,none,no_reliable_value_after_search,evidence_only,none,no_reliable_value_after_search,Episode role assigned independently for total and low-income units.
UNITQ_DEV_INA19900043,DEV_INA19900043,INA19900043,unresolved_pending_outside_read,unresolved_pending_outside_read,evidence_only,none,no_reliable_value_after_search,evidence_only,none,no_reliable_value_after_search,Episode role assigned independently for total and low-income units.
UNITQ_DEV_INA19900043,DEV_INA19900043,INA19950160,unresolved_pending_outside_read,unresolved_pending_outside_read,evidence_only,none,no_reliable_value_after_search,evidence_only,none,no_reliable_value_after_search,Episode role assigned independently for total and low-income units.
UNITQ_DEV_INA19920100,DEV_INA19920100,INA19920100,candidate_representative,candidate_representative,select_representative,reconciled_episode,selected_reporting_representative,select_representative,reconciled_episode,selected_reporting_representative,Episode role assigned independently for total and low-income units.
UNITQ_DEV_INA19920100,DEV_INA19920100,INA20109173,candidate_duplicate,candidate_duplicate,exclude_duplicate,none,duplicate_reporting_excluded,exclude_duplicate,none,duplicate_reporting_excluded,Episode role assigned independently for total and low-income units.
UNITQ_DEV_INA19930221,DEV_INA19930221,INA19930221,unresolved_pending_outside_read,unresolved_pending_outside_read,evidence_only,none,no_reliable_value_after_search,evidence_only,none,no_reliable_value_after_search,Episode role assigned independently for total and low-income units.
UNITQ_DEV_INA19930221,DEV_INA19930221,INA19940030,unresolved_pending_outside_read,unresolved_pending_outside_read,evidence_only,none,no_reliable_value_after_search,evidence_only,none,no_reliable_value_after_search,Episode role assigned independently for total and low-income units.
UNITQ_DEV_INA19950210,DEV_INA19950210,INA19950210,candidate_representative,candidate_representative,select_representative,reconciled_episode,selected_reporting_representative,select_representative,reconciled_episode,selected_reporting_representative,Episode role assigned independently for total and low-income units.
UNITQ_DEV_INA19950210,DEV_INA19950210,INA19959038,candidate_duplicate,candidate_duplicate,exclude_duplicate,none,duplicate_reporting_excluded,exclude_duplicate,none,duplicate_reporting_excluded,Episode role assigned independently for total and low-income units.
UNITQ_DEV_INA19960155,DEV_INA19960155,INA19960155,candidate_representative,candidate_representative,select_representative,reconciled_episode,selected_reporting_representative,select_representative,reconciled_episode,selected_reporting_representative,Episode role assigned independently for total and low-income units.
UNITQ_DEV_INA19960155,DEV_INA19960155,INA19969036,candidate_duplicate,candidate_duplicate,exclude_duplicate,none,duplicate_reporting_excluded,exclude_duplicate,none,duplicate_reporting_excluded,Episode role assigned independently for total and low-income units.
UNITQ_DEV_INA19970130,DEV_INA19970130,INA19970130,candidate_representative,candidate_representative,select_representative,reconciled_episode,selected_reporting_representative,select_representative,reconciled_episode,selected_reporting_representative,Episode role assigned independently for total and low-income units.
UNITQ_DEV_INA19970130,DEV_INA19970130,INA20150012,candidate_duplicate,candidate_duplicate,exclude_duplicate,none,duplicate_reporting_excluded,exclude_duplicate,none,duplicate_reporting_excluded,Episode role assigned independently for total and low-income units.
UNITQ_DEV_INA19980085,DEV_INA19980085,INA19980085,candidate_representative,candidate_representative,select_representative,reconciled_episode,selected_reporting_representative,select_representative,reconciled_episode,selected_reporting_representative,Episode role assigned independently for total and low-income units.
UNITQ_DEV_INA19980085,DEV_INA19980085,INA19989022,candidate_duplicate,candidate_duplicate,exclude_duplicate,none,duplicate_reporting_excluded,exclude_duplicate,none,duplicate_reporting_excluded,Episode role assigned independently for total and low-income units.
UNITQ_DEV_INA20000083,DEV_INA20000083,INA20000083,unresolved_pending_outside_read,unresolved_pending_outside_read,evidence_only,none,no_reliable_value_after_search,evidence_only,none,no_reliable_value_after_search,Episode role assigned independently for total and low-income units.
UNITQ_DEV_INA20000083,DEV_INA20000083,INA20050100,unresolved_pending_outside_read,unresolved_pending_outside_read,evidence_only,none,no_reliable_value_after_search,evidence_only,none,no_reliable_value_after_search,Episode role assigned independently for total and low-income units.
UNITQ_DEV_INA20000084,DEV_INA20000084,INA20000084,unresolved_pending_outside_read,unresolved_pending_outside_read,evidence_only,none,no_reliable_value_after_search,evidence_only,none,no_reliable_value_after_search,Episode role assigned independently for total and low-income units.
UNITQ_DEV_INA20000084,DEV_INA20000084,INA20060097,unresolved_pending_outside_read,unresolved_pending_outside_read,evidence_only,none,no_reliable_value_after_search,evidence_only,none,no_reliable_value_after_search,Episode role assigned independently for total and low-income units.
UNITQ_DEV_INA20220002,DEV_INA20220002,INA20220002,candidate_representative,candidate_representative,select_representative,reconciled_episode,selected_reporting_representative,select_representative,reconciled_episode,selected_reporting_representative,Episode role assigned independently for total and low-income units.
UNITQ_DEV_INA20220002,DEV_INA20220002,INA20220003,candidate_duplicate,candidate_duplicate,exclude_duplicate,none,duplicate_reporting_excluded,exclude_duplicate,none,duplicate_reporting_excluded,Episode role assigned independently for total and low-income units.
UNITQ_DEV_INA20220050,DEV_INA20220050,INA20220050,candidate_representative,candidate_representative,select_representative,reconciled_episode,selected_reporting_representative,select_representative,reconciled_episode,selected_reporting_representative,Episode role assigned independently for total and low-income units.
UNITQ_DEV_INA20220050,DEV_INA20220050,INA20220051,candidate_duplicate,candidate_duplicate,exclude_duplicate,none,duplicate_reporting_excluded,exclude_duplicate,none,duplicate_reporting_excluded,Episode role assigned independently for total and low-income units.
UNITQ_DEV_INA20220052,DEV_INA20220052,INA20220052,candidate_representative,candidate_representative,select_representative,reconciled_episode,selected_reporting_representative,select_representative,reconciled_episode,selected_reporting_representative,Episode role assigned independently for total and low-income units.
UNITQ_DEV_INA20220052,DEV_INA20220052,INA20220055,candidate_duplicate,candidate_duplicate,exclude_duplicate,none,duplicate_reporting_excluded,exclude_duplicate,none,duplicate_reporting_excluded,Episode role assigned independently for total and low-income units.
UNITQ_DEV_INA20230006,DEV_INA20230006,INA20230006,candidate_representative,candidate_representative,select_representative,reconciled_episode,selected_reporting_representative,select_representative,reconciled_episode,selected_reporting_representative,Episode role assigned independently for total and low-income units.
UNITQ_DEV_INA20230006,DEV_INA20230006,INA20230007,candidate_duplicate,candidate_duplicate,exclude_duplicate,none,duplicate_reporting_excluded,exclude_duplicate,none,duplicate_reporting_excluded,Episode role assigned independently for total and low-income units.
UNITQ_DEV_INA20230023,DEV_INA20230023,INA20230023,candidate_representative,candidate_representative,select_representative,reconciled_episode,selected_reporting_representative,select_representative,reconciled_episode,selected_reporting_representative,Episode role assigned independently for total and low-income units.
UNITQ_DEV_INA20230023,DEV_INA20230023,INA20230024,candidate_duplicate,candidate_duplicate,exclude_duplicate,none,duplicate_reporting_excluded,exclude_duplicate,none,duplicate_reporting_excluded,Episode role assigned independently for total and low-income units.
UNITQ_DEV_INA20240004,DEV_INA20240004,INA20240004,candidate_representative,candidate_representative,select_representative,reconciled_episode,selected_reporting_representative,select_representative,reconciled_episode,selected_reporting_representative,Episode role assigned independently for total and low-income units.
UNITQ_DEV_INA20240004,DEV_INA20240004,INA20240005,candidate_duplicate,candidate_duplicate,exclude_duplicate,none,duplicate_reporting_excluded,exclude_duplicate,none,duplicate_reporting_excluded,Episode role assigned independently for total and low-income units.
UNITQ_DEV_INA20240006,DEV_INA20240006,INA20240006,candidate_representative,candidate_representative,select_representative,reconciled_episode,selected_reporting_representative,select_representative,reconciled_episode,selected_reporting_representative,Episode role assigned independently for total and low-income units.
UNITQ_DEV_INA20240006,DEV_INA20240006,INA20240007,candidate_duplicate,candidate_duplicate,exclude_duplicate,none,duplicate_reporting_excluded,exclude_duplicate,none,duplicate_reporting_excluded,Episode role assigned independently for total and low-income units.
UNITQ_DEV_INA20240008,DEV_INA20240008,INA20240008,candidate_representative,candidate_representative,select_representative,reconciled_episode,selected_reporting_representative,select_representative,reconciled_episode,selected_reporting_representative,Episode role assigned independently for total and low-income units.
UNITQ_DEV_INA20240008,DEV_INA20240008,INA20240009,candidate_duplicate,candidate_duplicate,exclude_duplicate,none,duplicate_reporting_excluded,exclude_duplicate,none,duplicate_reporting_excluded,Episode role assigned independently for total and low-income units.
UNITQ_DEV_INA20240010,DEV_INA20240010,INA20240010,candidate_representative,candidate_representative,select_representative,reconciled_episode,selected_reporting_representative,select_representative,reconciled_episode,selected_reporting_representative,Episode role assigned independently for total and low-income units.
UNITQ_DEV_INA20240010,DEV_INA20240010,INA20240011,candidate_duplicate,candidate_duplicate,exclude_duplicate,none,duplicate_reporting_excluded,exclude_duplicate,none,duplicate_reporting_excluded,Episode role assigned independently for total and low-income units.
UNITQ_DEV_INA20240013,DEV_INA20240013,INA20240013,candidate_representative,candidate_representative,select_representative,reconciled_episode,selected_reporting_representative,select_representative,reconciled_episode,selected_reporting_representative,Episode role assigned independently for total and low-income units.
UNITQ_DEV_INA20240013,DEV_INA20240013,INA20240014,candidate_duplicate,candidate_duplicate,exclude_duplicate,none,duplicate_reporting_excluded,exclude_duplicate,none,duplicate_reporting_excluded,Episode role assigned independently for total and low-income units.
UNITQ_DEV_INA20240015,DEV_INA20240015,INA20240015,candidate_representative,candidate_representative,select_representative,reconciled_episode,selected_reporting_representative,select_representative,reconciled_episode,selected_reporting_representative,Episode role assigned independently for total and low-income units.
UNITQ_DEV_INA20240015,DEV_INA20240015,INA20240016,candidate_duplicate,candidate_duplicate,exclude_duplicate,none,duplicate_reporting_excluded,exclude_duplicate,none,duplicate_reporting_excluded,Episode role assigned independently for total and low-income units.
UNITQ_DEV_INA20240017,DEV_INA20240017,INA20240017,candidate_representative,candidate_representative,select_representative,reconciled_episode,selected_reporting_representative,select_representative,reconciled_episode,selected_reporting_representative,Episode role assigned independently for total and low-income units.
UNITQ_DEV_INA20240017,DEV_INA20240017,INA20240018,candidate_duplicate,candidate_duplicate,exclude_duplicate,none,duplicate_reporting_excluded,exclude_duplicate,none,duplicate_reporting_excluded,Episode role assigned independently for total and low-income units.
UNITQ_DEV_INA20240019,DEV_INA20240019,INA20240019,candidate_representative,candidate_representative,select_representative,reconciled_episode,selected_reporting_representative,select_representative,reconciled_episode,selected_reporting_representative,Episode role assigned independently for total and low-income units.
UNITQ_DEV_INA20240019,DEV_INA20240019,INA20240020,candidate_duplicate,candidate_duplicate,exclude_duplicate,none,duplicate_reporting_excluded,exclude_duplicate,none,duplicate_reporting_excluded,Episode role assigned independently for total and low-income units.
UNITQ_DEV_INA20240026,DEV_INA20240026,INA20240026,candidate_representative,candidate_representative,select_representative,reconciled_episode,selected_reporting_representative,select_representative,reconciled_episode,selected_reporting_representative,Episode role assigned independently for total and low-income units.
UNITQ_DEV_INA20240026,DEV_INA20240026,INA20240027,candidate_duplicate,candidate_duplicate,exclude_duplicate,none,duplicate_reporting_excluded,exclude_duplicate,none,duplicate_reporting_excluded,Episode role assigned independently for total and low-income units.
UNITQ_DEV_INA20240030,DEV_INA20240030,INA20240030,candidate_representative,candidate_representative,select_representative,reconciled_episode,selected_reporting_representative,select_representative,reconciled_episode,selected_reporting_representative,Episode role assigned independently for total and low-income units.
UNITQ_DEV_INA20240030,DEV_INA20240030,INA20240031,candidate_duplicate,candidate_duplicate,exclude_duplicate,none,duplicate_reporting_excluded,exclude_duplicate,none,duplicate_reporting_excluded,Episode role assigned independently for total and low-income units.
UNITQ_DEV_INA20240033,DEV_INA20240033,INA20240033,candidate_representative,candidate_representative,select_representative,reconciled_episode,selected_reporting_representative,select_representative,reconciled_episode,selected_reporting_representative,Episode role assigned independently for total and low-income units.
UNITQ_DEV_INA20240033,DEV_INA20240033,INA20240034,candidate_duplicate,candidate_duplicate,exclude_duplicate,none,duplicate_reporting_excluded,exclude_duplicate,none,duplicate_reporting_excluded,Episode role assigned independently for total and low-income units.
UNITQ_DEV_INA20240037,DEV_INA20240037,INA20240037,candidate_representative,candidate_representative,select_representative,reconciled_episode,selected_reporting_representative,select_representative,reconciled_episode,selected_reporting_representative,Episode role assigned independently for total and low-income units.
UNITQ_DEV_INA20240037,DEV_INA20240037,INA20240038,candidate_duplicate,candidate_duplicate,exclude_duplicate,none,duplicate_reporting_excluded,exclude_duplicate,none,duplicate_reporting_excluded,Episode role assigned independently for total and low-income units.
UNITQ_DEV_INA20240039,DEV_INA20240039,INA20240039,candidate_representative,candidate_representative,select_representative,reconciled_episode,selected_reporting_representative,select_representative,reconciled_episode,selected_reporting_representative,Episode role assigned independently for total and low-income units.
UNITQ_DEV_INA20240039,DEV_INA20240039,INA20240040,candidate_duplicate,candidate_duplicate,exclude_duplicate,none,duplicate_reporting_excluded,exclude_duplicate,none,duplicate_reporting_excluded,Episode role assigned independently for total and low-income units.
UNITQ_DEV_INA20240045,DEV_INA20240045,INA20240045,candidate_representative,candidate_representative,select_representative,reconciled_episode,selected_reporting_representative,select_representative,reconciled_episode,selected_reporting_representative,Episode role assigned independently for total and low-income units.
UNITQ_DEV_INA20240045,DEV_INA20240045,INA20240046,candidate_duplicate,candidate_duplicate,exclude_duplicate,none,duplicate_reporting_excluded,exclude_duplicate,none,duplicate_reporting_excluded,Episode role assigned independently for total and low-income units.
UNITQ_DEV_KSA19930035,DEV_KSA19930035,KSA19930035,candidate_representative,candidate_representative,select_representative,reconciled_episode,selected_reporting_representative,select_representative,reconciled_episode,selected_reporting_representative,The HUD episode remains preserved as source evidence. Member roles govern only the static physical-development unit value.
UNITQ_DEV_KSA19930035,DEV_KSA19930035,KSA19930090,candidate_duplicate,candidate_duplicate,exclude_duplicate,none,duplicate_reporting_excluded,exclude_duplicate,none,duplicate_reporting_excluded,The HUD episode remains preserved as source evidence. Member roles govern only the static physical-development unit value.
UNITQ_DEV_KSA20060185,DEV_KSA20060185,KSA20060185,unresolved_pending_outside_read,unresolved_pending_outside_read,evidence_only,none,no_reliable_value_after_search,evidence_only,none,no_reliable_value_after_search,Episode role assigned independently for total and low-income units.
UNITQ_DEV_KSA20060185,DEV_KSA20060185,KSA20060190,unresolved_pending_outside_read,unresolved_pending_outside_read,evidence_only,none,no_reliable_value_after_search,evidence_only,none,no_reliable_value_after_search,Episode role assigned independently for total and low-income units.
UNITQ_DEV_KYA19930095,DEV_KYA19930095,KYA00000009,unresolved_pending_outside_read,unresolved_pending_outside_read,evidence_only,none,no_reliable_value_after_search,evidence_only,none,no_reliable_value_after_search,Episode role assigned independently for total and low-income units.
UNITQ_DEV_KYA19930095,DEV_KYA19930095,KYA19930095,unresolved_pending_outside_read,unresolved_pending_outside_read,evidence_only,none,no_reliable_value_after_search,evidence_only,none,no_reliable_value_after_search,Episode role assigned independently for total and low-income units.
UNITQ_DEV_KYA19960155,DEV_KYA19960155,KYA19960155,candidate_representative,candidate_representative,select_representative,reconciled_episode,selected_reporting_representative,select_representative,reconciled_episode,selected_reporting_representative,Episode role assigned independently for total and low-income units.
UNITQ_DEV_KYA19960155,DEV_KYA19960155,KYA19969574,candidate_duplicate,candidate_duplicate,exclude_duplicate,none,duplicate_reporting_excluded,exclude_duplicate,none,duplicate_reporting_excluded,Episode role assigned independently for total and low-income units.
UNITQ_DEV_KYA19970010,DEV_KYA19970010,KYA19970010,candidate_representative,candidate_representative,select_representative,reconciled_episode,selected_reporting_representative,select_representative,reconciled_episode,selected_reporting_representative,Episode role assigned independently for total and low-income units.
UNITQ_DEV_KYA19970010,DEV_KYA19970010,KYA19979576,candidate_duplicate,candidate_duplicate,exclude_duplicate,none,duplicate_reporting_excluded,exclude_duplicate,none,duplicate_reporting_excluded,Episode role assigned independently for total and low-income units.
UNITQ_DEV_KYA19999002,DEV_KYA19999002,KYA19999002,candidate_representative,candidate_representative,select_representative,reconciled_episode,selected_reporting_representative,select_representative,reconciled_episode,selected_reporting_representative,Episode role assigned independently for total and low-income units.
UNITQ_DEV_KYA19999002,DEV_KYA19999002,KYA19999581,candidate_duplicate,candidate_duplicate,exclude_duplicate,none,duplicate_reporting_excluded,exclude_duplicate,none,duplicate_reporting_excluded,Episode role assigned independently for total and low-income units.
UNITQ_DEV_KYA20100014,DEV_KYA20100014,KYA20100014,candidate_representative,candidate_representative,select_representative,reconciled_episode,selected_reporting_representative,select_representative,reconciled_episode,selected_reporting_representative,Episode role assigned independently for total and low-income units.
UNITQ_DEV_KYA20100014,DEV_KYA20100014,KYA20105005,candidate_duplicate,candidate_duplicate,exclude_duplicate,none,duplicate_reporting_excluded,exclude_duplicate,none,duplicate_reporting_excluded,Episode role assigned independently for total and low-income units.
UNITQ_DEV_KYA20140010,DEV_KYA20140010,KYA20140010,candidate_representative,candidate_representative,select_representative,reconciled_episode,selected_reporting_representative,select_representative,reconciled_episode,selected_reporting_representative,Episode role assigned independently for total and low-income units.
UNITQ_DEV_KYA20140010,DEV_KYA20140010,KYA20143003,candidate_duplicate,candidate_duplicate,exclude_duplicate,none,duplicate_reporting_excluded,exclude_duplicate,none,duplicate_reporting_excluded,Episode role assigned independently for total and low-income units.
UNITQ_DEV_KYA20160012,DEV_KYA20160012,KYA20160012,candidate_representative,candidate_representative,select_representative,reconciled_episode,selected_reporting_representative,select_representative,reconciled_episode,selected_reporting_representative,Episode role assigned independently for total and low-income units.
UNITQ_DEV_KYA20160012,DEV_KYA20160012,KYA20167424,candidate_duplicate,candidate_duplicate,exclude_duplicate,none,duplicate_reporting_excluded,exclude_duplicate,none,duplicate_reporting_excluded,Episode role assigned independently for total and low-income units.
UNITQ_DEV_LAA19920055,DEV_LAA19920055,LAA19920055,unresolved_pending_outside_read,unresolved_pending_outside_read,evidence_only,none,no_reliable_value_after_search,evidence_only,none,no_reliable_value_after_search,Episode role assigned independently for total and low-income units.
UNITQ_DEV_LAA19920055,DEV_LAA19920055,LAA19929992,unresolved_pending_outside_read,unresolved_pending_outside_read,evidence_only,none,no_reliable_value_after_search,evidence_only,none,no_reliable_value_after_search,Episode role assigned independently for total and low-income units.
UNITQ_DEV_LAA19920065,DEV_LAA19920065,LAA19920065,candidate_representative,candidate_representative,select_representative,reconciled_episode,selected_reporting_representative,select_representative,reconciled_episode,selected_reporting_representative,Episode role assigned independently for total and low-income units.
UNITQ_DEV_LAA19920065,DEV_LAA19920065,LAA20230014,candidate_duplicate,candidate_duplicate,exclude_duplicate,none,duplicate_reporting_excluded,exclude_duplicate,none,duplicate_reporting_excluded,Episode role assigned independently for total and low-income units.
UNITQ_DEV_LAA19920105,DEV_LAA19920105,LAA19920105,candidate_representative,candidate_representative,select_representative,reconciled_episode,selected_reporting_representative,select_representative,reconciled_episode,selected_reporting_representative,Episode role assigned independently for total and low-income units.
UNITQ_DEV_LAA19920105,DEV_LAA19920105,LAA20230020,candidate_duplicate,candidate_duplicate,exclude_duplicate,none,duplicate_reporting_excluded,exclude_duplicate,none,duplicate_reporting_excluded,Episode role assigned independently for total and low-income units.
UNITQ_DEV_LAA19930015,DEV_LAA19930015,LAA19930015,candidate_representative,candidate_representative,select_representative,reconciled_episode,selected_reporting_representative,select_representative,reconciled_episode,selected_reporting_representative,Episode role assigned independently for total and low-income units.
UNITQ_DEV_LAA19930015,DEV_LAA19930015,LAA20240003,candidate_duplicate,candidate_duplicate,exclude_duplicate,none,duplicate_reporting_excluded,exclude_duplicate,none,duplicate_reporting_excluded,Episode role assigned independently for total and low-income units.
UNITQ_DEV_LAA19930160,DEV_LAA19930160,LAA19930160,candidate_representative,candidate_representative,select_representative,reconciled_episode,selected_reporting_representative,select_representative,reconciled_episode,selected_reporting_representative,Episode role assigned independently for total and low-income units.
UNITQ_DEV_LAA19930160,DEV_LAA19930160,LAA19939018,candidate_duplicate,candidate_duplicate,exclude_duplicate,none,duplicate_reporting_excluded,exclude_duplicate,none,duplicate_reporting_excluded,Episode role assigned independently for total and low-income units.
UNITQ_DEV_LAA19970135,DEV_LAA19970135,LAA19970135,unresolved_pending_outside_read,unresolved_pending_outside_read,evidence_only,none,no_reliable_value_after_search,evidence_only,none,no_reliable_value_after_search,Episode role assigned independently for total and low-income units.
UNITQ_DEV_LAA19970135,DEV_LAA19970135,LAA19979027,unresolved_pending_outside_read,unresolved_pending_outside_read,evidence_only,none,no_reliable_value_after_search,evidence_only,none,no_reliable_value_after_search,Episode role assigned independently for total and low-income units.
UNITQ_DEV_LAA20070012,DEV_LAA20070012,LAA20070012,unresolved_pending_outside_read,unresolved_pending_outside_read,evidence_only,none,external_value_not_episode_allocated,evidence_only,none,no_reliable_value_after_search,The HUD episode remains preserved as source evidence. Member roles govern only the static physical-development unit value.
UNITQ_DEV_LAA20070012,DEV_LAA20070012,LAA20070110,unresolved_pending_outside_read,unresolved_pending_outside_read,evidence_only,none,external_value_not_episode_allocated,evidence_only,none,no_reliable_value_after_search,The HUD episode remains preserved as source evidence. Member roles govern only the static physical-development unit value.
UNITQ_DEV_LAA20090155,DEV_LAA20090155,LAA20090155,unresolved_pending_outside_read,unresolved_pending_outside_read,evidence_only,none,no_reliable_value_after_search,evidence_only,none,no_reliable_value_after_search,Episode role assigned independently for total and low-income units.
UNITQ_DEV_LAA20090155,DEV_LAA20090155,LAA20099003,unresolved_pending_outside_read,unresolved_pending_outside_read,evidence_only,none,no_reliable_value_after_search,evidence_only,none,no_reliable_value_after_search,Episode role assigned independently for total and low-income units.
UNITQ_DEV_LAA20110010,DEV_LAA20110010,LAA20110010,unresolved_pending_outside_read,unresolved_pending_outside_read,evidence_only,none,no_reliable_value_after_search,evidence_only,none,no_reliable_value_after_search,Episode role assigned independently for total and low-income units.
UNITQ_DEV_LAA20110010,DEV_LAA20110010,LAA20110849,unresolved_pending_outside_read,unresolved_pending_outside_read,evidence_only,none,no_reliable_value_after_search,evidence_only,none,no_reliable_value_after_search,Episode role assigned independently for total and low-income units.
UNITQ_DEV_LAA20126007,DEV_LAA20126007,LAA20126007,candidate_representative,candidate_representative,select_representative,reconciled_episode,selected_reporting_representative,select_representative,reconciled_episode,selected_reporting_representative,Episode role assigned independently for total and low-income units.
UNITQ_DEV_LAA20126007,DEV_LAA20126007,LAA20135012,candidate_duplicate,candidate_duplicate,exclude_duplicate,none,duplicate_reporting_excluded,exclude_duplicate,none,duplicate_reporting_excluded,Episode role assigned independently for total and low-income units.
UNITQ_DEV_MAB19940070,DEV_MAB19940070,MAB00000271,candidate_representative,candidate_representative,select_representative,reconciled_episode,selected_reporting_representative,select_representative,reconciled_episode,selected_reporting_representative,The HUD episode remains preserved as source evidence. Member roles govern only the static physical-development unit value.
UNITQ_DEV_MAB19940070,DEV_MAB19940070,MAB19940070,candidate_duplicate,candidate_duplicate,exclude_duplicate,none,duplicate_reporting_excluded,exclude_duplicate,none,duplicate_reporting_excluded,The HUD episode remains preserved as source evidence. Member roles govern only the static physical-development unit value.
UNITQ_DEV_MAB20080020,DEV_MAB20080020,MAB20080020,candidate_representative,unresolved_pending_outside_read,select_representative,reconciled_episode,selected_reporting_representative,evidence_only,none,no_reliable_value_after_search,Episode role assigned independently for total and low-income units.
UNITQ_DEV_MAB20080020,DEV_MAB20080020,MAB20200001,candidate_duplicate,unresolved_pending_outside_read,exclude_duplicate,none,duplicate_reporting_excluded,evidence_only,none,no_reliable_value_after_search,Episode role assigned independently for total and low-income units.
UNITQ_DEV_MAB20130009,DEV_MAB20130009,MAB20130009,unresolved_pending_outside_read,unresolved_pending_outside_read,evidence_only,none,no_reliable_value_after_search,evidence_only,none,no_reliable_value_after_search,Episode role assigned independently for total and low-income units.
UNITQ_DEV_MAB20130009,DEV_MAB20130009,MAB20150009,unresolved_pending_outside_read,unresolved_pending_outside_read,evidence_only,none,no_reliable_value_after_search,evidence_only,none,no_reliable_value_after_search,Episode role assigned independently for total and low-income units.
UNITQ_DEV_MAB20130010,DEV_MAB20130010,MAB20130010,unresolved_pending_outside_read,unresolved_pending_outside_read,evidence_only,none,no_reliable_value_after_search,evidence_only,none,no_reliable_value_after_search,Episode role assigned independently for total and low-income units.
UNITQ_DEV_MAB20130010,DEV_MAB20130010,MAB20150010,unresolved_pending_outside_read,unresolved_pending_outside_read,evidence_only,none,no_reliable_value_after_search,evidence_only,none,no_reliable_value_after_search,Episode role assigned independently for total and low-income units.
UNITQ_DEV_MAB20150013,DEV_MAB20150013,MAB20150013,unresolved_pending_outside_read,unresolved_pending_outside_read,evidence_only,none,no_reliable_value_after_search,evidence_only,none,no_reliable_value_after_search,Episode role assigned independently for total and low-income units.
UNITQ_DEV_MAB20150013,DEV_MAB20150013,MAB20151011,unresolved_pending_outside_read,unresolved_pending_outside_read,evidence_only,none,no_reliable_value_after_search,evidence_only,none,no_reliable_value_after_search,Episode role assigned independently for total and low-income units.
UNITQ_DEV_MAB20163001,DEV_MAB20163001,MAB20163001,candidate_representative,candidate_representative,select_representative,reconciled_episode,selected_reporting_representative,select_representative,reconciled_episode,selected_reporting_representative,Episode role assigned independently for total and low-income units.
UNITQ_DEV_MAB20163001,DEV_MAB20163001,MAB20200002,candidate_duplicate,candidate_duplicate,exclude_duplicate,none,duplicate_reporting_excluded,exclude_duplicate,none,duplicate_reporting_excluded,Episode role assigned independently for total and low-income units.
UNITQ_DEV_MAB20172002,DEV_MAB20172002,MAB20172002,candidate_representative,candidate_representative,select_representative,reconciled_episode,selected_reporting_representative,select_representative,reconciled_episode,selected_reporting_representative,Episode role assigned independently for total and low-income units.
UNITQ_DEV_MAB20172002,DEV_MAB20172002,MAB20200012,candidate_duplicate,candidate_duplicate,exclude_duplicate,none,duplicate_reporting_excluded,exclude_duplicate,none,duplicate_reporting_excluded,Episode role assigned independently for total and low-income units.
UNITQ_DEV_MAB20181003,DEV_MAB20181003,MAB20181003,unresolved_pending_outside_read,unresolved_pending_outside_read,evidence_only,none,no_reliable_value_after_search,evidence_only,none,no_reliable_value_after_search,Episode role assigned independently for total and low-income units.
UNITQ_DEV_MAB20181003,DEV_MAB20181003,MAB20200015,unresolved_pending_outside_read,unresolved_pending_outside_read,evidence_only,none,no_reliable_value_after_search,evidence_only,none,no_reliable_value_after_search,Episode role assigned independently for total and low-income units.
UNITQ_DEV_MAB20181004,DEV_MAB20181004,MAB20181004,candidate_representative,candidate_representative,select_representative,reconciled_episode,selected_reporting_representative,select_representative,reconciled_episode,selected_reporting_representative,Episode role assigned independently for total and low-income units.
UNITQ_DEV_MAB20181004,DEV_MAB20181004,MAB20200005,candidate_duplicate,candidate_duplicate,exclude_duplicate,none,duplicate_reporting_excluded,exclude_duplicate,none,duplicate_reporting_excluded,Episode role assigned independently for total and low-income units.
UNITQ_DEV_MAB20181008,DEV_MAB20181008,MAB20181008,candidate_representative,candidate_representative,select_representative,reconciled_episode,selected_reporting_representative,select_representative,reconciled_episode,selected_reporting_representative,Episode role assigned independently for total and low-income units.
UNITQ_DEV_MAB20181008,DEV_MAB20181008,MAB20200007,candidate_duplicate,candidate_duplicate,exclude_duplicate,none,duplicate_reporting_excluded,exclude_duplicate,none,duplicate_reporting_excluded,Episode role assigned independently for total and low-income units.
UNITQ_DEV_MAB20181009,DEV_MAB20181009,MAB20181009,candidate_representative,candidate_representative,select_representative,reconciled_episode,selected_reporting_representative,select_representative,reconciled_episode,selected_reporting_representative,Episode role assigned independently for total and low-income units.
UNITQ_DEV_MAB20181009,DEV_MAB20181009,MAB20200008,candidate_duplicate,candidate_duplicate,exclude_duplicate,none,duplicate_reporting_excluded,exclude_duplicate,none,duplicate_reporting_excluded,Episode role assigned independently for total and low-income units.
UNITQ_DEV_MAB20190003,DEV_MAB20190003,MAB20190003,candidate_representative,candidate_representative,select_representative,reconciled_episode,selected_reporting_representative,select_representative,reconciled_episode,selected_reporting_representative,Episode role assigned independently for total and low-income units.
UNITQ_DEV_MAB20190003,DEV_MAB20190003,MAB20200009,candidate_duplicate,candidate_duplicate,exclude_duplicate,none,duplicate_reporting_excluded,exclude_duplicate,none,duplicate_reporting_excluded,Episode role assigned independently for total and low-income units.
UNITQ_DEV_MAB20191004,DEV_MAB20191004,MAB20191004,unresolved_pending_outside_read,unresolved_pending_outside_read,evidence_only,none,external_value_not_episode_allocated,evidence_only,none,no_reliable_value_after_search,The HUD episode remains preserved as source evidence. Member roles govern only the static physical-development unit value.
UNITQ_DEV_MAC00000137,DEV_MAC00000137,MAB20150031,unresolved_pending_outside_read,unresolved_pending_outside_read,evidence_only,none,no_reliable_value_after_search,evidence_only,none,no_reliable_value_after_search,Episode role assigned independently for total and low-income units.
UNITQ_DEV_MAC00000137,DEV_MAC00000137,MAB20160004,unresolved_pending_outside_read,unresolved_pending_outside_read,evidence_only,none,no_reliable_value_after_search,evidence_only,none,no_reliable_value_after_search,Episode role assigned independently for total and low-income units.
UNITQ_DEV_MAC00000137,DEV_MAC00000137,MAC00000137,unresolved_pending_outside_read,unresolved_pending_outside_read,evidence_only,none,no_reliable_value_after_search,evidence_only,none,no_reliable_value_after_search,Episode role assigned independently for total and low-income units.
UNITQ_DEV_MDA19920075,DEV_MDA19920075,MDA19920075,candidate_representative,candidate_representative,select_representative,reconciled_episode,selected_reporting_representative,select_representative,reconciled_episode,selected_reporting_representative,Episode role assigned independently for total and low-income units.
UNITQ_DEV_MDA19920075,DEV_MDA19920075,MDA20203077,candidate_duplicate,candidate_duplicate,exclude_duplicate,none,duplicate_reporting_excluded,exclude_duplicate,none,duplicate_reporting_excluded,Episode role assigned independently for total and low-income units.
UNITQ_DEV_MDA19930050,DEV_MDA19930050,MDA19930050,candidate_representative,candidate_representative,select_representative,reconciled_episode,selected_reporting_representative,select_representative,reconciled_episode,selected_reporting_representative,Episode role assigned independently for total and low-income units.
UNITQ_DEV_MDA19930050,DEV_MDA19930050,MDA20190006,candidate_duplicate,candidate_duplicate,exclude_duplicate,none,duplicate_reporting_excluded,exclude_duplicate,none,duplicate_reporting_excluded,Episode role assigned independently for total and low-income units.
UNITQ_DEV_MDA19940900,DEV_MDA19940900,MDA19940900,candidate_representative,candidate_representative,select_representative,reconciled_episode,selected_reporting_representative,select_representative,reconciled_episode,selected_reporting_representative,Episode role assigned independently for total and low-income units.
UNITQ_DEV_MDA19940900,DEV_MDA19940900,MDA20100073,candidate_duplicate,candidate_duplicate,exclude_duplicate,none,duplicate_reporting_excluded,exclude_duplicate,none,duplicate_reporting_excluded,Episode role assigned independently for total and low-income units.
UNITQ_DEV_MDA19960080,DEV_MDA19960080,MDA19960080,unresolved_pending_outside_read,unresolved_pending_outside_read,evidence_only,none,no_reliable_value_after_search,evidence_only,none,no_reliable_value_after_search,Episode role assigned independently for total and low-income units.
UNITQ_DEV_MDA19960080,DEV_MDA19960080,MDA20182010,unresolved_pending_outside_read,unresolved_pending_outside_read,evidence_only,none,no_reliable_value_after_search,evidence_only,none,no_reliable_value_after_search,Episode role assigned independently for total and low-income units.
UNITQ_DEV_MDA19970053,DEV_MDA19970053,MDA19970053,candidate_representative,candidate_representative,select_representative,reconciled_episode,selected_reporting_representative,select_representative,reconciled_episode,selected_reporting_representative,Episode role assigned independently for total and low-income units.
UNITQ_DEV_MDA19970053,DEV_MDA19970053,MDA20151004,candidate_duplicate,candidate_duplicate,exclude_duplicate,none,duplicate_reporting_excluded,exclude_duplicate,none,duplicate_reporting_excluded,Episode role assigned independently for total and low-income units.
UNITQ_DEV_MDA20010082,DEV_MDA20010082,MDA20010082,candidate_representative,candidate_representative,select_representative,reconciled_episode,selected_reporting_representative,select_representative,reconciled_episode,selected_reporting_representative,Episode role assigned independently for total and low-income units.
UNITQ_DEV_MDA20010082,DEV_MDA20010082,MDA20212012,candidate_duplicate,candidate_duplicate,exclude_duplicate,none,duplicate_reporting_excluded,exclude_duplicate,none,duplicate_reporting_excluded,Episode role assigned independently for total and low-income units.
UNITQ_DEV_MDA20030065,DEV_MDA20030065,MDA20030065,candidate_representative,candidate_representative,select_representative,reconciled_episode,selected_reporting_representative,select_representative,reconciled_episode,selected_reporting_representative,Episode role assigned independently for total and low-income units.
UNITQ_DEV_MDA20030065,DEV_MDA20030065,MDA20240059,candidate_duplicate,candidate_duplicate,exclude_duplicate,none,duplicate_reporting_excluded,exclude_duplicate,none,duplicate_reporting_excluded,Episode role assigned independently for total and low-income units.
UNITQ_DEV_MDA20030087,DEV_MDA20030087,MDA20030087,candidate_representative,candidate_representative,select_representative,reconciled_episode,selected_reporting_representative,select_representative,reconciled_episode,selected_reporting_representative,Episode role assigned independently for total and low-income units.
UNITQ_DEV_MDA20030087,DEV_MDA20030087,MDA20039101,candidate_duplicate,candidate_duplicate,exclude_duplicate,none,duplicate_reporting_excluded,exclude_duplicate,none,duplicate_reporting_excluded,Episode role assigned independently for total and low-income units.
UNITQ_DEV_MDA20040065,DEV_MDA20040065,MDA20040065,candidate_representative,candidate_representative,select_representative,reconciled_episode,selected_reporting_representative,select_representative,reconciled_episode,selected_reporting_representative,Episode role assigned independently for total and low-income units.
UNITQ_DEV_MDA20040065,DEV_MDA20040065,MDA20240060,candidate_duplicate,candidate_duplicate,exclude_duplicate,none,duplicate_reporting_excluded,exclude_duplicate,none,duplicate_reporting_excluded,Episode role assigned independently for total and low-income units.
UNITQ_DEV_MDA20050070,DEV_MDA20050070,MDA20050070,unresolved_pending_outside_read,unresolved_pending_outside_read,evidence_only,none,no_reliable_value_after_search,evidence_only,none,no_reliable_value_after_search,Episode role assigned independently for total and low-income units.
UNITQ_DEV_MDA20050070,DEV_MDA20050070,MDA20140644,unresolved_pending_outside_read,unresolved_pending_outside_read,evidence_only,none,no_reliable_value_after_search,evidence_only,none,no_reliable_value_after_search,Episode role assigned independently for total and low-income units.
UNITQ_DEV_MDA20080045,DEV_MDA20080045,MDA20080045,unresolved_pending_outside_read,unresolved_pending_outside_read,evidence_only,none,no_reliable_value_after_search,evidence_only,none,no_reliable_value_after_search,Episode role assigned independently for total and low-income units.
UNITQ_DEV_MDA20080045,DEV_MDA20080045,MDA20089141,unresolved_pending_outside_read,unresolved_pending_outside_read,evidence_only,none,no_reliable_value_after_search,evidence_only,none,no_reliable_value_after_search,Episode role assigned independently for total and low-income units.
UNITQ_DEV_MDA20180005,DEV_MDA20180005,MDA20180005,evidence_only,candidate_component,evidence_only,none,external_value_not_episode_allocated,include_component,reconciled_episode,distinct_component_included,Episode role assigned independently for total and low-income units.
UNITQ_DEV_MDA20180005,DEV_MDA20180005,MDA20180027,evidence_only,candidate_component,evidence_only,none,external_value_not_episode_allocated,include_component,reconciled_episode,distinct_component_included,Episode role assigned independently for total and low-income units.
UNITQ_DEV_MDA20194003,DEV_MDA20194003,MDA20194003,candidate_component,candidate_component,include_component,reconciled_episode,distinct_component_included,include_component,reconciled_episode,distinct_component_included,Episode role assigned independently for total and low-income units.
UNITQ_DEV_MDA20194003,DEV_MDA20194003,MDA20212008,candidate_component,candidate_component,include_component,reconciled_episode,distinct_component_included,include_component,reconciled_episode,distinct_component_included,Episode role assigned independently for total and low-income units.
UNITQ_DEV_MDA20194004,DEV_MDA20194004,MDA20194004,candidate_component,candidate_component,include_component,reconciled_episode,distinct_component_included,include_component,reconciled_episode,distinct_component_included,Episode role assigned independently for total and low-income units.
UNITQ_DEV_MDA20194004,DEV_MDA20194004,MDA20212009,candidate_component,candidate_component,include_component,reconciled_episode,distinct_component_included,include_component,reconciled_episode,distinct_component_included,Episode role assigned independently for total and low-income units.
UNITQ_DEV_MDA20240008,DEV_MDA20240008,MDA20240008,candidate_component,unresolved_pending_outside_read,include_component,reconciled_episode,distinct_component_included,evidence_only,none,no_reliable_value_after_search,Episode role assigned independently for total and low-income units.
UNITQ_DEV_MDA20240008,DEV_MDA20240008,MDA20240009,candidate_component,unresolved_pending_outside_read,include_component,reconciled_episode,distinct_component_included,evidence_only,none,no_reliable_value_after_search,Episode role assigned independently for total and low-income units.
UNITQ_DEV_MIA19990140,DEV_MIA19990140,MIA19990140,unresolved_pending_outside_read,unresolved_pending_outside_read,evidence_only,none,no_reliable_value_after_search,evidence_only,none,no_reliable_value_after_search,Episode role assigned independently for total and low-income units.
UNITQ_DEV_MIA19990140,DEV_MIA19990140,MIA20150006,unresolved_pending_outside_read,unresolved_pending_outside_read,evidence_only,none,no_reliable_value_after_search,evidence_only,none,no_reliable_value_after_search,Episode role assigned independently for total and low-income units.
UNITQ_DEV_MIA19990305,DEV_MIA19990305,MIA19990305,candidate_representative,candidate_representative,select_representative,reconciled_episode,selected_reporting_representative,select_representative,reconciled_episode,selected_reporting_representative,Episode role assigned independently for total and low-income units.
UNITQ_DEV_MIA19990305,DEV_MIA19990305,MIA20221023,candidate_duplicate,candidate_duplicate,exclude_duplicate,none,duplicate_reporting_excluded,exclude_duplicate,none,duplicate_reporting_excluded,Episode role assigned independently for total and low-income units.
UNITQ_DEV_MIA20010050,DEV_MIA20010050,MIA20010050,unresolved_pending_outside_read,unresolved_pending_outside_read,evidence_only,none,no_reliable_value_after_search,evidence_only,none,no_reliable_value_after_search,Episode role assigned independently for total and low-income units.
UNITQ_DEV_MIA20010050,DEV_MIA20010050,MIA20020050,unresolved_pending_outside_read,unresolved_pending_outside_read,evidence_only,none,no_reliable_value_after_search,evidence_only,none,no_reliable_value_after_search,Episode role assigned independently for total and low-income units.
UNITQ_DEV_MIA20060264,DEV_MIA20060264,MIA20060264,candidate_representative,unresolved_pending_outside_read,select_representative,reconciled_episode,selected_reporting_representative,evidence_only,none,no_reliable_value_after_search,Episode role assigned independently for total and low-income units.
UNITQ_DEV_MIA20060264,DEV_MIA20060264,MIA20069002,candidate_duplicate,unresolved_pending_outside_read,exclude_duplicate,none,duplicate_reporting_excluded,evidence_only,none,no_reliable_value_after_search,Episode role assigned independently for total and low-income units.
UNITQ_DEV_MIA20070140,DEV_MIA20070140,MIA20070140,candidate_representative,unresolved_pending_outside_read,select_representative,reconciled_episode,selected_reporting_representative,evidence_only,none,no_reliable_value_after_search,Episode role assigned independently for total and low-income units.
UNITQ_DEV_MIA20070140,DEV_MIA20070140,MIA20240031,candidate_duplicate,unresolved_pending_outside_read,exclude_duplicate,none,duplicate_reporting_excluded,evidence_only,none,no_reliable_value_after_search,Episode role assigned independently for total and low-income units.
UNITQ_DEV_MIA20080155,DEV_MIA20080155,MIA20080155,candidate_representative,candidate_representative,select_representative,reconciled_episode,selected_reporting_representative,select_representative,reconciled_episode,selected_reporting_representative,Episode role assigned independently for total and low-income units.
UNITQ_DEV_MIA20080155,DEV_MIA20080155,MIA20240028,candidate_duplicate,candidate_duplicate,exclude_duplicate,none,duplicate_reporting_excluded,exclude_duplicate,none,duplicate_reporting_excluded,Episode role assigned independently for total and low-income units.
UNITQ_DEV_MIA20089228,DEV_MIA20089228,MIA20089228,candidate_representative,candidate_representative,select_representative,reconciled_episode,selected_reporting_representative,select_representative,reconciled_episode,selected_reporting_representative,Episode role assigned independently for total and low-income units.
UNITQ_DEV_MIA20089228,DEV_MIA20089228,MIA20240021,candidate_duplicate,candidate_duplicate,exclude_duplicate,none,duplicate_reporting_excluded,exclude_duplicate,none,duplicate_reporting_excluded,Episode role assigned independently for total and low-income units.
UNITQ_DEV_MOA19870085,DEV_MOA19870085,MOA19870085,candidate_representative,candidate_representative,select_representative,reconciled_episode,selected_reporting_representative,select_representative,reconciled_episode,selected_reporting_representative,Episode role assigned independently for total and low-income units.
UNITQ_DEV_MOA19870085,DEV_MOA19870085,MOA19880660,candidate_duplicate,candidate_duplicate,exclude_duplicate,none,duplicate_reporting_excluded,exclude_duplicate,none,duplicate_reporting_excluded,Episode role assigned independently for total and low-income units.
UNITQ_DEV_MOA19870095,DEV_MOA19870095,MOA19870095,candidate_representative,candidate_representative,select_representative,reconciled_episode,selected_reporting_representative,select_representative,reconciled_episode,selected_reporting_representative,Episode role assigned independently for total and low-income units.
UNITQ_DEV_MOA19870095,DEV_MOA19870095,MOA19880655,candidate_duplicate,candidate_duplicate,exclude_duplicate,none,duplicate_reporting_excluded,exclude_duplicate,none,duplicate_reporting_excluded,Episode role assigned independently for total and low-income units.
UNITQ_DEV_MOA19960035,DEV_MOA19960035,MOA19960035,candidate_representative,candidate_representative,select_representative,reconciled_episode,selected_reporting_representative,select_representative,reconciled_episode,selected_reporting_representative,Episode role assigned independently for total and low-income units.
UNITQ_DEV_MOA19960035,DEV_MOA19960035,MOA19960036,candidate_duplicate,candidate_duplicate,exclude_duplicate,none,duplicate_reporting_excluded,exclude_duplicate,none,duplicate_reporting_excluded,Episode role assigned independently for total and low-income units.
UNITQ_DEV_MOA19970105,DEV_MOA19970105,MOA19970105,unresolved_pending_outside_read,unresolved_pending_outside_read,evidence_only,none,no_reliable_value_after_search,evidence_only,none,no_reliable_value_after_search,Episode role assigned independently for total and low-income units.
UNITQ_DEV_MOA19970105,DEV_MOA19970105,MOA19970115,unresolved_pending_outside_read,unresolved_pending_outside_read,evidence_only,none,no_reliable_value_after_search,evidence_only,none,no_reliable_value_after_search,Episode role assigned independently for total and low-income units.
UNITQ_DEV_MSA19880020,DEV_MSA19880020,MSA19880020,unresolved_pending_outside_read,unresolved_pending_outside_read,evidence_only,none,no_reliable_value_after_search,evidence_only,none,no_reliable_value_after_search,Episode role assigned independently for total and low-income units.
UNITQ_DEV_MSA19880020,DEV_MSA19880020,MSA19880099,unresolved_pending_outside_read,unresolved_pending_outside_read,evidence_only,none,no_reliable_value_after_search,evidence_only,none,no_reliable_value_after_search,Episode role assigned independently for total and low-income units.
UNITQ_DEV_MSA19880021,DEV_MSA19880021,MSA19880021,unresolved_pending_outside_read,unresolved_pending_outside_read,evidence_only,none,no_reliable_value_after_search,evidence_only,none,no_reliable_value_after_search,Episode role assigned independently for total and low-income units.
UNITQ_DEV_MSA19880021,DEV_MSA19880021,MSA19880101,unresolved_pending_outside_read,unresolved_pending_outside_read,evidence_only,none,no_reliable_value_after_search,evidence_only,none,no_reliable_value_after_search,Episode role assigned independently for total and low-income units.
UNITQ_DEV_MSA19880042,DEV_MSA19880042,MSA19880042,unresolved_pending_outside_read,unresolved_pending_outside_read,evidence_only,none,no_reliable_value_after_search,evidence_only,none,no_reliable_value_after_search,Episode role assigned independently for total and low-income units.
UNITQ_DEV_MSA19880042,DEV_MSA19880042,MSA19880081,unresolved_pending_outside_read,unresolved_pending_outside_read,evidence_only,none,no_reliable_value_after_search,evidence_only,none,no_reliable_value_after_search,Episode role assigned independently for total and low-income units.
UNITQ_DEV_MSA19880050,DEV_MSA19880050,MSA19880050,unresolved_pending_outside_read,unresolved_pending_outside_read,evidence_only,none,no_reliable_value_after_search,evidence_only,none,no_reliable_value_after_search,Episode role assigned independently for total and low-income units.
UNITQ_DEV_MSA19880050,DEV_MSA19880050,MSA19880161,unresolved_pending_outside_read,unresolved_pending_outside_read,evidence_only,none,no_reliable_value_after_search,evidence_only,none,no_reliable_value_after_search,Episode role assigned independently for total and low-income units.
UNITQ_DEV_MSA19890063,DEV_MSA19890063,MSA19890063,unresolved_pending_outside_read,unresolved_pending_outside_read,evidence_only,none,no_reliable_value_after_search,evidence_only,none,no_reliable_value_after_search,Episode role assigned independently for total and low-income units.
UNITQ_DEV_MSA19890063,DEV_MSA19890063,MSA19890197,unresolved_pending_outside_read,unresolved_pending_outside_read,evidence_only,none,no_reliable_value_after_search,evidence_only,none,no_reliable_value_after_search,Episode role assigned independently for total and low-income units.
UNITQ_DEV_MSA19890234,DEV_MSA19890234,MSA19890234,unresolved_pending_outside_read,unresolved_pending_outside_read,evidence_only,none,no_reliable_value_after_search,evidence_only,none,no_reliable_value_after_search,Episode role assigned independently for total and low-income units.
UNITQ_DEV_MSA19890234,DEV_MSA19890234,MSA19900130,unresolved_pending_outside_read,unresolved_pending_outside_read,evidence_only,none,no_reliable_value_after_search,evidence_only,none,no_reliable_value_after_search,Episode role assigned independently for total and low-income units.
UNITQ_DEV_MSA19890239,DEV_MSA19890239,MSA00000395,unresolved_pending_outside_read,unresolved_pending_outside_read,evidence_only,none,no_reliable_value_after_search,evidence_only,none,no_reliable_value_after_search,Episode role assigned independently for total and low-income units.
UNITQ_DEV_MSA19890239,DEV_MSA19890239,MSA19890239,unresolved_pending_outside_read,unresolved_pending_outside_read,evidence_only,none,no_reliable_value_after_search,evidence_only,none,no_reliable_value_after_search,Episode role assigned independently for total and low-income units.
UNITQ_DEV_MSA19890273,DEV_MSA19890273,MSA19890273,unresolved_pending_outside_read,unresolved_pending_outside_read,evidence_only,none,no_reliable_value_after_search,evidence_only,none,no_reliable_value_after_search,Episode role assigned independently for total and low-income units.
UNITQ_DEV_MSA19890273,DEV_MSA19890273,MSA19900135,unresolved_pending_outside_read,unresolved_pending_outside_read,evidence_only,none,no_reliable_value_after_search,evidence_only,none,no_reliable_value_after_search,Episode role assigned independently for total and low-income units.
UNITQ_DEV_MSA19910208,DEV_MSA19910208,MSA19910208,candidate_representative,unresolved_pending_outside_read,select_representative,reconciled_episode,selected_reporting_representative,evidence_only,none,no_reliable_value_after_search,Episode role assigned independently for total and low-income units.
UNITQ_DEV_MSA19910208,DEV_MSA19910208,MSA20210029,candidate_duplicate,unresolved_pending_outside_read,exclude_duplicate,none,duplicate_reporting_excluded,evidence_only,none,no_reliable_value_after_search,Episode role assigned independently for total and low-income units.
UNITQ_DEV_MSA19930015,DEV_MSA19930015,MSA19930015,candidate_representative,candidate_representative,select_representative,reconciled_episode,selected_reporting_representative,select_representative,reconciled_episode,selected_reporting_representative,Episode role assigned independently for total and low-income units.
UNITQ_DEV_MSA19930015,DEV_MSA19930015,MSA20240011,candidate_duplicate,candidate_duplicate,exclude_duplicate,none,duplicate_reporting_excluded,exclude_duplicate,none,duplicate_reporting_excluded,Episode role assigned independently for total and low-income units.
UNITQ_DEV_MSA20010040,DEV_MSA20010040,MSA20010040,unresolved_pending_outside_read,unresolved_pending_outside_read,evidence_only,none,no_reliable_value_after_search,evidence_only,none,no_reliable_value_after_search,Episode role assigned independently for total and low-income units.
UNITQ_DEV_MSA20010040,DEV_MSA20010040,MSA20240022,unresolved_pending_outside_read,unresolved_pending_outside_read,evidence_only,none,no_reliable_value_after_search,evidence_only,none,no_reliable_value_after_search,Episode role assigned independently for total and low-income units.
UNITQ_DEV_MSA20050065,DEV_MSA20050065,MSA20050065,candidate_representative,candidate_representative,select_representative,reconciled_episode,selected_reporting_representative,select_representative,reconciled_episode,selected_reporting_representative,Episode role assigned independently for total and low-income units.
UNITQ_DEV_MSA20050065,DEV_MSA20050065,MSA20230009,candidate_duplicate,candidate_duplicate,exclude_duplicate,none,duplicate_reporting_excluded,exclude_duplicate,none,duplicate_reporting_excluded,Episode role assigned independently for total and low-income units.
UNITQ_DEV_MSA20130013,DEV_MSA20130013,MSA20130013,candidate_representative,candidate_representative,select_representative,reconciled_episode,selected_reporting_representative,select_representative,reconciled_episode,selected_reporting_representative,Episode role assigned independently for total and low-income units.
UNITQ_DEV_MSA20130013,DEV_MSA20130013,MSA20150024,candidate_duplicate,candidate_duplicate,exclude_duplicate,none,duplicate_reporting_excluded,exclude_duplicate,none,duplicate_reporting_excluded,Episode role assigned independently for total and low-income units.
UNITQ_DEV_MTA19960015,DEV_MTA19960015,MTA19960015,unresolved_pending_outside_read,unresolved_pending_outside_read,evidence_only,none,no_reliable_value_after_search,evidence_only,none,no_reliable_value_after_search,Episode role assigned independently for total and low-income units.
UNITQ_DEV_MTA19960015,DEV_MTA19960015,MTA20231021,unresolved_pending_outside_read,unresolved_pending_outside_read,evidence_only,none,no_reliable_value_after_search,evidence_only,none,no_reliable_value_after_search,Episode role assigned independently for total and low-income units.
UNITQ_DEV_MTA20020060,DEV_MTA20020060,MTA20020060,candidate_representative,candidate_representative,select_representative,reconciled_episode,selected_reporting_representative,select_representative,reconciled_episode,selected_reporting_representative,Episode role assigned independently for total and low-income units.
UNITQ_DEV_MTA20020060,DEV_MTA20020060,MTA20029007,candidate_duplicate,candidate_duplicate,exclude_duplicate,none,duplicate_reporting_excluded,exclude_duplicate,none,duplicate_reporting_excluded,Episode role assigned independently for total and low-income units.
UNITQ_DEV_MTA20060030,DEV_MTA20060030,MTA20060030,unresolved_pending_outside_read,unresolved_pending_outside_read,evidence_only,none,no_reliable_value_after_search,evidence_only,none,no_reliable_value_after_search,Episode role assigned independently for total and low-income units.
UNITQ_DEV_MTA20060030,DEV_MTA20060030,MTA20240029,unresolved_pending_outside_read,unresolved_pending_outside_read,evidence_only,none,no_reliable_value_after_search,evidence_only,none,no_reliable_value_after_search,Episode role assigned independently for total and low-income units.
UNITQ_DEV_MTA20090027,DEV_MTA20090027,MTA20090027,candidate_representative,candidate_representative,select_representative,reconciled_episode,selected_reporting_representative,select_representative,reconciled_episode,selected_reporting_representative,Episode role assigned independently for total and low-income units.
UNITQ_DEV_MTA20090027,DEV_MTA20090027,MTA20098005,candidate_duplicate,candidate_duplicate,exclude_duplicate,none,duplicate_reporting_excluded,exclude_duplicate,none,duplicate_reporting_excluded,Episode role assigned independently for total and low-income units.
UNITQ_DEV_MTA20109002,DEV_MTA20109002,MTA20109002,candidate_representative,candidate_representative,select_representative,reconciled_episode,selected_reporting_representative,select_representative,reconciled_episode,selected_reporting_representative,Episode role assigned independently for total and low-income units.
UNITQ_DEV_MTA20109002,DEV_MTA20109002,MTA20250015,candidate_duplicate,candidate_duplicate,exclude_duplicate,none,duplicate_reporting_excluded,exclude_duplicate,none,duplicate_reporting_excluded,Episode role assigned independently for total and low-income units.
UNITQ_DEV_MTA20210004,DEV_MTA20210004,MTA20210004,candidate_representative,candidate_representative,select_representative,reconciled_episode,selected_reporting_representative,select_representative,reconciled_episode,selected_reporting_representative,Episode role assigned independently for total and low-income units.
UNITQ_DEV_MTA20210004,DEV_MTA20210004,MTA20231019,candidate_duplicate,candidate_duplicate,exclude_duplicate,none,duplicate_reporting_excluded,exclude_duplicate,none,duplicate_reporting_excluded,Episode role assigned independently for total and low-income units.
UNITQ_DEV_NCA0000X027,DEV_NCA0000X027,NCA0000X027,candidate_representative,candidate_representative,select_representative,reconciled_episode,selected_reporting_representative,select_representative,reconciled_episode,selected_reporting_representative,Episode role assigned independently for total and low-income units.
UNITQ_DEV_NCA0000X027,DEV_NCA0000X027,NCA20200057,candidate_duplicate,candidate_duplicate,exclude_duplicate,none,duplicate_reporting_excluded,exclude_duplicate,none,duplicate_reporting_excluded,Episode role assigned independently for total and low-income units.
UNITQ_DEV_NCA0000X126,DEV_NCA0000X126,NCA0000X126,candidate_representative,candidate_representative,select_representative,reconciled_episode,selected_reporting_representative,select_representative,reconciled_episode,selected_reporting_representative,Episode role assigned independently for total and low-income units.
UNITQ_DEV_NCA0000X126,DEV_NCA0000X126,NCA0000X286,candidate_duplicate,candidate_duplicate,exclude_duplicate,none,duplicate_reporting_excluded,exclude_duplicate,none,duplicate_reporting_excluded,Episode role assigned independently for total and low-income units.
UNITQ_DEV_NCA0000X273,DEV_NCA0000X273,NCA0000X273,candidate_representative,candidate_representative,select_representative,reconciled_episode,selected_reporting_representative,select_representative,reconciled_episode,selected_reporting_representative,Episode role assigned independently for total and low-income units.
UNITQ_DEV_NCA0000X273,DEV_NCA0000X273,NCA20240036,candidate_duplicate,candidate_duplicate,exclude_duplicate,none,duplicate_reporting_excluded,exclude_duplicate,none,duplicate_reporting_excluded,Episode role assigned independently for total and low-income units.
UNITQ_DEV_NCA0000X343,DEV_NCA0000X343,NCA0000X343,unresolved_pending_outside_read,unresolved_pending_outside_read,evidence_only,none,no_reliable_value_after_search,evidence_only,none,no_reliable_value_after_search,Episode role assigned independently for total and low-income units.
UNITQ_DEV_NCA0000X343,DEV_NCA0000X343,NCA0000X561,unresolved_pending_outside_read,unresolved_pending_outside_read,evidence_only,none,no_reliable_value_after_search,evidence_only,none,no_reliable_value_after_search,Episode role assigned independently for total and low-income units.
UNITQ_DEV_NCA0000X380,DEV_NCA0000X380,NCA0000X380,candidate_representative,candidate_representative,select_representative,reconciled_episode,selected_reporting_representative,select_representative,reconciled_episode,selected_reporting_representative,Episode role assigned independently for total and low-income units.
UNITQ_DEV_NCA0000X380,DEV_NCA0000X380,NCA20230056,candidate_duplicate,candidate_duplicate,exclude_duplicate,none,duplicate_reporting_excluded,exclude_duplicate,none,duplicate_reporting_excluded,Episode role assigned independently for total and low-income units.
UNITQ_DEV_NCA0000X416,DEV_NCA0000X416,NCA0000X416,candidate_representative,candidate_representative,select_representative,reconciled_episode,selected_reporting_representative,select_representative,reconciled_episode,selected_reporting_representative,Episode role assigned independently for total and low-income units.
UNITQ_DEV_NCA0000X416,DEV_NCA0000X416,NCA20250014,candidate_duplicate,candidate_duplicate,exclude_duplicate,none,duplicate_reporting_excluded,exclude_duplicate,none,duplicate_reporting_excluded,Episode role assigned independently for total and low-income units.
UNITQ_DEV_NCA19880290,DEV_NCA19880290,NCA19880290,candidate_representative,candidate_representative,select_representative,reconciled_episode,selected_reporting_representative,select_representative,reconciled_episode,selected_reporting_representative,Episode role assigned independently for total and low-income units.
UNITQ_DEV_NCA19880290,DEV_NCA19880290,NCA19889824,candidate_duplicate,candidate_duplicate,exclude_duplicate,none,duplicate_reporting_excluded,exclude_duplicate,none,duplicate_reporting_excluded,Episode role assigned independently for total and low-income units.
UNITQ_DEV_NCA19880320,DEV_NCA19880320,NCA19880320,candidate_representative,candidate_representative,select_representative,reconciled_episode,selected_reporting_representative,select_representative,reconciled_episode,selected_reporting_representative,Episode role assigned independently for total and low-income units.
UNITQ_DEV_NCA19880320,DEV_NCA19880320,NCA20109025,candidate_duplicate,candidate_duplicate,exclude_duplicate,none,duplicate_reporting_excluded,exclude_duplicate,none,duplicate_reporting_excluded,Episode role assigned independently for total and low-income units.
UNITQ_DEV_NCA19880590,DEV_NCA19880590,NCA19880590,unresolved_pending_outside_read,unresolved_pending_outside_read,evidence_only,none,no_reliable_value_after_search,evidence_only,none,no_reliable_value_after_search,Episode role assigned independently for total and low-income units.
UNITQ_DEV_NCA19880590,DEV_NCA19880590,NCA19890670,unresolved_pending_outside_read,unresolved_pending_outside_read,evidence_only,none,no_reliable_value_after_search,evidence_only,none,no_reliable_value_after_search,Episode role assigned independently for total and low-income units.
UNITQ_DEV_NCA19880595,DEV_NCA19880595,NCA19880595,unresolved_pending_outside_read,unresolved_pending_outside_read,evidence_only,none,no_reliable_value_after_search,evidence_only,none,no_reliable_value_after_search,Episode role assigned independently for total and low-income units.
UNITQ_DEV_NCA19880595,DEV_NCA19880595,NCA19890665,unresolved_pending_outside_read,unresolved_pending_outside_read,evidence_only,none,no_reliable_value_after_search,evidence_only,none,no_reliable_value_after_search,Episode role assigned independently for total and low-income units.
UNITQ_DEV_NCA19880600,DEV_NCA19880600,NCA19880600,unresolved_pending_outside_read,unresolved_pending_outside_read,evidence_only,none,no_reliable_value_after_search,evidence_only,none,no_reliable_value_after_search,Episode role assigned independently for total and low-income units.
UNITQ_DEV_NCA19880600,DEV_NCA19880600,NCA19890675,unresolved_pending_outside_read,unresolved_pending_outside_read,evidence_only,none,no_reliable_value_after_search,evidence_only,none,no_reliable_value_after_search,Episode role assigned independently for total and low-income units.
UNITQ_DEV_NCA19890580,DEV_NCA19890580,NCA19890580,unresolved_pending_outside_read,unresolved_pending_outside_read,evidence_only,none,no_reliable_value_after_search,evidence_only,none,no_reliable_value_after_search,Episode role assigned independently for total and low-income units.
UNITQ_DEV_NCA19890580,DEV_NCA19890580,NCA19940510,unresolved_pending_outside_read,unresolved_pending_outside_read,evidence_only,none,no_reliable_value_after_search,evidence_only,none,no_reliable_value_after_search,Episode role assigned independently for total and low-income units.
UNITQ_DEV_NCA19890580,DEV_NCA19890580,NCA19949102,unresolved_pending_outside_read,unresolved_pending_outside_read,evidence_only,none,no_reliable_value_after_search,evidence_only,none,no_reliable_value_after_search,Episode role assigned independently for total and low-income units.
UNITQ_DEV_NCA19900085,DEV_NCA19900085,NCA19900085,unresolved_pending_outside_read,unresolved_pending_outside_read,evidence_only,none,no_reliable_value_after_search,evidence_only,none,no_reliable_value_after_search,Episode role assigned independently for total and low-income units.
UNITQ_DEV_NCA19900085,DEV_NCA19900085,NCA19900090,unresolved_pending_outside_read,unresolved_pending_outside_read,evidence_only,none,no_reliable_value_after_search,evidence_only,none,no_reliable_value_after_search,Episode role assigned independently for total and low-income units.
UNITQ_DEV_NCA19900085,DEV_NCA19900085,NCA19900095,unresolved_pending_outside_read,unresolved_pending_outside_read,evidence_only,none,no_reliable_value_after_search,evidence_only,none,no_reliable_value_after_search,Episode role assigned independently for total and low-income units.
UNITQ_DEV_NCA19900085,DEV_NCA19900085,NCA19900100,unresolved_pending_outside_read,unresolved_pending_outside_read,evidence_only,none,no_reliable_value_after_search,evidence_only,none,no_reliable_value_after_search,Episode role assigned independently for total and low-income units.
UNITQ_DEV_NCA19900085,DEV_NCA19900085,NCA19909002,unresolved_pending_outside_read,unresolved_pending_outside_read,evidence_only,none,no_reliable_value_after_search,evidence_only,none,no_reliable_value_after_search,Episode role assigned independently for total and low-income units.
UNITQ_DEV_NCA19900085,DEV_NCA19900085,NCA19909003,unresolved_pending_outside_read,unresolved_pending_outside_read,evidence_only,none,no_reliable_value_after_search,evidence_only,none,no_reliable_value_after_search,Episode role assigned independently for total and low-income units.
UNITQ_DEV_NCA19900085,DEV_NCA19900085,NCA19909004,unresolved_pending_outside_read,unresolved_pending_outside_read,evidence_only,none,no_reliable_value_after_search,evidence_only,none,no_reliable_value_after_search,Episode role assigned independently for total and low-income units.
UNITQ_DEV_NCA19900085,DEV_NCA19900085,NCA19909005,unresolved_pending_outside_read,unresolved_pending_outside_read,evidence_only,none,no_reliable_value_after_search,evidence_only,none,no_reliable_value_after_search,Episode role assigned independently for total and low-income units.
UNITQ_DEV_NCA19900125,DEV_NCA19900125,NCA19900125,candidate_representative,candidate_representative,select_representative,reconciled_episode,selected_reporting_representative,select_representative,reconciled_episode,selected_reporting_representative,Episode role assigned independently for total and low-income units.
UNITQ_DEV_NCA19900125,DEV_NCA19900125,NCA19909008,candidate_duplicate,candidate_duplicate,exclude_duplicate,none,duplicate_reporting_excluded,exclude_duplicate,none,duplicate_reporting_excluded,Episode role assigned independently for total and low-income units.
UNITQ_DEV_NCA19900130,DEV_NCA19900130,NCA19900130,candidate_representative,candidate_representative,select_representative,reconciled_episode,selected_reporting_representative,select_representative,reconciled_episode,selected_reporting_representative,Episode role assigned independently for total and low-income units.
UNITQ_DEV_NCA19900130,DEV_NCA19900130,NCA19909009,candidate_duplicate,candidate_duplicate,exclude_duplicate,none,duplicate_reporting_excluded,exclude_duplicate,none,duplicate_reporting_excluded,Episode role assigned independently for total and low-income units.
UNITQ_DEV_NCA19900175,DEV_NCA19900175,NCA19900175,unresolved_pending_outside_read,unresolved_pending_outside_read,evidence_only,none,no_reliable_value_after_search,evidence_only,none,no_reliable_value_after_search,Episode role assigned independently for total and low-income units.
UNITQ_DEV_NCA19900175,DEV_NCA19900175,NCA19909010,unresolved_pending_outside_read,unresolved_pending_outside_read,evidence_only,none,no_reliable_value_after_search,evidence_only,none,no_reliable_value_after_search,Episode role assigned independently for total and low-income units.
UNITQ_DEV_NCA19900205,DEV_NCA19900205,NCA19900205,unresolved_pending_outside_read,unresolved_pending_outside_read,evidence_only,none,no_reliable_value_after_search,evidence_only,none,no_reliable_value_after_search,Episode role assigned independently for total and low-income units.
UNITQ_DEV_NCA19900205,DEV_NCA19900205,NCA19909011,unresolved_pending_outside_read,unresolved_pending_outside_read,evidence_only,none,no_reliable_value_after_search,evidence_only,none,no_reliable_value_after_search,Episode role assigned independently for total and low-income units.
UNITQ_DEV_NCA19900215,DEV_NCA19900215,NCA19900215,candidate_representative,candidate_representative,select_representative,reconciled_episode,selected_reporting_representative,select_representative,reconciled_episode,selected_reporting_representative,Episode role assigned independently for total and low-income units.
UNITQ_DEV_NCA19900215,DEV_NCA19900215,NCA19909012,candidate_duplicate,candidate_duplicate,exclude_duplicate,none,duplicate_reporting_excluded,exclude_duplicate,none,duplicate_reporting_excluded,Episode role assigned independently for total and low-income units.
UNITQ_DEV_NCA19900230,DEV_NCA19900230,NCA19900230,candidate_representative,candidate_representative,select_representative,reconciled_episode,selected_reporting_representative,select_representative,reconciled_episode,selected_reporting_representative,Episode role assigned independently for total and low-income units.
UNITQ_DEV_NCA19900230,DEV_NCA19900230,NCA19909013,candidate_duplicate,candidate_duplicate,exclude_duplicate,none,duplicate_reporting_excluded,exclude_duplicate,none,duplicate_reporting_excluded,Episode role assigned independently for total and low-income units.
UNITQ_DEV_NCA19900235,DEV_NCA19900235,NCA19900235,unresolved_pending_outside_read,unresolved_pending_outside_read,evidence_only,none,no_reliable_value_after_search,evidence_only,none,no_reliable_value_after_search,Episode role assigned independently for total and low-income units.
UNITQ_DEV_NCA19900235,DEV_NCA19900235,NCA19909014,unresolved_pending_outside_read,unresolved_pending_outside_read,evidence_only,none,no_reliable_value_after_search,evidence_only,none,no_reliable_value_after_search,Episode role assigned independently for total and low-income units.
UNITQ_DEV_NCA19900255,DEV_NCA19900255,NCA19900255,unresolved_pending_outside_read,unresolved_pending_outside_read,evidence_only,none,no_reliable_value_after_search,evidence_only,none,no_reliable_value_after_search,Episode role assigned independently for total and low-income units.
UNITQ_DEV_NCA19900255,DEV_NCA19900255,NCA19909020,unresolved_pending_outside_read,unresolved_pending_outside_read,evidence_only,none,no_reliable_value_after_search,evidence_only,none,no_reliable_value_after_search,Episode role assigned independently for total and low-income units.
UNITQ_DEV_NCA19900285,DEV_NCA19900285,NCA19900285,candidate_representative,candidate_representative,select_representative,reconciled_episode,selected_reporting_representative,select_representative,reconciled_episode,selected_reporting_representative,Episode role assigned independently for total and low-income units.
UNITQ_DEV_NCA19900285,DEV_NCA19900285,NCA19909016,candidate_duplicate,candidate_duplicate,exclude_duplicate,none,duplicate_reporting_excluded,exclude_duplicate,none,duplicate_reporting_excluded,Episode role assigned independently for total and low-income units.
UNITQ_DEV_NCA19900295,DEV_NCA19900295,NCA19900295,unresolved_pending_outside_read,unresolved_pending_outside_read,evidence_only,none,no_reliable_value_after_search,evidence_only,none,no_reliable_value_after_search,Episode role assigned independently for total and low-income units.
UNITQ_DEV_NCA19900295,DEV_NCA19900295,NCA19909091,unresolved_pending_outside_read,unresolved_pending_outside_read,evidence_only,none,no_reliable_value_after_search,evidence_only,none,no_reliable_value_after_search,Episode role assigned independently for total and low-income units.
UNITQ_DEV_NCA19900330,DEV_NCA19900330,NCA19900330,candidate_representative,candidate_representative,select_representative,reconciled_episode,selected_reporting_representative,select_representative,reconciled_episode,selected_reporting_representative,Episode role assigned independently for total and low-income units.
UNITQ_DEV_NCA19900330,DEV_NCA19900330,NCA19909018,candidate_duplicate,candidate_duplicate,exclude_duplicate,none,duplicate_reporting_excluded,exclude_duplicate,none,duplicate_reporting_excluded,Episode role assigned independently for total and low-income units.
UNITQ_DEV_NCA19900445,DEV_NCA19900445,NCA19900445,unresolved_pending_outside_read,unresolved_pending_outside_read,evidence_only,none,no_reliable_value_after_search,evidence_only,none,no_reliable_value_after_search,Episode role assigned independently for total and low-income units.
UNITQ_DEV_NCA19900445,DEV_NCA19900445,NCA19909022,unresolved_pending_outside_read,unresolved_pending_outside_read,evidence_only,none,no_reliable_value_after_search,evidence_only,none,no_reliable_value_after_search,Episode role assigned independently for total and low-income units.
UNITQ_DEV_NCA19900455,DEV_NCA19900455,NCA19900455,unresolved_pending_outside_read,unresolved_pending_outside_read,evidence_only,none,no_reliable_value_after_search,evidence_only,none,no_reliable_value_after_search,Episode role assigned independently for total and low-income units.
UNITQ_DEV_NCA19900455,DEV_NCA19900455,NCA19909023,unresolved_pending_outside_read,unresolved_pending_outside_read,evidence_only,none,no_reliable_value_after_search,evidence_only,none,no_reliable_value_after_search,Episode role assigned independently for total and low-income units.
UNITQ_DEV_NCA19900470,DEV_NCA19900470,NCA19900470,unresolved_pending_outside_read,unresolved_pending_outside_read,evidence_only,none,no_reliable_value_after_search,evidence_only,none,no_reliable_value_after_search,Episode role assigned independently for total and low-income units.
UNITQ_DEV_NCA19900470,DEV_NCA19900470,NCA19909024,unresolved_pending_outside_read,unresolved_pending_outside_read,evidence_only,none,no_reliable_value_after_search,evidence_only,none,no_reliable_value_after_search,Episode role assigned independently for total and low-income units.
UNITQ_DEV_NCA19900610,DEV_NCA19900610,NCA19900610,unresolved_pending_outside_read,unresolved_pending_outside_read,evidence_only,none,no_reliable_value_after_search,evidence_only,none,no_reliable_value_after_search,Episode role assigned independently for total and low-income units.
UNITQ_DEV_NCA19900610,DEV_NCA19900610,NCA19909021,unresolved_pending_outside_read,unresolved_pending_outside_read,evidence_only,none,no_reliable_value_after_search,evidence_only,none,no_reliable_value_after_search,Episode role assigned independently for total and low-income units.
UNITQ_DEV_NCA19900745,DEV_NCA19900745,NCA19900745,candidate_representative,candidate_representative,select_representative,reconciled_episode,selected_reporting_representative,select_representative,reconciled_episode,selected_reporting_representative,Episode role assigned independently for total and low-income units.
UNITQ_DEV_NCA19900745,DEV_NCA19900745,NCA19909028,candidate_duplicate,candidate_duplicate,exclude_duplicate,none,duplicate_reporting_excluded,exclude_duplicate,none,duplicate_reporting_excluded,Episode role assigned independently for total and low-income units.
UNITQ_DEV_NCA19910025,DEV_NCA19910025,NCA19910025,candidate_representative,candidate_representative,select_representative,reconciled_episode,selected_reporting_representative,select_representative,reconciled_episode,selected_reporting_representative,Episode role assigned independently for total and low-income units.
UNITQ_DEV_NCA19910025,DEV_NCA19910025,NCA19919005,candidate_duplicate,candidate_duplicate,exclude_duplicate,none,duplicate_reporting_excluded,exclude_duplicate,none,duplicate_reporting_excluded,Episode role assigned independently for total and low-income units.
UNITQ_DEV_NCA19910035,DEV_NCA19910035,NCA19910035,unresolved_pending_outside_read,unresolved_pending_outside_read,evidence_only,none,no_reliable_value_after_search,evidence_only,none,no_reliable_value_after_search,Episode role assigned independently for total and low-income units.
UNITQ_DEV_NCA19910035,DEV_NCA19910035,NCA19919047,unresolved_pending_outside_read,unresolved_pending_outside_read,evidence_only,none,no_reliable_value_after_search,evidence_only,none,no_reliable_value_after_search,Episode role assigned independently for total and low-income units.
UNITQ_DEV_NCA19910035,DEV_NCA19910035,NCA19930085,unresolved_pending_outside_read,unresolved_pending_outside_read,evidence_only,none,no_reliable_value_after_search,evidence_only,none,no_reliable_value_after_search,Episode role assigned independently for total and low-income units.
UNITQ_DEV_NCA19910035,DEV_NCA19910035,NCA19939010,unresolved_pending_outside_read,unresolved_pending_outside_read,evidence_only,none,no_reliable_value_after_search,evidence_only,none,no_reliable_value_after_search,Episode role assigned independently for total and low-income units.
UNITQ_DEV_NCA19910050,DEV_NCA19910050,NCA19910050,unresolved_pending_outside_read,unresolved_pending_outside_read,evidence_only,none,no_reliable_value_after_search,evidence_only,none,no_reliable_value_after_search,Episode role assigned independently for total and low-income units.
UNITQ_DEV_NCA19910050,DEV_NCA19910050,NCA19919008,unresolved_pending_outside_read,unresolved_pending_outside_read,evidence_only,none,no_reliable_value_after_search,evidence_only,none,no_reliable_value_after_search,Episode role assigned independently for total and low-income units.
UNITQ_DEV_NCA19910055,DEV_NCA19910055,NCA19910055,candidate_representative,candidate_representative,select_representative,reconciled_episode,selected_reporting_representative,select_representative,reconciled_episode,selected_reporting_representative,Episode role assigned independently for total and low-income units.
UNITQ_DEV_NCA19910055,DEV_NCA19910055,NCA19919009,candidate_duplicate,candidate_duplicate,exclude_duplicate,none,duplicate_reporting_excluded,exclude_duplicate,none,duplicate_reporting_excluded,Episode role assigned independently for total and low-income units.
UNITQ_DEV_NCA19910075,DEV_NCA19910075,NCA19910075,candidate_representative,candidate_representative,select_representative,reconciled_episode,selected_reporting_representative,select_representative,reconciled_episode,selected_reporting_representative,Episode role assigned independently for total and low-income units.
UNITQ_DEV_NCA19910075,DEV_NCA19910075,NCA19919013,candidate_duplicate,candidate_duplicate,exclude_duplicate,none,duplicate_reporting_excluded,exclude_duplicate,none,duplicate_reporting_excluded,Episode role assigned independently for total and low-income units.
UNITQ_DEV_NCA19910080,DEV_NCA19910080,NCA19910080,unresolved_pending_outside_read,unresolved_pending_outside_read,evidence_only,none,no_reliable_value_after_search,evidence_only,none,no_reliable_value_after_search,Episode role assigned independently for total and low-income units.
UNITQ_DEV_NCA19910080,DEV_NCA19910080,NCA19919014,unresolved_pending_outside_read,unresolved_pending_outside_read,evidence_only,none,no_reliable_value_after_search,evidence_only,none,no_reliable_value_after_search,Episode role assigned independently for total and low-income units.
UNITQ_DEV_NCA19910080,DEV_NCA19910080,NCA19920170,unresolved_pending_outside_read,unresolved_pending_outside_read,evidence_only,none,no_reliable_value_after_search,evidence_only,none,no_reliable_value_after_search,Episode role assigned independently for total and low-income units.
UNITQ_DEV_NCA19910080,DEV_NCA19910080,NCA19929029,unresolved_pending_outside_read,unresolved_pending_outside_read,evidence_only,none,no_reliable_value_after_search,evidence_only,none,no_reliable_value_after_search,Episode role assigned independently for total and low-income units.
UNITQ_DEV_NCA19910085,DEV_NCA19910085,NCA19910085,candidate_representative,candidate_representative,select_representative,reconciled_episode,selected_reporting_representative,select_representative,reconciled_episode,selected_reporting_representative,Episode role assigned independently for total and low-income units.
UNITQ_DEV_NCA19910085,DEV_NCA19910085,NCA19919048,candidate_duplicate,candidate_duplicate,exclude_duplicate,none,duplicate_reporting_excluded,exclude_duplicate,none,duplicate_reporting_excluded,Episode role assigned independently for total and low-income units.
UNITQ_DEV_NCA19910110,DEV_NCA19910110,NCA19910110,unresolved_pending_outside_read,unresolved_pending_outside_read,evidence_only,none,no_reliable_value_after_search,evidence_only,none,no_reliable_value_after_search,Episode role assigned independently for total and low-income units.
UNITQ_DEV_NCA19910110,DEV_NCA19910110,NCA19919019,unresolved_pending_outside_read,unresolved_pending_outside_read,evidence_only,none,no_reliable_value_after_search,evidence_only,none,no_reliable_value_after_search,Episode role assigned independently for total and low-income units.
UNITQ_DEV_NCA19910110,DEV_NCA19910110,NCA19919020,unresolved_pending_outside_read,unresolved_pending_outside_read,evidence_only,none,no_reliable_value_after_search,evidence_only,none,no_reliable_value_after_search,Episode role assigned independently for total and low-income units.
UNITQ_DEV_NCA19910110,DEV_NCA19910110,NCA19920190,unresolved_pending_outside_read,unresolved_pending_outside_read,evidence_only,none,no_reliable_value_after_search,evidence_only,none,no_reliable_value_after_search,Episode role assigned independently for total and low-income units.
UNITQ_DEV_NCA19910110,DEV_NCA19910110,NCA19929033,unresolved_pending_outside_read,unresolved_pending_outside_read,evidence_only,none,no_reliable_value_after_search,evidence_only,none,no_reliable_value_after_search,Episode role assigned independently for total and low-income units.
UNITQ_DEV_NCA19910125,DEV_NCA19910125,NCA19910125,unresolved_pending_outside_read,unresolved_pending_outside_read,evidence_only,none,no_reliable_value_after_search,evidence_only,none,no_reliable_value_after_search,Episode role assigned independently for total and low-income units.
UNITQ_DEV_NCA19910125,DEV_NCA19910125,NCA19910130,unresolved_pending_outside_read,unresolved_pending_outside_read,evidence_only,none,no_reliable_value_after_search,evidence_only,none,no_reliable_value_after_search,Episode role assigned independently for total and low-income units.
UNITQ_DEV_NCA19910125,DEV_NCA19910125,NCA19910135,unresolved_pending_outside_read,unresolved_pending_outside_read,evidence_only,none,no_reliable_value_after_search,evidence_only,none,no_reliable_value_after_search,Episode role assigned independently for total and low-income units.
UNITQ_DEV_NCA19910125,DEV_NCA19910125,NCA19910140,unresolved_pending_outside_read,unresolved_pending_outside_read,evidence_only,none,no_reliable_value_after_search,evidence_only,none,no_reliable_value_after_search,Episode role assigned independently for total and low-income units.
UNITQ_DEV_NCA19910125,DEV_NCA19910125,NCA19910145,unresolved_pending_outside_read,unresolved_pending_outside_read,evidence_only,none,no_reliable_value_after_search,evidence_only,none,no_reliable_value_after_search,Episode role assigned independently for total and low-income units.
UNITQ_DEV_NCA19910125,DEV_NCA19910125,NCA19910150,unresolved_pending_outside_read,unresolved_pending_outside_read,evidence_only,none,no_reliable_value_after_search,evidence_only,none,no_reliable_value_after_search,Episode role assigned independently for total and low-income units.
UNITQ_DEV_NCA19910125,DEV_NCA19910125,NCA19910155,unresolved_pending_outside_read,unresolved_pending_outside_read,evidence_only,none,no_reliable_value_after_search,evidence_only,none,no_reliable_value_after_search,Episode role assigned independently for total and low-income units.
UNITQ_DEV_NCA19910125,DEV_NCA19910125,NCA19910160,unresolved_pending_outside_read,unresolved_pending_outside_read,evidence_only,none,no_reliable_value_after_search,evidence_only,none,no_reliable_value_after_search,Episode role assigned independently for total and low-income units.
UNITQ_DEV_NCA19910125,DEV_NCA19910125,NCA19910165,unresolved_pending_outside_read,unresolved_pending_outside_read,evidence_only,none,no_reliable_value_after_search,evidence_only,none,no_reliable_value_after_search,Episode role assigned independently for total and low-income units.
UNITQ_DEV_NCA19910125,DEV_NCA19910125,NCA19910170,unresolved_pending_outside_read,unresolved_pending_outside_read,evidence_only,none,no_reliable_value_after_search,evidence_only,none,no_reliable_value_after_search,Episode role assigned independently for total and low-income units.
UNITQ_DEV_NCA19910125,DEV_NCA19910125,NCA19919049,unresolved_pending_outside_read,unresolved_pending_outside_read,evidence_only,none,no_reliable_value_after_search,evidence_only,none,no_reliable_value_after_search,Episode role assigned independently for total and low-income units.
UNITQ_DEV_NCA19910185,DEV_NCA19910185,NCA19910185,unresolved_pending_outside_read,unresolved_pending_outside_read,evidence_only,none,no_reliable_value_after_search,evidence_only,none,no_reliable_value_after_search,Episode role assigned independently for total and low-income units.
UNITQ_DEV_NCA19910185,DEV_NCA19910185,NCA19910200,unresolved_pending_outside_read,unresolved_pending_outside_read,evidence_only,none,no_reliable_value_after_search,evidence_only,none,no_reliable_value_after_search,Episode role assigned independently for total and low-income units.
UNITQ_DEV_NCA19910185,DEV_NCA19910185,NCA19910205,unresolved_pending_outside_read,unresolved_pending_outside_read,evidence_only,none,no_reliable_value_after_search,evidence_only,none,no_reliable_value_after_search,Episode role assigned independently for total and low-income units.
UNITQ_DEV_NCA19910185,DEV_NCA19910185,NCA19910210,unresolved_pending_outside_read,unresolved_pending_outside_read,evidence_only,none,no_reliable_value_after_search,evidence_only,none,no_reliable_value_after_search,Episode role assigned independently for total and low-income units.
UNITQ_DEV_NCA19910185,DEV_NCA19910185,NCA19910215,unresolved_pending_outside_read,unresolved_pending_outside_read,evidence_only,none,no_reliable_value_after_search,evidence_only,none,no_reliable_value_after_search,Episode role assigned independently for total and low-income units.
UNITQ_DEV_NCA19910185,DEV_NCA19910185,NCA19919031,unresolved_pending_outside_read,unresolved_pending_outside_read,evidence_only,none,no_reliable_value_after_search,evidence_only,none,no_reliable_value_after_search,Episode role assigned independently for total and low-income units.
UNITQ_DEV_NCA19910185,DEV_NCA19910185,NCA19919032,unresolved_pending_outside_read,unresolved_pending_outside_read,evidence_only,none,no_reliable_value_after_search,evidence_only,none,no_reliable_value_after_search,Episode role assigned independently for total and low-income units.
UNITQ_DEV_NCA19910185,DEV_NCA19910185,NCA19919035,unresolved_pending_outside_read,unresolved_pending_outside_read,evidence_only,none,no_reliable_value_after_search,evidence_only,none,no_reliable_value_after_search,Episode role assigned independently for total and low-income units.
UNITQ_DEV_NCA19910185,DEV_NCA19910185,NCA19919037,unresolved_pending_outside_read,unresolved_pending_outside_read,evidence_only,none,no_reliable_value_after_search,evidence_only,none,no_reliable_value_after_search,Episode role assigned independently for total and low-income units.
UNITQ_DEV_NCA19910185,DEV_NCA19910185,NCA19919038,unresolved_pending_outside_read,unresolved_pending_outside_read,evidence_only,none,no_reliable_value_after_search,evidence_only,none,no_reliable_value_after_search,Episode role assigned independently for total and low-income units.
UNITQ_DEV_NCA19910185,DEV_NCA19910185,NCA19919050,unresolved_pending_outside_read,unresolved_pending_outside_read,evidence_only,none,no_reliable_value_after_search,evidence_only,none,no_reliable_value_after_search,Episode role assigned independently for total and low-income units.
UNITQ_DEV_NCA19910185,DEV_NCA19910185,NCA19920220,unresolved_pending_outside_read,unresolved_pending_outside_read,evidence_only,none,no_reliable_value_after_search,evidence_only,none,no_reliable_value_after_search,Episode role assigned independently for total and low-income units.
UNITQ_DEV_NCA19910185,DEV_NCA19910185,NCA19920225,unresolved_pending_outside_read,unresolved_pending_outside_read,evidence_only,none,no_reliable_value_after_search,evidence_only,none,no_reliable_value_after_search,Episode role assigned independently for total and low-income units.
UNITQ_DEV_NCA19910185,DEV_NCA19910185,NCA19920230,unresolved_pending_outside_read,unresolved_pending_outside_read,evidence_only,none,no_reliable_value_after_search,evidence_only,none,no_reliable_value_after_search,Episode role assigned independently for total and low-income units.
UNITQ_DEV_NCA19910185,DEV_NCA19910185,NCA19920235,unresolved_pending_outside_read,unresolved_pending_outside_read,evidence_only,none,no_reliable_value_after_search,evidence_only,none,no_reliable_value_after_search,Episode role assigned independently for total and low-income units.
UNITQ_DEV_NCA19910185,DEV_NCA19910185,NCA19920240,unresolved_pending_outside_read,unresolved_pending_outside_read,evidence_only,none,no_reliable_value_after_search,evidence_only,none,no_reliable_value_after_search,Episode role assigned independently for total and low-income units.
UNITQ_DEV_NCA19910185,DEV_NCA19910185,NCA19920245,unresolved_pending_outside_read,unresolved_pending_outside_read,evidence_only,none,no_reliable_value_after_search,evidence_only,none,no_reliable_value_after_search,Episode role assigned independently for total and low-income units.
UNITQ_DEV_NCA19910185,DEV_NCA19910185,NCA19920250,unresolved_pending_outside_read,unresolved_pending_outside_read,evidence_only,none,no_reliable_value_after_search,evidence_only,none,no_reliable_value_after_search,Episode role assigned independently for total and low-income units.
UNITQ_DEV_NCA19910185,DEV_NCA19910185,NCA19920255,unresolved_pending_outside_read,unresolved_pending_outside_read,evidence_only,none,no_reliable_value_after_search,evidence_only,none,no_reliable_value_after_search,Episode role assigned independently for total and low-income units.
UNITQ_DEV_NCA19910185,DEV_NCA19910185,NCA19920275,unresolved_pending_outside_read,unresolved_pending_outside_read,evidence_only,none,no_reliable_value_after_search,evidence_only,none,no_reliable_value_after_search,Episode role assigned independently for total and low-income units.
UNITQ_DEV_NCA19910185,DEV_NCA19910185,NCA19929036,unresolved_pending_outside_read,unresolved_pending_outside_read,evidence_only,none,no_reliable_value_after_search,evidence_only,none,no_reliable_value_after_search,Episode role assigned independently for total and low-income units.
UNITQ_DEV_NCA19910185,DEV_NCA19910185,NCA19929039,unresolved_pending_outside_read,unresolved_pending_outside_read,evidence_only,none,no_reliable_value_after_search,evidence_only,none,no_reliable_value_after_search,Episode role assigned independently for total and low-income units.
UNITQ_DEV_NCA19910185,DEV_NCA19910185,NCA19929040,unresolved_pending_outside_read,unresolved_pending_outside_read,evidence_only,none,no_reliable_value_after_search,evidence_only,none,no_reliable_value_after_search,Episode role assigned independently for total and low-income units.
UNITQ_DEV_NCA19910185,DEV_NCA19910185,NCA19929041,unresolved_pending_outside_read,unresolved_pending_outside_read,evidence_only,none,no_reliable_value_after_search,evidence_only,none,no_reliable_value_after_search,Episode role assigned independently for total and low-income units.
UNITQ_DEV_NCA19910185,DEV_NCA19910185,NCA19929042,unresolved_pending_outside_read,unresolved_pending_outside_read,evidence_only,none,no_reliable_value_after_search,evidence_only,none,no_reliable_value_after_search,Episode role assigned independently for total and low-income units.
UNITQ_DEV_NCA19910185,DEV_NCA19910185,NCA19929043,unresolved_pending_outside_read,unresolved_pending_outside_read,evidence_only,none,no_reliable_value_after_search,evidence_only,none,no_reliable_value_after_search,Episode role assigned independently for total and low-income units.
UNITQ_DEV_NCA19910185,DEV_NCA19910185,NCA19929044,unresolved_pending_outside_read,unresolved_pending_outside_read,evidence_only,none,no_reliable_value_after_search,evidence_only,none,no_reliable_value_after_search,Episode role assigned independently for total and low-income units.
UNITQ_DEV_NCA19910185,DEV_NCA19910185,NCA19929045,unresolved_pending_outside_read,unresolved_pending_outside_read,evidence_only,none,no_reliable_value_after_search,evidence_only,none,no_reliable_value_after_search,Episode role assigned independently for total and low-income units.
UNITQ_DEV_NCA19910185,DEV_NCA19910185,NCA19929048,unresolved_pending_outside_read,unresolved_pending_outside_read,evidence_only,none,no_reliable_value_after_search,evidence_only,none,no_reliable_value_after_search,Episode role assigned independently for total and low-income units.
UNITQ_DEV_NCA19910185,DEV_NCA19910185,NCA19929049,unresolved_pending_outside_read,unresolved_pending_outside_read,evidence_only,none,no_reliable_value_after_search,evidence_only,none,no_reliable_value_after_search,Episode role assigned independently for total and low-income units.
UNITQ_DEV_NCA19910185,DEV_NCA19910185,NCA19929078,unresolved_pending_outside_read,unresolved_pending_outside_read,evidence_only,none,no_reliable_value_after_search,evidence_only,none,no_reliable_value_after_search,Episode role assigned independently for total and low-income units.
UNITQ_DEV_NCA19910225,DEV_NCA19910225,NCA19910225,candidate_representative,candidate_representative,select_representative,reconciled_episode,selected_reporting_representative,select_representative,reconciled_episode,selected_reporting_representative,Episode role assigned independently for total and low-income units.
UNITQ_DEV_NCA19910225,DEV_NCA19910225,NCA19919040,candidate_duplicate,candidate_duplicate,exclude_duplicate,none,duplicate_reporting_excluded,exclude_duplicate,none,duplicate_reporting_excluded,Episode role assigned independently for total and low-income units.
UNITQ_DEV_NCA19910290,DEV_NCA19910290,NCA19910290,candidate_representative,candidate_representative,select_representative,reconciled_episode,selected_reporting_representative,select_representative,reconciled_episode,selected_reporting_representative,Episode role assigned independently for total and low-income units.
UNITQ_DEV_NCA19910290,DEV_NCA19910290,NCA19919045,candidate_duplicate,candidate_duplicate,exclude_duplicate,none,duplicate_reporting_excluded,exclude_duplicate,none,duplicate_reporting_excluded,Episode role assigned independently for total and low-income units.
UNITQ_DEV_NCA19910295,DEV_NCA19910295,NCA19910295,unresolved_pending_outside_read,unresolved_pending_outside_read,evidence_only,none,no_reliable_value_after_search,evidence_only,none,no_reliable_value_after_search,Episode role assigned independently for total and low-income units.
UNITQ_DEV_NCA19910295,DEV_NCA19910295,NCA19919059,unresolved_pending_outside_read,unresolved_pending_outside_read,evidence_only,none,no_reliable_value_after_search,evidence_only,none,no_reliable_value_after_search,Episode role assigned independently for total and low-income units.
UNITQ_DEV_NCA19910320,DEV_NCA19910320,NCA19910320,unresolved_pending_outside_read,unresolved_pending_outside_read,evidence_only,none,no_reliable_value_after_search,evidence_only,none,no_reliable_value_after_search,Episode role assigned independently for total and low-income units.
UNITQ_DEV_NCA19910320,DEV_NCA19910320,NCA19910325,unresolved_pending_outside_read,unresolved_pending_outside_read,evidence_only,none,no_reliable_value_after_search,evidence_only,none,no_reliable_value_after_search,Episode role assigned independently for total and low-income units.
UNITQ_DEV_NCA19910320,DEV_NCA19910320,NCA19910330,unresolved_pending_outside_read,unresolved_pending_outside_read,evidence_only,none,no_reliable_value_after_search,evidence_only,none,no_reliable_value_after_search,Episode role assigned independently for total and low-income units.
UNITQ_DEV_NCA19910320,DEV_NCA19910320,NCA19910335,unresolved_pending_outside_read,unresolved_pending_outside_read,evidence_only,none,no_reliable_value_after_search,evidence_only,none,no_reliable_value_after_search,Episode role assigned independently for total and low-income units.
UNITQ_DEV_NCA19910320,DEV_NCA19910320,NCA19910345,unresolved_pending_outside_read,unresolved_pending_outside_read,evidence_only,none,no_reliable_value_after_search,evidence_only,none,no_reliable_value_after_search,Episode role assigned independently for total and low-income units.
UNITQ_DEV_NCA19910320,DEV_NCA19910320,NCA19919051,unresolved_pending_outside_read,unresolved_pending_outside_read,evidence_only,none,no_reliable_value_after_search,evidence_only,none,no_reliable_value_after_search,Episode role assigned independently for total and low-income units.
UNITQ_DEV_NCA19910320,DEV_NCA19910320,NCA19919052,unresolved_pending_outside_read,unresolved_pending_outside_read,evidence_only,none,no_reliable_value_after_search,evidence_only,none,no_reliable_value_after_search,Episode role assigned independently for total and low-income units.
UNITQ_DEV_NCA19910320,DEV_NCA19910320,NCA19919053,unresolved_pending_outside_read,unresolved_pending_outside_read,evidence_only,none,no_reliable_value_after_search,evidence_only,none,no_reliable_value_after_search,Episode role assigned independently for total and low-income units.
UNITQ_DEV_NCA19910320,DEV_NCA19910320,NCA19919054,unresolved_pending_outside_read,unresolved_pending_outside_read,evidence_only,none,no_reliable_value_after_search,evidence_only,none,no_reliable_value_after_search,Episode role assigned independently for total and low-income units.
UNITQ_DEV_NCA19910320,DEV_NCA19910320,NCA19919055,unresolved_pending_outside_read,unresolved_pending_outside_read,evidence_only,none,no_reliable_value_after_search,evidence_only,none,no_reliable_value_after_search,Episode role assigned independently for total and low-income units.
UNITQ_DEV_NCA19910320,DEV_NCA19910320,NCA19919056,unresolved_pending_outside_read,unresolved_pending_outside_read,evidence_only,none,no_reliable_value_after_search,evidence_only,none,no_reliable_value_after_search,Episode role assigned independently for total and low-income units.
UNITQ_DEV_NCA19910320,DEV_NCA19910320,NCA19920380,unresolved_pending_outside_read,unresolved_pending_outside_read,evidence_only,none,no_reliable_value_after_search,evidence_only,none,no_reliable_value_after_search,Episode role assigned independently for total and low-income units.
UNITQ_DEV_NCA19910320,DEV_NCA19910320,NCA19929079,unresolved_pending_outside_read,unresolved_pending_outside_read,evidence_only,none,no_reliable_value_after_search,evidence_only,none,no_reliable_value_after_search,Episode role assigned independently for total and low-income units.
UNITQ_DEV_NCA19910360,DEV_NCA19910360,NCA19910360,candidate_representative,candidate_representative,select_representative,reconciled_episode,selected_reporting_representative,select_representative,reconciled_episode,selected_reporting_representative,Episode role assigned independently for total and low-income units.
UNITQ_DEV_NCA19910360,DEV_NCA19910360,NCA19919277,candidate_duplicate,candidate_duplicate,exclude_duplicate,none,duplicate_reporting_excluded,exclude_duplicate,none,duplicate_reporting_excluded,Episode role assigned independently for total and low-income units.
UNITQ_DEV_NCA19910365,DEV_NCA19910365,NCA19910365,unresolved_pending_outside_read,unresolved_pending_outside_read,evidence_only,none,no_reliable_value_after_search,evidence_only,none,no_reliable_value_after_search,Episode role assigned independently for total and low-income units.
UNITQ_DEV_NCA19910365,DEV_NCA19910365,NCA19910370,unresolved_pending_outside_read,unresolved_pending_outside_read,evidence_only,none,no_reliable_value_after_search,evidence_only,none,no_reliable_value_after_search,Episode role assigned independently for total and low-income units.
UNITQ_DEV_NCA19910365,DEV_NCA19910365,NCA19919063,unresolved_pending_outside_read,unresolved_pending_outside_read,evidence_only,none,no_reliable_value_after_search,evidence_only,none,no_reliable_value_after_search,Episode role assigned independently for total and low-income units.
UNITQ_DEV_NCA19910365,DEV_NCA19910365,NCA19919064,unresolved_pending_outside_read,unresolved_pending_outside_read,evidence_only,none,no_reliable_value_after_search,evidence_only,none,no_reliable_value_after_search,Episode role assigned independently for total and low-income units.
UNITQ_DEV_NCA19910375,DEV_NCA19910375,NCA19910375,unresolved_pending_outside_read,unresolved_pending_outside_read,evidence_only,none,no_reliable_value_after_search,evidence_only,none,no_reliable_value_after_search,Episode role assigned independently for total and low-income units.
UNITQ_DEV_NCA19910375,DEV_NCA19910375,NCA19920425,unresolved_pending_outside_read,unresolved_pending_outside_read,evidence_only,none,no_reliable_value_after_search,evidence_only,none,no_reliable_value_after_search,Episode role assigned independently for total and low-income units.
UNITQ_DEV_NCA19910375,DEV_NCA19910375,NCA19920430,unresolved_pending_outside_read,unresolved_pending_outside_read,evidence_only,none,no_reliable_value_after_search,evidence_only,none,no_reliable_value_after_search,Episode role assigned independently for total and low-income units.
UNITQ_DEV_NCA19910375,DEV_NCA19910375,NCA19920435,unresolved_pending_outside_read,unresolved_pending_outside_read,evidence_only,none,no_reliable_value_after_search,evidence_only,none,no_reliable_value_after_search,Episode role assigned independently for total and low-income units.
UNITQ_DEV_NCA19910375,DEV_NCA19910375,NCA19920635,unresolved_pending_outside_read,unresolved_pending_outside_read,evidence_only,none,no_reliable_value_after_search,evidence_only,none,no_reliable_value_after_search,Episode role assigned independently for total and low-income units.
UNITQ_DEV_NCA19910400,DEV_NCA19910400,NCA19910400,unresolved_pending_outside_read,unresolved_pending_outside_read,evidence_only,none,external_value_not_episode_allocated,evidence_only,none,no_reliable_value_after_search,The HUD episode remains preserved as source evidence. Member roles govern only the static physical-development unit value.
UNITQ_DEV_NCA19910400,DEV_NCA19910400,NCA19919144,unresolved_pending_outside_read,unresolved_pending_outside_read,evidence_only,none,external_value_not_episode_allocated,evidence_only,none,no_reliable_value_after_search,The HUD episode remains preserved as source evidence. Member roles govern only the static physical-development unit value.
UNITQ_DEV_NCA19910465,DEV_NCA19910465,NCA19910465,candidate_representative,candidate_representative,select_representative,reconciled_episode,selected_reporting_representative,select_representative,reconciled_episode,selected_reporting_representative,Episode role assigned independently for total and low-income units.
UNITQ_DEV_NCA19910465,DEV_NCA19910465,NCA19919076,candidate_duplicate,candidate_duplicate,exclude_duplicate,none,duplicate_reporting_excluded,exclude_duplicate,none,duplicate_reporting_excluded,Episode role assigned independently for total and low-income units.
UNITQ_DEV_NCA19910485,DEV_NCA19910485,NCA19910485,candidate_representative,candidate_representative,select_representative,reconciled_episode,selected_reporting_representative,select_representative,reconciled_episode,selected_reporting_representative,Episode role assigned independently for total and low-income units.
UNITQ_DEV_NCA19910485,DEV_NCA19910485,NCA19919077,candidate_duplicate,candidate_duplicate,exclude_duplicate,none,duplicate_reporting_excluded,exclude_duplicate,none,duplicate_reporting_excluded,Episode role assigned independently for total and low-income units.
UNITQ_DEV_NCA19920005,DEV_NCA19920005,NCA19920005,candidate_representative,candidate_representative,select_representative,reconciled_episode,selected_reporting_representative,select_representative,reconciled_episode,selected_reporting_representative,Episode role assigned independently for total and low-income units.
UNITQ_DEV_NCA19920005,DEV_NCA19920005,NCA19929001,candidate_duplicate,candidate_duplicate,exclude_duplicate,none,duplicate_reporting_excluded,exclude_duplicate,none,duplicate_reporting_excluded,Episode role assigned independently for total and low-income units.
UNITQ_DEV_NCA19920020,DEV_NCA19920020,NCA19920020,unresolved_pending_outside_read,unresolved_pending_outside_read,evidence_only,none,no_reliable_value_after_search,evidence_only,none,no_reliable_value_after_search,Episode role assigned independently for total and low-income units.
UNITQ_DEV_NCA19920020,DEV_NCA19920020,NCA19929004,unresolved_pending_outside_read,unresolved_pending_outside_read,evidence_only,none,no_reliable_value_after_search,evidence_only,none,no_reliable_value_after_search,Episode role assigned independently for total and low-income units.
UNITQ_DEV_NCA19920025,DEV_NCA19920025,NCA19920025,unresolved_pending_outside_read,unresolved_pending_outside_read,evidence_only,none,no_reliable_value_after_search,evidence_only,none,no_reliable_value_after_search,Episode role assigned independently for total and low-income units.
UNITQ_DEV_NCA19920025,DEV_NCA19920025,NCA19929005,unresolved_pending_outside_read,unresolved_pending_outside_read,evidence_only,none,no_reliable_value_after_search,evidence_only,none,no_reliable_value_after_search,Episode role assigned independently for total and low-income units.
UNITQ_DEV_NCA19920060,DEV_NCA19920060,NCA19920060,unresolved_pending_outside_read,unresolved_pending_outside_read,evidence_only,none,no_reliable_value_after_search,evidence_only,none,no_reliable_value_after_search,Episode role assigned independently for total and low-income units.
UNITQ_DEV_NCA19920060,DEV_NCA19920060,NCA19929076,unresolved_pending_outside_read,unresolved_pending_outside_read,evidence_only,none,no_reliable_value_after_search,evidence_only,none,no_reliable_value_after_search,Episode role assigned independently for total and low-income units.
UNITQ_DEV_NCA19920080,DEV_NCA19920080,NCA19920080,candidate_representative,candidate_representative,select_representative,reconciled_episode,selected_reporting_representative,select_representative,reconciled_episode,selected_reporting_representative,Episode role assigned independently for total and low-income units.
UNITQ_DEV_NCA19920080,DEV_NCA19920080,NCA19920085,candidate_duplicate,candidate_duplicate,exclude_duplicate,none,duplicate_reporting_excluded,exclude_duplicate,none,duplicate_reporting_excluded,Episode role assigned independently for total and low-income units.
UNITQ_DEV_NCA19920080,DEV_NCA19920080,NCA19929012,candidate_duplicate,candidate_duplicate,exclude_duplicate,none,duplicate_reporting_excluded,exclude_duplicate,none,duplicate_reporting_excluded,Episode role assigned independently for total and low-income units.
UNITQ_DEV_NCA19920080,DEV_NCA19920080,NCA19929013,candidate_duplicate,candidate_duplicate,exclude_duplicate,none,duplicate_reporting_excluded,exclude_duplicate,none,duplicate_reporting_excluded,Episode role assigned independently for total and low-income units.
UNITQ_DEV_NCA19920080,DEV_NCA19920080,NCA19930095,candidate_duplicate,candidate_duplicate,exclude_duplicate,none,duplicate_reporting_excluded,exclude_duplicate,none,duplicate_reporting_excluded,Episode role assigned independently for total and low-income units.
UNITQ_DEV_NCA19920080,DEV_NCA19920080,NCA19930100,candidate_duplicate,candidate_duplicate,exclude_duplicate,none,duplicate_reporting_excluded,exclude_duplicate,none,duplicate_reporting_excluded,Episode role assigned independently for total and low-income units.
UNITQ_DEV_NCA19920080,DEV_NCA19920080,NCA19930105,candidate_duplicate,candidate_duplicate,exclude_duplicate,none,duplicate_reporting_excluded,exclude_duplicate,none,duplicate_reporting_excluded,Episode role assigned independently for total and low-income units.
UNITQ_DEV_NCA19920080,DEV_NCA19920080,NCA19930110,candidate_duplicate,candidate_duplicate,exclude_duplicate,none,duplicate_reporting_excluded,exclude_duplicate,none,duplicate_reporting_excluded,Episode role assigned independently for total and low-income units.
UNITQ_DEV_NCA19920080,DEV_NCA19920080,NCA19930115,candidate_duplicate,candidate_duplicate,exclude_duplicate,none,duplicate_reporting_excluded,exclude_duplicate,none,duplicate_reporting_excluded,Episode role assigned independently for total and low-income units.
UNITQ_DEV_NCA19920080,DEV_NCA19920080,NCA19930120,candidate_duplicate,candidate_duplicate,exclude_duplicate,none,duplicate_reporting_excluded,exclude_duplicate,none,duplicate_reporting_excluded,Episode role assigned independently for total and low-income units.
UNITQ_DEV_NCA19920080,DEV_NCA19920080,NCA19930125,candidate_duplicate,candidate_duplicate,exclude_duplicate,none,duplicate_reporting_excluded,exclude_duplicate,none,duplicate_reporting_excluded,Episode role assigned independently for total and low-income units.
UNITQ_DEV_NCA19920080,DEV_NCA19920080,NCA19930130,candidate_duplicate,candidate_duplicate,exclude_duplicate,none,duplicate_reporting_excluded,exclude_duplicate,none,duplicate_reporting_excluded,Episode role assigned independently for total and low-income units.
UNITQ_DEV_NCA19920080,DEV_NCA19920080,NCA19930135,candidate_duplicate,candidate_duplicate,exclude_duplicate,none,duplicate_reporting_excluded,exclude_duplicate,none,duplicate_reporting_excluded,Episode role assigned independently for total and low-income units.
UNITQ_DEV_NCA19920080,DEV_NCA19920080,NCA19939012,candidate_duplicate,candidate_duplicate,exclude_duplicate,none,duplicate_reporting_excluded,exclude_duplicate,none,duplicate_reporting_excluded,Episode role assigned independently for total and low-income units.
UNITQ_DEV_NCA19920080,DEV_NCA19920080,NCA19939014,candidate_duplicate,candidate_duplicate,exclude_duplicate,none,duplicate_reporting_excluded,exclude_duplicate,none,duplicate_reporting_excluded,Episode role assigned independently for total and low-income units.
UNITQ_DEV_NCA19920080,DEV_NCA19920080,NCA19939015,candidate_duplicate,candidate_duplicate,exclude_duplicate,none,duplicate_reporting_excluded,exclude_duplicate,none,duplicate_reporting_excluded,Episode role assigned independently for total and low-income units.
UNITQ_DEV_NCA19920080,DEV_NCA19920080,NCA19939016,candidate_duplicate,candidate_duplicate,exclude_duplicate,none,duplicate_reporting_excluded,exclude_duplicate,none,duplicate_reporting_excluded,Episode role assigned independently for total and low-income units.
UNITQ_DEV_NCA19920080,DEV_NCA19920080,NCA19939017,candidate_duplicate,candidate_duplicate,exclude_duplicate,none,duplicate_reporting_excluded,exclude_duplicate,none,duplicate_reporting_excluded,Episode role assigned independently for total and low-income units.
UNITQ_DEV_NCA19920080,DEV_NCA19920080,NCA19939018,candidate_duplicate,candidate_duplicate,exclude_duplicate,none,duplicate_reporting_excluded,exclude_duplicate,none,duplicate_reporting_excluded,Episode role assigned independently for total and low-income units.
UNITQ_DEV_NCA19920080,DEV_NCA19920080,NCA19939019,candidate_duplicate,candidate_duplicate,exclude_duplicate,none,duplicate_reporting_excluded,exclude_duplicate,none,duplicate_reporting_excluded,Episode role assigned independently for total and low-income units.
UNITQ_DEV_NCA19920080,DEV_NCA19920080,NCA19939042,candidate_duplicate,candidate_duplicate,exclude_duplicate,none,duplicate_reporting_excluded,exclude_duplicate,none,duplicate_reporting_excluded,Episode role assigned independently for total and low-income units.
UNITQ_DEV_NCA19920090,DEV_NCA19920090,NCA19920090,unresolved_pending_outside_read,unresolved_pending_outside_read,evidence_only,none,no_reliable_value_after_search,evidence_only,none,no_reliable_value_after_search,Episode role assigned independently for total and low-income units.
UNITQ_DEV_NCA19920090,DEV_NCA19920090,NCA19929014,unresolved_pending_outside_read,unresolved_pending_outside_read,evidence_only,none,no_reliable_value_after_search,evidence_only,none,no_reliable_value_after_search,Episode role assigned independently for total and low-income units.
UNITQ_DEV_NCA19920095,DEV_NCA19920095,NCA19920095,unresolved_pending_outside_read,unresolved_pending_outside_read,evidence_only,none,no_reliable_value_after_search,evidence_only,none,no_reliable_value_after_search,Episode role assigned independently for total and low-income units.
UNITQ_DEV_NCA19920095,DEV_NCA19920095,NCA19929015,unresolved_pending_outside_read,unresolved_pending_outside_read,evidence_only,none,no_reliable_value_after_search,evidence_only,none,no_reliable_value_after_search,Episode role assigned independently for total and low-income units.
UNITQ_DEV_NCA19920115,DEV_NCA19920115,NCA19920115,unresolved_pending_outside_read,unresolved_pending_outside_read,evidence_only,none,no_reliable_value_after_search,evidence_only,none,no_reliable_value_after_search,Episode role assigned independently for total and low-income units.
UNITQ_DEV_NCA19920115,DEV_NCA19920115,NCA19929077,unresolved_pending_outside_read,unresolved_pending_outside_read,evidence_only,none,no_reliable_value_after_search,evidence_only,none,no_reliable_value_after_search,Episode role assigned independently for total and low-income units.
UNITQ_DEV_NCA19920130,DEV_NCA19920130,NCA19920130,unresolved_pending_outside_read,unresolved_pending_outside_read,evidence_only,none,no_reliable_value_after_search,evidence_only,none,no_reliable_value_after_search,Episode role assigned independently for total and low-income units.
UNITQ_DEV_NCA19920130,DEV_NCA19920130,NCA19920135,unresolved_pending_outside_read,unresolved_pending_outside_read,evidence_only,none,no_reliable_value_after_search,evidence_only,none,no_reliable_value_after_search,Episode role assigned independently for total and low-income units.
UNITQ_DEV_NCA19920130,DEV_NCA19920130,NCA19920140,unresolved_pending_outside_read,unresolved_pending_outside_read,evidence_only,none,no_reliable_value_after_search,evidence_only,none,no_reliable_value_after_search,Episode role assigned independently for total and low-income units.
UNITQ_DEV_NCA19920130,DEV_NCA19920130,NCA19920145,unresolved_pending_outside_read,unresolved_pending_outside_read,evidence_only,none,no_reliable_value_after_search,evidence_only,none,no_reliable_value_after_search,Episode role assigned independently for total and low-income units.
UNITQ_DEV_NCA19920130,DEV_NCA19920130,NCA19920150,unresolved_pending_outside_read,unresolved_pending_outside_read,evidence_only,none,no_reliable_value_after_search,evidence_only,none,no_reliable_value_after_search,Episode role assigned independently for total and low-income units.
UNITQ_DEV_NCA19920130,DEV_NCA19920130,NCA19920155,unresolved_pending_outside_read,unresolved_pending_outside_read,evidence_only,none,no_reliable_value_after_search,evidence_only,none,no_reliable_value_after_search,Episode role assigned independently for total and low-income units.
UNITQ_DEV_NCA19920130,DEV_NCA19920130,NCA19920160,unresolved_pending_outside_read,unresolved_pending_outside_read,evidence_only,none,no_reliable_value_after_search,evidence_only,none,no_reliable_value_after_search,Episode role assigned independently for total and low-income units.
UNITQ_DEV_NCA19920130,DEV_NCA19920130,NCA19929022,unresolved_pending_outside_read,unresolved_pending_outside_read,evidence_only,none,no_reliable_value_after_search,evidence_only,none,no_reliable_value_after_search,Episode role assigned independently for total and low-income units.
UNITQ_DEV_NCA19920130,DEV_NCA19920130,NCA19929023,unresolved_pending_outside_read,unresolved_pending_outside_read,evidence_only,none,no_reliable_value_after_search,evidence_only,none,no_reliable_value_after_search,Episode role assigned independently for total and low-income units.
UNITQ_DEV_NCA19920130,DEV_NCA19920130,NCA19929024,unresolved_pending_outside_read,unresolved_pending_outside_read,evidence_only,none,no_reliable_value_after_search,evidence_only,none,no_reliable_value_after_search,Episode role assigned independently for total and low-income units.
UNITQ_DEV_NCA19920130,DEV_NCA19920130,NCA19929025,unresolved_pending_outside_read,unresolved_pending_outside_read,evidence_only,none,no_reliable_value_after_search,evidence_only,none,no_reliable_value_after_search,Episode role assigned independently for total and low-income units.
UNITQ_DEV_NCA19920130,DEV_NCA19920130,NCA19929026,unresolved_pending_outside_read,unresolved_pending_outside_read,evidence_only,none,no_reliable_value_after_search,evidence_only,none,no_reliable_value_after_search,Episode role assigned independently for total and low-income units.
UNITQ_DEV_NCA19920130,DEV_NCA19920130,NCA19929027,unresolved_pending_outside_read,unresolved_pending_outside_read,evidence_only,none,no_reliable_value_after_search,evidence_only,none,no_reliable_value_after_search,Episode role assigned independently for total and low-income units.
UNITQ_DEV_NCA19920180,DEV_NCA19920180,NCA19920180,unresolved_pending_outside_read,unresolved_pending_outside_read,evidence_only,none,no_reliable_value_after_search,evidence_only,none,no_reliable_value_after_search,Episode role assigned independently for total and low-income units.
UNITQ_DEV_NCA19920180,DEV_NCA19920180,NCA19929031,unresolved_pending_outside_read,unresolved_pending_outside_read,evidence_only,none,no_reliable_value_after_search,evidence_only,none,no_reliable_value_after_search,Episode role assigned independently for total and low-income units.
UNITQ_DEV_NCA19920300,DEV_NCA19920300,NCA19920300,candidate_representative,candidate_representative,select_representative,reconciled_episode,selected_reporting_representative,select_representative,reconciled_episode,selected_reporting_representative,Episode role assigned independently for total and low-income units.
UNITQ_DEV_NCA19920300,DEV_NCA19920300,NCA19929054,candidate_duplicate,candidate_duplicate,exclude_duplicate,none,duplicate_reporting_excluded,exclude_duplicate,none,duplicate_reporting_excluded,Episode role assigned independently for total and low-income units.
UNITQ_DEV_NCA19920305,DEV_NCA19920305,NCA19920305,candidate_representative,candidate_representative,select_representative,reconciled_episode,selected_reporting_representative,select_representative,reconciled_episode,selected_reporting_representative,Episode role assigned independently for total and low-income units.
UNITQ_DEV_NCA19920305,DEV_NCA19920305,NCA19929055,candidate_duplicate,candidate_duplicate,exclude_duplicate,none,duplicate_reporting_excluded,exclude_duplicate,none,duplicate_reporting_excluded,Episode role assigned independently for total and low-income units.
UNITQ_DEV_NCA19920320,DEV_NCA19920320,NCA19920320,candidate_representative,candidate_representative,select_representative,reconciled_episode,selected_reporting_representative,select_representative,reconciled_episode,selected_reporting_representative,Episode role assigned independently for total and low-income units.
UNITQ_DEV_NCA19920320,DEV_NCA19920320,NCA19929058,candidate_duplicate,candidate_duplicate,exclude_duplicate,none,duplicate_reporting_excluded,exclude_duplicate,none,duplicate_reporting_excluded,Episode role assigned independently for total and low-income units.
UNITQ_DEV_NCA19920325,DEV_NCA19920325,NCA19920325,unresolved_pending_outside_read,unresolved_pending_outside_read,evidence_only,none,no_reliable_value_after_search,evidence_only,none,no_reliable_value_after_search,Episode role assigned independently for total and low-income units.
UNITQ_DEV_NCA19920325,DEV_NCA19920325,NCA19929083,unresolved_pending_outside_read,unresolved_pending_outside_read,evidence_only,none,no_reliable_value_after_search,evidence_only,none,no_reliable_value_after_search,Episode role assigned independently for total and low-income units.
UNITQ_DEV_NCA19920335,DEV_NCA19920335,NCA19920335,unresolved_pending_outside_read,unresolved_pending_outside_read,evidence_only,none,no_reliable_value_after_search,evidence_only,none,no_reliable_value_after_search,Episode role assigned independently for total and low-income units.
UNITQ_DEV_NCA19920335,DEV_NCA19920335,NCA19920340,unresolved_pending_outside_read,unresolved_pending_outside_read,evidence_only,none,no_reliable_value_after_search,evidence_only,none,no_reliable_value_after_search,Episode role assigned independently for total and low-income units.
UNITQ_DEV_NCA19920335,DEV_NCA19920335,NCA19929059,unresolved_pending_outside_read,unresolved_pending_outside_read,evidence_only,none,no_reliable_value_after_search,evidence_only,none,no_reliable_value_after_search,Episode role assigned independently for total and low-income units.
UNITQ_DEV_NCA19920335,DEV_NCA19920335,NCA19929060,unresolved_pending_outside_read,unresolved_pending_outside_read,evidence_only,none,no_reliable_value_after_search,evidence_only,none,no_reliable_value_after_search,Episode role assigned independently for total and low-income units.
UNITQ_DEV_NCA19920375,DEV_NCA19920375,NCA19920375,unresolved_pending_outside_read,unresolved_pending_outside_read,evidence_only,none,no_reliable_value_after_search,evidence_only,none,no_reliable_value_after_search,Episode role assigned independently for total and low-income units.
UNITQ_DEV_NCA19920375,DEV_NCA19920375,NCA19929066,unresolved_pending_outside_read,unresolved_pending_outside_read,evidence_only,none,no_reliable_value_after_search,evidence_only,none,no_reliable_value_after_search,Episode role assigned independently for total and low-income units.
UNITQ_DEV_NCA19920385,DEV_NCA19920385,NCA19920385,unresolved_pending_outside_read,unresolved_pending_outside_read,evidence_only,none,no_reliable_value_after_search,evidence_only,none,no_reliable_value_after_search,Episode role assigned independently for total and low-income units.
UNITQ_DEV_NCA19920385,DEV_NCA19920385,NCA19929067,unresolved_pending_outside_read,unresolved_pending_outside_read,evidence_only,none,no_reliable_value_after_search,evidence_only,none,no_reliable_value_after_search,Episode role assigned independently for total and low-income units.
UNITQ_DEV_NCA19920395,DEV_NCA19920395,NCA19920395,unresolved_pending_outside_read,unresolved_pending_outside_read,evidence_only,none,no_reliable_value_after_search,evidence_only,none,no_reliable_value_after_search,Episode role assigned independently for total and low-income units.
UNITQ_DEV_NCA19920395,DEV_NCA19920395,NCA19920400,unresolved_pending_outside_read,unresolved_pending_outside_read,evidence_only,none,no_reliable_value_after_search,evidence_only,none,no_reliable_value_after_search,Episode role assigned independently for total and low-income units.
UNITQ_DEV_NCA19920395,DEV_NCA19920395,NCA19920405,unresolved_pending_outside_read,unresolved_pending_outside_read,evidence_only,none,no_reliable_value_after_search,evidence_only,none,no_reliable_value_after_search,Episode role assigned independently for total and low-income units.
UNITQ_DEV_NCA19920395,DEV_NCA19920395,NCA19929069,unresolved_pending_outside_read,unresolved_pending_outside_read,evidence_only,none,no_reliable_value_after_search,evidence_only,none,no_reliable_value_after_search,Episode role assigned independently for total and low-income units.
UNITQ_DEV_NCA19920395,DEV_NCA19920395,NCA19929070,unresolved_pending_outside_read,unresolved_pending_outside_read,evidence_only,none,no_reliable_value_after_search,evidence_only,none,no_reliable_value_after_search,Episode role assigned independently for total and low-income units.
UNITQ_DEV_NCA19920395,DEV_NCA19920395,NCA19929071,unresolved_pending_outside_read,unresolved_pending_outside_read,evidence_only,none,no_reliable_value_after_search,evidence_only,none,no_reliable_value_after_search,Episode role assigned independently for total and low-income units.
UNITQ_DEV_NCA19920460,DEV_NCA19920460,NCA19920460,unresolved_pending_outside_read,unresolved_pending_outside_read,evidence_only,none,no_reliable_value_after_search,evidence_only,none,no_reliable_value_after_search,Episode role assigned independently for total and low-income units.
UNITQ_DEV_NCA19920460,DEV_NCA19920460,NCA19920465,unresolved_pending_outside_read,unresolved_pending_outside_read,evidence_only,none,no_reliable_value_after_search,evidence_only,none,no_reliable_value_after_search,Episode role assigned independently for total and low-income units.
UNITQ_DEV_NCA19920475,DEV_NCA19920475,NCA19920475,unresolved_pending_outside_read,unresolved_pending_outside_read,evidence_only,none,no_reliable_value_after_search,evidence_only,none,no_reliable_value_after_search,Episode role assigned independently for total and low-income units.
UNITQ_DEV_NCA19920475,DEV_NCA19920475,NCA19929095,unresolved_pending_outside_read,unresolved_pending_outside_read,evidence_only,none,no_reliable_value_after_search,evidence_only,none,no_reliable_value_after_search,Episode role assigned independently for total and low-income units.
UNITQ_DEV_NCA19920545,DEV_NCA19920545,NCA19920545,unresolved_pending_outside_read,unresolved_pending_outside_read,evidence_only,none,no_reliable_value_after_search,evidence_only,none,no_reliable_value_after_search,Episode role assigned independently for total and low-income units.
UNITQ_DEV_NCA19920545,DEV_NCA19920545,NCA19920550,unresolved_pending_outside_read,unresolved_pending_outside_read,evidence_only,none,no_reliable_value_after_search,evidence_only,none,no_reliable_value_after_search,Episode role assigned independently for total and low-income units.
UNITQ_DEV_NCA19920545,DEV_NCA19920545,NCA19920555,unresolved_pending_outside_read,unresolved_pending_outside_read,evidence_only,none,no_reliable_value_after_search,evidence_only,none,no_reliable_value_after_search,Episode role assigned independently for total and low-income units.
UNITQ_DEV_NCA19920545,DEV_NCA19920545,NCA19920560,unresolved_pending_outside_read,unresolved_pending_outside_read,evidence_only,none,no_reliable_value_after_search,evidence_only,none,no_reliable_value_after_search,Episode role assigned independently for total and low-income units.
UNITQ_DEV_NCA19920545,DEV_NCA19920545,NCA19920565,unresolved_pending_outside_read,unresolved_pending_outside_read,evidence_only,none,no_reliable_value_after_search,evidence_only,none,no_reliable_value_after_search,Episode role assigned independently for total and low-income units.
UNITQ_DEV_NCA19920545,DEV_NCA19920545,NCA19920570,unresolved_pending_outside_read,unresolved_pending_outside_read,evidence_only,none,no_reliable_value_after_search,evidence_only,none,no_reliable_value_after_search,Episode role assigned independently for total and low-income units.
UNITQ_DEV_NCA19920545,DEV_NCA19920545,NCA19920575,unresolved_pending_outside_read,unresolved_pending_outside_read,evidence_only,none,no_reliable_value_after_search,evidence_only,none,no_reliable_value_after_search,Episode role assigned independently for total and low-income units.
UNITQ_DEV_NCA19920545,DEV_NCA19920545,NCA19920580,unresolved_pending_outside_read,unresolved_pending_outside_read,evidence_only,none,no_reliable_value_after_search,evidence_only,none,no_reliable_value_after_search,Episode role assigned independently for total and low-income units.
UNITQ_DEV_NCA19920545,DEV_NCA19920545,NCA19920585,unresolved_pending_outside_read,unresolved_pending_outside_read,evidence_only,none,no_reliable_value_after_search,evidence_only,none,no_reliable_value_after_search,Episode role assigned independently for total and low-income units.
UNITQ_DEV_NCA19920545,DEV_NCA19920545,NCA19920595,unresolved_pending_outside_read,unresolved_pending_outside_read,evidence_only,none,no_reliable_value_after_search,evidence_only,none,no_reliable_value_after_search,Episode role assigned independently for total and low-income units.
UNITQ_DEV_NCA19920545,DEV_NCA19920545,NCA19920600,unresolved_pending_outside_read,unresolved_pending_outside_read,evidence_only,none,no_reliable_value_after_search,evidence_only,none,no_reliable_value_after_search,Episode role assigned independently for total and low-income units.
UNITQ_DEV_NCA19920545,DEV_NCA19920545,NCA19920605,unresolved_pending_outside_read,unresolved_pending_outside_read,evidence_only,none,no_reliable_value_after_search,evidence_only,none,no_reliable_value_after_search,Episode role assigned independently for total and low-income units.
UNITQ_DEV_NCA19920545,DEV_NCA19920545,NCA19920610,unresolved_pending_outside_read,unresolved_pending_outside_read,evidence_only,none,no_reliable_value_after_search,evidence_only,none,no_reliable_value_after_search,Episode role assigned independently for total and low-income units.
UNITQ_DEV_NCA19920545,DEV_NCA19920545,NCA19920615,unresolved_pending_outside_read,unresolved_pending_outside_read,evidence_only,none,no_reliable_value_after_search,evidence_only,none,no_reliable_value_after_search,Episode role assigned independently for total and low-income units.
UNITQ_DEV_NCA19920545,DEV_NCA19920545,NCA19920620,unresolved_pending_outside_read,unresolved_pending_outside_read,evidence_only,none,no_reliable_value_after_search,evidence_only,none,no_reliable_value_after_search,Episode role assigned independently for total and low-income units.
UNITQ_DEV_NCA19920545,DEV_NCA19920545,NCA19920625,unresolved_pending_outside_read,unresolved_pending_outside_read,evidence_only,none,no_reliable_value_after_search,evidence_only,none,no_reliable_value_after_search,Episode role assigned independently for total and low-income units.
UNITQ_DEV_NCA19920545,DEV_NCA19920545,NCA19920630,unresolved_pending_outside_read,unresolved_pending_outside_read,evidence_only,none,no_reliable_value_after_search,evidence_only,none,no_reliable_value_after_search,Episode role assigned independently for total and low-income units.
UNITQ_DEV_NCA19920545,DEV_NCA19920545,NCA19929108,unresolved_pending_outside_read,unresolved_pending_outside_read,evidence_only,none,no_reliable_value_after_search,evidence_only,none,no_reliable_value_after_search,Episode role assigned independently for total and low-income units.
UNITQ_DEV_NCA19920545,DEV_NCA19920545,NCA19929109,unresolved_pending_outside_read,unresolved_pending_outside_read,evidence_only,none,no_reliable_value_after_search,evidence_only,none,no_reliable_value_after_search,Episode role assigned independently for total and low-income units.
UNITQ_DEV_NCA19920545,DEV_NCA19920545,NCA19929113,unresolved_pending_outside_read,unresolved_pending_outside_read,evidence_only,none,no_reliable_value_after_search,evidence_only,none,no_reliable_value_after_search,Episode role assigned independently for total and low-income units.
UNITQ_DEV_NCA19920545,DEV_NCA19920545,NCA19929114,unresolved_pending_outside_read,unresolved_pending_outside_read,evidence_only,none,no_reliable_value_after_search,evidence_only,none,no_reliable_value_after_search,Episode role assigned independently for total and low-income units.
UNITQ_DEV_NCA19920545,DEV_NCA19920545,NCA19929116,unresolved_pending_outside_read,unresolved_pending_outside_read,evidence_only,none,no_reliable_value_after_search,evidence_only,none,no_reliable_value_after_search,Episode role assigned independently for total and low-income units.
UNITQ_DEV_NCA19920545,DEV_NCA19920545,NCA19929117,unresolved_pending_outside_read,unresolved_pending_outside_read,evidence_only,none,no_reliable_value_after_search,evidence_only,none,no_reliable_value_after_search,Episode role assigned independently for total and low-income units.
UNITQ_DEV_NCA19920545,DEV_NCA19920545,NCA19929118,unresolved_pending_outside_read,unresolved_pending_outside_read,evidence_only,none,no_reliable_value_after_search,evidence_only,none,no_reliable_value_after_search,Episode role assigned independently for total and low-income units.
UNITQ_DEV_NCA19920545,DEV_NCA19920545,NCA19929119,unresolved_pending_outside_read,unresolved_pending_outside_read,evidence_only,none,no_reliable_value_after_search,evidence_only,none,no_reliable_value_after_search,Episode role assigned independently for total and low-income units.
UNITQ_DEV_NCA19920545,DEV_NCA19920545,NCA19929120,unresolved_pending_outside_read,unresolved_pending_outside_read,evidence_only,none,no_reliable_value_after_search,evidence_only,none,no_reliable_value_after_search,Episode role assigned independently for total and low-income units.
UNITQ_DEV_NCA19920545,DEV_NCA19920545,NCA19929121,unresolved_pending_outside_read,unresolved_pending_outside_read,evidence_only,none,no_reliable_value_after_search,evidence_only,none,no_reliable_value_after_search,Episode role assigned independently for total and low-income units.
UNITQ_DEV_NCA19920545,DEV_NCA19920545,NCA19929122,unresolved_pending_outside_read,unresolved_pending_outside_read,evidence_only,none,no_reliable_value_after_search,evidence_only,none,no_reliable_value_after_search,Episode role assigned independently for total and low-income units.
UNITQ_DEV_NCA19920545,DEV_NCA19920545,NCA19929124,unresolved_pending_outside_read,unresolved_pending_outside_read,evidence_only,none,no_reliable_value_after_search,evidence_only,none,no_reliable_value_after_search,Episode role assigned independently for total and low-income units.
UNITQ_DEV_NCA19920545,DEV_NCA19920545,NCA19950015,unresolved_pending_outside_read,unresolved_pending_outside_read,evidence_only,none,no_reliable_value_after_search,evidence_only,none,no_reliable_value_after_search,Episode role assigned independently for total and low-income units.
UNITQ_DEV_NCA19930040,DEV_NCA19930040,NCA19930040,unresolved_pending_outside_read,unresolved_pending_outside_read,evidence_only,none,no_reliable_value_after_search,evidence_only,none,no_reliable_value_after_search,Episode role assigned independently for total and low-income units.
UNITQ_DEV_NCA19930040,DEV_NCA19930040,NCA19939005,unresolved_pending_outside_read,unresolved_pending_outside_read,evidence_only,none,no_reliable_value_after_search,evidence_only,none,no_reliable_value_after_search,Episode role assigned independently for total and low-income units.
UNITQ_DEV_NCA19930050,DEV_NCA19930050,NCA19930050,candidate_representative,candidate_representative,select_representative,reconciled_episode,selected_reporting_representative,select_representative,reconciled_episode,selected_reporting_representative,Episode role assigned independently for total and low-income units.
UNITQ_DEV_NCA19930050,DEV_NCA19930050,NCA19939007,candidate_duplicate,candidate_duplicate,exclude_duplicate,none,duplicate_reporting_excluded,exclude_duplicate,none,duplicate_reporting_excluded,Episode role assigned independently for total and low-income units.
UNITQ_DEV_NCA19930140,DEV_NCA19930140,NCA19930140,unresolved_pending_outside_read,unresolved_pending_outside_read,evidence_only,none,no_reliable_value_after_search,evidence_only,none,no_reliable_value_after_search,Episode role assigned independently for total and low-income units.
UNITQ_DEV_NCA19930140,DEV_NCA19930140,NCA19939020,unresolved_pending_outside_read,unresolved_pending_outside_read,evidence_only,none,no_reliable_value_after_search,evidence_only,none,no_reliable_value_after_search,Episode role assigned independently for total and low-income units.
UNITQ_DEV_NCA19930205,DEV_NCA19930205,NCA19930205,candidate_representative,candidate_representative,select_representative,reconciled_episode,selected_reporting_representative,select_representative,reconciled_episode,selected_reporting_representative,Episode role assigned independently for total and low-income units.
UNITQ_DEV_NCA19930205,DEV_NCA19930205,NCA19939029,candidate_duplicate,candidate_duplicate,exclude_duplicate,none,duplicate_reporting_excluded,exclude_duplicate,none,duplicate_reporting_excluded,Episode role assigned independently for total and low-income units.
UNITQ_DEV_NCA19930225,DEV_NCA19930225,NCA19930225,candidate_representative,candidate_representative,select_representative,reconciled_episode,selected_reporting_representative,select_representative,reconciled_episode,selected_reporting_representative,Episode role assigned independently for total and low-income units.
UNITQ_DEV_NCA19930225,DEV_NCA19930225,NCA19939049,candidate_duplicate,candidate_duplicate,exclude_duplicate,none,duplicate_reporting_excluded,exclude_duplicate,none,duplicate_reporting_excluded,Episode role assigned independently for total and low-income units.
UNITQ_DEV_NCA19930265,DEV_NCA19930265,NCA19930265,unresolved_pending_outside_read,unresolved_pending_outside_read,evidence_only,none,no_reliable_value_after_search,evidence_only,none,no_reliable_value_after_search,Episode role assigned independently for total and low-income units.
UNITQ_DEV_NCA19930265,DEV_NCA19930265,NCA19930270,unresolved_pending_outside_read,unresolved_pending_outside_read,evidence_only,none,no_reliable_value_after_search,evidence_only,none,no_reliable_value_after_search,Episode role assigned independently for total and low-income units.
UNITQ_DEV_NCA19930265,DEV_NCA19930265,NCA19930275,unresolved_pending_outside_read,unresolved_pending_outside_read,evidence_only,none,no_reliable_value_after_search,evidence_only,none,no_reliable_value_after_search,Episode role assigned independently for total and low-income units.
UNITQ_DEV_NCA19930265,DEV_NCA19930265,NCA19930280,unresolved_pending_outside_read,unresolved_pending_outside_read,evidence_only,none,no_reliable_value_after_search,evidence_only,none,no_reliable_value_after_search,Episode role assigned independently for total and low-income units.
UNITQ_DEV_NCA19930265,DEV_NCA19930265,NCA19930285,unresolved_pending_outside_read,unresolved_pending_outside_read,evidence_only,none,no_reliable_value_after_search,evidence_only,none,no_reliable_value_after_search,Episode role assigned independently for total and low-income units.
UNITQ_DEV_NCA19930265,DEV_NCA19930265,NCA19930290,unresolved_pending_outside_read,unresolved_pending_outside_read,evidence_only,none,no_reliable_value_after_search,evidence_only,none,no_reliable_value_after_search,Episode role assigned independently for total and low-income units.
UNITQ_DEV_NCA19930265,DEV_NCA19930265,NCA19930295,unresolved_pending_outside_read,unresolved_pending_outside_read,evidence_only,none,no_reliable_value_after_search,evidence_only,none,no_reliable_value_after_search,Episode role assigned independently for total and low-income units.
UNITQ_DEV_NCA19930265,DEV_NCA19930265,NCA19930300,unresolved_pending_outside_read,unresolved_pending_outside_read,evidence_only,none,no_reliable_value_after_search,evidence_only,none,no_reliable_value_after_search,Episode role assigned independently for total and low-income units.
UNITQ_DEV_NCA19930265,DEV_NCA19930265,NCA19930305,unresolved_pending_outside_read,unresolved_pending_outside_read,evidence_only,none,no_reliable_value_after_search,evidence_only,none,no_reliable_value_after_search,Episode role assigned independently for total and low-income units.
UNITQ_DEV_NCA19930265,DEV_NCA19930265,NCA19930310,unresolved_pending_outside_read,unresolved_pending_outside_read,evidence_only,none,no_reliable_value_after_search,evidence_only,none,no_reliable_value_after_search,Episode role assigned independently for total and low-income units.
UNITQ_DEV_NCA19930265,DEV_NCA19930265,NCA19939051,unresolved_pending_outside_read,unresolved_pending_outside_read,evidence_only,none,no_reliable_value_after_search,evidence_only,none,no_reliable_value_after_search,Episode role assigned independently for total and low-income units.
UNITQ_DEV_NCA19930265,DEV_NCA19930265,NCA19939056,unresolved_pending_outside_read,unresolved_pending_outside_read,evidence_only,none,no_reliable_value_after_search,evidence_only,none,no_reliable_value_after_search,Episode role assigned independently for total and low-income units.
UNITQ_DEV_NCA19930265,DEV_NCA19930265,NCA19939057,unresolved_pending_outside_read,unresolved_pending_outside_read,evidence_only,none,no_reliable_value_after_search,evidence_only,none,no_reliable_value_after_search,Episode role assigned independently for total and low-income units.
UNITQ_DEV_NCA19930265,DEV_NCA19930265,NCA19939058,unresolved_pending_outside_read,unresolved_pending_outside_read,evidence_only,none,no_reliable_value_after_search,evidence_only,none,no_reliable_value_after_search,Episode role assigned independently for total and low-income units.
UNITQ_DEV_NCA19930265,DEV_NCA19930265,NCA19939060,unresolved_pending_outside_read,unresolved_pending_outside_read,evidence_only,none,no_reliable_value_after_search,evidence_only,none,no_reliable_value_after_search,Episode role assigned independently for total and low-income units.
UNITQ_DEV_NCA19930265,DEV_NCA19930265,NCA19939062,unresolved_pending_outside_read,unresolved_pending_outside_read,evidence_only,none,no_reliable_value_after_search,evidence_only,none,no_reliable_value_after_search,Episode role assigned independently for total and low-income units.
UNITQ_DEV_NCA19930265,DEV_NCA19930265,NCA19939063,unresolved_pending_outside_read,unresolved_pending_outside_read,evidence_only,none,no_reliable_value_after_search,evidence_only,none,no_reliable_value_after_search,Episode role assigned independently for total and low-income units.
UNITQ_DEV_NCA19930265,DEV_NCA19930265,NCA19939064,unresolved_pending_outside_read,unresolved_pending_outside_read,evidence_only,none,no_reliable_value_after_search,evidence_only,none,no_reliable_value_after_search,Episode role assigned independently for total and low-income units.
UNITQ_DEV_NCA19930370,DEV_NCA19930370,NCA19930370,candidate_representative,candidate_representative,select_representative,reconciled_episode,selected_reporting_representative,select_representative,reconciled_episode,selected_reporting_representative,Episode role assigned independently for total and low-income units.
UNITQ_DEV_NCA19930370,DEV_NCA19930370,NCA19939053,candidate_duplicate,candidate_duplicate,exclude_duplicate,none,duplicate_reporting_excluded,exclude_duplicate,none,duplicate_reporting_excluded,Episode role assigned independently for total and low-income units.
UNITQ_DEV_NCA19930380,DEV_NCA19930380,NCA19930380,candidate_representative,candidate_representative,select_representative,reconciled_episode,selected_reporting_representative,select_representative,reconciled_episode,selected_reporting_representative,Episode role assigned independently for total and low-income units.
UNITQ_DEV_NCA19930380,DEV_NCA19930380,NCA19939075,candidate_duplicate,candidate_duplicate,exclude_duplicate,none,duplicate_reporting_excluded,exclude_duplicate,none,duplicate_reporting_excluded,Episode role assigned independently for total and low-income units.
UNITQ_DEV_NCA19940030,DEV_NCA19940030,NCA19940030,candidate_representative,candidate_representative,select_representative,reconciled_episode,selected_reporting_representative,select_representative,reconciled_episode,selected_reporting_representative,Episode role assigned independently for total and low-income units.
UNITQ_DEV_NCA19940030,DEV_NCA19940030,NCA19949004,candidate_duplicate,candidate_duplicate,exclude_duplicate,none,duplicate_reporting_excluded,exclude_duplicate,none,duplicate_reporting_excluded,Episode role assigned independently for total and low-income units.
UNITQ_DEV_NCA19940110,DEV_NCA19940110,NCA19940110,candidate_representative,candidate_representative,select_representative,reconciled_episode,selected_reporting_representative,select_representative,reconciled_episode,selected_reporting_representative,Episode role assigned independently for total and low-income units.
UNITQ_DEV_NCA19940110,DEV_NCA19940110,NCA19949017,candidate_duplicate,candidate_duplicate,exclude_duplicate,none,duplicate_reporting_excluded,exclude_duplicate,none,duplicate_reporting_excluded,Episode role assigned independently for total and low-income units.
UNITQ_DEV_NCA19940125,DEV_NCA19940125,NCA19940125,candidate_representative,candidate_representative,select_representative,reconciled_episode,selected_reporting_representative,select_representative,reconciled_episode,selected_reporting_representative,Episode role assigned independently for total and low-income units.
UNITQ_DEV_NCA19940125,DEV_NCA19940125,NCA19949020,candidate_duplicate,candidate_duplicate,exclude_duplicate,none,duplicate_reporting_excluded,exclude_duplicate,none,duplicate_reporting_excluded,Episode role assigned independently for total and low-income units.
UNITQ_DEV_NCA19940140,DEV_NCA19940140,NCA19940140,unresolved_pending_outside_read,unresolved_pending_outside_read,evidence_only,none,no_reliable_value_after_search,evidence_only,none,no_reliable_value_after_search,The HUD episode remains preserved as source evidence. Member roles govern only the static physical-development unit value.
UNITQ_DEV_NCA19940140,DEV_NCA19940140,NCA19949090,unresolved_pending_outside_read,unresolved_pending_outside_read,evidence_only,none,no_reliable_value_after_search,evidence_only,none,no_reliable_value_after_search,The HUD episode remains preserved as source evidence. Member roles govern only the static physical-development unit value.
UNITQ_DEV_NCA19940165,DEV_NCA19940165,NCA19940165,unresolved_pending_outside_read,unresolved_pending_outside_read,evidence_only,none,no_reliable_value_after_search,evidence_only,none,no_reliable_value_after_search,Episode role assigned independently for total and low-income units.
UNITQ_DEV_NCA19940165,DEV_NCA19940165,NCA19949027,unresolved_pending_outside_read,unresolved_pending_outside_read,evidence_only,none,no_reliable_value_after_search,evidence_only,none,no_reliable_value_after_search,Episode role assigned independently for total and low-income units.
UNITQ_DEV_NCA19940180,DEV_NCA19940180,NCA19940180,unresolved_pending_outside_read,unresolved_pending_outside_read,evidence_only,none,no_reliable_value_after_search,evidence_only,none,no_reliable_value_after_search,Episode role assigned independently for total and low-income units.
UNITQ_DEV_NCA19940180,DEV_NCA19940180,NCA19949029,unresolved_pending_outside_read,unresolved_pending_outside_read,evidence_only,none,no_reliable_value_after_search,evidence_only,none,no_reliable_value_after_search,Episode role assigned independently for total and low-income units.
UNITQ_DEV_NCA19940185,DEV_NCA19940185,NCA19940185,unresolved_pending_outside_read,unresolved_pending_outside_read,evidence_only,none,no_reliable_value_after_search,evidence_only,none,no_reliable_value_after_search,Episode role assigned independently for total and low-income units.
UNITQ_DEV_NCA19940185,DEV_NCA19940185,NCA19949030,unresolved_pending_outside_read,unresolved_pending_outside_read,evidence_only,none,no_reliable_value_after_search,evidence_only,none,no_reliable_value_after_search,Episode role assigned independently for total and low-income units.
UNITQ_DEV_NCA19940190,DEV_NCA19940190,NCA19940190,unresolved_pending_outside_read,unresolved_pending_outside_read,evidence_only,none,no_reliable_value_after_search,evidence_only,none,no_reliable_value_after_search,Episode role assigned independently for total and low-income units.
UNITQ_DEV_NCA19940190,DEV_NCA19940190,NCA19949031,unresolved_pending_outside_read,unresolved_pending_outside_read,evidence_only,none,no_reliable_value_after_search,evidence_only,none,no_reliable_value_after_search,Episode role assigned independently for total and low-income units.
UNITQ_DEV_NCA19940195,DEV_NCA19940195,NCA19940195,candidate_representative,candidate_representative,select_representative,reconciled_episode,selected_reporting_representative,select_representative,reconciled_episode,selected_reporting_representative,Episode role assigned independently for total and low-income units.
UNITQ_DEV_NCA19940195,DEV_NCA19940195,NCA19949032,candidate_duplicate,candidate_duplicate,exclude_duplicate,none,duplicate_reporting_excluded,exclude_duplicate,none,duplicate_reporting_excluded,Episode role assigned independently for total and low-income units.
UNITQ_DEV_NCA19940205,DEV_NCA19940205,NCA19940205,unresolved_pending_outside_read,unresolved_pending_outside_read,evidence_only,none,no_reliable_value_after_search,evidence_only,none,no_reliable_value_after_search,Episode role assigned independently for total and low-income units.
UNITQ_DEV_NCA19940205,DEV_NCA19940205,NCA19949034,unresolved_pending_outside_read,unresolved_pending_outside_read,evidence_only,none,no_reliable_value_after_search,evidence_only,none,no_reliable_value_after_search,Episode role assigned independently for total and low-income units.
UNITQ_DEV_NCA19940225,DEV_NCA19940225,NCA19940225,candidate_representative,candidate_representative,select_representative,reconciled_episode,selected_reporting_representative,select_representative,reconciled_episode,selected_reporting_representative,Episode role assigned independently for total and low-income units.
UNITQ_DEV_NCA19940225,DEV_NCA19940225,NCA19949038,candidate_duplicate,candidate_duplicate,exclude_duplicate,none,duplicate_reporting_excluded,exclude_duplicate,none,duplicate_reporting_excluded,Episode role assigned independently for total and low-income units.
UNITQ_DEV_NCA19940235,DEV_NCA19940235,NCA19940235,candidate_representative,candidate_representative,select_representative,reconciled_episode,selected_reporting_representative,select_representative,reconciled_episode,selected_reporting_representative,Episode role assigned independently for total and low-income units.
UNITQ_DEV_NCA19940235,DEV_NCA19940235,NCA19949040,candidate_duplicate,candidate_duplicate,exclude_duplicate,none,duplicate_reporting_excluded,exclude_duplicate,none,duplicate_reporting_excluded,Episode role assigned independently for total and low-income units.
UNITQ_DEV_NCA19940270,DEV_NCA19940270,NCA19940270,candidate_representative,candidate_representative,select_representative,reconciled_episode,selected_reporting_representative,select_representative,reconciled_episode,selected_reporting_representative,Episode role assigned independently for total and low-income units.
UNITQ_DEV_NCA19940270,DEV_NCA19940270,NCA19949047,candidate_duplicate,candidate_duplicate,exclude_duplicate,none,duplicate_reporting_excluded,exclude_duplicate,none,duplicate_reporting_excluded,Episode role assigned independently for total and low-income units.
UNITQ_DEV_NCA19940355,DEV_NCA19940355,NCA19940355,candidate_representative,candidate_representative,select_representative,reconciled_episode,selected_reporting_representative,select_representative,reconciled_episode,selected_reporting_representative,Episode role assigned independently for total and low-income units.
UNITQ_DEV_NCA19940355,DEV_NCA19940355,NCA19949063,candidate_duplicate,candidate_duplicate,exclude_duplicate,none,duplicate_reporting_excluded,exclude_duplicate,none,duplicate_reporting_excluded,Episode role assigned independently for total and low-income units.
UNITQ_DEV_NCA19940360,DEV_NCA19940360,NCA19940360,candidate_representative,candidate_representative,select_representative,reconciled_episode,selected_reporting_representative,select_representative,reconciled_episode,selected_reporting_representative,Episode role assigned independently for total and low-income units.
UNITQ_DEV_NCA19940360,DEV_NCA19940360,NCA19949091,candidate_duplicate,candidate_duplicate,exclude_duplicate,none,duplicate_reporting_excluded,exclude_duplicate,none,duplicate_reporting_excluded,Episode role assigned independently for total and low-income units.
UNITQ_DEV_NCA19940430,DEV_NCA19940430,NCA19940430,candidate_representative,candidate_representative,select_representative,reconciled_episode,selected_reporting_representative,select_representative,reconciled_episode,selected_reporting_representative,Episode role assigned independently for total and low-income units.
UNITQ_DEV_NCA19940430,DEV_NCA19940430,NCA19949074,candidate_duplicate,candidate_duplicate,exclude_duplicate,none,duplicate_reporting_excluded,exclude_duplicate,none,duplicate_reporting_excluded,Episode role assigned independently for total and low-income units.
UNITQ_DEV_NCA19940550,DEV_NCA19940550,NCA19940550,candidate_representative,candidate_representative,select_representative,reconciled_episode,selected_reporting_representative,select_representative,reconciled_episode,selected_reporting_representative,Episode role assigned independently for total and low-income units.
UNITQ_DEV_NCA19940550,DEV_NCA19940550,NCA19949110,candidate_duplicate,candidate_duplicate,exclude_duplicate,none,duplicate_reporting_excluded,exclude_duplicate,none,duplicate_reporting_excluded,Episode role assigned independently for total and low-income units.
UNITQ_DEV_NCA19950010,DEV_NCA19950010,NCA19950010,unresolved_pending_outside_read,unresolved_pending_outside_read,evidence_only,none,no_reliable_value_after_search,evidence_only,none,no_reliable_value_after_search,Episode role assigned independently for total and low-income units.
UNITQ_DEV_NCA19950010,DEV_NCA19950010,NCA19959002,unresolved_pending_outside_read,unresolved_pending_outside_read,evidence_only,none,no_reliable_value_after_search,evidence_only,none,no_reliable_value_after_search,Episode role assigned independently for total and low-income units.
UNITQ_DEV_NCA19950035,DEV_NCA19950035,NCA19950035,candidate_representative,candidate_representative,select_representative,reconciled_episode,selected_reporting_representative,select_representative,reconciled_episode,selected_reporting_representative,Episode role assigned independently for total and low-income units.
UNITQ_DEV_NCA19950035,DEV_NCA19950035,NCA19959006,candidate_duplicate,candidate_duplicate,exclude_duplicate,none,duplicate_reporting_excluded,exclude_duplicate,none,duplicate_reporting_excluded,Episode role assigned independently for total and low-income units.
UNITQ_DEV_NCA19950040,DEV_NCA19950040,NCA19950040,candidate_representative,candidate_representative,select_representative,reconciled_episode,selected_reporting_representative,select_representative,reconciled_episode,selected_reporting_representative,Episode role assigned independently for total and low-income units.
UNITQ_DEV_NCA19950040,DEV_NCA19950040,NCA19959007,candidate_duplicate,candidate_duplicate,exclude_duplicate,none,duplicate_reporting_excluded,exclude_duplicate,none,duplicate_reporting_excluded,Episode role assigned independently for total and low-income units.
UNITQ_DEV_NCA19950045,DEV_NCA19950045,NCA19950045,candidate_representative,candidate_representative,select_representative,reconciled_episode,selected_reporting_representative,select_representative,reconciled_episode,selected_reporting_representative,Episode role assigned independently for total and low-income units.
UNITQ_DEV_NCA19950045,DEV_NCA19950045,NCA19959008,candidate_duplicate,candidate_duplicate,exclude_duplicate,none,duplicate_reporting_excluded,exclude_duplicate,none,duplicate_reporting_excluded,Episode role assigned independently for total and low-income units.
UNITQ_DEV_NCA19950050,DEV_NCA19950050,NCA19950050,candidate_representative,candidate_representative,select_representative,reconciled_episode,selected_reporting_representative,select_representative,reconciled_episode,selected_reporting_representative,Episode role assigned independently for total and low-income units.
UNITQ_DEV_NCA19950050,DEV_NCA19950050,NCA19959009,candidate_duplicate,candidate_duplicate,exclude_duplicate,none,duplicate_reporting_excluded,exclude_duplicate,none,duplicate_reporting_excluded,Episode role assigned independently for total and low-income units.
UNITQ_DEV_NCA19950055,DEV_NCA19950055,NCA19950055,candidate_representative,candidate_representative,select_representative,reconciled_episode,selected_reporting_representative,select_representative,reconciled_episode,selected_reporting_representative,Episode role assigned independently for total and low-income units.
UNITQ_DEV_NCA19950055,DEV_NCA19950055,NCA19959010,candidate_duplicate,candidate_duplicate,exclude_duplicate,none,duplicate_reporting_excluded,exclude_duplicate,none,duplicate_reporting_excluded,Episode role assigned independently for total and low-income units.
UNITQ_DEV_NCA19950060,DEV_NCA19950060,NCA19950060,candidate_representative,candidate_representative,select_representative,reconciled_episode,selected_reporting_representative,select_representative,reconciled_episode,selected_reporting_representative,Episode role assigned independently for total and low-income units.
UNITQ_DEV_NCA19950060,DEV_NCA19950060,NCA19959011,candidate_duplicate,candidate_duplicate,exclude_duplicate,none,duplicate_reporting_excluded,exclude_duplicate,none,duplicate_reporting_excluded,Episode role assigned independently for total and low-income units.
UNITQ_DEV_NCA19950065,DEV_NCA19950065,NCA19950065,candidate_representative,candidate_representative,select_representative,reconciled_episode,selected_reporting_representative,select_representative,reconciled_episode,selected_reporting_representative,Episode role assigned independently for total and low-income units.
UNITQ_DEV_NCA19950065,DEV_NCA19950065,NCA19959012,candidate_duplicate,candidate_duplicate,exclude_duplicate,none,duplicate_reporting_excluded,exclude_duplicate,none,duplicate_reporting_excluded,Episode role assigned independently for total and low-income units.
UNITQ_DEV_NCA19950070,DEV_NCA19950070,NCA19950070,candidate_representative,candidate_representative,select_representative,reconciled_episode,selected_reporting_representative,select_representative,reconciled_episode,selected_reporting_representative,Episode role assigned independently for total and low-income units.
UNITQ_DEV_NCA19950070,DEV_NCA19950070,NCA19959013,candidate_duplicate,candidate_duplicate,exclude_duplicate,none,duplicate_reporting_excluded,exclude_duplicate,none,duplicate_reporting_excluded,Episode role assigned independently for total and low-income units.
UNITQ_DEV_NCA19950075,DEV_NCA19950075,NCA19950075,candidate_representative,candidate_representative,select_representative,reconciled_episode,selected_reporting_representative,select_representative,reconciled_episode,selected_reporting_representative,Episode role assigned independently for total and low-income units.
UNITQ_DEV_NCA19950075,DEV_NCA19950075,NCA19959014,candidate_duplicate,candidate_duplicate,exclude_duplicate,none,duplicate_reporting_excluded,exclude_duplicate,none,duplicate_reporting_excluded,Episode role assigned independently for total and low-income units.
UNITQ_DEV_NCA19950080,DEV_NCA19950080,NCA19950080,candidate_representative,candidate_representative,select_representative,reconciled_episode,selected_reporting_representative,select_representative,reconciled_episode,selected_reporting_representative,Episode role assigned independently for total and low-income units.
UNITQ_DEV_NCA19950080,DEV_NCA19950080,NCA19959015,candidate_duplicate,candidate_duplicate,exclude_duplicate,none,duplicate_reporting_excluded,exclude_duplicate,none,duplicate_reporting_excluded,Episode role assigned independently for total and low-income units.
UNITQ_DEV_NCA19950085,DEV_NCA19950085,NCA19950085,candidate_representative,candidate_representative,select_representative,reconciled_episode,selected_reporting_representative,select_representative,reconciled_episode,selected_reporting_representative,Episode role assigned independently for total and low-income units.
UNITQ_DEV_NCA19950085,DEV_NCA19950085,NCA19959016,candidate_duplicate,candidate_duplicate,exclude_duplicate,none,duplicate_reporting_excluded,exclude_duplicate,none,duplicate_reporting_excluded,Episode role assigned independently for total and low-income units.
UNITQ_DEV_NCA19950090,DEV_NCA19950090,NCA19950090,candidate_representative,candidate_representative,select_representative,reconciled_episode,selected_reporting_representative,select_representative,reconciled_episode,selected_reporting_representative,Episode role assigned independently for total and low-income units.
UNITQ_DEV_NCA19950090,DEV_NCA19950090,NCA19959017,candidate_duplicate,candidate_duplicate,exclude_duplicate,none,duplicate_reporting_excluded,exclude_duplicate,none,duplicate_reporting_excluded,Episode role assigned independently for total and low-income units.
UNITQ_DEV_NCA19950095,DEV_NCA19950095,NCA19950095,candidate_representative,candidate_representative,select_representative,reconciled_episode,selected_reporting_representative,select_representative,reconciled_episode,selected_reporting_representative,Episode role assigned independently for total and low-income units.
UNITQ_DEV_NCA19950095,DEV_NCA19950095,NCA19959018,candidate_duplicate,candidate_duplicate,exclude_duplicate,none,duplicate_reporting_excluded,exclude_duplicate,none,duplicate_reporting_excluded,Episode role assigned independently for total and low-income units.
UNITQ_DEV_NCA19950100,DEV_NCA19950100,NCA19950100,candidate_representative,candidate_representative,select_representative,reconciled_episode,selected_reporting_representative,select_representative,reconciled_episode,selected_reporting_representative,Episode role assigned independently for total and low-income units.
UNITQ_DEV_NCA19950100,DEV_NCA19950100,NCA19959019,candidate_duplicate,candidate_duplicate,exclude_duplicate,none,duplicate_reporting_excluded,exclude_duplicate,none,duplicate_reporting_excluded,Episode role assigned independently for total and low-income units.
UNITQ_DEV_NCA19950105,DEV_NCA19950105,NCA19950105,candidate_representative,candidate_representative,select_representative,reconciled_episode,selected_reporting_representative,select_representative,reconciled_episode,selected_reporting_representative,Episode role assigned independently for total and low-income units.
UNITQ_DEV_NCA19950105,DEV_NCA19950105,NCA19959020,candidate_duplicate,candidate_duplicate,exclude_duplicate,none,duplicate_reporting_excluded,exclude_duplicate,none,duplicate_reporting_excluded,Episode role assigned independently for total and low-income units.
UNITQ_DEV_NCA19950110,DEV_NCA19950110,NCA19950110,candidate_representative,candidate_representative,select_representative,reconciled_episode,selected_reporting_representative,select_representative,reconciled_episode,selected_reporting_representative,Episode role assigned independently for total and low-income units.
UNITQ_DEV_NCA19950110,DEV_NCA19950110,NCA19959021,candidate_duplicate,candidate_duplicate,exclude_duplicate,none,duplicate_reporting_excluded,exclude_duplicate,none,duplicate_reporting_excluded,Episode role assigned independently for total and low-income units.
UNITQ_DEV_NCA19950120,DEV_NCA19950120,NCA19950120,candidate_representative,candidate_representative,select_representative,reconciled_episode,selected_reporting_representative,select_representative,reconciled_episode,selected_reporting_representative,Episode role assigned independently for total and low-income units.
UNITQ_DEV_NCA19950120,DEV_NCA19950120,NCA19959023,candidate_duplicate,candidate_duplicate,exclude_duplicate,none,duplicate_reporting_excluded,exclude_duplicate,none,duplicate_reporting_excluded,Episode role assigned independently for total and low-income units.
UNITQ_DEV_NCA19950125,DEV_NCA19950125,NCA19950125,candidate_representative,candidate_representative,select_representative,reconciled_episode,selected_reporting_representative,select_representative,reconciled_episode,selected_reporting_representative,Episode role assigned independently for total and low-income units.
UNITQ_DEV_NCA19950125,DEV_NCA19950125,NCA19959024,candidate_duplicate,candidate_duplicate,exclude_duplicate,none,duplicate_reporting_excluded,exclude_duplicate,none,duplicate_reporting_excluded,Episode role assigned independently for total and low-income units.
UNITQ_DEV_NCA19950130,DEV_NCA19950130,NCA19950130,candidate_representative,candidate_representative,select_representative,reconciled_episode,selected_reporting_representative,select_representative,reconciled_episode,selected_reporting_representative,Episode role assigned independently for total and low-income units.
UNITQ_DEV_NCA19950130,DEV_NCA19950130,NCA19959025,candidate_duplicate,candidate_duplicate,exclude_duplicate,none,duplicate_reporting_excluded,exclude_duplicate,none,duplicate_reporting_excluded,Episode role assigned independently for total and low-income units.
UNITQ_DEV_NCA19950140,DEV_NCA19950140,NCA19950140,candidate_representative,candidate_representative,select_representative,reconciled_episode,selected_reporting_representative,select_representative,reconciled_episode,selected_reporting_representative,Episode role assigned independently for total and low-income units.
UNITQ_DEV_NCA19950140,DEV_NCA19950140,NCA19959027,candidate_duplicate,candidate_duplicate,exclude_duplicate,none,duplicate_reporting_excluded,exclude_duplicate,none,duplicate_reporting_excluded,Episode role assigned independently for total and low-income units.
UNITQ_DEV_NCA19950145,DEV_NCA19950145,NCA19950145,candidate_representative,candidate_representative,select_representative,reconciled_episode,selected_reporting_representative,select_representative,reconciled_episode,selected_reporting_representative,Episode role assigned independently for total and low-income units.
UNITQ_DEV_NCA19950145,DEV_NCA19950145,NCA19959028,candidate_duplicate,candidate_duplicate,exclude_duplicate,none,duplicate_reporting_excluded,exclude_duplicate,none,duplicate_reporting_excluded,Episode role assigned independently for total and low-income units.
UNITQ_DEV_NCA19950150,DEV_NCA19950150,NCA19950150,candidate_representative,candidate_representative,select_representative,reconciled_episode,selected_reporting_representative,select_representative,reconciled_episode,selected_reporting_representative,Episode role assigned independently for total and low-income units.
UNITQ_DEV_NCA19950150,DEV_NCA19950150,NCA19959029,candidate_duplicate,candidate_duplicate,exclude_duplicate,none,duplicate_reporting_excluded,exclude_duplicate,none,duplicate_reporting_excluded,Episode role assigned independently for total and low-income units.
UNITQ_DEV_NCA19950155,DEV_NCA19950155,NCA19950155,candidate_representative,candidate_representative,select_representative,reconciled_episode,selected_reporting_representative,select_representative,reconciled_episode,selected_reporting_representative,Episode role assigned independently for total and low-income units.
UNITQ_DEV_NCA19950155,DEV_NCA19950155,NCA19959030,candidate_duplicate,candidate_duplicate,exclude_duplicate,none,duplicate_reporting_excluded,exclude_duplicate,none,duplicate_reporting_excluded,Episode role assigned independently for total and low-income units.
UNITQ_DEV_NCA19950160,DEV_NCA19950160,NCA19950160,candidate_representative,candidate_representative,select_representative,reconciled_episode,selected_reporting_representative,select_representative,reconciled_episode,selected_reporting_representative,Episode role assigned independently for total and low-income units.
UNITQ_DEV_NCA19950160,DEV_NCA19950160,NCA19959031,candidate_duplicate,candidate_duplicate,exclude_duplicate,none,duplicate_reporting_excluded,exclude_duplicate,none,duplicate_reporting_excluded,Episode role assigned independently for total and low-income units.
UNITQ_DEV_NCA19950165,DEV_NCA19950165,NCA19950165,candidate_representative,candidate_representative,select_representative,reconciled_episode,selected_reporting_representative,select_representative,reconciled_episode,selected_reporting_representative,Episode role assigned independently for total and low-income units.
UNITQ_DEV_NCA19950165,DEV_NCA19950165,NCA19959032,candidate_duplicate,candidate_duplicate,exclude_duplicate,none,duplicate_reporting_excluded,exclude_duplicate,none,duplicate_reporting_excluded,Episode role assigned independently for total and low-income units.
UNITQ_DEV_NCA19950170,DEV_NCA19950170,NCA19950170,candidate_representative,candidate_representative,select_representative,reconciled_episode,selected_reporting_representative,select_representative,reconciled_episode,selected_reporting_representative,Episode role assigned independently for total and low-income units.
UNITQ_DEV_NCA19950170,DEV_NCA19950170,NCA19959033,candidate_duplicate,candidate_duplicate,exclude_duplicate,none,duplicate_reporting_excluded,exclude_duplicate,none,duplicate_reporting_excluded,Episode role assigned independently for total and low-income units.
UNITQ_DEV_NCA19950175,DEV_NCA19950175,NCA19950175,candidate_representative,candidate_representative,select_representative,reconciled_episode,selected_reporting_representative,select_representative,reconciled_episode,selected_reporting_representative,Episode role assigned independently for total and low-income units.
UNITQ_DEV_NCA19950175,DEV_NCA19950175,NCA19959034,candidate_duplicate,candidate_duplicate,exclude_duplicate,none,duplicate_reporting_excluded,exclude_duplicate,none,duplicate_reporting_excluded,Episode role assigned independently for total and low-income units.
UNITQ_DEV_NCA19950180,DEV_NCA19950180,NCA19950180,candidate_representative,candidate_representative,select_representative,reconciled_episode,selected_reporting_representative,select_representative,reconciled_episode,selected_reporting_representative,Episode role assigned independently for total and low-income units.
UNITQ_DEV_NCA19950180,DEV_NCA19950180,NCA19959035,candidate_duplicate,candidate_duplicate,exclude_duplicate,none,duplicate_reporting_excluded,exclude_duplicate,none,duplicate_reporting_excluded,Episode role assigned independently for total and low-income units.
UNITQ_DEV_NCA19950185,DEV_NCA19950185,NCA19950185,unresolved_pending_outside_read,unresolved_pending_outside_read,evidence_only,none,no_reliable_value_after_search,evidence_only,none,no_reliable_value_after_search,Episode role assigned independently for total and low-income units.
UNITQ_DEV_NCA19950185,DEV_NCA19950185,NCA19959036,unresolved_pending_outside_read,unresolved_pending_outside_read,evidence_only,none,no_reliable_value_after_search,evidence_only,none,no_reliable_value_after_search,Episode role assigned independently for total and low-income units.
UNITQ_DEV_NCA19950205,DEV_NCA19950205,NCA19950205,unresolved_pending_outside_read,unresolved_pending_outside_read,evidence_only,none,no_reliable_value_after_search,evidence_only,none,no_reliable_value_after_search,Episode role assigned independently for total and low-income units.
UNITQ_DEV_NCA19950205,DEV_NCA19950205,NCA19959039,unresolved_pending_outside_read,unresolved_pending_outside_read,evidence_only,none,no_reliable_value_after_search,evidence_only,none,no_reliable_value_after_search,Episode role assigned independently for total and low-income units.
UNITQ_DEV_NCA19950215,DEV_NCA19950215,NCA19950215,candidate_representative,candidate_representative,select_representative,reconciled_episode,selected_reporting_representative,select_representative,reconciled_episode,selected_reporting_representative,Episode role assigned independently for total and low-income units.
UNITQ_DEV_NCA19950215,DEV_NCA19950215,NCA19959041,candidate_duplicate,candidate_duplicate,exclude_duplicate,none,duplicate_reporting_excluded,exclude_duplicate,none,duplicate_reporting_excluded,Episode role assigned independently for total and low-income units.
UNITQ_DEV_NCA19950220,DEV_NCA19950220,NCA19950220,candidate_representative,candidate_representative,select_representative,reconciled_episode,selected_reporting_representative,select_representative,reconciled_episode,selected_reporting_representative,Episode role assigned independently for total and low-income units.
UNITQ_DEV_NCA19950220,DEV_NCA19950220,NCA19959042,candidate_duplicate,candidate_duplicate,exclude_duplicate,none,duplicate_reporting_excluded,exclude_duplicate,none,duplicate_reporting_excluded,Episode role assigned independently for total and low-income units.
UNITQ_DEV_NCA19950225,DEV_NCA19950225,NCA19950225,unresolved_pending_outside_read,unresolved_pending_outside_read,evidence_only,none,no_reliable_value_after_search,evidence_only,none,no_reliable_value_after_search,Episode role assigned independently for total and low-income units.
UNITQ_DEV_NCA19950225,DEV_NCA19950225,NCA19959043,unresolved_pending_outside_read,unresolved_pending_outside_read,evidence_only,none,no_reliable_value_after_search,evidence_only,none,no_reliable_value_after_search,Episode role assigned independently for total and low-income units.
UNITQ_DEV_NCA19950230,DEV_NCA19950230,NCA19950230,unresolved_pending_outside_read,unresolved_pending_outside_read,evidence_only,none,no_reliable_value_after_search,evidence_only,none,no_reliable_value_after_search,Episode role assigned independently for total and low-income units.
UNITQ_DEV_NCA19950230,DEV_NCA19950230,NCA19959044,unresolved_pending_outside_read,unresolved_pending_outside_read,evidence_only,none,no_reliable_value_after_search,evidence_only,none,no_reliable_value_after_search,Episode role assigned independently for total and low-income units.
UNITQ_DEV_NCA19950240,DEV_NCA19950240,NCA19950240,candidate_representative,candidate_representative,select_representative,reconciled_episode,selected_reporting_representative,select_representative,reconciled_episode,selected_reporting_representative,Episode role assigned independently for total and low-income units.
UNITQ_DEV_NCA19950240,DEV_NCA19950240,NCA19959047,candidate_duplicate,candidate_duplicate,exclude_duplicate,none,duplicate_reporting_excluded,exclude_duplicate,none,duplicate_reporting_excluded,Episode role assigned independently for total and low-income units.
UNITQ_DEV_NCA19950275,DEV_NCA19950275,NCA19950275,candidate_representative,candidate_representative,select_representative,reconciled_episode,selected_reporting_representative,select_representative,reconciled_episode,selected_reporting_representative,Episode role assigned independently for total and low-income units.
UNITQ_DEV_NCA19950275,DEV_NCA19950275,NCA19959052,candidate_duplicate,candidate_duplicate,exclude_duplicate,none,duplicate_reporting_excluded,exclude_duplicate,none,duplicate_reporting_excluded,Episode role assigned independently for total and low-income units.
UNITQ_DEV_NCA19950280,DEV_NCA19950280,NCA19950280,candidate_representative,candidate_representative,select_representative,reconciled_episode,selected_reporting_representative,select_representative,reconciled_episode,selected_reporting_representative,Episode role assigned independently for total and low-income units.
UNITQ_DEV_NCA19950280,DEV_NCA19950280,NCA19959053,candidate_duplicate,candidate_duplicate,exclude_duplicate,none,duplicate_reporting_excluded,exclude_duplicate,none,duplicate_reporting_excluded,Episode role assigned independently for total and low-income units.
UNITQ_DEV_NCA19950285,DEV_NCA19950285,NCA19950285,candidate_representative,candidate_representative,select_representative,reconciled_episode,selected_reporting_representative,select_representative,reconciled_episode,selected_reporting_representative,Episode role assigned independently for total and low-income units.
UNITQ_DEV_NCA19950285,DEV_NCA19950285,NCA19959054,candidate_duplicate,candidate_duplicate,exclude_duplicate,none,duplicate_reporting_excluded,exclude_duplicate,none,duplicate_reporting_excluded,Episode role assigned independently for total and low-income units.
UNITQ_DEV_NCA19950290,DEV_NCA19950290,NCA19950290,candidate_representative,candidate_representative,select_representative,reconciled_episode,selected_reporting_representative,select_representative,reconciled_episode,selected_reporting_representative,Episode role assigned independently for total and low-income units.
UNITQ_DEV_NCA19950290,DEV_NCA19950290,NCA19959055,candidate_duplicate,candidate_duplicate,exclude_duplicate,none,duplicate_reporting_excluded,exclude_duplicate,none,duplicate_reporting_excluded,Episode role assigned independently for total and low-income units.
UNITQ_DEV_NCA19950300,DEV_NCA19950300,NCA19950300,candidate_representative,candidate_representative,select_representative,reconciled_episode,selected_reporting_representative,select_representative,reconciled_episode,selected_reporting_representative,Episode role assigned independently for total and low-income units.
UNITQ_DEV_NCA19950300,DEV_NCA19950300,NCA19959057,candidate_duplicate,candidate_duplicate,exclude_duplicate,none,duplicate_reporting_excluded,exclude_duplicate,none,duplicate_reporting_excluded,Episode role assigned independently for total and low-income units.
UNITQ_DEV_NCA19950305,DEV_NCA19950305,NCA19950305,candidate_representative,candidate_representative,select_representative,reconciled_episode,selected_reporting_representative,select_representative,reconciled_episode,selected_reporting_representative,Episode role assigned independently for total and low-income units.
UNITQ_DEV_NCA19950305,DEV_NCA19950305,NCA19959058,candidate_duplicate,candidate_duplicate,exclude_duplicate,none,duplicate_reporting_excluded,exclude_duplicate,none,duplicate_reporting_excluded,Episode role assigned independently for total and low-income units.
UNITQ_DEV_NCA19950345,DEV_NCA19950345,NCA19950345,candidate_representative,candidate_representative,select_representative,reconciled_episode,selected_reporting_representative,select_representative,reconciled_episode,selected_reporting_representative,Episode role assigned independently for total and low-income units.
UNITQ_DEV_NCA19950345,DEV_NCA19950345,NCA19959066,candidate_duplicate,candidate_duplicate,exclude_duplicate,none,duplicate_reporting_excluded,exclude_duplicate,none,duplicate_reporting_excluded,Episode role assigned independently for total and low-income units.
UNITQ_DEV_NCA19950350,DEV_NCA19950350,NCA19950350,candidate_representative,candidate_representative,select_representative,reconciled_episode,selected_reporting_representative,select_representative,reconciled_episode,selected_reporting_representative,Episode role assigned independently for total and low-income units.
UNITQ_DEV_NCA19950350,DEV_NCA19950350,NCA19959067,candidate_duplicate,candidate_duplicate,exclude_duplicate,none,duplicate_reporting_excluded,exclude_duplicate,none,duplicate_reporting_excluded,Episode role assigned independently for total and low-income units.
UNITQ_DEV_NCA19950355,DEV_NCA19950355,NCA19950355,candidate_representative,candidate_representative,select_representative,reconciled_episode,selected_reporting_representative,select_representative,reconciled_episode,selected_reporting_representative,Episode role assigned independently for total and low-income units.
UNITQ_DEV_NCA19950355,DEV_NCA19950355,NCA19959068,candidate_duplicate,candidate_duplicate,exclude_duplicate,none,duplicate_reporting_excluded,exclude_duplicate,none,duplicate_reporting_excluded,Episode role assigned independently for total and low-income units.
UNITQ_DEV_NCA19950360,DEV_NCA19950360,NCA19950360,candidate_representative,candidate_representative,select_representative,reconciled_episode,selected_reporting_representative,select_representative,reconciled_episode,selected_reporting_representative,Episode role assigned independently for total and low-income units.
UNITQ_DEV_NCA19950360,DEV_NCA19950360,NCA19959069,candidate_duplicate,candidate_duplicate,exclude_duplicate,none,duplicate_reporting_excluded,exclude_duplicate,none,duplicate_reporting_excluded,Episode role assigned independently for total and low-income units.
UNITQ_DEV_NCA19950445,DEV_NCA19950445,NCA19950445,candidate_representative,candidate_representative,select_representative,reconciled_episode,selected_reporting_representative,select_representative,reconciled_episode,selected_reporting_representative,Episode role assigned independently for total and low-income units.
UNITQ_DEV_NCA19950445,DEV_NCA19950445,NCA19959097,candidate_duplicate,candidate_duplicate,exclude_duplicate,none,duplicate_reporting_excluded,exclude_duplicate,none,duplicate_reporting_excluded,Episode role assigned independently for total and low-income units.
UNITQ_DEV_NCA19950470,DEV_NCA19950470,NCA19950470,unresolved_pending_outside_read,unresolved_pending_outside_read,evidence_only,none,no_reliable_value_after_search,evidence_only,none,no_reliable_value_after_search,Episode role assigned independently for total and low-income units.
UNITQ_DEV_NCA19950470,DEV_NCA19950470,NCA19959083,unresolved_pending_outside_read,unresolved_pending_outside_read,evidence_only,none,no_reliable_value_after_search,evidence_only,none,no_reliable_value_after_search,Episode role assigned independently for total and low-income units.
UNITQ_DEV_NCA19950500,DEV_NCA19950500,NCA19950500,candidate_representative,candidate_representative,select_representative,reconciled_episode,selected_reporting_representative,select_representative,reconciled_episode,selected_reporting_representative,Episode role assigned independently for total and low-income units.
UNITQ_DEV_NCA19950500,DEV_NCA19950500,NCA19959099,candidate_duplicate,candidate_duplicate,exclude_duplicate,none,duplicate_reporting_excluded,exclude_duplicate,none,duplicate_reporting_excluded,Episode role assigned independently for total and low-income units.
UNITQ_DEV_NCA19950580,DEV_NCA19950580,NCA19950580,unresolved_pending_outside_read,unresolved_pending_outside_read,evidence_only,none,no_reliable_value_after_search,evidence_only,none,no_reliable_value_after_search,Episode role assigned independently for total and low-income units.
UNITQ_DEV_NCA19950580,DEV_NCA19950580,NCA19959115,unresolved_pending_outside_read,unresolved_pending_outside_read,evidence_only,none,no_reliable_value_after_search,evidence_only,none,no_reliable_value_after_search,Episode role assigned independently for total and low-income units.
UNITQ_DEV_NCA19950605,DEV_NCA19950605,NCA19950605,unresolved_pending_outside_read,unresolved_pending_outside_read,evidence_only,none,no_reliable_value_after_search,evidence_only,none,no_reliable_value_after_search,Episode role assigned independently for total and low-income units.
UNITQ_DEV_NCA19950605,DEV_NCA19950605,NCA19959120,unresolved_pending_outside_read,unresolved_pending_outside_read,evidence_only,none,no_reliable_value_after_search,evidence_only,none,no_reliable_value_after_search,Episode role assigned independently for total and low-income units.
UNITQ_DEV_NCA19960015,DEV_NCA19960015,NCA19960015,candidate_representative,candidate_representative,select_representative,reconciled_episode,selected_reporting_representative,select_representative,reconciled_episode,selected_reporting_representative,Episode role assigned independently for total and low-income units.
UNITQ_DEV_NCA19960015,DEV_NCA19960015,NCA19969003,candidate_duplicate,candidate_duplicate,exclude_duplicate,none,duplicate_reporting_excluded,exclude_duplicate,none,duplicate_reporting_excluded,Episode role assigned independently for total and low-income units.
UNITQ_DEV_NCA19960020,DEV_NCA19960020,NCA19960020,candidate_representative,candidate_representative,select_representative,reconciled_episode,selected_reporting_representative,select_representative,reconciled_episode,selected_reporting_representative,Episode role assigned independently for total and low-income units.
UNITQ_DEV_NCA19960020,DEV_NCA19960020,NCA19969004,candidate_duplicate,candidate_duplicate,exclude_duplicate,none,duplicate_reporting_excluded,exclude_duplicate,none,duplicate_reporting_excluded,Episode role assigned independently for total and low-income units.
UNITQ_DEV_NCA19960025,DEV_NCA19960025,NCA19960025,candidate_representative,candidate_representative,select_representative,reconciled_episode,selected_reporting_representative,select_representative,reconciled_episode,selected_reporting_representative,Episode role assigned independently for total and low-income units.
UNITQ_DEV_NCA19960025,DEV_NCA19960025,NCA19969005,candidate_duplicate,candidate_duplicate,exclude_duplicate,none,duplicate_reporting_excluded,exclude_duplicate,none,duplicate_reporting_excluded,Episode role assigned independently for total and low-income units.
UNITQ_DEV_NCA19960030,DEV_NCA19960030,NCA19960030,candidate_representative,candidate_representative,select_representative,reconciled_episode,selected_reporting_representative,select_representative,reconciled_episode,selected_reporting_representative,Episode role assigned independently for total and low-income units.
UNITQ_DEV_NCA19960030,DEV_NCA19960030,NCA19969006,candidate_duplicate,candidate_duplicate,exclude_duplicate,none,duplicate_reporting_excluded,exclude_duplicate,none,duplicate_reporting_excluded,Episode role assigned independently for total and low-income units.
UNITQ_DEV_NCA19960035,DEV_NCA19960035,NCA19960035,candidate_representative,candidate_representative,select_representative,reconciled_episode,selected_reporting_representative,select_representative,reconciled_episode,selected_reporting_representative,Episode role assigned independently for total and low-income units.
UNITQ_DEV_NCA19960035,DEV_NCA19960035,NCA19969007,candidate_duplicate,candidate_duplicate,exclude_duplicate,none,duplicate_reporting_excluded,exclude_duplicate,none,duplicate_reporting_excluded,Episode role assigned independently for total and low-income units.
UNITQ_DEV_NCA19960040,DEV_NCA19960040,NCA19960040,candidate_representative,candidate_representative,select_representative,reconciled_episode,selected_reporting_representative,select_representative,reconciled_episode,selected_reporting_representative,Episode role assigned independently for total and low-income units.
UNITQ_DEV_NCA19960040,DEV_NCA19960040,NCA19969008,candidate_duplicate,candidate_duplicate,exclude_duplicate,none,duplicate_reporting_excluded,exclude_duplicate,none,duplicate_reporting_excluded,Episode role assigned independently for total and low-income units.
UNITQ_DEV_NCA19960050,DEV_NCA19960050,NCA19960050,candidate_representative,candidate_representative,select_representative,reconciled_episode,selected_reporting_representative,select_representative,reconciled_episode,selected_reporting_representative,Episode role assigned independently for total and low-income units.
UNITQ_DEV_NCA19960050,DEV_NCA19960050,NCA19969010,candidate_duplicate,candidate_duplicate,exclude_duplicate,none,duplicate_reporting_excluded,exclude_duplicate,none,duplicate_reporting_excluded,Episode role assigned independently for total and low-income units.
UNITQ_DEV_NCA19960055,DEV_NCA19960055,NCA19960055,candidate_representative,candidate_representative,select_representative,reconciled_episode,selected_reporting_representative,select_representative,reconciled_episode,selected_reporting_representative,Episode role assigned independently for total and low-income units.
UNITQ_DEV_NCA19960055,DEV_NCA19960055,NCA19969011,candidate_duplicate,candidate_duplicate,exclude_duplicate,none,duplicate_reporting_excluded,exclude_duplicate,none,duplicate_reporting_excluded,Episode role assigned independently for total and low-income units.
UNITQ_DEV_NCA19960065,DEV_NCA19960065,NCA19960065,candidate_representative,candidate_representative,select_representative,reconciled_episode,selected_reporting_representative,select_representative,reconciled_episode,selected_reporting_representative,Episode role assigned independently for total and low-income units.
UNITQ_DEV_NCA19960065,DEV_NCA19960065,NCA19969013,candidate_duplicate,candidate_duplicate,exclude_duplicate,none,duplicate_reporting_excluded,exclude_duplicate,none,duplicate_reporting_excluded,Episode role assigned independently for total and low-income units.
UNITQ_DEV_NCA19960070,DEV_NCA19960070,NCA19960070,candidate_representative,candidate_representative,select_representative,reconciled_episode,selected_reporting_representative,select_representative,reconciled_episode,selected_reporting_representative,Episode role assigned independently for total and low-income units.
UNITQ_DEV_NCA19960070,DEV_NCA19960070,NCA19969014,candidate_duplicate,candidate_duplicate,exclude_duplicate,none,duplicate_reporting_excluded,exclude_duplicate,none,duplicate_reporting_excluded,Episode role assigned independently for total and low-income units.
UNITQ_DEV_NCA19960085,DEV_NCA19960085,NCA19960085,candidate_representative,candidate_representative,select_representative,reconciled_episode,selected_reporting_representative,select_representative,reconciled_episode,selected_reporting_representative,Episode role assigned independently for total and low-income units.
UNITQ_DEV_NCA19960085,DEV_NCA19960085,NCA19969017,candidate_duplicate,candidate_duplicate,exclude_duplicate,none,duplicate_reporting_excluded,exclude_duplicate,none,duplicate_reporting_excluded,Episode role assigned independently for total and low-income units.
UNITQ_DEV_NCA19960100,DEV_NCA19960100,NCA19960100,candidate_representative,candidate_representative,select_representative,reconciled_episode,selected_reporting_representative,select_representative,reconciled_episode,selected_reporting_representative,Episode role assigned independently for total and low-income units.
UNITQ_DEV_NCA19960100,DEV_NCA19960100,NCA19969020,candidate_duplicate,candidate_duplicate,exclude_duplicate,none,duplicate_reporting_excluded,exclude_duplicate,none,duplicate_reporting_excluded,Episode role assigned independently for total and low-income units.
UNITQ_DEV_NCA19960105,DEV_NCA19960105,NCA19960105,candidate_representative,candidate_representative,select_representative,reconciled_episode,selected_reporting_representative,select_representative,reconciled_episode,selected_reporting_representative,Episode role assigned independently for total and low-income units.
UNITQ_DEV_NCA19960105,DEV_NCA19960105,NCA19969021,candidate_duplicate,candidate_duplicate,exclude_duplicate,none,duplicate_reporting_excluded,exclude_duplicate,none,duplicate_reporting_excluded,Episode role assigned independently for total and low-income units.
UNITQ_DEV_NCA19960110,DEV_NCA19960110,NCA19960110,candidate_representative,candidate_representative,select_representative,reconciled_episode,selected_reporting_representative,select_representative,reconciled_episode,selected_reporting_representative,Episode role assigned independently for total and low-income units.
UNITQ_DEV_NCA19960110,DEV_NCA19960110,NCA19969022,candidate_duplicate,candidate_duplicate,exclude_duplicate,none,duplicate_reporting_excluded,exclude_duplicate,none,duplicate_reporting_excluded,Episode role assigned independently for total and low-income units.
UNITQ_DEV_NCA19960115,DEV_NCA19960115,NCA19960115,candidate_representative,candidate_representative,select_representative,reconciled_episode,selected_reporting_representative,select_representative,reconciled_episode,selected_reporting_representative,Episode role assigned independently for total and low-income units.
UNITQ_DEV_NCA19960115,DEV_NCA19960115,NCA19969023,candidate_duplicate,candidate_duplicate,exclude_duplicate,none,duplicate_reporting_excluded,exclude_duplicate,none,duplicate_reporting_excluded,Episode role assigned independently for total and low-income units.
UNITQ_DEV_NCA19960120,DEV_NCA19960120,NCA19960120,candidate_representative,candidate_representative,select_representative,reconciled_episode,selected_reporting_representative,select_representative,reconciled_episode,selected_reporting_representative,Episode role assigned independently for total and low-income units.
UNITQ_DEV_NCA19960120,DEV_NCA19960120,NCA19969024,candidate_duplicate,candidate_duplicate,exclude_duplicate,none,duplicate_reporting_excluded,exclude_duplicate,none,duplicate_reporting_excluded,Episode role assigned independently for total and low-income units.
UNITQ_DEV_NCA19960135,DEV_NCA19960135,NCA19960135,candidate_representative,candidate_representative,select_representative,reconciled_episode,selected_reporting_representative,select_representative,reconciled_episode,selected_reporting_representative,Episode role assigned independently for total and low-income units.
UNITQ_DEV_NCA19960135,DEV_NCA19960135,NCA19969027,candidate_duplicate,candidate_duplicate,exclude_duplicate,none,duplicate_reporting_excluded,exclude_duplicate,none,duplicate_reporting_excluded,Episode role assigned independently for total and low-income units.
UNITQ_DEV_NCA19960140,DEV_NCA19960140,NCA19960140,candidate_representative,candidate_representative,select_representative,reconciled_episode,selected_reporting_representative,select_representative,reconciled_episode,selected_reporting_representative,Episode role assigned independently for total and low-income units.
UNITQ_DEV_NCA19960140,DEV_NCA19960140,NCA19969028,candidate_duplicate,candidate_duplicate,exclude_duplicate,none,duplicate_reporting_excluded,exclude_duplicate,none,duplicate_reporting_excluded,Episode role assigned independently for total and low-income units.
UNITQ_DEV_NCA19960145,DEV_NCA19960145,NCA19960145,candidate_representative,candidate_representative,select_representative,reconciled_episode,selected_reporting_representative,select_representative,reconciled_episode,selected_reporting_representative,Episode role assigned independently for total and low-income units.
UNITQ_DEV_NCA19960145,DEV_NCA19960145,NCA19969029,candidate_duplicate,candidate_duplicate,exclude_duplicate,none,duplicate_reporting_excluded,exclude_duplicate,none,duplicate_reporting_excluded,Episode role assigned independently for total and low-income units.
UNITQ_DEV_NCA19960150,DEV_NCA19960150,NCA19960150,candidate_representative,candidate_representative,select_representative,reconciled_episode,selected_reporting_representative,select_representative,reconciled_episode,selected_reporting_representative,Episode role assigned independently for total and low-income units.
UNITQ_DEV_NCA19960150,DEV_NCA19960150,NCA19969030,candidate_duplicate,candidate_duplicate,exclude_duplicate,none,duplicate_reporting_excluded,exclude_duplicate,none,duplicate_reporting_excluded,Episode role assigned independently for total and low-income units.
UNITQ_DEV_NCA19960155,DEV_NCA19960155,NCA19960155,candidate_representative,candidate_representative,select_representative,reconciled_episode,selected_reporting_representative,select_representative,reconciled_episode,selected_reporting_representative,Episode role assigned independently for total and low-income units.
UNITQ_DEV_NCA19960155,DEV_NCA19960155,NCA19969031,candidate_duplicate,candidate_duplicate,exclude_duplicate,none,duplicate_reporting_excluded,exclude_duplicate,none,duplicate_reporting_excluded,Episode role assigned independently for total and low-income units.
UNITQ_DEV_NCA19960160,DEV_NCA19960160,NCA19960160,candidate_representative,candidate_representative,select_representative,reconciled_episode,selected_reporting_representative,select_representative,reconciled_episode,selected_reporting_representative,Episode role assigned independently for total and low-income units.
UNITQ_DEV_NCA19960160,DEV_NCA19960160,NCA19969032,candidate_duplicate,candidate_duplicate,exclude_duplicate,none,duplicate_reporting_excluded,exclude_duplicate,none,duplicate_reporting_excluded,Episode role assigned independently for total and low-income units.
UNITQ_DEV_NCA19960165,DEV_NCA19960165,NCA19960165,candidate_representative,candidate_representative,select_representative,reconciled_episode,selected_reporting_representative,select_representative,reconciled_episode,selected_reporting_representative,Episode role assigned independently for total and low-income units.
UNITQ_DEV_NCA19960165,DEV_NCA19960165,NCA19969033,candidate_duplicate,candidate_duplicate,exclude_duplicate,none,duplicate_reporting_excluded,exclude_duplicate,none,duplicate_reporting_excluded,Episode role assigned independently for total and low-income units.
UNITQ_DEV_NCA19960175,DEV_NCA19960175,NCA19960175,candidate_representative,candidate_representative,select_representative,reconciled_episode,selected_reporting_representative,select_representative,reconciled_episode,selected_reporting_representative,Episode role assigned independently for total and low-income units.
UNITQ_DEV_NCA19960175,DEV_NCA19960175,NCA19969035,candidate_duplicate,candidate_duplicate,exclude_duplicate,none,duplicate_reporting_excluded,exclude_duplicate,none,duplicate_reporting_excluded,Episode role assigned independently for total and low-income units.
UNITQ_DEV_NCA19960180,DEV_NCA19960180,NCA19960180,candidate_representative,candidate_representative,select_representative,reconciled_episode,selected_reporting_representative,select_representative,reconciled_episode,selected_reporting_representative,Episode role assigned independently for total and low-income units.
UNITQ_DEV_NCA19960180,DEV_NCA19960180,NCA19969036,candidate_duplicate,candidate_duplicate,exclude_duplicate,none,duplicate_reporting_excluded,exclude_duplicate,none,duplicate_reporting_excluded,Episode role assigned independently for total and low-income units.
UNITQ_DEV_NCA19960190,DEV_NCA19960190,NCA19960190,candidate_representative,candidate_representative,select_representative,reconciled_episode,selected_reporting_representative,select_representative,reconciled_episode,selected_reporting_representative,Episode role assigned independently for total and low-income units.
UNITQ_DEV_NCA19960190,DEV_NCA19960190,NCA19969038,candidate_duplicate,candidate_duplicate,exclude_duplicate,none,duplicate_reporting_excluded,exclude_duplicate,none,duplicate_reporting_excluded,Episode role assigned independently for total and low-income units.
UNITQ_DEV_NCA19960195,DEV_NCA19960195,NCA19960195,candidate_representative,candidate_representative,select_representative,reconciled_episode,selected_reporting_representative,select_representative,reconciled_episode,selected_reporting_representative,Episode role assigned independently for total and low-income units.
UNITQ_DEV_NCA19960195,DEV_NCA19960195,NCA19969039,candidate_duplicate,candidate_duplicate,exclude_duplicate,none,duplicate_reporting_excluded,exclude_duplicate,none,duplicate_reporting_excluded,Episode role assigned independently for total and low-income units.
UNITQ_DEV_NCA19960200,DEV_NCA19960200,NCA19960200,candidate_representative,candidate_representative,select_representative,reconciled_episode,selected_reporting_representative,select_representative,reconciled_episode,selected_reporting_representative,Episode role assigned independently for total and low-income units.
UNITQ_DEV_NCA19960200,DEV_NCA19960200,NCA19969040,candidate_duplicate,candidate_duplicate,exclude_duplicate,none,duplicate_reporting_excluded,exclude_duplicate,none,duplicate_reporting_excluded,Episode role assigned independently for total and low-income units.
UNITQ_DEV_NCA19960205,DEV_NCA19960205,NCA19960205,candidate_representative,candidate_representative,select_representative,reconciled_episode,selected_reporting_representative,select_representative,reconciled_episode,selected_reporting_representative,Episode role assigned independently for total and low-income units.
UNITQ_DEV_NCA19960205,DEV_NCA19960205,NCA19969041,candidate_duplicate,candidate_duplicate,exclude_duplicate,none,duplicate_reporting_excluded,exclude_duplicate,none,duplicate_reporting_excluded,Episode role assigned independently for total and low-income units.
UNITQ_DEV_NCA19960210,DEV_NCA19960210,NCA19960210,candidate_representative,candidate_representative,select_representative,reconciled_episode,selected_reporting_representative,select_representative,reconciled_episode,selected_reporting_representative,Episode role assigned independently for total and low-income units.
UNITQ_DEV_NCA19960210,DEV_NCA19960210,NCA19969042,candidate_duplicate,candidate_duplicate,exclude_duplicate,none,duplicate_reporting_excluded,exclude_duplicate,none,duplicate_reporting_excluded,Episode role assigned independently for total and low-income units.
UNITQ_DEV_NCA19960215,DEV_NCA19960215,NCA19960215,candidate_representative,candidate_representative,select_representative,reconciled_episode,selected_reporting_representative,select_representative,reconciled_episode,selected_reporting_representative,Episode role assigned independently for total and low-income units.
UNITQ_DEV_NCA19960215,DEV_NCA19960215,NCA19969043,candidate_duplicate,candidate_duplicate,exclude_duplicate,none,duplicate_reporting_excluded,exclude_duplicate,none,duplicate_reporting_excluded,Episode role assigned independently for total and low-income units.
UNITQ_DEV_NCA19960235,DEV_NCA19960235,NCA19960235,unresolved_pending_outside_read,unresolved_pending_outside_read,evidence_only,none,no_reliable_value_after_search,evidence_only,none,no_reliable_value_after_search,Episode role assigned independently for total and low-income units.
UNITQ_DEV_NCA19960235,DEV_NCA19960235,NCA19960240,unresolved_pending_outside_read,unresolved_pending_outside_read,evidence_only,none,no_reliable_value_after_search,evidence_only,none,no_reliable_value_after_search,Episode role assigned independently for total and low-income units.
UNITQ_DEV_NCA19960235,DEV_NCA19960235,NCA19960245,unresolved_pending_outside_read,unresolved_pending_outside_read,evidence_only,none,no_reliable_value_after_search,evidence_only,none,no_reliable_value_after_search,Episode role assigned independently for total and low-income units.
UNITQ_DEV_NCA19960235,DEV_NCA19960235,NCA19960250,unresolved_pending_outside_read,unresolved_pending_outside_read,evidence_only,none,no_reliable_value_after_search,evidence_only,none,no_reliable_value_after_search,Episode role assigned independently for total and low-income units.
UNITQ_DEV_NCA19960235,DEV_NCA19960235,NCA19960255,unresolved_pending_outside_read,unresolved_pending_outside_read,evidence_only,none,no_reliable_value_after_search,evidence_only,none,no_reliable_value_after_search,Episode role assigned independently for total and low-income units.
UNITQ_DEV_NCA19960235,DEV_NCA19960235,NCA19960260,unresolved_pending_outside_read,unresolved_pending_outside_read,evidence_only,none,no_reliable_value_after_search,evidence_only,none,no_reliable_value_after_search,Episode role assigned independently for total and low-income units.
UNITQ_DEV_NCA19960235,DEV_NCA19960235,NCA19960265,unresolved_pending_outside_read,unresolved_pending_outside_read,evidence_only,none,no_reliable_value_after_search,evidence_only,none,no_reliable_value_after_search,Episode role assigned independently for total and low-income units.
UNITQ_DEV_NCA19960235,DEV_NCA19960235,NCA19960285,unresolved_pending_outside_read,unresolved_pending_outside_read,evidence_only,none,no_reliable_value_after_search,evidence_only,none,no_reliable_value_after_search,Episode role assigned independently for total and low-income units.
UNITQ_DEV_NCA19960235,DEV_NCA19960235,NCA19960335,unresolved_pending_outside_read,unresolved_pending_outside_read,evidence_only,none,no_reliable_value_after_search,evidence_only,none,no_reliable_value_after_search,Episode role assigned independently for total and low-income units.
UNITQ_DEV_NCA19960235,DEV_NCA19960235,NCA19960365,unresolved_pending_outside_read,unresolved_pending_outside_read,evidence_only,none,no_reliable_value_after_search,evidence_only,none,no_reliable_value_after_search,Episode role assigned independently for total and low-income units.
UNITQ_DEV_NCA19960235,DEV_NCA19960235,NCA19960370,unresolved_pending_outside_read,unresolved_pending_outside_read,evidence_only,none,no_reliable_value_after_search,evidence_only,none,no_reliable_value_after_search,Episode role assigned independently for total and low-income units.
UNITQ_DEV_NCA19960235,DEV_NCA19960235,NCA19960375,unresolved_pending_outside_read,unresolved_pending_outside_read,evidence_only,none,no_reliable_value_after_search,evidence_only,none,no_reliable_value_after_search,Episode role assigned independently for total and low-income units.
UNITQ_DEV_NCA19960235,DEV_NCA19960235,NCA19960380,unresolved_pending_outside_read,unresolved_pending_outside_read,evidence_only,none,no_reliable_value_after_search,evidence_only,none,no_reliable_value_after_search,Episode role assigned independently for total and low-income units.
UNITQ_DEV_NCA19960235,DEV_NCA19960235,NCA19960385,unresolved_pending_outside_read,unresolved_pending_outside_read,evidence_only,none,no_reliable_value_after_search,evidence_only,none,no_reliable_value_after_search,Episode role assigned independently for total and low-income units.
UNITQ_DEV_NCA19960235,DEV_NCA19960235,NCA19960390,unresolved_pending_outside_read,unresolved_pending_outside_read,evidence_only,none,no_reliable_value_after_search,evidence_only,none,no_reliable_value_after_search,Episode role assigned independently for total and low-income units.
UNITQ_DEV_NCA19960235,DEV_NCA19960235,NCA19969047,unresolved_pending_outside_read,unresolved_pending_outside_read,evidence_only,none,no_reliable_value_after_search,evidence_only,none,no_reliable_value_after_search,Episode role assigned independently for total and low-income units.
UNITQ_DEV_NCA19960305,DEV_NCA19960305,NCA19960305,candidate_representative,candidate_representative,select_representative,reconciled_episode,selected_reporting_representative,select_representative,reconciled_episode,selected_reporting_representative,Episode role assigned independently for total and low-income units.
UNITQ_DEV_NCA19960305,DEV_NCA19960305,NCA19969061,candidate_duplicate,candidate_duplicate,exclude_duplicate,none,duplicate_reporting_excluded,exclude_duplicate,none,duplicate_reporting_excluded,Episode role assigned independently for total and low-income units.
UNITQ_DEV_NCA19960430,DEV_NCA19960430,NCA19960430,candidate_representative,candidate_representative,select_representative,reconciled_episode,selected_reporting_representative,select_representative,reconciled_episode,selected_reporting_representative,Episode role assigned independently for total and low-income units.
UNITQ_DEV_NCA19960430,DEV_NCA19960430,NCA19969107,candidate_duplicate,candidate_duplicate,exclude_duplicate,none,duplicate_reporting_excluded,exclude_duplicate,none,duplicate_reporting_excluded,Episode role assigned independently for total and low-income units.
UNITQ_DEV_NCA19970005,DEV_NCA19970005,NCA19970005,candidate_representative,candidate_representative,select_representative,reconciled_episode,selected_reporting_representative,select_representative,reconciled_episode,selected_reporting_representative,Episode role assigned independently for total and low-income units.
UNITQ_DEV_NCA19970005,DEV_NCA19970005,NCA19979001,candidate_duplicate,candidate_duplicate,exclude_duplicate,none,duplicate_reporting_excluded,exclude_duplicate,none,duplicate_reporting_excluded,Episode role assigned independently for total and low-income units.
UNITQ_DEV_NCA19970010,DEV_NCA19970010,NCA19970010,candidate_representative,candidate_representative,select_representative,reconciled_episode,selected_reporting_representative,select_representative,reconciled_episode,selected_reporting_representative,Episode role assigned independently for total and low-income units.
UNITQ_DEV_NCA19970010,DEV_NCA19970010,NCA19979002,candidate_duplicate,candidate_duplicate,exclude_duplicate,none,duplicate_reporting_excluded,exclude_duplicate,none,duplicate_reporting_excluded,Episode role assigned independently for total and low-income units.
UNITQ_DEV_NCA19970015,DEV_NCA19970015,NCA19970015,candidate_representative,candidate_representative,select_representative,reconciled_episode,selected_reporting_representative,select_representative,reconciled_episode,selected_reporting_representative,Episode role assigned independently for total and low-income units.
UNITQ_DEV_NCA19970015,DEV_NCA19970015,NCA19979003,candidate_duplicate,candidate_duplicate,exclude_duplicate,none,duplicate_reporting_excluded,exclude_duplicate,none,duplicate_reporting_excluded,Episode role assigned independently for total and low-income units.
UNITQ_DEV_NCA19970020,DEV_NCA19970020,NCA19970020,candidate_representative,candidate_representative,select_representative,reconciled_episode,selected_reporting_representative,select_representative,reconciled_episode,selected_reporting_representative,Episode role assigned independently for total and low-income units.
UNITQ_DEV_NCA19970020,DEV_NCA19970020,NCA19979004,candidate_duplicate,candidate_duplicate,exclude_duplicate,none,duplicate_reporting_excluded,exclude_duplicate,none,duplicate_reporting_excluded,Episode role assigned independently for total and low-income units.
UNITQ_DEV_NCA19970025,DEV_NCA19970025,NCA19970025,candidate_representative,candidate_representative,select_representative,reconciled_episode,selected_reporting_representative,select_representative,reconciled_episode,selected_reporting_representative,Episode role assigned independently for total and low-income units.
UNITQ_DEV_NCA19970025,DEV_NCA19970025,NCA19979005,candidate_duplicate,candidate_duplicate,exclude_duplicate,none,duplicate_reporting_excluded,exclude_duplicate,none,duplicate_reporting_excluded,Episode role assigned independently for total and low-income units.
UNITQ_DEV_NCA19970030,DEV_NCA19970030,NCA19970030,candidate_representative,candidate_representative,select_representative,reconciled_episode,selected_reporting_representative,select_representative,reconciled_episode,selected_reporting_representative,Episode role assigned independently for total and low-income units.
UNITQ_DEV_NCA19970030,DEV_NCA19970030,NCA19979006,candidate_duplicate,candidate_duplicate,exclude_duplicate,none,duplicate_reporting_excluded,exclude_duplicate,none,duplicate_reporting_excluded,Episode role assigned independently for total and low-income units.
UNITQ_DEV_NCA19970075,DEV_NCA19970075,NCA19970075,candidate_representative,candidate_representative,select_representative,reconciled_episode,selected_reporting_representative,select_representative,reconciled_episode,selected_reporting_representative,Episode role assigned independently for total and low-income units.
UNITQ_DEV_NCA19970075,DEV_NCA19970075,NCA19979015,candidate_duplicate,candidate_duplicate,exclude_duplicate,none,duplicate_reporting_excluded,exclude_duplicate,none,duplicate_reporting_excluded,Episode role assigned independently for total and low-income units.
UNITQ_DEV_NCA19970080,DEV_NCA19970080,NCA19970080,candidate_representative,candidate_representative,select_representative,reconciled_episode,selected_reporting_representative,select_representative,reconciled_episode,selected_reporting_representative,Episode role assigned independently for total and low-income units.
UNITQ_DEV_NCA19970080,DEV_NCA19970080,NCA19979016,candidate_duplicate,candidate_duplicate,exclude_duplicate,none,duplicate_reporting_excluded,exclude_duplicate,none,duplicate_reporting_excluded,Episode role assigned independently for total and low-income units.
UNITQ_DEV_NCA19970085,DEV_NCA19970085,NCA19970085,candidate_representative,candidate_representative,select_representative,reconciled_episode,selected_reporting_representative,select_representative,reconciled_episode,selected_reporting_representative,Episode role assigned independently for total and low-income units.
UNITQ_DEV_NCA19970085,DEV_NCA19970085,NCA19979017,candidate_duplicate,candidate_duplicate,exclude_duplicate,none,duplicate_reporting_excluded,exclude_duplicate,none,duplicate_reporting_excluded,Episode role assigned independently for total and low-income units.
UNITQ_DEV_NCA19970090,DEV_NCA19970090,NCA19970090,candidate_representative,candidate_representative,select_representative,reconciled_episode,selected_reporting_representative,select_representative,reconciled_episode,selected_reporting_representative,Episode role assigned independently for total and low-income units.
UNITQ_DEV_NCA19970090,DEV_NCA19970090,NCA19979018,candidate_duplicate,candidate_duplicate,exclude_duplicate,none,duplicate_reporting_excluded,exclude_duplicate,none,duplicate_reporting_excluded,Episode role assigned independently for total and low-income units.
UNITQ_DEV_NCA19970095,DEV_NCA19970095,NCA19970095,candidate_representative,candidate_representative,select_representative,reconciled_episode,selected_reporting_representative,select_representative,reconciled_episode,selected_reporting_representative,Episode role assigned independently for total and low-income units.
UNITQ_DEV_NCA19970095,DEV_NCA19970095,NCA19979019,candidate_duplicate,candidate_duplicate,exclude_duplicate,none,duplicate_reporting_excluded,exclude_duplicate,none,duplicate_reporting_excluded,Episode role assigned independently for total and low-income units.
UNITQ_DEV_NCA19970105,DEV_NCA19970105,NCA19970105,candidate_representative,candidate_representative,select_representative,reconciled_episode,selected_reporting_representative,select_representative,reconciled_episode,selected_reporting_representative,Episode role assigned independently for total and low-income units.
UNITQ_DEV_NCA19970105,DEV_NCA19970105,NCA19979021,candidate_duplicate,candidate_duplicate,exclude_duplicate,none,duplicate_reporting_excluded,exclude_duplicate,none,duplicate_reporting_excluded,Episode role assigned independently for total and low-income units.
UNITQ_DEV_NCA19970120,DEV_NCA19970120,NCA19970120,candidate_representative,candidate_representative,select_representative,reconciled_episode,selected_reporting_representative,select_representative,reconciled_episode,selected_reporting_representative,Episode role assigned independently for total and low-income units.
UNITQ_DEV_NCA19970120,DEV_NCA19970120,NCA19979022,candidate_duplicate,candidate_duplicate,exclude_duplicate,none,duplicate_reporting_excluded,exclude_duplicate,none,duplicate_reporting_excluded,Episode role assigned independently for total and low-income units.
UNITQ_DEV_NCA19970125,DEV_NCA19970125,NCA19970125,candidate_representative,candidate_representative,select_representative,reconciled_episode,selected_reporting_representative,select_representative,reconciled_episode,selected_reporting_representative,Episode role assigned independently for total and low-income units.
UNITQ_DEV_NCA19970125,DEV_NCA19970125,NCA19979023,candidate_duplicate,candidate_duplicate,exclude_duplicate,none,duplicate_reporting_excluded,exclude_duplicate,none,duplicate_reporting_excluded,Episode role assigned independently for total and low-income units.
UNITQ_DEV_NCA19970130,DEV_NCA19970130,NCA19970130,candidate_representative,candidate_representative,select_representative,reconciled_episode,selected_reporting_representative,select_representative,reconciled_episode,selected_reporting_representative,Episode role assigned independently for total and low-income units.
UNITQ_DEV_NCA19970130,DEV_NCA19970130,NCA19979024,candidate_duplicate,candidate_duplicate,exclude_duplicate,none,duplicate_reporting_excluded,exclude_duplicate,none,duplicate_reporting_excluded,Episode role assigned independently for total and low-income units.
UNITQ_DEV_NCA19970135,DEV_NCA19970135,NCA19970135,candidate_representative,candidate_representative,select_representative,reconciled_episode,selected_reporting_representative,select_representative,reconciled_episode,selected_reporting_representative,Episode role assigned independently for total and low-income units.
UNITQ_DEV_NCA19970135,DEV_NCA19970135,NCA19979025,candidate_duplicate,candidate_duplicate,exclude_duplicate,none,duplicate_reporting_excluded,exclude_duplicate,none,duplicate_reporting_excluded,Episode role assigned independently for total and low-income units.
UNITQ_DEV_NCA19970140,DEV_NCA19970140,NCA19970140,candidate_representative,candidate_representative,select_representative,reconciled_episode,selected_reporting_representative,select_representative,reconciled_episode,selected_reporting_representative,Episode role assigned independently for total and low-income units.
UNITQ_DEV_NCA19970140,DEV_NCA19970140,NCA19979026,candidate_duplicate,candidate_duplicate,exclude_duplicate,none,duplicate_reporting_excluded,exclude_duplicate,none,duplicate_reporting_excluded,Episode role assigned independently for total and low-income units.
UNITQ_DEV_NCA19970145,DEV_NCA19970145,NCA19970145,candidate_representative,candidate_representative,select_representative,reconciled_episode,selected_reporting_representative,select_representative,reconciled_episode,selected_reporting_representative,Episode role assigned independently for total and low-income units.
UNITQ_DEV_NCA19970145,DEV_NCA19970145,NCA19979027,candidate_duplicate,candidate_duplicate,exclude_duplicate,none,duplicate_reporting_excluded,exclude_duplicate,none,duplicate_reporting_excluded,Episode role assigned independently for total and low-income units.
UNITQ_DEV_NCA19970150,DEV_NCA19970150,NCA19970150,candidate_representative,candidate_representative,select_representative,reconciled_episode,selected_reporting_representative,select_representative,reconciled_episode,selected_reporting_representative,Episode role assigned independently for total and low-income units.
UNITQ_DEV_NCA19970150,DEV_NCA19970150,NCA19979028,candidate_duplicate,candidate_duplicate,exclude_duplicate,none,duplicate_reporting_excluded,exclude_duplicate,none,duplicate_reporting_excluded,Episode role assigned independently for total and low-income units.
UNITQ_DEV_NCA19970155,DEV_NCA19970155,NCA19970155,candidate_representative,candidate_representative,select_representative,reconciled_episode,selected_reporting_representative,select_representative,reconciled_episode,selected_reporting_representative,Episode role assigned independently for total and low-income units.
UNITQ_DEV_NCA19970155,DEV_NCA19970155,NCA19979029,candidate_duplicate,candidate_duplicate,exclude_duplicate,none,duplicate_reporting_excluded,exclude_duplicate,none,duplicate_reporting_excluded,Episode role assigned independently for total and low-income units.
UNITQ_DEV_NCA20100544,DEV_NCA20100544,NCA20100544,candidate_representative,candidate_representative,select_representative,reconciled_episode,selected_reporting_representative,select_representative,reconciled_episode,selected_reporting_representative,Episode role assigned independently for total and low-income units.
UNITQ_DEV_NCA20100544,DEV_NCA20100544,NCA20109027,candidate_duplicate,candidate_duplicate,exclude_duplicate,none,duplicate_reporting_excluded,exclude_duplicate,none,duplicate_reporting_excluded,Episode role assigned independently for total and low-income units.
UNITQ_DEV_NCA20220041,DEV_NCA20220041,NCA00000985,unresolved_pending_outside_read,unresolved_pending_outside_read,evidence_only,none,no_reliable_value_after_search,evidence_only,none,no_reliable_value_after_search,Episode role assigned independently for total and low-income units.
UNITQ_DEV_NCA20220041,DEV_NCA20220041,NCA20220041,unresolved_pending_outside_read,unresolved_pending_outside_read,evidence_only,none,no_reliable_value_after_search,evidence_only,none,no_reliable_value_after_search,Episode role assigned independently for total and low-income units.
UNITQ_DEV_NCA20250008,DEV_NCA20250008,NCA0000X386,unresolved_pending_outside_read,unresolved_pending_outside_read,evidence_only,none,no_reliable_value_after_search,evidence_only,none,no_reliable_value_after_search,Episode role assigned independently for total and low-income units.
UNITQ_DEV_NCA20250008,DEV_NCA20250008,NCA20250008,unresolved_pending_outside_read,unresolved_pending_outside_read,evidence_only,none,no_reliable_value_after_search,evidence_only,none,no_reliable_value_after_search,Episode role assigned independently for total and low-income units.
UNITQ_DEV_NCA20250024,DEV_NCA20250024,NCA0000X445,unresolved_pending_outside_read,unresolved_pending_outside_read,evidence_only,none,no_reliable_value_after_search,evidence_only,none,no_reliable_value_after_search,Episode role assigned independently for total and low-income units.
UNITQ_DEV_NCA20250024,DEV_NCA20250024,NCA20250024,unresolved_pending_outside_read,unresolved_pending_outside_read,evidence_only,none,no_reliable_value_after_search,evidence_only,none,no_reliable_value_after_search,Episode role assigned independently for total and low-income units.
UNITQ_DEV_NDA19930020,DEV_NDA19930020,NDA19930020,candidate_representative,candidate_representative,select_representative,reconciled_episode,selected_reporting_representative,select_representative,reconciled_episode,selected_reporting_representative,Episode role assigned independently for total and low-income units.
UNITQ_DEV_NDA19930020,DEV_NDA19930020,NDA19939002,candidate_duplicate,candidate_duplicate,exclude_duplicate,none,duplicate_reporting_excluded,exclude_duplicate,none,duplicate_reporting_excluded,Episode role assigned independently for total and low-income units.
UNITQ_DEV_NDA19940045,DEV_NDA19940045,NDA19940045,unresolved_pending_outside_read,unresolved_pending_outside_read,evidence_only,none,no_reliable_value_after_search,evidence_only,none,no_reliable_value_after_search,Episode role assigned independently for total and low-income units.
UNITQ_DEV_NDA19940045,DEV_NDA19940045,NDA19940050,unresolved_pending_outside_read,unresolved_pending_outside_read,evidence_only,none,no_reliable_value_after_search,evidence_only,none,no_reliable_value_after_search,Episode role assigned independently for total and low-income units.
UNITQ_DEV_NDA19940045,DEV_NDA19940045,NDA19949001,unresolved_pending_outside_read,unresolved_pending_outside_read,evidence_only,none,no_reliable_value_after_search,evidence_only,none,no_reliable_value_after_search,Episode role assigned independently for total and low-income units.
UNITQ_DEV_NDA19950030,DEV_NDA19950030,NDA19950030,candidate_representative,candidate_representative,select_representative,reconciled_episode,selected_reporting_representative,select_representative,reconciled_episode,selected_reporting_representative,Episode role assigned independently for total and low-income units.
UNITQ_DEV_NDA19950030,DEV_NDA19950030,NDA19959015,candidate_duplicate,candidate_duplicate,exclude_duplicate,none,duplicate_reporting_excluded,exclude_duplicate,none,duplicate_reporting_excluded,Episode role assigned independently for total and low-income units.
UNITQ_DEV_NDA19950035,DEV_NDA19950035,NDA19950035,candidate_representative,candidate_representative,select_representative,reconciled_episode,selected_reporting_representative,select_representative,reconciled_episode,selected_reporting_representative,Episode role assigned independently for total and low-income units.
UNITQ_DEV_NDA19950035,DEV_NDA19950035,NDA19959006,candidate_duplicate,candidate_duplicate,exclude_duplicate,none,duplicate_reporting_excluded,exclude_duplicate,none,duplicate_reporting_excluded,Episode role assigned independently for total and low-income units.
UNITQ_DEV_NDA19950040,DEV_NDA19950040,NDA19950040,candidate_representative,candidate_representative,select_representative,reconciled_episode,selected_reporting_representative,select_representative,reconciled_episode,selected_reporting_representative,Episode role assigned independently for total and low-income units.
UNITQ_DEV_NDA19950040,DEV_NDA19950040,NDA19959007,candidate_duplicate,candidate_duplicate,exclude_duplicate,none,duplicate_reporting_excluded,exclude_duplicate,none,duplicate_reporting_excluded,Episode role assigned independently for total and low-income units.
UNITQ_DEV_NDA19950045,DEV_NDA19950045,NDA19950045,candidate_representative,candidate_representative,select_representative,reconciled_episode,selected_reporting_representative,select_representative,reconciled_episode,selected_reporting_representative,Episode role assigned independently for total and low-income units.
UNITQ_DEV_NDA19950045,DEV_NDA19950045,NDA19959008,candidate_duplicate,candidate_duplicate,exclude_duplicate,none,duplicate_reporting_excluded,exclude_duplicate,none,duplicate_reporting_excluded,Episode role assigned independently for total and low-income units.
UNITQ_DEV_NDA19950050,DEV_NDA19950050,NDA19950050,candidate_representative,candidate_representative,select_representative,reconciled_episode,selected_reporting_representative,select_representative,reconciled_episode,selected_reporting_representative,Episode role assigned independently for total and low-income units.
UNITQ_DEV_NDA19950050,DEV_NDA19950050,NDA19959009,candidate_duplicate,candidate_duplicate,exclude_duplicate,none,duplicate_reporting_excluded,exclude_duplicate,none,duplicate_reporting_excluded,Episode role assigned independently for total and low-income units.
UNITQ_DEV_NDA19950055,DEV_NDA19950055,NDA19950055,candidate_representative,candidate_representative,select_representative,reconciled_episode,selected_reporting_representative,select_representative,reconciled_episode,selected_reporting_representative,Episode role assigned independently for total and low-income units.
UNITQ_DEV_NDA19950055,DEV_NDA19950055,NDA19959010,candidate_duplicate,candidate_duplicate,exclude_duplicate,none,duplicate_reporting_excluded,exclude_duplicate,none,duplicate_reporting_excluded,Episode role assigned independently for total and low-income units.
UNITQ_DEV_NDA20050015,DEV_NDA20050015,NDA20050015,candidate_representative,candidate_representative,select_representative,reconciled_episode,selected_reporting_representative,select_representative,reconciled_episode,selected_reporting_representative,Episode role assigned independently for total and low-income units.
UNITQ_DEV_NDA20050015,DEV_NDA20050015,NDA20059004,candidate_duplicate,candidate_duplicate,exclude_duplicate,none,duplicate_reporting_excluded,exclude_duplicate,none,duplicate_reporting_excluded,Episode role assigned independently for total and low-income units.
UNITQ_DEV_NDA20060036,DEV_NDA20060036,NDA20060036,candidate_representative,candidate_representative,select_representative,reconciled_episode,selected_reporting_representative,select_representative,reconciled_episode,selected_reporting_representative,Episode role assigned independently for total and low-income units.
UNITQ_DEV_NDA20060036,DEV_NDA20060036,NDA20069008,candidate_duplicate,candidate_duplicate,exclude_duplicate,none,duplicate_reporting_excluded,exclude_duplicate,none,duplicate_reporting_excluded,Episode role assigned independently for total and low-income units.
UNITQ_DEV_NDA20070040,DEV_NDA20070040,NDA20070040,candidate_representative,candidate_representative,select_representative,reconciled_episode,selected_reporting_representative,select_representative,reconciled_episode,selected_reporting_representative,Episode role assigned independently for total and low-income units.
UNITQ_DEV_NDA20070040,DEV_NDA20070040,NDA20079010,candidate_duplicate,candidate_duplicate,exclude_duplicate,none,duplicate_reporting_excluded,exclude_duplicate,none,duplicate_reporting_excluded,Episode role assigned independently for total and low-income units.
UNITQ_DEV_NDA20070045,DEV_NDA20070045,NDA20070045,unresolved_pending_outside_read,unresolved_pending_outside_read,evidence_only,none,no_reliable_value_after_search,evidence_only,none,no_reliable_value_after_search,Episode role assigned independently for total and low-income units.
UNITQ_DEV_NDA20070045,DEV_NDA20070045,NDA20079011,unresolved_pending_outside_read,unresolved_pending_outside_read,evidence_only,none,no_reliable_value_after_search,evidence_only,none,no_reliable_value_after_search,Episode role assigned independently for total and low-income units.
UNITQ_DEV_NDA20080025,DEV_NDA20080025,NDA20080025,candidate_representative,candidate_representative,select_representative,reconciled_episode,selected_reporting_representative,select_representative,reconciled_episode,selected_reporting_representative,Episode role assigned independently for total and low-income units.
UNITQ_DEV_NDA20080025,DEV_NDA20080025,NDA20089006,candidate_duplicate,candidate_duplicate,exclude_duplicate,none,duplicate_reporting_excluded,exclude_duplicate,none,duplicate_reporting_excluded,Episode role assigned independently for total and low-income units.
UNITQ_DEV_NHA20231002,DEV_NHA20231002,NHA20231002,candidate_component,candidate_component,include_component,reconciled_episode,distinct_component_included,include_component,reconciled_episode,distinct_component_included,Episode role assigned independently for total and low-income units.
UNITQ_DEV_NHA20231002,DEV_NHA20231002,NHA20231003,candidate_component,candidate_component,include_component,reconciled_episode,distinct_component_included,include_component,reconciled_episode,distinct_component_included,Episode role assigned independently for total and low-income units.
UNITQ_DEV_NJA0000X002,DEV_NJA0000X002,NJA0000X002,candidate_representative,unresolved_pending_outside_read,select_representative,reconciled_episode,selected_reporting_representative,evidence_only,none,no_reliable_value_after_search,Episode role assigned independently for total and low-income units.
UNITQ_DEV_NJA0000X002,DEV_NJA0000X002,NJA20202164,candidate_duplicate,unresolved_pending_outside_read,exclude_duplicate,none,duplicate_reporting_excluded,evidence_only,none,no_reliable_value_after_search,Episode role assigned independently for total and low-income units.
UNITQ_DEV_NJA19900015,DEV_NJA19900015,NJA19900015,candidate_representative,candidate_representative,select_representative,reconciled_episode,selected_reporting_representative,select_representative,reconciled_episode,selected_reporting_representative,Episode role assigned independently for total and low-income units.
UNITQ_DEV_NJA19900015,DEV_NJA19900015,NJA19909023,candidate_duplicate,candidate_duplicate,exclude_duplicate,none,duplicate_reporting_excluded,exclude_duplicate,none,duplicate_reporting_excluded,Episode role assigned independently for total and low-income units.
UNITQ_DEV_NJA19909001,DEV_NJA19909001,NJA19909001,candidate_representative,candidate_representative,select_representative,reconciled_episode,selected_reporting_representative,select_representative,reconciled_episode,selected_reporting_representative,Episode role assigned independently for total and low-income units.
UNITQ_DEV_NJA19909001,DEV_NJA19909001,NJA19909003,candidate_duplicate,candidate_duplicate,exclude_duplicate,none,duplicate_reporting_excluded,exclude_duplicate,none,duplicate_reporting_excluded,Episode role assigned independently for total and low-income units.
UNITQ_DEV_NJA19910015,DEV_NJA19910015,NJA19910015,candidate_representative,candidate_representative,select_representative,reconciled_episode,selected_reporting_representative,select_representative,reconciled_episode,selected_reporting_representative,Episode role assigned independently for total and low-income units.
UNITQ_DEV_NJA19910015,DEV_NJA19910015,NJA19919001,candidate_duplicate,candidate_duplicate,exclude_duplicate,none,duplicate_reporting_excluded,exclude_duplicate,none,duplicate_reporting_excluded,Episode role assigned independently for total and low-income units.
UNITQ_DEV_NJA19910015,DEV_NJA19910015,NJA19919003,candidate_duplicate,candidate_duplicate,exclude_duplicate,none,duplicate_reporting_excluded,exclude_duplicate,none,duplicate_reporting_excluded,Episode role assigned independently for total and low-income units.
UNITQ_DEV_NJA19919004,DEV_NJA19919004,NJA19919004,candidate_representative,candidate_representative,select_representative,reconciled_episode,selected_reporting_representative,select_representative,reconciled_episode,selected_reporting_representative,Episode role assigned independently for total and low-income units.
UNITQ_DEV_NJA19919004,DEV_NJA19919004,NJA20120947,candidate_duplicate,candidate_duplicate,exclude_duplicate,none,duplicate_reporting_excluded,exclude_duplicate,none,duplicate_reporting_excluded,Episode role assigned independently for total and low-income units.
UNITQ_DEV_NJA19919011,DEV_NJA19919011,NJA19919011,unresolved_pending_outside_read,unresolved_pending_outside_read,evidence_only,none,no_reliable_value_after_search,evidence_only,none,no_reliable_value_after_search,Episode role assigned independently for total and low-income units.
UNITQ_DEV_NJA19919011,DEV_NJA19919011,NJA20230182,unresolved_pending_outside_read,unresolved_pending_outside_read,evidence_only,none,no_reliable_value_after_search,evidence_only,none,no_reliable_value_after_search,Episode role assigned independently for total and low-income units.
UNITQ_DEV_NJA19919015,DEV_NJA19919015,NJA19919015,candidate_representative,candidate_representative,select_representative,reconciled_episode,selected_reporting_representative,select_representative,reconciled_episode,selected_reporting_representative,Episode role assigned independently for total and low-income units.
UNITQ_DEV_NJA19919015,DEV_NJA19919015,NJA19929001,candidate_duplicate,candidate_duplicate,exclude_duplicate,none,duplicate_reporting_excluded,exclude_duplicate,none,duplicate_reporting_excluded,Episode role assigned independently for total and low-income units.
UNITQ_DEV_NJA19920020,DEV_NJA19920020,NJA19920020,unresolved_pending_outside_read,unresolved_pending_outside_read,evidence_only,none,no_reliable_value_after_search,evidence_only,none,no_reliable_value_after_search,Episode role assigned independently for total and low-income units.
UNITQ_DEV_NJA19920020,DEV_NJA19920020,NJA19929007,unresolved_pending_outside_read,unresolved_pending_outside_read,evidence_only,none,no_reliable_value_after_search,evidence_only,none,no_reliable_value_after_search,Episode role assigned independently for total and low-income units.
UNITQ_DEV_NJA19929004,DEV_NJA19929004,NJA19929004,candidate_representative,candidate_representative,select_representative,reconciled_episode,selected_reporting_representative,select_representative,reconciled_episode,selected_reporting_representative,Episode role assigned independently for total and low-income units.
UNITQ_DEV_NJA19929004,DEV_NJA19929004,NJA19929012,candidate_duplicate,candidate_duplicate,exclude_duplicate,none,duplicate_reporting_excluded,exclude_duplicate,none,duplicate_reporting_excluded,Episode role assigned independently for total and low-income units.
UNITQ_DEV_NJA19929015,DEV_NJA19929015,NJA19929015,candidate_representative,candidate_representative,select_representative,reconciled_episode,selected_reporting_representative,select_representative,reconciled_episode,selected_reporting_representative,Episode role assigned independently for total and low-income units.
UNITQ_DEV_NJA19929015,DEV_NJA19929015,NJA19939026,candidate_duplicate,candidate_duplicate,exclude_duplicate,none,duplicate_reporting_excluded,exclude_duplicate,none,duplicate_reporting_excluded,Episode role assigned independently for total and low-income units.
UNITQ_DEV_NJA19930030,DEV_NJA19930030,NJA19930030,unresolved_pending_outside_read,unresolved_pending_outside_read,evidence_only,none,no_reliable_value_after_search,evidence_only,none,no_reliable_value_after_search,Episode role assigned independently for total and low-income units.
UNITQ_DEV_NJA19930030,DEV_NJA19930030,NJA19939032,unresolved_pending_outside_read,unresolved_pending_outside_read,evidence_only,none,no_reliable_value_after_search,evidence_only,none,no_reliable_value_after_search,Episode role assigned independently for total and low-income units.
UNITQ_DEV_NJA19930035,DEV_NJA19930035,NJA19930035,candidate_representative,candidate_representative,select_representative,reconciled_episode,selected_reporting_representative,select_representative,reconciled_episode,selected_reporting_representative,Episode role assigned independently for total and low-income units.
UNITQ_DEV_NJA19930035,DEV_NJA19930035,NJA20123013,candidate_duplicate,candidate_duplicate,exclude_duplicate,none,duplicate_reporting_excluded,exclude_duplicate,none,duplicate_reporting_excluded,Episode role assigned independently for total and low-income units.
UNITQ_DEV_NJA19930065,DEV_NJA19930065,NJA19930065,candidate_representative,candidate_representative,select_representative,reconciled_episode,selected_reporting_representative,select_representative,reconciled_episode,selected_reporting_representative,Episode role assigned independently for total and low-income units.
UNITQ_DEV_NJA19930065,DEV_NJA19930065,NJA19939004,candidate_duplicate,candidate_duplicate,exclude_duplicate,none,duplicate_reporting_excluded,exclude_duplicate,none,duplicate_reporting_excluded,Episode role assigned independently for total and low-income units.
UNITQ_DEV_NJA19930065,DEV_NJA19930065,NJA19939037,candidate_duplicate,candidate_duplicate,exclude_duplicate,none,duplicate_reporting_excluded,exclude_duplicate,none,duplicate_reporting_excluded,Episode role assigned independently for total and low-income units.
UNITQ_DEV_NJA19930090,DEV_NJA19930090,NJA19930090,candidate_representative,candidate_representative,select_representative,reconciled_episode,selected_reporting_representative,select_representative,reconciled_episode,selected_reporting_representative,Episode role assigned independently for total and low-income units.
UNITQ_DEV_NJA19930090,DEV_NJA19930090,NJA20120892,candidate_duplicate,candidate_duplicate,exclude_duplicate,none,duplicate_reporting_excluded,exclude_duplicate,none,duplicate_reporting_excluded,Episode role assigned independently for total and low-income units.
UNITQ_DEV_NJA19930090,DEV_NJA19930090,NJA20123067,candidate_duplicate,candidate_duplicate,exclude_duplicate,none,duplicate_reporting_excluded,exclude_duplicate,none,duplicate_reporting_excluded,Episode role assigned independently for total and low-income units.
UNITQ_DEV_NJA19930150,DEV_NJA19930150,NJA19930150,candidate_representative,candidate_representative,select_representative,reconciled_episode,selected_reporting_representative,select_representative,reconciled_episode,selected_reporting_representative,Episode role assigned independently for total and low-income units.
UNITQ_DEV_NJA19930150,DEV_NJA19930150,NJA20190020,candidate_duplicate,candidate_duplicate,exclude_duplicate,none,duplicate_reporting_excluded,exclude_duplicate,none,duplicate_reporting_excluded,Episode role assigned independently for total and low-income units.
UNITQ_DEV_NJA19939010,DEV_NJA19939010,NJA19939010,candidate_representative,candidate_representative,select_representative,reconciled_episode,selected_reporting_representative,select_representative,reconciled_episode,selected_reporting_representative,Episode role assigned independently for total and low-income units.
UNITQ_DEV_NJA19939010,DEV_NJA19939010,NJA20120949,candidate_duplicate,candidate_duplicate,exclude_duplicate,none,duplicate_reporting_excluded,exclude_duplicate,none,duplicate_reporting_excluded,Episode role assigned independently for total and low-income units.
UNITQ_DEV_NJA19939010,DEV_NJA19939010,NJA20123008,candidate_duplicate,candidate_duplicate,exclude_duplicate,none,duplicate_reporting_excluded,exclude_duplicate,none,duplicate_reporting_excluded,Episode role assigned independently for total and low-income units.
UNITQ_DEV_NJA19939011,DEV_NJA19939011,NJA19939011,unresolved_pending_outside_read,unresolved_pending_outside_read,evidence_only,none,no_reliable_value_after_search,evidence_only,none,no_reliable_value_after_search,Episode role assigned independently for total and low-income units.
UNITQ_DEV_NJA19939011,DEV_NJA19939011,NJA19939033,unresolved_pending_outside_read,unresolved_pending_outside_read,evidence_only,none,no_reliable_value_after_search,evidence_only,none,no_reliable_value_after_search,Episode role assigned independently for total and low-income units.
UNITQ_DEV_NJA19939039,DEV_NJA19939039,NJA19939039,candidate_representative,candidate_representative,select_representative,reconciled_episode,selected_reporting_representative,select_representative,reconciled_episode,selected_reporting_representative,Episode role assigned independently for total and low-income units.
UNITQ_DEV_NJA19939039,DEV_NJA19939039,NJA20123066,candidate_duplicate,candidate_duplicate,exclude_duplicate,none,duplicate_reporting_excluded,exclude_duplicate,none,duplicate_reporting_excluded,Episode role assigned independently for total and low-income units.
UNITQ_DEV_NJA19940055,DEV_NJA19940055,NJA19940055,candidate_representative,candidate_representative,select_representative,reconciled_episode,selected_reporting_representative,select_representative,reconciled_episode,selected_reporting_representative,Episode role assigned independently for total and low-income units.
UNITQ_DEV_NJA19940055,DEV_NJA19940055,NJA19949018,candidate_duplicate,candidate_duplicate,exclude_duplicate,none,duplicate_reporting_excluded,exclude_duplicate,none,duplicate_reporting_excluded,Episode role assigned independently for total and low-income units.
UNITQ_DEV_NJA19949008,DEV_NJA19949008,NJA19949008,candidate_representative,candidate_representative,select_representative,reconciled_episode,selected_reporting_representative,select_representative,reconciled_episode,selected_reporting_representative,Episode role assigned independently for total and low-income units.
UNITQ_DEV_NJA19949008,DEV_NJA19949008,NJA19959891,candidate_duplicate,candidate_duplicate,exclude_duplicate,none,duplicate_reporting_excluded,exclude_duplicate,none,duplicate_reporting_excluded,Episode role assigned independently for total and low-income units.
UNITQ_DEV_NJA19949012,DEV_NJA19949012,NJA19949012,unresolved_pending_outside_read,unresolved_pending_outside_read,evidence_only,none,no_reliable_value_after_search,evidence_only,none,no_reliable_value_after_search,Episode role assigned independently for total and low-income units.
UNITQ_DEV_NJA19949012,DEV_NJA19949012,NJA19949867,unresolved_pending_outside_read,unresolved_pending_outside_read,evidence_only,none,no_reliable_value_after_search,evidence_only,none,no_reliable_value_after_search,Episode role assigned independently for total and low-income units.
UNITQ_DEV_NJA19949022,DEV_NJA19949022,NJA19949022,candidate_representative,candidate_representative,select_representative,reconciled_episode,selected_reporting_representative,select_representative,reconciled_episode,selected_reporting_representative,Episode role assigned independently for total and low-income units.
UNITQ_DEV_NJA19949022,DEV_NJA19949022,NJA20120843,candidate_duplicate,candidate_duplicate,exclude_duplicate,none,duplicate_reporting_excluded,exclude_duplicate,none,duplicate_reporting_excluded,Episode role assigned independently for total and low-income units.
UNITQ_DEV_NJA19950050,DEV_NJA19950050,NJA19950050,unresolved_pending_outside_read,unresolved_pending_outside_read,evidence_only,none,no_reliable_value_after_search,evidence_only,none,no_reliable_value_after_search,Episode role assigned independently for total and low-income units.
UNITQ_DEV_NJA19950050,DEV_NJA19950050,NJA19959029,unresolved_pending_outside_read,unresolved_pending_outside_read,evidence_only,none,no_reliable_value_after_search,evidence_only,none,no_reliable_value_after_search,Episode role assigned independently for total and low-income units.
UNITQ_DEV_NJA19950055,DEV_NJA19950055,NJA19950055,unresolved_pending_outside_read,unresolved_pending_outside_read,evidence_only,none,external_value_not_episode_allocated,evidence_only,none,no_reliable_value_after_search,The HUD episode remains preserved as source evidence. Member roles govern only the static physical-development unit value.
UNITQ_DEV_NJA19950055,DEV_NJA19950055,NJA19950067,unresolved_pending_outside_read,unresolved_pending_outside_read,evidence_only,none,external_value_not_episode_allocated,evidence_only,none,no_reliable_value_after_search,The HUD episode remains preserved as source evidence. Member roles govern only the static physical-development unit value.
UNITQ_DEV_NJA19950125,DEV_NJA19950125,NJA19950068,unresolved_pending_outside_read,unresolved_pending_outside_read,evidence_only,none,no_reliable_value_after_search,evidence_only,none,no_reliable_value_after_search,The HUD episode remains preserved as source evidence. Member roles govern only the static physical-development unit value.
UNITQ_DEV_NJA19950125,DEV_NJA19950125,NJA19950125,unresolved_pending_outside_read,unresolved_pending_outside_read,evidence_only,none,no_reliable_value_after_search,evidence_only,none,no_reliable_value_after_search,The HUD episode remains preserved as source evidence. Member roles govern only the static physical-development unit value.
UNITQ_DEV_NJA19950125,DEV_NJA19950125,NJA20123140,unresolved_pending_outside_read,unresolved_pending_outside_read,evidence_only,none,no_reliable_value_after_search,evidence_only,none,no_reliable_value_after_search,The HUD episode remains preserved as source evidence. Member roles govern only the static physical-development unit value.
UNITQ_DEV_NJA19950140,DEV_NJA19950140,NJA19950140,candidate_representative,candidate_representative,select_representative,reconciled_episode,selected_reporting_representative,select_representative,reconciled_episode,selected_reporting_representative,Episode role assigned independently for total and low-income units.
UNITQ_DEV_NJA19950140,DEV_NJA19950140,NJA20200048,candidate_duplicate,candidate_duplicate,exclude_duplicate,none,duplicate_reporting_excluded,exclude_duplicate,none,duplicate_reporting_excluded,Episode role assigned independently for total and low-income units.
UNITQ_DEV_NJA19959020,DEV_NJA19959020,NJA19959020,unresolved_pending_outside_read,unresolved_pending_outside_read,evidence_only,none,no_reliable_value_after_search,evidence_only,none,no_reliable_value_after_search,Episode role assigned independently for total and low-income units.
UNITQ_DEV_NJA19959020,DEV_NJA19959020,NJA19959887,unresolved_pending_outside_read,unresolved_pending_outside_read,evidence_only,none,no_reliable_value_after_search,evidence_only,none,no_reliable_value_after_search,Episode role assigned independently for total and low-income units.
UNITQ_DEV_NJA19959033,DEV_NJA19959033,NJA19959033,candidate_representative,candidate_representative,select_representative,reconciled_episode,selected_reporting_representative,select_representative,reconciled_episode,selected_reporting_representative,Episode role assigned independently for total and low-income units.
UNITQ_DEV_NJA19959033,DEV_NJA19959033,NJA20120890,candidate_duplicate,candidate_duplicate,exclude_duplicate,none,duplicate_reporting_excluded,exclude_duplicate,none,duplicate_reporting_excluded,Episode role assigned independently for total and low-income units.
UNITQ_DEV_NJA19959036,DEV_NJA19959036,NJA19959036,candidate_representative,candidate_representative,select_representative,reconciled_episode,selected_reporting_representative,select_representative,reconciled_episode,selected_reporting_representative,Episode role assigned independently for total and low-income units.
UNITQ_DEV_NJA19959036,DEV_NJA19959036,NJA20120867,candidate_duplicate,candidate_duplicate,exclude_duplicate,none,duplicate_reporting_excluded,exclude_duplicate,none,duplicate_reporting_excluded,Episode role assigned independently for total and low-income units.
UNITQ_DEV_NJA19959041,DEV_NJA19959041,NJA19959041,candidate_representative,candidate_representative,select_representative,reconciled_episode,selected_reporting_representative,select_representative,reconciled_episode,selected_reporting_representative,Episode role assigned independently for total and low-income units.
UNITQ_DEV_NJA19959041,DEV_NJA19959041,NJA20120841,candidate_duplicate,candidate_duplicate,exclude_duplicate,none,duplicate_reporting_excluded,exclude_duplicate,none,duplicate_reporting_excluded,Episode role assigned independently for total and low-income units.
UNITQ_DEV_NJA19960015,DEV_NJA19960015,NJA19960015,unresolved_pending_outside_read,unresolved_pending_outside_read,evidence_only,none,no_reliable_value_after_search,evidence_only,none,no_reliable_value_after_search,Episode role assigned independently for total and low-income units.
UNITQ_DEV_NJA19960015,DEV_NJA19960015,NJA19969019,unresolved_pending_outside_read,unresolved_pending_outside_read,evidence_only,none,no_reliable_value_after_search,evidence_only,none,no_reliable_value_after_search,Episode role assigned independently for total and low-income units.
UNITQ_DEV_NJA19960095,DEV_NJA19960095,NJA19960095,unresolved_pending_outside_read,unresolved_pending_outside_read,evidence_only,none,external_value_not_episode_allocated,evidence_only,none,no_reliable_value_after_search,The HUD episode remains preserved as source evidence. Member roles govern only the static physical-development unit value.
UNITQ_DEV_NJA19960095,DEV_NJA19960095,NJA19970085,unresolved_pending_outside_read,unresolved_pending_outside_read,evidence_only,none,external_value_not_episode_allocated,evidence_only,none,no_reliable_value_after_search,The HUD episode remains preserved as source evidence. Member roles govern only the static physical-development unit value.
UNITQ_DEV_NJA19960095,DEV_NJA19960095,NJA19979041,unresolved_pending_outside_read,unresolved_pending_outside_read,evidence_only,none,external_value_not_episode_allocated,evidence_only,none,no_reliable_value_after_search,The HUD episode remains preserved as source evidence. Member roles govern only the static physical-development unit value.
UNITQ_DEV_NJA19969011,DEV_NJA19969011,NJA19969011,candidate_representative,candidate_representative,select_representative,reconciled_episode,selected_reporting_representative,select_representative,reconciled_episode,selected_reporting_representative,Episode role assigned independently for total and low-income units.
UNITQ_DEV_NJA19969011,DEV_NJA19969011,NJA19969027,candidate_duplicate,candidate_duplicate,exclude_duplicate,none,duplicate_reporting_excluded,exclude_duplicate,none,duplicate_reporting_excluded,Episode role assigned independently for total and low-income units.
UNITQ_DEV_NJA19969012,DEV_NJA19969012,NJA19969012,candidate_representative,candidate_representative,select_representative,reconciled_episode,selected_reporting_representative,select_representative,reconciled_episode,selected_reporting_representative,Episode role assigned independently for total and low-income units.
UNITQ_DEV_NJA19969012,DEV_NJA19969012,NJA20120830,candidate_duplicate,candidate_duplicate,exclude_duplicate,none,duplicate_reporting_excluded,exclude_duplicate,none,duplicate_reporting_excluded,Episode role assigned independently for total and low-income units.
UNITQ_DEV_NJA19969012,DEV_NJA19969012,NJA20123130,candidate_duplicate,candidate_duplicate,exclude_duplicate,none,duplicate_reporting_excluded,exclude_duplicate,none,duplicate_reporting_excluded,Episode role assigned independently for total and low-income units.
UNITQ_DEV_NJA19969018,DEV_NJA19969018,NJA19969018,candidate_representative,candidate_representative,select_representative,reconciled_episode,selected_reporting_representative,select_representative,reconciled_episode,selected_reporting_representative,Episode role assigned independently for total and low-income units.
UNITQ_DEV_NJA19969018,DEV_NJA19969018,NJA20120882,candidate_duplicate,candidate_duplicate,exclude_duplicate,none,duplicate_reporting_excluded,exclude_duplicate,none,duplicate_reporting_excluded,Episode role assigned independently for total and low-income units.
UNITQ_DEV_NJA19969020,DEV_NJA19969020,NJA19969020,candidate_representative,candidate_representative,select_representative,reconciled_episode,selected_reporting_representative,select_representative,reconciled_episode,selected_reporting_representative,Episode role assigned independently for total and low-income units.
UNITQ_DEV_NJA19969020,DEV_NJA19969020,NJA20120863,candidate_duplicate,candidate_duplicate,exclude_duplicate,none,duplicate_reporting_excluded,exclude_duplicate,none,duplicate_reporting_excluded,Episode role assigned independently for total and low-income units.
UNITQ_DEV_NJA19969037,DEV_NJA19969037,NJA19969037,candidate_representative,candidate_representative,select_representative,reconciled_episode,selected_reporting_representative,select_representative,reconciled_episode,selected_reporting_representative,Episode role assigned independently for total and low-income units.
UNITQ_DEV_NJA19969037,DEV_NJA19969037,NJA20123098,candidate_duplicate,candidate_duplicate,exclude_duplicate,none,duplicate_reporting_excluded,exclude_duplicate,none,duplicate_reporting_excluded,Episode role assigned independently for total and low-income units.
UNITQ_DEV_NJA19970015,DEV_NJA19970015,NJA19970015,unresolved_pending_outside_read,unresolved_pending_outside_read,evidence_only,none,no_reliable_value_after_search,evidence_only,none,no_reliable_value_after_search,Episode role assigned independently for total and low-income units.
UNITQ_DEV_NJA19970015,DEV_NJA19970015,NJA19979022,unresolved_pending_outside_read,unresolved_pending_outside_read,evidence_only,none,no_reliable_value_after_search,evidence_only,none,no_reliable_value_after_search,Episode role assigned independently for total and low-income units.
UNITQ_DEV_NJA19970080,DEV_NJA19970080,NJA19970080,candidate_representative,candidate_representative,select_representative,reconciled_episode,selected_reporting_representative,select_representative,reconciled_episode,selected_reporting_representative,Episode role assigned independently for total and low-income units.
UNITQ_DEV_NJA19970080,DEV_NJA19970080,NJA19979007,candidate_duplicate,candidate_duplicate,exclude_duplicate,none,duplicate_reporting_excluded,exclude_duplicate,none,duplicate_reporting_excluded,Episode role assigned independently for total and low-income units.
UNITQ_DEV_NJA19970090,DEV_NJA19970090,NJA00000076,unresolved_pending_outside_read,unresolved_pending_outside_read,evidence_only,none,external_value_not_episode_allocated,evidence_only,none,no_reliable_value_after_search,The HUD episode remains preserved as source evidence. Member roles govern only the static physical-development unit value.
UNITQ_DEV_NJA19970090,DEV_NJA19970090,NJA19970090,unresolved_pending_outside_read,unresolved_pending_outside_read,evidence_only,none,external_value_not_episode_allocated,evidence_only,none,no_reliable_value_after_search,The HUD episode remains preserved as source evidence. Member roles govern only the static physical-development unit value.
UNITQ_DEV_NJA19970090,DEV_NJA19970090,NJA19970107,unresolved_pending_outside_read,unresolved_pending_outside_read,evidence_only,none,external_value_not_episode_allocated,evidence_only,none,no_reliable_value_after_search,The HUD episode remains preserved as source evidence. Member roles govern only the static physical-development unit value.
UNITQ_DEV_NJA19970090,DEV_NJA19970090,NJA19979037,unresolved_pending_outside_read,unresolved_pending_outside_read,evidence_only,none,external_value_not_episode_allocated,evidence_only,none,no_reliable_value_after_search,The HUD episode remains preserved as source evidence. Member roles govern only the static physical-development unit value.
UNITQ_DEV_NJA19970090,DEV_NJA19970090,NJA19979060,unresolved_pending_outside_read,unresolved_pending_outside_read,evidence_only,none,external_value_not_episode_allocated,evidence_only,none,no_reliable_value_after_search,The HUD episode remains preserved as source evidence. Member roles govern only the static physical-development unit value.
UNITQ_DEV_NJA19970090,DEV_NJA19970090,NJA20123115,unresolved_pending_outside_read,unresolved_pending_outside_read,evidence_only,none,external_value_not_episode_allocated,evidence_only,none,no_reliable_value_after_search,The HUD episode remains preserved as source evidence. Member roles govern only the static physical-development unit value.
UNITQ_DEV_NJA19970110,DEV_NJA19970110,NJA19970110,candidate_representative,candidate_representative,select_representative,reconciled_episode,selected_reporting_representative,select_representative,reconciled_episode,selected_reporting_representative,Episode role assigned independently for total and low-income units.
UNITQ_DEV_NJA19970110,DEV_NJA19970110,NJA19979044,candidate_duplicate,candidate_duplicate,exclude_duplicate,none,duplicate_reporting_excluded,exclude_duplicate,none,duplicate_reporting_excluded,Episode role assigned independently for total and low-income units.
UNITQ_DEV_NJA19970110,DEV_NJA19970110,NJA19979066,candidate_duplicate,candidate_duplicate,exclude_duplicate,none,duplicate_reporting_excluded,exclude_duplicate,none,duplicate_reporting_excluded,Episode role assigned independently for total and low-income units.
UNITQ_DEV_NJA19970155,DEV_NJA19970155,NJA19970155,unresolved_pending_outside_read,unresolved_pending_outside_read,evidence_only,none,no_reliable_value_after_search,evidence_only,none,no_reliable_value_after_search,Episode role assigned independently for total and low-income units.
UNITQ_DEV_NJA19970155,DEV_NJA19970155,NJA19979042,unresolved_pending_outside_read,unresolved_pending_outside_read,evidence_only,none,no_reliable_value_after_search,evidence_only,none,no_reliable_value_after_search,Episode role assigned independently for total and low-income units.
UNITQ_DEV_NJA19970195,DEV_NJA19970195,NJA19970195,candidate_representative,candidate_representative,select_representative,reconciled_episode,selected_reporting_representative,select_representative,reconciled_episode,selected_reporting_representative,Episode role assigned independently for total and low-income units.
UNITQ_DEV_NJA19970195,DEV_NJA19970195,NJA19979043,candidate_duplicate,candidate_duplicate,exclude_duplicate,none,duplicate_reporting_excluded,exclude_duplicate,none,duplicate_reporting_excluded,Episode role assigned independently for total and low-income units.
UNITQ_DEV_NJA19970195,DEV_NJA19970195,NJA20123144,candidate_duplicate,candidate_duplicate,exclude_duplicate,none,duplicate_reporting_excluded,exclude_duplicate,none,duplicate_reporting_excluded,Episode role assigned independently for total and low-income units.
UNITQ_DEV_NJA19979009,DEV_NJA19979009,NJA19979009,candidate_representative,candidate_representative,select_representative,reconciled_episode,selected_reporting_representative,select_representative,reconciled_episode,selected_reporting_representative,Episode role assigned independently for total and low-income units.
UNITQ_DEV_NJA19979009,DEV_NJA19979009,NJA20120946,candidate_duplicate,candidate_duplicate,exclude_duplicate,none,duplicate_reporting_excluded,exclude_duplicate,none,duplicate_reporting_excluded,Episode role assigned independently for total and low-income units.
UNITQ_DEV_NJA19979009,DEV_NJA19979009,NJA20123010,candidate_duplicate,candidate_duplicate,exclude_duplicate,none,duplicate_reporting_excluded,exclude_duplicate,none,duplicate_reporting_excluded,Episode role assigned independently for total and low-income units.
UNITQ_DEV_NJA19979011,DEV_NJA19979011,NJA19979011,candidate_representative,candidate_representative,select_representative,reconciled_episode,selected_reporting_representative,select_representative,reconciled_episode,selected_reporting_representative,Episode role assigned independently for total and low-income units.
UNITQ_DEV_NJA19979011,DEV_NJA19979011,NJA20123025,candidate_duplicate,candidate_duplicate,exclude_duplicate,none,duplicate_reporting_excluded,exclude_duplicate,none,duplicate_reporting_excluded,Episode role assigned independently for total and low-income units.
UNITQ_DEV_NJA19980110,DEV_NJA19980110,NJA19980110,unresolved_pending_outside_read,unresolved_pending_outside_read,evidence_only,none,no_reliable_value_after_search,evidence_only,none,no_reliable_value_after_search,Episode role assigned independently for total and low-income units.
UNITQ_DEV_NJA19980110,DEV_NJA19980110,NJA19989034,unresolved_pending_outside_read,unresolved_pending_outside_read,evidence_only,none,no_reliable_value_after_search,evidence_only,none,no_reliable_value_after_search,Episode role assigned independently for total and low-income units.
UNITQ_DEV_NJA19980150,DEV_NJA19980150,NJA19980150,candidate_representative,candidate_representative,select_representative,reconciled_episode,selected_reporting_representative,select_representative,reconciled_episode,selected_reporting_representative,Episode role assigned independently for total and low-income units.
UNITQ_DEV_NJA19980150,DEV_NJA19980150,NJA19989006,candidate_duplicate,candidate_duplicate,exclude_duplicate,none,duplicate_reporting_excluded,exclude_duplicate,none,duplicate_reporting_excluded,Episode role assigned independently for total and low-income units.
UNITQ_DEV_NJA19980165,DEV_NJA19980165,NJA19980165,candidate_representative,candidate_representative,select_representative,reconciled_episode,selected_reporting_representative,select_representative,reconciled_episode,selected_reporting_representative,Episode role assigned independently for total and low-income units.
UNITQ_DEV_NJA19980165,DEV_NJA19980165,NJA19989011,candidate_duplicate,candidate_duplicate,exclude_duplicate,none,duplicate_reporting_excluded,exclude_duplicate,none,duplicate_reporting_excluded,Episode role assigned independently for total and low-income units.
UNITQ_DEV_NJA19989024,DEV_NJA19989024,NJA19989024,unresolved_pending_outside_read,candidate_representative,evidence_only,none,no_reliable_value_after_search,select_representative,reconciled_episode,selected_reporting_representative,Episode role assigned independently for total and low-income units.
UNITQ_DEV_NJA19989024,DEV_NJA19989024,NJA19989082,unresolved_pending_outside_read,candidate_duplicate,evidence_only,none,no_reliable_value_after_search,exclude_duplicate,none,duplicate_reporting_excluded,Episode role assigned independently for total and low-income units.
UNITQ_DEV_NJA19989035,DEV_NJA19989035,NJA19989035,candidate_representative,candidate_representative,select_representative,reconciled_episode,selected_reporting_representative,select_representative,reconciled_episode,selected_reporting_representative,Episode role assigned independently for total and low-income units.
UNITQ_DEV_NJA19989035,DEV_NJA19989035,NJA19989067,candidate_duplicate,candidate_duplicate,exclude_duplicate,none,duplicate_reporting_excluded,exclude_duplicate,none,duplicate_reporting_excluded,Episode role assigned independently for total and low-income units.
UNITQ_DEV_NJA19989035,DEV_NJA19989035,NJA20080170,candidate_duplicate,candidate_duplicate,exclude_duplicate,none,duplicate_reporting_excluded,exclude_duplicate,none,duplicate_reporting_excluded,Episode role assigned independently for total and low-income units.
UNITQ_DEV_NJA19989074,DEV_NJA19989074,NJA19989074,candidate_representative,candidate_representative,select_representative,reconciled_episode,selected_reporting_representative,select_representative,reconciled_episode,selected_reporting_representative,Episode role assigned independently for total and low-income units.
UNITQ_DEV_NJA19989074,DEV_NJA19989074,NJA20120877,candidate_duplicate,candidate_duplicate,exclude_duplicate,none,duplicate_reporting_excluded,exclude_duplicate,none,duplicate_reporting_excluded,Episode role assigned independently for total and low-income units.
UNITQ_DEV_NJA19990030,DEV_NJA19990030,NJA19990030,candidate_representative,candidate_representative,select_representative,reconciled_episode,selected_reporting_representative,select_representative,reconciled_episode,selected_reporting_representative,Episode role assigned independently for total and low-income units.
UNITQ_DEV_NJA19990030,DEV_NJA19990030,NJA19999022,candidate_duplicate,candidate_duplicate,exclude_duplicate,none,duplicate_reporting_excluded,exclude_duplicate,none,duplicate_reporting_excluded,Episode role assigned independently for total and low-income units.
UNITQ_DEV_NJA19990050,DEV_NJA19990050,NJA19990050,candidate_representative,candidate_representative,select_representative,reconciled_episode,selected_reporting_representative,select_representative,reconciled_episode,selected_reporting_representative,Episode role assigned independently for total and low-income units.
UNITQ_DEV_NJA19990050,DEV_NJA19990050,NJA19999015,candidate_duplicate,candidate_duplicate,exclude_duplicate,none,duplicate_reporting_excluded,exclude_duplicate,none,duplicate_reporting_excluded,Episode role assigned independently for total and low-income units.
UNITQ_DEV_NJA19990050,DEV_NJA19990050,NJA19999027,candidate_duplicate,candidate_duplicate,exclude_duplicate,none,duplicate_reporting_excluded,exclude_duplicate,none,duplicate_reporting_excluded,Episode role assigned independently for total and low-income units.
UNITQ_DEV_NJA19990050,DEV_NJA19990050,NJA20123105,candidate_duplicate,candidate_duplicate,exclude_duplicate,none,duplicate_reporting_excluded,exclude_duplicate,none,duplicate_reporting_excluded,Episode role assigned independently for total and low-income units.
UNITQ_DEV_NJA19990085,DEV_NJA19990085,NJA19990085,candidate_representative,candidate_representative,select_representative,reconciled_episode,selected_reporting_representative,select_representative,reconciled_episode,selected_reporting_representative,Episode role assigned independently for total and low-income units.
UNITQ_DEV_NJA19990085,DEV_NJA19990085,NJA19999001,candidate_duplicate,candidate_duplicate,exclude_duplicate,none,duplicate_reporting_excluded,exclude_duplicate,none,duplicate_reporting_excluded,Episode role assigned independently for total and low-income units.
UNITQ_DEV_NJA19990085,DEV_NJA19990085,NJA19999016,candidate_duplicate,candidate_duplicate,exclude_duplicate,none,duplicate_reporting_excluded,exclude_duplicate,none,duplicate_reporting_excluded,Episode role assigned independently for total and low-income units.
UNITQ_DEV_NJA19990100,DEV_NJA19990100,NJA19990100,candidate_representative,candidate_representative,select_representative,reconciled_episode,selected_reporting_representative,select_representative,reconciled_episode,selected_reporting_representative,Episode role assigned independently for total and low-income units.
UNITQ_DEV_NJA19990100,DEV_NJA19990100,NJA20009934,candidate_duplicate,candidate_duplicate,exclude_duplicate,none,duplicate_reporting_excluded,exclude_duplicate,none,duplicate_reporting_excluded,Episode role assigned independently for total and low-income units.
UNITQ_DEV_NJA19990120,DEV_NJA19990120,NJA19990120,unresolved_pending_outside_read,unresolved_pending_outside_read,evidence_only,none,no_reliable_value_after_search,evidence_only,none,no_reliable_value_after_search,Episode role assigned independently for total and low-income units.
UNITQ_DEV_NJA19990120,DEV_NJA19990120,NJA19999020,unresolved_pending_outside_read,unresolved_pending_outside_read,evidence_only,none,no_reliable_value_after_search,evidence_only,none,no_reliable_value_after_search,Episode role assigned independently for total and low-income units.
UNITQ_DEV_NJA19999026,DEV_NJA19999026,NJA19999026,candidate_representative,candidate_representative,select_representative,reconciled_episode,selected_reporting_representative,select_representative,reconciled_episode,selected_reporting_representative,Episode role assigned independently for total and low-income units.
UNITQ_DEV_NJA19999026,DEV_NJA19999026,NJA20120858,candidate_duplicate,candidate_duplicate,exclude_duplicate,none,duplicate_reporting_excluded,exclude_duplicate,none,duplicate_reporting_excluded,Episode role assigned independently for total and low-income units.
UNITQ_DEV_NJA19999026,DEV_NJA19999026,NJA20123101,candidate_duplicate,candidate_duplicate,exclude_duplicate,none,duplicate_reporting_excluded,exclude_duplicate,none,duplicate_reporting_excluded,Episode role assigned independently for total and low-income units.
UNITQ_DEV_NJA19999032,DEV_NJA19999032,NJA19999032,candidate_representative,candidate_representative,select_representative,reconciled_episode,selected_reporting_representative,select_representative,reconciled_episode,selected_reporting_representative,Episode role assigned independently for total and low-income units.
UNITQ_DEV_NJA19999032,DEV_NJA19999032,NJA20120819,candidate_duplicate,candidate_duplicate,exclude_duplicate,none,duplicate_reporting_excluded,exclude_duplicate,none,duplicate_reporting_excluded,Episode role assigned independently for total and low-income units.
UNITQ_DEV_NJA19999032,DEV_NJA19999032,NJA20123143,candidate_duplicate,candidate_duplicate,exclude_duplicate,none,duplicate_reporting_excluded,exclude_duplicate,none,duplicate_reporting_excluded,Episode role assigned independently for total and low-income units.
UNITQ_DEV_NJA19999801,DEV_NJA19999801,NJA19999801,candidate_representative,unresolved_pending_outside_read,select_representative,reconciled_episode,selected_reporting_representative,evidence_only,none,no_reliable_value_after_search,Episode role assigned independently for total and low-income units.
UNITQ_DEV_NJA19999801,DEV_NJA19999801,NJA20120905,candidate_duplicate,unresolved_pending_outside_read,exclude_duplicate,none,duplicate_reporting_excluded,evidence_only,none,no_reliable_value_after_search,Episode role assigned independently for total and low-income units.
UNITQ_DEV_NJA20000030,DEV_NJA20000030,NJA20000030,candidate_representative,candidate_representative,select_representative,reconciled_episode,selected_reporting_representative,select_representative,reconciled_episode,selected_reporting_representative,Episode role assigned independently for total and low-income units.
UNITQ_DEV_NJA20000030,DEV_NJA20000030,NJA20123043,candidate_duplicate,candidate_duplicate,exclude_duplicate,none,duplicate_reporting_excluded,exclude_duplicate,none,duplicate_reporting_excluded,Episode role assigned independently for total and low-income units.
UNITQ_DEV_NJA20000085,DEV_NJA20000085,NJA20000085,unresolved_pending_outside_read,candidate_representative,evidence_only,none,no_reliable_value_after_search,select_representative,reconciled_episode,selected_reporting_representative,Episode role assigned independently for total and low-income units.
UNITQ_DEV_NJA20000085,DEV_NJA20000085,NJA20009933,unresolved_pending_outside_read,candidate_duplicate,evidence_only,none,no_reliable_value_after_search,exclude_duplicate,none,duplicate_reporting_excluded,Episode role assigned independently for total and low-income units.
UNITQ_DEV_NJA20000105,DEV_NJA20000105,NJA20000105,candidate_representative,candidate_representative,select_representative,reconciled_episode,selected_reporting_representative,select_representative,reconciled_episode,selected_reporting_representative,Episode role assigned independently for total and low-income units.
UNITQ_DEV_NJA20000105,DEV_NJA20000105,NJA20009030,candidate_duplicate,candidate_duplicate,exclude_duplicate,none,duplicate_reporting_excluded,exclude_duplicate,none,duplicate_reporting_excluded,Episode role assigned independently for total and low-income units.
UNITQ_DEV_NJA20000120,DEV_NJA20000120,NJA20000120,candidate_representative,candidate_representative,select_representative,reconciled_episode,selected_reporting_representative,select_representative,reconciled_episode,selected_reporting_representative,Episode role assigned independently for total and low-income units.
UNITQ_DEV_NJA20000120,DEV_NJA20000120,NJA20009052,candidate_duplicate,candidate_duplicate,exclude_duplicate,none,duplicate_reporting_excluded,exclude_duplicate,none,duplicate_reporting_excluded,Episode role assigned independently for total and low-income units.
UNITQ_DEV_NJA20000120,DEV_NJA20000120,NJA20009925,candidate_duplicate,candidate_duplicate,exclude_duplicate,none,duplicate_reporting_excluded,exclude_duplicate,none,duplicate_reporting_excluded,Episode role assigned independently for total and low-income units.
UNITQ_DEV_NJA20009001,DEV_NJA20009001,NJA20000005,unresolved_pending_outside_read,unresolved_pending_outside_read,evidence_only,none,external_value_not_episode_allocated,evidence_only,none,no_reliable_value_after_search,The HUD episode remains preserved as source evidence. Member roles govern only the static physical-development unit value.
UNITQ_DEV_NJA20009001,DEV_NJA20009001,NJA20009001,unresolved_pending_outside_read,unresolved_pending_outside_read,evidence_only,none,external_value_not_episode_allocated,evidence_only,none,no_reliable_value_after_search,The HUD episode remains preserved as source evidence. Member roles govern only the static physical-development unit value.
UNITQ_DEV_NJA20009001,DEV_NJA20009001,NJA20009013,unresolved_pending_outside_read,unresolved_pending_outside_read,evidence_only,none,external_value_not_episode_allocated,evidence_only,none,no_reliable_value_after_search,The HUD episode remains preserved as source evidence. Member roles govern only the static physical-development unit value.
UNITQ_DEV_NJA20009011,DEV_NJA20009011,NJA20009011,candidate_representative,candidate_representative,select_representative,reconciled_episode,selected_reporting_representative,select_representative,reconciled_episode,selected_reporting_representative,Episode role assigned independently for total and low-income units.
UNITQ_DEV_NJA20009011,DEV_NJA20009011,NJA20009031,candidate_duplicate,candidate_duplicate,exclude_duplicate,none,duplicate_reporting_excluded,exclude_duplicate,none,duplicate_reporting_excluded,Episode role assigned independently for total and low-income units.
UNITQ_DEV_NJA20009011,DEV_NJA20009011,NJA20009050,candidate_duplicate,candidate_duplicate,exclude_duplicate,none,duplicate_reporting_excluded,exclude_duplicate,none,duplicate_reporting_excluded,Episode role assigned independently for total and low-income units.
UNITQ_DEV_NJA20009938,DEV_NJA20009938,NJA20009938,candidate_representative,unresolved_pending_outside_read,select_representative,reconciled_episode,selected_reporting_representative,evidence_only,none,no_reliable_value_after_search,Episode role assigned independently for total and low-income units.
UNITQ_DEV_NJA20009938,DEV_NJA20009938,NJA20123113,candidate_duplicate,unresolved_pending_outside_read,exclude_duplicate,none,duplicate_reporting_excluded,evidence_only,none,no_reliable_value_after_search,Episode role assigned independently for total and low-income units.
UNITQ_DEV_NJA20010025,DEV_NJA20010025,NJA20010025,candidate_representative,candidate_representative,select_representative,reconciled_episode,selected_reporting_representative,select_representative,reconciled_episode,selected_reporting_representative,Episode role assigned independently for total and low-income units.
UNITQ_DEV_NJA20010025,DEV_NJA20010025,NJA20019043,candidate_duplicate,candidate_duplicate,exclude_duplicate,none,duplicate_reporting_excluded,exclude_duplicate,none,duplicate_reporting_excluded,Episode role assigned independently for total and low-income units.
UNITQ_DEV_NJA20010025,DEV_NJA20010025,NJA20019052,candidate_duplicate,candidate_duplicate,exclude_duplicate,none,duplicate_reporting_excluded,exclude_duplicate,none,duplicate_reporting_excluded,Episode role assigned independently for total and low-income units.
UNITQ_DEV_NJA20010050,DEV_NJA20010050,NJA20010050,unresolved_pending_outside_read,unresolved_pending_outside_read,evidence_only,none,no_reliable_value_after_search,evidence_only,none,no_reliable_value_after_search,Episode role assigned independently for total and low-income units.
UNITQ_DEV_NJA20010050,DEV_NJA20010050,NJA20123064,unresolved_pending_outside_read,unresolved_pending_outside_read,evidence_only,none,no_reliable_value_after_search,evidence_only,none,no_reliable_value_after_search,Episode role assigned independently for total and low-income units.
UNITQ_DEV_NJA20010100,DEV_NJA20010100,NJA20010100,candidate_representative,candidate_representative,select_representative,reconciled_episode,selected_reporting_representative,select_representative,reconciled_episode,selected_reporting_representative,Episode role assigned independently for total and low-income units.
UNITQ_DEV_NJA20010100,DEV_NJA20010100,NJA20123153,candidate_duplicate,candidate_duplicate,exclude_duplicate,none,duplicate_reporting_excluded,exclude_duplicate,none,duplicate_reporting_excluded,Episode role assigned independently for total and low-income units.
UNITQ_DEV_NJA20010110,DEV_NJA20010110,NJA20010110,candidate_representative,unresolved_pending_outside_read,select_representative,reconciled_episode,selected_reporting_representative,evidence_only,none,no_reliable_value_after_search,Episode role assigned independently for total and low-income units.
UNITQ_DEV_NJA20010110,DEV_NJA20010110,NJA20019009,candidate_duplicate,unresolved_pending_outside_read,exclude_duplicate,none,duplicate_reporting_excluded,evidence_only,none,no_reliable_value_after_search,Episode role assigned independently for total and low-income units.
UNITQ_DEV_NJA20010135,DEV_NJA20010135,NJA20010135,candidate_representative,candidate_representative,select_representative,reconciled_episode,selected_reporting_representative,select_representative,reconciled_episode,selected_reporting_representative,Episode role assigned independently for total and low-income units.
UNITQ_DEV_NJA20010135,DEV_NJA20010135,NJA20019051,candidate_duplicate,candidate_duplicate,exclude_duplicate,none,duplicate_reporting_excluded,exclude_duplicate,none,duplicate_reporting_excluded,Episode role assigned independently for total and low-income units.
UNITQ_DEV_NJA20010145,DEV_NJA20010145,NJA20010145,candidate_representative,candidate_representative,select_representative,reconciled_episode,selected_reporting_representative,select_representative,reconciled_episode,selected_reporting_representative,Episode role assigned independently for total and low-income units.
UNITQ_DEV_NJA20010145,DEV_NJA20010145,NJA20019007,candidate_duplicate,candidate_duplicate,exclude_duplicate,none,duplicate_reporting_excluded,exclude_duplicate,none,duplicate_reporting_excluded,Episode role assigned independently for total and low-income units.
UNITQ_DEV_NJA20010145,DEV_NJA20010145,NJA20019061,candidate_duplicate,candidate_duplicate,exclude_duplicate,none,duplicate_reporting_excluded,exclude_duplicate,none,duplicate_reporting_excluded,Episode role assigned independently for total and low-income units.
UNITQ_DEV_NJA20019017,DEV_NJA20019017,NJA20019017,candidate_representative,candidate_representative,select_representative,reconciled_episode,selected_reporting_representative,select_representative,reconciled_episode,selected_reporting_representative,Episode role assigned independently for total and low-income units.
UNITQ_DEV_NJA20019017,DEV_NJA20019017,NJA20019047,candidate_duplicate,candidate_duplicate,exclude_duplicate,none,duplicate_reporting_excluded,exclude_duplicate,none,duplicate_reporting_excluded,Episode role assigned independently for total and low-income units.
UNITQ_DEV_NJA20019024,DEV_NJA20019024,NJA00000086,unresolved_pending_outside_read,unresolved_pending_outside_read,evidence_only,none,no_reliable_value_after_search,evidence_only,none,no_reliable_value_after_search,Episode role assigned independently for total and low-income units.
UNITQ_DEV_NJA20019024,DEV_NJA20019024,NJA20019024,unresolved_pending_outside_read,unresolved_pending_outside_read,evidence_only,none,no_reliable_value_after_search,evidence_only,none,no_reliable_value_after_search,Episode role assigned independently for total and low-income units.
UNITQ_DEV_NJA20019024,DEV_NJA20019024,NJA20123134,unresolved_pending_outside_read,unresolved_pending_outside_read,evidence_only,none,no_reliable_value_after_search,evidence_only,none,no_reliable_value_after_search,Episode role assigned independently for total and low-income units.
UNITQ_DEV_NJA20019050,DEV_NJA20019050,NJA20019050,candidate_representative,candidate_representative,select_representative,reconciled_episode,selected_reporting_representative,select_representative,reconciled_episode,selected_reporting_representative,Episode role assigned independently for total and low-income units.
UNITQ_DEV_NJA20019050,DEV_NJA20019050,NJA20120939,candidate_duplicate,candidate_duplicate,exclude_duplicate,none,duplicate_reporting_excluded,exclude_duplicate,none,duplicate_reporting_excluded,Episode role assigned independently for total and low-income units.
UNITQ_DEV_NJA20019050,DEV_NJA20019050,NJA20123019,candidate_duplicate,candidate_duplicate,exclude_duplicate,none,duplicate_reporting_excluded,exclude_duplicate,none,duplicate_reporting_excluded,Episode role assigned independently for total and low-income units.
UNITQ_DEV_NJA20019060,DEV_NJA20019060,NJA20019060,candidate_representative,candidate_representative,select_representative,reconciled_episode,selected_reporting_representative,select_representative,reconciled_episode,selected_reporting_representative,Episode role assigned independently for total and low-income units.
UNITQ_DEV_NJA20019060,DEV_NJA20019060,NJA20120862,candidate_duplicate,candidate_duplicate,exclude_duplicate,none,duplicate_reporting_excluded,exclude_duplicate,none,duplicate_reporting_excluded,Episode role assigned independently for total and low-income units.
UNITQ_DEV_NJA20019062,DEV_NJA20019062,NJA20019062,candidate_representative,unresolved_pending_outside_read,select_representative,reconciled_episode,selected_reporting_representative,evidence_only,none,no_reliable_value_after_search,Episode role assigned independently for total and low-income units.
UNITQ_DEV_NJA20019062,DEV_NJA20019062,NJA20123133,candidate_duplicate,unresolved_pending_outside_read,exclude_duplicate,none,duplicate_reporting_excluded,evidence_only,none,no_reliable_value_after_search,Episode role assigned independently for total and low-income units.
UNITQ_DEV_NJA20020030,DEV_NJA20020030,NJA20020030,candidate_representative,unresolved_pending_outside_read,select_representative,reconciled_episode,selected_reporting_representative,evidence_only,none,no_reliable_value_after_search,Episode role assigned independently for total and low-income units.
UNITQ_DEV_NJA20020030,DEV_NJA20020030,NJA20029020,candidate_duplicate,unresolved_pending_outside_read,exclude_duplicate,none,duplicate_reporting_excluded,evidence_only,none,no_reliable_value_after_search,Episode role assigned independently for total and low-income units.
UNITQ_DEV_NJA20020045,DEV_NJA20020045,NJA20020045,unresolved_pending_outside_read,candidate_representative,evidence_only,none,no_reliable_value_after_search,select_representative,reconciled_episode,selected_reporting_representative,Episode role assigned independently for total and low-income units.
UNITQ_DEV_NJA20020045,DEV_NJA20020045,NJA20029024,unresolved_pending_outside_read,candidate_duplicate,evidence_only,none,no_reliable_value_after_search,exclude_duplicate,none,duplicate_reporting_excluded,Episode role assigned independently for total and low-income units.
UNITQ_DEV_NJA20020065,DEV_NJA20020065,NJA20020065,candidate_representative,candidate_representative,select_representative,reconciled_episode,selected_reporting_representative,select_representative,reconciled_episode,selected_reporting_representative,Episode role assigned independently for total and low-income units.
UNITQ_DEV_NJA20020065,DEV_NJA20020065,NJA20123094,candidate_duplicate,candidate_duplicate,exclude_duplicate,none,duplicate_reporting_excluded,exclude_duplicate,none,duplicate_reporting_excluded,Episode role assigned independently for total and low-income units.
UNITQ_DEV_NJA20020080,DEV_NJA20020080,NJA20020080,candidate_representative,candidate_representative,select_representative,reconciled_episode,selected_reporting_representative,select_representative,reconciled_episode,selected_reporting_representative,Episode role assigned independently for total and low-income units.
UNITQ_DEV_NJA20020080,DEV_NJA20020080,NJA20029060,candidate_duplicate,candidate_duplicate,exclude_duplicate,none,duplicate_reporting_excluded,exclude_duplicate,none,duplicate_reporting_excluded,Episode role assigned independently for total and low-income units.
UNITQ_DEV_NJA20020080,DEV_NJA20020080,NJA20123123,candidate_duplicate,candidate_duplicate,exclude_duplicate,none,duplicate_reporting_excluded,exclude_duplicate,none,duplicate_reporting_excluded,Episode role assigned independently for total and low-income units.
UNITQ_DEV_NJA20020095,DEV_NJA20020095,NJA20020095,candidate_representative,candidate_representative,select_representative,reconciled_episode,selected_reporting_representative,select_representative,reconciled_episode,selected_reporting_representative,Episode role assigned independently for total and low-income units.
UNITQ_DEV_NJA20020095,DEV_NJA20020095,NJA20029041,candidate_duplicate,candidate_duplicate,exclude_duplicate,none,duplicate_reporting_excluded,exclude_duplicate,none,duplicate_reporting_excluded,Episode role assigned independently for total and low-income units.
UNITQ_DEV_NJA20020117,DEV_NJA20020117,NJA20020117,unresolved_pending_outside_read,candidate_representative,evidence_only,none,no_reliable_value_after_search,select_representative,reconciled_episode,selected_reporting_representative,Episode role assigned independently for total and low-income units.
UNITQ_DEV_NJA20020117,DEV_NJA20020117,NJA20029069,unresolved_pending_outside_read,candidate_duplicate,evidence_only,none,no_reliable_value_after_search,exclude_duplicate,none,duplicate_reporting_excluded,Episode role assigned independently for total and low-income units.
UNITQ_DEV_NJA20020160,DEV_NJA20020160,NJA20020160,candidate_representative,candidate_representative,select_representative,reconciled_episode,selected_reporting_representative,select_representative,reconciled_episode,selected_reporting_representative,Episode role assigned independently for total and low-income units.
UNITQ_DEV_NJA20020160,DEV_NJA20020160,NJA20029016,candidate_duplicate,candidate_duplicate,exclude_duplicate,none,duplicate_reporting_excluded,exclude_duplicate,none,duplicate_reporting_excluded,Episode role assigned independently for total and low-income units.
UNITQ_DEV_NJA20020160,DEV_NJA20020160,NJA20029036,candidate_duplicate,candidate_duplicate,exclude_duplicate,none,duplicate_reporting_excluded,exclude_duplicate,none,duplicate_reporting_excluded,Episode role assigned independently for total and low-income units.
UNITQ_DEV_NJA20020160,DEV_NJA20020160,NJA20029059,candidate_duplicate,candidate_duplicate,exclude_duplicate,none,duplicate_reporting_excluded,exclude_duplicate,none,duplicate_reporting_excluded,Episode role assigned independently for total and low-income units.
UNITQ_DEV_NJA20020160,DEV_NJA20020160,NJA20029088,candidate_duplicate,candidate_duplicate,exclude_duplicate,none,duplicate_reporting_excluded,exclude_duplicate,none,duplicate_reporting_excluded,Episode role assigned independently for total and low-income units.
UNITQ_DEV_NJA20020165,DEV_NJA20020165,NJA20020090,unresolved_pending_outside_read,unresolved_pending_outside_read,evidence_only,none,external_value_not_episode_allocated,evidence_only,none,no_reliable_value_after_search,The HUD episode remains preserved as source evidence. Member roles govern only the static physical-development unit value.
UNITQ_DEV_NJA20020165,DEV_NJA20020165,NJA20020165,unresolved_pending_outside_read,unresolved_pending_outside_read,evidence_only,none,external_value_not_episode_allocated,evidence_only,none,no_reliable_value_after_search,The HUD episode remains preserved as source evidence. Member roles govern only the static physical-development unit value.
UNITQ_DEV_NJA20020165,DEV_NJA20020165,NJA20123136,unresolved_pending_outside_read,unresolved_pending_outside_read,evidence_only,none,external_value_not_episode_allocated,evidence_only,none,no_reliable_value_after_search,The HUD episode remains preserved as source evidence. Member roles govern only the static physical-development unit value.
UNITQ_DEV_NJA20029021,DEV_NJA20029021,NJA20029021,candidate_representative,candidate_representative,select_representative,reconciled_episode,selected_reporting_representative,select_representative,reconciled_episode,selected_reporting_representative,Episode role assigned independently for total and low-income units.
UNITQ_DEV_NJA20029021,DEV_NJA20029021,NJA20029046,candidate_duplicate,candidate_duplicate,exclude_duplicate,none,duplicate_reporting_excluded,exclude_duplicate,none,duplicate_reporting_excluded,Episode role assigned independently for total and low-income units.
UNITQ_DEV_NJA20029042,DEV_NJA20029042,NJA20029042,unresolved_pending_outside_read,candidate_representative,evidence_only,none,no_reliable_value_after_search,select_representative,reconciled_episode,selected_reporting_representative,Episode role assigned independently for total and low-income units.
UNITQ_DEV_NJA20029042,DEV_NJA20029042,NJA20029065,unresolved_pending_outside_read,candidate_duplicate,evidence_only,none,no_reliable_value_after_search,exclude_duplicate,none,duplicate_reporting_excluded,Episode role assigned independently for total and low-income units.
UNITQ_DEV_NJA20030020,DEV_NJA20030020,NJA20030020,unresolved_pending_outside_read,unresolved_pending_outside_read,evidence_only,none,no_reliable_value_after_search,evidence_only,none,no_reliable_value_after_search,Episode role assigned independently for total and low-income units.
UNITQ_DEV_NJA20030020,DEV_NJA20030020,NJA20039048,unresolved_pending_outside_read,unresolved_pending_outside_read,evidence_only,none,no_reliable_value_after_search,evidence_only,none,no_reliable_value_after_search,Episode role assigned independently for total and low-income units.
UNITQ_DEV_NJA20030045,DEV_NJA20030045,NJA20030045,candidate_representative,unresolved_pending_outside_read,select_representative,reconciled_episode,selected_reporting_representative,evidence_only,none,no_reliable_value_after_search,Episode role assigned independently for total and low-income units.
UNITQ_DEV_NJA20030045,DEV_NJA20030045,NJA20039011,candidate_duplicate,unresolved_pending_outside_read,exclude_duplicate,none,duplicate_reporting_excluded,evidence_only,none,no_reliable_value_after_search,Episode role assigned independently for total and low-income units.
UNITQ_DEV_NJA20030045,DEV_NJA20030045,NJA20039053,candidate_duplicate,unresolved_pending_outside_read,exclude_duplicate,none,duplicate_reporting_excluded,evidence_only,none,no_reliable_value_after_search,Episode role assigned independently for total and low-income units.
UNITQ_DEV_NJA20030175,DEV_NJA20030175,NJA20030095,unresolved_pending_outside_read,unresolved_pending_outside_read,evidence_only,none,external_value_not_episode_allocated,evidence_only,none,no_reliable_value_after_search,The HUD episode remains preserved as source evidence. Member roles govern only the static physical-development unit value.
UNITQ_DEV_NJA20030175,DEV_NJA20030175,NJA20030175,unresolved_pending_outside_read,unresolved_pending_outside_read,evidence_only,none,external_value_not_episode_allocated,evidence_only,none,no_reliable_value_after_search,The HUD episode remains preserved as source evidence. Member roles govern only the static physical-development unit value.
UNITQ_DEV_NJA20030175,DEV_NJA20030175,NJA20123126,unresolved_pending_outside_read,unresolved_pending_outside_read,evidence_only,none,external_value_not_episode_allocated,evidence_only,none,no_reliable_value_after_search,The HUD episode remains preserved as source evidence. Member roles govern only the static physical-development unit value.
UNITQ_DEV_NJA20039001,DEV_NJA20039001,NJA20039001,unresolved_pending_outside_read,unresolved_pending_outside_read,evidence_only,none,no_reliable_value_after_search,evidence_only,none,no_reliable_value_after_search,Episode role assigned independently for total and low-income units.
UNITQ_DEV_NJA20039001,DEV_NJA20039001,NJA20213004,unresolved_pending_outside_read,unresolved_pending_outside_read,evidence_only,none,no_reliable_value_after_search,evidence_only,none,no_reliable_value_after_search,Episode role assigned independently for total and low-income units.
UNITQ_DEV_NJA20039001,DEV_NJA20039001,NJA20222006,unresolved_pending_outside_read,unresolved_pending_outside_read,evidence_only,none,no_reliable_value_after_search,evidence_only,none,no_reliable_value_after_search,Episode role assigned independently for total and low-income units.
UNITQ_DEV_NJA20039008,DEV_NJA20039008,NJA20039008,candidate_representative,candidate_representative,select_representative,reconciled_episode,selected_reporting_representative,select_representative,reconciled_episode,selected_reporting_representative,Episode role assigned independently for total and low-income units.
UNITQ_DEV_NJA20039008,DEV_NJA20039008,NJA20039015,candidate_duplicate,candidate_duplicate,exclude_duplicate,none,duplicate_reporting_excluded,exclude_duplicate,none,duplicate_reporting_excluded,Episode role assigned independently for total and low-income units.
UNITQ_DEV_NJA20039009,DEV_NJA20039009,NJA20039009,unresolved_pending_outside_read,unresolved_pending_outside_read,evidence_only,none,no_reliable_value_after_search,evidence_only,none,no_reliable_value_after_search,Episode role assigned independently for total and low-income units.
UNITQ_DEV_NJA20039009,DEV_NJA20039009,NJA20039037,unresolved_pending_outside_read,unresolved_pending_outside_read,evidence_only,none,no_reliable_value_after_search,evidence_only,none,no_reliable_value_after_search,Episode role assigned independently for total and low-income units.
UNITQ_DEV_NJA20039032,DEV_NJA20039032,NJA20039032,unresolved_pending_outside_read,unresolved_pending_outside_read,evidence_only,none,no_reliable_value_after_search,evidence_only,none,no_reliable_value_after_search,Episode role assigned independently for total and low-income units.
UNITQ_DEV_NJA20039032,DEV_NJA20039032,NJA20039057,unresolved_pending_outside_read,unresolved_pending_outside_read,evidence_only,none,no_reliable_value_after_search,evidence_only,none,no_reliable_value_after_search,Episode role assigned independently for total and low-income units.
UNITQ_DEV_NJA20039032,DEV_NJA20039032,NJA20039060,unresolved_pending_outside_read,unresolved_pending_outside_read,evidence_only,none,no_reliable_value_after_search,evidence_only,none,no_reliable_value_after_search,Episode role assigned independently for total and low-income units.
UNITQ_DEV_NJA20039032,DEV_NJA20039032,NJA20120928,unresolved_pending_outside_read,unresolved_pending_outside_read,evidence_only,none,no_reliable_value_after_search,evidence_only,none,no_reliable_value_after_search,Episode role assigned independently for total and low-income units.
UNITQ_DEV_NJA20039032,DEV_NJA20039032,NJA20123030,unresolved_pending_outside_read,unresolved_pending_outside_read,evidence_only,none,no_reliable_value_after_search,evidence_only,none,no_reliable_value_after_search,Episode role assigned independently for total and low-income units.
UNITQ_DEV_NJA20039054,DEV_NJA20039054,NJA20039054,candidate_representative,candidate_representative,select_representative,reconciled_episode,selected_reporting_representative,select_representative,reconciled_episode,selected_reporting_representative,Episode role assigned independently for total and low-income units.
UNITQ_DEV_NJA20039054,DEV_NJA20039054,NJA20039069,candidate_duplicate,candidate_duplicate,exclude_duplicate,none,duplicate_reporting_excluded,exclude_duplicate,none,duplicate_reporting_excluded,Episode role assigned independently for total and low-income units.
UNITQ_DEV_NJA20039054,DEV_NJA20039054,NJA20120881,candidate_duplicate,candidate_duplicate,exclude_duplicate,none,duplicate_reporting_excluded,exclude_duplicate,none,duplicate_reporting_excluded,Episode role assigned independently for total and low-income units.
UNITQ_DEV_NJA20039054,DEV_NJA20039054,NJA20123078,candidate_duplicate,candidate_duplicate,exclude_duplicate,none,duplicate_reporting_excluded,exclude_duplicate,none,duplicate_reporting_excluded,Episode role assigned independently for total and low-income units.
UNITQ_DEV_NJA20039073,DEV_NJA20039073,NJA20039073,candidate_representative,candidate_representative,select_representative,reconciled_episode,selected_reporting_representative,select_representative,reconciled_episode,selected_reporting_representative,Episode role assigned independently for total and low-income units.
UNITQ_DEV_NJA20039073,DEV_NJA20039073,NJA20120846,candidate_duplicate,candidate_duplicate,exclude_duplicate,none,duplicate_reporting_excluded,exclude_duplicate,none,duplicate_reporting_excluded,Episode role assigned independently for total and low-income units.
UNITQ_DEV_NJA20039073,DEV_NJA20039073,NJA20123114,candidate_duplicate,candidate_duplicate,exclude_duplicate,none,duplicate_reporting_excluded,exclude_duplicate,none,duplicate_reporting_excluded,Episode role assigned independently for total and low-income units.
UNITQ_DEV_NJA20039078,DEV_NJA20039078,NJA20039078,candidate_representative,candidate_representative,select_representative,reconciled_episode,selected_reporting_representative,select_representative,reconciled_episode,selected_reporting_representative,Episode role assigned independently for total and low-income units.
UNITQ_DEV_NJA20039078,DEV_NJA20039078,NJA20123137,candidate_duplicate,candidate_duplicate,exclude_duplicate,none,duplicate_reporting_excluded,exclude_duplicate,none,duplicate_reporting_excluded,Episode role assigned independently for total and low-income units.
UNITQ_DEV_NJA20040015,DEV_NJA20040015,NJA20040015,candidate_representative,candidate_representative,select_representative,reconciled_episode,selected_reporting_representative,select_representative,reconciled_episode,selected_reporting_representative,Episode role assigned independently for total and low-income units.
UNITQ_DEV_NJA20040015,DEV_NJA20040015,NJA20049041,candidate_duplicate,candidate_duplicate,exclude_duplicate,none,duplicate_reporting_excluded,exclude_duplicate,none,duplicate_reporting_excluded,Episode role assigned independently for total and low-income units.
UNITQ_DEV_NJA20040025,DEV_NJA20040025,NJA20040025,candidate_representative,candidate_representative,select_representative,reconciled_episode,selected_reporting_representative,select_representative,reconciled_episode,selected_reporting_representative,Episode role assigned independently for total and low-income units.
UNITQ_DEV_NJA20040025,DEV_NJA20040025,NJA20049046,candidate_duplicate,candidate_duplicate,exclude_duplicate,none,duplicate_reporting_excluded,exclude_duplicate,none,duplicate_reporting_excluded,Episode role assigned independently for total and low-income units.
UNITQ_DEV_NJA20040085,DEV_NJA20040085,NJA20040085,candidate_representative,candidate_representative,select_representative,reconciled_episode,selected_reporting_representative,select_representative,reconciled_episode,selected_reporting_representative,Episode role assigned independently for total and low-income units.
UNITQ_DEV_NJA20040085,DEV_NJA20040085,NJA20049003,candidate_duplicate,candidate_duplicate,exclude_duplicate,none,duplicate_reporting_excluded,exclude_duplicate,none,duplicate_reporting_excluded,Episode role assigned independently for total and low-income units.
UNITQ_DEV_NJA20040110,DEV_NJA20040110,NJA20040110,candidate_representative,unresolved_pending_outside_read,select_representative,reconciled_episode,selected_reporting_representative,evidence_only,none,no_reliable_value_after_search,Episode role assigned independently for total and low-income units.
UNITQ_DEV_NJA20040110,DEV_NJA20040110,NJA20049029,candidate_duplicate,unresolved_pending_outside_read,exclude_duplicate,none,duplicate_reporting_excluded,evidence_only,none,no_reliable_value_after_search,Episode role assigned independently for total and low-income units.
UNITQ_DEV_NJA20040125,DEV_NJA20040125,NJA20040125,unresolved_pending_outside_read,unresolved_pending_outside_read,evidence_only,none,external_value_not_episode_allocated,evidence_only,none,no_reliable_value_after_search,The HUD episode remains preserved as source evidence. Member roles govern only the static physical-development unit value.
UNITQ_DEV_NJA20040130,DEV_NJA20040130,NJA20040130,unresolved_pending_outside_read,unresolved_pending_outside_read,evidence_only,none,no_reliable_value_after_search,evidence_only,none,no_reliable_value_after_search,Episode role assigned independently for total and low-income units.
UNITQ_DEV_NJA20040130,DEV_NJA20040130,NJA20049019,unresolved_pending_outside_read,unresolved_pending_outside_read,evidence_only,none,no_reliable_value_after_search,evidence_only,none,no_reliable_value_after_search,Episode role assigned independently for total and low-income units.
UNITQ_DEV_NJA20040135,DEV_NJA20040135,NJA20040135,unresolved_pending_outside_read,unresolved_pending_outside_read,evidence_only,none,no_reliable_value_after_search,evidence_only,none,no_reliable_value_after_search,Episode role assigned independently for total and low-income units.
UNITQ_DEV_NJA20040135,DEV_NJA20040135,NJA20049030,unresolved_pending_outside_read,unresolved_pending_outside_read,evidence_only,none,no_reliable_value_after_search,evidence_only,none,no_reliable_value_after_search,Episode role assigned independently for total and low-income units.
UNITQ_DEV_NJA20049015,DEV_NJA20049015,NJA20049015,candidate_representative,candidate_representative,select_representative,reconciled_episode,selected_reporting_representative,select_representative,reconciled_episode,selected_reporting_representative,Episode role assigned independently for total and low-income units.
UNITQ_DEV_NJA20049015,DEV_NJA20049015,NJA20049054,candidate_duplicate,candidate_duplicate,exclude_duplicate,none,duplicate_reporting_excluded,exclude_duplicate,none,duplicate_reporting_excluded,Episode role assigned independently for total and low-income units.
UNITQ_DEV_NJA20049037,DEV_NJA20049037,NJA20049037,candidate_representative,candidate_representative,select_representative,reconciled_episode,selected_reporting_representative,select_representative,reconciled_episode,selected_reporting_representative,Episode role assigned independently for total and low-income units.
UNITQ_DEV_NJA20049037,DEV_NJA20049037,NJA20050056,candidate_duplicate,candidate_duplicate,exclude_duplicate,none,duplicate_reporting_excluded,exclude_duplicate,none,duplicate_reporting_excluded,Episode role assigned independently for total and low-income units.
UNITQ_DEV_NJA20049037,DEV_NJA20049037,NJA20059031,candidate_duplicate,candidate_duplicate,exclude_duplicate,none,duplicate_reporting_excluded,exclude_duplicate,none,duplicate_reporting_excluded,Episode role assigned independently for total and low-income units.
UNITQ_DEV_NJA20049037,DEV_NJA20049037,NJA20059093,candidate_duplicate,candidate_duplicate,exclude_duplicate,none,duplicate_reporting_excluded,exclude_duplicate,none,duplicate_reporting_excluded,Episode role assigned independently for total and low-income units.
UNITQ_DEV_NJA20049037,DEV_NJA20049037,NJA20059142,candidate_duplicate,candidate_duplicate,exclude_duplicate,none,duplicate_reporting_excluded,exclude_duplicate,none,duplicate_reporting_excluded,Episode role assigned independently for total and low-income units.
UNITQ_DEV_NJA20049039,DEV_NJA20049039,NJA20049039,candidate_representative,candidate_representative,select_representative,reconciled_episode,selected_reporting_representative,select_representative,reconciled_episode,selected_reporting_representative,Episode role assigned independently for total and low-income units.
UNITQ_DEV_NJA20049039,DEV_NJA20049039,NJA20123023,candidate_duplicate,candidate_duplicate,exclude_duplicate,none,duplicate_reporting_excluded,exclude_duplicate,none,duplicate_reporting_excluded,Episode role assigned independently for total and low-income units.
UNITQ_DEV_NJA20049051,DEV_NJA20049051,NJA20049051,candidate_representative,candidate_representative,select_representative,reconciled_episode,selected_reporting_representative,select_representative,reconciled_episode,selected_reporting_representative,Episode role assigned independently for total and low-income units.
UNITQ_DEV_NJA20049051,DEV_NJA20049051,NJA20049066,candidate_duplicate,candidate_duplicate,exclude_duplicate,none,duplicate_reporting_excluded,exclude_duplicate,none,duplicate_reporting_excluded,Episode role assigned independently for total and low-income units.
UNITQ_DEV_NJA20049060,DEV_NJA20049060,NJA20049060,unresolved_pending_outside_read,unresolved_pending_outside_read,evidence_only,none,no_reliable_value_after_search,evidence_only,none,no_reliable_value_after_search,Episode role assigned independently for total and low-income units.
UNITQ_DEV_NJA20049060,DEV_NJA20049060,NJA20059066,unresolved_pending_outside_read,unresolved_pending_outside_read,evidence_only,none,no_reliable_value_after_search,evidence_only,none,no_reliable_value_after_search,Episode role assigned independently for total and low-income units.
UNITQ_DEV_NJA20049068,DEV_NJA20049068,NJA20049068,candidate_representative,candidate_representative,select_representative,reconciled_episode,selected_reporting_representative,select_representative,reconciled_episode,selected_reporting_representative,Episode role assigned independently for total and low-income units.
UNITQ_DEV_NJA20049068,DEV_NJA20049068,NJA20049069,candidate_duplicate,candidate_duplicate,exclude_duplicate,none,duplicate_reporting_excluded,exclude_duplicate,none,duplicate_reporting_excluded,Episode role assigned independently for total and low-income units.
UNITQ_DEV_NJA20049068,DEV_NJA20049068,NJA20059070,candidate_duplicate,candidate_duplicate,exclude_duplicate,none,duplicate_reporting_excluded,exclude_duplicate,none,duplicate_reporting_excluded,Episode role assigned independently for total and low-income units.
UNITQ_DEV_NJA20050015,DEV_NJA20050015,NJA20050015,unresolved_pending_outside_read,unresolved_pending_outside_read,evidence_only,none,no_reliable_value_after_search,evidence_only,none,no_reliable_value_after_search,Episode role assigned independently for total and low-income units.
UNITQ_DEV_NJA20050015,DEV_NJA20050015,NJA20059003,unresolved_pending_outside_read,unresolved_pending_outside_read,evidence_only,none,no_reliable_value_after_search,evidence_only,none,no_reliable_value_after_search,Episode role assigned independently for total and low-income units.
UNITQ_DEV_NJA20050050,DEV_NJA20050050,NJA20050050,candidate_representative,candidate_representative,select_representative,reconciled_episode,selected_reporting_representative,select_representative,reconciled_episode,selected_reporting_representative,Episode role assigned independently for total and low-income units.
UNITQ_DEV_NJA20050050,DEV_NJA20050050,NJA20059010,candidate_duplicate,candidate_duplicate,exclude_duplicate,none,duplicate_reporting_excluded,exclude_duplicate,none,duplicate_reporting_excluded,Episode role assigned independently for total and low-income units.
UNITQ_DEV_NJA20050050,DEV_NJA20050050,NJA20059079,candidate_duplicate,candidate_duplicate,exclude_duplicate,none,duplicate_reporting_excluded,exclude_duplicate,none,duplicate_reporting_excluded,Episode role assigned independently for total and low-income units.
UNITQ_DEV_NJA20050150,DEV_NJA20050150,NJA20050150,candidate_representative,candidate_representative,select_representative,reconciled_episode,selected_reporting_representative,select_representative,reconciled_episode,selected_reporting_representative,Episode role assigned independently for total and low-income units.
UNITQ_DEV_NJA20050150,DEV_NJA20050150,NJA20059139,candidate_duplicate,candidate_duplicate,exclude_duplicate,none,duplicate_reporting_excluded,exclude_duplicate,none,duplicate_reporting_excluded,Episode role assigned independently for total and low-income units.
UNITQ_DEV_NJA20050185,DEV_NJA20050185,NJA20050185,candidate_representative,candidate_representative,select_representative,reconciled_episode,selected_reporting_representative,select_representative,reconciled_episode,selected_reporting_representative,Episode role assigned independently for total and low-income units.
UNITQ_DEV_NJA20050185,DEV_NJA20050185,NJA20069819,candidate_duplicate,candidate_duplicate,exclude_duplicate,none,duplicate_reporting_excluded,exclude_duplicate,none,duplicate_reporting_excluded,Episode role assigned independently for total and low-income units.
UNITQ_DEV_NJA20050240,DEV_NJA20050240,NJA20050240,candidate_representative,unresolved_pending_outside_read,select_representative,reconciled_episode,selected_reporting_representative,evidence_only,none,no_reliable_value_after_search,Episode role assigned independently for total and low-income units.
UNITQ_DEV_NJA20050240,DEV_NJA20050240,NJA20059025,candidate_duplicate,unresolved_pending_outside_read,exclude_duplicate,none,duplicate_reporting_excluded,evidence_only,none,no_reliable_value_after_search,Episode role assigned independently for total and low-income units.
UNITQ_DEV_NJA20050240,DEV_NJA20050240,NJA20059087,candidate_duplicate,unresolved_pending_outside_read,exclude_duplicate,none,duplicate_reporting_excluded,evidence_only,none,no_reliable_value_after_search,Episode role assigned independently for total and low-income units.
UNITQ_DEV_NJA20050250,DEV_NJA20050250,NJA20050250,candidate_representative,unresolved_pending_outside_read,select_representative,reconciled_episode,selected_reporting_representative,evidence_only,none,no_reliable_value_after_search,Episode role assigned independently for total and low-income units.
UNITQ_DEV_NJA20050250,DEV_NJA20050250,NJA20059030,candidate_duplicate,unresolved_pending_outside_read,exclude_duplicate,none,duplicate_reporting_excluded,evidence_only,none,no_reliable_value_after_search,Episode role assigned independently for total and low-income units.
UNITQ_DEV_NJA20050250,DEV_NJA20050250,NJA20059092,candidate_duplicate,unresolved_pending_outside_read,exclude_duplicate,none,duplicate_reporting_excluded,evidence_only,none,no_reliable_value_after_search,Episode role assigned independently for total and low-income units.
UNITQ_DEV_NJA20050250,DEV_NJA20050250,NJA20059141,candidate_duplicate,unresolved_pending_outside_read,exclude_duplicate,none,duplicate_reporting_excluded,evidence_only,none,no_reliable_value_after_search,Episode role assigned independently for total and low-income units.
UNITQ_DEV_NJA20059002,DEV_NJA20059002,NJA20059002,candidate_representative,candidate_representative,select_representative,reconciled_episode,selected_reporting_representative,select_representative,reconciled_episode,selected_reporting_representative,Episode role assigned independently for total and low-income units.
UNITQ_DEV_NJA20059002,DEV_NJA20059002,NJA20059146,candidate_duplicate,candidate_duplicate,exclude_duplicate,none,duplicate_reporting_excluded,exclude_duplicate,none,duplicate_reporting_excluded,Episode role assigned independently for total and low-income units.
UNITQ_DEV_NJA20059035,DEV_NJA20059035,NJA20059035,candidate_representative,candidate_representative,select_representative,reconciled_episode,selected_reporting_representative,select_representative,reconciled_episode,selected_reporting_representative,Episode role assigned independently for total and low-income units.
UNITQ_DEV_NJA20059035,DEV_NJA20059035,NJA20059115,candidate_duplicate,candidate_duplicate,exclude_duplicate,none,duplicate_reporting_excluded,exclude_duplicate,none,duplicate_reporting_excluded,Episode role assigned independently for total and low-income units.
UNITQ_DEV_NJA20059038,DEV_NJA20059038,NJA20059038,unresolved_pending_outside_read,unresolved_pending_outside_read,evidence_only,none,no_reliable_value_after_search,evidence_only,none,no_reliable_value_after_search,Episode role assigned independently for total and low-income units.
UNITQ_DEV_NJA20059038,DEV_NJA20059038,NJA20059119,unresolved_pending_outside_read,unresolved_pending_outside_read,evidence_only,none,no_reliable_value_after_search,evidence_only,none,no_reliable_value_after_search,Episode role assigned independently for total and low-income units.
UNITQ_DEV_NJA20059051,DEV_NJA20059051,NJA20059051,unresolved_pending_outside_read,unresolved_pending_outside_read,evidence_only,none,no_reliable_value_after_search,evidence_only,none,no_reliable_value_after_search,Episode role assigned independently for total and low-income units.
UNITQ_DEV_NJA20059051,DEV_NJA20059051,NJA20059128,unresolved_pending_outside_read,unresolved_pending_outside_read,evidence_only,none,no_reliable_value_after_search,evidence_only,none,no_reliable_value_after_search,Episode role assigned independently for total and low-income units.
UNITQ_DEV_NJA20059051,DEV_NJA20059051,NJA20120897,unresolved_pending_outside_read,unresolved_pending_outside_read,evidence_only,none,no_reliable_value_after_search,evidence_only,none,no_reliable_value_after_search,Episode role assigned independently for total and low-income units.
UNITQ_DEV_NJA20059051,DEV_NJA20059051,NJA20123059,unresolved_pending_outside_read,unresolved_pending_outside_read,evidence_only,none,no_reliable_value_after_search,evidence_only,none,no_reliable_value_after_search,Episode role assigned independently for total and low-income units.
UNITQ_DEV_NJA20059097,DEV_NJA20059097,NJA20059097,candidate_representative,candidate_representative,select_representative,reconciled_episode,selected_reporting_representative,select_representative,reconciled_episode,selected_reporting_representative,Episode role assigned independently for total and low-income units.
UNITQ_DEV_NJA20059097,DEV_NJA20059097,NJA20120813,candidate_duplicate,candidate_duplicate,exclude_duplicate,none,duplicate_reporting_excluded,exclude_duplicate,none,duplicate_reporting_excluded,Episode role assigned independently for total and low-income units.
UNITQ_DEV_NJA20059097,DEV_NJA20059097,NJA20123150,candidate_duplicate,candidate_duplicate,exclude_duplicate,none,duplicate_reporting_excluded,exclude_duplicate,none,duplicate_reporting_excluded,Episode role assigned independently for total and low-income units.
UNITQ_DEV_NJA20060015,DEV_NJA20060015,NJA20060015,candidate_representative,candidate_representative,select_representative,reconciled_episode,selected_reporting_representative,select_representative,reconciled_episode,selected_reporting_representative,Episode role assigned independently for total and low-income units.
UNITQ_DEV_NJA20060015,DEV_NJA20060015,NJA20069031,candidate_duplicate,candidate_duplicate,exclude_duplicate,none,duplicate_reporting_excluded,exclude_duplicate,none,duplicate_reporting_excluded,Episode role assigned independently for total and low-income units.
UNITQ_DEV_NJA20060015,DEV_NJA20060015,NJA20069083,candidate_duplicate,candidate_duplicate,exclude_duplicate,none,duplicate_reporting_excluded,exclude_duplicate,none,duplicate_reporting_excluded,Episode role assigned independently for total and low-income units.
UNITQ_DEV_NJA20060095,DEV_NJA20060095,NJA20060095,candidate_representative,candidate_representative,select_representative,reconciled_episode,selected_reporting_representative,select_representative,reconciled_episode,selected_reporting_representative,Episode role assigned independently for total and low-income units.
UNITQ_DEV_NJA20060095,DEV_NJA20060095,NJA20069009,candidate_duplicate,candidate_duplicate,exclude_duplicate,none,duplicate_reporting_excluded,exclude_duplicate,none,duplicate_reporting_excluded,Episode role assigned independently for total and low-income units.
UNITQ_DEV_NJA20060095,DEV_NJA20060095,NJA20069078,candidate_duplicate,candidate_duplicate,exclude_duplicate,none,duplicate_reporting_excluded,exclude_duplicate,none,duplicate_reporting_excluded,Episode role assigned independently for total and low-income units.
UNITQ_DEV_NJA20060100,DEV_NJA20060100,NJA20060100,candidate_representative,candidate_representative,select_representative,reconciled_episode,selected_reporting_representative,select_representative,reconciled_episode,selected_reporting_representative,Episode role assigned independently for total and low-income units.
UNITQ_DEV_NJA20060100,DEV_NJA20060100,NJA20079062,candidate_duplicate,candidate_duplicate,exclude_duplicate,none,duplicate_reporting_excluded,exclude_duplicate,none,duplicate_reporting_excluded,Episode role assigned independently for total and low-income units.
UNITQ_DEV_NJA20060115,DEV_NJA20060115,NJA20060115,unresolved_pending_outside_read,unresolved_pending_outside_read,evidence_only,none,no_reliable_value_after_search,evidence_only,none,no_reliable_value_after_search,Episode role assigned independently for total and low-income units.
UNITQ_DEV_NJA20060115,DEV_NJA20060115,NJA20079093,unresolved_pending_outside_read,unresolved_pending_outside_read,evidence_only,none,no_reliable_value_after_search,evidence_only,none,no_reliable_value_after_search,Episode role assigned independently for total and low-income units.
UNITQ_DEV_NJA20060125,DEV_NJA20060125,NJA20060125,candidate_representative,candidate_representative,select_representative,reconciled_episode,selected_reporting_representative,select_representative,reconciled_episode,selected_reporting_representative,Episode role assigned independently for total and low-income units.
UNITQ_DEV_NJA20060125,DEV_NJA20060125,NJA20069001,candidate_duplicate,candidate_duplicate,exclude_duplicate,none,duplicate_reporting_excluded,exclude_duplicate,none,duplicate_reporting_excluded,Episode role assigned independently for total and low-income units.
UNITQ_DEV_NJA20060125,DEV_NJA20060125,NJA20069034,candidate_duplicate,candidate_duplicate,exclude_duplicate,none,duplicate_reporting_excluded,exclude_duplicate,none,duplicate_reporting_excluded,Episode role assigned independently for total and low-income units.
UNITQ_DEV_NJA20060125,DEV_NJA20060125,NJA20069077,candidate_duplicate,candidate_duplicate,exclude_duplicate,none,duplicate_reporting_excluded,exclude_duplicate,none,duplicate_reporting_excluded,Episode role assigned independently for total and low-income units.
UNITQ_DEV_NJA20060130,DEV_NJA20060130,NJA20060130,candidate_representative,candidate_representative,select_representative,reconciled_episode,selected_reporting_representative,select_representative,reconciled_episode,selected_reporting_representative,Episode role assigned independently for total and low-income units.
UNITQ_DEV_NJA20060130,DEV_NJA20060130,NJA20069002,candidate_duplicate,candidate_duplicate,exclude_duplicate,none,duplicate_reporting_excluded,exclude_duplicate,none,duplicate_reporting_excluded,Episode role assigned independently for total and low-income units.
UNITQ_DEV_NJA20060140,DEV_NJA20060140,NJA20060140,candidate_representative,unresolved_pending_outside_read,select_representative,reconciled_episode,selected_reporting_representative,evidence_only,none,no_reliable_value_after_search,Episode role assigned independently for total and low-income units.
UNITQ_DEV_NJA20060140,DEV_NJA20060140,NJA20069007,candidate_duplicate,unresolved_pending_outside_read,exclude_duplicate,none,duplicate_reporting_excluded,evidence_only,none,no_reliable_value_after_search,Episode role assigned independently for total and low-income units.
UNITQ_DEV_NJA20060140,DEV_NJA20060140,NJA20069802,candidate_duplicate,unresolved_pending_outside_read,exclude_duplicate,none,duplicate_reporting_excluded,evidence_only,none,no_reliable_value_after_search,Episode role assigned independently for total and low-income units.
UNITQ_DEV_NJA20060140,DEV_NJA20060140,NJA20069829,candidate_duplicate,unresolved_pending_outside_read,exclude_duplicate,none,duplicate_reporting_excluded,evidence_only,none,no_reliable_value_after_search,Episode role assigned independently for total and low-income units.
UNITQ_DEV_NJA20060145,DEV_NJA20060145,NJA20060145,candidate_representative,unresolved_pending_outside_read,select_representative,reconciled_episode,selected_reporting_representative,evidence_only,none,no_reliable_value_after_search,Episode role assigned independently for total and low-income units.
UNITQ_DEV_NJA20060145,DEV_NJA20060145,NJA20069008,candidate_duplicate,unresolved_pending_outside_read,exclude_duplicate,none,duplicate_reporting_excluded,evidence_only,none,no_reliable_value_after_search,Episode role assigned independently for total and low-income units.
UNITQ_DEV_NJA20060145,DEV_NJA20060145,NJA20069043,candidate_duplicate,unresolved_pending_outside_read,exclude_duplicate,none,duplicate_reporting_excluded,evidence_only,none,no_reliable_value_after_search,Episode role assigned independently for total and low-income units.
UNITQ_DEV_NJA20060160,DEV_NJA20060160,NJA20060160,candidate_representative,candidate_representative,select_representative,reconciled_episode,selected_reporting_representative,select_representative,reconciled_episode,selected_reporting_representative,Episode role assigned independently for total and low-income units.
UNITQ_DEV_NJA20060160,DEV_NJA20060160,NJA20069023,candidate_duplicate,candidate_duplicate,exclude_duplicate,none,duplicate_reporting_excluded,exclude_duplicate,none,duplicate_reporting_excluded,Episode role assigned independently for total and low-income units.
UNITQ_DEV_NJA20060175,DEV_NJA20060175,NJA20060175,candidate_representative,candidate_representative,select_representative,reconciled_episode,selected_reporting_representative,select_representative,reconciled_episode,selected_reporting_representative,Episode role assigned independently for total and low-income units.
UNITQ_DEV_NJA20060175,DEV_NJA20060175,NJA20069025,candidate_duplicate,candidate_duplicate,exclude_duplicate,none,duplicate_reporting_excluded,exclude_duplicate,none,duplicate_reporting_excluded,Episode role assigned independently for total and low-income units.
UNITQ_DEV_NJA20069006,DEV_NJA20069006,NJA20069006,candidate_representative,candidate_representative,select_representative,reconciled_episode,selected_reporting_representative,select_representative,reconciled_episode,selected_reporting_representative,Episode role assigned independently for total and low-income units.
UNITQ_DEV_NJA20069006,DEV_NJA20069006,NJA20069086,candidate_duplicate,candidate_duplicate,exclude_duplicate,none,duplicate_reporting_excluded,exclude_duplicate,none,duplicate_reporting_excluded,Episode role assigned independently for total and low-income units.
UNITQ_DEV_NJA20069056,DEV_NJA20069056,NJA20069056,candidate_representative,candidate_representative,select_representative,reconciled_episode,selected_reporting_representative,select_representative,reconciled_episode,selected_reporting_representative,Episode role assigned independently for total and low-income units.
UNITQ_DEV_NJA20069056,DEV_NJA20069056,NJA20069095,candidate_duplicate,candidate_duplicate,exclude_duplicate,none,duplicate_reporting_excluded,exclude_duplicate,none,duplicate_reporting_excluded,Episode role assigned independently for total and low-income units.
UNITQ_DEV_NJA20069089,DEV_NJA20069089,NJA20069089,candidate_representative,candidate_representative,select_representative,reconciled_episode,selected_reporting_representative,select_representative,reconciled_episode,selected_reporting_representative,Episode role assigned independently for total and low-income units.
UNITQ_DEV_NJA20069089,DEV_NJA20069089,NJA20120870,candidate_duplicate,candidate_duplicate,exclude_duplicate,none,duplicate_reporting_excluded,exclude_duplicate,none,duplicate_reporting_excluded,Episode role assigned independently for total and low-income units.
UNITQ_DEV_NJA20070010,DEV_NJA20070010,NJA20070010,candidate_representative,candidate_representative,select_representative,reconciled_episode,selected_reporting_representative,select_representative,reconciled_episode,selected_reporting_representative,Episode role assigned independently for total and low-income units.
UNITQ_DEV_NJA20070010,DEV_NJA20070010,NJA20078009,candidate_duplicate,candidate_duplicate,exclude_duplicate,none,duplicate_reporting_excluded,exclude_duplicate,none,duplicate_reporting_excluded,Episode role assigned independently for total and low-income units.
UNITQ_DEV_NJA20070035,DEV_NJA20070035,NJA20070035,candidate_representative,candidate_representative,select_representative,reconciled_episode,selected_reporting_representative,select_representative,reconciled_episode,selected_reporting_representative,Episode role assigned independently for total and low-income units.
UNITQ_DEV_NJA20070035,DEV_NJA20070035,NJA20078020,candidate_duplicate,candidate_duplicate,exclude_duplicate,none,duplicate_reporting_excluded,exclude_duplicate,none,duplicate_reporting_excluded,Episode role assigned independently for total and low-income units.
UNITQ_DEV_NJA20070035,DEV_NJA20070035,NJA20079030,candidate_duplicate,candidate_duplicate,exclude_duplicate,none,duplicate_reporting_excluded,exclude_duplicate,none,duplicate_reporting_excluded,Episode role assigned independently for total and low-income units.
UNITQ_DEV_NJA20070070,DEV_NJA20070070,NJA20070070,candidate_representative,candidate_representative,select_representative,reconciled_episode,selected_reporting_representative,select_representative,reconciled_episode,selected_reporting_representative,Episode role assigned independently for total and low-income units.
UNITQ_DEV_NJA20070070,DEV_NJA20070070,NJA20078022,candidate_duplicate,candidate_duplicate,exclude_duplicate,none,duplicate_reporting_excluded,exclude_duplicate,none,duplicate_reporting_excluded,Episode role assigned independently for total and low-income units.
UNITQ_DEV_NJA20070090,DEV_NJA20070090,NJA20070090,candidate_representative,unresolved_pending_outside_read,select_representative,reconciled_episode,selected_reporting_representative,evidence_only,none,no_reliable_value_after_search,Episode role assigned independently for total and low-income units.
UNITQ_DEV_NJA20070090,DEV_NJA20070090,NJA20078030,candidate_duplicate,unresolved_pending_outside_read,exclude_duplicate,none,duplicate_reporting_excluded,evidence_only,none,no_reliable_value_after_search,Episode role assigned independently for total and low-income units.
UNITQ_DEV_NJA20070090,DEV_NJA20070090,NJA20079097,candidate_duplicate,unresolved_pending_outside_read,exclude_duplicate,none,duplicate_reporting_excluded,evidence_only,none,no_reliable_value_after_search,Episode role assigned independently for total and low-income units.
UNITQ_DEV_NJA20070125,DEV_NJA20070125,NJA20070125,candidate_representative,candidate_representative,select_representative,reconciled_episode,selected_reporting_representative,select_representative,reconciled_episode,selected_reporting_representative,Episode role assigned independently for total and low-income units.
UNITQ_DEV_NJA20070125,DEV_NJA20070125,NJA20099028,candidate_duplicate,candidate_duplicate,exclude_duplicate,none,duplicate_reporting_excluded,exclude_duplicate,none,duplicate_reporting_excluded,Episode role assigned independently for total and low-income units.
UNITQ_DEV_NJA20070135,DEV_NJA20070135,NJA20070135,unresolved_pending_outside_read,unresolved_pending_outside_read,evidence_only,none,no_reliable_value_after_search,evidence_only,none,no_reliable_value_after_search,Episode role assigned independently for total and low-income units.
UNITQ_DEV_NJA20070135,DEV_NJA20070135,NJA20079075,unresolved_pending_outside_read,unresolved_pending_outside_read,evidence_only,none,no_reliable_value_after_search,evidence_only,none,no_reliable_value_after_search,Episode role assigned independently for total and low-income units.
UNITQ_DEV_NJA20070150,DEV_NJA20070150,NJA20070150,candidate_representative,unresolved_pending_outside_read,select_representative,reconciled_episode,selected_reporting_representative,evidence_only,none,no_reliable_value_after_search,Episode role assigned independently for total and low-income units.
UNITQ_DEV_NJA20070150,DEV_NJA20070150,NJA20078025,candidate_duplicate,unresolved_pending_outside_read,exclude_duplicate,none,duplicate_reporting_excluded,evidence_only,none,no_reliable_value_after_search,Episode role assigned independently for total and low-income units.
UNITQ_DEV_NJA20070150,DEV_NJA20070150,NJA20079090,candidate_duplicate,unresolved_pending_outside_read,exclude_duplicate,none,duplicate_reporting_excluded,evidence_only,none,no_reliable_value_after_search,Episode role assigned independently for total and low-income units.
UNITQ_DEV_NJA20070185,DEV_NJA20070185,NJA20070185,candidate_representative,candidate_representative,select_representative,reconciled_episode,selected_reporting_representative,select_representative,reconciled_episode,selected_reporting_representative,Episode role assigned independently for total and low-income units.
UNITQ_DEV_NJA20070185,DEV_NJA20070185,NJA20078015,candidate_duplicate,candidate_duplicate,exclude_duplicate,none,duplicate_reporting_excluded,exclude_duplicate,none,duplicate_reporting_excluded,Episode role assigned independently for total and low-income units.
UNITQ_DEV_NJA20070190,DEV_NJA20070190,NJA20070190,unresolved_pending_outside_read,unresolved_pending_outside_read,evidence_only,none,no_reliable_value_after_search,evidence_only,none,no_reliable_value_after_search,Episode role assigned independently for total and low-income units.
UNITQ_DEV_NJA20070190,DEV_NJA20070190,NJA20078027,unresolved_pending_outside_read,unresolved_pending_outside_read,evidence_only,none,no_reliable_value_after_search,evidence_only,none,no_reliable_value_after_search,Episode role assigned independently for total and low-income units.
UNITQ_DEV_NJA20070195,DEV_NJA20070195,NJA20070195,unresolved_pending_outside_read,unresolved_pending_outside_read,evidence_only,none,no_reliable_value_after_search,evidence_only,none,no_reliable_value_after_search,Episode role assigned independently for total and low-income units.
UNITQ_DEV_NJA20070195,DEV_NJA20070195,NJA20078032,unresolved_pending_outside_read,unresolved_pending_outside_read,evidence_only,none,no_reliable_value_after_search,evidence_only,none,no_reliable_value_after_search,Episode role assigned independently for total and low-income units.
UNITQ_DEV_NJA20078002,DEV_NJA20078002,NJA20078002,candidate_representative,candidate_representative,select_representative,reconciled_episode,selected_reporting_representative,select_representative,reconciled_episode,selected_reporting_representative,Episode role assigned independently for total and low-income units.
UNITQ_DEV_NJA20078002,DEV_NJA20078002,NJA20079089,candidate_duplicate,candidate_duplicate,exclude_duplicate,none,duplicate_reporting_excluded,exclude_duplicate,none,duplicate_reporting_excluded,Episode role assigned independently for total and low-income units.
UNITQ_DEV_NJA20078017,DEV_NJA20078017,NJA20078017,unresolved_pending_outside_read,unresolved_pending_outside_read,evidence_only,none,no_reliable_value_after_search,evidence_only,none,no_reliable_value_after_search,Episode role assigned independently for total and low-income units.
UNITQ_DEV_NJA20078017,DEV_NJA20078017,NJA20079008,unresolved_pending_outside_read,unresolved_pending_outside_read,evidence_only,none,no_reliable_value_after_search,evidence_only,none,no_reliable_value_after_search,Episode role assigned independently for total and low-income units.
UNITQ_DEV_NJA20079020,DEV_NJA20079020,NJA20079020,candidate_representative,candidate_representative,select_representative,reconciled_episode,selected_reporting_representative,select_representative,reconciled_episode,selected_reporting_representative,Episode role assigned independently for total and low-income units.
UNITQ_DEV_NJA20079020,DEV_NJA20079020,NJA20079045,candidate_duplicate,candidate_duplicate,exclude_duplicate,none,duplicate_reporting_excluded,exclude_duplicate,none,duplicate_reporting_excluded,Episode role assigned independently for total and low-income units.
UNITQ_DEV_NJA20079021,DEV_NJA20079021,NJA20079021,candidate_representative,candidate_representative,select_representative,reconciled_episode,selected_reporting_representative,select_representative,reconciled_episode,selected_reporting_representative,Episode role assigned independently for total and low-income units.
UNITQ_DEV_NJA20079021,DEV_NJA20079021,NJA20079046,candidate_duplicate,candidate_duplicate,exclude_duplicate,none,duplicate_reporting_excluded,exclude_duplicate,none,duplicate_reporting_excluded,Episode role assigned independently for total and low-income units.
UNITQ_DEV_NJA20079049,DEV_NJA20079049,NJA20079049,candidate_representative,candidate_representative,select_representative,reconciled_episode,selected_reporting_representative,select_representative,reconciled_episode,selected_reporting_representative,Episode role assigned independently for total and low-income units.
UNITQ_DEV_NJA20079049,DEV_NJA20079049,NJA20089030,candidate_duplicate,candidate_duplicate,exclude_duplicate,none,duplicate_reporting_excluded,exclude_duplicate,none,duplicate_reporting_excluded,Episode role assigned independently for total and low-income units.
UNITQ_DEV_NJA20080030,DEV_NJA20080030,NJA20080030,candidate_representative,unresolved_pending_outside_read,select_representative,reconciled_episode,selected_reporting_representative,evidence_only,none,no_reliable_value_after_search,Episode role assigned independently for total and low-income units.
UNITQ_DEV_NJA20080030,DEV_NJA20080030,NJA20087010,candidate_duplicate,unresolved_pending_outside_read,exclude_duplicate,none,duplicate_reporting_excluded,evidence_only,none,no_reliable_value_after_search,Episode role assigned independently for total and low-income units.
UNITQ_DEV_NJA20080040,DEV_NJA20080040,NJA20080040,candidate_representative,candidate_representative,select_representative,reconciled_episode,selected_reporting_representative,select_representative,reconciled_episode,selected_reporting_representative,Episode role assigned independently for total and low-income units.
UNITQ_DEV_NJA20080040,DEV_NJA20080040,NJA20087012,candidate_duplicate,candidate_duplicate,exclude_duplicate,none,duplicate_reporting_excluded,exclude_duplicate,none,duplicate_reporting_excluded,Episode role assigned independently for total and low-income units.
UNITQ_DEV_NJA20080055,DEV_NJA20080055,NJA20080055,candidate_representative,candidate_representative,select_representative,reconciled_episode,selected_reporting_representative,select_representative,reconciled_episode,selected_reporting_representative,Episode role assigned independently for total and low-income units.
UNITQ_DEV_NJA20080055,DEV_NJA20080055,NJA20089083,candidate_duplicate,candidate_duplicate,exclude_duplicate,none,duplicate_reporting_excluded,exclude_duplicate,none,duplicate_reporting_excluded,Episode role assigned independently for total and low-income units.
UNITQ_DEV_NJA20080075,DEV_NJA20080075,NJA20080075,unresolved_pending_outside_read,unresolved_pending_outside_read,evidence_only,none,no_reliable_value_after_search,evidence_only,none,no_reliable_value_after_search,Episode role assigned independently for total and low-income units.
UNITQ_DEV_NJA20080075,DEV_NJA20080075,NJA20089080,unresolved_pending_outside_read,unresolved_pending_outside_read,evidence_only,none,no_reliable_value_after_search,evidence_only,none,no_reliable_value_after_search,Episode role assigned independently for total and low-income units.
UNITQ_DEV_NJA20080080,DEV_NJA20080080,NJA20080080,candidate_representative,candidate_representative,select_representative,reconciled_episode,selected_reporting_representative,select_representative,reconciled_episode,selected_reporting_representative,Episode role assigned independently for total and low-income units.
UNITQ_DEV_NJA20080080,DEV_NJA20080080,NJA20089058,candidate_duplicate,candidate_duplicate,exclude_duplicate,none,duplicate_reporting_excluded,exclude_duplicate,none,duplicate_reporting_excluded,Episode role assigned independently for total and low-income units.
UNITQ_DEV_NJA20080090,DEV_NJA20080090,NJA20080090,unresolved_pending_outside_read,unresolved_pending_outside_read,evidence_only,none,no_reliable_value_after_search,evidence_only,none,no_reliable_value_after_search,Episode role assigned independently for total and low-income units.
UNITQ_DEV_NJA20080090,DEV_NJA20080090,NJA20087024,unresolved_pending_outside_read,unresolved_pending_outside_read,evidence_only,none,no_reliable_value_after_search,evidence_only,none,no_reliable_value_after_search,Episode role assigned independently for total and low-income units.
UNITQ_DEV_NJA20080090,DEV_NJA20080090,NJA20089090,unresolved_pending_outside_read,unresolved_pending_outside_read,evidence_only,none,no_reliable_value_after_search,evidence_only,none,no_reliable_value_after_search,Episode role assigned independently for total and low-income units.
UNITQ_DEV_NJA20080100,DEV_NJA20080100,NJA20080100,candidate_representative,unresolved_pending_outside_read,select_representative,reconciled_episode,selected_reporting_representative,evidence_only,none,no_reliable_value_after_search,Episode role assigned independently for total and low-income units.
UNITQ_DEV_NJA20080100,DEV_NJA20080100,NJA20087026,candidate_duplicate,unresolved_pending_outside_read,exclude_duplicate,none,duplicate_reporting_excluded,evidence_only,none,no_reliable_value_after_search,Episode role assigned independently for total and low-income units.
UNITQ_DEV_NJA20080100,DEV_NJA20080100,NJA20089062,candidate_duplicate,unresolved_pending_outside_read,exclude_duplicate,none,duplicate_reporting_excluded,evidence_only,none,no_reliable_value_after_search,Episode role assigned independently for total and low-income units.
UNITQ_DEV_NJA20080155,DEV_NJA20080155,NJA20080155,candidate_representative,candidate_representative,select_representative,reconciled_episode,selected_reporting_representative,select_representative,reconciled_episode,selected_reporting_representative,Episode role assigned independently for total and low-income units.
UNITQ_DEV_NJA20080155,DEV_NJA20080155,NJA20087017,candidate_duplicate,candidate_duplicate,exclude_duplicate,none,duplicate_reporting_excluded,exclude_duplicate,none,duplicate_reporting_excluded,Episode role assigned independently for total and low-income units.
UNITQ_DEV_NJA20080165,DEV_NJA20080165,NJA20080165,unresolved_pending_outside_read,candidate_representative,evidence_only,none,no_reliable_value_after_search,select_representative,reconciled_episode,selected_reporting_representative,Episode role assigned independently for total and low-income units.
UNITQ_DEV_NJA20080165,DEV_NJA20080165,NJA20087008,unresolved_pending_outside_read,candidate_duplicate,evidence_only,none,no_reliable_value_after_search,exclude_duplicate,none,duplicate_reporting_excluded,Episode role assigned independently for total and low-income units.
UNITQ_DEV_NJA20080175,DEV_NJA20080175,NJA20080175,candidate_representative,candidate_representative,select_representative,reconciled_episode,selected_reporting_representative,select_representative,reconciled_episode,selected_reporting_representative,Episode role assigned independently for total and low-income units.
UNITQ_DEV_NJA20080175,DEV_NJA20080175,NJA20087021,candidate_duplicate,candidate_duplicate,exclude_duplicate,none,duplicate_reporting_excluded,exclude_duplicate,none,duplicate_reporting_excluded,Episode role assigned independently for total and low-income units.
UNITQ_DEV_NJA20080180,DEV_NJA20080180,NJA20080180,candidate_representative,candidate_representative,select_representative,reconciled_episode,selected_reporting_representative,select_representative,reconciled_episode,selected_reporting_representative,Episode role assigned independently for total and low-income units.
UNITQ_DEV_NJA20080180,DEV_NJA20080180,NJA20087032,candidate_duplicate,candidate_duplicate,exclude_duplicate,none,duplicate_reporting_excluded,exclude_duplicate,none,duplicate_reporting_excluded,Episode role assigned independently for total and low-income units.
UNITQ_DEV_NJA20080180,DEV_NJA20080180,NJA20089029,candidate_duplicate,candidate_duplicate,exclude_duplicate,none,duplicate_reporting_excluded,exclude_duplicate,none,duplicate_reporting_excluded,Episode role assigned independently for total and low-income units.
UNITQ_DEV_NJA20080180,DEV_NJA20080180,NJA20089082,candidate_duplicate,candidate_duplicate,exclude_duplicate,none,duplicate_reporting_excluded,exclude_duplicate,none,duplicate_reporting_excluded,Episode role assigned independently for total and low-income units.
UNITQ_DEV_NJA20080802,DEV_NJA20080802,NJA20080802,candidate_representative,candidate_representative,select_representative,reconciled_episode,selected_reporting_representative,select_representative,reconciled_episode,selected_reporting_representative,Episode role assigned independently for total and low-income units.
UNITQ_DEV_NJA20080802,DEV_NJA20080802,NJA20089116,candidate_duplicate,candidate_duplicate,exclude_duplicate,none,duplicate_reporting_excluded,exclude_duplicate,none,duplicate_reporting_excluded,Episode role assigned independently for total and low-income units.
UNITQ_DEV_NJA20087019,DEV_NJA20087019,NJA20087019,unresolved_pending_outside_read,unresolved_pending_outside_read,evidence_only,none,no_reliable_value_after_search,evidence_only,none,no_reliable_value_after_search,Episode role assigned independently for total and low-income units.
UNITQ_DEV_NJA20087019,DEV_NJA20087019,NJA20089009,unresolved_pending_outside_read,unresolved_pending_outside_read,evidence_only,none,no_reliable_value_after_search,evidence_only,none,no_reliable_value_after_search,Episode role assigned independently for total and low-income units.
UNITQ_DEV_NJA20087040,DEV_NJA20087040,NJA20087040,candidate_representative,candidate_representative,select_representative,reconciled_episode,selected_reporting_representative,select_representative,reconciled_episode,selected_reporting_representative,Episode role assigned independently for total and low-income units.
UNITQ_DEV_NJA20087040,DEV_NJA20087040,NJA20099070,candidate_duplicate,candidate_duplicate,exclude_duplicate,none,duplicate_reporting_excluded,exclude_duplicate,none,duplicate_reporting_excluded,Episode role assigned independently for total and low-income units.
UNITQ_DEV_NJA20089002,DEV_NJA20089002,NJA20089002,unresolved_pending_outside_read,unresolved_pending_outside_read,evidence_only,none,no_reliable_value_after_search,evidence_only,none,no_reliable_value_after_search,Episode role assigned independently for total and low-income units.
UNITQ_DEV_NJA20089002,DEV_NJA20089002,NJA20089057,unresolved_pending_outside_read,unresolved_pending_outside_read,evidence_only,none,no_reliable_value_after_search,evidence_only,none,no_reliable_value_after_search,Episode role assigned independently for total and low-income units.
UNITQ_DEV_NJA20089021,DEV_NJA20089021,NJA20089021,unresolved_pending_outside_read,unresolved_pending_outside_read,evidence_only,none,no_reliable_value_after_search,evidence_only,none,no_reliable_value_after_search,Episode role assigned independently for total and low-income units.
UNITQ_DEV_NJA20089021,DEV_NJA20089021,NJA20089075,unresolved_pending_outside_read,unresolved_pending_outside_read,evidence_only,none,no_reliable_value_after_search,evidence_only,none,no_reliable_value_after_search,Episode role assigned independently for total and low-income units.
UNITQ_DEV_NJA20089094,DEV_NJA20089094,NJA20089094,candidate_representative,candidate_representative,select_representative,reconciled_episode,selected_reporting_representative,select_representative,reconciled_episode,selected_reporting_representative,Episode role assigned independently for total and low-income units.
UNITQ_DEV_NJA20089094,DEV_NJA20089094,NJA20089095,candidate_duplicate,candidate_duplicate,exclude_duplicate,none,duplicate_reporting_excluded,exclude_duplicate,none,duplicate_reporting_excluded,Episode role assigned independently for total and low-income units.
UNITQ_DEV_NJA20090010,DEV_NJA20090010,NJA20090010,candidate_representative,candidate_representative,select_representative,reconciled_episode,selected_reporting_representative,select_representative,reconciled_episode,selected_reporting_representative,Episode role assigned independently for total and low-income units.
UNITQ_DEV_NJA20090010,DEV_NJA20090010,NJA20099015,candidate_duplicate,candidate_duplicate,exclude_duplicate,none,duplicate_reporting_excluded,exclude_duplicate,none,duplicate_reporting_excluded,Episode role assigned independently for total and low-income units.
UNITQ_DEV_NJA20090030,DEV_NJA20090030,NJA20090030,candidate_representative,candidate_representative,select_representative,reconciled_episode,selected_reporting_representative,select_representative,reconciled_episode,selected_reporting_representative,Episode role assigned independently for total and low-income units.
UNITQ_DEV_NJA20090030,DEV_NJA20090030,NJA20096009,candidate_duplicate,candidate_duplicate,exclude_duplicate,none,duplicate_reporting_excluded,exclude_duplicate,none,duplicate_reporting_excluded,Episode role assigned independently for total and low-income units.
UNITQ_DEV_NJA20090035,DEV_NJA20090035,NJA20090035,unresolved_pending_outside_read,unresolved_pending_outside_read,evidence_only,none,no_reliable_value_after_search,evidence_only,none,no_reliable_value_after_search,Episode role assigned independently for total and low-income units.
UNITQ_DEV_NJA20090035,DEV_NJA20090035,NJA20096013,unresolved_pending_outside_read,unresolved_pending_outside_read,evidence_only,none,no_reliable_value_after_search,evidence_only,none,no_reliable_value_after_search,Episode role assigned independently for total and low-income units.
UNITQ_DEV_NJA20090035,DEV_NJA20090035,NJA20099057,unresolved_pending_outside_read,unresolved_pending_outside_read,evidence_only,none,no_reliable_value_after_search,evidence_only,none,no_reliable_value_after_search,Episode role assigned independently for total and low-income units.
UNITQ_DEV_NJA20090040,DEV_NJA20090040,NJA20090040,candidate_representative,candidate_representative,select_representative,reconciled_episode,selected_reporting_representative,select_representative,reconciled_episode,selected_reporting_representative,Episode role assigned independently for total and low-income units.
UNITQ_DEV_NJA20090040,DEV_NJA20090040,NJA20096015,candidate_duplicate,candidate_duplicate,exclude_duplicate,none,duplicate_reporting_excluded,exclude_duplicate,none,duplicate_reporting_excluded,Episode role assigned independently for total and low-income units.
UNITQ_DEV_NJA20090040,DEV_NJA20090040,NJA20099060,candidate_duplicate,candidate_duplicate,exclude_duplicate,none,duplicate_reporting_excluded,exclude_duplicate,none,duplicate_reporting_excluded,Episode role assigned independently for total and low-income units.
UNITQ_DEV_NJA20090045,DEV_NJA20090045,NJA20090045,unresolved_pending_outside_read,unresolved_pending_outside_read,evidence_only,none,no_reliable_value_after_search,evidence_only,none,no_reliable_value_after_search,Episode role assigned independently for total and low-income units.
UNITQ_DEV_NJA20090045,DEV_NJA20090045,NJA20098014,unresolved_pending_outside_read,unresolved_pending_outside_read,evidence_only,none,no_reliable_value_after_search,evidence_only,none,no_reliable_value_after_search,Episode role assigned independently for total and low-income units.
UNITQ_DEV_NJA20090045,DEV_NJA20090045,NJA20109036,unresolved_pending_outside_read,unresolved_pending_outside_read,evidence_only,none,no_reliable_value_after_search,evidence_only,none,no_reliable_value_after_search,Episode role assigned independently for total and low-income units.
UNITQ_DEV_NJA20090050,DEV_NJA20090050,NJA20090050,candidate_representative,candidate_representative,select_representative,reconciled_episode,selected_reporting_representative,select_representative,reconciled_episode,selected_reporting_representative,Episode role assigned independently for total and low-income units.
UNITQ_DEV_NJA20090050,DEV_NJA20090050,NJA20098010,candidate_duplicate,candidate_duplicate,exclude_duplicate,none,duplicate_reporting_excluded,exclude_duplicate,none,duplicate_reporting_excluded,Episode role assigned independently for total and low-income units.
UNITQ_DEV_NJA20090060,DEV_NJA20090060,NJA20090060,candidate_representative,candidate_representative,select_representative,reconciled_episode,selected_reporting_representative,select_representative,reconciled_episode,selected_reporting_representative,Episode role assigned independently for total and low-income units.
UNITQ_DEV_NJA20090060,DEV_NJA20090060,NJA20099019,candidate_duplicate,candidate_duplicate,exclude_duplicate,none,duplicate_reporting_excluded,exclude_duplicate,none,duplicate_reporting_excluded,Episode role assigned independently for total and low-income units.
UNITQ_DEV_NJA20090065,DEV_NJA20090065,NJA20090065,unresolved_pending_outside_read,unresolved_pending_outside_read,evidence_only,none,no_reliable_value_after_search,evidence_only,none,no_reliable_value_after_search,Episode role assigned independently for total and low-income units.
UNITQ_DEV_NJA20090065,DEV_NJA20090065,NJA20098017,unresolved_pending_outside_read,unresolved_pending_outside_read,evidence_only,none,no_reliable_value_after_search,evidence_only,none,no_reliable_value_after_search,Episode role assigned independently for total and low-income units.
UNITQ_DEV_NJA20090080,DEV_NJA20090080,NJA20090080,candidate_representative,unresolved_pending_outside_read,select_representative,reconciled_episode,selected_reporting_representative,evidence_only,none,no_reliable_value_after_search,Episode role assigned independently for total and low-income units.
UNITQ_DEV_NJA20090080,DEV_NJA20090080,NJA20099002,candidate_duplicate,unresolved_pending_outside_read,exclude_duplicate,none,duplicate_reporting_excluded,evidence_only,none,no_reliable_value_after_search,Episode role assigned independently for total and low-income units.
UNITQ_DEV_NJA20096019,DEV_NJA20096019,NJA20096019,candidate_representative,candidate_representative,select_representative,reconciled_episode,selected_reporting_representative,select_representative,reconciled_episode,selected_reporting_representative,Episode role assigned independently for total and low-income units.
UNITQ_DEV_NJA20096019,DEV_NJA20096019,NJA20099018,candidate_duplicate,candidate_duplicate,exclude_duplicate,none,duplicate_reporting_excluded,exclude_duplicate,none,duplicate_reporting_excluded,Episode role assigned independently for total and low-income units.
UNITQ_DEV_NJA20098005,DEV_NJA20098005,NJA20098005,candidate_representative,unresolved_pending_outside_read,select_representative,reconciled_episode,selected_reporting_representative,evidence_only,none,no_reliable_value_after_search,Episode role assigned independently for total and low-income units.
UNITQ_DEV_NJA20098005,DEV_NJA20098005,NJA20109002,candidate_duplicate,unresolved_pending_outside_read,exclude_duplicate,none,duplicate_reporting_excluded,evidence_only,none,no_reliable_value_after_search,Episode role assigned independently for total and low-income units.
UNITQ_DEV_NJA20098013,DEV_NJA20098013,NJA20098013,unresolved_pending_outside_read,unresolved_pending_outside_read,evidence_only,none,no_reliable_value_after_search,evidence_only,none,no_reliable_value_after_search,Episode role assigned independently for total and low-income units.
UNITQ_DEV_NJA20098013,DEV_NJA20098013,NJA20099016,unresolved_pending_outside_read,unresolved_pending_outside_read,evidence_only,none,no_reliable_value_after_search,evidence_only,none,no_reliable_value_after_search,Episode role assigned independently for total and low-income units.
UNITQ_DEV_NJA20098018,DEV_NJA20098018,NJA20098018,candidate_representative,candidate_representative,select_representative,reconciled_episode,selected_reporting_representative,select_representative,reconciled_episode,selected_reporting_representative,Episode role assigned independently for total and low-income units.
UNITQ_DEV_NJA20098018,DEV_NJA20098018,NJA20099021,candidate_duplicate,candidate_duplicate,exclude_duplicate,none,duplicate_reporting_excluded,exclude_duplicate,none,duplicate_reporting_excluded,Episode role assigned independently for total and low-income units.
UNITQ_DEV_NJA20100025,DEV_NJA20100025,NJA20100025,unresolved_pending_outside_read,unresolved_pending_outside_read,evidence_only,none,no_reliable_value_after_search,evidence_only,none,no_reliable_value_after_search,Episode role assigned independently for total and low-income units.
UNITQ_DEV_NJA20100025,DEV_NJA20100025,NJA20105005,unresolved_pending_outside_read,unresolved_pending_outside_read,evidence_only,none,no_reliable_value_after_search,evidence_only,none,no_reliable_value_after_search,Episode role assigned independently for total and low-income units.
UNITQ_DEV_NJA20100025,DEV_NJA20100025,NJA20109029,unresolved_pending_outside_read,unresolved_pending_outside_read,evidence_only,none,no_reliable_value_after_search,evidence_only,none,no_reliable_value_after_search,Episode role assigned independently for total and low-income units.
UNITQ_DEV_NJA20100025,DEV_NJA20100025,NJA20109038,unresolved_pending_outside_read,unresolved_pending_outside_read,evidence_only,none,no_reliable_value_after_search,evidence_only,none,no_reliable_value_after_search,Episode role assigned independently for total and low-income units.
UNITQ_DEV_NJA20100030,DEV_NJA20100030,NJA20100030,candidate_representative,candidate_representative,select_representative,reconciled_episode,selected_reporting_representative,select_representative,reconciled_episode,selected_reporting_representative,Episode role assigned independently for total and low-income units.
UNITQ_DEV_NJA20100030,DEV_NJA20100030,NJA20105006,candidate_duplicate,candidate_duplicate,exclude_duplicate,none,duplicate_reporting_excluded,exclude_duplicate,none,duplicate_reporting_excluded,Episode role assigned independently for total and low-income units.
UNITQ_DEV_NJA20100060,DEV_NJA20100060,NJA20100060,candidate_representative,candidate_representative,select_representative,reconciled_episode,selected_reporting_representative,select_representative,reconciled_episode,selected_reporting_representative,Episode role assigned independently for total and low-income units.
UNITQ_DEV_NJA20100060,DEV_NJA20100060,NJA20105012,candidate_duplicate,candidate_duplicate,exclude_duplicate,none,duplicate_reporting_excluded,exclude_duplicate,none,duplicate_reporting_excluded,Episode role assigned independently for total and low-income units.
UNITQ_DEV_NJA20100065,DEV_NJA20100065,NJA20100065,candidate_representative,candidate_representative,select_representative,reconciled_episode,selected_reporting_representative,select_representative,reconciled_episode,selected_reporting_representative,Episode role assigned independently for total and low-income units.
UNITQ_DEV_NJA20100065,DEV_NJA20100065,NJA20109012,candidate_duplicate,candidate_duplicate,exclude_duplicate,none,duplicate_reporting_excluded,exclude_duplicate,none,duplicate_reporting_excluded,Episode role assigned independently for total and low-income units.
UNITQ_DEV_NJA20100070,DEV_NJA20100070,NJA20100070,candidate_representative,candidate_representative,select_representative,reconciled_episode,selected_reporting_representative,select_representative,reconciled_episode,selected_reporting_representative,Episode role assigned independently for total and low-income units.
UNITQ_DEV_NJA20100070,DEV_NJA20100070,NJA20105018,candidate_duplicate,candidate_duplicate,exclude_duplicate,none,duplicate_reporting_excluded,exclude_duplicate,none,duplicate_reporting_excluded,Episode role assigned independently for total and low-income units.
UNITQ_DEV_NJA20100075,DEV_NJA20100075,NJA20100075,candidate_representative,candidate_representative,select_representative,reconciled_episode,selected_reporting_representative,select_representative,reconciled_episode,selected_reporting_representative,Episode role assigned independently for total and low-income units.
UNITQ_DEV_NJA20100075,DEV_NJA20100075,NJA20109014,candidate_duplicate,candidate_duplicate,exclude_duplicate,none,duplicate_reporting_excluded,exclude_duplicate,none,duplicate_reporting_excluded,Episode role assigned independently for total and low-income units.
UNITQ_DEV_NJA20100090,DEV_NJA20100090,NJA20100090,candidate_representative,candidate_representative,select_representative,reconciled_episode,selected_reporting_representative,select_representative,reconciled_episode,selected_reporting_representative,Episode role assigned independently for total and low-income units.
UNITQ_DEV_NJA20100090,DEV_NJA20100090,NJA20105021,candidate_duplicate,candidate_duplicate,exclude_duplicate,none,duplicate_reporting_excluded,exclude_duplicate,none,duplicate_reporting_excluded,Episode role assigned independently for total and low-income units.
UNITQ_DEV_NJA20100090,DEV_NJA20100090,NJA20105022,candidate_duplicate,candidate_duplicate,exclude_duplicate,none,duplicate_reporting_excluded,exclude_duplicate,none,duplicate_reporting_excluded,Episode role assigned independently for total and low-income units.
UNITQ_DEV_NJA20100543,DEV_NJA20100543,NJA20100543,candidate_representative,candidate_representative,select_representative,reconciled_episode,selected_reporting_representative,select_representative,reconciled_episode,selected_reporting_representative,Episode role assigned independently for total and low-income units.
UNITQ_DEV_NJA20100543,DEV_NJA20100543,NJA20105013,candidate_duplicate,candidate_duplicate,exclude_duplicate,none,duplicate_reporting_excluded,exclude_duplicate,none,duplicate_reporting_excluded,Episode role assigned independently for total and low-income units.
UNITQ_DEV_NJA20100801,DEV_NJA20100801,NJA20100801,candidate_representative,candidate_representative,select_representative,reconciled_episode,selected_reporting_representative,select_representative,reconciled_episode,selected_reporting_representative,Episode role assigned independently for total and low-income units.
UNITQ_DEV_NJA20100801,DEV_NJA20100801,NJA20105015,candidate_duplicate,candidate_duplicate,exclude_duplicate,none,duplicate_reporting_excluded,exclude_duplicate,none,duplicate_reporting_excluded,Episode role assigned independently for total and low-income units.
UNITQ_DEV_NJA20105008,DEV_NJA20105008,NJA20105008,candidate_representative,candidate_representative,select_representative,reconciled_episode,selected_reporting_representative,select_representative,reconciled_episode,selected_reporting_representative,Episode role assigned independently for total and low-income units.
UNITQ_DEV_NJA20105008,DEV_NJA20105008,NJA20109006,candidate_duplicate,candidate_duplicate,exclude_duplicate,none,duplicate_reporting_excluded,exclude_duplicate,none,duplicate_reporting_excluded,Episode role assigned independently for total and low-income units.
UNITQ_DEV_NJA20107014,DEV_NJA20107014,NJA20107014,candidate_representative,candidate_representative,select_representative,reconciled_episode,selected_reporting_representative,select_representative,reconciled_episode,selected_reporting_representative,Episode role assigned independently for total and low-income units.
UNITQ_DEV_NJA20107014,DEV_NJA20107014,NJA20109019,candidate_duplicate,candidate_duplicate,exclude_duplicate,none,duplicate_reporting_excluded,exclude_duplicate,none,duplicate_reporting_excluded,Episode role assigned independently for total and low-income units.
UNITQ_DEV_NJA20107018,DEV_NJA20107018,NJA20107018,candidate_representative,candidate_representative,select_representative,reconciled_episode,selected_reporting_representative,select_representative,reconciled_episode,selected_reporting_representative,Episode role assigned independently for total and low-income units.
UNITQ_DEV_NJA20107018,DEV_NJA20107018,NJA20119058,candidate_duplicate,candidate_duplicate,exclude_duplicate,none,duplicate_reporting_excluded,exclude_duplicate,none,duplicate_reporting_excluded,Episode role assigned independently for total and low-income units.
UNITQ_DEV_NJA20109025,DEV_NJA20109025,NJA20109025,candidate_representative,unresolved_pending_outside_read,select_representative,reconciled_episode,selected_reporting_representative,evidence_only,none,no_reliable_value_after_search,Episode role assigned independently for total and low-income units.
UNITQ_DEV_NJA20109025,DEV_NJA20109025,NJA20126014,candidate_duplicate,unresolved_pending_outside_read,exclude_duplicate,none,duplicate_reporting_excluded,evidence_only,none,no_reliable_value_after_search,Episode role assigned independently for total and low-income units.
UNITQ_DEV_NJA20110072,DEV_NJA20110072,NJA20110072,candidate_representative,candidate_representative,select_representative,reconciled_episode,selected_reporting_representative,select_representative,reconciled_episode,selected_reporting_representative,Episode role assigned independently for total and low-income units.
UNITQ_DEV_NJA20110072,DEV_NJA20110072,NJA20114023,candidate_duplicate,candidate_duplicate,exclude_duplicate,none,duplicate_reporting_excluded,exclude_duplicate,none,duplicate_reporting_excluded,Episode role assigned independently for total and low-income units.
UNITQ_DEV_NJA20110072,DEV_NJA20110072,NJA20119020,candidate_duplicate,candidate_duplicate,exclude_duplicate,none,duplicate_reporting_excluded,exclude_duplicate,none,duplicate_reporting_excluded,Episode role assigned independently for total and low-income units.
UNITQ_DEV_NJA20110087,DEV_NJA20110087,NJA20110087,candidate_representative,candidate_representative,select_representative,reconciled_episode,selected_reporting_representative,select_representative,reconciled_episode,selected_reporting_representative,Episode role assigned independently for total and low-income units.
UNITQ_DEV_NJA20110087,DEV_NJA20110087,NJA20119013,candidate_duplicate,candidate_duplicate,exclude_duplicate,none,duplicate_reporting_excluded,exclude_duplicate,none,duplicate_reporting_excluded,Episode role assigned independently for total and low-income units.
UNITQ_DEV_NJA20110553,DEV_NJA20110553,NJA20110553,candidate_representative,candidate_representative,select_representative,reconciled_episode,selected_reporting_representative,select_representative,reconciled_episode,selected_reporting_representative,Episode role assigned independently for total and low-income units.
UNITQ_DEV_NJA20110553,DEV_NJA20110553,NJA20114003,candidate_duplicate,candidate_duplicate,exclude_duplicate,none,duplicate_reporting_excluded,exclude_duplicate,none,duplicate_reporting_excluded,Episode role assigned independently for total and low-income units.
UNITQ_DEV_NJA20110563,DEV_NJA20110563,NJA20110563,unresolved_pending_outside_read,unresolved_pending_outside_read,evidence_only,none,no_reliable_value_after_search,evidence_only,none,no_reliable_value_after_search,Episode role assigned independently for total and low-income units.
UNITQ_DEV_NJA20110563,DEV_NJA20110563,NJA20119029,unresolved_pending_outside_read,unresolved_pending_outside_read,evidence_only,none,no_reliable_value_after_search,evidence_only,none,no_reliable_value_after_search,Episode role assigned independently for total and low-income units.
UNITQ_DEV_NJA20114020,DEV_NJA20114020,NJA20114020,candidate_representative,candidate_representative,select_representative,reconciled_episode,selected_reporting_representative,select_representative,reconciled_episode,selected_reporting_representative,Episode role assigned independently for total and low-income units.
UNITQ_DEV_NJA20114020,DEV_NJA20114020,NJA20119019,candidate_duplicate,candidate_duplicate,exclude_duplicate,none,duplicate_reporting_excluded,exclude_duplicate,none,duplicate_reporting_excluded,Episode role assigned independently for total and low-income units.
UNITQ_DEV_NJA20120035,DEV_NJA20120035,NJA20120035,candidate_representative,candidate_representative,select_representative,reconciled_episode,selected_reporting_representative,select_representative,reconciled_episode,selected_reporting_representative,Episode role assigned independently for total and low-income units.
UNITQ_DEV_NJA20120035,DEV_NJA20120035,NJA20123141,candidate_duplicate,candidate_duplicate,exclude_duplicate,none,duplicate_reporting_excluded,exclude_duplicate,none,duplicate_reporting_excluded,Episode role assigned independently for total and low-income units.
UNITQ_DEV_NJA20120035,DEV_NJA20120035,NJA20125013,candidate_duplicate,candidate_duplicate,exclude_duplicate,none,duplicate_reporting_excluded,exclude_duplicate,none,duplicate_reporting_excluded,Episode role assigned independently for total and low-income units.
UNITQ_DEV_NJA20120045,DEV_NJA20120045,NJA20120045,candidate_representative,candidate_representative,select_representative,reconciled_episode,selected_reporting_representative,select_representative,reconciled_episode,selected_reporting_representative,Episode role assigned independently for total and low-income units.
UNITQ_DEV_NJA20120045,DEV_NJA20120045,NJA20123157,candidate_duplicate,candidate_duplicate,exclude_duplicate,none,duplicate_reporting_excluded,exclude_duplicate,none,duplicate_reporting_excluded,Episode role assigned independently for total and low-income units.
UNITQ_DEV_NJA20120568,DEV_NJA20120568,NJA20120568,unresolved_pending_outside_read,unresolved_pending_outside_read,evidence_only,none,no_reliable_value_after_search,evidence_only,none,no_reliable_value_after_search,Episode role assigned independently for total and low-income units.
UNITQ_DEV_NJA20120568,DEV_NJA20120568,NJA20125012,unresolved_pending_outside_read,unresolved_pending_outside_read,evidence_only,none,no_reliable_value_after_search,evidence_only,none,no_reliable_value_after_search,Episode role assigned independently for total and low-income units.
UNITQ_DEV_NJA20120568,DEV_NJA20120568,NJA20129012,unresolved_pending_outside_read,unresolved_pending_outside_read,evidence_only,none,no_reliable_value_after_search,evidence_only,none,no_reliable_value_after_search,Episode role assigned independently for total and low-income units.
UNITQ_DEV_NJA20120804,DEV_NJA20120804,NJA20120804,candidate_representative,candidate_representative,select_representative,reconciled_episode,selected_reporting_representative,select_representative,reconciled_episode,selected_reporting_representative,Episode role assigned independently for total and low-income units.
UNITQ_DEV_NJA20120804,DEV_NJA20120804,NJA20123162,candidate_duplicate,candidate_duplicate,exclude_duplicate,none,duplicate_reporting_excluded,exclude_duplicate,none,duplicate_reporting_excluded,Episode role assigned independently for total and low-income units.
UNITQ_DEV_NJA20120806,DEV_NJA20120806,NJA20120806,candidate_representative,candidate_representative,select_representative,reconciled_episode,selected_reporting_representative,select_representative,reconciled_episode,selected_reporting_representative,Episode role assigned independently for total and low-income units.
UNITQ_DEV_NJA20120806,DEV_NJA20120806,NJA20123160,candidate_duplicate,candidate_duplicate,exclude_duplicate,none,duplicate_reporting_excluded,exclude_duplicate,none,duplicate_reporting_excluded,Episode role assigned independently for total and low-income units.
UNITQ_DEV_NJA20120807,DEV_NJA20120807,NJA20120807,candidate_representative,candidate_representative,select_representative,reconciled_episode,selected_reporting_representative,select_representative,reconciled_episode,selected_reporting_representative,Episode role assigned independently for total and low-income units.
UNITQ_DEV_NJA20120807,DEV_NJA20120807,NJA20123159,candidate_duplicate,candidate_duplicate,exclude_duplicate,none,duplicate_reporting_excluded,exclude_duplicate,none,duplicate_reporting_excluded,Episode role assigned independently for total and low-income units.
UNITQ_DEV_NJA20120808,DEV_NJA20120808,NJA20120808,candidate_representative,unresolved_pending_outside_read,select_representative,reconciled_episode,selected_reporting_representative,evidence_only,none,no_reliable_value_after_search,Episode role assigned independently for total and low-income units.
UNITQ_DEV_NJA20120808,DEV_NJA20120808,NJA20123158,candidate_duplicate,unresolved_pending_outside_read,exclude_duplicate,none,duplicate_reporting_excluded,evidence_only,none,no_reliable_value_after_search,Episode role assigned independently for total and low-income units.
UNITQ_DEV_NJA20120812,DEV_NJA20120812,NJA20120812,candidate_representative,candidate_representative,select_representative,reconciled_episode,selected_reporting_representative,select_representative,reconciled_episode,selected_reporting_representative,Episode role assigned independently for total and low-income units.
UNITQ_DEV_NJA20120812,DEV_NJA20120812,NJA20123151,candidate_duplicate,candidate_duplicate,exclude_duplicate,none,duplicate_reporting_excluded,exclude_duplicate,none,duplicate_reporting_excluded,Episode role assigned independently for total and low-income units.
UNITQ_DEV_NJA20120815,DEV_NJA20120815,NJA00000092,unresolved_pending_outside_read,unresolved_pending_outside_read,evidence_only,none,no_reliable_value_after_search,evidence_only,none,no_reliable_value_after_search,Episode role assigned independently for total and low-income units.
UNITQ_DEV_NJA20120815,DEV_NJA20120815,NJA20120815,unresolved_pending_outside_read,unresolved_pending_outside_read,evidence_only,none,no_reliable_value_after_search,evidence_only,none,no_reliable_value_after_search,Episode role assigned independently for total and low-income units.
UNITQ_DEV_NJA20120815,DEV_NJA20120815,NJA20123148,unresolved_pending_outside_read,unresolved_pending_outside_read,evidence_only,none,no_reliable_value_after_search,evidence_only,none,no_reliable_value_after_search,Episode role assigned independently for total and low-income units.
UNITQ_DEV_NJA20120816,DEV_NJA20120816,NJA00000093,unresolved_pending_outside_read,unresolved_pending_outside_read,evidence_only,none,no_reliable_value_after_search,evidence_only,none,no_reliable_value_after_search,Episode role assigned independently for total and low-income units.
UNITQ_DEV_NJA20120816,DEV_NJA20120816,NJA20120816,unresolved_pending_outside_read,unresolved_pending_outside_read,evidence_only,none,no_reliable_value_after_search,evidence_only,none,no_reliable_value_after_search,Episode role assigned independently for total and low-income units.
UNITQ_DEV_NJA20120816,DEV_NJA20120816,NJA20123147,unresolved_pending_outside_read,unresolved_pending_outside_read,evidence_only,none,no_reliable_value_after_search,evidence_only,none,no_reliable_value_after_search,Episode role assigned independently for total and low-income units.
UNITQ_DEV_NJA20120817,DEV_NJA20120817,NJA20120817,candidate_representative,candidate_representative,select_representative,reconciled_episode,selected_reporting_representative,select_representative,reconciled_episode,selected_reporting_representative,Episode role assigned independently for total and low-income units.
UNITQ_DEV_NJA20120817,DEV_NJA20120817,NJA20123146,candidate_duplicate,candidate_duplicate,exclude_duplicate,none,duplicate_reporting_excluded,exclude_duplicate,none,duplicate_reporting_excluded,Episode role assigned independently for total and low-income units.
UNITQ_DEV_NJA20120828,DEV_NJA20120828,NJA20120828,candidate_representative,candidate_representative,select_representative,reconciled_episode,selected_reporting_representative,select_representative,reconciled_episode,selected_reporting_representative,Episode role assigned independently for total and low-income units.
UNITQ_DEV_NJA20120828,DEV_NJA20120828,NJA20123132,candidate_duplicate,candidate_duplicate,exclude_duplicate,none,duplicate_reporting_excluded,exclude_duplicate,none,duplicate_reporting_excluded,Episode role assigned independently for total and low-income units.
UNITQ_DEV_NJA20120832,DEV_NJA20120832,NJA20120832,candidate_representative,unresolved_pending_outside_read,select_representative,reconciled_episode,selected_reporting_representative,evidence_only,none,no_reliable_value_after_search,Episode role assigned independently for total and low-income units.
UNITQ_DEV_NJA20120832,DEV_NJA20120832,NJA20123128,candidate_duplicate,unresolved_pending_outside_read,exclude_duplicate,none,duplicate_reporting_excluded,evidence_only,none,no_reliable_value_after_search,Episode role assigned independently for total and low-income units.
UNITQ_DEV_NJA20120832,DEV_NJA20120832,NJA20149013,candidate_duplicate,unresolved_pending_outside_read,exclude_duplicate,none,duplicate_reporting_excluded,evidence_only,none,no_reliable_value_after_search,Episode role assigned independently for total and low-income units.
UNITQ_DEV_NJA20120832,DEV_NJA20120832,NJA20152035,candidate_duplicate,unresolved_pending_outside_read,exclude_duplicate,none,duplicate_reporting_excluded,evidence_only,none,no_reliable_value_after_search,Episode role assigned independently for total and low-income units.
UNITQ_DEV_NJA20120836,DEV_NJA20120836,NJA20120836,candidate_representative,candidate_representative,select_representative,reconciled_episode,selected_reporting_representative,select_representative,reconciled_episode,selected_reporting_representative,Episode role assigned independently for total and low-income units.
UNITQ_DEV_NJA20120836,DEV_NJA20120836,NJA20123124,candidate_duplicate,candidate_duplicate,exclude_duplicate,none,duplicate_reporting_excluded,exclude_duplicate,none,duplicate_reporting_excluded,Episode role assigned independently for total and low-income units.
UNITQ_DEV_NJA20120838,DEV_NJA20120838,NJA20120838,candidate_representative,candidate_representative,select_representative,reconciled_episode,selected_reporting_representative,select_representative,reconciled_episode,selected_reporting_representative,Episode role assigned independently for total and low-income units.
UNITQ_DEV_NJA20120838,DEV_NJA20120838,NJA20123122,candidate_duplicate,candidate_duplicate,exclude_duplicate,none,duplicate_reporting_excluded,exclude_duplicate,none,duplicate_reporting_excluded,Episode role assigned independently for total and low-income units.
UNITQ_DEV_NJA20120840,DEV_NJA20120840,NJA20120840,candidate_representative,candidate_representative,select_representative,reconciled_episode,selected_reporting_representative,select_representative,reconciled_episode,selected_reporting_representative,Episode role assigned independently for total and low-income units.
UNITQ_DEV_NJA20120840,DEV_NJA20120840,NJA20123120,candidate_duplicate,candidate_duplicate,exclude_duplicate,none,duplicate_reporting_excluded,exclude_duplicate,none,duplicate_reporting_excluded,Episode role assigned independently for total and low-income units.
UNITQ_DEV_NJA20120849,DEV_NJA20120849,NJA20120849,candidate_representative,candidate_representative,select_representative,reconciled_episode,selected_reporting_representative,select_representative,reconciled_episode,selected_reporting_representative,Episode role assigned independently for total and low-income units.
UNITQ_DEV_NJA20120849,DEV_NJA20120849,NJA20123110,candidate_duplicate,candidate_duplicate,exclude_duplicate,none,duplicate_reporting_excluded,exclude_duplicate,none,duplicate_reporting_excluded,Episode role assigned independently for total and low-income units.
UNITQ_DEV_NJA20120855,DEV_NJA20120855,NJA20120855,candidate_representative,candidate_representative,select_representative,reconciled_episode,selected_reporting_representative,select_representative,reconciled_episode,selected_reporting_representative,Episode role assigned independently for total and low-income units.
UNITQ_DEV_NJA20120855,DEV_NJA20120855,NJA20123104,candidate_duplicate,candidate_duplicate,exclude_duplicate,none,duplicate_reporting_excluded,exclude_duplicate,none,duplicate_reporting_excluded,Episode role assigned independently for total and low-income units.
UNITQ_DEV_NJA20120857,DEV_NJA20120857,NJA20120857,candidate_representative,candidate_representative,select_representative,reconciled_episode,selected_reporting_representative,select_representative,reconciled_episode,selected_reporting_representative,Episode role assigned independently for total and low-income units.
UNITQ_DEV_NJA20120857,DEV_NJA20120857,NJA20123102,candidate_duplicate,candidate_duplicate,exclude_duplicate,none,duplicate_reporting_excluded,exclude_duplicate,none,duplicate_reporting_excluded,Episode role assigned independently for total and low-income units.
UNITQ_DEV_NJA20120859,DEV_NJA20120859,NJA20120859,candidate_representative,candidate_representative,select_representative,reconciled_episode,selected_reporting_representative,select_representative,reconciled_episode,selected_reporting_representative,Episode role assigned independently for total and low-income units.
UNITQ_DEV_NJA20120859,DEV_NJA20120859,NJA20123100,candidate_duplicate,candidate_duplicate,exclude_duplicate,none,duplicate_reporting_excluded,exclude_duplicate,none,duplicate_reporting_excluded,Episode role assigned independently for total and low-income units.
UNITQ_DEV_NJA20120868,DEV_NJA20120868,NJA20120868,unresolved_pending_outside_read,unresolved_pending_outside_read,evidence_only,none,no_reliable_value_after_search,evidence_only,none,no_reliable_value_after_search,Episode role assigned independently for total and low-income units.
UNITQ_DEV_NJA20120868,DEV_NJA20120868,NJA20123091,unresolved_pending_outside_read,unresolved_pending_outside_read,evidence_only,none,no_reliable_value_after_search,evidence_only,none,no_reliable_value_after_search,Episode role assigned independently for total and low-income units.
UNITQ_DEV_NJA20120878,DEV_NJA20120878,NJA20120878,candidate_representative,candidate_representative,select_representative,reconciled_episode,selected_reporting_representative,select_representative,reconciled_episode,selected_reporting_representative,Episode role assigned independently for total and low-income units.
UNITQ_DEV_NJA20120878,DEV_NJA20120878,NJA20123081,candidate_duplicate,candidate_duplicate,exclude_duplicate,none,duplicate_reporting_excluded,exclude_duplicate,none,duplicate_reporting_excluded,Episode role assigned independently for total and low-income units.
UNITQ_DEV_NJA20120879,DEV_NJA20120879,NJA20120879,candidate_representative,unresolved_pending_outside_read,select_representative,reconciled_episode,selected_reporting_representative,evidence_only,none,no_reliable_value_after_search,Episode role assigned independently for total and low-income units.
UNITQ_DEV_NJA20120879,DEV_NJA20120879,NJA20123080,candidate_duplicate,unresolved_pending_outside_read,exclude_duplicate,none,duplicate_reporting_excluded,evidence_only,none,no_reliable_value_after_search,Episode role assigned independently for total and low-income units.
UNITQ_DEV_NJA20120887,DEV_NJA20120887,NJA20120887,candidate_representative,unresolved_pending_outside_read,select_representative,reconciled_episode,selected_reporting_representative,evidence_only,none,no_reliable_value_after_search,Episode role assigned independently for total and low-income units.
UNITQ_DEV_NJA20120887,DEV_NJA20120887,NJA20123073,candidate_duplicate,unresolved_pending_outside_read,exclude_duplicate,none,duplicate_reporting_excluded,evidence_only,none,no_reliable_value_after_search,Episode role assigned independently for total and low-income units.
UNITQ_DEV_NJA20120894,DEV_NJA20120894,NJA20120894,unresolved_pending_outside_read,unresolved_pending_outside_read,evidence_only,none,no_reliable_value_after_search,evidence_only,none,no_reliable_value_after_search,Episode role assigned independently for total and low-income units.
UNITQ_DEV_NJA20120894,DEV_NJA20120894,NJA20123065,unresolved_pending_outside_read,unresolved_pending_outside_read,evidence_only,none,no_reliable_value_after_search,evidence_only,none,no_reliable_value_after_search,Episode role assigned independently for total and low-income units.
UNITQ_DEV_NJA20120896,DEV_NJA20120896,NJA20120896,candidate_representative,candidate_representative,select_representative,reconciled_episode,selected_reporting_representative,select_representative,reconciled_episode,selected_reporting_representative,Episode role assigned independently for total and low-income units.
UNITQ_DEV_NJA20120896,DEV_NJA20120896,NJA20123063,candidate_duplicate,candidate_duplicate,exclude_duplicate,none,duplicate_reporting_excluded,exclude_duplicate,none,duplicate_reporting_excluded,Episode role assigned independently for total and low-income units.
UNITQ_DEV_NJA20120906,DEV_NJA20120906,NJA20120906,candidate_representative,unresolved_pending_outside_read,select_representative,reconciled_episode,selected_reporting_representative,evidence_only,none,no_reliable_value_after_search,Episode role assigned independently for total and low-income units.
UNITQ_DEV_NJA20120906,DEV_NJA20120906,NJA20123050,candidate_duplicate,unresolved_pending_outside_read,exclude_duplicate,none,duplicate_reporting_excluded,evidence_only,none,no_reliable_value_after_search,Episode role assigned independently for total and low-income units.
UNITQ_DEV_NJA20120907,DEV_NJA20120907,NJA20120907,candidate_representative,candidate_representative,select_representative,reconciled_episode,selected_reporting_representative,select_representative,reconciled_episode,selected_reporting_representative,Episode role assigned independently for total and low-income units.
UNITQ_DEV_NJA20120907,DEV_NJA20120907,NJA20123049,candidate_duplicate,candidate_duplicate,exclude_duplicate,none,duplicate_reporting_excluded,exclude_duplicate,none,duplicate_reporting_excluded,Episode role assigned independently for total and low-income units.
UNITQ_DEV_NJA20120912,DEV_NJA20120912,NJA20120912,candidate_representative,candidate_representative,select_representative,reconciled_episode,selected_reporting_representative,select_representative,reconciled_episode,selected_reporting_representative,Episode role assigned independently for total and low-income units.
UNITQ_DEV_NJA20120912,DEV_NJA20120912,NJA20123045,candidate_duplicate,candidate_duplicate,exclude_duplicate,none,duplicate_reporting_excluded,exclude_duplicate,none,duplicate_reporting_excluded,Episode role assigned independently for total and low-income units.
UNITQ_DEV_NJA20120925,DEV_NJA20120925,NJA20120925,candidate_representative,candidate_representative,select_representative,reconciled_episode,selected_reporting_representative,select_representative,reconciled_episode,selected_reporting_representative,Episode role assigned independently for total and low-income units.
UNITQ_DEV_NJA20120925,DEV_NJA20120925,NJA20123033,candidate_duplicate,candidate_duplicate,exclude_duplicate,none,duplicate_reporting_excluded,exclude_duplicate,none,duplicate_reporting_excluded,Episode role assigned independently for total and low-income units.
UNITQ_DEV_NJA20120936,DEV_NJA20120936,NJA20120936,candidate_representative,candidate_representative,select_representative,reconciled_episode,selected_reporting_representative,select_representative,reconciled_episode,selected_reporting_representative,Episode role assigned independently for total and low-income units.
UNITQ_DEV_NJA20120936,DEV_NJA20120936,NJA20123022,candidate_duplicate,candidate_duplicate,exclude_duplicate,none,duplicate_reporting_excluded,exclude_duplicate,none,duplicate_reporting_excluded,Episode role assigned independently for total and low-income units.
UNITQ_DEV_NJA20120944,DEV_NJA20120944,NJA20120944,candidate_representative,candidate_representative,select_representative,reconciled_episode,selected_reporting_representative,select_representative,reconciled_episode,selected_reporting_representative,Episode role assigned independently for total and low-income units.
UNITQ_DEV_NJA20120944,DEV_NJA20120944,NJA20123012,candidate_duplicate,candidate_duplicate,exclude_duplicate,none,duplicate_reporting_excluded,exclude_duplicate,none,duplicate_reporting_excluded,Episode role assigned independently for total and low-income units.
UNITQ_DEV_NJA20120950,DEV_NJA20120950,NJA20120950,candidate_representative,candidate_representative,select_representative,reconciled_episode,selected_reporting_representative,select_representative,reconciled_episode,selected_reporting_representative,Episode role assigned independently for total and low-income units.
UNITQ_DEV_NJA20120950,DEV_NJA20120950,NJA20123007,candidate_duplicate,candidate_duplicate,exclude_duplicate,none,duplicate_reporting_excluded,exclude_duplicate,none,duplicate_reporting_excluded,Episode role assigned independently for total and low-income units.
UNITQ_DEV_NJA20120951,DEV_NJA20120951,NJA20120951,candidate_representative,candidate_representative,select_representative,reconciled_episode,selected_reporting_representative,select_representative,reconciled_episode,selected_reporting_representative,Episode role assigned independently for total and low-income units.
UNITQ_DEV_NJA20120951,DEV_NJA20120951,NJA20123006,candidate_duplicate,candidate_duplicate,exclude_duplicate,none,duplicate_reporting_excluded,exclude_duplicate,none,duplicate_reporting_excluded,Episode role assigned independently for total and low-income units.
UNITQ_DEV_NJA20120952,DEV_NJA20120952,NJA20120952,candidate_representative,candidate_representative,select_representative,reconciled_episode,selected_reporting_representative,select_representative,reconciled_episode,selected_reporting_representative,Episode role assigned independently for total and low-income units.
UNITQ_DEV_NJA20120952,DEV_NJA20120952,NJA20120953,candidate_duplicate,candidate_duplicate,exclude_duplicate,none,duplicate_reporting_excluded,exclude_duplicate,none,duplicate_reporting_excluded,Episode role assigned independently for total and low-income units.
UNITQ_DEV_NJA20120952,DEV_NJA20120952,NJA20123004,candidate_duplicate,candidate_duplicate,exclude_duplicate,none,duplicate_reporting_excluded,exclude_duplicate,none,duplicate_reporting_excluded,Episode role assigned independently for total and low-income units.
UNITQ_DEV_NJA20120956,DEV_NJA20120956,NJA20120956,candidate_representative,candidate_representative,select_representative,reconciled_episode,selected_reporting_representative,select_representative,reconciled_episode,selected_reporting_representative,Episode role assigned independently for total and low-income units.
UNITQ_DEV_NJA20120956,DEV_NJA20120956,NJA20123001,candidate_duplicate,candidate_duplicate,exclude_duplicate,none,duplicate_reporting_excluded,exclude_duplicate,none,duplicate_reporting_excluded,Episode role assigned independently for total and low-income units.
UNITQ_DEV_NJA20123062,DEV_NJA20123062,NJA20123062,candidate_representative,candidate_representative,select_representative,reconciled_episode,selected_reporting_representative,select_representative,reconciled_episode,selected_reporting_representative,Episode role assigned independently for total and low-income units.
UNITQ_DEV_NJA20123062,DEV_NJA20123062,NJA20125007,candidate_duplicate,candidate_duplicate,exclude_duplicate,none,duplicate_reporting_excluded,exclude_duplicate,none,duplicate_reporting_excluded,Episode role assigned independently for total and low-income units.
UNITQ_DEV_NJA20123062,DEV_NJA20123062,NJA20129018,candidate_duplicate,candidate_duplicate,exclude_duplicate,none,duplicate_reporting_excluded,exclude_duplicate,none,duplicate_reporting_excluded,Episode role assigned independently for total and low-income units.
UNITQ_DEV_NJA20123079,DEV_NJA20123079,NJA00000059,unresolved_pending_outside_read,unresolved_pending_outside_read,evidence_only,none,no_reliable_value_after_search,evidence_only,none,no_reliable_value_after_search,Episode role assigned independently for total and low-income units.
UNITQ_DEV_NJA20123079,DEV_NJA20123079,NJA20123079,unresolved_pending_outside_read,unresolved_pending_outside_read,evidence_only,none,no_reliable_value_after_search,evidence_only,none,no_reliable_value_after_search,Episode role assigned independently for total and low-income units.
UNITQ_DEV_NJA20125004,DEV_NJA20125004,NJA20125004,candidate_representative,candidate_representative,select_representative,reconciled_episode,selected_reporting_representative,select_representative,reconciled_episode,selected_reporting_representative,Episode role assigned independently for total and low-income units.
UNITQ_DEV_NJA20125004,DEV_NJA20125004,NJA20129005,candidate_duplicate,candidate_duplicate,exclude_duplicate,none,duplicate_reporting_excluded,exclude_duplicate,none,duplicate_reporting_excluded,Episode role assigned independently for total and low-income units.
UNITQ_DEV_NJA20125004,DEV_NJA20125004,NJA20129027,candidate_duplicate,candidate_duplicate,exclude_duplicate,none,duplicate_reporting_excluded,exclude_duplicate,none,duplicate_reporting_excluded,Episode role assigned independently for total and low-income units.
UNITQ_DEV_NJA20125011,DEV_NJA20125011,NJA20125011,candidate_representative,candidate_representative,select_representative,reconciled_episode,selected_reporting_representative,select_representative,reconciled_episode,selected_reporting_representative,Episode role assigned independently for total and low-income units.
UNITQ_DEV_NJA20125011,DEV_NJA20125011,NJA20129011,candidate_duplicate,candidate_duplicate,exclude_duplicate,none,duplicate_reporting_excluded,exclude_duplicate,none,duplicate_reporting_excluded,Episode role assigned independently for total and low-income units.
UNITQ_DEV_NJA20125011,DEV_NJA20125011,NJA20129023,candidate_duplicate,candidate_duplicate,exclude_duplicate,none,duplicate_reporting_excluded,exclude_duplicate,none,duplicate_reporting_excluded,Episode role assigned independently for total and low-income units.
UNITQ_DEV_NJA20130434,DEV_NJA20130434,NJA20130434,candidate_representative,candidate_representative,select_representative,reconciled_episode,selected_reporting_representative,select_representative,reconciled_episode,selected_reporting_representative,Episode role assigned independently for total and low-income units.
UNITQ_DEV_NJA20130434,DEV_NJA20130434,NJA20139007,candidate_duplicate,candidate_duplicate,exclude_duplicate,none,duplicate_reporting_excluded,exclude_duplicate,none,duplicate_reporting_excluded,Episode role assigned independently for total and low-income units.
UNITQ_DEV_NJA20134024,DEV_NJA20134024,NJA20134024,unresolved_pending_outside_read,candidate_representative,evidence_only,none,no_reliable_value_after_search,select_representative,reconciled_episode,selected_reporting_representative,Episode role assigned independently for total and low-income units.
UNITQ_DEV_NJA20134024,DEV_NJA20134024,NJA20139029,unresolved_pending_outside_read,candidate_duplicate,evidence_only,none,no_reliable_value_after_search,exclude_duplicate,none,duplicate_reporting_excluded,Episode role assigned independently for total and low-income units.
UNITQ_DEV_NJA20134024,DEV_NJA20134024,NJA20139031,unresolved_pending_outside_read,candidate_duplicate,evidence_only,none,no_reliable_value_after_search,exclude_duplicate,none,duplicate_reporting_excluded,Episode role assigned independently for total and low-income units.
UNITQ_DEV_NJA20140030,DEV_NJA20140030,NJA20140030,candidate_representative,candidate_representative,select_representative,reconciled_episode,selected_reporting_representative,select_representative,reconciled_episode,selected_reporting_representative,Episode role assigned independently for total and low-income units.
UNITQ_DEV_NJA20140030,DEV_NJA20140030,NJA20149006,candidate_duplicate,candidate_duplicate,exclude_duplicate,none,duplicate_reporting_excluded,exclude_duplicate,none,duplicate_reporting_excluded,Episode role assigned independently for total and low-income units.
UNITQ_DEV_NJA20149020,DEV_NJA20149020,NJA20149020,candidate_representative,unresolved_pending_outside_read,select_representative,reconciled_episode,selected_reporting_representative,evidence_only,none,no_reliable_value_after_search,Episode role assigned independently for total and low-income units.
UNITQ_DEV_NJA20149020,DEV_NJA20149020,NJA20149021,candidate_duplicate,unresolved_pending_outside_read,exclude_duplicate,none,duplicate_reporting_excluded,evidence_only,none,no_reliable_value_after_search,Episode role assigned independently for total and low-income units.
UNITQ_DEV_NJA20150001,DEV_NJA20150001,NJA20150001,evidence_only,evidence_only,evidence_only,none,external_value_not_episode_allocated,evidence_only,none,external_value_not_episode_allocated,Episode role assigned independently for total and low-income units.
UNITQ_DEV_NJA20150001,DEV_NJA20150001,NJA20159001,evidence_only,evidence_only,evidence_only,none,external_value_not_episode_allocated,evidence_only,none,external_value_not_episode_allocated,Episode role assigned independently for total and low-income units.
UNITQ_DEV_NJA20152008,DEV_NJA20152008,NJA20152008,candidate_representative,candidate_representative,select_representative,reconciled_episode,selected_reporting_representative,select_representative,reconciled_episode,selected_reporting_representative,Episode role assigned independently for total and low-income units.
UNITQ_DEV_NJA20152008,DEV_NJA20152008,NJA20159005,candidate_duplicate,candidate_duplicate,exclude_duplicate,none,duplicate_reporting_excluded,exclude_duplicate,none,duplicate_reporting_excluded,Episode role assigned independently for total and low-income units.
UNITQ_DEV_NJA20153045,DEV_NJA20153045,NJA20153045,candidate_representative,candidate_representative,select_representative,reconciled_episode,selected_reporting_representative,select_representative,reconciled_episode,selected_reporting_representative,Episode role assigned independently for total and low-income units.
UNITQ_DEV_NJA20153045,DEV_NJA20153045,NJA20159014,candidate_duplicate,candidate_duplicate,exclude_duplicate,none,duplicate_reporting_excluded,exclude_duplicate,none,duplicate_reporting_excluded,Episode role assigned independently for total and low-income units.
UNITQ_DEV_NJA20161011,DEV_NJA20161011,NJA20161011,candidate_representative,unresolved_pending_outside_read,select_representative,reconciled_episode,selected_reporting_representative,evidence_only,none,no_reliable_value_after_search,Episode role assigned independently for total and low-income units.
UNITQ_DEV_NJA20161011,DEV_NJA20161011,NJA20168009,candidate_duplicate,unresolved_pending_outside_read,exclude_duplicate,none,duplicate_reporting_excluded,evidence_only,none,no_reliable_value_after_search,Episode role assigned independently for total and low-income units.
UNITQ_DEV_NJA20161012,DEV_NJA20161012,NJA00000049,candidate_duplicate,candidate_duplicate,exclude_duplicate,none,duplicate_reporting_excluded,exclude_duplicate,none,duplicate_reporting_excluded,Episode role assigned independently for total and low-income units.
UNITQ_DEV_NJA20161012,DEV_NJA20161012,NJA20161012,candidate_representative,candidate_representative,select_representative,reconciled_episode,selected_reporting_representative,select_representative,reconciled_episode,selected_reporting_representative,Episode role assigned independently for total and low-income units.
UNITQ_DEV_NJA20161020,DEV_NJA20161020,NJA20161020,candidate_representative,unresolved_pending_outside_read,select_representative,reconciled_episode,selected_reporting_representative,evidence_only,none,no_reliable_value_after_search,Episode role assigned independently for total and low-income units.
UNITQ_DEV_NJA20161020,DEV_NJA20161020,NJA20168018,candidate_duplicate,unresolved_pending_outside_read,exclude_duplicate,none,duplicate_reporting_excluded,evidence_only,none,no_reliable_value_after_search,Episode role assigned independently for total and low-income units.
UNITQ_DEV_NJA20161027,DEV_NJA20161027,NJA20161027,unresolved_pending_outside_read,unresolved_pending_outside_read,evidence_only,none,no_reliable_value_after_search,evidence_only,none,no_reliable_value_after_search,Episode role assigned independently for total and low-income units.
UNITQ_DEV_NJA20161027,DEV_NJA20161027,NJA20168025,unresolved_pending_outside_read,unresolved_pending_outside_read,evidence_only,none,no_reliable_value_after_search,evidence_only,none,no_reliable_value_after_search,Episode role assigned independently for total and low-income units.
UNITQ_DEV_NJA20162032,DEV_NJA20162032,NJA20162032,unresolved_pending_outside_read,unresolved_pending_outside_read,evidence_only,none,no_reliable_value_after_search,evidence_only,none,no_reliable_value_after_search,Episode role assigned independently for total and low-income units.
UNITQ_DEV_NJA20162032,DEV_NJA20162032,NJA20168029,unresolved_pending_outside_read,unresolved_pending_outside_read,evidence_only,none,no_reliable_value_after_search,evidence_only,none,no_reliable_value_after_search,Episode role assigned independently for total and low-income units.
UNITQ_DEV_NJA20170008,DEV_NJA20170008,NJA20170008,candidate_representative,candidate_representative,select_representative,reconciled_episode,selected_reporting_representative,select_representative,reconciled_episode,selected_reporting_representative,Episode role assigned independently for total and low-income units.
UNITQ_DEV_NJA20170008,DEV_NJA20170008,NJA20177019,candidate_duplicate,candidate_duplicate,exclude_duplicate,none,duplicate_reporting_excluded,exclude_duplicate,none,duplicate_reporting_excluded,Episode role assigned independently for total and low-income units.
UNITQ_DEV_NJA20170011,DEV_NJA20170011,NJA20170011,unresolved_pending_outside_read,unresolved_pending_outside_read,evidence_only,none,no_reliable_value_after_search,evidence_only,none,no_reliable_value_after_search,Episode role assigned independently for total and low-income units.
UNITQ_DEV_NJA20170011,DEV_NJA20170011,NJA20177025,unresolved_pending_outside_read,unresolved_pending_outside_read,evidence_only,none,no_reliable_value_after_search,evidence_only,none,no_reliable_value_after_search,Episode role assigned independently for total and low-income units.
UNITQ_DEV_NJA20170019,DEV_NJA20170019,NJA20170019,unresolved_pending_outside_read,unresolved_pending_outside_read,evidence_only,none,no_reliable_value_after_search,evidence_only,none,no_reliable_value_after_search,Episode role assigned independently for total and low-income units.
UNITQ_DEV_NJA20170019,DEV_NJA20170019,NJA20177034,unresolved_pending_outside_read,unresolved_pending_outside_read,evidence_only,none,no_reliable_value_after_search,evidence_only,none,no_reliable_value_after_search,Episode role assigned independently for total and low-income units.
UNITQ_DEV_NJA20174019,DEV_NJA20174019,NJA20174019,candidate_representative,unresolved_pending_outside_read,select_representative,reconciled_episode,selected_reporting_representative,evidence_only,none,no_reliable_value_after_search,Episode role assigned independently for total and low-income units.
UNITQ_DEV_NJA20174019,DEV_NJA20174019,NJA20177015,candidate_duplicate,unresolved_pending_outside_read,exclude_duplicate,none,duplicate_reporting_excluded,evidence_only,none,no_reliable_value_after_search,Episode role assigned independently for total and low-income units.
UNITQ_DEV_NJA20177007,DEV_NJA20177007,NJA20177007,unresolved_pending_outside_read,unresolved_pending_outside_read,evidence_only,none,no_reliable_value_after_search,evidence_only,none,no_reliable_value_after_search,Episode role assigned independently for total and low-income units.
UNITQ_DEV_NJA20177007,DEV_NJA20177007,NJA20200007,unresolved_pending_outside_read,unresolved_pending_outside_read,evidence_only,none,no_reliable_value_after_search,evidence_only,none,no_reliable_value_after_search,Episode role assigned independently for total and low-income units.
UNITQ_DEV_NJA20177013,DEV_NJA20177013,NJA20177013,unresolved_pending_outside_read,unresolved_pending_outside_read,evidence_only,none,no_reliable_value_after_search,evidence_only,none,no_reliable_value_after_search,Episode role assigned independently for total and low-income units.
UNITQ_DEV_NJA20177013,DEV_NJA20177013,NJA20195154,unresolved_pending_outside_read,unresolved_pending_outside_read,evidence_only,none,no_reliable_value_after_search,evidence_only,none,no_reliable_value_after_search,Episode role assigned independently for total and low-income units.
UNITQ_DEV_NJA20177024,DEV_NJA20177024,NJA0000X130,unresolved_pending_outside_read,candidate_duplicate,evidence_only,none,no_reliable_value_after_search,exclude_duplicate,none,duplicate_reporting_excluded,Episode role assigned independently for total and low-income units.
UNITQ_DEV_NJA20177024,DEV_NJA20177024,NJA20177024,unresolved_pending_outside_read,candidate_representative,evidence_only,none,no_reliable_value_after_search,select_representative,reconciled_episode,selected_reporting_representative,Episode role assigned independently for total and low-income units.
UNITQ_DEV_NJA20180003,DEV_NJA20180003,NJA20180003,candidate_representative,candidate_representative,select_representative,reconciled_episode,selected_reporting_representative,select_representative,reconciled_episode,selected_reporting_representative,Episode role assigned independently for total and low-income units.
UNITQ_DEV_NJA20180003,DEV_NJA20180003,NJA20186015,candidate_duplicate,candidate_duplicate,exclude_duplicate,none,duplicate_reporting_excluded,exclude_duplicate,none,duplicate_reporting_excluded,Episode role assigned independently for total and low-income units.
UNITQ_DEV_NJA20183007,DEV_NJA20183007,NJA0000X031,candidate_duplicate,candidate_duplicate,exclude_duplicate,none,duplicate_reporting_excluded,exclude_duplicate,none,duplicate_reporting_excluded,Episode role assigned independently for total and low-income units.
UNITQ_DEV_NJA20183007,DEV_NJA20183007,NJA20183007,candidate_representative,candidate_representative,select_representative,reconciled_episode,selected_reporting_representative,select_representative,reconciled_episode,selected_reporting_representative,Episode role assigned independently for total and low-income units.
UNITQ_DEV_NJA20183007,DEV_NJA20183007,NJA20186008,candidate_duplicate,candidate_duplicate,exclude_duplicate,none,duplicate_reporting_excluded,exclude_duplicate,none,duplicate_reporting_excluded,Episode role assigned independently for total and low-income units.
UNITQ_DEV_NJA20186005,DEV_NJA20186005,NJA0000X028,candidate_duplicate,candidate_duplicate,exclude_duplicate,none,duplicate_reporting_excluded,exclude_duplicate,none,duplicate_reporting_excluded,Episode role assigned independently for total and low-income units.
UNITQ_DEV_NJA20186005,DEV_NJA20186005,NJA20186005,candidate_representative,candidate_representative,select_representative,reconciled_episode,selected_reporting_representative,select_representative,reconciled_episode,selected_reporting_representative,Episode role assigned independently for total and low-income units.
UNITQ_DEV_NJA20186006,DEV_NJA20186006,NJA20186006,candidate_representative,candidate_representative,select_representative,reconciled_episode,selected_reporting_representative,select_representative,reconciled_episode,selected_reporting_representative,Episode role assigned independently for total and low-income units.
UNITQ_DEV_NJA20186006,DEV_NJA20186006,NJA20186007,candidate_duplicate,candidate_duplicate,exclude_duplicate,none,duplicate_reporting_excluded,exclude_duplicate,none,duplicate_reporting_excluded,Episode role assigned independently for total and low-income units.
UNITQ_DEV_NJA20186010,DEV_NJA20186010,NJA20186010,candidate_representative,candidate_representative,select_representative,reconciled_episode,selected_reporting_representative,select_representative,reconciled_episode,selected_reporting_representative,Episode role assigned independently for total and low-income units.
UNITQ_DEV_NJA20186010,DEV_NJA20186010,NJA20186031,candidate_duplicate,candidate_duplicate,exclude_duplicate,none,duplicate_reporting_excluded,exclude_duplicate,none,duplicate_reporting_excluded,Episode role assigned independently for total and low-income units.
UNITQ_DEV_NJA20186019,DEV_NJA20186019,NJA20186019,candidate_representative,unresolved_pending_outside_read,select_representative,reconciled_episode,selected_reporting_representative,evidence_only,none,no_reliable_value_after_search,Episode role assigned independently for total and low-income units.
UNITQ_DEV_NJA20186019,DEV_NJA20186019,NJA20186020,candidate_duplicate,unresolved_pending_outside_read,exclude_duplicate,none,duplicate_reporting_excluded,evidence_only,none,no_reliable_value_after_search,Episode role assigned independently for total and low-income units.
UNITQ_DEV_NJA20186030,DEV_NJA20186030,NJA0000X040,candidate_duplicate,unresolved_pending_outside_read,exclude_duplicate,none,duplicate_reporting_excluded,evidence_only,none,no_reliable_value_after_search,Episode role assigned independently for total and low-income units.
UNITQ_DEV_NJA20186030,DEV_NJA20186030,NJA20186030,candidate_representative,unresolved_pending_outside_read,select_representative,reconciled_episode,selected_reporting_representative,evidence_only,none,no_reliable_value_after_search,Episode role assigned independently for total and low-income units.
UNITQ_DEV_NJA20186040,DEV_NJA20186040,NJA20186040,candidate_representative,candidate_representative,select_representative,reconciled_episode,selected_reporting_representative,select_representative,reconciled_episode,selected_reporting_representative,Episode role assigned independently for total and low-income units.
UNITQ_DEV_NJA20186040,DEV_NJA20186040,NJA20186041,candidate_duplicate,candidate_duplicate,exclude_duplicate,none,duplicate_reporting_excluded,exclude_duplicate,none,duplicate_reporting_excluded,Episode role assigned independently for total and low-income units.
UNITQ_DEV_NJA20190008,DEV_NJA20190008,NJA20190008,candidate_representative,candidate_representative,select_representative,reconciled_episode,selected_reporting_representative,select_representative,reconciled_episode,selected_reporting_representative,Episode role assigned independently for total and low-income units.
UNITQ_DEV_NJA20190008,DEV_NJA20190008,NJA20213015,candidate_duplicate,candidate_duplicate,exclude_duplicate,none,duplicate_reporting_excluded,exclude_duplicate,none,duplicate_reporting_excluded,Episode role assigned independently for total and low-income units.
UNITQ_DEV_NJA20195007,DEV_NJA20195007,NJA0000X019,candidate_duplicate,unresolved_pending_outside_read,exclude_duplicate,none,duplicate_reporting_excluded,evidence_only,none,no_reliable_value_after_search,Episode role assigned independently for total and low-income units.
UNITQ_DEV_NJA20195007,DEV_NJA20195007,NJA20195007,candidate_representative,unresolved_pending_outside_read,select_representative,reconciled_episode,selected_reporting_representative,evidence_only,none,no_reliable_value_after_search,Episode role assigned independently for total and low-income units.
UNITQ_DEV_NJA20195007,DEV_NJA20195007,NJA20195008,candidate_duplicate,unresolved_pending_outside_read,exclude_duplicate,none,duplicate_reporting_excluded,evidence_only,none,no_reliable_value_after_search,Episode role assigned independently for total and low-income units.
UNITQ_DEV_NJA20195007,DEV_NJA20195007,NJA20200010,candidate_duplicate,unresolved_pending_outside_read,exclude_duplicate,none,duplicate_reporting_excluded,evidence_only,none,no_reliable_value_after_search,Episode role assigned independently for total and low-income units.
UNITQ_DEV_NJA20195011,DEV_NJA20195011,NJA20195011,unresolved_pending_outside_read,candidate_representative,evidence_only,none,no_reliable_value_after_search,select_representative,reconciled_episode,selected_reporting_representative,Episode role assigned independently for total and low-income units.
UNITQ_DEV_NJA20195011,DEV_NJA20195011,NJA20200013,unresolved_pending_outside_read,candidate_duplicate,evidence_only,none,no_reliable_value_after_search,exclude_duplicate,none,duplicate_reporting_excluded,Episode role assigned independently for total and low-income units.
UNITQ_DEV_NJA20195020,DEV_NJA20195020,NJA20195020,candidate_representative,candidate_representative,select_representative,reconciled_episode,selected_reporting_representative,select_representative,reconciled_episode,selected_reporting_representative,Episode role assigned independently for total and low-income units.
UNITQ_DEV_NJA20195020,DEV_NJA20195020,NJA20195021,candidate_duplicate,candidate_duplicate,exclude_duplicate,none,duplicate_reporting_excluded,exclude_duplicate,none,duplicate_reporting_excluded,Episode role assigned independently for total and low-income units.
UNITQ_DEV_NJA20195024,DEV_NJA20195024,NJA0000X056,candidate_duplicate,candidate_duplicate,exclude_duplicate,none,duplicate_reporting_excluded,exclude_duplicate,none,duplicate_reporting_excluded,Episode role assigned independently for total and low-income units.
UNITQ_DEV_NJA20195024,DEV_NJA20195024,NJA20195024,candidate_representative,candidate_representative,select_representative,reconciled_episode,selected_reporting_representative,select_representative,reconciled_episode,selected_reporting_representative,Episode role assigned independently for total and low-income units.
UNITQ_DEV_NJA20195041,DEV_NJA20195041,NJA20195041,candidate_representative,unresolved_pending_outside_read,select_representative,reconciled_episode,selected_reporting_representative,evidence_only,none,no_reliable_value_after_search,Episode role assigned independently for total and low-income units.
UNITQ_DEV_NJA20195041,DEV_NJA20195041,NJA20211190,candidate_duplicate,unresolved_pending_outside_read,exclude_duplicate,none,duplicate_reporting_excluded,evidence_only,none,no_reliable_value_after_search,Episode role assigned independently for total and low-income units.
UNITQ_DEV_NJA20200003,DEV_NJA20200003,NJA0000X004,unresolved_pending_outside_read,unresolved_pending_outside_read,evidence_only,none,no_reliable_value_after_search,evidence_only,none,no_reliable_value_after_search,Episode role assigned independently for total and low-income units.
UNITQ_DEV_NJA20200003,DEV_NJA20200003,NJA20200003,unresolved_pending_outside_read,unresolved_pending_outside_read,evidence_only,none,no_reliable_value_after_search,evidence_only,none,no_reliable_value_after_search,Episode role assigned independently for total and low-income units.
UNITQ_DEV_NJA20200004,DEV_NJA20200004,NJA0000X007,unresolved_pending_outside_read,unresolved_pending_outside_read,evidence_only,none,no_reliable_value_after_search,evidence_only,none,no_reliable_value_after_search,Episode role assigned independently for total and low-income units.
UNITQ_DEV_NJA20200004,DEV_NJA20200004,NJA20200004,unresolved_pending_outside_read,unresolved_pending_outside_read,evidence_only,none,no_reliable_value_after_search,evidence_only,none,no_reliable_value_after_search,Episode role assigned independently for total and low-income units.
UNITQ_DEV_NJA20200005,DEV_NJA20200005,NJA0000X009,candidate_duplicate,candidate_duplicate,exclude_duplicate,none,duplicate_reporting_excluded,exclude_duplicate,none,duplicate_reporting_excluded,Episode role assigned independently for total and low-income units.
UNITQ_DEV_NJA20200005,DEV_NJA20200005,NJA20200005,candidate_representative,candidate_representative,select_representative,reconciled_episode,selected_reporting_representative,select_representative,reconciled_episode,selected_reporting_representative,Episode role assigned independently for total and low-income units.
UNITQ_DEV_NJA20200006,DEV_NJA20200006,NJA0000X010,unresolved_pending_outside_read,unresolved_pending_outside_read,evidence_only,none,no_reliable_value_after_search,evidence_only,none,no_reliable_value_after_search,Episode role assigned independently for total and low-income units.
UNITQ_DEV_NJA20200006,DEV_NJA20200006,NJA20200006,unresolved_pending_outside_read,unresolved_pending_outside_read,evidence_only,none,no_reliable_value_after_search,evidence_only,none,no_reliable_value_after_search,Episode role assigned independently for total and low-income units.
UNITQ_DEV_NJA20200018,DEV_NJA20200018,NJA0000X034,unresolved_pending_outside_read,unresolved_pending_outside_read,evidence_only,none,no_reliable_value_after_search,evidence_only,none,no_reliable_value_after_search,Episode role assigned independently for total and low-income units.
UNITQ_DEV_NJA20200018,DEV_NJA20200018,NJA20200018,unresolved_pending_outside_read,unresolved_pending_outside_read,evidence_only,none,no_reliable_value_after_search,evidence_only,none,no_reliable_value_after_search,Episode role assigned independently for total and low-income units.
UNITQ_DEV_NJA20200031,DEV_NJA20200031,NJA0000X066,candidate_duplicate,candidate_duplicate,exclude_duplicate,none,duplicate_reporting_excluded,exclude_duplicate,none,duplicate_reporting_excluded,Episode role assigned independently for total and low-income units.
UNITQ_DEV_NJA20200031,DEV_NJA20200031,NJA20200031,candidate_representative,candidate_representative,select_representative,reconciled_episode,selected_reporting_representative,select_representative,reconciled_episode,selected_reporting_representative,Episode role assigned independently for total and low-income units.
UNITQ_DEV_NJA20200033,DEV_NJA20200033,NJA0000X069,unresolved_pending_outside_read,unresolved_pending_outside_read,evidence_only,none,no_reliable_value_after_search,evidence_only,none,no_reliable_value_after_search,Episode role assigned independently for total and low-income units.
UNITQ_DEV_NJA20200033,DEV_NJA20200033,NJA20200033,unresolved_pending_outside_read,unresolved_pending_outside_read,evidence_only,none,no_reliable_value_after_search,evidence_only,none,no_reliable_value_after_search,Episode role assigned independently for total and low-income units.
UNITQ_DEV_NJA20200036,DEV_NJA20200036,NJA0000X006,candidate_duplicate,candidate_duplicate,exclude_duplicate,none,duplicate_reporting_excluded,exclude_duplicate,none,duplicate_reporting_excluded,Episode role assigned independently for total and low-income units.
UNITQ_DEV_NJA20200036,DEV_NJA20200036,NJA20200036,candidate_representative,candidate_representative,select_representative,reconciled_episode,selected_reporting_representative,select_representative,reconciled_episode,selected_reporting_representative,Episode role assigned independently for total and low-income units.
UNITQ_DEV_NJA20200039,DEV_NJA20200039,NJA0000X073,candidate_duplicate,candidate_duplicate,exclude_duplicate,none,duplicate_reporting_excluded,exclude_duplicate,none,duplicate_reporting_excluded,Episode role assigned independently for total and low-income units.
UNITQ_DEV_NJA20200039,DEV_NJA20200039,NJA20200039,candidate_representative,candidate_representative,select_representative,reconciled_episode,selected_reporting_representative,select_representative,reconciled_episode,selected_reporting_representative,Episode role assigned independently for total and low-income units.
UNITQ_DEV_NJA20200043,DEV_NJA20200043,NJA0000X081,unresolved_pending_outside_read,unresolved_pending_outside_read,evidence_only,none,no_reliable_value_after_search,evidence_only,none,no_reliable_value_after_search,Episode role assigned independently for total and low-income units.
UNITQ_DEV_NJA20200043,DEV_NJA20200043,NJA20200043,unresolved_pending_outside_read,unresolved_pending_outside_read,evidence_only,none,no_reliable_value_after_search,evidence_only,none,no_reliable_value_after_search,Episode role assigned independently for total and low-income units.
UNITQ_DEV_NJA20200047,DEV_NJA20200047,NJA0000X085,candidate_duplicate,candidate_duplicate,exclude_duplicate,none,duplicate_reporting_excluded,exclude_duplicate,none,duplicate_reporting_excluded,Episode role assigned independently for total and low-income units.
UNITQ_DEV_NJA20200047,DEV_NJA20200047,NJA20200047,candidate_representative,candidate_representative,select_representative,reconciled_episode,selected_reporting_representative,select_representative,reconciled_episode,selected_reporting_representative,Episode role assigned independently for total and low-income units.
UNITQ_DEV_NJA20201001,DEV_NJA20201001,NJA20201001,candidate_representative,candidate_representative,select_representative,reconciled_episode,selected_reporting_representative,select_representative,reconciled_episode,selected_reporting_representative,Episode role assigned independently for total and low-income units.
UNITQ_DEV_NJA20201001,DEV_NJA20201001,NJA20213001,candidate_duplicate,candidate_duplicate,exclude_duplicate,none,duplicate_reporting_excluded,exclude_duplicate,none,duplicate_reporting_excluded,Episode role assigned independently for total and low-income units.
UNITQ_DEV_NJA20201020,DEV_NJA20201020,NJA0000X060,candidate_duplicate,candidate_duplicate,exclude_duplicate,none,duplicate_reporting_excluded,exclude_duplicate,none,duplicate_reporting_excluded,Episode role assigned independently for total and low-income units.
UNITQ_DEV_NJA20201020,DEV_NJA20201020,NJA20201020,candidate_representative,candidate_representative,select_representative,reconciled_episode,selected_reporting_representative,select_representative,reconciled_episode,selected_reporting_representative,Episode role assigned independently for total and low-income units.
UNITQ_DEV_NJA20201020,DEV_NJA20201020,NJA20213027,candidate_duplicate,candidate_duplicate,exclude_duplicate,none,duplicate_reporting_excluded,exclude_duplicate,none,duplicate_reporting_excluded,Episode role assigned independently for total and low-income units.
UNITQ_DEV_NJA20204006,DEV_NJA20204006,NJA0000X022,candidate_duplicate,candidate_duplicate,exclude_duplicate,none,duplicate_reporting_excluded,exclude_duplicate,none,duplicate_reporting_excluded,Episode role assigned independently for total and low-income units.
UNITQ_DEV_NJA20204006,DEV_NJA20204006,NJA20204006,candidate_representative,candidate_representative,select_representative,reconciled_episode,selected_reporting_representative,select_representative,reconciled_episode,selected_reporting_representative,Episode role assigned independently for total and low-income units.
UNITQ_DEV_NJA20204016,DEV_NJA20204016,NJA0000X042,candidate_duplicate,candidate_duplicate,exclude_duplicate,none,duplicate_reporting_excluded,exclude_duplicate,none,duplicate_reporting_excluded,Episode role assigned independently for total and low-income units.
UNITQ_DEV_NJA20204016,DEV_NJA20204016,NJA20204016,candidate_representative,candidate_representative,select_representative,reconciled_episode,selected_reporting_representative,select_representative,reconciled_episode,selected_reporting_representative,Episode role assigned independently for total and low-income units.
UNITQ_DEV_NJA20204024,DEV_NJA20204024,NJA0000X015,unresolved_pending_outside_read,unresolved_pending_outside_read,evidence_only,none,no_reliable_value_after_search,evidence_only,none,no_reliable_value_after_search,Episode role assigned independently for total and low-income units.
UNITQ_DEV_NJA20204024,DEV_NJA20204024,NJA20204024,unresolved_pending_outside_read,unresolved_pending_outside_read,evidence_only,none,no_reliable_value_after_search,evidence_only,none,no_reliable_value_after_search,Episode role assigned independently for total and low-income units.
UNITQ_DEV_NJA20204025,DEV_NJA20204025,NJA0000X076,candidate_duplicate,candidate_duplicate,exclude_duplicate,none,duplicate_reporting_excluded,exclude_duplicate,none,duplicate_reporting_excluded,Episode role assigned independently for total and low-income units.
UNITQ_DEV_NJA20204025,DEV_NJA20204025,NJA20204025,candidate_representative,candidate_representative,select_representative,reconciled_episode,selected_reporting_representative,select_representative,reconciled_episode,selected_reporting_representative,Episode role assigned independently for total and low-income units.
UNITQ_DEV_NJA20204029,DEV_NJA20204029,NJA0000X088,candidate_duplicate,candidate_duplicate,exclude_duplicate,none,duplicate_reporting_excluded,exclude_duplicate,none,duplicate_reporting_excluded,Episode role assigned independently for total and low-income units.
UNITQ_DEV_NJA20204029,DEV_NJA20204029,NJA20204029,candidate_representative,candidate_representative,select_representative,reconciled_episode,selected_reporting_representative,select_representative,reconciled_episode,selected_reporting_representative,Episode role assigned independently for total and low-income units.
UNITQ_DEV_NJA20204030,DEV_NJA20204030,NJA0000X090,unresolved_pending_outside_read,unresolved_pending_outside_read,evidence_only,none,no_reliable_value_after_search,evidence_only,none,no_reliable_value_after_search,Episode role assigned independently for total and low-income units.
UNITQ_DEV_NJA20204030,DEV_NJA20204030,NJA20204030,unresolved_pending_outside_read,unresolved_pending_outside_read,evidence_only,none,no_reliable_value_after_search,evidence_only,none,no_reliable_value_after_search,Episode role assigned independently for total and low-income units.
UNITQ_DEV_NJA20210004,DEV_NJA20210004,NJA20210004,candidate_representative,candidate_representative,select_representative,reconciled_episode,selected_reporting_representative,select_representative,reconciled_episode,selected_reporting_representative,Episode role assigned independently for total and low-income units.
UNITQ_DEV_NJA20210004,DEV_NJA20210004,NJA20213010,candidate_duplicate,candidate_duplicate,exclude_duplicate,none,duplicate_reporting_excluded,exclude_duplicate,none,duplicate_reporting_excluded,Episode role assigned independently for total and low-income units.
UNITQ_DEV_NJA20213017,DEV_NJA20213017,NJA20213017,candidate_representative,candidate_representative,select_representative,reconciled_episode,selected_reporting_representative,select_representative,reconciled_episode,selected_reporting_representative,Episode role assigned independently for total and low-income units.
UNITQ_DEV_NJA20213017,DEV_NJA20213017,NJA20231007,candidate_duplicate,candidate_duplicate,exclude_duplicate,none,duplicate_reporting_excluded,exclude_duplicate,none,duplicate_reporting_excluded,Episode role assigned independently for total and low-income units.
UNITQ_DEV_NJA20220005,DEV_NJA20220005,NJA20220005,unresolved_pending_outside_read,unresolved_pending_outside_read,evidence_only,none,no_reliable_value_after_search,evidence_only,none,no_reliable_value_after_search,Episode role assigned independently for total and low-income units.
UNITQ_DEV_NJA20220005,DEV_NJA20220005,NJA20222014,unresolved_pending_outside_read,unresolved_pending_outside_read,evidence_only,none,no_reliable_value_after_search,evidence_only,none,no_reliable_value_after_search,Episode role assigned independently for total and low-income units.
UNITQ_DEV_NJA20222025,DEV_NJA20222025,NJA0000X154,candidate_duplicate,candidate_duplicate,exclude_duplicate,none,duplicate_reporting_excluded,exclude_duplicate,none,duplicate_reporting_excluded,Episode role assigned independently for total and low-income units.
UNITQ_DEV_NJA20222025,DEV_NJA20222025,NJA20222025,candidate_representative,candidate_representative,select_representative,reconciled_episode,selected_reporting_representative,select_representative,reconciled_episode,selected_reporting_representative,Episode role assigned independently for total and low-income units.
UNITQ_DEV_NJA20231006,DEV_NJA20231006,NJA0000X029,unresolved_pending_outside_read,candidate_duplicate,evidence_only,none,no_reliable_value_after_search,exclude_duplicate,none,duplicate_reporting_excluded,Episode role assigned independently for total and low-income units.
UNITQ_DEV_NJA20231006,DEV_NJA20231006,NJA20231006,unresolved_pending_outside_read,candidate_representative,evidence_only,none,no_reliable_value_after_search,select_representative,reconciled_episode,selected_reporting_representative,Episode role assigned independently for total and low-income units.
UNITQ_DEV_NJA20231017,DEV_NJA20231017,NJA20231017,candidate_representative,candidate_representative,select_representative,reconciled_episode,selected_reporting_representative,select_representative,reconciled_episode,selected_reporting_representative,Episode role assigned independently for total and low-income units.
UNITQ_DEV_NJA20231017,DEV_NJA20231017,NJA20231018,candidate_duplicate,candidate_duplicate,exclude_duplicate,none,duplicate_reporting_excluded,exclude_duplicate,none,duplicate_reporting_excluded,Episode role assigned independently for total and low-income units.
UNITQ_DEV_NJA20231023,DEV_NJA20231023,NJA20231023,candidate_representative,candidate_representative,select_representative,reconciled_episode,selected_reporting_representative,select_representative,reconciled_episode,selected_reporting_representative,Episode role assigned independently for total and low-income units.
UNITQ_DEV_NJA20231023,DEV_NJA20231023,NJA20231024,candidate_duplicate,candidate_duplicate,exclude_duplicate,none,duplicate_reporting_excluded,exclude_duplicate,none,duplicate_reporting_excluded,Episode role assigned independently for total and low-income units.
UNITQ_DEV_NJA20240001,DEV_NJA20240001,NJA20240001,candidate_representative,candidate_representative,select_representative,reconciled_episode,selected_reporting_representative,select_representative,reconciled_episode,selected_reporting_representative,Episode role assigned independently for total and low-income units.
UNITQ_DEV_NJA20240001,DEV_NJA20240001,NJA20240002,candidate_duplicate,candidate_duplicate,exclude_duplicate,none,duplicate_reporting_excluded,exclude_duplicate,none,duplicate_reporting_excluded,Episode role assigned independently for total and low-income units.
UNITQ_DEV_NJA20240006,DEV_NJA20240006,NJA20240006,candidate_representative,candidate_representative,select_representative,reconciled_episode,selected_reporting_representative,select_representative,reconciled_episode,selected_reporting_representative,Episode role assigned independently for total and low-income units.
UNITQ_DEV_NJA20240006,DEV_NJA20240006,NJA20240007,candidate_duplicate,candidate_duplicate,exclude_duplicate,none,duplicate_reporting_excluded,exclude_duplicate,none,duplicate_reporting_excluded,Episode role assigned independently for total and low-income units.
UNITQ_DEV_NJA20240009,DEV_NJA20240009,NJA20240009,unresolved_pending_outside_read,unresolved_pending_outside_read,evidence_only,none,no_reliable_value_after_search,evidence_only,none,no_reliable_value_after_search,Episode role assigned independently for total and low-income units.
UNITQ_DEV_NJA20240009,DEV_NJA20240009,NJA20240014,unresolved_pending_outside_read,unresolved_pending_outside_read,evidence_only,none,no_reliable_value_after_search,evidence_only,none,no_reliable_value_after_search,Episode role assigned independently for total and low-income units.
UNITQ_DEV_NJA20240009,DEV_NJA20240009,NJA20240015,unresolved_pending_outside_read,unresolved_pending_outside_read,evidence_only,none,no_reliable_value_after_search,evidence_only,none,no_reliable_value_after_search,Episode role assigned independently for total and low-income units.
UNITQ_DEV_NJA20240011,DEV_NJA20240011,NJA20240011,candidate_representative,candidate_representative,select_representative,reconciled_episode,selected_reporting_representative,select_representative,reconciled_episode,selected_reporting_representative,Episode role assigned independently for total and low-income units.
UNITQ_DEV_NJA20240011,DEV_NJA20240011,NJA20240012,candidate_duplicate,candidate_duplicate,exclude_duplicate,none,duplicate_reporting_excluded,exclude_duplicate,none,duplicate_reporting_excluded,Episode role assigned independently for total and low-income units.
UNITQ_DEV_NJA20240017,DEV_NJA20240017,NJA20240017,candidate_representative,candidate_representative,select_representative,reconciled_episode,selected_reporting_representative,select_representative,reconciled_episode,selected_reporting_representative,Episode role assigned independently for total and low-income units.
UNITQ_DEV_NJA20240017,DEV_NJA20240017,NJA20240018,candidate_duplicate,candidate_duplicate,exclude_duplicate,none,duplicate_reporting_excluded,exclude_duplicate,none,duplicate_reporting_excluded,Episode role assigned independently for total and low-income units.
UNITQ_DEV_NVA19980040,DEV_NVA19980040,NVA19980040,unresolved_pending_outside_read,unresolved_pending_outside_read,evidence_only,none,no_reliable_value_after_search,evidence_only,none,no_reliable_value_after_search,Episode role assigned independently for total and low-income units.
UNITQ_DEV_NVA19980040,DEV_NVA19980040,NVA19989001,unresolved_pending_outside_read,unresolved_pending_outside_read,evidence_only,none,no_reliable_value_after_search,evidence_only,none,no_reliable_value_after_search,Episode role assigned independently for total and low-income units.
UNITQ_DEV_NVA19980075,DEV_NVA19980075,NVA19980075,candidate_representative,candidate_representative,select_representative,reconciled_episode,selected_reporting_representative,select_representative,reconciled_episode,selected_reporting_representative,Episode role assigned independently for total and low-income units.
UNITQ_DEV_NVA19980075,DEV_NVA19980075,NVA19989009,candidate_duplicate,candidate_duplicate,exclude_duplicate,none,duplicate_reporting_excluded,exclude_duplicate,none,duplicate_reporting_excluded,Episode role assigned independently for total and low-income units.
UNITQ_DEV_NVA20000020,DEV_NVA20000020,NVA20000020,candidate_representative,unresolved_pending_outside_read,select_representative,reconciled_episode,selected_reporting_representative,evidence_only,none,no_reliable_value_after_search,Episode role assigned independently for total and low-income units.
UNITQ_DEV_NVA20000020,DEV_NVA20000020,NVA20222003,candidate_duplicate,unresolved_pending_outside_read,exclude_duplicate,none,duplicate_reporting_excluded,evidence_only,none,no_reliable_value_after_search,Episode role assigned independently for total and low-income units.
UNITQ_DEV_NVA20020010,DEV_NVA20020010,NVA20020010,unresolved_pending_outside_read,unresolved_pending_outside_read,evidence_only,none,no_reliable_value_after_search,evidence_only,none,no_reliable_value_after_search,Episode role assigned independently for total and low-income units.
UNITQ_DEV_NVA20020010,DEV_NVA20020010,NVA20029002,unresolved_pending_outside_read,unresolved_pending_outside_read,evidence_only,none,no_reliable_value_after_search,evidence_only,none,no_reliable_value_after_search,Episode role assigned independently for total and low-income units.
UNITQ_DEV_NVA20050005,DEV_NVA20050005,NVA20050005,unresolved_pending_outside_read,unresolved_pending_outside_read,evidence_only,none,no_reliable_value_after_search,evidence_only,none,no_reliable_value_after_search,Episode role assigned independently for total and low-income units.
UNITQ_DEV_NVA20050005,DEV_NVA20050005,NVA20059001,unresolved_pending_outside_read,unresolved_pending_outside_read,evidence_only,none,no_reliable_value_after_search,evidence_only,none,no_reliable_value_after_search,Episode role assigned independently for total and low-income units.
UNITQ_DEV_NVA20060005,DEV_NVA20060005,NVA20060005,candidate_representative,unresolved_pending_outside_read,select_representative,reconciled_episode,selected_reporting_representative,evidence_only,none,no_reliable_value_after_search,Episode role assigned independently for total and low-income units.
UNITQ_DEV_NVA20060005,DEV_NVA20060005,NVA20069002,candidate_duplicate,unresolved_pending_outside_read,exclude_duplicate,none,duplicate_reporting_excluded,evidence_only,none,no_reliable_value_after_search,Episode role assigned independently for total and low-income units.
UNITQ_DEV_NVA20100062,DEV_NVA20100062,NVA20100062,unresolved_pending_outside_read,unresolved_pending_outside_read,evidence_only,none,no_reliable_value_after_search,evidence_only,none,no_reliable_value_after_search,Episode role assigned independently for total and low-income units.
UNITQ_DEV_NVA20100062,DEV_NVA20100062,NVA20105006,unresolved_pending_outside_read,unresolved_pending_outside_read,evidence_only,none,no_reliable_value_after_search,evidence_only,none,no_reliable_value_after_search,Episode role assigned independently for total and low-income units.
UNITQ_DEV_NVA20110010,DEV_NVA20110010,NVA20110010,candidate_representative,candidate_representative,select_representative,reconciled_episode,selected_reporting_representative,select_representative,reconciled_episode,selected_reporting_representative,Episode role assigned independently for total and low-income units.
UNITQ_DEV_NVA20110010,DEV_NVA20110010,NVA20114001,candidate_duplicate,candidate_duplicate,exclude_duplicate,none,duplicate_reporting_excluded,exclude_duplicate,none,duplicate_reporting_excluded,Episode role assigned independently for total and low-income units.
UNITQ_DEV_NVA20130095,DEV_NVA20130095,NVA20130095,unresolved_pending_outside_read,unresolved_pending_outside_read,evidence_only,none,no_reliable_value_after_search,evidence_only,none,no_reliable_value_after_search,Episode role assigned independently for total and low-income units.
UNITQ_DEV_NVA20130095,DEV_NVA20130095,NVA20132005,unresolved_pending_outside_read,unresolved_pending_outside_read,evidence_only,none,no_reliable_value_after_search,evidence_only,none,no_reliable_value_after_search,Episode role assigned independently for total and low-income units.
UNITQ_DEV_NVA20141008,DEV_NVA20141008,NVA20141008,unresolved_pending_outside_read,unresolved_pending_outside_read,evidence_only,none,no_reliable_value_after_search,evidence_only,none,no_reliable_value_after_search,Episode role assigned independently for total and low-income units.
UNITQ_DEV_NVA20141008,DEV_NVA20141008,NVA20148189,unresolved_pending_outside_read,unresolved_pending_outside_read,evidence_only,none,no_reliable_value_after_search,evidence_only,none,no_reliable_value_after_search,Episode role assigned independently for total and low-income units.
UNITQ_DEV_NVA20150006,DEV_NVA20150006,NVA20150006,candidate_representative,candidate_representative,select_representative,reconciled_episode,selected_reporting_representative,select_representative,reconciled_episode,selected_reporting_representative,Episode role assigned independently for total and low-income units.
UNITQ_DEV_NVA20150006,DEV_NVA20150006,NVA20157067,candidate_duplicate,candidate_duplicate,exclude_duplicate,none,duplicate_reporting_excluded,exclude_duplicate,none,duplicate_reporting_excluded,Episode role assigned independently for total and low-income units.
UNITQ_DEV_NYA20009262,DEV_NYA20009262,NYA20009262,unresolved_pending_outside_read,unresolved_pending_outside_read,evidence_only,none,no_reliable_value_after_search,evidence_only,none,no_reliable_value_after_search,Episode role assigned independently for total and low-income units.
UNITQ_DEV_NYA20009262,DEV_NYA20009262,NYB20213051,unresolved_pending_outside_read,unresolved_pending_outside_read,evidence_only,none,no_reliable_value_after_search,evidence_only,none,no_reliable_value_after_search,Episode role assigned independently for total and low-income units.
UNITQ_DEV_NYA20030210,DEV_NYA20030210,NYA20030210,candidate_representative,unresolved_pending_outside_read,select_representative,reconciled_episode,selected_reporting_representative,evidence_only,none,no_reliable_value_after_search,Episode role assigned independently for total and low-income units.
UNITQ_DEV_NYA20030210,DEV_NYA20030210,NYB20222062,candidate_duplicate,unresolved_pending_outside_read,exclude_duplicate,none,duplicate_reporting_excluded,evidence_only,none,no_reliable_value_after_search,Episode role assigned independently for total and low-income units.
UNITQ_DEV_NYA20050050,DEV_NYA20050050,NYA20050050,candidate_representative,candidate_representative,select_representative,reconciled_episode,selected_reporting_representative,select_representative,reconciled_episode,selected_reporting_representative,Episode role assigned independently for total and low-income units.
UNITQ_DEV_NYA20050050,DEV_NYA20050050,NYB20222046,candidate_duplicate,candidate_duplicate,exclude_duplicate,none,duplicate_reporting_excluded,exclude_duplicate,none,duplicate_reporting_excluded,Episode role assigned independently for total and low-income units.
UNITQ_DEV_NYB20161028,DEV_NYB20161028,NYB20161028,unresolved_pending_outside_read,candidate_representative,evidence_only,none,no_reliable_value_after_search,select_representative,reconciled_episode,selected_reporting_representative,Episode role assigned independently for total and low-income units.
UNITQ_DEV_NYB20161028,DEV_NYB20161028,NYB20162030,unresolved_pending_outside_read,candidate_duplicate,evidence_only,none,no_reliable_value_after_search,exclude_duplicate,none,duplicate_reporting_excluded,Episode role assigned independently for total and low-income units.
UNITQ_DEV_NYB20200034,DEV_NYB20200034,NYB20200034,candidate_representative,candidate_representative,select_representative,reconciled_episode,selected_reporting_representative,select_representative,reconciled_episode,selected_reporting_representative,Episode role assigned independently for total and low-income units.
UNITQ_DEV_NYB20200034,DEV_NYB20200034,NYB20210024,candidate_duplicate,candidate_duplicate,exclude_duplicate,none,duplicate_reporting_excluded,exclude_duplicate,none,duplicate_reporting_excluded,Episode role assigned independently for total and low-income units.
UNITQ_DEV_NYC19940031,DEV_NYC19940031,NYC19940031,unresolved_pending_outside_read,unresolved_pending_outside_read,evidence_only,none,no_reliable_value_after_search,evidence_only,none,no_reliable_value_after_search,Episode role assigned independently for total and low-income units.
UNITQ_DEV_NYC19940031,DEV_NYC19940031,NYC19949002,unresolved_pending_outside_read,unresolved_pending_outside_read,evidence_only,none,no_reliable_value_after_search,evidence_only,none,no_reliable_value_after_search,Episode role assigned independently for total and low-income units.
UNITQ_DEV_NYC19980800,DEV_NYC19980800,NYC19980800,unresolved_pending_outside_read,unresolved_pending_outside_read,evidence_only,none,no_reliable_value_after_search,evidence_only,none,no_reliable_value_after_search,Episode role assigned independently for total and low-income units.
UNITQ_DEV_NYC19980800,DEV_NYC19980800,NYC19989011,unresolved_pending_outside_read,unresolved_pending_outside_read,evidence_only,none,no_reliable_value_after_search,evidence_only,none,no_reliable_value_after_search,Episode role assigned independently for total and low-income units.
UNITQ_DEV_NYC20020230,DEV_NYC20020230,NYC20020230,unresolved_pending_outside_read,unresolved_pending_outside_read,evidence_only,none,no_reliable_value_after_search,evidence_only,none,no_reliable_value_after_search,Episode role assigned independently for total and low-income units.
UNITQ_DEV_NYC20020230,DEV_NYC20020230,NYC20029006,unresolved_pending_outside_read,unresolved_pending_outside_read,evidence_only,none,no_reliable_value_after_search,evidence_only,none,no_reliable_value_after_search,Episode role assigned independently for total and low-income units.
UNITQ_DEV_NYC20040280,DEV_NYC20040280,NYC20040280,unresolved_pending_outside_read,unresolved_pending_outside_read,evidence_only,none,no_reliable_value_after_search,evidence_only,none,no_reliable_value_after_search,Episode role assigned independently for total and low-income units.
UNITQ_DEV_NYC20040280,DEV_NYC20040280,NYC20049001,unresolved_pending_outside_read,unresolved_pending_outside_read,evidence_only,none,no_reliable_value_after_search,evidence_only,none,no_reliable_value_after_search,Episode role assigned independently for total and low-income units.
UNITQ_DEV_NYC20050800,DEV_NYC20050800,NYC20050800,unresolved_pending_outside_read,unresolved_pending_outside_read,evidence_only,none,no_reliable_value_after_search,evidence_only,none,no_reliable_value_after_search,Episode role assigned independently for total and low-income units.
UNITQ_DEV_NYC20050800,DEV_NYC20050800,NYC20060013,unresolved_pending_outside_read,unresolved_pending_outside_read,evidence_only,none,no_reliable_value_after_search,evidence_only,none,no_reliable_value_after_search,Episode role assigned independently for total and low-income units.
UNITQ_DEV_NYC20050800,DEV_NYC20050800,NYC20060058,unresolved_pending_outside_read,unresolved_pending_outside_read,evidence_only,none,no_reliable_value_after_search,evidence_only,none,no_reliable_value_after_search,Episode role assigned independently for total and low-income units.
UNITQ_DEV_NYC20050800,DEV_NYC20050800,NYC20110562,unresolved_pending_outside_read,unresolved_pending_outside_read,evidence_only,none,no_reliable_value_after_search,evidence_only,none,no_reliable_value_after_search,Episode role assigned independently for total and low-income units.
UNITQ_DEV_NYC20060009,DEV_NYC20060009,NYC20060009,candidate_representative,candidate_representative,select_representative,reconciled_episode,selected_reporting_representative,select_representative,reconciled_episode,selected_reporting_representative,Episode role assigned independently for total and low-income units.
UNITQ_DEV_NYC20060009,DEV_NYC20060009,NYC20060806,candidate_duplicate,candidate_duplicate,exclude_duplicate,none,duplicate_reporting_excluded,exclude_duplicate,none,duplicate_reporting_excluded,Episode role assigned independently for total and low-income units.
UNITQ_DEV_NYC20060048,DEV_NYC20060048,NYC20060048,unresolved_pending_outside_read,unresolved_pending_outside_read,evidence_only,none,no_reliable_value_after_search,evidence_only,none,no_reliable_value_after_search,Episode role assigned independently for total and low-income units.
UNITQ_DEV_NYC20060048,DEV_NYC20060048,NYC20060810,unresolved_pending_outside_read,unresolved_pending_outside_read,evidence_only,none,no_reliable_value_after_search,evidence_only,none,no_reliable_value_after_search,Episode role assigned independently for total and low-income units.
UNITQ_DEV_NYC20060053,DEV_NYC20060053,NYC20060053,unresolved_pending_outside_read,unresolved_pending_outside_read,evidence_only,none,no_reliable_value_after_search,evidence_only,none,no_reliable_value_after_search,Episode role assigned independently for total and low-income units.
UNITQ_DEV_NYC20060053,DEV_NYC20060053,NYC20069022,unresolved_pending_outside_read,unresolved_pending_outside_read,evidence_only,none,no_reliable_value_after_search,evidence_only,none,no_reliable_value_after_search,Episode role assigned independently for total and low-income units.
UNITQ_DEV_NYC20060055,DEV_NYC20060055,NYC20060055,unresolved_pending_outside_read,unresolved_pending_outside_read,evidence_only,none,no_reliable_value_after_search,evidence_only,none,no_reliable_value_after_search,Episode role assigned independently for total and low-income units.
UNITQ_DEV_NYC20060055,DEV_NYC20060055,NYC20090802,unresolved_pending_outside_read,unresolved_pending_outside_read,evidence_only,none,no_reliable_value_after_search,evidence_only,none,no_reliable_value_after_search,Episode role assigned independently for total and low-income units.
UNITQ_DEV_NYC20070080,DEV_NYC20070080,NYC20070080,unresolved_pending_outside_read,unresolved_pending_outside_read,evidence_only,none,no_reliable_value_after_search,evidence_only,none,no_reliable_value_after_search,Episode role assigned independently for total and low-income units.
UNITQ_DEV_NYC20070080,DEV_NYC20070080,NYC20079009,unresolved_pending_outside_read,unresolved_pending_outside_read,evidence_only,none,no_reliable_value_after_search,evidence_only,none,no_reliable_value_after_search,Episode role assigned independently for total and low-income units.
UNITQ_DEV_NYC20070170,DEV_NYC20070170,NYC20070170,candidate_representative,candidate_representative,select_representative,reconciled_episode,selected_reporting_representative,select_representative,reconciled_episode,selected_reporting_representative,Episode role assigned independently for total and low-income units.
UNITQ_DEV_NYC20070170,DEV_NYC20070170,NYC20070813,candidate_duplicate,candidate_duplicate,exclude_duplicate,none,duplicate_reporting_excluded,exclude_duplicate,none,duplicate_reporting_excluded,Episode role assigned independently for total and low-income units.
UNITQ_DEV_NYC20070245,DEV_NYC20070245,NYC20070245,evidence_only,unresolved_pending_outside_read,evidence_only,none,external_value_not_episode_allocated,evidence_only,none,no_reliable_value_after_search,Episode role assigned independently for total and low-income units.
UNITQ_DEV_NYC20070245,DEV_NYC20070245,NYC20080812,evidence_only,unresolved_pending_outside_read,evidence_only,none,external_value_not_episode_allocated,evidence_only,none,no_reliable_value_after_search,Episode role assigned independently for total and low-income units.
UNITQ_DEV_NYC20070270,DEV_NYC20070270,NYC20070270,unresolved_pending_outside_read,unresolved_pending_outside_read,evidence_only,none,no_reliable_value_after_search,evidence_only,none,no_reliable_value_after_search,Episode role assigned independently for total and low-income units.
UNITQ_DEV_NYC20070270,DEV_NYC20070270,NYC20079027,unresolved_pending_outside_read,unresolved_pending_outside_read,evidence_only,none,no_reliable_value_after_search,evidence_only,none,no_reliable_value_after_search,Episode role assigned independently for total and low-income units.
UNITQ_DEV_NYC20070415,DEV_NYC20070415,NYC20070415,unresolved_pending_outside_read,unresolved_pending_outside_read,evidence_only,none,no_reliable_value_after_search,evidence_only,none,no_reliable_value_after_search,Episode role assigned independently for total and low-income units.
UNITQ_DEV_NYC20070415,DEV_NYC20070415,NYC20079028,unresolved_pending_outside_read,unresolved_pending_outside_read,evidence_only,none,no_reliable_value_after_search,evidence_only,none,no_reliable_value_after_search,Episode role assigned independently for total and low-income units.
UNITQ_DEV_NYC20070814,DEV_NYC20070814,NYC20070814,candidate_representative,candidate_representative,select_representative,reconciled_episode,selected_reporting_representative,select_representative,reconciled_episode,selected_reporting_representative,Episode role assigned independently for total and low-income units.
UNITQ_DEV_NYC20070814,DEV_NYC20070814,NYC20079016,candidate_duplicate,candidate_duplicate,exclude_duplicate,none,duplicate_reporting_excluded,exclude_duplicate,none,duplicate_reporting_excluded,Episode role assigned independently for total and low-income units.
UNITQ_DEV_NYC20080235,DEV_NYC20080235,NYC20080235,candidate_representative,candidate_representative,select_representative,reconciled_episode,selected_reporting_representative,select_representative,reconciled_episode,selected_reporting_representative,Episode role assigned independently for total and low-income units.
UNITQ_DEV_NYC20080235,DEV_NYC20080235,NYC20100833,candidate_duplicate,candidate_duplicate,exclude_duplicate,none,duplicate_reporting_excluded,exclude_duplicate,none,duplicate_reporting_excluded,Episode role assigned independently for total and low-income units.
UNITQ_DEV_NYC20090008,DEV_NYC20090008,NYC20090008,candidate_representative,unresolved_pending_outside_read,select_representative,reconciled_episode,selected_reporting_representative,evidence_only,none,no_reliable_value_after_search,Episode role assigned independently for total and low-income units.
UNITQ_DEV_NYC20090008,DEV_NYC20090008,NYC20097002,candidate_duplicate,unresolved_pending_outside_read,exclude_duplicate,none,duplicate_reporting_excluded,evidence_only,none,no_reliable_value_after_search,Episode role assigned independently for total and low-income units.
UNITQ_DEV_NYC20090317,DEV_NYC20090317,NYC20090317,candidate_representative,unresolved_pending_outside_read,select_representative,reconciled_episode,selected_reporting_representative,evidence_only,none,no_reliable_value_after_search,Episode role assigned independently for total and low-income units.
UNITQ_DEV_NYC20090317,DEV_NYC20090317,NYC20090815,candidate_duplicate,unresolved_pending_outside_read,exclude_duplicate,none,duplicate_reporting_excluded,evidence_only,none,no_reliable_value_after_search,Episode role assigned independently for total and low-income units.
UNITQ_DEV_NYC20090320,DEV_NYC20090320,NYC20090320,unresolved_pending_outside_read,unresolved_pending_outside_read,evidence_only,none,no_reliable_value_after_search,evidence_only,none,no_reliable_value_after_search,Episode role assigned independently for total and low-income units.
UNITQ_DEV_NYC20090320,DEV_NYC20090320,NYC20110823,unresolved_pending_outside_read,unresolved_pending_outside_read,evidence_only,none,no_reliable_value_after_search,evidence_only,none,no_reliable_value_after_search,Episode role assigned independently for total and low-income units.
UNITQ_DEV_NYC20090335,DEV_NYC20090335,NYC20090335,candidate_representative,unresolved_pending_outside_read,select_representative,reconciled_episode,selected_reporting_representative,evidence_only,none,no_reliable_value_after_search,Episode role assigned independently for total and low-income units.
UNITQ_DEV_NYC20090335,DEV_NYC20090335,NYC20100827,candidate_duplicate,unresolved_pending_outside_read,exclude_duplicate,none,duplicate_reporting_excluded,evidence_only,none,no_reliable_value_after_search,Episode role assigned independently for total and low-income units.
UNITQ_DEV_NYC20090812,DEV_NYC20090812,NYC20090812,unresolved_pending_outside_read,unresolved_pending_outside_read,evidence_only,none,no_reliable_value_after_search,evidence_only,none,no_reliable_value_after_search,Episode role assigned independently for total and low-income units.
UNITQ_DEV_NYC20090812,DEV_NYC20090812,NYC20097818,unresolved_pending_outside_read,unresolved_pending_outside_read,evidence_only,none,no_reliable_value_after_search,evidence_only,none,no_reliable_value_after_search,Episode role assigned independently for total and low-income units.
UNITQ_DEV_NYC20100065,DEV_NYC20100065,NYC20100065,candidate_representative,unresolved_pending_outside_read,select_representative,reconciled_episode,selected_reporting_representative,evidence_only,none,no_reliable_value_after_search,Episode role assigned independently for total and low-income units.
UNITQ_DEV_NYC20100065,DEV_NYC20100065,NYC20110843,candidate_duplicate,unresolved_pending_outside_read,exclude_duplicate,none,duplicate_reporting_excluded,evidence_only,none,no_reliable_value_after_search,Episode role assigned independently for total and low-income units.
UNITQ_DEV_NYC20100142,DEV_NYC20100142,NYC20100142,unresolved_pending_outside_read,unresolved_pending_outside_read,evidence_only,none,no_reliable_value_after_search,evidence_only,none,no_reliable_value_after_search,Episode role assigned independently for total and low-income units.
UNITQ_DEV_NYC20100142,DEV_NYC20100142,NYC20100144,unresolved_pending_outside_read,unresolved_pending_outside_read,evidence_only,none,no_reliable_value_after_search,evidence_only,none,no_reliable_value_after_search,Episode role assigned independently for total and low-income units.
UNITQ_DEV_NYC20100142,DEV_NYC20100142,NYC20100146,unresolved_pending_outside_read,unresolved_pending_outside_read,evidence_only,none,no_reliable_value_after_search,evidence_only,none,no_reliable_value_after_search,Episode role assigned independently for total and low-income units.
UNITQ_DEV_NYC20100142,DEV_NYC20100142,NYC20100806,unresolved_pending_outside_read,unresolved_pending_outside_read,evidence_only,none,no_reliable_value_after_search,evidence_only,none,no_reliable_value_after_search,Episode role assigned independently for total and low-income units.
UNITQ_DEV_NYC20100142,DEV_NYC20100142,NYC20100826,unresolved_pending_outside_read,unresolved_pending_outside_read,evidence_only,none,no_reliable_value_after_search,evidence_only,none,no_reliable_value_after_search,Episode role assigned independently for total and low-income units.
UNITQ_DEV_NYC20100225,DEV_NYC20100225,NYC20100225,unresolved_pending_outside_read,unresolved_pending_outside_read,evidence_only,none,no_reliable_value_after_search,evidence_only,none,no_reliable_value_after_search,Episode role assigned independently for total and low-income units.
UNITQ_DEV_NYC20100225,DEV_NYC20100225,NYC20110847,unresolved_pending_outside_read,unresolved_pending_outside_read,evidence_only,none,no_reliable_value_after_search,evidence_only,none,no_reliable_value_after_search,Episode role assigned independently for total and low-income units.
UNITQ_DEV_NYC20100347,DEV_NYC20100347,NYC20100347,candidate_representative,unresolved_pending_outside_read,select_representative,reconciled_episode,selected_reporting_representative,evidence_only,none,no_reliable_value_after_search,Episode role assigned independently for total and low-income units.
UNITQ_DEV_NYC20100347,DEV_NYC20100347,NYC20100482,candidate_duplicate,unresolved_pending_outside_read,exclude_duplicate,none,duplicate_reporting_excluded,evidence_only,none,no_reliable_value_after_search,Episode role assigned independently for total and low-income units.
UNITQ_DEV_NYC20100455,DEV_NYC20100455,NYC20100455,unresolved_pending_outside_read,unresolved_pending_outside_read,evidence_only,none,no_reliable_value_after_search,evidence_only,none,no_reliable_value_after_search,Episode role assigned independently for total and low-income units.
UNITQ_DEV_NYC20100455,DEV_NYC20100455,NYC20100843,unresolved_pending_outside_read,unresolved_pending_outside_read,evidence_only,none,no_reliable_value_after_search,evidence_only,none,no_reliable_value_after_search,Episode role assigned independently for total and low-income units.
UNITQ_DEV_NYC20100537,DEV_NYC20100537,NYC20100537,candidate_representative,candidate_representative,select_representative,reconciled_episode,selected_reporting_representative,select_representative,reconciled_episode,selected_reporting_representative,Episode role assigned independently for total and low-income units.
UNITQ_DEV_NYC20100537,DEV_NYC20100537,NYC20106004,candidate_duplicate,candidate_duplicate,exclude_duplicate,none,duplicate_reporting_excluded,exclude_duplicate,none,duplicate_reporting_excluded,Episode role assigned independently for total and low-income units.
UNITQ_DEV_NYC20100812,DEV_NYC20100812,NYC20100812,unresolved_pending_outside_read,unresolved_pending_outside_read,evidence_only,none,no_reliable_value_after_search,evidence_only,none,no_reliable_value_after_search,Episode role assigned independently for total and low-income units.
UNITQ_DEV_NYC20100812,DEV_NYC20100812,NYC20100831,unresolved_pending_outside_read,unresolved_pending_outside_read,evidence_only,none,no_reliable_value_after_search,evidence_only,none,no_reliable_value_after_search,Episode role assigned independently for total and low-income units.
UNITQ_DEV_NYC20100836,DEV_NYC20100836,NYC20100836,unresolved_pending_outside_read,unresolved_pending_outside_read,evidence_only,none,no_reliable_value_after_search,evidence_only,none,no_reliable_value_after_search,Episode role assigned independently for total and low-income units.
UNITQ_DEV_NYC20100836,DEV_NYC20100836,NYC20106008,unresolved_pending_outside_read,unresolved_pending_outside_read,evidence_only,none,no_reliable_value_after_search,evidence_only,none,no_reliable_value_after_search,Episode role assigned independently for total and low-income units.
UNITQ_DEV_NYC20110004,DEV_NYC20110004,NYC20110004,unresolved_pending_outside_read,unresolved_pending_outside_read,evidence_only,none,no_reliable_value_after_search,evidence_only,none,no_reliable_value_after_search,Episode role assigned independently for total and low-income units.
UNITQ_DEV_NYC20110004,DEV_NYC20110004,NYC20110858,unresolved_pending_outside_read,unresolved_pending_outside_read,evidence_only,none,no_reliable_value_after_search,evidence_only,none,no_reliable_value_after_search,Episode role assigned independently for total and low-income units.
UNITQ_DEV_NYC20110574,DEV_NYC20110574,NYC20110574,candidate_representative,candidate_representative,select_representative,reconciled_episode,selected_reporting_representative,select_representative,reconciled_episode,selected_reporting_representative,Episode role assigned independently for total and low-income units.
UNITQ_DEV_NYC20110574,DEV_NYC20110574,NYC20115031,candidate_duplicate,candidate_duplicate,exclude_duplicate,none,duplicate_reporting_excluded,exclude_duplicate,none,duplicate_reporting_excluded,Episode role assigned independently for total and low-income units.
UNITQ_DEV_NYC20110806,DEV_NYC20110806,NYC20110806,unresolved_pending_outside_read,unresolved_pending_outside_read,evidence_only,none,no_reliable_value_after_search,evidence_only,none,no_reliable_value_after_search,Episode role assigned independently for total and low-income units.
UNITQ_DEV_NYC20110806,DEV_NYC20110806,NYC20130183,unresolved_pending_outside_read,unresolved_pending_outside_read,evidence_only,none,no_reliable_value_after_search,evidence_only,none,no_reliable_value_after_search,Episode role assigned independently for total and low-income units.
UNITQ_DEV_NYC20110848,DEV_NYC20110848,NYC20110848,candidate_representative,candidate_representative,select_representative,reconciled_episode,selected_reporting_representative,select_representative,reconciled_episode,selected_reporting_representative,Episode role assigned independently for total and low-income units.
UNITQ_DEV_NYC20110848,DEV_NYC20110848,NYE00000074,candidate_duplicate,candidate_duplicate,exclude_duplicate,none,duplicate_reporting_excluded,exclude_duplicate,none,duplicate_reporting_excluded,Episode role assigned independently for total and low-income units.
UNITQ_DEV_NYC20115003,DEV_NYC20115003,NYC20115003,unresolved_pending_outside_read,unresolved_pending_outside_read,evidence_only,none,no_reliable_value_after_search,evidence_only,none,no_reliable_value_after_search,Episode role assigned independently for total and low-income units.
UNITQ_DEV_NYC20115003,DEV_NYC20115003,NYE00000029,unresolved_pending_outside_read,unresolved_pending_outside_read,evidence_only,none,no_reliable_value_after_search,evidence_only,none,no_reliable_value_after_search,Episode role assigned independently for total and low-income units.
UNITQ_DEV_NYC20120050,DEV_NYC20120050,NYC20120050,candidate_representative,candidate_representative,select_representative,reconciled_episode,selected_reporting_representative,select_representative,reconciled_episode,selected_reporting_representative,Episode role assigned independently for total and low-income units.
UNITQ_DEV_NYC20120050,DEV_NYC20120050,NYC20120854,candidate_duplicate,candidate_duplicate,exclude_duplicate,none,duplicate_reporting_excluded,exclude_duplicate,none,duplicate_reporting_excluded,Episode role assigned independently for total and low-income units.
UNITQ_DEV_NYC20120130,DEV_NYC20120130,NYC20120130,candidate_representative,unresolved_pending_outside_read,select_representative,reconciled_episode,selected_reporting_representative,evidence_only,none,no_reliable_value_after_search,Episode role assigned independently for total and low-income units.
UNITQ_DEV_NYC20120130,DEV_NYC20120130,NYC20120849,candidate_duplicate,unresolved_pending_outside_read,exclude_duplicate,none,duplicate_reporting_excluded,evidence_only,none,no_reliable_value_after_search,Episode role assigned independently for total and low-income units.
UNITQ_DEV_NYC20120838,DEV_NYC20120838,NYC20120838,unresolved_pending_outside_read,unresolved_pending_outside_read,evidence_only,none,no_reliable_value_after_search,evidence_only,none,no_reliable_value_after_search,Episode role assigned independently for total and low-income units.
UNITQ_DEV_NYC20120838,DEV_NYC20120838,NYC20130216,unresolved_pending_outside_read,unresolved_pending_outside_read,evidence_only,none,no_reliable_value_after_search,evidence_only,none,no_reliable_value_after_search,Episode role assigned independently for total and low-income units.
UNITQ_DEV_NYC20120858,DEV_NYC20120858,NYC20120858,candidate_representative,candidate_representative,select_representative,reconciled_episode,selected_reporting_representative,select_representative,reconciled_episode,selected_reporting_representative,Episode role assigned independently for total and low-income units.
UNITQ_DEV_NYC20120858,DEV_NYC20120858,NYC20124022,candidate_duplicate,candidate_duplicate,exclude_duplicate,none,duplicate_reporting_excluded,exclude_duplicate,none,duplicate_reporting_excluded,Episode role assigned independently for total and low-income units.
UNITQ_DEV_NYC20140005,DEV_NYC20140005,NYC20140005,unresolved_pending_outside_read,unresolved_pending_outside_read,evidence_only,none,no_reliable_value_after_search,evidence_only,none,no_reliable_value_after_search,Episode role assigned independently for total and low-income units.
UNITQ_DEV_NYC20140005,DEV_NYC20140005,NYC20142021,unresolved_pending_outside_read,unresolved_pending_outside_read,evidence_only,none,no_reliable_value_after_search,evidence_only,none,no_reliable_value_after_search,Episode role assigned independently for total and low-income units.
UNITQ_DEV_NYC20151037,DEV_NYC20151037,NYC20151037,candidate_representative,unresolved_pending_outside_read,select_representative,reconciled_episode,selected_reporting_representative,evidence_only,none,no_reliable_value_after_search,Episode role assigned independently for total and low-income units.
UNITQ_DEV_NYC20151037,DEV_NYC20151037,NYC20162054,candidate_duplicate,unresolved_pending_outside_read,exclude_duplicate,none,duplicate_reporting_excluded,evidence_only,none,no_reliable_value_after_search,Episode role assigned independently for total and low-income units.
UNITQ_DEV_NYC20152008,DEV_NYC20152008,NYC20152008,candidate_representative,candidate_representative,select_representative,reconciled_episode,selected_reporting_representative,select_representative,reconciled_episode,selected_reporting_representative,Episode role assigned independently for total and low-income units.
UNITQ_DEV_NYC20152008,DEV_NYC20152008,NYC20162014,candidate_duplicate,candidate_duplicate,exclude_duplicate,none,duplicate_reporting_excluded,exclude_duplicate,none,duplicate_reporting_excluded,Episode role assigned independently for total and low-income units.
UNITQ_DEV_NYC20171007,DEV_NYC20171007,NYC20171007,unresolved_pending_outside_read,unresolved_pending_outside_read,evidence_only,none,no_reliable_value_after_search,evidence_only,none,no_reliable_value_after_search,Episode role assigned independently for total and low-income units.
UNITQ_DEV_NYC20171007,DEV_NYC20171007,NYC20171058,unresolved_pending_outside_read,unresolved_pending_outside_read,evidence_only,none,no_reliable_value_after_search,evidence_only,none,no_reliable_value_after_search,Episode role assigned independently for total and low-income units.
UNITQ_DEV_NYC20171017,DEV_NYC20171017,NYC20171017,candidate_representative,unresolved_pending_outside_read,select_representative,reconciled_episode,selected_reporting_representative,evidence_only,none,no_reliable_value_after_search,Episode role assigned independently for total and low-income units.
UNITQ_DEV_NYC20171017,DEV_NYC20171017,NYC20171019,candidate_duplicate,unresolved_pending_outside_read,exclude_duplicate,none,duplicate_reporting_excluded,evidence_only,none,no_reliable_value_after_search,Episode role assigned independently for total and low-income units.
UNITQ_DEV_NYC20171049,DEV_NYC20171049,NYC20171049,unresolved_pending_outside_read,unresolved_pending_outside_read,evidence_only,none,no_reliable_value_after_search,evidence_only,none,no_reliable_value_after_search,Episode role assigned independently for total and low-income units.
UNITQ_DEV_NYC20171049,DEV_NYC20171049,NYC20171059,unresolved_pending_outside_read,unresolved_pending_outside_read,evidence_only,none,no_reliable_value_after_search,evidence_only,none,no_reliable_value_after_search,Episode role assigned independently for total and low-income units.
UNITQ_DEV_NYC20211008,DEV_NYC20211008,NYC20211008,unresolved_pending_outside_read,candidate_representative,evidence_only,none,no_reliable_value_after_search,select_representative,reconciled_episode,selected_reporting_representative,Episode role assigned independently for total and low-income units.
UNITQ_DEV_NYC20211008,DEV_NYC20211008,NYC20230001,unresolved_pending_outside_read,candidate_duplicate,evidence_only,none,no_reliable_value_after_search,exclude_duplicate,none,duplicate_reporting_excluded,Episode role assigned independently for total and low-income units.
UNITQ_DEV_NYC20222001,DEV_NYC20222001,NYC20222001,candidate_representative,candidate_representative,select_representative,reconciled_episode,selected_reporting_representative,select_representative,reconciled_episode,selected_reporting_representative,Episode role assigned independently for total and low-income units.
UNITQ_DEV_NYC20222001,DEV_NYC20222001,NYC20222038,candidate_duplicate,candidate_duplicate,exclude_duplicate,none,duplicate_reporting_excluded,exclude_duplicate,none,duplicate_reporting_excluded,Episode role assigned independently for total and low-income units.
UNITQ_DEV_OHA19880010,DEV_OHA19880010,OHA19880010,unresolved_pending_outside_read,unresolved_pending_outside_read,evidence_only,none,no_reliable_value_after_search,evidence_only,none,no_reliable_value_after_search,Episode role assigned independently for total and low-income units.
UNITQ_DEV_OHA19880010,DEV_OHA19880010,OHA19890670,unresolved_pending_outside_read,unresolved_pending_outside_read,evidence_only,none,no_reliable_value_after_search,evidence_only,none,no_reliable_value_after_search,Episode role assigned independently for total and low-income units.
UNITQ_DEV_OHA19890015,DEV_OHA19890015,OHA19890015,candidate_representative,candidate_representative,select_representative,reconciled_episode,selected_reporting_representative,select_representative,reconciled_episode,selected_reporting_representative,Episode role assigned independently for total and low-income units.
UNITQ_DEV_OHA19890015,DEV_OHA19890015,OHA20240001,candidate_duplicate,candidate_duplicate,exclude_duplicate,none,duplicate_reporting_excluded,exclude_duplicate,none,duplicate_reporting_excluded,Episode role assigned independently for total and low-income units.
UNITQ_DEV_OHA19890295,DEV_OHA19890295,OHA19890295,candidate_representative,candidate_representative,select_representative,reconciled_episode,selected_reporting_representative,select_representative,reconciled_episode,selected_reporting_representative,Episode role assigned independently for total and low-income units.
UNITQ_DEV_OHA19890295,DEV_OHA19890295,OHA20200022,candidate_duplicate,candidate_duplicate,exclude_duplicate,none,duplicate_reporting_excluded,exclude_duplicate,none,duplicate_reporting_excluded,Episode role assigned independently for total and low-income units.
UNITQ_DEV_OHA19890440,DEV_OHA19890440,OHA19890440,candidate_representative,candidate_representative,select_representative,reconciled_episode,selected_reporting_representative,select_representative,reconciled_episode,selected_reporting_representative,Episode role assigned independently for total and low-income units.
UNITQ_DEV_OHA19890440,DEV_OHA19890440,OHA20200029,candidate_duplicate,candidate_duplicate,exclude_duplicate,none,duplicate_reporting_excluded,exclude_duplicate,none,duplicate_reporting_excluded,Episode role assigned independently for total and low-income units.
UNITQ_DEV_OHA19930235,DEV_OHA19930235,OHA19930235,candidate_representative,candidate_representative,select_representative,reconciled_episode,selected_reporting_representative,select_representative,reconciled_episode,selected_reporting_representative,Episode role assigned independently for total and low-income units.
UNITQ_DEV_OHA19930235,DEV_OHA19930235,OHA19930240,candidate_duplicate,candidate_duplicate,exclude_duplicate,none,duplicate_reporting_excluded,exclude_duplicate,none,duplicate_reporting_excluded,Episode role assigned independently for total and low-income units.
UNITQ_DEV_OHA19960058,DEV_OHA19960058,OHA19960058,unresolved_pending_outside_read,unresolved_pending_outside_read,evidence_only,none,external_value_not_episode_allocated,evidence_only,none,no_reliable_value_after_search,The HUD episode remains preserved as source evidence. Member roles govern only the static physical-development unit value.
UNITQ_DEV_OHA19960058,DEV_OHA19960058,OHA19989259,unresolved_pending_outside_read,unresolved_pending_outside_read,evidence_only,none,external_value_not_episode_allocated,evidence_only,none,no_reliable_value_after_search,The HUD episode remains preserved as source evidence. Member roles govern only the static physical-development unit value.
UNITQ_DEV_OHA19960075,DEV_OHA19960075,OHA19960075,unresolved_pending_outside_read,unresolved_pending_outside_read,evidence_only,none,no_reliable_value_after_search,evidence_only,none,no_reliable_value_after_search,Episode role assigned independently for total and low-income units.
UNITQ_DEV_OHA19960075,DEV_OHA19960075,OHA19969296,unresolved_pending_outside_read,unresolved_pending_outside_read,evidence_only,none,no_reliable_value_after_search,evidence_only,none,no_reliable_value_after_search,Episode role assigned independently for total and low-income units.
UNITQ_DEV_OHA19979516,DEV_OHA19979516,OHA19979516,unresolved_pending_outside_read,unresolved_pending_outside_read,evidence_only,none,no_reliable_value_after_search,evidence_only,none,no_reliable_value_after_search,Episode role assigned independently for total and low-income units.
UNITQ_DEV_OHA19979516,DEV_OHA19979516,OHA19980247,unresolved_pending_outside_read,unresolved_pending_outside_read,evidence_only,none,no_reliable_value_after_search,evidence_only,none,no_reliable_value_after_search,Episode role assigned independently for total and low-income units.
UNITQ_DEV_OHA19980250,DEV_OHA19980250,OHA19980250,unresolved_pending_outside_read,unresolved_pending_outside_read,evidence_only,none,no_reliable_value_after_search,evidence_only,none,no_reliable_value_after_search,Episode role assigned independently for total and low-income units.
UNITQ_DEV_OHA19980250,DEV_OHA19980250,OHA19989269,unresolved_pending_outside_read,unresolved_pending_outside_read,evidence_only,none,no_reliable_value_after_search,evidence_only,none,no_reliable_value_after_search,Episode role assigned independently for total and low-income units.
UNITQ_DEV_OHA20000160,DEV_OHA20000160,OHA20000160,unresolved_pending_outside_read,unresolved_pending_outside_read,evidence_only,none,no_reliable_value_after_search,evidence_only,none,no_reliable_value_after_search,Episode role assigned independently for total and low-income units.
UNITQ_DEV_OHA20000160,DEV_OHA20000160,OHA20009251,unresolved_pending_outside_read,unresolved_pending_outside_read,evidence_only,none,no_reliable_value_after_search,evidence_only,none,no_reliable_value_after_search,Episode role assigned independently for total and low-income units.
UNITQ_DEV_OHA20049660,DEV_OHA20049660,OHA20049660,unresolved_pending_outside_read,unresolved_pending_outside_read,evidence_only,none,no_reliable_value_after_search,evidence_only,none,no_reliable_value_after_search,Episode role assigned independently for total and low-income units.
UNITQ_DEV_OHA20049660,DEV_OHA20049660,OHA20059337,unresolved_pending_outside_read,unresolved_pending_outside_read,evidence_only,none,no_reliable_value_after_search,evidence_only,none,no_reliable_value_after_search,Episode role assigned independently for total and low-income units.
UNITQ_DEV_OHA20059339,DEV_OHA20059339,OHA20059339,unresolved_pending_outside_read,unresolved_pending_outside_read,evidence_only,none,no_reliable_value_after_search,evidence_only,none,no_reliable_value_after_search,Episode role assigned independently for total and low-income units.
UNITQ_DEV_OHA20059339,DEV_OHA20059339,OHA20069766,unresolved_pending_outside_read,unresolved_pending_outside_read,evidence_only,none,no_reliable_value_after_search,evidence_only,none,no_reliable_value_after_search,Episode role assigned independently for total and low-income units.
UNITQ_DEV_OHA20060120,DEV_OHA20060120,OHA20060120,unresolved_pending_outside_read,unresolved_pending_outside_read,evidence_only,none,no_reliable_value_after_search,evidence_only,none,no_reliable_value_after_search,Episode role assigned independently for total and low-income units.
UNITQ_DEV_OHA20060120,DEV_OHA20060120,OHA20069761,unresolved_pending_outside_read,unresolved_pending_outside_read,evidence_only,none,no_reliable_value_after_search,evidence_only,none,no_reliable_value_after_search,Episode role assigned independently for total and low-income units.
UNITQ_DEV_OHA20070080,DEV_OHA20070080,OHA20070080,unresolved_pending_outside_read,unresolved_pending_outside_read,evidence_only,none,no_reliable_value_after_search,evidence_only,none,no_reliable_value_after_search,Episode role assigned independently for total and low-income units.
UNITQ_DEV_OHA20070080,DEV_OHA20070080,OHA20079260,unresolved_pending_outside_read,unresolved_pending_outside_read,evidence_only,none,no_reliable_value_after_search,evidence_only,none,no_reliable_value_after_search,Episode role assigned independently for total and low-income units.
UNITQ_DEV_OHA20100070,DEV_OHA20100070,OHA20100070,unresolved_pending_outside_read,unresolved_pending_outside_read,evidence_only,none,no_reliable_value_after_search,evidence_only,none,no_reliable_value_after_search,Episode role assigned independently for total and low-income units.
UNITQ_DEV_OHA20100070,DEV_OHA20100070,OHA20109832,unresolved_pending_outside_read,unresolved_pending_outside_read,evidence_only,none,no_reliable_value_after_search,evidence_only,none,no_reliable_value_after_search,Episode role assigned independently for total and low-income units.
UNITQ_DEV_OHA20110055,DEV_OHA20110055,OHA20110055,unresolved_pending_outside_read,unresolved_pending_outside_read,evidence_only,none,no_reliable_value_after_search,evidence_only,none,no_reliable_value_after_search,Episode role assigned independently for total and low-income units.
UNITQ_DEV_OHA20110055,DEV_OHA20110055,OHA20119294,unresolved_pending_outside_read,unresolved_pending_outside_read,evidence_only,none,no_reliable_value_after_search,evidence_only,none,no_reliable_value_after_search,Episode role assigned independently for total and low-income units.
UNITQ_DEV_OHA20130039,DEV_OHA20130039,OHA20130039,candidate_representative,candidate_representative,select_representative,reconciled_episode,selected_reporting_representative,select_representative,reconciled_episode,selected_reporting_representative,Episode role assigned independently for total and low-income units.
UNITQ_DEV_OHA20130039,DEV_OHA20130039,OHA20139133,candidate_duplicate,candidate_duplicate,exclude_duplicate,none,duplicate_reporting_excluded,exclude_duplicate,none,duplicate_reporting_excluded,Episode role assigned independently for total and low-income units.
UNITQ_DEV_OHA20150002,DEV_OHA20150002,OHA20150002,candidate_representative,candidate_representative,select_representative,reconciled_episode,selected_reporting_representative,select_representative,reconciled_episode,selected_reporting_representative,Episode role assigned independently for total and low-income units.
UNITQ_DEV_OHA20150002,DEV_OHA20150002,OHA20158113,candidate_duplicate,candidate_duplicate,exclude_duplicate,none,duplicate_reporting_excluded,exclude_duplicate,none,duplicate_reporting_excluded,Episode role assigned independently for total and low-income units.
UNITQ_DEV_OHA20150029,DEV_OHA20150029,OHA20150029,candidate_representative,unresolved_pending_outside_read,select_representative,reconciled_episode,selected_reporting_representative,evidence_only,none,no_reliable_value_after_search,Episode role assigned independently for total and low-income units.
UNITQ_DEV_OHA20150029,DEV_OHA20150029,OHA20158117,candidate_duplicate,unresolved_pending_outside_read,exclude_duplicate,none,duplicate_reporting_excluded,evidence_only,none,no_reliable_value_after_search,Episode role assigned independently for total and low-income units.
UNITQ_DEV_OHA20180028,DEV_OHA20180028,OHA20180028,unresolved_pending_outside_read,unresolved_pending_outside_read,evidence_only,none,no_reliable_value_after_search,evidence_only,none,no_reliable_value_after_search,Episode role assigned independently for total and low-income units.
UNITQ_DEV_OHA20180028,DEV_OHA20180028,OHA20180029,unresolved_pending_outside_read,unresolved_pending_outside_read,evidence_only,none,no_reliable_value_after_search,evidence_only,none,no_reliable_value_after_search,Episode role assigned independently for total and low-income units.
UNITQ_DEV_OHA20200009,DEV_OHA20200009,OHA20200009,candidate_representative,candidate_representative,select_representative,reconciled_episode,selected_reporting_representative,select_representative,reconciled_episode,selected_reporting_representative,Episode role assigned independently for total and low-income units.
UNITQ_DEV_OHA20200009,DEV_OHA20200009,OHA20203050,candidate_duplicate,candidate_duplicate,exclude_duplicate,none,duplicate_reporting_excluded,exclude_duplicate,none,duplicate_reporting_excluded,Episode role assigned independently for total and low-income units.
UNITQ_DEV_OHA20200034,DEV_OHA20200034,OHA20200034,unresolved_pending_outside_read,unresolved_pending_outside_read,evidence_only,none,no_reliable_value_after_search,evidence_only,none,no_reliable_value_after_search,Episode role assigned independently for total and low-income units.
UNITQ_DEV_OHA20200034,DEV_OHA20200034,OHA20200035,unresolved_pending_outside_read,unresolved_pending_outside_read,evidence_only,none,no_reliable_value_after_search,evidence_only,none,no_reliable_value_after_search,Episode role assigned independently for total and low-income units.
UNITQ_DEV_OHA20200040,DEV_OHA20200040,OHA20200040,unresolved_pending_outside_read,unresolved_pending_outside_read,evidence_only,none,no_reliable_value_after_search,evidence_only,none,no_reliable_value_after_search,Episode role assigned independently for total and low-income units.
UNITQ_DEV_OHA20200040,DEV_OHA20200040,OHA20200041,unresolved_pending_outside_read,unresolved_pending_outside_read,evidence_only,none,no_reliable_value_after_search,evidence_only,none,no_reliable_value_after_search,Episode role assigned independently for total and low-income units.
UNITQ_DEV_OHA20220008,DEV_OHA20220008,OHA20220008,unresolved_pending_outside_read,unresolved_pending_outside_read,evidence_only,none,no_reliable_value_after_search,evidence_only,none,no_reliable_value_after_search,Episode role assigned independently for total and low-income units.
UNITQ_DEV_OHA20220008,DEV_OHA20220008,OHA20220009,unresolved_pending_outside_read,unresolved_pending_outside_read,evidence_only,none,no_reliable_value_after_search,evidence_only,none,no_reliable_value_after_search,Episode role assigned independently for total and low-income units.
UNITQ_DEV_OHA20230006,DEV_OHA20230006,OHA20230006,unresolved_pending_outside_read,unresolved_pending_outside_read,evidence_only,none,no_reliable_value_after_search,evidence_only,none,no_reliable_value_after_search,Episode role assigned independently for total and low-income units.
UNITQ_DEV_OHA20230006,DEV_OHA20230006,OHA20230007,unresolved_pending_outside_read,unresolved_pending_outside_read,evidence_only,none,no_reliable_value_after_search,evidence_only,none,no_reliable_value_after_search,Episode role assigned independently for total and low-income units.
UNITQ_DEV_OHA20230017,DEV_OHA20230017,OHA20230017,unresolved_pending_outside_read,unresolved_pending_outside_read,evidence_only,none,no_reliable_value_after_search,evidence_only,none,no_reliable_value_after_search,Episode role assigned independently for total and low-income units.
UNITQ_DEV_OHA20230017,DEV_OHA20230017,OHA20230018,unresolved_pending_outside_read,unresolved_pending_outside_read,evidence_only,none,no_reliable_value_after_search,evidence_only,none,no_reliable_value_after_search,Episode role assigned independently for total and low-income units.
UNITQ_DEV_OHA20230024,DEV_OHA20230024,OHA20230024,candidate_component,candidate_component,include_component,reconciled_episode,distinct_component_included,include_component,reconciled_episode,distinct_component_included,Episode role assigned independently for total and low-income units.
UNITQ_DEV_OHA20230024,DEV_OHA20230024,OHA20230025,candidate_component,candidate_component,include_component,reconciled_episode,distinct_component_included,include_component,reconciled_episode,distinct_component_included,Episode role assigned independently for total and low-income units.
UNITQ_DEV_OHA20230031,DEV_OHA20230031,OHA20230031,unresolved_pending_outside_read,unresolved_pending_outside_read,evidence_only,none,no_reliable_value_after_search,evidence_only,none,no_reliable_value_after_search,Episode role assigned independently for total and low-income units.
UNITQ_DEV_OHA20230031,DEV_OHA20230031,OHA20230032,unresolved_pending_outside_read,unresolved_pending_outside_read,evidence_only,none,no_reliable_value_after_search,evidence_only,none,no_reliable_value_after_search,Episode role assigned independently for total and low-income units.
UNITQ_DEV_OHA20230039,DEV_OHA20230039,OHA20230039,unresolved_pending_outside_read,unresolved_pending_outside_read,evidence_only,none,no_reliable_value_after_search,evidence_only,none,no_reliable_value_after_search,Episode role assigned independently for total and low-income units.
UNITQ_DEV_OHA20230039,DEV_OHA20230039,OHA20230040,unresolved_pending_outside_read,unresolved_pending_outside_read,evidence_only,none,no_reliable_value_after_search,evidence_only,none,no_reliable_value_after_search,Episode role assigned independently for total and low-income units.
UNITQ_DEV_OHA20240006,DEV_OHA20240006,OHA20240006,unresolved_pending_outside_read,unresolved_pending_outside_read,evidence_only,none,no_reliable_value_after_search,evidence_only,none,no_reliable_value_after_search,Episode role assigned independently for total and low-income units.
UNITQ_DEV_OHA20240006,DEV_OHA20240006,OHA20240007,unresolved_pending_outside_read,unresolved_pending_outside_read,evidence_only,none,no_reliable_value_after_search,evidence_only,none,no_reliable_value_after_search,Episode role assigned independently for total and low-income units.
UNITQ_DEV_OHA20240013,DEV_OHA20240013,OHA20240013,unresolved_pending_outside_read,unresolved_pending_outside_read,evidence_only,none,no_reliable_value_after_search,evidence_only,none,no_reliable_value_after_search,Episode role assigned independently for total and low-income units.
UNITQ_DEV_OHA20240013,DEV_OHA20240013,OHA20240014,unresolved_pending_outside_read,unresolved_pending_outside_read,evidence_only,none,no_reliable_value_after_search,evidence_only,none,no_reliable_value_after_search,Episode role assigned independently for total and low-income units.
UNITQ_DEV_OHA20240036,DEV_OHA20240036,OHA20240036,unresolved_pending_outside_read,unresolved_pending_outside_read,evidence_only,none,no_reliable_value_after_search,evidence_only,none,no_reliable_value_after_search,Episode role assigned independently for total and low-income units.
UNITQ_DEV_OHA20240036,DEV_OHA20240036,OHA20240037,unresolved_pending_outside_read,unresolved_pending_outside_read,evidence_only,none,no_reliable_value_after_search,evidence_only,none,no_reliable_value_after_search,Episode role assigned independently for total and low-income units.
UNITQ_DEV_OHA20240039,DEV_OHA20240039,OHA20240039,unresolved_pending_outside_read,unresolved_pending_outside_read,evidence_only,none,no_reliable_value_after_search,evidence_only,none,no_reliable_value_after_search,Episode role assigned independently for total and low-income units.
UNITQ_DEV_OHA20240039,DEV_OHA20240039,OHA20240040,unresolved_pending_outside_read,unresolved_pending_outside_read,evidence_only,none,no_reliable_value_after_search,evidence_only,none,no_reliable_value_after_search,Episode role assigned independently for total and low-income units.
UNITQ_DEV_OHA20240043,DEV_OHA20240043,OHA20240043,unresolved_pending_outside_read,unresolved_pending_outside_read,evidence_only,none,no_reliable_value_after_search,evidence_only,none,no_reliable_value_after_search,Episode role assigned independently for total and low-income units.
UNITQ_DEV_OHA20240043,DEV_OHA20240043,OHA20240044,unresolved_pending_outside_read,unresolved_pending_outside_read,evidence_only,none,no_reliable_value_after_search,evidence_only,none,no_reliable_value_after_search,Episode role assigned independently for total and low-income units.
UNITQ_DEV_OKA19980065,DEV_OKA19980065,OKA19980065,candidate_representative,candidate_representative,select_representative,reconciled_episode,selected_reporting_representative,select_representative,reconciled_episode,selected_reporting_representative,Episode role assigned independently for total and low-income units.
UNITQ_DEV_OKA19980065,DEV_OKA19980065,OKA20240018,candidate_duplicate,candidate_duplicate,exclude_duplicate,none,duplicate_reporting_excluded,exclude_duplicate,none,duplicate_reporting_excluded,Episode role assigned independently for total and low-income units.
UNITQ_DEV_OKA19990025,DEV_OKA19990025,OKA19990025,unresolved_pending_outside_read,unresolved_pending_outside_read,evidence_only,none,no_reliable_value_after_search,evidence_only,none,no_reliable_value_after_search,Episode role assigned independently for total and low-income units.
UNITQ_DEV_OKA19990025,DEV_OKA19990025,OKA19999399,unresolved_pending_outside_read,unresolved_pending_outside_read,evidence_only,none,no_reliable_value_after_search,evidence_only,none,no_reliable_value_after_search,Episode role assigned independently for total and low-income units.
UNITQ_DEV_OKA20080090,DEV_OKA20080090,OKA20080090,candidate_representative,candidate_representative,select_representative,reconciled_episode,selected_reporting_representative,select_representative,reconciled_episode,selected_reporting_representative,Episode role assigned independently for total and low-income units.
UNITQ_DEV_OKA20080090,DEV_OKA20080090,OKA20089091,candidate_duplicate,candidate_duplicate,exclude_duplicate,none,duplicate_reporting_excluded,exclude_duplicate,none,duplicate_reporting_excluded,Episode role assigned independently for total and low-income units.
UNITQ_DEV_OKA20160022,DEV_OKA20160022,OKA20160022,candidate_representative,candidate_representative,select_representative,reconciled_episode,selected_reporting_representative,select_representative,reconciled_episode,selected_reporting_representative,Episode role assigned independently for total and low-income units.
UNITQ_DEV_OKA20160022,DEV_OKA20160022,OKA20167566,candidate_duplicate,candidate_duplicate,exclude_duplicate,none,duplicate_reporting_excluded,exclude_duplicate,none,duplicate_reporting_excluded,Episode role assigned independently for total and low-income units.
UNITQ_DEV_ORA19870105,DEV_ORA19870105,ORA19870105,unresolved_pending_outside_read,unresolved_pending_outside_read,evidence_only,none,no_reliable_value_after_search,evidence_only,none,no_reliable_value_after_search,Episode role assigned independently for total and low-income units.
UNITQ_DEV_ORA19870105,DEV_ORA19870105,ORA20144002,unresolved_pending_outside_read,unresolved_pending_outside_read,evidence_only,none,no_reliable_value_after_search,evidence_only,none,no_reliable_value_after_search,Episode role assigned independently for total and low-income units.
UNITQ_DEV_ORA20000075,DEV_ORA20000075,ORA20000075,candidate_representative,unresolved_pending_outside_read,select_representative,reconciled_episode,selected_reporting_representative,evidence_only,none,no_reliable_value_after_search,Episode role assigned independently for total and low-income units.
UNITQ_DEV_ORA20000075,DEV_ORA20000075,ORA20203006,candidate_duplicate,unresolved_pending_outside_read,exclude_duplicate,none,duplicate_reporting_excluded,evidence_only,none,no_reliable_value_after_search,Episode role assigned independently for total and low-income units.
UNITQ_DEV_ORA20030080,DEV_ORA20030080,ORA20030080,unresolved_pending_outside_read,unresolved_pending_outside_read,evidence_only,none,no_reliable_value_after_search,evidence_only,none,no_reliable_value_after_search,Episode role assigned independently for total and low-income units.
UNITQ_DEV_ORA20030080,DEV_ORA20030080,ORA20039116,unresolved_pending_outside_read,unresolved_pending_outside_read,evidence_only,none,no_reliable_value_after_search,evidence_only,none,no_reliable_value_after_search,Episode role assigned independently for total and low-income units.
UNITQ_DEV_PAA00000050,DEV_PAA00000050,PAA00000050,candidate_representative,candidate_representative,select_representative,reconciled_episode,selected_reporting_representative,select_representative,reconciled_episode,selected_reporting_representative,Episode role assigned independently for total and low-income units.
UNITQ_DEV_PAA00000050,DEV_PAA00000050,PAA20152004,candidate_duplicate,candidate_duplicate,exclude_duplicate,none,duplicate_reporting_excluded,exclude_duplicate,none,duplicate_reporting_excluded,Episode role assigned independently for total and low-income units.
UNITQ_DEV_PAA00000138,DEV_PAA00000138,PAA00000138,candidate_representative,candidate_representative,select_representative,reconciled_episode,selected_reporting_representative,select_representative,reconciled_episode,selected_reporting_representative,Episode role assigned independently for total and low-income units.
UNITQ_DEV_PAA00000138,DEV_PAA00000138,PAA20161014,candidate_duplicate,candidate_duplicate,exclude_duplicate,none,duplicate_reporting_excluded,exclude_duplicate,none,duplicate_reporting_excluded,Episode role assigned independently for total and low-income units.
UNITQ_DEV_PAA00000195,DEV_PAA00000195,PAA00000195,candidate_representative,candidate_representative,select_representative,reconciled_episode,selected_reporting_representative,select_representative,reconciled_episode,selected_reporting_representative,Episode role assigned independently for total and low-income units.
UNITQ_DEV_PAA00000195,DEV_PAA00000195,PAA20152022,candidate_duplicate,candidate_duplicate,exclude_duplicate,none,duplicate_reporting_excluded,exclude_duplicate,none,duplicate_reporting_excluded,Episode role assigned independently for total and low-income units.
UNITQ_DEV_PAA00000246,DEV_PAA00000246,PAA00000246,unresolved_pending_outside_read,unresolved_pending_outside_read,evidence_only,none,no_reliable_value_after_search,evidence_only,none,no_reliable_value_after_search,Episode role assigned independently for total and low-income units.
UNITQ_DEV_PAA00000246,DEV_PAA00000246,PAA20160004,unresolved_pending_outside_read,unresolved_pending_outside_read,evidence_only,none,no_reliable_value_after_search,evidence_only,none,no_reliable_value_after_search,Episode role assigned independently for total and low-income units.
UNITQ_DEV_PAA19870375,DEV_PAA19870375,PAA19870375,candidate_representative,candidate_representative,select_representative,reconciled_episode,selected_reporting_representative,select_representative,reconciled_episode,selected_reporting_representative,Episode role assigned independently for total and low-income units.
UNITQ_DEV_PAA19870375,DEV_PAA19870375,PAA20222091,candidate_duplicate,candidate_duplicate,exclude_duplicate,none,duplicate_reporting_excluded,exclude_duplicate,none,duplicate_reporting_excluded,Episode role assigned independently for total and low-income units.
UNITQ_DEV_PAA19870420,DEV_PAA19870420,PAA19870420,unresolved_pending_outside_read,unresolved_pending_outside_read,evidence_only,none,no_reliable_value_after_search,evidence_only,none,no_reliable_value_after_search,Episode role assigned independently for total and low-income units.
UNITQ_DEV_PAA19870420,DEV_PAA19870420,PAA19870425,unresolved_pending_outside_read,unresolved_pending_outside_read,evidence_only,none,no_reliable_value_after_search,evidence_only,none,no_reliable_value_after_search,Episode role assigned independently for total and low-income units.
UNITQ_DEV_PAA19870420,DEV_PAA19870420,PAA19880685,unresolved_pending_outside_read,unresolved_pending_outside_read,evidence_only,none,no_reliable_value_after_search,evidence_only,none,no_reliable_value_after_search,Episode role assigned independently for total and low-income units.
UNITQ_DEV_PAA19870420,DEV_PAA19870420,PAA19880690,unresolved_pending_outside_read,unresolved_pending_outside_read,evidence_only,none,no_reliable_value_after_search,evidence_only,none,no_reliable_value_after_search,Episode role assigned independently for total and low-income units.
UNITQ_DEV_PAA19880455,DEV_PAA19880455,PAA19880455,unresolved_pending_outside_read,unresolved_pending_outside_read,evidence_only,none,no_reliable_value_after_search,evidence_only,none,no_reliable_value_after_search,Episode role assigned independently for total and low-income units.
UNITQ_DEV_PAA19880455,DEV_PAA19880455,PAA19880460,unresolved_pending_outside_read,unresolved_pending_outside_read,evidence_only,none,no_reliable_value_after_search,evidence_only,none,no_reliable_value_after_search,Episode role assigned independently for total and low-income units.
UNITQ_DEV_PAA19920210,DEV_PAA19920210,PAA19920210,unresolved_pending_outside_read,unresolved_pending_outside_read,evidence_only,none,no_reliable_value_after_search,evidence_only,none,no_reliable_value_after_search,Episode role assigned independently for total and low-income units.
UNITQ_DEV_PAA19920210,DEV_PAA19920210,PAA19920215,unresolved_pending_outside_read,unresolved_pending_outside_read,evidence_only,none,no_reliable_value_after_search,evidence_only,none,no_reliable_value_after_search,Episode role assigned independently for total and low-income units.
UNITQ_DEV_PAA19970095,DEV_PAA19970095,PAA19970095,candidate_representative,candidate_representative,select_representative,reconciled_episode,selected_reporting_representative,select_representative,reconciled_episode,selected_reporting_representative,Episode role assigned independently for total and low-income units.
UNITQ_DEV_PAA19970095,DEV_PAA19970095,PAA20174009,candidate_duplicate,candidate_duplicate,exclude_duplicate,none,duplicate_reporting_excluded,exclude_duplicate,none,duplicate_reporting_excluded,Episode role assigned independently for total and low-income units.
UNITQ_DEV_PAA20142017,DEV_PAA20142017,PAA00000194,unresolved_pending_outside_read,unresolved_pending_outside_read,evidence_only,none,no_reliable_value_after_search,evidence_only,none,no_reliable_value_after_search,Episode role assigned independently for total and low-income units.
UNITQ_DEV_PAA20142017,DEV_PAA20142017,PAA20142017,unresolved_pending_outside_read,unresolved_pending_outside_read,evidence_only,none,no_reliable_value_after_search,evidence_only,none,no_reliable_value_after_search,Episode role assigned independently for total and low-income units.
UNITQ_DEV_PAA20213066,DEV_PAA20213066,PAA00000185,candidate_duplicate,candidate_duplicate,exclude_duplicate,none,duplicate_reporting_excluded,exclude_duplicate,none,duplicate_reporting_excluded,Episode role assigned independently for total and low-income units.
UNITQ_DEV_PAA20213066,DEV_PAA20213066,PAA20213066,candidate_representative,candidate_representative,select_representative,reconciled_episode,selected_reporting_representative,select_representative,reconciled_episode,selected_reporting_representative,Episode role assigned independently for total and low-income units.
UNITQ_DEV_RIA19880015,DEV_RIA19880015,RIA19880015,candidate_representative,unresolved_pending_outside_read,select_representative,reconciled_episode,selected_reporting_representative,evidence_only,none,no_reliable_value_after_search,Episode role assigned independently for total and low-income units.
UNITQ_DEV_RIA19880015,DEV_RIA19880015,RIA20181001,candidate_duplicate,unresolved_pending_outside_read,exclude_duplicate,none,duplicate_reporting_excluded,evidence_only,none,no_reliable_value_after_search,Episode role assigned independently for total and low-income units.
UNITQ_DEV_SCA19880230,DEV_SCA19880230,SCA19880230,candidate_representative,candidate_representative,select_representative,reconciled_episode,selected_reporting_representative,select_representative,reconciled_episode,selected_reporting_representative,Episode role assigned independently for total and low-income units.
UNITQ_DEV_SCA19880230,DEV_SCA19880230,SCA20200004,candidate_duplicate,candidate_duplicate,exclude_duplicate,none,duplicate_reporting_excluded,exclude_duplicate,none,duplicate_reporting_excluded,Episode role assigned independently for total and low-income units.
UNITQ_DEV_SCA19880270,DEV_SCA19880270,SCA19880270,unresolved_pending_outside_read,unresolved_pending_outside_read,evidence_only,none,no_reliable_value_after_search,evidence_only,none,no_reliable_value_after_search,Episode role assigned independently for total and low-income units.
UNITQ_DEV_SCA19880270,DEV_SCA19880270,SCA19880275,unresolved_pending_outside_read,unresolved_pending_outside_read,evidence_only,none,no_reliable_value_after_search,evidence_only,none,no_reliable_value_after_search,Episode role assigned independently for total and low-income units.
UNITQ_DEV_SCA19930050,DEV_SCA19930050,SCA19930050,candidate_representative,candidate_representative,select_representative,reconciled_episode,selected_reporting_representative,select_representative,reconciled_episode,selected_reporting_representative,Episode role assigned independently for total and low-income units.
UNITQ_DEV_SCA19930050,DEV_SCA19930050,SCA20182008,candidate_duplicate,candidate_duplicate,exclude_duplicate,none,duplicate_reporting_excluded,exclude_duplicate,none,duplicate_reporting_excluded,Episode role assigned independently for total and low-income units.
UNITQ_DEV_SCA19930070,DEV_SCA19930070,SCA19930070,candidate_representative,candidate_representative,select_representative,reconciled_episode,selected_reporting_representative,select_representative,reconciled_episode,selected_reporting_representative,Episode role assigned independently for total and low-income units.
UNITQ_DEV_SCA19930070,DEV_SCA19930070,SCA20194001,candidate_duplicate,candidate_duplicate,exclude_duplicate,none,duplicate_reporting_excluded,exclude_duplicate,none,duplicate_reporting_excluded,Episode role assigned independently for total and low-income units.
UNITQ_DEV_SCA19930095,DEV_SCA19930095,SCA19930095,candidate_representative,candidate_representative,select_representative,reconciled_episode,selected_reporting_representative,select_representative,reconciled_episode,selected_reporting_representative,Episode role assigned independently for total and low-income units.
UNITQ_DEV_SCA19930095,DEV_SCA19930095,SCA20231023,candidate_duplicate,candidate_duplicate,exclude_duplicate,none,duplicate_reporting_excluded,exclude_duplicate,none,duplicate_reporting_excluded,Episode role assigned independently for total and low-income units.
UNITQ_DEV_SCA19940010,DEV_SCA19940010,SCA19940010,candidate_representative,candidate_representative,select_representative,reconciled_episode,selected_reporting_representative,select_representative,reconciled_episode,selected_reporting_representative,Episode role assigned independently for total and low-income units.
UNITQ_DEV_SCA19940010,DEV_SCA19940010,SCA20182002,candidate_duplicate,candidate_duplicate,exclude_duplicate,none,duplicate_reporting_excluded,exclude_duplicate,none,duplicate_reporting_excluded,Episode role assigned independently for total and low-income units.
UNITQ_DEV_SCA19960005,DEV_SCA19960005,SCA19960005,candidate_representative,candidate_representative,select_representative,reconciled_episode,selected_reporting_representative,select_representative,reconciled_episode,selected_reporting_representative,Episode role assigned independently for total and low-income units.
UNITQ_DEV_SCA19960005,DEV_SCA19960005,SCA20173001,candidate_duplicate,candidate_duplicate,exclude_duplicate,none,duplicate_reporting_excluded,exclude_duplicate,none,duplicate_reporting_excluded,Episode role assigned independently for total and low-income units.
UNITQ_DEV_SCA20010048,DEV_SCA20010048,SCA20010048,candidate_representative,candidate_representative,select_representative,reconciled_episode,selected_reporting_representative,select_representative,reconciled_episode,selected_reporting_representative,Episode role assigned independently for total and low-income units.
UNITQ_DEV_SCA20010048,DEV_SCA20010048,SCA20191006,candidate_duplicate,candidate_duplicate,exclude_duplicate,none,duplicate_reporting_excluded,exclude_duplicate,none,duplicate_reporting_excluded,Episode role assigned independently for total and low-income units.
UNITQ_DEV_SCA20040050,DEV_SCA20040050,SCA20040050,candidate_representative,candidate_representative,select_representative,reconciled_episode,selected_reporting_representative,select_representative,reconciled_episode,selected_reporting_representative,Episode role assigned independently for total and low-income units.
UNITQ_DEV_SCA20040050,DEV_SCA20040050,SCA20231017,candidate_duplicate,candidate_duplicate,exclude_duplicate,none,duplicate_reporting_excluded,exclude_duplicate,none,duplicate_reporting_excluded,Episode role assigned independently for total and low-income units.
UNITQ_DEV_SCA20050027,DEV_SCA20050027,SCA20050027,candidate_representative,candidate_representative,select_representative,reconciled_episode,selected_reporting_representative,select_representative,reconciled_episode,selected_reporting_representative,Episode role assigned independently for total and low-income units.
UNITQ_DEV_SCA20050027,DEV_SCA20050027,SCA20212001,candidate_duplicate,candidate_duplicate,exclude_duplicate,none,duplicate_reporting_excluded,exclude_duplicate,none,duplicate_reporting_excluded,Episode role assigned independently for total and low-income units.
UNITQ_DEV_SCA20060073,DEV_SCA20060073,SCA20060073,candidate_representative,candidate_representative,select_representative,reconciled_episode,selected_reporting_representative,select_representative,reconciled_episode,selected_reporting_representative,Episode role assigned independently for total and low-income units.
UNITQ_DEV_SCA20060073,DEV_SCA20060073,SCA20231013,candidate_duplicate,candidate_duplicate,exclude_duplicate,none,duplicate_reporting_excluded,exclude_duplicate,none,duplicate_reporting_excluded,Episode role assigned independently for total and low-income units.
UNITQ_DEV_SCA20170009,DEV_SCA20170009,SCA20170009,candidate_representative,candidate_representative,select_representative,reconciled_episode,selected_reporting_representative,select_representative,reconciled_episode,selected_reporting_representative,Episode role assigned independently for total and low-income units.
UNITQ_DEV_SCA20170009,DEV_SCA20170009,SCA20173019,candidate_duplicate,candidate_duplicate,exclude_duplicate,none,duplicate_reporting_excluded,exclude_duplicate,none,duplicate_reporting_excluded,Episode role assigned independently for total and low-income units.
UNITQ_DEV_TNA19880250,DEV_TNA19880250,TNA19880250,candidate_representative,candidate_representative,select_representative,reconciled_episode,selected_reporting_representative,select_representative,reconciled_episode,selected_reporting_representative,Episode role assigned independently for total and low-income units.
UNITQ_DEV_TNA19880250,DEV_TNA19880250,TNA19880847,candidate_duplicate,candidate_duplicate,exclude_duplicate,none,duplicate_reporting_excluded,exclude_duplicate,none,duplicate_reporting_excluded,Episode role assigned independently for total and low-income units.
UNITQ_DEV_TNA19880801,DEV_TNA19880801,TNA19880801,unresolved_pending_outside_read,unresolved_pending_outside_read,evidence_only,none,no_reliable_value_after_search,evidence_only,none,no_reliable_value_after_search,Episode role assigned independently for total and low-income units.
UNITQ_DEV_TNA19880801,DEV_TNA19880801,TNA19880802,unresolved_pending_outside_read,unresolved_pending_outside_read,evidence_only,none,no_reliable_value_after_search,evidence_only,none,no_reliable_value_after_search,Episode role assigned independently for total and low-income units.
UNITQ_DEV_TNA19920125,DEV_TNA19920125,TNA19920125,candidate_representative,candidate_representative,select_representative,reconciled_episode,selected_reporting_representative,select_representative,reconciled_episode,selected_reporting_representative,Episode role assigned independently for total and low-income units.
UNITQ_DEV_TNA19920125,DEV_TNA19920125,TNA20221013,candidate_duplicate,candidate_duplicate,exclude_duplicate,none,duplicate_reporting_excluded,exclude_duplicate,none,duplicate_reporting_excluded,Episode role assigned independently for total and low-income units.
UNITQ_DEV_TNA19930095,DEV_TNA19930095,TNA19930095,candidate_representative,candidate_representative,select_representative,reconciled_episode,selected_reporting_representative,select_representative,reconciled_episode,selected_reporting_representative,Episode role assigned independently for total and low-income units.
UNITQ_DEV_TNA19930095,DEV_TNA19930095,TNA20202025,candidate_duplicate,candidate_duplicate,exclude_duplicate,none,duplicate_reporting_excluded,exclude_duplicate,none,duplicate_reporting_excluded,Episode role assigned independently for total and low-income units.
UNITQ_DEV_TNA19930120,DEV_TNA19930120,TNA19930120,candidate_representative,candidate_representative,select_representative,reconciled_episode,selected_reporting_representative,select_representative,reconciled_episode,selected_reporting_representative,Episode role assigned independently for total and low-income units.
UNITQ_DEV_TNA19930120,DEV_TNA19930120,TNA20202026,candidate_duplicate,candidate_duplicate,exclude_duplicate,none,duplicate_reporting_excluded,exclude_duplicate,none,duplicate_reporting_excluded,Episode role assigned independently for total and low-income units.
UNITQ_DEV_TNA19960115,DEV_TNA19960115,TNA19960115,unresolved_pending_outside_read,unresolved_pending_outside_read,evidence_only,none,no_reliable_value_after_search,evidence_only,none,no_reliable_value_after_search,The HUD episode remains preserved as source evidence. Member roles govern only the static physical-development unit value.
UNITQ_DEV_TNA19960115,DEV_TNA19960115,TNA19960800,unresolved_pending_outside_read,unresolved_pending_outside_read,evidence_only,none,no_reliable_value_after_search,evidence_only,none,no_reliable_value_after_search,The HUD episode remains preserved as source evidence. Member roles govern only the static physical-development unit value.
UNITQ_DEV_TNA20060085,DEV_TNA20060085,TNA20060085,candidate_representative,unresolved_pending_outside_read,select_representative,reconciled_episode,selected_reporting_representative,evidence_only,none,no_reliable_value_after_search,Episode role assigned independently for total and low-income units.
UNITQ_DEV_TNA20060085,DEV_TNA20060085,TNA20250011,candidate_duplicate,unresolved_pending_outside_read,exclude_duplicate,none,duplicate_reporting_excluded,evidence_only,none,no_reliable_value_after_search,Episode role assigned independently for total and low-income units.
UNITQ_DEV_TNA20070005,DEV_TNA20070005,TNA20070005,candidate_representative,candidate_representative,select_representative,reconciled_episode,selected_reporting_representative,select_representative,reconciled_episode,selected_reporting_representative,Episode role assigned independently for total and low-income units.
UNITQ_DEV_TNA20070005,DEV_TNA20070005,TNA20250010,candidate_duplicate,candidate_duplicate,exclude_duplicate,none,duplicate_reporting_excluded,exclude_duplicate,none,duplicate_reporting_excluded,Episode role assigned independently for total and low-income units.
UNITQ_DEV_TNA20070055,DEV_TNA20070055,TNA20070055,unresolved_pending_outside_read,unresolved_pending_outside_read,evidence_only,none,no_reliable_value_after_search,evidence_only,none,no_reliable_value_after_search,Episode role assigned independently for total and low-income units.
UNITQ_DEV_TNA20070055,DEV_TNA20070055,TNA20090522,unresolved_pending_outside_read,unresolved_pending_outside_read,evidence_only,none,no_reliable_value_after_search,evidence_only,none,no_reliable_value_after_search,Episode role assigned independently for total and low-income units.
UNITQ_DEV_TNA20070110,DEV_TNA20070110,TNA20070110,candidate_representative,candidate_representative,select_representative,reconciled_episode,selected_reporting_representative,select_representative,reconciled_episode,selected_reporting_representative,Episode role assigned independently for total and low-income units.
UNITQ_DEV_TNA20070110,DEV_TNA20070110,TNA20250013,candidate_duplicate,candidate_duplicate,exclude_duplicate,none,duplicate_reporting_excluded,exclude_duplicate,none,duplicate_reporting_excluded,Episode role assigned independently for total and low-income units.
UNITQ_DEV_TXA19870140,DEV_TXA19870140,TXA00000999,candidate_duplicate,candidate_duplicate,exclude_duplicate,none,duplicate_reporting_excluded,exclude_duplicate,none,duplicate_reporting_excluded,Episode role assigned independently for total and low-income units.
UNITQ_DEV_TXA19870140,DEV_TXA19870140,TXA19870140,candidate_representative,candidate_representative,select_representative,reconciled_episode,selected_reporting_representative,select_representative,reconciled_episode,selected_reporting_representative,Episode role assigned independently for total and low-income units.
UNITQ_DEV_TXA19870370,DEV_TXA19870370,TXA19870370,candidate_representative,candidate_representative,select_representative,reconciled_episode,selected_reporting_representative,select_representative,reconciled_episode,selected_reporting_representative,Episode role assigned independently for total and low-income units.
UNITQ_DEV_TXA19870370,DEV_TXA19870370,TXA19870375,candidate_duplicate,candidate_duplicate,exclude_duplicate,none,duplicate_reporting_excluded,exclude_duplicate,none,duplicate_reporting_excluded,Episode role assigned independently for total and low-income units.
UNITQ_DEV_TXA19870370,DEV_TXA19870370,TXA19870380,candidate_duplicate,candidate_duplicate,exclude_duplicate,none,duplicate_reporting_excluded,exclude_duplicate,none,duplicate_reporting_excluded,Episode role assigned independently for total and low-income units.
UNITQ_DEV_TXA19870370,DEV_TXA19870370,TXA19870385,candidate_duplicate,candidate_duplicate,exclude_duplicate,none,duplicate_reporting_excluded,exclude_duplicate,none,duplicate_reporting_excluded,Episode role assigned independently for total and low-income units.
UNITQ_DEV_TXA19870370,DEV_TXA19870370,TXA19870390,candidate_duplicate,candidate_duplicate,exclude_duplicate,none,duplicate_reporting_excluded,exclude_duplicate,none,duplicate_reporting_excluded,Episode role assigned independently for total and low-income units.
UNITQ_DEV_TXA19870370,DEV_TXA19870370,TXA19870395,candidate_duplicate,candidate_duplicate,exclude_duplicate,none,duplicate_reporting_excluded,exclude_duplicate,none,duplicate_reporting_excluded,Episode role assigned independently for total and low-income units.
UNITQ_DEV_TXA19870370,DEV_TXA19870370,TXA19870400,candidate_duplicate,candidate_duplicate,exclude_duplicate,none,duplicate_reporting_excluded,exclude_duplicate,none,duplicate_reporting_excluded,Episode role assigned independently for total and low-income units.
UNITQ_DEV_TXA19870370,DEV_TXA19870370,TXA19870405,candidate_duplicate,candidate_duplicate,exclude_duplicate,none,duplicate_reporting_excluded,exclude_duplicate,none,duplicate_reporting_excluded,Episode role assigned independently for total and low-income units.
UNITQ_DEV_TXA19870370,DEV_TXA19870370,TXA19870410,candidate_duplicate,candidate_duplicate,exclude_duplicate,none,duplicate_reporting_excluded,exclude_duplicate,none,duplicate_reporting_excluded,Episode role assigned independently for total and low-income units.
UNITQ_DEV_TXA19880375,DEV_TXA19880375,TXA19880375,candidate_representative,candidate_representative,select_representative,reconciled_episode,selected_reporting_representative,select_representative,reconciled_episode,selected_reporting_representative,Episode role assigned independently for total and low-income units.
UNITQ_DEV_TXA19880375,DEV_TXA19880375,TXA20139957,candidate_duplicate,candidate_duplicate,exclude_duplicate,none,duplicate_reporting_excluded,exclude_duplicate,none,duplicate_reporting_excluded,Episode role assigned independently for total and low-income units.
UNITQ_DEV_TXA19880465,DEV_TXA19880465,TXA19880465,candidate_representative,candidate_representative,select_representative,reconciled_episode,selected_reporting_representative,select_representative,reconciled_episode,selected_reporting_representative,Episode role assigned independently for total and low-income units.
UNITQ_DEV_TXA19880465,DEV_TXA19880465,TXA20163050,candidate_duplicate,candidate_duplicate,exclude_duplicate,none,duplicate_reporting_excluded,exclude_duplicate,none,duplicate_reporting_excluded,Episode role assigned independently for total and low-income units.
UNITQ_DEV_TXA19880705,DEV_TXA19880705,TXA19880705,candidate_representative,candidate_representative,select_representative,reconciled_episode,selected_reporting_representative,select_representative,reconciled_episode,selected_reporting_representative,Episode role assigned independently for total and low-income units.
UNITQ_DEV_TXA19880705,DEV_TXA19880705,TXA20163059,candidate_duplicate,candidate_duplicate,exclude_duplicate,none,duplicate_reporting_excluded,exclude_duplicate,none,duplicate_reporting_excluded,Episode role assigned independently for total and low-income units.
UNITQ_DEV_TXA19910195,DEV_TXA19910195,TXA0000X978,unresolved_pending_outside_read,unresolved_pending_outside_read,evidence_only,none,no_reliable_value_after_search,evidence_only,none,no_reliable_value_after_search,Episode role assigned independently for total and low-income units.
UNITQ_DEV_TXA19910195,DEV_TXA19910195,TXA19910195,unresolved_pending_outside_read,unresolved_pending_outside_read,evidence_only,none,no_reliable_value_after_search,evidence_only,none,no_reliable_value_after_search,Episode role assigned independently for total and low-income units.
UNITQ_DEV_TXA19910485,DEV_TXA19910485,TXA00000091,unresolved_pending_outside_read,unresolved_pending_outside_read,evidence_only,none,external_value_not_episode_allocated,evidence_only,none,no_reliable_value_after_search,The HUD episode remains preserved as source evidence. Member roles govern only the static physical-development unit value.
UNITQ_DEV_TXA19910485,DEV_TXA19910485,TXA19910485,unresolved_pending_outside_read,unresolved_pending_outside_read,evidence_only,none,external_value_not_episode_allocated,evidence_only,none,no_reliable_value_after_search,The HUD episode remains preserved as source evidence. Member roles govern only the static physical-development unit value.
UNITQ_DEV_TXA19950180,DEV_TXA19950180,TXA19950180,unresolved_pending_outside_read,unresolved_pending_outside_read,evidence_only,none,no_reliable_value_after_search,evidence_only,none,no_reliable_value_after_search,Episode role assigned independently for total and low-income units.
UNITQ_DEV_TXA19950180,DEV_TXA19950180,TXA20202782,unresolved_pending_outside_read,unresolved_pending_outside_read,evidence_only,none,no_reliable_value_after_search,evidence_only,none,no_reliable_value_after_search,Episode role assigned independently for total and low-income units.
UNITQ_DEV_TXA19950325,DEV_TXA19950325,TXA19950325,candidate_representative,candidate_representative,select_representative,reconciled_episode,selected_reporting_representative,select_representative,reconciled_episode,selected_reporting_representative,Episode role assigned independently for total and low-income units.
UNITQ_DEV_TXA19950325,DEV_TXA19950325,TXA20202732,candidate_duplicate,candidate_duplicate,exclude_duplicate,none,duplicate_reporting_excluded,exclude_duplicate,none,duplicate_reporting_excluded,Episode role assigned independently for total and low-income units.
UNITQ_DEV_TXA19950420,DEV_TXA19950420,TXA19950420,candidate_representative,candidate_representative,select_representative,reconciled_episode,selected_reporting_representative,select_representative,reconciled_episode,selected_reporting_representative,Episode role assigned independently for total and low-income units.
UNITQ_DEV_TXA19950420,DEV_TXA19950420,TXA20181022,candidate_duplicate,candidate_duplicate,exclude_duplicate,none,duplicate_reporting_excluded,exclude_duplicate,none,duplicate_reporting_excluded,Episode role assigned independently for total and low-income units.
UNITQ_DEV_TXA19950485,DEV_TXA19950485,TXA00000136,candidate_duplicate,candidate_duplicate,exclude_duplicate,none,duplicate_reporting_excluded,exclude_duplicate,none,duplicate_reporting_excluded,The HUD episode remains preserved as source evidence. Member roles govern only the static physical-development unit value.
UNITQ_DEV_TXA19950485,DEV_TXA19950485,TXA00000304,candidate_duplicate,candidate_duplicate,exclude_duplicate,none,duplicate_reporting_excluded,exclude_duplicate,none,duplicate_reporting_excluded,The HUD episode remains preserved as source evidence. Member roles govern only the static physical-development unit value.
UNITQ_DEV_TXA19950485,DEV_TXA19950485,TXA19950485,candidate_representative,candidate_representative,select_representative,reconciled_episode,selected_reporting_representative,select_representative,reconciled_episode,selected_reporting_representative,The HUD episode remains preserved as source evidence. Member roles govern only the static physical-development unit value.
UNITQ_DEV_TXA20145018,DEV_TXA20145018,TXA20145018,candidate_representative,candidate_representative,select_representative,reconciled_episode,selected_reporting_representative,select_representative,reconciled_episode,selected_reporting_representative,Episode role assigned independently for total and low-income units.
UNITQ_DEV_TXA20145018,DEV_TXA20145018,TXA20157574,candidate_duplicate,candidate_duplicate,exclude_duplicate,none,duplicate_reporting_excluded,exclude_duplicate,none,duplicate_reporting_excluded,Episode role assigned independently for total and low-income units.
UNITQ_DEV_TXA20145023,DEV_TXA20145023,TXA20145023,candidate_representative,candidate_representative,select_representative,reconciled_episode,selected_reporting_representative,select_representative,reconciled_episode,selected_reporting_representative,Episode role assigned independently for total and low-income units.
UNITQ_DEV_TXA20145023,DEV_TXA20145023,TXA20157573,candidate_duplicate,candidate_duplicate,exclude_duplicate,none,duplicate_reporting_excluded,exclude_duplicate,none,duplicate_reporting_excluded,Episode role assigned independently for total and low-income units.
UNITQ_DEV_UTA19870905,DEV_UTA19870905,UTA19870905,unresolved_pending_outside_read,candidate_representative,evidence_only,none,no_reliable_value_after_search,select_representative,reconciled_episode,selected_reporting_representative,Episode role assigned independently for total and low-income units.
UNITQ_DEV_UTA19870905,DEV_UTA19870905,UTA20190008,unresolved_pending_outside_read,candidate_duplicate,evidence_only,none,no_reliable_value_after_search,exclude_duplicate,none,duplicate_reporting_excluded,Episode role assigned independently for total and low-income units.
UNITQ_DEV_UTA19920020,DEV_UTA19920020,UTA19920020,candidate_representative,candidate_representative,select_representative,reconciled_episode,selected_reporting_representative,select_representative,reconciled_episode,selected_reporting_representative,Episode role assigned independently for total and low-income units.
UNITQ_DEV_UTA19920020,DEV_UTA19920020,UTA19939001,candidate_duplicate,candidate_duplicate,exclude_duplicate,none,duplicate_reporting_excluded,exclude_duplicate,none,duplicate_reporting_excluded,Episode role assigned independently for total and low-income units.
UNITQ_DEV_UTA19940085,DEV_UTA19940085,UTA19940085,unresolved_pending_outside_read,unresolved_pending_outside_read,evidence_only,none,no_reliable_value_after_search,evidence_only,none,no_reliable_value_after_search,Episode role assigned independently for total and low-income units.
UNITQ_DEV_UTA19940085,DEV_UTA19940085,UTA19950906,unresolved_pending_outside_read,unresolved_pending_outside_read,evidence_only,none,no_reliable_value_after_search,evidence_only,none,no_reliable_value_after_search,Episode role assigned independently for total and low-income units.
UNITQ_DEV_UTA20020901,DEV_UTA20020901,UTA20020901,candidate_representative,candidate_representative,select_representative,reconciled_episode,selected_reporting_representative,select_representative,reconciled_episode,selected_reporting_representative,Episode role assigned independently for total and low-income units.
UNITQ_DEV_UTA20020901,DEV_UTA20020901,UTA20193017,candidate_duplicate,candidate_duplicate,exclude_duplicate,none,duplicate_reporting_excluded,exclude_duplicate,none,duplicate_reporting_excluded,Episode role assigned independently for total and low-income units.
UNITQ_DEV_UTA20030015,DEV_UTA20030015,UTA20030015,unresolved_pending_outside_read,unresolved_pending_outside_read,evidence_only,none,no_reliable_value_after_search,evidence_only,none,no_reliable_value_after_search,Episode role assigned independently for total and low-income units.
UNITQ_DEV_UTA20030015,DEV_UTA20030015,UTA20030017,unresolved_pending_outside_read,unresolved_pending_outside_read,evidence_only,none,no_reliable_value_after_search,evidence_only,none,no_reliable_value_after_search,Episode role assigned independently for total and low-income units.
UNITQ_DEV_UTA20070033,DEV_UTA20070033,UTA20070033,unresolved_pending_outside_read,unresolved_pending_outside_read,evidence_only,none,no_reliable_value_after_search,evidence_only,none,no_reliable_value_after_search,Episode role assigned independently for total and low-income units.
UNITQ_DEV_UTA20070033,DEV_UTA20070033,UTA20070035,unresolved_pending_outside_read,unresolved_pending_outside_read,evidence_only,none,no_reliable_value_after_search,evidence_only,none,no_reliable_value_after_search,Episode role assigned independently for total and low-income units.
UNITQ_DEV_VAA19890055,DEV_VAA19890055,VAA19890055,candidate_representative,candidate_representative,select_representative,reconciled_episode,selected_reporting_representative,select_representative,reconciled_episode,selected_reporting_representative,Episode role assigned independently for total and low-income units.
UNITQ_DEV_VAA19890055,DEV_VAA19890055,VAA20181010,candidate_duplicate,candidate_duplicate,exclude_duplicate,none,duplicate_reporting_excluded,exclude_duplicate,none,duplicate_reporting_excluded,Episode role assigned independently for total and low-income units.
UNITQ_DEV_VAA19910050,DEV_VAA19910050,VAA19910050,candidate_representative,candidate_representative,select_representative,reconciled_episode,selected_reporting_representative,select_representative,reconciled_episode,selected_reporting_representative,Episode role assigned independently for total and low-income units.
UNITQ_DEV_VAA19910050,DEV_VAA19910050,VAA20140006,candidate_duplicate,candidate_duplicate,exclude_duplicate,none,duplicate_reporting_excluded,exclude_duplicate,none,duplicate_reporting_excluded,Episode role assigned independently for total and low-income units.
UNITQ_DEV_VAA19960045,DEV_VAA19960045,VAA19960045,candidate_representative,candidate_representative,select_representative,reconciled_episode,selected_reporting_representative,select_representative,reconciled_episode,selected_reporting_representative,Episode role assigned independently for total and low-income units.
UNITQ_DEV_VAA19960045,DEV_VAA19960045,VAA20231030,candidate_duplicate,candidate_duplicate,exclude_duplicate,none,duplicate_reporting_excluded,exclude_duplicate,none,duplicate_reporting_excluded,Episode role assigned independently for total and low-income units.
UNITQ_DEV_VAA19960065,DEV_VAA19960065,VAA19960065,unresolved_pending_outside_read,unresolved_pending_outside_read,evidence_only,none,no_reliable_value_after_search,evidence_only,none,no_reliable_value_after_search,Episode role assigned independently for total and low-income units.
UNITQ_DEV_VAA19960065,DEV_VAA19960065,VAA20170018,unresolved_pending_outside_read,unresolved_pending_outside_read,evidence_only,none,no_reliable_value_after_search,evidence_only,none,no_reliable_value_after_search,Episode role assigned independently for total and low-income units.
UNITQ_DEV_VAA19970035,DEV_VAA19970035,VAA19970035,candidate_representative,candidate_representative,select_representative,reconciled_episode,selected_reporting_representative,select_representative,reconciled_episode,selected_reporting_representative,Episode role assigned independently for total and low-income units.
UNITQ_DEV_VAA19970035,DEV_VAA19970035,VAA20170016,candidate_duplicate,candidate_duplicate,exclude_duplicate,none,duplicate_reporting_excluded,exclude_duplicate,none,duplicate_reporting_excluded,Episode role assigned independently for total and low-income units.
UNITQ_DEV_VAA19980085,DEV_VAA19980085,VAA19980085,unresolved_pending_outside_read,unresolved_pending_outside_read,evidence_only,none,no_reliable_value_after_search,evidence_only,none,no_reliable_value_after_search,Episode role assigned independently for total and low-income units.
UNITQ_DEV_VAA19980085,DEV_VAA19980085,VAA20170019,unresolved_pending_outside_read,unresolved_pending_outside_read,evidence_only,none,no_reliable_value_after_search,evidence_only,none,no_reliable_value_after_search,Episode role assigned independently for total and low-income units.
UNITQ_DEV_VAA20020185,DEV_VAA20020185,VAA20020185,unresolved_pending_outside_read,unresolved_pending_outside_read,evidence_only,none,no_reliable_value_after_search,evidence_only,none,no_reliable_value_after_search,Episode role assigned independently for total and low-income units.
UNITQ_DEV_VAA20020185,DEV_VAA20020185,VAA20231041,unresolved_pending_outside_read,unresolved_pending_outside_read,evidence_only,none,no_reliable_value_after_search,evidence_only,none,no_reliable_value_after_search,Episode role assigned independently for total and low-income units.
UNITQ_DEV_VAA20020513,DEV_VAA20020513,VAA20020513,unresolved_pending_outside_read,unresolved_pending_outside_read,evidence_only,none,no_reliable_value_after_search,evidence_only,none,no_reliable_value_after_search,Episode role assigned independently for total and low-income units.
UNITQ_DEV_VAA20020513,DEV_VAA20020513,VAA20222015,unresolved_pending_outside_read,unresolved_pending_outside_read,evidence_only,none,no_reliable_value_after_search,evidence_only,none,no_reliable_value_after_search,Episode role assigned independently for total and low-income units.
UNITQ_DEV_VAA20060035,DEV_VAA20060035,VAA20060035,unresolved_pending_outside_read,unresolved_pending_outside_read,evidence_only,none,no_reliable_value_after_search,evidence_only,none,no_reliable_value_after_search,Episode role assigned independently for total and low-income units.
UNITQ_DEV_VAA20060035,DEV_VAA20060035,VAA20240011,unresolved_pending_outside_read,unresolved_pending_outside_read,evidence_only,none,no_reliable_value_after_search,evidence_only,none,no_reliable_value_after_search,Episode role assigned independently for total and low-income units.
UNITQ_DEV_VAA20221016,DEV_VAA20221016,VAA20221016,candidate_component,candidate_component,include_component,reconciled_episode,distinct_component_included,include_component,reconciled_episode,distinct_component_included,Episode role assigned independently for total and low-income units.
UNITQ_DEV_VAA20221016,DEV_VAA20221016,VAA20221017,candidate_component,candidate_component,include_component,reconciled_episode,distinct_component_included,include_component,reconciled_episode,distinct_component_included,Episode role assigned independently for total and low-income units.
UNITQ_DEV_VAA20222001,DEV_VAA20222001,VAA20222001,candidate_component,candidate_component,include_component,reconciled_episode,distinct_component_included,include_component,reconciled_episode,distinct_component_included,Episode role assigned independently for total and low-income units.
UNITQ_DEV_VAA20222001,DEV_VAA20222001,VAA20222002,candidate_component,candidate_component,include_component,reconciled_episode,distinct_component_included,include_component,reconciled_episode,distinct_component_included,Episode role assigned independently for total and low-income units.
UNITQ_DEV_VAA20222009,DEV_VAA20222009,VAA20222009,candidate_component,candidate_component,include_component,reconciled_episode,distinct_component_included,include_component,reconciled_episode,distinct_component_included,Episode role assigned independently for total and low-income units.
UNITQ_DEV_VAA20222009,DEV_VAA20222009,VAA20222010,candidate_component,candidate_component,include_component,reconciled_episode,distinct_component_included,include_component,reconciled_episode,distinct_component_included,Episode role assigned independently for total and low-income units.
UNITQ_DEV_VTA19900014,DEV_VTA19900014,VTA19900014,candidate_representative,unresolved_pending_outside_read,select_representative,reconciled_episode,selected_reporting_representative,evidence_only,none,no_reliable_value_after_search,Episode role assigned independently for total and low-income units.
UNITQ_DEV_VTA19900014,DEV_VTA19900014,VTA20080015,candidate_duplicate,unresolved_pending_outside_read,exclude_duplicate,none,duplicate_reporting_excluded,evidence_only,none,no_reliable_value_after_search,Episode role assigned independently for total and low-income units.
UNITQ_DEV_VTA19900030,DEV_VTA19900030,VTA19900030,unresolved_pending_outside_read,unresolved_pending_outside_read,evidence_only,none,no_reliable_value_after_search,evidence_only,none,no_reliable_value_after_search,Episode role assigned independently for total and low-income units.
UNITQ_DEV_VTA19900030,DEV_VTA19900030,VTA20151003,unresolved_pending_outside_read,unresolved_pending_outside_read,evidence_only,none,no_reliable_value_after_search,evidence_only,none,no_reliable_value_after_search,Episode role assigned independently for total and low-income units.
UNITQ_DEV_VTA19970005,DEV_VTA19970005,VTA19970005,unresolved_pending_outside_read,unresolved_pending_outside_read,evidence_only,none,no_reliable_value_after_search,evidence_only,none,no_reliable_value_after_search,Episode role assigned independently for total and low-income units.
UNITQ_DEV_VTA19970005,DEV_VTA19970005,VTA20150002,unresolved_pending_outside_read,unresolved_pending_outside_read,evidence_only,none,no_reliable_value_after_search,evidence_only,none,no_reliable_value_after_search,Episode role assigned independently for total and low-income units.
UNITQ_DEV_VTA20040065,DEV_VTA20040065,VTA20040065,candidate_representative,unresolved_pending_outside_read,select_representative,reconciled_episode,selected_reporting_representative,evidence_only,none,no_reliable_value_after_search,Episode role assigned independently for total and low-income units.
UNITQ_DEV_VTA20040065,DEV_VTA20040065,VTA20230005,candidate_duplicate,unresolved_pending_outside_read,exclude_duplicate,none,duplicate_reporting_excluded,evidence_only,none,no_reliable_value_after_search,Episode role assigned independently for total and low-income units.
UNITQ_DEV_WAA19900085,DEV_WAA19900085,WAA19900085,candidate_representative,unresolved_pending_outside_read,select_representative,reconciled_episode,selected_reporting_representative,evidence_only,none,no_reliable_value_after_search,Episode role assigned independently for total and low-income units.
UNITQ_DEV_WAA19900085,DEV_WAA19900085,WAA19909010,candidate_duplicate,unresolved_pending_outside_read,exclude_duplicate,none,duplicate_reporting_excluded,evidence_only,none,no_reliable_value_after_search,Episode role assigned independently for total and low-income units.
UNITQ_DEV_WAA19920070,DEV_WAA19920070,WAA19920070,candidate_representative,candidate_representative,select_representative,reconciled_episode,selected_reporting_representative,select_representative,reconciled_episode,selected_reporting_representative,Episode role assigned independently for total and low-income units.
UNITQ_DEV_WAA19920070,DEV_WAA19920070,WAA19999025,candidate_duplicate,candidate_duplicate,exclude_duplicate,none,duplicate_reporting_excluded,exclude_duplicate,none,duplicate_reporting_excluded,Episode role assigned independently for total and low-income units.
UNITQ_DEV_WAA19920095,DEV_WAA19920095,WAA19920095,candidate_representative,candidate_representative,select_representative,reconciled_episode,selected_reporting_representative,select_representative,reconciled_episode,selected_reporting_representative,Episode role assigned independently for total and low-income units.
UNITQ_DEV_WAA19920095,DEV_WAA19920095,WAA19929116,candidate_duplicate,candidate_duplicate,exclude_duplicate,none,duplicate_reporting_excluded,exclude_duplicate,none,duplicate_reporting_excluded,Episode role assigned independently for total and low-income units.
UNITQ_DEV_WAA19940065,DEV_WAA19940065,WAA19940065,unresolved_pending_outside_read,unresolved_pending_outside_read,evidence_only,none,no_reliable_value_after_search,evidence_only,none,no_reliable_value_after_search,Episode role assigned independently for total and low-income units.
UNITQ_DEV_WAA19940065,DEV_WAA19940065,WAA19949036,unresolved_pending_outside_read,unresolved_pending_outside_read,evidence_only,none,no_reliable_value_after_search,evidence_only,none,no_reliable_value_after_search,Episode role assigned independently for total and low-income units.
UNITQ_DEV_WAA19940100,DEV_WAA19940100,WAA19940100,candidate_representative,unresolved_pending_outside_read,select_representative,reconciled_episode,selected_reporting_representative,evidence_only,none,no_reliable_value_after_search,Episode role assigned independently for total and low-income units.
UNITQ_DEV_WAA19940100,DEV_WAA19940100,WAA19959055,candidate_duplicate,unresolved_pending_outside_read,exclude_duplicate,none,duplicate_reporting_excluded,evidence_only,none,no_reliable_value_after_search,Episode role assigned independently for total and low-income units.
UNITQ_DEV_WAA19940125,DEV_WAA19940125,WAA19940125,unresolved_pending_outside_read,unresolved_pending_outside_read,evidence_only,none,no_reliable_value_after_search,evidence_only,none,no_reliable_value_after_search,Episode role assigned independently for total and low-income units.
UNITQ_DEV_WAA19940125,DEV_WAA19940125,WAA20009030,unresolved_pending_outside_read,unresolved_pending_outside_read,evidence_only,none,no_reliable_value_after_search,evidence_only,none,no_reliable_value_after_search,Episode role assigned independently for total and low-income units.
UNITQ_DEV_WAA19940140,DEV_WAA19940140,WAA19940140,candidate_representative,candidate_representative,select_representative,reconciled_episode,selected_reporting_representative,select_representative,reconciled_episode,selected_reporting_representative,Episode role assigned independently for total and low-income units.
UNITQ_DEV_WAA19940140,DEV_WAA19940140,WAA19949156,candidate_duplicate,candidate_duplicate,exclude_duplicate,none,duplicate_reporting_excluded,exclude_duplicate,none,duplicate_reporting_excluded,Episode role assigned independently for total and low-income units.
UNITQ_DEV_WAA19950085,DEV_WAA19950085,WAA19950085,unresolved_pending_outside_read,unresolved_pending_outside_read,evidence_only,none,no_reliable_value_after_search,evidence_only,none,no_reliable_value_after_search,Episode role assigned independently for total and low-income units.
UNITQ_DEV_WAA19950085,DEV_WAA19950085,WAA20019021,unresolved_pending_outside_read,unresolved_pending_outside_read,evidence_only,none,no_reliable_value_after_search,evidence_only,none,no_reliable_value_after_search,Episode role assigned independently for total and low-income units.
UNITQ_DEV_WAA19950105,DEV_WAA19950105,WAA19950105,candidate_representative,unresolved_pending_outside_read,select_representative,reconciled_episode,selected_reporting_representative,evidence_only,none,no_reliable_value_after_search,Episode role assigned independently for total and low-income units.
UNITQ_DEV_WAA19950105,DEV_WAA19950105,WAA19959040,candidate_duplicate,unresolved_pending_outside_read,exclude_duplicate,none,duplicate_reporting_excluded,evidence_only,none,no_reliable_value_after_search,Episode role assigned independently for total and low-income units.
UNITQ_DEV_WAA19950145,DEV_WAA19950145,WAA19950145,candidate_representative,unresolved_pending_outside_read,select_representative,reconciled_episode,selected_reporting_representative,evidence_only,none,no_reliable_value_after_search,Episode role assigned independently for total and low-income units.
UNITQ_DEV_WAA19950145,DEV_WAA19950145,WAA19959034,candidate_duplicate,unresolved_pending_outside_read,exclude_duplicate,none,duplicate_reporting_excluded,evidence_only,none,no_reliable_value_after_search,Episode role assigned independently for total and low-income units.
UNITQ_DEV_WAA19960035,DEV_WAA19960035,WAA19960035,candidate_representative,unresolved_pending_outside_read,select_representative,reconciled_episode,selected_reporting_representative,evidence_only,none,no_reliable_value_after_search,Episode role assigned independently for total and low-income units.
UNITQ_DEV_WAA19960035,DEV_WAA19960035,WAA20133013,candidate_duplicate,unresolved_pending_outside_read,exclude_duplicate,none,duplicate_reporting_excluded,evidence_only,none,no_reliable_value_after_search,Episode role assigned independently for total and low-income units.
UNITQ_DEV_WAA19960055,DEV_WAA19960055,WAA19960055,candidate_representative,candidate_representative,select_representative,reconciled_episode,selected_reporting_representative,select_representative,reconciled_episode,selected_reporting_representative,Episode role assigned independently for total and low-income units.
UNITQ_DEV_WAA19960055,DEV_WAA19960055,WAA19969201,candidate_duplicate,candidate_duplicate,exclude_duplicate,none,duplicate_reporting_excluded,exclude_duplicate,none,duplicate_reporting_excluded,Episode role assigned independently for total and low-income units.
UNITQ_DEV_WAA19960135,DEV_WAA19960135,WAA19960135,candidate_representative,candidate_representative,select_representative,reconciled_episode,selected_reporting_representative,select_representative,reconciled_episode,selected_reporting_representative,Episode role assigned independently for total and low-income units.
UNITQ_DEV_WAA19960135,DEV_WAA19960135,WAA19979246,candidate_duplicate,candidate_duplicate,exclude_duplicate,none,duplicate_reporting_excluded,exclude_duplicate,none,duplicate_reporting_excluded,Episode role assigned independently for total and low-income units.
UNITQ_DEV_WAA19979021,DEV_WAA19979021,WAA19979021,unresolved_pending_outside_read,unresolved_pending_outside_read,evidence_only,none,no_reliable_value_after_search,evidence_only,none,no_reliable_value_after_search,Episode role assigned independently for total and low-income units.
UNITQ_DEV_WAA19979021,DEV_WAA19979021,WAA19979056,unresolved_pending_outside_read,unresolved_pending_outside_read,evidence_only,none,no_reliable_value_after_search,evidence_only,none,no_reliable_value_after_search,Episode role assigned independently for total and low-income units.
UNITQ_DEV_WAA19980005,DEV_WAA19980005,WAA19980005,candidate_representative,candidate_representative,select_representative,reconciled_episode,selected_reporting_representative,select_representative,reconciled_episode,selected_reporting_representative,Episode role assigned independently for total and low-income units.
UNITQ_DEV_WAA19980005,DEV_WAA19980005,WAA19989246,candidate_duplicate,candidate_duplicate,exclude_duplicate,none,duplicate_reporting_excluded,exclude_duplicate,none,duplicate_reporting_excluded,Episode role assigned independently for total and low-income units.
UNITQ_DEV_WAA19990090,DEV_WAA19990090,WAA19990090,candidate_representative,candidate_representative,select_representative,reconciled_episode,selected_reporting_representative,select_representative,reconciled_episode,selected_reporting_representative,Episode role assigned independently for total and low-income units.
UNITQ_DEV_WAA19990090,DEV_WAA19990090,WAA19999501,candidate_duplicate,candidate_duplicate,exclude_duplicate,none,duplicate_reporting_excluded,exclude_duplicate,none,duplicate_reporting_excluded,Episode role assigned independently for total and low-income units.
UNITQ_DEV_WAA19990215,DEV_WAA19990215,WAA19990215,unresolved_pending_outside_read,unresolved_pending_outside_read,evidence_only,none,no_reliable_value_after_search,evidence_only,none,no_reliable_value_after_search,Episode role assigned independently for total and low-income units.
UNITQ_DEV_WAA19990215,DEV_WAA19990215,WAA19999073,unresolved_pending_outside_read,unresolved_pending_outside_read,evidence_only,none,no_reliable_value_after_search,evidence_only,none,no_reliable_value_after_search,Episode role assigned independently for total and low-income units.
UNITQ_DEV_WAA20000140,DEV_WAA20000140,WAA20000140,candidate_representative,unresolved_pending_outside_read,select_representative,reconciled_episode,selected_reporting_representative,evidence_only,none,no_reliable_value_after_search,Episode role assigned independently for total and low-income units.
UNITQ_DEV_WAA20000140,DEV_WAA20000140,WAA20170065,candidate_duplicate,unresolved_pending_outside_read,exclude_duplicate,none,duplicate_reporting_excluded,evidence_only,none,no_reliable_value_after_search,Episode role assigned independently for total and low-income units.
UNITQ_DEV_WAA20010095,DEV_WAA20010095,WAA20010095,candidate_representative,candidate_representative,select_representative,reconciled_episode,selected_reporting_representative,select_representative,reconciled_episode,selected_reporting_representative,Episode role assigned independently for total and low-income units.
UNITQ_DEV_WAA20010095,DEV_WAA20010095,WAA20019049,candidate_duplicate,candidate_duplicate,exclude_duplicate,none,duplicate_reporting_excluded,exclude_duplicate,none,duplicate_reporting_excluded,Episode role assigned independently for total and low-income units.
UNITQ_DEV_WAA20010180,DEV_WAA20010180,WAA20010180,candidate_representative,unresolved_pending_outside_read,select_representative,reconciled_episode,selected_reporting_representative,evidence_only,none,no_reliable_value_after_search,Episode role assigned independently for total and low-income units.
UNITQ_DEV_WAA20010180,DEV_WAA20010180,WAA20170071,candidate_duplicate,unresolved_pending_outside_read,exclude_duplicate,none,duplicate_reporting_excluded,evidence_only,none,no_reliable_value_after_search,Episode role assigned independently for total and low-income units.
UNITQ_DEV_WAA20030205,DEV_WAA20030205,WAA20030205,unresolved_pending_outside_read,unresolved_pending_outside_read,evidence_only,none,no_reliable_value_after_search,evidence_only,none,no_reliable_value_after_search,Episode role assigned independently for total and low-income units.
UNITQ_DEV_WAA20030205,DEV_WAA20030205,WAA20039041,unresolved_pending_outside_read,unresolved_pending_outside_read,evidence_only,none,no_reliable_value_after_search,evidence_only,none,no_reliable_value_after_search,Episode role assigned independently for total and low-income units.
UNITQ_DEV_WAA20030220,DEV_WAA20030220,WAA20030220,unresolved_pending_outside_read,unresolved_pending_outside_read,evidence_only,none,no_reliable_value_after_search,evidence_only,none,no_reliable_value_after_search,Episode role assigned independently for total and low-income units.
UNITQ_DEV_WAA20030220,DEV_WAA20030220,WAA20039013,unresolved_pending_outside_read,unresolved_pending_outside_read,evidence_only,none,no_reliable_value_after_search,evidence_only,none,no_reliable_value_after_search,Episode role assigned independently for total and low-income units.
UNITQ_DEV_WAA20039034,DEV_WAA20039034,WAA20039034,candidate_representative,unresolved_pending_outside_read,select_representative,reconciled_episode,selected_reporting_representative,evidence_only,none,no_reliable_value_after_search,Episode role assigned independently for total and low-income units.
UNITQ_DEV_WAA20039034,DEV_WAA20039034,WAA20040230,candidate_duplicate,unresolved_pending_outside_read,exclude_duplicate,none,duplicate_reporting_excluded,evidence_only,none,no_reliable_value_after_search,Episode role assigned independently for total and low-income units.
UNITQ_DEV_WAA20040030,DEV_WAA20040030,WAA20040030,unresolved_pending_outside_read,unresolved_pending_outside_read,evidence_only,none,no_reliable_value_after_search,evidence_only,none,no_reliable_value_after_search,Episode role assigned independently for total and low-income units.
UNITQ_DEV_WAA20040030,DEV_WAA20040030,WAA20059048,unresolved_pending_outside_read,unresolved_pending_outside_read,evidence_only,none,no_reliable_value_after_search,evidence_only,none,no_reliable_value_after_search,Episode role assigned independently for total and low-income units.
UNITQ_DEV_WAA20040035,DEV_WAA20040035,WAA20040035,unresolved_pending_outside_read,unresolved_pending_outside_read,evidence_only,none,no_reliable_value_after_search,evidence_only,none,no_reliable_value_after_search,Episode role assigned independently for total and low-income units.
UNITQ_DEV_WAA20040035,DEV_WAA20040035,WAA20049008,unresolved_pending_outside_read,unresolved_pending_outside_read,evidence_only,none,no_reliable_value_after_search,evidence_only,none,no_reliable_value_after_search,Episode role assigned independently for total and low-income units.
UNITQ_DEV_WAA20040070,DEV_WAA20040070,WAA20040070,unresolved_pending_outside_read,unresolved_pending_outside_read,evidence_only,none,no_reliable_value_after_search,evidence_only,none,no_reliable_value_after_search,Episode role assigned independently for total and low-income units.
UNITQ_DEV_WAA20040070,DEV_WAA20040070,WAA20049015,unresolved_pending_outside_read,unresolved_pending_outside_read,evidence_only,none,no_reliable_value_after_search,evidence_only,none,no_reliable_value_after_search,Episode role assigned independently for total and low-income units.
UNITQ_DEV_WAA20040095,DEV_WAA20040095,WAA20040095,unresolved_pending_outside_read,unresolved_pending_outside_read,evidence_only,none,no_reliable_value_after_search,evidence_only,none,no_reliable_value_after_search,Episode role assigned independently for total and low-income units.
UNITQ_DEV_WAA20040095,DEV_WAA20040095,WAA20059054,unresolved_pending_outside_read,unresolved_pending_outside_read,evidence_only,none,no_reliable_value_after_search,evidence_only,none,no_reliable_value_after_search,Episode role assigned independently for total and low-income units.
UNITQ_DEV_WAA20040120,DEV_WAA20040120,WAA20040120,candidate_representative,candidate_representative,select_representative,reconciled_episode,selected_reporting_representative,select_representative,reconciled_episode,selected_reporting_representative,Episode role assigned independently for total and low-income units.
UNITQ_DEV_WAA20040120,DEV_WAA20040120,WAA20059062,candidate_duplicate,candidate_duplicate,exclude_duplicate,none,duplicate_reporting_excluded,exclude_duplicate,none,duplicate_reporting_excluded,Episode role assigned independently for total and low-income units.
UNITQ_DEV_WAA20040200,DEV_WAA20040200,WAA20040200,unresolved_pending_outside_read,unresolved_pending_outside_read,evidence_only,none,no_reliable_value_after_search,evidence_only,none,no_reliable_value_after_search,Episode role assigned independently for total and low-income units.
UNITQ_DEV_WAA20040200,DEV_WAA20040200,WAA20049039,unresolved_pending_outside_read,unresolved_pending_outside_read,evidence_only,none,no_reliable_value_after_search,evidence_only,none,no_reliable_value_after_search,Episode role assigned independently for total and low-income units.
UNITQ_DEV_WAA20060125,DEV_WAA20060125,WAA20060125,candidate_representative,candidate_representative,select_representative,reconciled_episode,selected_reporting_representative,select_representative,reconciled_episode,selected_reporting_representative,Episode role assigned independently for total and low-income units.
UNITQ_DEV_WAA20060125,DEV_WAA20060125,WAA20069362,candidate_duplicate,candidate_duplicate,exclude_duplicate,none,duplicate_reporting_excluded,exclude_duplicate,none,duplicate_reporting_excluded,Episode role assigned independently for total and low-income units.
UNITQ_DEV_WAA20060155,DEV_WAA20060155,WAA20060155,unresolved_pending_outside_read,candidate_representative,evidence_only,none,no_reliable_value_after_search,select_representative,reconciled_episode,selected_reporting_representative,Episode role assigned independently for total and low-income units.
UNITQ_DEV_WAA20060155,DEV_WAA20060155,WAA20069031,unresolved_pending_outside_read,candidate_duplicate,evidence_only,none,no_reliable_value_after_search,exclude_duplicate,none,duplicate_reporting_excluded,Episode role assigned independently for total and low-income units.
UNITQ_DEV_WAA20060160,DEV_WAA20060160,WAA20060160,unresolved_pending_outside_read,unresolved_pending_outside_read,evidence_only,none,no_reliable_value_after_search,evidence_only,none,no_reliable_value_after_search,Episode role assigned independently for total and low-income units.
UNITQ_DEV_WAA20060160,DEV_WAA20060160,WAA20079114,unresolved_pending_outside_read,unresolved_pending_outside_read,evidence_only,none,no_reliable_value_after_search,evidence_only,none,no_reliable_value_after_search,Episode role assigned independently for total and low-income units.
UNITQ_DEV_WAA20060195,DEV_WAA20060195,WAA20060195,unresolved_pending_outside_read,unresolved_pending_outside_read,evidence_only,none,no_reliable_value_after_search,evidence_only,none,no_reliable_value_after_search,Episode role assigned independently for total and low-income units.
UNITQ_DEV_WAA20060195,DEV_WAA20060195,WAA20079129,unresolved_pending_outside_read,unresolved_pending_outside_read,evidence_only,none,no_reliable_value_after_search,evidence_only,none,no_reliable_value_after_search,Episode role assigned independently for total and low-income units.
UNITQ_DEV_WAA20070160,DEV_WAA20070160,WAA20070160,candidate_representative,unresolved_pending_outside_read,select_representative,reconciled_episode,selected_reporting_representative,evidence_only,none,no_reliable_value_after_search,Episode role assigned independently for total and low-income units.
UNITQ_DEV_WAA20070160,DEV_WAA20070160,WAA20079032,candidate_duplicate,unresolved_pending_outside_read,exclude_duplicate,none,duplicate_reporting_excluded,evidence_only,none,no_reliable_value_after_search,Episode role assigned independently for total and low-income units.
UNITQ_DEV_WAA20070270,DEV_WAA20070270,WAA20070270,unresolved_pending_outside_read,unresolved_pending_outside_read,evidence_only,none,no_reliable_value_after_search,evidence_only,none,no_reliable_value_after_search,Episode role assigned independently for total and low-income units.
UNITQ_DEV_WAA20070270,DEV_WAA20070270,WAA20079051,unresolved_pending_outside_read,unresolved_pending_outside_read,evidence_only,none,no_reliable_value_after_search,evidence_only,none,no_reliable_value_after_search,Episode role assigned independently for total and low-income units.
UNITQ_DEV_WAA20080040,DEV_WAA20080040,WAA00000053,unresolved_pending_outside_read,unresolved_pending_outside_read,evidence_only,none,no_reliable_value_after_search,evidence_only,none,no_reliable_value_after_search,Episode role assigned independently for total and low-income units.
UNITQ_DEV_WAA20080040,DEV_WAA20080040,WAA20080040,unresolved_pending_outside_read,unresolved_pending_outside_read,evidence_only,none,no_reliable_value_after_search,evidence_only,none,no_reliable_value_after_search,Episode role assigned independently for total and low-income units.
UNITQ_DEV_WAA20090015,DEV_WAA20090015,WAA20090015,unresolved_pending_outside_read,unresolved_pending_outside_read,evidence_only,none,no_reliable_value_after_search,evidence_only,none,no_reliable_value_after_search,Episode role assigned independently for total and low-income units.
UNITQ_DEV_WAA20090015,DEV_WAA20090015,WAA20097003,unresolved_pending_outside_read,unresolved_pending_outside_read,evidence_only,none,no_reliable_value_after_search,evidence_only,none,no_reliable_value_after_search,Episode role assigned independently for total and low-income units.
UNITQ_DEV_WAA20090804,DEV_WAA20090804,WAA20090804,unresolved_pending_outside_read,unresolved_pending_outside_read,evidence_only,none,no_reliable_value_after_search,evidence_only,none,no_reliable_value_after_search,Episode role assigned independently for total and low-income units.
UNITQ_DEV_WAA20090804,DEV_WAA20090804,WAA20109011,unresolved_pending_outside_read,unresolved_pending_outside_read,evidence_only,none,no_reliable_value_after_search,evidence_only,none,no_reliable_value_after_search,Episode role assigned independently for total and low-income units.
UNITQ_DEV_WAA20100811,DEV_WAA20100811,WAA20100811,candidate_representative,unresolved_pending_outside_read,select_representative,reconciled_episode,selected_reporting_representative,evidence_only,none,no_reliable_value_after_search,Episode role assigned independently for total and low-income units.
UNITQ_DEV_WAA20100811,DEV_WAA20100811,WAA20106005,candidate_duplicate,unresolved_pending_outside_read,exclude_duplicate,none,duplicate_reporting_excluded,evidence_only,none,no_reliable_value_after_search,Episode role assigned independently for total and low-income units.
UNITQ_DEV_WAA20110804,DEV_WAA20110804,WAA20110804,unresolved_pending_outside_read,candidate_representative,evidence_only,none,no_reliable_value_after_search,select_representative,reconciled_episode,selected_reporting_representative,Episode role assigned independently for total and low-income units.
UNITQ_DEV_WAA20110804,DEV_WAA20110804,WAA20128014,unresolved_pending_outside_read,candidate_duplicate,evidence_only,none,no_reliable_value_after_search,exclude_duplicate,none,duplicate_reporting_excluded,Episode role assigned independently for total and low-income units.
UNITQ_DEV_WAA20110812,DEV_WAA20110812,WAA20110812,candidate_representative,unresolved_pending_outside_read,select_representative,reconciled_episode,selected_reporting_representative,evidence_only,none,no_reliable_value_after_search,Episode role assigned independently for total and low-income units.
UNITQ_DEV_WAA20110812,DEV_WAA20110812,WAA20115025,candidate_duplicate,unresolved_pending_outside_read,exclude_duplicate,none,duplicate_reporting_excluded,evidence_only,none,no_reliable_value_after_search,Episode role assigned independently for total and low-income units.
UNITQ_DEV_WAA20110833,DEV_WAA20110833,WAA20110833,unresolved_pending_outside_read,unresolved_pending_outside_read,evidence_only,none,no_reliable_value_after_search,evidence_only,none,no_reliable_value_after_search,Episode role assigned independently for total and low-income units.
UNITQ_DEV_WAA20110833,DEV_WAA20110833,WAA20128013,unresolved_pending_outside_read,unresolved_pending_outside_read,evidence_only,none,no_reliable_value_after_search,evidence_only,none,no_reliable_value_after_search,Episode role assigned independently for total and low-income units.
UNITQ_DEV_WAA20120821,DEV_WAA20120821,WAA20120821,candidate_representative,candidate_representative,select_representative,reconciled_episode,selected_reporting_representative,select_representative,reconciled_episode,selected_reporting_representative,Episode role assigned independently for total and low-income units.
UNITQ_DEV_WAA20120821,DEV_WAA20120821,WAA20129822,candidate_duplicate,candidate_duplicate,exclude_duplicate,none,duplicate_reporting_excluded,exclude_duplicate,none,duplicate_reporting_excluded,Episode role assigned independently for total and low-income units.
UNITQ_DEV_WAA20125001,DEV_WAA20125001,WAA20125001,candidate_representative,candidate_representative,select_representative,reconciled_episode,selected_reporting_representative,select_representative,reconciled_episode,selected_reporting_representative,Episode role assigned independently for total and low-income units.
UNITQ_DEV_WAA20125001,DEV_WAA20125001,WAA20130021,candidate_duplicate,candidate_duplicate,exclude_duplicate,none,duplicate_reporting_excluded,exclude_duplicate,none,duplicate_reporting_excluded,Episode role assigned independently for total and low-income units.
UNITQ_DEV_WAA20130026,DEV_WAA20130026,WAA20130026,candidate_representative,candidate_representative,select_representative,reconciled_episode,selected_reporting_representative,select_representative,reconciled_episode,selected_reporting_representative,Episode role assigned independently for total and low-income units.
UNITQ_DEV_WAA20130026,DEV_WAA20130026,WAA20146019,candidate_duplicate,candidate_duplicate,exclude_duplicate,none,duplicate_reporting_excluded,exclude_duplicate,none,duplicate_reporting_excluded,Episode role assigned independently for total and low-income units.
UNITQ_DEV_WAA20130036,DEV_WAA20130036,WAA20130036,evidence_only,evidence_only,evidence_only,none,external_value_not_episode_allocated,evidence_only,none,external_value_not_episode_allocated,Episode role assigned independently for total and low-income units.
UNITQ_DEV_WAA20130036,DEV_WAA20130036,WAA20134034,evidence_only,evidence_only,evidence_only,none,external_value_not_episode_allocated,evidence_only,none,external_value_not_episode_allocated,Episode role assigned independently for total and low-income units.
UNITQ_DEV_WAA20130989,DEV_WAA20130989,WAA20130989,unresolved_pending_outside_read,unresolved_pending_outside_read,evidence_only,none,no_reliable_value_after_search,evidence_only,none,no_reliable_value_after_search,Episode role assigned independently for total and low-income units.
UNITQ_DEV_WAA20130989,DEV_WAA20130989,WAA20134029,unresolved_pending_outside_read,unresolved_pending_outside_read,evidence_only,none,no_reliable_value_after_search,evidence_only,none,no_reliable_value_after_search,Episode role assigned independently for total and low-income units.
UNITQ_DEV_WAA20140035,DEV_WAA20140035,WAA20140035,candidate_representative,unresolved_pending_outside_read,select_representative,reconciled_episode,selected_reporting_representative,evidence_only,none,no_reliable_value_after_search,Episode role assigned independently for total and low-income units.
UNITQ_DEV_WAA20140035,DEV_WAA20140035,WAA20143014,candidate_duplicate,unresolved_pending_outside_read,exclude_duplicate,none,duplicate_reporting_excluded,evidence_only,none,no_reliable_value_after_search,Episode role assigned independently for total and low-income units.
UNITQ_DEV_WAA20140980,DEV_WAA20140980,WAA20140980,unresolved_pending_outside_read,unresolved_pending_outside_read,evidence_only,none,no_reliable_value_after_search,evidence_only,none,no_reliable_value_after_search,Episode role assigned independently for total and low-income units.
UNITQ_DEV_WAA20140980,DEV_WAA20140980,WAA20155005,unresolved_pending_outside_read,unresolved_pending_outside_read,evidence_only,none,no_reliable_value_after_search,evidence_only,none,no_reliable_value_after_search,Episode role assigned independently for total and low-income units.
UNITQ_DEV_WAA20140989,DEV_WAA20140989,WAA20140989,unresolved_pending_outside_read,unresolved_pending_outside_read,evidence_only,none,no_reliable_value_after_search,evidence_only,none,no_reliable_value_after_search,Episode role assigned independently for total and low-income units.
UNITQ_DEV_WAA20140989,DEV_WAA20140989,WAA20143016,unresolved_pending_outside_read,unresolved_pending_outside_read,evidence_only,none,no_reliable_value_after_search,evidence_only,none,no_reliable_value_after_search,Episode role assigned independently for total and low-income units.
UNITQ_DEV_WAA20146013,DEV_WAA20146013,WAA00000281,unresolved_pending_outside_read,unresolved_pending_outside_read,evidence_only,none,no_reliable_value_after_search,evidence_only,none,no_reliable_value_after_search,Episode role assigned independently for total and low-income units.
UNITQ_DEV_WAA20146013,DEV_WAA20146013,WAA20146013,unresolved_pending_outside_read,unresolved_pending_outside_read,evidence_only,none,no_reliable_value_after_search,evidence_only,none,no_reliable_value_after_search,Episode role assigned independently for total and low-income units.
UNITQ_DEV_WAA20180004,DEV_WAA20180004,WAA20180004,evidence_only,unresolved_pending_outside_read,evidence_only,none,external_value_not_episode_allocated,evidence_only,none,no_reliable_value_after_search,Episode role assigned independently for total and low-income units.
UNITQ_DEV_WAA20180004,DEV_WAA20180004,WAA20180005,evidence_only,unresolved_pending_outside_read,evidence_only,none,external_value_not_episode_allocated,evidence_only,none,no_reliable_value_after_search,Episode role assigned independently for total and low-income units.
UNITQ_DEV_WAA20220005,DEV_WAA20220005,WAA20220005,candidate_component,candidate_component,include_component,reconciled_episode,distinct_component_included,include_component,reconciled_episode,distinct_component_included,Episode role assigned independently for total and low-income units.
UNITQ_DEV_WAA20220005,DEV_WAA20220005,WAA20220006,candidate_component,candidate_component,include_component,reconciled_episode,distinct_component_included,include_component,reconciled_episode,distinct_component_included,Episode role assigned independently for total and low-income units.
UNITQ_DEV_WIA19930110,DEV_WIA19930110,WIA19930110,unresolved_pending_outside_read,unresolved_pending_outside_read,evidence_only,none,no_reliable_value_after_search,evidence_only,none,no_reliable_value_after_search,Episode role assigned independently for total and low-income units.
UNITQ_DEV_WIA19930110,DEV_WIA19930110,WIA19960090,unresolved_pending_outside_read,unresolved_pending_outside_read,evidence_only,none,no_reliable_value_after_search,evidence_only,none,no_reliable_value_after_search,Episode role assigned independently for total and low-income units.
UNITQ_DEV_WIA19930110,DEV_WIA19930110,WIA19970105,unresolved_pending_outside_read,unresolved_pending_outside_read,evidence_only,none,no_reliable_value_after_search,evidence_only,none,no_reliable_value_after_search,Episode role assigned independently for total and low-income units.
UNITQ_DEV_WIA19930110,DEV_WIA19930110,WIA19980115,unresolved_pending_outside_read,unresolved_pending_outside_read,evidence_only,none,no_reliable_value_after_search,evidence_only,none,no_reliable_value_after_search,Episode role assigned independently for total and low-income units.
UNITQ_DEV_WIA19930110,DEV_WIA19930110,WIA20020110,unresolved_pending_outside_read,unresolved_pending_outside_read,evidence_only,none,no_reliable_value_after_search,evidence_only,none,no_reliable_value_after_search,Episode role assigned independently for total and low-income units.
UNITQ_DEV_WIA19930115,DEV_WIA19930115,WIA19930115,candidate_component,candidate_component,include_component,reconciled_episode,distinct_component_included,include_component,reconciled_episode,distinct_component_included,Episode role assigned independently for total and low-income units.
UNITQ_DEV_WIA19930115,DEV_WIA19930115,WIA19930120,candidate_component,candidate_component,include_component,reconciled_episode,distinct_component_included,include_component,reconciled_episode,distinct_component_included,Episode role assigned independently for total and low-income units.
UNITQ_DEV_WIA19960145,DEV_WIA19960145,WIA19960145,candidate_representative,unresolved_pending_outside_read,select_representative,reconciled_episode,selected_reporting_representative,evidence_only,none,no_reliable_value_after_search,Episode role assigned independently for total and low-income units.
UNITQ_DEV_WIA19960145,DEV_WIA19960145,WIA20141016,candidate_duplicate,unresolved_pending_outside_read,exclude_duplicate,none,duplicate_reporting_excluded,evidence_only,none,no_reliable_value_after_search,Episode role assigned independently for total and low-income units.
UNITQ_DEV_WIA20060045,DEV_WIA20060045,WIA20060045,unresolved_pending_outside_read,unresolved_pending_outside_read,evidence_only,none,no_reliable_value_after_search,evidence_only,none,no_reliable_value_after_search,Episode role assigned independently for total and low-income units.
UNITQ_DEV_WIA20060045,DEV_WIA20060045,WIA20069107,unresolved_pending_outside_read,unresolved_pending_outside_read,evidence_only,none,no_reliable_value_after_search,evidence_only,none,no_reliable_value_after_search,Episode role assigned independently for total and low-income units.
UNITQ_DEV_WIA20110802,DEV_WIA20110802,WIA20110802,candidate_representative,candidate_representative,select_representative,reconciled_episode,selected_reporting_representative,select_representative,reconciled_episode,selected_reporting_representative,Episode role assigned independently for total and low-income units.
UNITQ_DEV_WIA20110802,DEV_WIA20110802,WIA20114001,candidate_duplicate,candidate_duplicate,exclude_duplicate,none,duplicate_reporting_excluded,exclude_duplicate,none,duplicate_reporting_excluded,Episode role assigned independently for total and low-income units.
UNITQ_DEV_WIA20152013,DEV_WIA20152013,WIA20152013,unresolved_pending_outside_read,unresolved_pending_outside_read,evidence_only,none,no_reliable_value_after_search,evidence_only,none,no_reliable_value_after_search,Episode role assigned independently for total and low-income units.
UNITQ_DEV_WIA20152013,DEV_WIA20152013,WIA20152014,unresolved_pending_outside_read,unresolved_pending_outside_read,evidence_only,none,no_reliable_value_after_search,evidence_only,none,no_reliable_value_after_search,Episode role assigned independently for total and low-income units.
UNITQ_DEV_WVA19889171,DEV_WVA19889171,WVA19889171,candidate_representative,candidate_representative,select_representative,reconciled_episode,selected_reporting_representative,select_representative,reconciled_episode,selected_reporting_representative,Episode role assigned independently for total and low-income units.
UNITQ_DEV_WVA19889171,DEV_WVA19889171,WVA20190010,candidate_duplicate,candidate_duplicate,exclude_duplicate,none,duplicate_reporting_excluded,exclude_duplicate,none,duplicate_reporting_excluded,Episode role assigned independently for total and low-income units.
UNITQ_DEV_WVA19970060,DEV_WVA19970060,WVA19970060,candidate_representative,unresolved_pending_outside_read,select_representative,reconciled_episode,selected_reporting_representative,evidence_only,none,no_reliable_value_after_search,Episode role assigned independently for total and low-income units.
UNITQ_DEV_WVA19970060,DEV_WVA19970060,WVA20170007,candidate_duplicate,unresolved_pending_outside_read,exclude_duplicate,none,duplicate_reporting_excluded,evidence_only,none,no_reliable_value_after_search,Episode role assigned independently for total and low-income units.
UNITQ_DEV_CTA0000X001,DEV_CTA0000X001,CTA0000X001,unresolved_pending_outside_read,unresolved_pending_outside_read,evidence_only,none,external_value_not_episode_allocated,evidence_only,none,external_value_not_episode_allocated,The source episode is retained as evidence; final development value comes from an exact direct source and is not allocated to this incomplete HUD episode.
UNITQ_DEV_CTA0000X002,DEV_CTA0000X002,CTA0000X002,unresolved_pending_outside_read,unresolved_pending_outside_read,evidence_only,none,external_value_not_episode_allocated,evidence_only,none,external_value_not_episode_allocated,The source episode is retained as evidence; final development value comes from an exact direct source and is not allocated to this incomplete HUD episode.
UNITQ_DEV_CTA0000X003,DEV_CTA0000X003,CTA0000X003,unresolved_pending_outside_read,unresolved_pending_outside_read,evidence_only,none,no_reliable_value_after_search,evidence_only,none,no_reliable_value_after_search,The source episode is retained as evidence; no episode field contributes to the final development-level count.
UNITQ_DEV_CTA0000X004,DEV_CTA0000X004,CTA0000X004,unresolved_pending_outside_read,unresolved_pending_outside_read,evidence_only,none,no_reliable_value_after_search,evidence_only,none,no_reliable_value_after_search,The source episode is retained as evidence; no episode field contributes to the final development-level count.
UNITQ_DEV_CTA0000X005,DEV_CTA0000X005,CTA0000X005,unresolved_pending_outside_read,unresolved_pending_outside_read,evidence_only,none,external_value_not_episode_allocated,evidence_only,none,no_reliable_value_after_search,The source episode is retained as evidence; final development value comes from an exact direct source and is not allocated to this incomplete HUD episode.
UNITQ_DEV_CTA0000X006,DEV_CTA0000X006,CTA0000X006,unresolved_pending_outside_read,unresolved_pending_outside_read,evidence_only,none,external_value_not_episode_allocated,evidence_only,none,external_value_not_episode_allocated,The source episode is retained as evidence; final development value comes from an exact direct source and is not allocated to this incomplete HUD episode.
UNITQ_DEV_CTA0000X007,DEV_CTA0000X007,CTA0000X007,unresolved_pending_outside_read,unresolved_pending_outside_read,evidence_only,none,no_reliable_value_after_search,evidence_only,none,no_reliable_value_after_search,The source episode is retained as evidence; no episode field contributes to the final development-level count.
UNITQ_DEV_CTA0000X008,DEV_CTA0000X008,CTA0000X008,unresolved_pending_outside_read,unresolved_pending_outside_read,evidence_only,none,no_reliable_value_after_search,evidence_only,none,no_reliable_value_after_search,The source episode is retained as evidence; no episode field contributes to the final development-level count.
UNITQ_DEV_CTA0000X009,DEV_CTA0000X009,CTA0000X009,unresolved_pending_outside_read,unresolved_pending_outside_read,evidence_only,none,external_value_not_episode_allocated,evidence_only,none,no_reliable_value_after_search,The source episode is retained as evidence; final development value comes from an exact direct source and is not allocated to this incomplete HUD episode.
UNITQ_DEV_CTA0000X010,DEV_CTA0000X010,CTA0000X010,unresolved_pending_outside_read,unresolved_pending_outside_read,evidence_only,none,external_value_not_episode_allocated,evidence_only,none,external_value_not_episode_allocated,The source episode is retained as evidence; final development value comes from an exact direct source and is not allocated to this incomplete HUD episode.
UNITQ_DEV_CTA0000X011,DEV_CTA0000X011,CTA0000X011,unresolved_pending_outside_read,unresolved_pending_outside_read,evidence_only,none,external_value_not_episode_allocated,evidence_only,none,external_value_not_episode_allocated,The source episode is retained as evidence; final development value comes from an exact direct source and is not allocated to this incomplete HUD episode.
UNITQ_DEV_CTA0000X012,DEV_CTA0000X012,CTA0000X012,unresolved_pending_outside_read,unresolved_pending_outside_read,evidence_only,none,external_value_not_episode_allocated,evidence_only,none,no_reliable_value_after_search,The source episode is retained as evidence; final development value comes from an exact direct source and is not allocated to this incomplete HUD episode.
UNITQ_DEV_CTA0000X013,DEV_CTA0000X013,CTA0000X013,unresolved_pending_outside_read,unresolved_pending_outside_read,evidence_only,none,no_reliable_value_after_search,evidence_only,none,no_reliable_value_after_search,The source episode is retained as evidence; no episode field contributes to the final development-level count.
UNITQ_DEV_CTA0000X015,DEV_CTA0000X015,CTA0000X015,unresolved_pending_outside_read,unresolved_pending_outside_read,evidence_only,none,no_reliable_value_after_search,evidence_only,none,external_value_not_episode_allocated,The source episode is retained as evidence; final development value comes from an exact direct source and is not allocated to this incomplete HUD episode.
UNITQ_DEV_CTA0000X016,DEV_CTA0000X016,CTA0000X016,unresolved_pending_outside_read,unresolved_pending_outside_read,evidence_only,none,external_value_not_episode_allocated,evidence_only,none,external_value_not_episode_allocated,The source episode is retained as evidence; final development value comes from an exact direct source and is not allocated to this incomplete HUD episode.
UNITQ_DEV_CTA0000X017,DEV_CTA0000X017,CTA0000X017,unresolved_pending_outside_read,unresolved_pending_outside_read,evidence_only,none,no_reliable_value_after_search,evidence_only,none,no_reliable_value_after_search,The source episode is retained as evidence; no episode field contributes to the final development-level count.
UNITQ_DEV_CTA0000X020,DEV_CTA0000X020,CTA0000X020,unresolved_pending_outside_read,unresolved_pending_outside_read,evidence_only,none,no_reliable_value_after_search,evidence_only,none,no_reliable_value_after_search,The source episode is retained as evidence; no episode field contributes to the final development-level count.
UNITQ_DEV_CTA0000X025,DEV_CTA0000X025,CTA0000X025,unresolved_pending_outside_read,unresolved_pending_outside_read,evidence_only,none,external_value_not_episode_allocated,evidence_only,none,no_reliable_value_after_search,The source episode is retained as evidence; final development value comes from an exact direct source and is not allocated to this incomplete HUD episode.
UNITQ_DEV_CTA0000X027,DEV_CTA0000X027,CTA0000X027,unresolved_pending_outside_read,unresolved_pending_outside_read,evidence_only,none,no_reliable_value_after_search,evidence_only,none,no_reliable_value_after_search,The source episode is retained as evidence; no episode field contributes to the final development-level count.
UNITQ_DEV_CTA0000X029,DEV_CTA0000X029,CTA0000X029,unresolved_pending_outside_read,unresolved_pending_outside_read,evidence_only,none,no_reliable_value_after_search,evidence_only,none,no_reliable_value_after_search,The source episode is retained as evidence; no episode field contributes to the final development-level count.
UNITQ_DEV_CTA0000X030,DEV_CTA0000X030,CTA0000X030,unresolved_pending_outside_read,unresolved_pending_outside_read,evidence_only,none,no_reliable_value_after_search,evidence_only,none,no_reliable_value_after_search,The source episode is retained as evidence; no episode field contributes to the final development-level count.
UNITQ_DEV_CTA0000X031,DEV_CTA0000X031,CTA0000X031,unresolved_pending_outside_read,unresolved_pending_outside_read,evidence_only,none,no_reliable_value_after_search,evidence_only,none,no_reliable_value_after_search,The source episode is retained as evidence; no episode field contributes to the final development-level count.
UNITQ_DEV_CTA0000X034,DEV_CTA0000X034,CTA0000X034,unresolved_pending_outside_read,unresolved_pending_outside_read,evidence_only,none,no_reliable_value_after_search,evidence_only,none,no_reliable_value_after_search,The source episode is retained as evidence; no episode field contributes to the final development-level count.
UNITQ_DEV_CTA0000X035,DEV_CTA0000X035,CTA0000X035,unresolved_pending_outside_read,unresolved_pending_outside_read,evidence_only,none,no_reliable_value_after_search,evidence_only,none,no_reliable_value_after_search,The source episode is retained as evidence; no episode field contributes to the final development-level count.
UNITQ_DEV_CTA0000X036,DEV_CTA0000X036,CTA0000X036,unresolved_pending_outside_read,unresolved_pending_outside_read,evidence_only,none,no_reliable_value_after_search,evidence_only,none,no_reliable_value_after_search,The source episode is retained as evidence; no episode field contributes to the final development-level count.
UNITQ_DEV_CTA0000X037,DEV_CTA0000X037,CTA0000X037,unresolved_pending_outside_read,unresolved_pending_outside_read,evidence_only,none,external_value_not_episode_allocated,evidence_only,none,no_reliable_value_after_search,The source episode is retained as evidence; final development value comes from an exact direct source and is not allocated to this incomplete HUD episode.
UNITQ_DEV_CTA0000X038,DEV_CTA0000X038,CTA0000X038,unresolved_pending_outside_read,unresolved_pending_outside_read,evidence_only,none,no_reliable_value_after_search,evidence_only,none,no_reliable_value_after_search,The source episode is retained as evidence; no episode field contributes to the final development-level count.
UNITQ_DEV_CTA0000X039,DEV_CTA0000X039,CTA0000X039,unresolved_pending_outside_read,unresolved_pending_outside_read,evidence_only,none,external_value_not_episode_allocated,evidence_only,none,external_value_not_episode_allocated,The source episode is retained as evidence; final development value comes from an exact direct source and is not allocated to this incomplete HUD episode.
UNITQ_DEV_CTA0000X040,DEV_CTA0000X040,CTA0000X040,unresolved_pending_outside_read,unresolved_pending_outside_read,evidence_only,none,external_value_not_episode_allocated,evidence_only,none,no_reliable_value_after_search,The source episode is retained as evidence; final development value comes from an exact direct source and is not allocated to this incomplete HUD episode.
UNITQ_DEV_CTA0000X041,DEV_CTA0000X041,CTA0000X041,unresolved_pending_outside_read,unresolved_pending_outside_read,evidence_only,none,no_reliable_value_after_search,evidence_only,none,no_reliable_value_after_search,The source episode is retained as evidence; no episode field contributes to the final development-level count.
UNITQ_DEV_CTA0000X042,DEV_CTA0000X042,CTA0000X042,unresolved_pending_outside_read,unresolved_pending_outside_read,evidence_only,none,no_reliable_value_after_search,evidence_only,none,no_reliable_value_after_search,The source episode is retained as evidence; no episode field contributes to the final development-level count.
UNITQ_DEV_CTA0000X043,DEV_CTA0000X043,CTA0000X043,unresolved_pending_outside_read,unresolved_pending_outside_read,evidence_only,none,external_value_not_episode_allocated,evidence_only,none,external_value_not_episode_allocated,The source episode is retained as evidence; final development value comes from an exact direct source and is not allocated to this incomplete HUD episode.
UNITQ_DEV_CTA0000X044,DEV_CTA0000X044,CTA0000X044,unresolved_pending_outside_read,unresolved_pending_outside_read,evidence_only,none,external_value_not_episode_allocated,evidence_only,none,no_reliable_value_after_search,The source episode is retained as evidence; final development value comes from an exact direct source and is not allocated to this incomplete HUD episode.
UNITQ_DEV_CTA0000X045,DEV_CTA0000X045,CTA0000X045,unresolved_pending_outside_read,unresolved_pending_outside_read,evidence_only,none,no_reliable_value_after_search,evidence_only,none,no_reliable_value_after_search,The source episode is retained as evidence; no episode field contributes to the final development-level count.
UNITQ_DEV_CTA0000X046,DEV_CTA0000X046,CTA0000X046,unresolved_pending_outside_read,unresolved_pending_outside_read,evidence_only,none,no_reliable_value_after_search,evidence_only,none,no_reliable_value_after_search,The source episode is retained as evidence; no episode field contributes to the final development-level count.
UNITQ_DEV_CTA0000X047,DEV_CTA0000X047,CTA0000X047,unresolved_pending_outside_read,unresolved_pending_outside_read,evidence_only,none,no_reliable_value_after_search,evidence_only,none,no_reliable_value_after_search,The source episode is retained as evidence; no episode field contributes to the final development-level count.
UNITQ_DEV_CTA0000X049,DEV_CTA0000X049,CTA0000X049,unresolved_pending_outside_read,unresolved_pending_outside_read,evidence_only,none,no_reliable_value_after_search,evidence_only,none,no_reliable_value_after_search,The source episode is retained as evidence; no episode field contributes to the final development-level count.
UNITQ_DEV_CTA0000X053,DEV_CTA0000X053,CTA0000X053,unresolved_pending_outside_read,unresolved_pending_outside_read,evidence_only,none,external_value_not_episode_allocated,evidence_only,none,no_reliable_value_after_search,The source episode is retained as evidence; final development value comes from an exact direct source and is not allocated to this incomplete HUD episode.
UNITQ_DEV_GAA00000400,DEV_GAA00000400,GAA00000400,unresolved_pending_outside_read,unresolved_pending_outside_read,evidence_only,none,no_reliable_value_after_search,evidence_only,none,no_reliable_value_after_search,The source episode is retained as evidence; no episode field contributes to the final development-level count.
UNITQ_DEV_GAA19900265,DEV_GAA19900265,GAA19900265,unresolved_pending_outside_read,unresolved_pending_outside_read,evidence_only,none,no_reliable_value_after_search,evidence_only,none,no_reliable_value_after_search,The source episode is retained as evidence; no episode field contributes to the final development-level count.
UNITQ_DEV_GAA20090103,DEV_GAA20090103,GAA20090103,unresolved_pending_outside_read,unresolved_pending_outside_read,evidence_only,none,no_reliable_value_after_search,evidence_only,none,no_reliable_value_after_search,The source episode is retained as evidence; no episode field contributes to the final development-level count.
UNITQ_DEV_GAA20100025,DEV_GAA20100025,GAA20100025,unresolved_pending_outside_read,unresolved_pending_outside_read,evidence_only,none,no_reliable_value_after_search,evidence_only,none,no_reliable_value_after_search,The source episode is retained as evidence; no episode field contributes to the final development-level count.
UNITQ_DEV_ILB0000X033,DEV_ILB0000X033,ILB0000X033,unresolved_pending_outside_read,unresolved_pending_outside_read,evidence_only,none,external_value_not_episode_allocated,evidence_only,none,external_value_not_episode_allocated,The source episode is retained as evidence; final development value comes from an exact direct source and is not allocated to this incomplete HUD episode.
UNITQ_DEV_ILB0000X039,DEV_ILB0000X039,ILB0000X039,unresolved_pending_outside_read,unresolved_pending_outside_read,evidence_only,none,external_value_not_episode_allocated,evidence_only,none,external_value_not_episode_allocated,The source episode is retained as evidence; final development value comes from an exact direct source and is not allocated to this incomplete HUD episode.
UNITQ_DEV_ILB0000X073,DEV_ILB0000X073,ILB0000X073,unresolved_pending_outside_read,unresolved_pending_outside_read,evidence_only,none,no_reliable_value_after_search,evidence_only,none,no_reliable_value_after_search,The source episode is retained as evidence; no episode field contributes to the final development-level count.
UNITQ_DEV_ILB0000X074,DEV_ILB0000X074,ILB0000X074,unresolved_pending_outside_read,unresolved_pending_outside_read,evidence_only,none,no_reliable_value_after_search,evidence_only,none,no_reliable_value_after_search,The source episode is retained as evidence; no episode field contributes to the final development-level count.
UNITQ_DEV_INA19990121,DEV_INA19990121,INA19990121,unresolved_pending_outside_read,unresolved_pending_outside_read,evidence_only,none,no_reliable_value_after_search,evidence_only,none,no_reliable_value_after_search,The source episode is retained as evidence; no episode field contributes to the final development-level count.
UNITQ_DEV_INA19990122,DEV_INA19990122,INA19990122,unresolved_pending_outside_read,unresolved_pending_outside_read,evidence_only,none,external_value_not_episode_allocated,evidence_only,none,external_value_not_episode_allocated,The source episode is retained as evidence; final development value comes from an exact direct source and is not allocated to this incomplete HUD episode.
UNITQ_DEV_INA20000082,DEV_INA20000082,INA20000082,unresolved_pending_outside_read,unresolved_pending_outside_read,evidence_only,none,no_reliable_value_after_search,evidence_only,none,no_reliable_value_after_search,The source episode is retained as evidence; no episode field contributes to the final development-level count.
UNITQ_DEV_INA20030147,DEV_INA20030147,INA20030147,unresolved_pending_outside_read,unresolved_pending_outside_read,evidence_only,none,no_reliable_value_after_search,evidence_only,none,no_reliable_value_after_search,The source episode is retained as evidence; no episode field contributes to the final development-level count.
UNITQ_DEV_INA20040147,DEV_INA20040147,INA20040147,unresolved_pending_outside_read,unresolved_pending_outside_read,evidence_only,none,no_reliable_value_after_search,evidence_only,none,no_reliable_value_after_search,The source episode is retained as evidence; no episode field contributes to the final development-level count.
UNITQ_DEV_INA20060089,DEV_INA20060089,INA20060089,unresolved_pending_outside_read,unresolved_pending_outside_read,evidence_only,none,no_reliable_value_after_search,evidence_only,none,no_reliable_value_after_search,The source episode is retained as evidence; no episode field contributes to the final development-level count.
UNITQ_DEV_INA20060096,DEV_INA20060096,INA20060096,unresolved_pending_outside_read,unresolved_pending_outside_read,evidence_only,none,no_reliable_value_after_search,evidence_only,none,no_reliable_value_after_search,The source episode is retained as evidence; no episode field contributes to the final development-level count.
UNITQ_DEV_INA20070115,DEV_INA20070115,INA20070115,unresolved_pending_outside_read,unresolved_pending_outside_read,evidence_only,none,no_reliable_value_after_search,evidence_only,none,no_reliable_value_after_search,The source episode is retained as evidence; no episode field contributes to the final development-level count.
UNITQ_DEV_KYA19910160,DEV_KYA19910160,KYA19910160,unresolved_pending_outside_read,unresolved_pending_outside_read,evidence_only,none,no_reliable_value_after_search,evidence_only,none,no_reliable_value_after_search,The source episode is retained as evidence; no episode field contributes to the final development-level count.
UNITQ_DEV_LAA0000X171,DEV_LAA0000X171,LAA0000X171,unresolved_pending_outside_read,unresolved_pending_outside_read,evidence_only,none,no_reliable_value_after_search,evidence_only,none,no_reliable_value_after_search,The source episode is retained as evidence; no episode field contributes to the final development-level count.
UNITQ_DEV_MOA19900255,DEV_MOA19900255,MOA19900255,unresolved_pending_outside_read,unresolved_pending_outside_read,evidence_only,none,no_reliable_value_after_search,evidence_only,none,no_reliable_value_after_search,The source episode is retained as evidence; no episode field contributes to the final development-level count.
UNITQ_DEV_MOA19900260,DEV_MOA19900260,MOA19900260,unresolved_pending_outside_read,unresolved_pending_outside_read,evidence_only,none,no_reliable_value_after_search,evidence_only,none,no_reliable_value_after_search,The source episode is retained as evidence; no episode field contributes to the final development-level count.
UNITQ_DEV_MOA19930060,DEV_MOA19930060,MOA19930060,unresolved_pending_outside_read,unresolved_pending_outside_read,evidence_only,none,no_reliable_value_after_search,evidence_only,none,no_reliable_value_after_search,The source episode is retained as evidence; no episode field contributes to the final development-level count.
UNITQ_DEV_MOA19930185,DEV_MOA19930185,MOA19930185,unresolved_pending_outside_read,unresolved_pending_outside_read,evidence_only,none,no_reliable_value_after_search,evidence_only,none,no_reliable_value_after_search,The source episode is retained as evidence; no episode field contributes to the final development-level count.
UNITQ_DEV_NCA00000005,DEV_NCA00000005,NCA00000005,unresolved_pending_outside_read,unresolved_pending_outside_read,evidence_only,none,no_reliable_value_after_search,evidence_only,none,no_reliable_value_after_search,The source episode is retained as evidence; no episode field contributes to the final development-level count.
UNITQ_DEV_NCA00000996,DEV_NCA00000996,NCA00000996,unresolved_pending_outside_read,unresolved_pending_outside_read,evidence_only,none,no_reliable_value_after_search,evidence_only,none,no_reliable_value_after_search,The source episode is retained as evidence; no episode field contributes to the final development-level count.
UNITQ_DEV_NJA20050130,DEV_NJA20050130,NJA20050130,unresolved_pending_outside_read,unresolved_pending_outside_read,evidence_only,none,no_reliable_value_after_search,evidence_only,none,no_reliable_value_after_search,The source episode is retained as evidence; no episode field contributes to the final development-level count.
UNITQ_DEV_NYA20070033,DEV_NYA20070033,NYA20070033,unresolved_pending_outside_read,unresolved_pending_outside_read,evidence_only,none,external_value_not_episode_allocated,evidence_only,none,external_value_not_episode_allocated,The source episode is retained as evidence; final development value comes from an exact direct source and is not allocated to this incomplete HUD episode.
UNITQ_DEV_NYA20090173,DEV_NYA20090173,NYA20090173,unresolved_pending_outside_read,unresolved_pending_outside_read,evidence_only,none,no_reliable_value_after_search,evidence_only,none,no_reliable_value_after_search,The source episode is retained as evidence; no episode field contributes to the final development-level count.
UNITQ_DEV_NYC00000020,DEV_NYC00000020,NYC00000020,unresolved_pending_outside_read,unresolved_pending_outside_read,evidence_only,none,no_reliable_value_after_search,evidence_only,none,no_reliable_value_after_search,The source episode is retained as evidence; no episode field contributes to the final development-level count.
UNITQ_DEV_OHA19900265,DEV_OHA19900265,OHA19900265,unresolved_pending_outside_read,unresolved_pending_outside_read,evidence_only,none,no_reliable_value_after_search,evidence_only,none,no_reliable_value_after_search,The source episode is retained as evidence; no episode field contributes to the final development-level count.
UNITQ_DEV_OHA20090132,DEV_OHA20090132,OHA20090132,unresolved_pending_outside_read,unresolved_pending_outside_read,evidence_only,none,no_reliable_value_after_search,evidence_only,none,no_reliable_value_after_search,The source episode is retained as evidence; no episode field contributes to the final development-level count.
UNITQ_DEV_ORA00000005,DEV_ORA00000005,ORA00000005,unresolved_pending_outside_read,unresolved_pending_outside_read,evidence_only,none,no_reliable_value_after_search,evidence_only,none,no_reliable_value_after_search,The source episode is retained as evidence; no episode field contributes to the final development-level count.
UNITQ_DEV_RIA19970010,DEV_RIA19970010,RIA19970010,unresolved_pending_outside_read,unresolved_pending_outside_read,evidence_only,none,no_reliable_value_after_search,evidence_only,none,no_reliable_value_after_search,The source episode is retained as evidence; no episode field contributes to the final development-level count.
UNITQ_DEV_TXA00000026,DEV_TXA00000026,TXA00000026,unresolved_pending_outside_read,unresolved_pending_outside_read,evidence_only,none,no_reliable_value_after_search,evidence_only,none,no_reliable_value_after_search,The source episode is retained as evidence; no episode field contributes to the final development-level count.
UNITQ_DEV_TXA00000059,DEV_TXA00000059,TXA00000059,unresolved_pending_outside_read,unresolved_pending_outside_read,evidence_only,none,external_value_not_episode_allocated,evidence_only,none,external_value_not_episode_allocated,The source episode is retained as evidence; final development value comes from an exact direct source and is not allocated to this incomplete HUD episode.
UNITQ_DEV_TXA00000061,DEV_TXA00000061,TXA00000061,unresolved_pending_outside_read,unresolved_pending_outside_read,evidence_only,none,no_reliable_value_after_search,evidence_only,none,no_reliable_value_after_search,The source episode is retained as evidence; no episode field contributes to the final development-level count.
UNITQ_DEV_TXA00000067,DEV_TXA00000067,TXA00000067,unresolved_pending_outside_read,unresolved_pending_outside_read,evidence_only,none,external_value_not_episode_allocated,evidence_only,none,external_value_not_episode_allocated,The source episode is retained as evidence; final development value comes from an exact direct source and is not allocated to this incomplete HUD episode.
UNITQ_DEV_TXA00000086,DEV_TXA00000086,TXA00000086,unresolved_pending_outside_read,unresolved_pending_outside_read,evidence_only,none,no_reliable_value_after_search,evidence_only,none,no_reliable_value_after_search,The source episode is retained as evidence; no episode field contributes to the final development-level count.
UNITQ_DEV_TXA00000096,DEV_TXA00000096,TXA00000096,unresolved_pending_outside_read,unresolved_pending_outside_read,evidence_only,none,external_value_not_episode_allocated,evidence_only,none,external_value_not_episode_allocated,The source episode is retained as evidence; final development value comes from an exact direct source and is not allocated to this incomplete HUD episode.
UNITQ_DEV_TXA00000099,DEV_TXA00000099,TXA00000099,unresolved_pending_outside_read,unresolved_pending_outside_read,evidence_only,none,external_value_not_episode_allocated,evidence_only,none,no_reliable_value_after_search,The source episode is retained as evidence; final development value comes from an exact direct source and is not allocated to this incomplete HUD episode.
UNITQ_DEV_TXA20050001,DEV_TXA20050001,TXA20050001,unresolved_pending_outside_read,unresolved_pending_outside_read,evidence_only,none,external_value_not_episode_allocated,evidence_only,none,no_reliable_value_after_search,The source episode is retained as evidence; final development value comes from an exact direct source and is not allocated to this incomplete HUD episode.
UNITQ_DEV_TXA20070036,DEV_TXA20070036,TXA20070036,unresolved_pending_outside_read,unresolved_pending_outside_read,evidence_only,none,no_reliable_value_after_search,evidence_only,none,no_reliable_value_after_search,The source episode is retained as evidence; no episode field contributes to the final development-level count.
UNITQ_DEV_UTA0000X003,DEV_UTA0000X003,UTA0000X003,unresolved_pending_outside_read,unresolved_pending_outside_read,evidence_only,none,external_value_not_episode_allocated,evidence_only,none,external_value_not_episode_allocated,The source episode is retained as evidence; final development value comes from an exact direct source and is not allocated to this incomplete HUD episode.
