singleton_identity_scope_review_id,current_development_id,current_development_site_id,site_key,site_street,site_city,site_state,site_zip,site_action,adjudicated_development_id,site_decision_reason,site_source_title,site_source_type,site_source_url,site_source_statement,geocoding_query_approval,reviewed_on
SISR_CT_BROOK_HILL_I,DEV_CTA0000X007,DEV_CTA0000X007_SITE_0001,CT|2 EMILY WAY|SUFFIELD,2 EMILY WAY,SUFFIELD,CT,06078,keep_verified_physical_site,DEV_CTA0000X007,public_source_supports_site_as_a_component_of_the_reviewed_physical_property,"Suffield Board of Assessment Appeals Minutes, March 26 2024",official_local_government,https://resources.finalsite.net/images/v1712151699/suffieldctgov/evonxh0dz8xwjhyqhyao/03-26-2024BoardofAssessmentAppealsMeetingMinutes.pdf,Local assessment records distinguish the Brook Hill properties at 1 and 2 Emily Way.,not_approved,2026-08-11
SISR_CT_BROOK_HILL_II,DEV_CTA0000X008,DEV_CTA0000X008_SITE_0001,CT|1 EMILY WAY|SUFFIELD,1 EMILY WAY,SUFFIELD,CT,06078,keep_verified_physical_site,DEV_CTA0000X008,public_source_supports_site_as_a_component_of_the_reviewed_physical_property,"Suffield Board of Assessment Appeals Minutes, March 26 2024",official_local_government,https://resources.finalsite.net/images/v1712151699/suffieldctgov/evonxh0dz8xwjhyqhyao/03-26-2024BoardofAssessmentAppealsMeetingMinutes.pdf,Local assessment records distinguish the Brook Hill properties at 1 and 2 Emily Way.,not_approved,2026-08-11
SISR_CT_CHERRY_STREET,DEV_CTA0000X013,DEV_CTA0000X013_SITE_0001,CT|1289 RAILROAD AVE|BRIDGEPORT,1289 RAILROAD AVE,BRIDGEPORT,CT,06605-2025,retain_unresolved_source_site_for_review,DEV_CTA0000X013,identity_decision_does_not_validate_this_source_site_for_geocoding,"CHFA CGS 8-37bb Report, October 2022-September 2023",official_state_housing_finance_agency,https://www.chfa.org/assets/1/6/C.G.S.8-37bb_-_October_1_2022-September_30_2023_Final_12-29_compressed.pdf,CHFA lists Cherry Street Lofts at 345 Cherry Street as a distinct Bridgeport development; it does not verify the inherited Railroad Avenue or Howard Avenue source sites.,not_approved,2026-08-11
SISR_CT_CHERRY_STREET,DEV_CTA0000X013,DEV_CTA0000X013_SITE_0002,CT|375 HOWARD AVE|BRIDGEPORT,375 HOWARD AVENUE,BRIDGEPORT,CT,6605,retain_unresolved_source_site_for_review,DEV_CTA0000X013,identity_decision_does_not_validate_this_source_site_for_geocoding,"CHFA CGS 8-37bb Report, October 2022-September 2023",official_state_housing_finance_agency,https://www.chfa.org/assets/1/6/C.G.S.8-37bb_-_October_1_2022-September_30_2023_Final_12-29_compressed.pdf,CHFA lists Cherry Street Lofts at 345 Cherry Street as a distinct Bridgeport development; it does not verify the inherited Railroad Avenue or Howard Avenue source sites.,not_approved,2026-08-11
SISR_CT_CLAY_ARSENAL,DEV_CTA0000X014,DEV_CTA0000X014_SITE_0001,CT|1545 MAIN ST AND 10 BELDEN|HARTFORD,1545 MAIN STREET AND 10 BELDEN,HARTFORD,CT,06120,keep_nonphysical_bridge_site,DEV_CTA0000X014,retain_source_site_only_as_an_episode_to_property_bridge_candidate,CHFA 2024 CGS 8-37bb Report,official_state_housing_finance_agency,https://www.chfa.org/assets/1/6/2024_8-37bb_Report_--_Compressed_File.pdf,CHFA reports Clay Arsenal as a 150-unit scattered-site property covering 25 sites; the current two rows are not a complete property inventory.,not_approved,2026-08-11
SISR_CT_CLAY_ARSENAL,DEV_CTA0000X014,DEV_CTA0000X014_SITE_0002,CT|62 ALBANY AVE|HARTFORD,62 ALBANY AVENUE,HARTFORD,CT,6120,keep_nonphysical_bridge_site,DEV_CTA0000X014,retain_source_site_only_as_an_episode_to_property_bridge_candidate,CHFA 2024 CGS 8-37bb Report,official_state_housing_finance_agency,https://www.chfa.org/assets/1/6/2024_8-37bb_Report_--_Compressed_File.pdf,CHFA reports Clay Arsenal as a 150-unit scattered-site property covering 25 sites; the current two rows are not a complete property inventory.,not_approved,2026-08-11
SISR_CT_CRESCENT_1B,DEV_CTA0000X017,DEV_CTA0000X017_SITE_0001,CT|16 CUTTER DR|BRIDGEPORT,16 CUTTER DRIVE,BRIDGEPORT,CT,06608,retain_unresolved_source_site_for_review,DEV_CTA0000X017,outside_source_confirms_development_or_phase_but_not_individual_site_address,CHFA 2015 Summary Report,official_state_housing_finance_agency,https://www.chfa.org/assets/1/6/2015_Summary_Report.pdf,"CHFA identifies phase 1B as a separate second replacement phase with four buildings, but this source does not verify the individual HUD address.",not_approved,2026-08-11
SISR_CT_CRESCENT_1B,DEV_CTA0000X017,DEV_CTA0000X017_SITE_0002,CT|581 WATERVIEW AVE|BRIDGEPORT,581 WATERVIEW AVENUE,BRIDGEPORT,CT,6608,retain_unresolved_source_site_for_review,DEV_CTA0000X017,outside_source_confirms_development_or_phase_but_not_individual_site_address,CHFA 2015 Summary Report,official_state_housing_finance_agency,https://www.chfa.org/assets/1/6/2015_Summary_Report.pdf,"CHFA identifies phase 1B as a separate second replacement phase with four buildings, but this source does not verify the individual HUD address.",not_approved,2026-08-11
SISR_CT_DAVIS_GARDENS,DEV_CTA0000X018,DEV_CTA0000X018_SITE_0001,CT|164 WARNER ST|WATERBURY,164 WARNER STREET,WATERBURY,CT,06704-2813,retain_unresolved_source_site_for_review,DEV_CTA0000X018,identity_decision_does_not_validate_this_source_site_for_geocoding,"Waterbury Parcel Viewer, parcel 0202-0559-0039",official_local_parcel_api,https://webgis.waterburyct.org/arcgis/rest/services/Waterbury/Parcel_Viewer/MapServer/11/query?where=MBL%3D%270202-0559-0039%27&outFields=OBJECTID%2CMBL%2CLOCATION%2COWNER%2CACRES%2CGIS_Acres%2CLAT%2CLON&returnGeometry=true&outSR=4326&f=geojson,Waterbury's parcel API identifies one parcel at 154 Warner Street owned by Omni Davis Gardens LP; CHFA records describe Davis Gardens phases I and II.,not_approved,2026-08-11
SISR_CT_DAVIS_GARDENS,DEV_CTA0000X018,DEV_CTA0000X018_SITE_0002,CT|242 WARNER ST 3 7 WARNER PL|WATERBURY,"242 WARNER STREET, 3-7 WARNER PLACE",WATERBURY,CT,6704,retain_unresolved_source_site_for_review,DEV_CTA0000X018,identity_decision_does_not_validate_this_source_site_for_geocoding,"Waterbury Parcel Viewer, parcel 0202-0559-0039",official_local_parcel_api,https://webgis.waterburyct.org/arcgis/rest/services/Waterbury/Parcel_Viewer/MapServer/11/query?where=MBL%3D%270202-0559-0039%27&outFields=OBJECTID%2CMBL%2CLOCATION%2COWNER%2CACRES%2CGIS_Acres%2CLAT%2CLON&returnGeometry=true&outSR=4326&f=geojson,Waterbury's parcel API identifies one parcel at 154 Warner Street owned by Omni Davis Gardens LP; CHFA records describe Davis Gardens phases I and II.,not_approved,2026-08-11
SISR_CT_DAVIS_GARDENS,DEV_CTA0000X019,DEV_CTA0000X019_SITE_0001,CT|18 GARDEN CIR|WATERBURY,18 GARDEN CIRCLE,WATERBURY,CT,06704-2803,retain_unresolved_source_site_for_review,DEV_CTA0000X018,identity_decision_does_not_validate_this_source_site_for_geocoding,"Waterbury Parcel Viewer, parcel 0202-0559-0039",official_local_parcel_api,https://webgis.waterburyct.org/arcgis/rest/services/Waterbury/Parcel_Viewer/MapServer/11/query?where=MBL%3D%270202-0559-0039%27&outFields=OBJECTID%2CMBL%2CLOCATION%2COWNER%2CACRES%2CGIS_Acres%2CLAT%2CLON&returnGeometry=true&outSR=4326&f=geojson,Waterbury's parcel API identifies one parcel at 154 Warner Street owned by Omni Davis Gardens LP; CHFA records describe Davis Gardens phases I and II.,not_approved,2026-08-11
SISR_CT_DOWNTOWN_WEST_GATE,DEV_CTA0000X020,DEV_CTA0000X020_SITE_0001,CT|515 W AVE|BRIDGEPORT,515 WEST AVE,BRIDGEPORT,CT,06604,retain_unresolved_source_site_for_review,DEV_CTA0000X020,identity_decision_does_not_validate_this_source_site_for_geocoding,CHFA 2019 CGS 8-37bb Report,official_state_housing_finance_agency,https://www.chfa.org/assets/1/6/2019_CGS_8-37bb.pdf,"CHFA identifies Downtown West Gate as a distinct 48-unit Bridgeport development, but the cited report does not provide 515 West Avenue, so the inherited source site remains unresolved.",not_approved,2026-08-11
SISR_CT_ECC_RAD_I,DEV_CTA0000X021,DEV_CTA0000X021_SITE_0001,CT|11 DAISY ST|NEW HAVEN,11 DAISY ST,NEW HAVEN,CT,06511,keep_nonphysical_bridge_site,DEV_CTA0000X021,retain_source_site_only_as_an_episode_to_property_bridge_candidate,Elm City Communities FY2024 MTW Report,official_local_housing_authority,https://elmcitycommunities.org/wp-content/uploads/2024/11/MTW-FY2024-Report-PC-version-1124.pdf,"Elm City Communities reports ECC RAD Group I as a portfolio of Prescott Bush, Constance B. Motley, Katherine Harvey Terrace, and Newhall Gardens, confirming a financing grouping across four physical properties.",not_approved,2026-08-11
SISR_CT_ECC_RAD_I,DEV_CTA0000X021,DEV_CTA0000X021_SITE_0002,CT|5 DAISY ST|NEW HAVEN,5 DAISY STREET,NEW HAVEN,CT,6511,keep_nonphysical_bridge_site,DEV_CTA0000X021,retain_source_site_only_as_an_episode_to_property_bridge_candidate,Elm City Communities FY2024 MTW Report,official_local_housing_authority,https://elmcitycommunities.org/wp-content/uploads/2024/11/MTW-FY2024-Report-PC-version-1124.pdf,"Elm City Communities reports ECC RAD Group I as a portfolio of Prescott Bush, Constance B. Motley, Katherine Harvey Terrace, and Newhall Gardens, confirming a financing grouping across four physical properties.",not_approved,2026-08-11
SISR_CT_ECC_RAD_II,DEV_CTA0000X022,DEV_CTA0000X022_SITE_0001,CT|1000 QUINNIPIAC AVE|NEW HAVEN,1000 QUINNIPIAC AVE,NEW HAVEN,CT,06513,keep_nonphysical_bridge_site,DEV_CTA0000X022,retain_source_site_only_as_an_episode_to_property_bridge_candidate,Elm City Communities FY2024 MTW Report,official_local_housing_authority,https://elmcitycommunities.org/wp-content/uploads/2024/11/MTW-FY2024-Report-PC-version-1124.pdf,"Elm City Communities reports ECC RAD Group II as a portfolio of Fulton Park, Stanley Justice, and Waverly Townhouses, confirming a financing grouping across three physical properties.",not_approved,2026-08-11
SISR_CT_ECC_RAD_III,DEV_CTA0000X023,DEV_CTA0000X023_SITE_0001,CT|358 ORANGE ST|NEW HAVEN,358 ORANGE STREET,NEW HAVEN,CT,06511,keep_nonphysical_bridge_site,DEV_CTA0000X023,retain_source_site_only_as_an_episode_to_property_bridge_candidate,Elm City Communities FY2024 MTW Report,official_local_housing_authority,https://elmcitycommunities.org/wp-content/uploads/2024/11/MTW-FY2024-Report-PC-version-1124.pdf,"Elm City Communities reports ECC RAD Group III as a portfolio of Charles T. McQueeney and Winslow-Celentano, confirming a financing grouping across two physical properties.",not_approved,2026-08-11
SISR_CT_ECC_RAD_III,DEV_CTA0000X023,DEV_CTA0000X023_SITE_0002,CT|60 WARREN ST|NEW HAVEN,60 WARREN STREET,NEW HAVEN,CT,6511,keep_nonphysical_bridge_site,DEV_CTA0000X023,retain_source_site_only_as_an_episode_to_property_bridge_candidate,Elm City Communities FY2024 MTW Report,official_local_housing_authority,https://elmcitycommunities.org/wp-content/uploads/2024/11/MTW-FY2024-Report-PC-version-1124.pdf,"Elm City Communities reports ECC RAD Group III as a portfolio of Charles T. McQueeney and Winslow-Celentano, confirming a financing grouping across two physical properties.",not_approved,2026-08-11
SISR_CT_ECC_RAD_IV,DEV_CTA0000X024,DEV_CTA0000X024_SITE_0001,CT|480 FERRY ST|NEW HAVEN,480 FERRY STREET,NEW HAVEN,CT,06513,keep_nonphysical_bridge_site,DEV_CTA0000X024,retain_source_site_only_as_an_episode_to_property_bridge_candidate,Elm City Communities FY2024 MTW Report,official_local_housing_authority,https://elmcitycommunities.org/wp-content/uploads/2024/11/MTW-FY2024-Report-PC-version-1124.pdf,"Elm City Communities reports ECC RAD Group IV as a portfolio of Fairmont Heights and Matthew Ruoppolo Manor, confirming a financing grouping across two physical properties.",not_approved,2026-08-11
SISR_CT_ECC_RAD_IV,DEV_CTA0000X024,DEV_CTA0000X024_SITE_0002,CT|70 FAIRMOUNT ST|NEW HAVEN,70 FAIRMOUNT STREET,NEW HAVEN,CT,6511,keep_nonphysical_bridge_site,DEV_CTA0000X024,retain_source_site_only_as_an_episode_to_property_bridge_candidate,Elm City Communities FY2024 MTW Report,official_local_housing_authority,https://elmcitycommunities.org/wp-content/uploads/2024/11/MTW-FY2024-Report-PC-version-1124.pdf,"Elm City Communities reports ECC RAD Group IV as a portfolio of Fairmont Heights and Matthew Ruoppolo Manor, confirming a financing grouping across two physical properties.",not_approved,2026-08-11
SISR_CT_HARTFORD_PRESERVATION,DEV_CTA0000X026,DEV_CTA0000X026_SITE_0001,CT|387 BARBOUR ST BLDG 1|HARTFORD,387 BARBOUR STREET BUILDING 1,HARTFORD,CT,6120,keep_nonphysical_bridge_site,DEV_CTA0000X026,retain_source_site_only_as_an_episode_to_property_bridge_candidate,CHFA 2021 Annual Report,official_state_housing_finance_agency,https://www.chfa.org/assets/1/6/2021_Annual_Report.pdf,CHFA describes Hartford Preservation as five separate properties totaling 206 apartments; the current two rows are not a complete property inventory.,not_approved,2026-08-11
SISR_CT_HARTFORD_PRESERVATION,DEV_CTA0000X026,DEV_CTA0000X026_SITE_0002,CT|ENFIELD MAGNOLIA 162 MAGNOLIA ST|HARTFORD,ENFIELD MAGNOLIA 162 MAGNOLIA STREET,HARTFORD,CT,06112,keep_nonphysical_bridge_site,DEV_CTA0000X026,retain_source_site_only_as_an_episode_to_property_bridge_candidate,CHFA 2021 Annual Report,official_state_housing_finance_agency,https://www.chfa.org/assets/1/6/2021_Annual_Report.pdf,CHFA describes Hartford Preservation as five separate properties totaling 206 apartments; the current two rows are not a complete property inventory.,not_approved,2026-08-11
SISR_CT_MCCONAUGHY,DEV_CTA0000X032,DEV_CTA0000X032_SITE_0001,CT|110 120 SO GENESEE ST|NEW HAVEN,110 120 SO GENESEE ST,NEW HAVEN,CT,06515,retain_unresolved_source_site_for_review,DEV_CTA0000X032,outside_source_confirms_development_or_phase_but_not_individual_site_address,CHFA 2023 CGS 8-260 Report,official_state_housing_finance_agency,https://www.chfa.org/assets/1/6/2023_C.G.S_8-260_Report.pdf,"CHFA identifies the 9% and 4% records as financing slices of one McConaughy Terrace redevelopment, but this source does not verify the individual HUD address or compound address string.",not_approved,2026-08-11
SISR_CT_MCCONAUGHY,DEV_CTA0000X032,DEV_CTA0000X032_SITE_0002,CT|410 VALLEY ST|NEW HAVEN,410 VALLEY ST,NEW HAVEN,CT,6515,retain_unresolved_source_site_for_review,DEV_CTA0000X032,outside_source_confirms_development_or_phase_but_not_individual_site_address,CHFA 2023 CGS 8-260 Report,official_state_housing_finance_agency,https://www.chfa.org/assets/1/6/2023_C.G.S_8-260_Report.pdf,"CHFA identifies the 9% and 4% records as financing slices of one McConaughy Terrace redevelopment, but this source does not verify the individual HUD address or compound address string.",not_approved,2026-08-11
SISR_CT_MCCONAUGHY,DEV_CTA0000X033,DEV_CTA0000X033_SITE_0001,CT|126 128 E RAMSDELL ST 434 436 VALLEY ST|NEW HAVEN,126 128 EAST RAMSDELL STREET 434 436 VALLEY ST,NEW HAVEN,CT,06515,retain_unresolved_source_site_for_review,DEV_CTA0000X032,outside_source_confirms_development_or_phase_but_not_individual_site_address,CHFA 2023 CGS 8-260 Report,official_state_housing_finance_agency,https://www.chfa.org/assets/1/6/2023_C.G.S_8-260_Report.pdf,"CHFA identifies the 9% and 4% records as financing slices of one McConaughy Terrace redevelopment, but this source does not verify the individual HUD address or compound address string.",not_approved,2026-08-11
SISR_CT_MCCONAUGHY,DEV_CTA0000X033,DEV_CTA0000X033_SITE_0002,CT|73 83 E RAMSDELL ST|NEW HAVEN,73-83 EAST RAMSDELL STREET,NEW HAVEN,CT,6515,retain_unresolved_source_site_for_review,DEV_CTA0000X032,outside_source_confirms_development_or_phase_but_not_individual_site_address,CHFA 2023 CGS 8-260 Report,official_state_housing_finance_agency,https://www.chfa.org/assets/1/6/2023_C.G.S_8-260_Report.pdf,"CHFA identifies the 9% and 4% records as financing slices of one McConaughy Terrace redevelopment, but this source does not verify the individual HUD address or compound address string.",not_approved,2026-08-11
SISR_CT_MERIDEN_I,DEV_CTA0000X034,DEV_CTA0000X034_SITE_0001,CT|161 STATE ST|MERIDEN,161 STATE STREET,MERIDEN,CT,06450,keep_verified_physical_site,DEV_CTA0000X034,public_source_supports_site_as_a_component_of_the_reviewed_physical_property,City of Meriden 2024 Audit Reports,official_local_government,https://www.meridenct.gov/Customer-Content/www/CMS/files/Finance_Department_-_2024_Meriden_Audit_Reports.pdf,City records distinguish Meriden Commons I at 161 State Street from phase II at 177 State Street.,not_approved,2026-08-11
SISR_CT_MERIDEN_II,DEV_CTA0000X035,DEV_CTA0000X035_SITE_0001,CT|177 STATE ST|MERIDEN,177 STATE ST,MERIDEN,CT,06450,keep_verified_physical_site,DEV_CTA0000X035,public_source_supports_site_as_a_component_of_the_reviewed_physical_property,City of Meriden 2024 Audit Reports,official_local_government,https://www.meridenct.gov/Customer-Content/www/CMS/files/Finance_Department_-_2024_Meriden_Audit_Reports.pdf,City records distinguish Meriden Commons II at 177 State Street from phase I at 161 State Street.,not_approved,2026-08-11
SISR_CT_SPRUCE_MEADOWS_I,DEV_CTA0000X041,DEV_CTA0000X041_SITE_0001,CT|100 S BROAD ST|PAWCATUCK,100 SOUTH BROAD STREET,PAWCATUCK,CT,06379-3948,retain_unresolved_source_site_for_review,DEV_CTA0000X041,outside_source_confirms_development_or_phase_but_not_individual_site_address,"CHFA Board Minutes, November 29 2018",official_state_housing_finance_agency,https://www.chfa.org/assets/1/6/November_29%2C_2018_Board_Minutes_Final.pdf,"CHFA distinguishes the Spruce Meadows and Spruce Ridge phases, but this source does not verify 100 South Broad Street.",not_approved,2026-08-11
SISR_CT_WINDWARD,DEV_CTA0000X046,DEV_CTA0000X046_SITE_0001,CT|20 JOHNSON ST|BRIDGEPORT,20 JOHNSON STREET,BRIDGEPORT,CT,6604,retain_unresolved_source_site_for_review,DEV_CTA0000X046,identity_decision_does_not_validate_this_source_site_for_geocoding,Connecticut CEQ Revised Windward Apartments Scoping Notice,official_state_government,https://portal.ct.gov/ceq/doh/scoping-notices/revised-windward-apartments,The state scoping notice identifies Windward Apartments at 20 Johnson Street as a distinct phased redevelopment.,not_approved,2026-08-11
SISR_CT_WINDWARD,DEV_CTA0000X046,DEV_CTA0000X046_SITE_0002,CT|WINDWARD DEVELOPMENT ASSOCIATES LLC 1 20 JOHNSON ST|BRIDGEPORT,WINDWARD DEVELOPMENT ASSOCIATES LLC 1 20 JOHNSON STREET,BRIDGEPORT,CT,06604,retain_unresolved_source_site_for_review,DEV_CTA0000X046,identity_decision_does_not_validate_this_source_site_for_geocoding,Connecticut CEQ Revised Windward Apartments Scoping Notice,official_state_government,https://portal.ct.gov/ceq/doh/scoping-notices/revised-windward-apartments,The state scoping notice identifies Windward Apartments at 20 Johnson Street as a distinct phased redevelopment.,not_approved,2026-08-11
SISR_CT_PARK_RIVER,DEV_CTA0000X048,DEV_CTA0000X048_SITE_0001,CT|134 PARK RIVER DR|HARTFORD,134 PARK RIVER DRIVE,HARTFORD,CT,06112,retain_unresolved_source_site_for_review,DEV_CTA0000X048,outside_source_confirms_master_development_but_not_individual_site_address,Connecticut DDS Village at Park River open house,official_state_government,https://portal.ct.gov/dds/searchable-archive/media/latestnews2023/dds-deputy-commissioner-elisa-velardo-attends-open-house-at-supportive-housing-development,"Connecticut DDS identifies one six-phase Village at Park River / Westbrook Village redevelopment, but it does not verify this individual HUD address.",not_approved,2026-08-11
SISR_CT_PARK_RIVER,DEV_CTA0000X048,DEV_CTA0000X048_SITE_0002,CT|295 PLAINFIELD ST|HARTFORD,295 PLAINFIELD STREET,HARTFORD,CT,6112,retain_unresolved_source_site_for_review,DEV_CTA0000X048,outside_source_confirms_master_development_but_not_individual_site_address,Connecticut DDS Village at Park River open house,official_state_government,https://portal.ct.gov/dds/searchable-archive/media/latestnews2023/dds-deputy-commissioner-elisa-velardo-attends-open-house-at-supportive-housing-development,"Connecticut DDS identifies one six-phase Village at Park River / Westbrook Village redevelopment, but it does not verify this individual HUD address.",not_approved,2026-08-11
SISR_CT_WILLOW_CREEK,DEV_CTA0000X051,DEV_CTA0000X051_SITE_0001,CT|10 NAHUM DR|HARTFORD,10 NAHUM DR,HARTFORD,CT,06112,retain_unresolved_source_site_for_review,DEV_CTA0000X051,identity_decision_does_not_validate_this_source_site_for_geocoding,Connecticut CEQ Scoping Notice: Willow Creek Apartments,official_state_government,https://portal.ct.gov/CEQ/DECD/Scoping-Notice/Willow-Creek-Apartments-Hartford,The state scoping notice identifies Willow Creek as one redevelopment implemented in phases; CHFA records identify the three financing phases.,not_approved,2026-08-11
SISR_CT_WILLOW_CREEK,DEV_CTA0000X051,DEV_CTA0000X051_SITE_0002,CT|427 GRANBY ST|HARTFORD,427 GRANBY STREET,HARTFORD,CT,6112,retain_unresolved_source_site_for_review,DEV_CTA0000X051,identity_decision_does_not_validate_this_source_site_for_geocoding,Connecticut CEQ Scoping Notice: Willow Creek Apartments,official_state_government,https://portal.ct.gov/CEQ/DECD/Scoping-Notice/Willow-Creek-Apartments-Hartford,The state scoping notice identifies Willow Creek as one redevelopment implemented in phases; CHFA records identify the three financing phases.,not_approved,2026-08-11
SISR_CT_WILLOW_CREEK,DEV_CTA0000X052,DEV_CTA0000X052_SITE_0001,CT|1 BERKELEY DR|HARTFORD,1 BERKELEY DR,HARTFORD,CT,06112,retain_unresolved_source_site_for_review,DEV_CTA0000X051,identity_decision_does_not_validate_this_source_site_for_geocoding,Connecticut CEQ Scoping Notice: Willow Creek Apartments,official_state_government,https://portal.ct.gov/CEQ/DECD/Scoping-Notice/Willow-Creek-Apartments-Hartford,The state scoping notice identifies Willow Creek as one redevelopment implemented in phases; CHFA records identify the three financing phases.,not_approved,2026-08-11
SISR_CT_WILLOW_CREEK,DEV_CTA0000X052,DEV_CTA0000X052_SITE_0002,CT|15 BERKELEY DR|HARTFORD,15 BERKELEY DRIVE,HARTFORD,CT,6112,retain_unresolved_source_site_for_review,DEV_CTA0000X051,identity_decision_does_not_validate_this_source_site_for_geocoding,Connecticut CEQ Scoping Notice: Willow Creek Apartments,official_state_government,https://portal.ct.gov/CEQ/DECD/Scoping-Notice/Willow-Creek-Apartments-Hartford,The state scoping notice identifies Willow Creek as one redevelopment implemented in phases; CHFA records identify the three financing phases.,not_approved,2026-08-11
SISR_CT_CRESCENT_1A,DEV_CTA20161002,DEV_CTA20161002_SITE_0001,CT|252 HALLETT ST|BRIDGEPORT,252 HALLETT STREET,BRIDGEPORT,CT,06608,retain_unresolved_source_site_for_review,DEV_CTA20161002,outside_source_confirms_development_or_phase_but_not_individual_site_address,CHFA 2015 Summary Report,official_state_housing_finance_agency,https://www.chfa.org/assets/1/6/2015_Summary_Report.pdf,"CHFA distinguishes phases 1A and 1B, but this source does not verify the individual HUD address.",not_approved,2026-08-11
SISR_CT_PARK_RIVER,DEV_CTA20211008,DEV_CTA20211008_SITE_0001,CT|110 PARK RIVER DR|HARTFORD,110 PARK RIVER DR,HARTFORD,CT,6112,retain_unresolved_source_site_for_review,DEV_CTA0000X048,outside_source_confirms_master_development_but_not_individual_site_address,Connecticut DDS Village at Park River open house,official_state_government,https://portal.ct.gov/dds/searchable-archive/media/latestnews2023/dds-deputy-commissioner-elisa-velardo-attends-open-house-at-supportive-housing-development,"Connecticut DDS identifies one six-phase Village at Park River / Westbrook Village redevelopment, but it does not verify this individual HUD address.",not_approved,2026-08-11
SISR_CT_PARK_RIVER,DEV_CTA20211008,DEV_CTA20211008_SITE_0002,CT|13 CARRIE PERRY WAY|HARTFORD,13 CARRIE PERRY WAY,HARTFORD,CT,6112,retain_unresolved_source_site_for_review,DEV_CTA0000X048,outside_source_confirms_master_development_but_not_individual_site_address,Connecticut DDS Village at Park River open house,official_state_government,https://portal.ct.gov/dds/searchable-archive/media/latestnews2023/dds-deputy-commissioner-elisa-velardo-attends-open-house-at-supportive-housing-development,"Connecticut DDS identifies one six-phase Village at Park River / Westbrook Village redevelopment, but it does not verify this individual HUD address.",not_approved,2026-08-11
SISR_CT_PARK_RIVER,DEV_CTA20211008,DEV_CTA20211008_SITE_0003,CT|26 STILLMAN WESTBROOK CT|HARTFORD,26 STILLMAN WESTBROOK COURT,HARTFORD,CT,6112,retain_unresolved_source_site_for_review,DEV_CTA0000X048,outside_source_confirms_master_development_but_not_individual_site_address,Connecticut DDS Village at Park River open house,official_state_government,https://portal.ct.gov/dds/searchable-archive/media/latestnews2023/dds-deputy-commissioner-elisa-velardo-attends-open-house-at-supportive-housing-development,"Connecticut DDS identifies one six-phase Village at Park River / Westbrook Village redevelopment, but it does not verify this individual HUD address.",not_approved,2026-08-11
SISR_CT_PARK_RIVER,DEV_CTA20211008,DEV_CTA20211008_SITE_0004,CT|32 STILLMAN WESTBROOK CT|HARTFORD,32 STILLMAN WESTBROOK COURT,HARTFORD,CT,6112,retain_unresolved_source_site_for_review,DEV_CTA0000X048,outside_source_confirms_master_development_but_not_individual_site_address,Connecticut DDS Village at Park River open house,official_state_government,https://portal.ct.gov/dds/searchable-archive/media/latestnews2023/dds-deputy-commissioner-elisa-velardo-attends-open-house-at-supportive-housing-development,"Connecticut DDS identifies one six-phase Village at Park River / Westbrook Village redevelopment, but it does not verify this individual HUD address.",not_approved,2026-08-11
SISR_CT_PARK_RIVER,DEV_CTA20211008,DEV_CTA20211008_SITE_0005,CT|33 STILLMAN WESTBROOK CT|HARTFORD,33 STILLMAN WESTBROOK COURT,HARTFORD,CT,6112,retain_unresolved_source_site_for_review,DEV_CTA0000X048,outside_source_confirms_master_development_but_not_individual_site_address,Connecticut DDS Village at Park River open house,official_state_government,https://portal.ct.gov/dds/searchable-archive/media/latestnews2023/dds-deputy-commissioner-elisa-velardo-attends-open-house-at-supportive-housing-development,"Connecticut DDS identifies one six-phase Village at Park River / Westbrook Village redevelopment, but it does not verify this individual HUD address.",not_approved,2026-08-11
SISR_CT_PARK_RIVER,DEV_CTA20211008,DEV_CTA20211008_SITE_0006,CT|98 PARK RIVER DR|HARTFORD,98 PARK RIVER DR,HARTFORD,CT,6112,retain_unresolved_source_site_for_review,DEV_CTA0000X048,outside_source_confirms_master_development_but_not_individual_site_address,Connecticut DDS Village at Park River open house,official_state_government,https://portal.ct.gov/dds/searchable-archive/media/latestnews2023/dds-deputy-commissioner-elisa-velardo-attends-open-house-at-supportive-housing-development,"Connecticut DDS identifies one six-phase Village at Park River / Westbrook Village redevelopment, but it does not verify this individual HUD address.",not_approved,2026-08-11
SISR_CT_PARK_RIVER,DEV_CTA20211008,DEV_CTA20211008_SITE_0007,CT|MULTIPLE ADDRESSES NEAR 144 MARK TWAIN DR|HARTFORD,MULTIPLE ADDRESSES NEAR 144 MARK TWAIN DRIVE,HARTFORD,CT,06112,retain_unresolved_source_site_for_review,DEV_CTA0000X048,outside_source_confirms_master_development_but_not_individual_site_address,Connecticut DDS Village at Park River open house,official_state_government,https://portal.ct.gov/dds/searchable-archive/media/latestnews2023/dds-deputy-commissioner-elisa-velardo-attends-open-house-at-supportive-housing-development,"Connecticut DDS identifies one six-phase Village at Park River / Westbrook Village redevelopment, but it does not verify this individual HUD address.",not_approved,2026-08-11
SISR_CT_PARK_RIVER,DEV_CTA20220005,DEV_CTA20220005_SITE_0001,CT|13 STILLMAN WESTBROOK CT|HARTFORD,13 STILLMAN WESTBROOK COURT,HARTFORD,CT,6112,retain_unresolved_source_site_for_review,DEV_CTA0000X048,outside_source_confirms_master_development_but_not_individual_site_address,Connecticut DDS Village at Park River open house,official_state_government,https://portal.ct.gov/dds/searchable-archive/media/latestnews2023/dds-deputy-commissioner-elisa-velardo-attends-open-house-at-supportive-housing-development,"Connecticut DDS identifies one six-phase Village at Park River / Westbrook Village redevelopment, but it does not verify this individual HUD address.",not_approved,2026-08-11
SISR_CT_PARK_RIVER,DEV_CTA20220005,DEV_CTA20220005_SITE_0002,CT|71 PARK RIVER DR|HARTFORD,71 PARK RIVER DRIVE,HARTFORD,CT,6112,retain_unresolved_source_site_for_review,DEV_CTA0000X048,outside_source_confirms_master_development_but_not_individual_site_address,Connecticut DDS Village at Park River open house,official_state_government,https://portal.ct.gov/dds/searchable-archive/media/latestnews2023/dds-deputy-commissioner-elisa-velardo-attends-open-house-at-supportive-housing-development,"Connecticut DDS identifies one six-phase Village at Park River / Westbrook Village redevelopment, but it does not verify this individual HUD address.",not_approved,2026-08-11
SISR_CT_PARK_RIVER,DEV_CTA20220005,DEV_CTA20220005_SITE_0003,CT|74 PARK RIVER DR|HARTFORD,74 PARK RIVER DRIVE,HARTFORD,CT,6112,retain_unresolved_source_site_for_review,DEV_CTA0000X048,outside_source_confirms_master_development_but_not_individual_site_address,Connecticut DDS Village at Park River open house,official_state_government,https://portal.ct.gov/dds/searchable-archive/media/latestnews2023/dds-deputy-commissioner-elisa-velardo-attends-open-house-at-supportive-housing-development,"Connecticut DDS identifies one six-phase Village at Park River / Westbrook Village redevelopment, but it does not verify this individual HUD address.",not_approved,2026-08-11
SISR_CT_PARK_RIVER,DEV_CTA20220005,DEV_CTA20220005_SITE_0004,CT|85 PARK RIVER DR|HARTFORD,85 PARK RIVER DRIVE,HARTFORD,CT,6112,retain_unresolved_source_site_for_review,DEV_CTA0000X048,outside_source_confirms_master_development_but_not_individual_site_address,Connecticut DDS Village at Park River open house,official_state_government,https://portal.ct.gov/dds/searchable-archive/media/latestnews2023/dds-deputy-commissioner-elisa-velardo-attends-open-house-at-supportive-housing-development,"Connecticut DDS identifies one six-phase Village at Park River / Westbrook Village redevelopment, but it does not verify this individual HUD address.",not_approved,2026-08-11
SISR_CT_PARK_RIVER,DEV_CTA20220005,DEV_CTA20220005_SITE_0005,CT|86 PARK RIVER DR|HARTFORD,86 PARK RIVER DRIVE,HARTFORD,CT,6112,retain_unresolved_source_site_for_review,DEV_CTA0000X048,outside_source_confirms_master_development_but_not_individual_site_address,Connecticut DDS Village at Park River open house,official_state_government,https://portal.ct.gov/dds/searchable-archive/media/latestnews2023/dds-deputy-commissioner-elisa-velardo-attends-open-house-at-supportive-housing-development,"Connecticut DDS identifies one six-phase Village at Park River / Westbrook Village redevelopment, but it does not verify this individual HUD address.",not_approved,2026-08-11
SISR_CT_PARK_RIVER,DEV_CTA20220005,DEV_CTA20220005_SITE_0006,CT|MULTIPLE ADDRESSES NEAR 144 MARK TWAIN DR|HARTFORD,MULTIPLE ADDRESSES NEAR 144 MARK TWAIN DRIVE,HARTFORD,CT,06112,retain_unresolved_source_site_for_review,DEV_CTA0000X048,outside_source_confirms_master_development_but_not_individual_site_address,Connecticut DDS Village at Park River open house,official_state_government,https://portal.ct.gov/dds/searchable-archive/media/latestnews2023/dds-deputy-commissioner-elisa-velardo-attends-open-house-at-supportive-housing-development,"Connecticut DDS identifies one six-phase Village at Park River / Westbrook Village redevelopment, but it does not verify this individual HUD address.",not_approved,2026-08-11
SISR_CT_WILLOW_CREEK,DEV_CTA20220006,DEV_CTA20220006_SITE_0001,CT|17 NAHUM DR|HARTFORD,17 NAHUM DRIVE,HARTFORD,CT,6112,retain_unresolved_source_site_for_review,DEV_CTA0000X051,identity_decision_does_not_validate_this_source_site_for_geocoding,Connecticut CEQ Scoping Notice: Willow Creek Apartments,official_state_government,https://portal.ct.gov/CEQ/DECD/Scoping-Notice/Willow-Creek-Apartments-Hartford,The state scoping notice identifies Willow Creek as one redevelopment implemented in phases; CHFA records identify the three financing phases.,not_approved,2026-08-11
SISR_CT_WILLOW_CREEK,DEV_CTA20220006,DEV_CTA20220006_SITE_0002,CT|19 NAHUM DR|HARTFORD,19 NAHUM DRIVE,HARTFORD,CT,6112,retain_unresolved_source_site_for_review,DEV_CTA0000X051,identity_decision_does_not_validate_this_source_site_for_geocoding,Connecticut CEQ Scoping Notice: Willow Creek Apartments,official_state_government,https://portal.ct.gov/CEQ/DECD/Scoping-Notice/Willow-Creek-Apartments-Hartford,The state scoping notice identifies Willow Creek as one redevelopment implemented in phases; CHFA records identify the three financing phases.,not_approved,2026-08-11
SISR_CT_WILLOW_CREEK,DEV_CTA20220006,DEV_CTA20220006_SITE_0003,CT|20 NAHUM DR|HARTFORD,20 NAHUM DRIVE,HARTFORD,CT,6112,retain_unresolved_source_site_for_review,DEV_CTA0000X051,identity_decision_does_not_validate_this_source_site_for_geocoding,Connecticut CEQ Scoping Notice: Willow Creek Apartments,official_state_government,https://portal.ct.gov/CEQ/DECD/Scoping-Notice/Willow-Creek-Apartments-Hartford,The state scoping notice identifies Willow Creek as one redevelopment implemented in phases; CHFA records identify the three financing phases.,not_approved,2026-08-11
SISR_CT_WILLOW_CREEK,DEV_CTA20220006,DEV_CTA20220006_SITE_0004,CT|21 NAHUM DR|HARTFORD,21 NAHUM DRIVE,HARTFORD,CT,6112,retain_unresolved_source_site_for_review,DEV_CTA0000X051,identity_decision_does_not_validate_this_source_site_for_geocoding,Connecticut CEQ Scoping Notice: Willow Creek Apartments,official_state_government,https://portal.ct.gov/CEQ/DECD/Scoping-Notice/Willow-Creek-Apartments-Hartford,The state scoping notice identifies Willow Creek as one redevelopment implemented in phases; CHFA records identify the three financing phases.,not_approved,2026-08-11
SISR_CT_WILLOW_CREEK,DEV_CTA20220006,DEV_CTA20220006_SITE_0005,CT|22 NAHUM DR|HARTFORD,22 NAHUM DRIVE,HARTFORD,CT,6112,retain_unresolved_source_site_for_review,DEV_CTA0000X051,identity_decision_does_not_validate_this_source_site_for_geocoding,Connecticut CEQ Scoping Notice: Willow Creek Apartments,official_state_government,https://portal.ct.gov/CEQ/DECD/Scoping-Notice/Willow-Creek-Apartments-Hartford,The state scoping notice identifies Willow Creek as one redevelopment implemented in phases; CHFA records identify the three financing phases.,not_approved,2026-08-11
SISR_CT_WILLOW_CREEK,DEV_CTA20220006,DEV_CTA20220006_SITE_0006,CT|23 NAHUM DR|HARTFORD,23 NAHUM DRIVE,HARTFORD,CT,6112,retain_unresolved_source_site_for_review,DEV_CTA0000X051,identity_decision_does_not_validate_this_source_site_for_geocoding,Connecticut CEQ Scoping Notice: Willow Creek Apartments,official_state_government,https://portal.ct.gov/CEQ/DECD/Scoping-Notice/Willow-Creek-Apartments-Hartford,The state scoping notice identifies Willow Creek as one redevelopment implemented in phases; CHFA records identify the three financing phases.,not_approved,2026-08-11
SISR_CT_WILLOW_CREEK,DEV_CTA20220006,DEV_CTA20220006_SITE_0007,CT|25 NAHUM DR|HARTFORD,25 NAHUM DRIVE,HARTFORD,CT,6112,retain_unresolved_source_site_for_review,DEV_CTA0000X051,identity_decision_does_not_validate_this_source_site_for_geocoding,Connecticut CEQ Scoping Notice: Willow Creek Apartments,official_state_government,https://portal.ct.gov/CEQ/DECD/Scoping-Notice/Willow-Creek-Apartments-Hartford,The state scoping notice identifies Willow Creek as one redevelopment implemented in phases; CHFA records identify the three financing phases.,not_approved,2026-08-11
SISR_CT_WILLOW_CREEK,DEV_CTA20220006,DEV_CTA20220006_SITE_0008,CT|27 NAHUM DR|HARTFORD,27 NAHUM DRIVE,HARTFORD,CT,6112,retain_unresolved_source_site_for_review,DEV_CTA0000X051,identity_decision_does_not_validate_this_source_site_for_geocoding,Connecticut CEQ Scoping Notice: Willow Creek Apartments,official_state_government,https://portal.ct.gov/CEQ/DECD/Scoping-Notice/Willow-Creek-Apartments-Hartford,The state scoping notice identifies Willow Creek as one redevelopment implemented in phases; CHFA records identify the three financing phases.,not_approved,2026-08-11
SISR_CT_WILLOW_CREEK,DEV_CTA20220006,DEV_CTA20220006_SITE_0009,CT|421 GRANBY ST|HARTFORD,421 GRANBY STREET,HARTFORD,CT,06112,retain_unresolved_source_site_for_review,DEV_CTA0000X051,identity_decision_does_not_validate_this_source_site_for_geocoding,Connecticut CEQ Scoping Notice: Willow Creek Apartments,official_state_government,https://portal.ct.gov/CEQ/DECD/Scoping-Notice/Willow-Creek-Apartments-Hartford,The state scoping notice identifies Willow Creek as one redevelopment implemented in phases; CHFA records identify the three financing phases.,not_approved,2026-08-11
SISR_GA_MATHEWS_924,DEV_GAA19890010,DEV_GAA19890010_SITE_0001,GA|924 MATHEWS ST SW|ATLANTA,924 MATHEWS ST SW,ATLANTA,GA,30310,keep_verified_physical_site,DEV_GAA19890010,public_source_supports_site_as_a_component_of_the_reviewed_physical_property,Georgia DCA Abernathy Market Study,official_state_housing_agency,https://dca.georgia.gov/document/forms/2016-502abernathy-marketpdf/download,The market study identifies the 922 Mathews property as Seven Courts; the four nearby HUD rows occupy separate street numbers and are conservatively retained as distinct buildings.,not_approved,2026-08-11
SISR_GA_MATHEWS_936,DEV_GAA19900020,DEV_GAA19900020_SITE_0001,GA|936 MATHEWS ST SW|ATLANTA,936 MATHEWS ST SW,ATLANTA,GA,30310,keep_verified_physical_site,DEV_GAA19900020,public_source_supports_site_as_a_component_of_the_reviewed_physical_property,Georgia DCA Abernathy Market Study,official_state_housing_agency,https://dca.georgia.gov/document/forms/2016-502abernathy-marketpdf/download,The market study identifies the 922 Mathews property as Seven Courts; the four nearby HUD rows occupy separate street numbers and are conservatively retained as distinct buildings.,not_approved,2026-08-11
SISR_GA_MATHEWS_922,DEV_GAA19900265,DEV_GAA19900265_SITE_0001,GA|922 MATHEWS ST SW|ATLANTA,922 MATHEWS ST SW,ATLANTA,GA,30310,keep_verified_physical_site,DEV_GAA19900265,public_source_supports_site_as_a_component_of_the_reviewed_physical_property,Georgia DCA Abernathy Market Study,official_state_housing_agency,https://dca.georgia.gov/document/forms/2016-502abernathy-marketpdf/download,The market study identifies the 922 Mathews property as Seven Courts; the four nearby HUD rows occupy separate street numbers and are conservatively retained as distinct buildings.,not_approved,2026-08-11
SISR_GA_MATHEWS_932,DEV_GAA19910045,DEV_GAA19910045_SITE_0001,GA|932 MATHEWS ST SW|ATLANTA,932 MATHEWS ST SW,ATLANTA,GA,30310,retain_unresolved_source_site_for_review,DEV_GAA19910045,outside_source_property_label_conflicts_with_individual_site_street_number,Georgia DCA Abernathy Market Study,official_state_housing_agency,https://dca.georgia.gov/document/forms/2016-502abernathy-marketpdf/download,"The market study lists a resource named 932 Mathews Street SW but gives its address as 933 Mathews Street SW, so the HUD 932 site remains unresolved.",not_approved,2026-08-11
SISR_IL_EVERGREEN_I,DEV_ILA20140012,DEV_ILA20140012_SITE_0001,IL|1353 N CLEVELAND AVE|CHICAGO,1353 N CLEVELAND AVE,CHICAGO,IL,60610,keep_verified_physical_site,DEV_ILA20140012,public_source_supports_site_as_a_component_of_the_reviewed_physical_property,Section 8 Search: Evergreen Tower I,independent_public_housing_directory,https://section8search.org/illinois/chicago/evergreen-tower-i/jazfjjavdjtaqm0529a6s0pv,"The outside directory identifies Evergreen Tower I as a separate 102-unit property at 1353 North Cleveland Avenue, distinct from Tower II at 1343 North Cleveland.",not_approved,2026-08-11
SISR_IL_MAPLE_POINTE,DEV_ILB0000X073,DEV_ILB0000X073_SITE_0001,IL|150 W MAPLE|CHICAGO,150 W MAPLE,CHICAGO,IL,60610,keep_verified_physical_site,DEV_ILB0000X073,public_source_supports_site_as_a_component_of_the_reviewed_physical_property,IHDA Finance Committee Minutes,official_state_housing_finance_agency,https://www.ihda.org/wp-content/uploads/2015/12/Finance-Committee-Minutes_approved.pdf,IHDA identifies Maple Pointe as a 343-unit property in the Standard Illinois transaction; the current 150 West Maple address maps this row to Maple Pointe rather than to the five-property umbrella.,not_approved,2026-08-11
SISR_IL_WALSH_PARK,DEV_ILB0000X074,DEV_ILB0000X074_SITE_0001,IL|1734 N PAULINA ST|CHICAGO,1734 NORTH PAULINA STREET,CHICAGO,IL,60622,keep_verified_physical_site,DEV_ILB0000X074,public_source_supports_site_as_a_component_of_the_reviewed_physical_property,IHDA Finance Committee Minutes,official_state_housing_finance_agency,https://www.ihda.org/wp-content/uploads/2015/12/Finance-Committee-Minutes_approved.pdf,IHDA identifies Walsh Park as a 134-unit property in the Standard Illinois transaction; the current 1734 North Paulina address maps this row to Walsh Park rather than to the five-property umbrella.,not_approved,2026-08-11
SISR_IL_EVERGREEN_II,DEV_ILB0000X083,DEV_ILB0000X083_SITE_0001,IL|1343 N CLEVELAND ST|CHICAGO,1343 N. CLEVELAND ST.,CHICAGO,IL,60610,drop_malformed_redundant_variant,DEV_ILB19980010,reviewed_duplicate_or_malformed_variant_of_a_retained_site,Affordable Housing Hub: Evergreen Tower II,independent_public_housing_directory,https://affordablehousinghub.org/housing/illinois/cook-county/chicago/evergreen-tower-ii-8183-lihtc,"The independent directory identifies one Evergreen Tower II property at 1343 North Cleveland Avenue with 101 total and 82 low-income units, supporting the same-address duplicate merge and rejecting the ST suffix variant.",not_approved,2026-08-11
SISR_IL_EVERGREEN_II,DEV_ILB19980010,DEV_ILB19980010_SITE_0001,IL|1343 N CLEVELAND AVE|CHICAGO,1343 N CLEVELAND AVE,CHICAGO,IL,60610,keep_verified_physical_site,DEV_ILB19980010,outside_source_supports_this_canonical_physical_site,Affordable Housing Hub: Evergreen Tower II,independent_public_housing_directory,https://affordablehousinghub.org/housing/illinois/cook-county/chicago/evergreen-tower-ii-8183-lihtc,"The independent directory identifies one Evergreen Tower II property at 1343 North Cleveland Avenue with 101 total and 82 low-income units, supporting the same-address duplicate merge and rejecting the ST suffix variant.",not_approved,2026-08-11
SISR_IN_TALL_OAKS,DEV_INA19990123,DEV_INA19990123_SITE_0001,IN|306 BINFORD ST|CRAWFORDSVILLE,306 BINFORD ST,CRAWFORDSVILLE,IN,47933,retain_unresolved_source_site_for_review,DEV_INA19990123,retain_source_site_without_physical_or_geocoding_approval,IHCDA Winter 2016,official_state_housing_agency,https://www.in.gov/ihcda/files/IHCDA_winter_2016_WEB_FINAL.pdf,"IHCDA reports that the Culver Union Hospital property served as a hospital until 1984, remained vacant for 31 years, and was reused as Historic Whitlock in 2016, ruling out the HUD row's claimed 1999 Tall Oaks identity at this source address.",not_approved,2026-08-11
SISR_IN_HISTORIC_WHITLOCK,DEV_INA20166173,DEV_INA20166173_SITE_0001,IN|306 BINFORD AVE|CRAWFORDSVILLE,306 BINFORD AVENUE,CRAWFORDSVILLE,IN,47933,retain_unresolved_source_site_for_review,DEV_INA20166173,outside_source_confirms_development_but_not_individual_site_or_street_suffix,IHCDA Winter 2016 Publication,official_state_housing_agency,https://www.in.gov/ihcda/files/IHCDA_winter_2016_WEB_FINAL.pdf,"IHCDA documents the Historic Whitlock redevelopment, but this source does not identify these individual HUD addresses or resolve the 306 Binford Street/Avenue variants.",not_approved,2026-08-11
SISR_IN_HISTORIC_WHITLOCK,DEV_INA20166173,DEV_INA20166173_SITE_0002,IN|306 BINFORD ST|CRAWFORDSVILLE,306 BINFORD ST,CRAWFORDSVILLE,IN,47933,retain_unresolved_source_site_for_review,DEV_INA20166173,outside_source_confirms_development_but_not_individual_site_or_street_suffix,IHCDA Winter 2016 Publication,official_state_housing_agency,https://www.in.gov/ihcda/files/IHCDA_winter_2016_WEB_FINAL.pdf,"IHCDA documents the Historic Whitlock redevelopment, but this source does not identify these individual HUD addresses or resolve the 306 Binford Street/Avenue variants.",not_approved,2026-08-11
SISR_IN_HISTORIC_WHITLOCK,DEV_INA20166173,DEV_INA20166173_SITE_0003,IN|308 DUBOIS AVE|CRAWFORDSVILLE,308 DUBOIS AVENUE,CRAWFORDSVILLE,IN,47933,retain_unresolved_source_site_for_review,DEV_INA20166173,outside_source_confirms_development_but_not_individual_site_or_street_suffix,IHCDA Winter 2016 Publication,official_state_housing_agency,https://www.in.gov/ihcda/files/IHCDA_winter_2016_WEB_FINAL.pdf,"IHCDA documents the Historic Whitlock redevelopment, but this source does not identify these individual HUD addresses or resolve the 306 Binford Street/Avenue variants.",not_approved,2026-08-11
SISR_KS_6637_151ST,DEV_KSA19930035,DEV_KSA19930035_SITE_0001,KS|6637 W 151ST ST|OVERLAND PARK,6637 W 151ST ST,OVERLAND PARK,KS,66223,drop_wrong_source_site,DEV_KSA19930035,outside_source_confirms_this_is_not_a_valid_site_for_the_adjudicated_property,"Overland Park Community Development Agenda, February 17 2014",official_local_government,https://www2.opkansas.org/City-Government/Agendas-and-Minutes/Community-Development/Agendas/2014/2014-02-17_Special/ACT-1-3.pdf,"The city document identifies HUD project KSA1993090 as 6637-39 W 151st Place; the two HUD rows share year, allocation, and duplex identity.",not_approved,2026-08-11
SISR_KS_6637_151ST,DEV_KSA19930090,DEV_KSA19930090_SITE_0001,KS|6637 W 151ST PL|OVERLAND PARK,6637 W 151ST PL,OVERLAND PARK,KS,66223,keep_verified_physical_site,DEV_KSA19930035,outside_source_supports_this_canonical_physical_site,"Overland Park Community Development Agenda, February 17 2014",official_local_government,https://www2.opkansas.org/City-Government/Agendas-and-Minutes/Community-Development/Agendas/2014/2014-02-17_Special/ACT-1-3.pdf,"The city document identifies HUD project KSA1993090 as 6637-39 W 151st Place; the two HUD rows share year, allocation, and duplex identity.",not_approved,2026-08-11
SISR_LA_VILLA_ASHLEY,DEV_LAA20070012,DEV_LAA20070012_SITE_0001,LA|6116 6118 VILLA ASHLEY DR|BATON ROUGE,6116 & 6118 VILLA ASHLEY DRIVE,BATON ROUGE,LA,70806-0000,retain_unresolved_source_site_for_review,DEV_LAA20070012,identity_decision_does_not_validate_this_source_site_for_geocoding,East Baton Rouge Parish Tax Parcel API,official_local_parcel_api,https://maps.brla.gov/gis/rest/services/Cadastral/Tax_Parcel/MapServer/0/query?where=PHYSICAL_ADDRESS%20IN%20%28%276112%20VILLA%20ASHLEY%20DR%27%2C%276116%20VILLA%20ASHLEY%20DR%27%2C%276118%20VILLA%20ASHLEY%20DR%27%29&outFields=ASSESSMENT_NUM%2CPRONO%2COWNER%2CPHYSICAL_ADDRESS%2CSUBDIVISION%2CLOT%2CLEGAL_DESCRIPTION%2CSTATUS&returnGeometry=false&orderByFields=LOT&f=pjson,"The assessor identifies 6118 as lot 59, 6116 as lot 60, and 6112 as lots 61 and 62 under one current owner; the compound and administrative source rows do not form a complete one-site-per-row inventory.",not_approved,2026-08-11
SISR_LA_VILLA_ASHLEY,DEV_LAA20070110,DEV_LAA20070110_SITE_0001,LA|6112 VILLA ASHLEY DR|BATON ROUGE,6112 VILLA ASHLEY DR,BATON ROUGE,LA,70806,retain_unresolved_source_site_for_review,DEV_LAA20070012,identity_decision_does_not_validate_this_source_site_for_geocoding,East Baton Rouge Parish Tax Parcel API,official_local_parcel_api,https://maps.brla.gov/gis/rest/services/Cadastral/Tax_Parcel/MapServer/0/query?where=PHYSICAL_ADDRESS%20IN%20%28%276112%20VILLA%20ASHLEY%20DR%27%2C%276116%20VILLA%20ASHLEY%20DR%27%2C%276118%20VILLA%20ASHLEY%20DR%27%29&outFields=ASSESSMENT_NUM%2CPRONO%2COWNER%2CPHYSICAL_ADDRESS%2CSUBDIVISION%2CLOT%2CLEGAL_DESCRIPTION%2CSTATUS&returnGeometry=false&orderByFields=LOT&f=pjson,"The assessor identifies 6118 as lot 59, 6116 as lot 60, and 6112 as lots 61 and 62 under one current owner; the compound and administrative source rows do not form a complete one-site-per-row inventory.",not_approved,2026-08-11
SISR_MA_VERNON_COURT,DEV_MAB00000271,DEV_MAB00000271_SITE_0001,MA|430 CENTRE ST|NEWTON,430 CENTRE ST,NEWTON,MA,02458,drop_malformed_redundant_variant,DEV_MAB19940070,reviewed_duplicate_or_malformed_variant_of_a_retained_site,City of Newton Housing Inventory,official_local_government,https://www.newtonma.gov/home/showpublisheddocument/86084/637909883529400000,"Newton's housing inventory identifies Evans Park at Newton Corner at 430 Centre Street, the historic Vernon Court property represented by the older Heritage name.",not_approved,2026-08-11
SISR_MA_VERNON_COURT,DEV_MAB19940070,DEV_MAB19940070_SITE_0001,MA|430 CENTRE ST|NEWTON,430 CENTRE ST,NEWTON,MA,02458,keep_verified_physical_site,DEV_MAB19940070,outside_source_supports_this_canonical_physical_site,City of Newton Housing Inventory,official_local_government,https://www.newtonma.gov/home/showpublisheddocument/86084/637909883529400000,"Newton's housing inventory identifies Evans Park at Newton Corner at 430 Centre Street, the historic Vernon Court property represented by the older Heritage name.",not_approved,2026-08-11
SISR_MO_11TH_ST,DEV_MOA19920005,DEV_MOA19920005_SITE_0001,MO|202 S 11TH ST|ST JOSEPH,202 S 11TH ST,ST JOSEPH,MO,64501,retain_unresolved_source_site_for_review,DEV_MOA19920005,identity_decision_does_not_validate_this_source_site_for_geocoding,Affordable Housing Hub: 11th St Apartments,independent_public_housing_directory,https://affordablehousinghub.org/housing/missouri/buchanan-county/st-joseph/11th-st-apts-16309-lihtc,"The outside directory identifies 11th Street Apartments at 202 South 11th Street, distinct from the separately listed 9th Street property at 421 South Ninth Street.",not_approved,2026-08-11
SISR_MO_9TH_ST,DEV_MOA19930060,DEV_MOA19930060_SITE_0001,MO|421 S NINTH ST|ST JOSEPH,421 S NINTH ST,ST JOSEPH,MO,64501,retain_unresolved_source_site_for_review,DEV_MOA19930060,identity_decision_does_not_validate_this_source_site_for_geocoding,Affordable Housing 411: 9th St Apartments,independent_public_housing_directory,https://www.affordablehousing411.com/housing/lihtc-details-9th-st-apts-421-s-ninth-st-st-joseph-mo-64501/,"The outside directory identifies 9th Street Apartments at 421 South Ninth Street, distinct from the separately listed 11th Street property at 202 South 11th Street.",not_approved,2026-08-11
SISR_NC_ROLLING_HILLS,DEV_NCA19910400,DEV_NCA19910400_SITE_0001,NC|710 FERRELL CT|WINSTON SALEM,710 FERRELL COURT,WINSTON SALEM,NC,27101,retain_unresolved_source_site_for_review,DEV_NCA19910400,outside_source_confirms_development_or_phase_but_not_individual_site_address,Steele Properties Rolling Hills Press Release,owner_developer,https://www.steelellc.com/wp-content/uploads/2016/12/Casa-and-Rolling-Hills-press-release-10.27.16.pdf,"Steele identifies one six-building Rolling Hills property at 770 Ferrell Court, but this source does not verify this individual building address.",not_approved,2026-08-11
SISR_NC_ROLLING_HILLS,DEV_NCA19910400,DEV_NCA19910400_SITE_0002,NC|720 FERRELL CT|WINSTON SALEM,720 FERRELL COURT,WINSTON SALEM,NC,27101,retain_unresolved_source_site_for_review,DEV_NCA19910400,outside_source_confirms_development_or_phase_but_not_individual_site_address,Steele Properties Rolling Hills Press Release,owner_developer,https://www.steelellc.com/wp-content/uploads/2016/12/Casa-and-Rolling-Hills-press-release-10.27.16.pdf,"Steele identifies one six-building Rolling Hills property at 770 Ferrell Court, but this source does not verify this individual building address.",not_approved,2026-08-11
SISR_NC_ROLLING_HILLS,DEV_NCA19910400,DEV_NCA19910400_SITE_0003,NC|730 FERRELL CT|WINSTON SALEM,730 FERRELL COURT,WINSTON SALEM,NC,27101,retain_unresolved_source_site_for_review,DEV_NCA19910400,outside_source_confirms_development_or_phase_but_not_individual_site_address,Steele Properties Rolling Hills Press Release,owner_developer,https://www.steelellc.com/wp-content/uploads/2016/12/Casa-and-Rolling-Hills-press-release-10.27.16.pdf,"Steele identifies one six-building Rolling Hills property at 770 Ferrell Court, but this source does not verify this individual building address.",not_approved,2026-08-11
SISR_NC_ROLLING_HILLS,DEV_NCA19910400,DEV_NCA19910400_SITE_0004,NC|740 FERRELL CT|WINSTON SALEM,740 FERRELL COURT,WINSTON SALEM,NC,27101,retain_unresolved_source_site_for_review,DEV_NCA19910400,outside_source_confirms_development_or_phase_but_not_individual_site_address,Steele Properties Rolling Hills Press Release,owner_developer,https://www.steelellc.com/wp-content/uploads/2016/12/Casa-and-Rolling-Hills-press-release-10.27.16.pdf,"Steele identifies one six-building Rolling Hills property at 770 Ferrell Court, but this source does not verify this individual building address.",not_approved,2026-08-11
SISR_NC_ROLLING_HILLS,DEV_NCA19910400,DEV_NCA19910400_SITE_0005,NC|750 FERRELL CT|WINSTON SALEM,750 FERRELL COURT,WINSTON SALEM,NC,27101,retain_unresolved_source_site_for_review,DEV_NCA19910400,outside_source_confirms_development_or_phase_but_not_individual_site_address,Steele Properties Rolling Hills Press Release,owner_developer,https://www.steelellc.com/wp-content/uploads/2016/12/Casa-and-Rolling-Hills-press-release-10.27.16.pdf,"Steele identifies one six-building Rolling Hills property at 770 Ferrell Court, but this source does not verify this individual building address.",not_approved,2026-08-11
SISR_NC_ROLLING_HILLS,DEV_NCA19910400,DEV_NCA19910400_SITE_0006,NC|760 FERRELL CT|WINSTON SALEM,760 FERRELL COURT,WINSTON SALEM,NC,27101,retain_unresolved_source_site_for_review,DEV_NCA19910400,outside_source_confirms_development_or_phase_but_not_individual_site_address,Steele Properties Rolling Hills Press Release,owner_developer,https://www.steelellc.com/wp-content/uploads/2016/12/Casa-and-Rolling-Hills-press-release-10.27.16.pdf,"Steele identifies one six-building Rolling Hills property at 770 Ferrell Court, but this source does not verify this individual building address.",not_approved,2026-08-11
SISR_NC_ROLLING_HILLS,DEV_NCA19910400,DEV_NCA19910400_SITE_0007,NC|770 FERRELL CT|WINSTON SALEM,770 FERRELL CT,WINSTON SALEM,NC,27101,keep_verified_physical_site,DEV_NCA19910400,public_source_supports_site_as_a_component_of_the_reviewed_physical_property,Steele Properties Rolling Hills Press Release,owner_developer,https://www.steelellc.com/wp-content/uploads/2016/12/Casa-and-Rolling-Hills-press-release-10.27.16.pdf,"Steele identifies Rolling Hills as one 110-unit, six-building property; Monroe Group lists the property at 770 Ferrell Court.",not_approved,2026-08-11
SISR_NC_ROLLING_HILLS,DEV_NCA19919144,DEV_NCA19919144_SITE_0001,NC|710 FERRELL CT WINSTON SALEM NC 27101|WINSTON SALEM,710 FERRELL COURT WINSTON SALEM NC 27101,WINSTON SALEM,NC,27101,drop_malformed_redundant_variant,DEV_NCA19910400,street_field_repeats_city_state_zip_and_duplicates_a_clean_retained_row,Steele Properties Rolling Hills Press Release,owner_developer,https://www.steelellc.com/wp-content/uploads/2016/12/Casa-and-Rolling-Hills-press-release-10.27.16.pdf,"Steele identifies Rolling Hills as one 110-unit, six-building property; Monroe Group lists the property at 770 Ferrell Court.",not_approved,2026-08-11
SISR_NC_ROLLING_HILLS,DEV_NCA19919144,DEV_NCA19919144_SITE_0002,NC|710 FERRELL CT|WINSTON SALEM,710 FERRELL COURT,WINSTON SALEM,NC,27101,drop_malformed_redundant_variant,DEV_NCA19910400,duplicate_of_the_clean_address_set_retained_from_the_anchor_record,Steele Properties Rolling Hills Press Release,owner_developer,https://www.steelellc.com/wp-content/uploads/2016/12/Casa-and-Rolling-Hills-press-release-10.27.16.pdf,"Steele identifies Rolling Hills as one 110-unit, six-building property; Monroe Group lists the property at 770 Ferrell Court.",not_approved,2026-08-11
SISR_NC_ROLLING_HILLS,DEV_NCA19919144,DEV_NCA19919144_SITE_0003,NC|720 FERRELL CT WINSTON SALEM NC 27101|WINSTON SALEM,720 FERRELL COURT WINSTON SALEM NC 27101,WINSTON SALEM,NC,27101,drop_malformed_redundant_variant,DEV_NCA19910400,street_field_repeats_city_state_zip_and_duplicates_a_clean_retained_row,Steele Properties Rolling Hills Press Release,owner_developer,https://www.steelellc.com/wp-content/uploads/2016/12/Casa-and-Rolling-Hills-press-release-10.27.16.pdf,"Steele identifies Rolling Hills as one 110-unit, six-building property; Monroe Group lists the property at 770 Ferrell Court.",not_approved,2026-08-11
SISR_NC_ROLLING_HILLS,DEV_NCA19919144,DEV_NCA19919144_SITE_0004,NC|720 FERRELL CT|WINSTON SALEM,720 FERRELL COURT,WINSTON SALEM,NC,27101,drop_malformed_redundant_variant,DEV_NCA19910400,duplicate_of_the_clean_address_set_retained_from_the_anchor_record,Steele Properties Rolling Hills Press Release,owner_developer,https://www.steelellc.com/wp-content/uploads/2016/12/Casa-and-Rolling-Hills-press-release-10.27.16.pdf,"Steele identifies Rolling Hills as one 110-unit, six-building property; Monroe Group lists the property at 770 Ferrell Court.",not_approved,2026-08-11
SISR_NC_ROLLING_HILLS,DEV_NCA19919144,DEV_NCA19919144_SITE_0005,NC|730 FERRELL CT WINSTON SALEM NC 27101|WINSTON SALEM,730 FERRELL COURT WINSTON SALEM NC 27101,WINSTON SALEM,NC,27101,drop_malformed_redundant_variant,DEV_NCA19910400,street_field_repeats_city_state_zip_and_duplicates_a_clean_retained_row,Steele Properties Rolling Hills Press Release,owner_developer,https://www.steelellc.com/wp-content/uploads/2016/12/Casa-and-Rolling-Hills-press-release-10.27.16.pdf,"Steele identifies Rolling Hills as one 110-unit, six-building property; Monroe Group lists the property at 770 Ferrell Court.",not_approved,2026-08-11
SISR_NC_ROLLING_HILLS,DEV_NCA19919144,DEV_NCA19919144_SITE_0006,NC|730 FERRELL CT|WINSTON SALEM,730 FERRELL COURT,WINSTON SALEM,NC,27101,drop_malformed_redundant_variant,DEV_NCA19910400,duplicate_of_the_clean_address_set_retained_from_the_anchor_record,Steele Properties Rolling Hills Press Release,owner_developer,https://www.steelellc.com/wp-content/uploads/2016/12/Casa-and-Rolling-Hills-press-release-10.27.16.pdf,"Steele identifies Rolling Hills as one 110-unit, six-building property; Monroe Group lists the property at 770 Ferrell Court.",not_approved,2026-08-11
SISR_NC_ROLLING_HILLS,DEV_NCA19919144,DEV_NCA19919144_SITE_0007,NC|740 FERRELL CT WINSTON SALEM NC 27101|WINSTON SALEM,740 FERRELL COURT WINSTON SALEM NC 27101,WINSTON SALEM,NC,27101,drop_malformed_redundant_variant,DEV_NCA19910400,street_field_repeats_city_state_zip_and_duplicates_a_clean_retained_row,Steele Properties Rolling Hills Press Release,owner_developer,https://www.steelellc.com/wp-content/uploads/2016/12/Casa-and-Rolling-Hills-press-release-10.27.16.pdf,"Steele identifies Rolling Hills as one 110-unit, six-building property; Monroe Group lists the property at 770 Ferrell Court.",not_approved,2026-08-11
SISR_NC_ROLLING_HILLS,DEV_NCA19919144,DEV_NCA19919144_SITE_0008,NC|740 FERRELL CT|WINSTON SALEM,740 FERRELL COURT,WINSTON SALEM,NC,27101,drop_malformed_redundant_variant,DEV_NCA19910400,duplicate_of_the_clean_address_set_retained_from_the_anchor_record,Steele Properties Rolling Hills Press Release,owner_developer,https://www.steelellc.com/wp-content/uploads/2016/12/Casa-and-Rolling-Hills-press-release-10.27.16.pdf,"Steele identifies Rolling Hills as one 110-unit, six-building property; Monroe Group lists the property at 770 Ferrell Court.",not_approved,2026-08-11
SISR_NC_ROLLING_HILLS,DEV_NCA19919144,DEV_NCA19919144_SITE_0009,NC|750 FERRELL CT WINSTON SALEM NC 27101|WINSTON SALEM,750 FERRELL COURT WINSTON SALEM NC 27101,WINSTON SALEM,NC,27101,drop_malformed_redundant_variant,DEV_NCA19910400,street_field_repeats_city_state_zip_and_duplicates_a_clean_retained_row,Steele Properties Rolling Hills Press Release,owner_developer,https://www.steelellc.com/wp-content/uploads/2016/12/Casa-and-Rolling-Hills-press-release-10.27.16.pdf,"Steele identifies Rolling Hills as one 110-unit, six-building property; Monroe Group lists the property at 770 Ferrell Court.",not_approved,2026-08-11
SISR_NC_ROLLING_HILLS,DEV_NCA19919144,DEV_NCA19919144_SITE_0010,NC|750 FERRELL CT|WINSTON SALEM,750 FERRELL COURT,WINSTON SALEM,NC,27101,drop_malformed_redundant_variant,DEV_NCA19910400,duplicate_of_the_clean_address_set_retained_from_the_anchor_record,Steele Properties Rolling Hills Press Release,owner_developer,https://www.steelellc.com/wp-content/uploads/2016/12/Casa-and-Rolling-Hills-press-release-10.27.16.pdf,"Steele identifies Rolling Hills as one 110-unit, six-building property; Monroe Group lists the property at 770 Ferrell Court.",not_approved,2026-08-11
SISR_NC_ROLLING_HILLS,DEV_NCA19919144,DEV_NCA19919144_SITE_0011,NC|760 FERRELL CT WINSTON SALEM NC 27101|WINSTON SALEM,760 FERRELL COURT WINSTON SALEM NC 27101,WINSTON SALEM,NC,27101,drop_malformed_redundant_variant,DEV_NCA19910400,street_field_repeats_city_state_zip_and_duplicates_a_clean_retained_row,Steele Properties Rolling Hills Press Release,owner_developer,https://www.steelellc.com/wp-content/uploads/2016/12/Casa-and-Rolling-Hills-press-release-10.27.16.pdf,"Steele identifies Rolling Hills as one 110-unit, six-building property; Monroe Group lists the property at 770 Ferrell Court.",not_approved,2026-08-11
SISR_NC_ROLLING_HILLS,DEV_NCA19919144,DEV_NCA19919144_SITE_0012,NC|760 FERRELL CT|WINSTON SALEM,760 FERRELL COURT,WINSTON SALEM,NC,27101,drop_malformed_redundant_variant,DEV_NCA19910400,duplicate_of_the_clean_address_set_retained_from_the_anchor_record,Steele Properties Rolling Hills Press Release,owner_developer,https://www.steelellc.com/wp-content/uploads/2016/12/Casa-and-Rolling-Hills-press-release-10.27.16.pdf,"Steele identifies Rolling Hills as one 110-unit, six-building property; Monroe Group lists the property at 770 Ferrell Court.",not_approved,2026-08-11
SISR_NC_ROLLING_HILLS,DEV_NCA19919144,DEV_NCA19919144_SITE_0013,NC|770 FERRELL CT|WINSTON SALEM,770 FERRELL COURT,WINSTON SALEM,NC,27101,drop_malformed_redundant_variant,DEV_NCA19910400,duplicate_of_the_clean_address_set_retained_from_the_anchor_record,Steele Properties Rolling Hills Press Release,owner_developer,https://www.steelellc.com/wp-content/uploads/2016/12/Casa-and-Rolling-Hills-press-release-10.27.16.pdf,"Steele identifies Rolling Hills as one 110-unit, six-building property; Monroe Group lists the property at 770 Ferrell Court.",not_approved,2026-08-11
SISR_NC_GRAHAM_DUPLEX,DEV_NCA19940140,DEV_NCA19940140_SITE_0001,NC|1620 GRAHAM AVE|HENDERSON,1620 GRAHAM AVE,HENDERSON,NC,27536,drop_malformed_redundant_variant,DEV_NCA19940140,generic_1620_variant_is_replaced_by_the_complete_1620A_1620B_site_string,North Carolina Integrated Care for Kids Housing Guide,public_program_guide,https://ncinck.org/wp-content/uploads/2022/03/F_NC-InCK-Housing-Guide_formatted_10March22.pdf,The public guide treats 1620A and 1620B Graham Avenue as one property; the HUD rows share year and allocation.,not_approved,2026-08-11
SISR_NC_GRAHAM_DUPLEX,DEV_NCA19949090,DEV_NCA19949090_SITE_0001,NC|1620A 1620B GRAHAM AVE|HENDERSON,1620A 1620B GRAHAM AVE,HENDERSON,NC,27536,keep_verified_physical_site,DEV_NCA19940140,outside_source_supports_this_canonical_physical_site,North Carolina Integrated Care for Kids Housing Guide,public_program_guide,https://ncinck.org/wp-content/uploads/2022/03/F_NC-InCK-Housing-Guide_formatted_10March22.pdf,The public guide treats 1620A and 1620B Graham Avenue as one property; the HUD rows share year and allocation.,not_approved,2026-08-11
SISR_NJ_FAIRVIEW,DEV_NJA19950055,DEV_NJA19950055_SITE_0001,NJ|377 BERGEN BLVD|FAIRVIEW,377 BERGEN BLVD,FAIRVIEW,NJ,07022,drop_historical_redundant_address_alias,DEV_NJA19950055,judicially_documented_historical_371_377_property_range_not_a_second_site,Fairview Associates v. Fairview,published_state_supreme_court_opinion,https://law.justia.com/cases/new-jersey/supreme-court/1999/a-19-98-opn.html,"The New Jersey Supreme Court describes one Fairview Associates '94 property at 371-377 Bergen Boulevard, resolving the range as one property.",not_approved,2026-08-11
SISR_NJ_FAIRVIEW,DEV_NJA19950067,DEV_NJA19950067_SITE_0001,NJ|371 BERGEN BLVD|FAIRVIEW,371 BERGEN BLVD,FAIRVIEW,NJ,07022,keep_verified_physical_site,DEV_NJA19950055,official_state_guide_supports_this_canonical_property_address,New Jersey DCA Bergen County Affordable Housing Guide,official_state_government,https://www.nj.gov/dca/divisions/codes/publications/pdf_guide_2_afford_hsg/bergen.pdf,The official guide lists one 146-unit Fairview Apartments / Biltmore Plaza tax-credit property at 371 Bergen Boulevard.,not_approved,2026-08-11
SISR_NJ_WAKEMAN,DEV_NJA19950068,DEV_NJA19950068_SITE_0001,NJ|87 WAKEMAN AVE|NEWARK,87 WAKEMAN AVE,NEWARK,NJ,07104,drop_malformed_redundant_variant,DEV_NJA19950125,reviewed_duplicate_or_malformed_variant_of_a_retained_site,Wakeman Square owner and manager site,property_owner_manager_site,https://www.wakemansquare.com/,"The owner-manager site identifies one Wakeman Square community at 87-89 Wakeman Avenue. It supports merging the address-named, named, and later financing records while leaving building-suffix rows unresolved.",not_approved,2026-08-11
SISR_NJ_WAKEMAN,DEV_NJA19950125,DEV_NJA19950125_SITE_0001,NJ|87 89 WAKEMAN AVE BLDG A|NEWARK,87-89 WAKEMAN AVE BLDG A,NEWARK,NJ,11111,drop_malformed_redundant_variant,DEV_NJA19950125,reviewed_duplicate_or_malformed_variant_of_a_retained_site,Wakeman Square owner and manager site,property_owner_manager_site,https://www.wakemansquare.com/,"The owner-manager site identifies one Wakeman Square community at 87-89 Wakeman Avenue. It supports merging the address-named, named, and later financing records while leaving building-suffix rows unresolved.",not_approved,2026-08-11
SISR_NJ_WAKEMAN,DEV_NJA19950125,DEV_NJA19950125_SITE_0002,NJ|87 89 WAKEMAN AVE|NEWARK,87-89 WAKEMAN AVE,NEWARK,NJ,7107,drop_malformed_redundant_variant,DEV_NJA19950125,reviewed_duplicate_or_malformed_variant_of_a_retained_site,Wakeman Square owner and manager site,property_owner_manager_site,https://www.wakemansquare.com/,"The owner-manager site identifies one Wakeman Square community at 87-89 Wakeman Avenue. It supports merging the address-named, named, and later financing records while leaving building-suffix rows unresolved.",not_approved,2026-08-11
SISR_NJ_WAKEMAN,DEV_NJA19950125,DEV_NJA19950125_SITE_0003,NJ|87 WAKEMAN AVE|NEWARK,87 WAKEMAN AVENUE,NEWARK,NJ,07107,drop_malformed_redundant_variant,DEV_NJA19950125,reviewed_duplicate_or_malformed_variant_of_a_retained_site,Wakeman Square owner and manager site,property_owner_manager_site,https://www.wakemansquare.com/,"The owner-manager site identifies one Wakeman Square community at 87-89 Wakeman Avenue. It supports merging the address-named, named, and later financing records while leaving building-suffix rows unresolved.",not_approved,2026-08-11
SISR_NJ_RIVER_PARK,DEV_NJA19960095,DEV_NJA19960095_SITE_0001,NJ|8 BURTON WAY|LANDING,8 BURTON WAY,LANDING,NJ,07850,keep_verified_physical_site,DEV_NJA19960095,official_state_guide_supports_alternate_campus_address,New Jersey DCA Morris County Affordable Housing Guide,official_state_government,https://www.nj.gov/dca/divisions/codes/publications/pdf_guide_2_afford_hsg/morris.pdf,"The official guide lists Willows at Roxbury / River Park Village, 122 units, at 8 Burton Way.",not_approved,2026-08-11
SISR_NJ_RIVER_PARK,DEV_NJA19970085,DEV_NJA19970085_SITE_0001,NJ|5 BURTON WAY|LANDING,5 BURTON WAY,LANDING,NJ,07850,keep_verified_physical_site,DEV_NJA19960095,official_state_guide_supports_this_canonical_property_address,The Willows at Roxbury,property_owner_manager_site,https://livewillows.com/communities/the-willows-at-roxbury/,"The owner-manager identifies The Willows at Roxbury, formerly River Park Village, and supports the retained 5 Burton Way campus site.",not_approved,2026-08-11
SISR_NJ_ROEBLING,DEV_NJA19970090,DEV_NJA19970090_SITE_0001,NJ|32 RIVERSIDE AVE|FLORENCE,32 RIVERSIDE AVENUE,FLORENCE,NJ,08518,keep_verified_physical_site,DEV_NJA19970090,official_state_guide_supports_this_canonical_property_address,New Jersey DCA Burlington County Affordable Housing Guide,official_state_government,https://www.nj.gov/dca/codes/publications/pdf_guide_2_afford_hsg/burlington.pdf,The official state guide identifies one 14-unit Roebling Village Inn Senior Apartments property at 32 Riverside Avenue. It supports the merge and does not support the 718 South Route 130 source row.,not_approved,2026-08-11
SISR_NJ_ROEBLING,DEV_NJA19970090,DEV_NJA19970090_SITE_0002,NJ|32 RIVERSIDE AVE|ROEBLING,32 RIVERSIDE AVE,ROEBLING,NJ,08554,drop_malformed_redundant_variant,DEV_NJA19970090,reviewed_duplicate_or_malformed_variant_of_a_retained_site,New Jersey DCA Burlington County Affordable Housing Guide,official_state_government,https://www.nj.gov/dca/codes/publications/pdf_guide_2_afford_hsg/burlington.pdf,The official state guide identifies one 14-unit Roebling Village Inn Senior Apartments property at 32 Riverside Avenue. It supports the merge and does not support the 718 South Route 130 source row.,not_approved,2026-08-11
SISR_NJ_ROEBLING,DEV_NJA19970107,DEV_NJA19970107_SITE_0001,NJ|32 RIVERSIDE AVE|FLORENCE,32 RIVERSIDE AVE,FLORENCE,NJ,,drop_malformed_redundant_variant,DEV_NJA19970090,reviewed_duplicate_or_malformed_variant_of_a_retained_site,New Jersey DCA Burlington County Affordable Housing Guide,official_state_government,https://www.nj.gov/dca/codes/publications/pdf_guide_2_afford_hsg/burlington.pdf,The official state guide identifies one 14-unit Roebling Village Inn Senior Apartments property at 32 Riverside Avenue. It supports the merge and does not support the 718 South Route 130 source row.,not_approved,2026-08-11
SISR_NJ_RIVER_PARK,DEV_NJA19979041,DEV_NJA19979041_SITE_0001,NJ|2 BURTON WAY|ROXBURY,2 BURTON WAY,ROXBURY,NJ,7850,retain_unresolved_source_site_for_review,DEV_NJA19960095,property_identity_is_resolved_but_component_address_is_not_independently_verified,Roxbury Affordable Housing Monitoring Report,official_local_government,https://www.roxburynj.us/ArchiveCenter/ViewFile/Item/11065,"The municipal report places the project on one tax lot, but no first-party evidence reviewed here maps 2 Burton Way to a distinct physical site role.",not_approved,2026-08-11
SISR_NJ_RIVER_PARK,DEV_NJA19979041,DEV_NJA19979041_SITE_0002,NJ|5 BURTON WAY|ROXBURY TOWNSHIP,5 BURTON WAY,ROXBURY TOWNSHIP,NJ,07850,drop_malformed_redundant_variant,DEV_NJA19960095,reviewed_duplicate_or_malformed_variant_of_a_retained_site,New Jersey I Choose Home Housing List 2020,official_state_government,https://www.nj.gov/ooie/ichoose/documents/ICHNJ_Housing_List_2020.pdf,The state housing list identifies The Willows at Roxbury at 5 Burton Way; HUD records carry the former River Park Village name and adjacent Burton Way variants.,not_approved,2026-08-11
SISR_NJ_BRADFORD,DEV_NJA20009001,DEV_NJA20009001_SITE_0001,NJ|1 BRADFORD CT ROUTE 130|BORDENTOWN TOWNSHIP,1 BRADFORD COURT ROUTE 130,BORDENTOWN TOWNSHIP,NJ,8505,retain_unresolved_source_site_for_review,DEV_NJA20009001,property_identity_is_resolved_but_component_address_is_not_independently_verified,New Jersey DCA Burlington County Affordable Housing Guide,official_state_government,https://www.nj.gov/dca/codes/publications/pdf_guide_2_afford_hsg/burlington.pdf,The state guide identifies Bradford Pointe/Bordentown Apartments at 101-727 Bradford Court with 168 apartments; HUD variants use both names and malformed Route 130 descriptions.,not_approved,2026-08-11
SISR_NJ_BRADFORD,DEV_NJA20009001,DEV_NJA20009001_SITE_0002,NJ|2 BRADFORD CT ROUTE 130|BORDENTOWN TOWNSHIP,2 BRADFORD COURT ROUTE 130,BORDENTOWN TOWNSHIP,NJ,8505,retain_unresolved_source_site_for_review,DEV_NJA20009001,property_identity_is_resolved_but_component_address_is_not_independently_verified,New Jersey DCA Burlington County Affordable Housing Guide,official_state_government,https://www.nj.gov/dca/codes/publications/pdf_guide_2_afford_hsg/burlington.pdf,The state guide identifies Bradford Pointe/Bordentown Apartments at 101-727 Bradford Court with 168 apartments; HUD variants use both names and malformed Route 130 descriptions.,not_approved,2026-08-11
SISR_NJ_BRADFORD,DEV_NJA20009001,DEV_NJA20009001_SITE_0003,NJ|3 BROAD CT ROUTE 130|BORDENTOWN TOWNSHIP,3 BROAD COURT ROUTE 130,BORDENTOWN TOWNSHIP,NJ,8505,retain_unresolved_source_site_for_review,DEV_NJA20009001,malformed_component_string_may_represent_distinct_bradford_court_site,New Jersey DCA Burlington County Affordable Housing Guide,official_state_government,https://www.nj.gov/dca/codes/publications/pdf_guide_2_afford_hsg/burlington.pdf,The state guide resolves the property identity but does not determine whether this malformed numbered string is a distinct Bradford Court building; retain for later site repair.,not_approved,2026-08-11
SISR_NJ_BRADFORD,DEV_NJA20009001,DEV_NJA20009001_SITE_0004,NJ|4 BROADFORD CT ROUTE 130 BRADFORD CT|BORDENTOWN TOWNSHIP,4 BROADFORD COURT ROUTE 130 BRADFORD COURT,BORDENTOWN TOWNSHIP,NJ,8505,retain_unresolved_source_site_for_review,DEV_NJA20009001,malformed_component_string_may_represent_distinct_bradford_court_site,New Jersey DCA Burlington County Affordable Housing Guide,official_state_government,https://www.nj.gov/dca/codes/publications/pdf_guide_2_afford_hsg/burlington.pdf,The state guide resolves the property identity but does not determine whether this malformed numbered string is a distinct Bradford Court building; retain for later site repair.,not_approved,2026-08-11
SISR_NJ_BRADFORD,DEV_NJA20009001,DEV_NJA20009001_SITE_0005,NJ|5 BRADFORD CT ROUTE 130|BORDENTOWN TOWNSHIP,5 BRADFORD COURT ROUTE 130,BORDENTOWN TOWNSHIP,NJ,8505,retain_unresolved_source_site_for_review,DEV_NJA20009001,property_identity_is_resolved_but_component_address_is_not_independently_verified,New Jersey DCA Burlington County Affordable Housing Guide,official_state_government,https://www.nj.gov/dca/codes/publications/pdf_guide_2_afford_hsg/burlington.pdf,The state guide identifies Bradford Pointe/Bordentown Apartments at 101-727 Bradford Court with 168 apartments; HUD variants use both names and malformed Route 130 descriptions.,not_approved,2026-08-11
SISR_NJ_BRADFORD,DEV_NJA20009001,DEV_NJA20009001_SITE_0006,NJ|6 BRADFORD CT ROUTE 130|BORDENTOWN TOWNSHIP,6 BRADFORD COURT ROUTE 130,BORDENTOWN TOWNSHIP,NJ,8505,retain_unresolved_source_site_for_review,DEV_NJA20009001,property_identity_is_resolved_but_component_address_is_not_independently_verified,New Jersey DCA Burlington County Affordable Housing Guide,official_state_government,https://www.nj.gov/dca/codes/publications/pdf_guide_2_afford_hsg/burlington.pdf,The state guide identifies Bradford Pointe/Bordentown Apartments at 101-727 Bradford Court with 168 apartments; HUD variants use both names and malformed Route 130 descriptions.,not_approved,2026-08-11
SISR_NJ_BRADFORD,DEV_NJA20009001,DEV_NJA20009001_SITE_0007,NJ|7 BRADFORD CT ROUTE 130|BORDENTOWN TOWNSHIP,7 BRADFORD COURT ROUTE 130,BORDENTOWN TOWNSHIP,NJ,8505,retain_unresolved_source_site_for_review,DEV_NJA20009001,property_identity_is_resolved_but_component_address_is_not_independently_verified,New Jersey DCA Burlington County Affordable Housing Guide,official_state_government,https://www.nj.gov/dca/codes/publications/pdf_guide_2_afford_hsg/burlington.pdf,The state guide identifies Bradford Pointe/Bordentown Apartments at 101-727 Bradford Court with 168 apartments; HUD variants use both names and malformed Route 130 descriptions.,not_approved,2026-08-11
SISR_NJ_BRADFORD,DEV_NJA20009001,DEV_NJA20009001_SITE_0008,NJ|ROUTE 130 8609 PART 11 YES|BORDENTOWN TOWNSHIP,ROUTE 130 8609 PART 11 (YES),BORDENTOWN TOWNSHIP,NJ,08505,drop_wrong_source_site,DEV_NJA20009001,outside_source_confirms_this_is_not_a_valid_site_for_the_adjudicated_property,New Jersey DCA Burlington County Affordable Housing Guide,official_state_government,https://www.nj.gov/dca/codes/publications/pdf_guide_2_afford_hsg/burlington.pdf,The state guide identifies Bradford Pointe/Bordentown Apartments at 101-727 Bradford Court with 168 apartments; HUD variants use both names and malformed Route 130 descriptions.,not_approved,2026-08-11
SISR_NJ_BRADFORD,DEV_NJA20009013,DEV_NJA20009013_SITE_0001,NJ|1 BRADFORD CT|BORDENTOWN CITY,1 BRADFORD COURT,BORDENTOWN CITY,NJ,8505,drop_malformed_redundant_variant,DEV_NJA20009001,reviewed_duplicate_or_malformed_variant_of_a_retained_site,New Jersey DCA Burlington County Affordable Housing Guide,official_state_government,https://www.nj.gov/dca/codes/publications/pdf_guide_2_afford_hsg/burlington.pdf,The state guide identifies Bradford Pointe/Bordentown Apartments at 101-727 Bradford Court with 168 apartments; HUD variants use both names and malformed Route 130 descriptions.,not_approved,2026-08-11
SISR_NJ_BRADFORD,DEV_NJA20009013,DEV_NJA20009013_SITE_0002,NJ|1 BRADFORD CT|BORDENTOWN TWP,1 BRADFORD COURT,BORDENTOWN TWP.,NJ,8505,drop_malformed_redundant_variant,DEV_NJA20009001,reviewed_duplicate_or_malformed_variant_of_a_retained_site,New Jersey DCA Burlington County Affordable Housing Guide,official_state_government,https://www.nj.gov/dca/codes/publications/pdf_guide_2_afford_hsg/burlington.pdf,The state guide identifies Bradford Pointe/Bordentown Apartments at 101-727 Bradford Court with 168 apartments; HUD variants use both names and malformed Route 130 descriptions.,not_approved,2026-08-11
SISR_NJ_BRADFORD,DEV_NJA20009013,DEV_NJA20009013_SITE_0003,NJ|ROUTE 130 AND BURLINGTON BORDENTOWN RD|BORDENTOWN CITY,ROUTE 130 AND BURLINGTON-BORDENTOWN ROAD,BORDENTOWN CITY,NJ,08505,drop_wrong_source_site,DEV_NJA20009001,outside_source_confirms_this_is_not_a_valid_site_for_the_adjudicated_property,New Jersey DCA Burlington County Affordable Housing Guide,official_state_government,https://www.nj.gov/dca/codes/publications/pdf_guide_2_afford_hsg/burlington.pdf,The state guide identifies Bradford Pointe/Bordentown Apartments at 101-727 Bradford Court with 168 apartments; HUD variants use both names and malformed Route 130 descriptions.,not_approved,2026-08-11
SISR_NJ_SUMMIT,DEV_NJA20020090,DEV_NJA20020090_SITE_0001,NJ|599 20TH ST|IRVINGTON,599 20TH ST,IRVINGTON,NJ,07111,drop_malformed_redundant_variant,DEV_NJA20020165,reviewed_duplicate_or_malformed_variant_of_a_retained_site,New Jersey DCA Essex County Affordable Housing Guide,official_state_government,https://www.nj.gov/dca/divisions/codes/publications/pdf_guide_2_afford_hsg/essex.pdf,The state guide lists Summit Apartments at 599 South 20th Street; this equivalent address row duplicates the retained exact 599 South 20th Street site.,not_approved,2026-08-11
SISR_NJ_SUMMIT,DEV_NJA20020165,DEV_NJA20020165_SITE_0001,NJ|599 601 S 20TH ST|IRVINGTON,599-601 SOUTH 20TH STREET,IRVINGTON,NJ,7111,drop_malformed_redundant_variant,DEV_NJA20020165,outside_source_verifies_599_not_unsupported_599_601_range,New Jersey DCA Essex County Affordable Housing Guide,official_state_government,https://www.nj.gov/dca/divisions/codes/publications/pdf_guide_2_afford_hsg/essex.pdf,"The state guide lists Summit Apartments at 599 South 20th Street and does not support the broader 599-601 range, so this range variant is not retained.",not_approved,2026-08-11
SISR_NJ_SUMMIT,DEV_NJA20020165,DEV_NJA20020165_SITE_0002,NJ|599 S 20TH ST|IRVINGTON,599 SOUTH 20TH STREET,IRVINGTON,NJ,07111,keep_verified_physical_site,DEV_NJA20020165,official_state_guide_verifies_exact_599_south_20th_street_site,New Jersey DCA Essex County Affordable Housing Guide,official_state_government,https://www.nj.gov/dca/divisions/codes/publications/pdf_guide_2_afford_hsg/essex.pdf,"The state guide lists Summit Apartments at 599 South 20th Street, verifying this exact site.",not_approved,2026-08-11
SISR_NJ_SPRINGFIELD,DEV_NJA20030095,DEV_NJA20030095_SITE_0001,NJ|343 SPRINGFIELD AVE|NEWARK,343 SPRINGFIELD AVE,NEWARK,NJ,07103,drop_malformed_redundant_variant,DEV_NJA20030175,reviewed_duplicate_or_malformed_variant_of_a_retained_site,New Jersey DCA Essex County Affordable Housing Guide,official_state_government,https://www.nj.gov/dca/divisions/codes/publications/pdf_guide_2_afford_hsg/essex.pdf,The state guide and HUD records identify Springfield Village at 343-359 Springfield Avenue across the original and later financing records.,not_approved,2026-08-11
SISR_NJ_SPRINGFIELD,DEV_NJA20030175,DEV_NJA20030175_SITE_0001,NJ|343 359 SPRINGFIELD AVE|NEWARK,343-359 SPRINGFIELD AVENUE,NEWARK,NJ,7104,keep_verified_physical_site,DEV_NJA20030175,official_state_guide_supports_this_canonical_property_address,New Jersey DCA Essex County Affordable Housing Guide,official_state_government,https://www.nj.gov/dca/divisions/codes/publications/pdf_guide_2_afford_hsg/essex.pdf,The state guide and HUD records identify Springfield Village at 343-359 Springfield Avenue across the original and later financing records.,not_approved,2026-08-11
SISR_NJ_SPRINGFIELD,DEV_NJA20030175,DEV_NJA20030175_SITE_0002,NJ|343 SPRINGFIELD AVE|NEWARK,343 SPRINGFIELD AVENUE,NEWARK,NJ,07103,drop_malformed_redundant_variant,DEV_NJA20030175,reviewed_duplicate_or_malformed_variant_of_a_retained_site,New Jersey DCA Essex County Affordable Housing Guide,official_state_government,https://www.nj.gov/dca/divisions/codes/publications/pdf_guide_2_afford_hsg/essex.pdf,The state guide and HUD records identify Springfield Village at 343-359 Springfield Avenue across the original and later financing records.,not_approved,2026-08-11
SISR_NJ_VILLA_ESPERANZA,DEV_NJA20040125,DEV_NJA20040125_SITE_0001,NJ|262 272 SHEPARD AVE|NEWARK,262-272 SHEPARD AVENUE,NEWARK,NJ,7112,drop_wrong_source_site,DEV_NJA20040125,official_state_guide_assigns_shepard_address_to_separate_property,New Jersey DCA Essex County Affordable Housing Guide,official_state_government,https://www.nj.gov/dca/divisions/codes/publications/pdf_guide_2_afford_hsg/essex.pdf,"The official guide places Villa Esperanza at 311-315 Osborne Terrace and lists the Shepard Avenue apartments as a separate property, so this Shepard variant is not a Villa Esperanza site.",not_approved,2026-08-11
SISR_NJ_VILLA_ESPERANZA,DEV_NJA20040125,DEV_NJA20040125_SITE_0002,NJ|262 272 SHEPHERD AVE|NEWARK,262-272 SHEPHERD AVENUE,NEWARK,NJ,11111,drop_wrong_source_site,DEV_NJA20040125,official_state_guide_assigns_shepard_address_to_separate_property,New Jersey DCA Essex County Affordable Housing Guide,official_state_government,https://www.nj.gov/dca/divisions/codes/publications/pdf_guide_2_afford_hsg/essex.pdf,"The official guide places Villa Esperanza at 311-315 Osborne Terrace and lists the Shepard Avenue apartments as a separate property, so this Shepard variant is not a Villa Esperanza site.",not_approved,2026-08-11
SISR_NJ_VILLA_ESPERANZA,DEV_NJA20040125,DEV_NJA20040125_SITE_0003,NJ|262 SHEPHARD AVE|NEWARK,262 SHEPHARD AVENUE,NEWARK,NJ,07112,drop_wrong_source_site,DEV_NJA20040125,official_state_guide_assigns_shepard_address_to_separate_property,New Jersey DCA Essex County Affordable Housing Guide,official_state_government,https://www.nj.gov/dca/divisions/codes/publications/pdf_guide_2_afford_hsg/essex.pdf,"The official guide places Villa Esperanza at 311-315 Osborne Terrace and lists the Shepard Avenue apartments as a separate property, so this Shepard variant is not a Villa Esperanza site.",not_approved,2026-08-11
SISR_NJ_VILLA_ESPERANZA,DEV_NJA20050130,DEV_NJA20050130_SITE_0001,NJ|262 SHERPARD AVE|NEWARK,262 SHERPARD AVE,NEWARK,NJ,,retain_unresolved_source_site_for_review,DEV_NJA20050130,official_guide_supports_separate_sherpard_property_but_source_range_requires_site_review,New Jersey DCA Essex County Affordable Housing Guide,official_state_government,https://www.nj.gov/dca/divisions/codes/publications/pdf_guide_2_afford_hsg/essex.pdf,"The official guide lists a separate 262-72 Sherpard Avenue apartment property, but the single 262 Sherpard HUD row does not establish a complete site range.",not_approved,2026-08-11
SISR_NJ_ROEBLING,DEV_NJA20123115,DEV_NJA20123115_SITE_0001,NJ|32 RIVERSIDE AVE|FLORENCE,32 RIVERSIDE AVE,FLORENCE,NJ,8518,drop_malformed_redundant_variant,DEV_NJA19970090,reviewed_duplicate_or_malformed_variant_of_a_retained_site,New Jersey DCA Burlington County Affordable Housing Guide,official_state_government,https://www.nj.gov/dca/codes/publications/pdf_guide_2_afford_hsg/burlington.pdf,The official state guide identifies one 14-unit Roebling Village Inn Senior Apartments property at 32 Riverside Avenue. It supports the merge and does not support the 718 South Route 130 source row.,not_approved,2026-08-11
SISR_NJ_ROEBLING,DEV_NJA20123115,DEV_NJA20123115_SITE_0002,NJ|718 S RTE 130|BURLINGTON,718 S. RTE. 130,BURLINGTON,NJ,08016,drop_wrong_source_site,DEV_NJA19970090,outside_source_confirms_this_is_not_a_valid_site_for_the_adjudicated_property,New Jersey DCA Burlington County Affordable Housing Guide,official_state_government,https://www.nj.gov/dca/codes/publications/pdf_guide_2_afford_hsg/burlington.pdf,The official state guide identifies one 14-unit Roebling Village Inn Senior Apartments property at 32 Riverside Avenue. It supports the merge and does not support the 718 South Route 130 source row.,not_approved,2026-08-11
SISR_NJ_SPRINGFIELD,DEV_NJA20123126,DEV_NJA20123126_SITE_0001,NJ|343 359 SPRINGFIELD AVE|NEWARK,343-359 SPRINGFIELD AVE,NEWARK,NJ,07103-2600,drop_malformed_redundant_variant,DEV_NJA20030175,reviewed_duplicate_or_malformed_variant_of_a_retained_site,New Jersey DCA Essex County Affordable Housing Guide,official_state_government,https://www.nj.gov/dca/divisions/codes/publications/pdf_guide_2_afford_hsg/essex.pdf,The state guide and HUD records identify Springfield Village at 343-359 Springfield Avenue across the original and later financing records.,not_approved,2026-08-11
SISR_NJ_SUMMIT,DEV_NJA20123136,DEV_NJA20123136_SITE_0001,NJ|599 601 20TH ST|IRVINGTON,599-601 20TH ST,IRVINGTON,NJ,07111-4579,drop_malformed_redundant_variant,DEV_NJA20020165,reviewed_duplicate_or_malformed_variant_of_a_retained_site,New Jersey DCA Essex County Affordable Housing Guide,official_state_government,https://www.nj.gov/dca/divisions/codes/publications/pdf_guide_2_afford_hsg/essex.pdf,"The state guide lists Summit Apartments at 599 South 20th Street and does not support the broader 599-601 range, so this range variant is not retained.",not_approved,2026-08-11
SISR_NJ_SUMMIT,DEV_NJA20123136,DEV_NJA20123136_SITE_0002,NJ|599 601 S 20TH ST|IRVINGTON,599-601 SOUTH 20TH STREET,IRVINGTON,NJ,7111,drop_malformed_redundant_variant,DEV_NJA20020165,reviewed_duplicate_or_malformed_variant_of_a_retained_site,New Jersey DCA Essex County Affordable Housing Guide,official_state_government,https://www.nj.gov/dca/divisions/codes/publications/pdf_guide_2_afford_hsg/essex.pdf,"The state guide lists Summit Apartments at 599 South 20th Street and does not support the broader 599-601 range, so this range variant is not retained.",not_approved,2026-08-11
SISR_NJ_WAKEMAN,DEV_NJA20123140,DEV_NJA20123140_SITE_0001,NJ|87 89 WAKEMAN AVE BLDG A|NEWARK,87-89 WAKEMAN AVE BLDG. A,NEWARK,NJ,7107,retain_unresolved_source_site_for_review,DEV_NJA19950125,property_identity_is_resolved_but_component_address_is_not_independently_verified,Wakeman Square owner and manager site,property_owner_manager_site,https://www.wakemansquare.com/,"The owner-manager site identifies one Wakeman Square community at 87-89 Wakeman Avenue. It supports merging the address-named, named, and later financing records while leaving building-suffix rows unresolved.",not_approved,2026-08-11
SISR_NJ_WAKEMAN,DEV_NJA20123140,DEV_NJA20123140_SITE_0002,NJ|87 89 WAKEMAN AVE BLDG B|NEWARK,87-89 WAKEMAN AVE BLDG. B,NEWARK,NJ,7107,retain_unresolved_source_site_for_review,DEV_NJA19950125,property_identity_is_resolved_but_component_address_is_not_independently_verified,Wakeman Square owner and manager site,property_owner_manager_site,https://www.wakemansquare.com/,"The owner-manager site identifies one Wakeman Square community at 87-89 Wakeman Avenue. It supports merging the address-named, named, and later financing records while leaving building-suffix rows unresolved.",not_approved,2026-08-11
SISR_NJ_WAKEMAN,DEV_NJA20123140,DEV_NJA20123140_SITE_0003,NJ|87 89 WAKEMAN AVE BLDG C|NEWARK,87-89 WAKEMAN AVE BLDG. C,NEWARK,NJ,7107,retain_unresolved_source_site_for_review,DEV_NJA19950125,property_identity_is_resolved_but_component_address_is_not_independently_verified,Wakeman Square owner and manager site,property_owner_manager_site,https://www.wakemansquare.com/,"The owner-manager site identifies one Wakeman Square community at 87-89 Wakeman Avenue. It supports merging the address-named, named, and later financing records while leaving building-suffix rows unresolved.",not_approved,2026-08-11
SISR_NJ_WAKEMAN,DEV_NJA20123140,DEV_NJA20123140_SITE_0004,NJ|87 89 WAKEMAN AVE BLDG D|NEWARK,87-89 WAKEMAN AVE BLDG. D,NEWARK,NJ,7107,retain_unresolved_source_site_for_review,DEV_NJA19950125,property_identity_is_resolved_but_component_address_is_not_independently_verified,Wakeman Square owner and manager site,property_owner_manager_site,https://www.wakemansquare.com/,"The owner-manager site identifies one Wakeman Square community at 87-89 Wakeman Avenue. It supports merging the address-named, named, and later financing records while leaving building-suffix rows unresolved.",not_approved,2026-08-11
SISR_NJ_WAKEMAN,DEV_NJA20123140,DEV_NJA20123140_SITE_0005,NJ|87 89 WAKEMAN AVE BLDG E|NEWARK,87-89 WAKEMAN AVE BLDG. E,NEWARK,NJ,7107,retain_unresolved_source_site_for_review,DEV_NJA19950125,property_identity_is_resolved_but_component_address_is_not_independently_verified,Wakeman Square owner and manager site,property_owner_manager_site,https://www.wakemansquare.com/,"The owner-manager site identifies one Wakeman Square community at 87-89 Wakeman Avenue. It supports merging the address-named, named, and later financing records while leaving building-suffix rows unresolved.",not_approved,2026-08-11
SISR_NJ_WAKEMAN,DEV_NJA20123140,DEV_NJA20123140_SITE_0006,NJ|87 89 WAKEMAN AVE BLDG F|NEWARK,87-89 WAKEMAN AVE BLDG. F,NEWARK,NJ,7107,retain_unresolved_source_site_for_review,DEV_NJA19950125,property_identity_is_resolved_but_component_address_is_not_independently_verified,Wakeman Square owner and manager site,property_owner_manager_site,https://www.wakemansquare.com/,"The owner-manager site identifies one Wakeman Square community at 87-89 Wakeman Avenue. It supports merging the address-named, named, and later financing records while leaving building-suffix rows unresolved.",not_approved,2026-08-11
SISR_NJ_WAKEMAN,DEV_NJA20123140,DEV_NJA20123140_SITE_0007,NJ|87 89 WAKEMAN AVE BLDG G|NEWARK,87-89 WAKEMAN AVE BLDG. G,NEWARK,NJ,7107,retain_unresolved_source_site_for_review,DEV_NJA19950125,property_identity_is_resolved_but_component_address_is_not_independently_verified,Wakeman Square owner and manager site,property_owner_manager_site,https://www.wakemansquare.com/,"The owner-manager site identifies one Wakeman Square community at 87-89 Wakeman Avenue. It supports merging the address-named, named, and later financing records while leaving building-suffix rows unresolved.",not_approved,2026-08-11
SISR_NJ_WAKEMAN,DEV_NJA20123140,DEV_NJA20123140_SITE_0008,NJ|87 89 WAKEMAN AVE|NEWARK,87-89 WAKEMAN AVE,NEWARK,NJ,07104-2858,drop_malformed_redundant_variant,DEV_NJA19950125,generic_range_duplicates_the_retained_building_suffix_rows,Wakeman Square owner and manager site,property_owner_manager_site,https://www.wakemansquare.com/,"The owner-manager site identifies one Wakeman Square community at 87-89 Wakeman Avenue. It supports merging the address-named, named, and later financing records while leaving building-suffix rows unresolved.",not_approved,2026-08-11
SISR_NV_NORTH_SAMPLE,DEV_NVA00000178,DEV_NVA00000178_SITE_0001,NV|111111222222|CARSON CITY,111111222222,CARSON CITY,NV,89601-0000,drop_wrong_source_site,DEV_NVA00000178,invalid_synthetic_or_wrong_source_address_not_a_physical_site,Exact-name and malformed-address web search: North Sample,documented_web_search_no_reliable_property_match,https://www.google.com/search?q=%22NORTH+SAMPLE%22+%22111111222222%22+Nevada+housing,"An exact-name and exact malformed-address search returned no public Nevada housing property match on 2026-08-11; together with the synthetic name, malformed numeric address, and zero counts, this supports exclusion as a test-style row rather than a physical property.",not_approved,2026-08-11
SISR_NY_EVANELL_COMPONENT,DEV_NYC00000020,DEV_NYC00000020_SITE_0001,NY|575 SOUTHERN BLVD|BRONX,575 SOUTHERN BLVD,BRONX,NY,10455,keep_verified_physical_site,DEV_NYC00000020,official_hdc_source_supports_575_southern_as_the_physical_component,"NYC HDC Notice of Public Hearing, February 5 2021",official_local_housing_finance_agency,https://www.nychdc.com/sites/default/files/2021-02/Notice-of-Public-Hearing-02-05-21.pdf,NYC HDC identifies Aurea as an 85-unit financing covering 575 Southern Boulevard and 582-588 Union Avenue on two tax lots; the older Evanell record covers only 575 Southern Boulevard.,not_approved,2026-08-11
SISR_NY_AUREA_UMBRELLA,DEV_NYC20124005,DEV_NYC20124005_SITE_0001,NY|575 SOUTHERN BLVD|BRONX,575 SOUTHERN BOULEVARD,BRONX,NY,10455,keep_nonphysical_bridge_site,DEV_NYC20124005,official_hdc_source_supports_this_as_a_component_of_the_two_lot_financing_bridge,"NYC HDC Notice of Public Hearing, February 5 2021",official_local_housing_finance_agency,https://www.nychdc.com/sites/default/files/2021-02/Notice-of-Public-Hearing-02-05-21.pdf,"NYC HDC identifies Aurea as one 85-unit financing across two tax lots and addresses, including the older Evanell component at 575 Southern Boulevard.",not_approved,2026-08-11
SISR_NY_AUREA_UMBRELLA,DEV_NYC20124005,DEV_NYC20124005_SITE_0002,NY|582 588 UNION AVE|BRONX,582-588 UNION AVENUE,BRONX,NY,10455,keep_nonphysical_bridge_site,DEV_NYC20124005,official_hdc_source_supports_this_as_a_component_of_the_two_lot_financing_bridge,"NYC HDC Notice of Public Hearing, February 5 2021",official_local_housing_finance_agency,https://www.nychdc.com/sites/default/files/2021-02/Notice-of-Public-Hearing-02-05-21.pdf,"NYC HDC identifies Aurea as one 85-unit financing across two tax lots and addresses, including the older Evanell component at 575 Southern Boulevard.",not_approved,2026-08-11
SISR_OH_NORTHVIEW_14854,DEV_OHA19880405,DEV_OHA19880405_SITE_0001,OH|14854 NORTHVIEW DR|MIDDLEFIELD,14854 NORTHVIEW DR,MIDDLEFIELD,OH,44062,keep_verified_physical_site,DEV_OHA19880405,public_source_supports_site_as_a_component_of_the_reviewed_physical_property,"Village of Middlefield January 10, 2019 packet",official_local_government,https://www.middlefieldohio.com/wp-content/uploads/2019/02/1-10-2019-Packet-Revised.pdf,"The official Village packet lists Northview Apts at 14854 Northview, verifying this exact site.",not_approved,2026-08-11
SISR_OH_NORTHVIEW_14855,DEV_OHA19900265,DEV_OHA19900265_SITE_0001,OH|14855 NORTHVIEW DR|MIDDLEFIELD,14855 NORTHVIEW DR,MIDDLEFIELD,OH,44062,keep_verified_physical_site,DEV_OHA19900265,official_local_source_verifies_lakeview_village_at_exact_address,Village of Middlefield Senior Housing Information,official_local_government,https://www.middlefieldohio.com/community/seniors/,"The Village of Middlefield identifies Lakeview Village Senior Housing at 14855 Northview Drive, verifying this exact site.",not_approved,2026-08-11
SISR_OH_CLUB_SPRING_VALLEY,DEV_OHA19960058,DEV_OHA19960058_SITE_0001,OH|3091 SAGEBROOK DR|MIAMISBURG,3091 SAGEBROOK DR,MIAMISBURG,OH,45342,keep_verified_physical_site,DEV_OHA19960058,outside_source_supports_this_canonical_physical_site,Dayton Area Housing Needs Assessment,official_local_government,https://www.daytonohio.gov/DocumentCenter/View/13851/Bowen-Housing-Needs-Assessment-June-2021,The regional assessment lists Preserve at Sagebrook at 3091 Sagebrook Drive with 336 units; a business record identifies Club at Spring Valley as an alternate name at that address.,not_approved,2026-08-11
SISR_OH_CLUB_SPRING_VALLEY,DEV_OHA19989259,DEV_OHA19989259_SITE_0001,OH|9453 EASTBROOK DR|MIAMISBURG,9453 EASTBROOK DR,MIAMISBURG,OH,45342,drop_wrong_source_site,DEV_OHA19960058,outside_source_confirms_this_is_not_a_valid_site_for_the_adjudicated_property,Dayton Area Housing Needs Assessment,official_local_government,https://www.daytonohio.gov/DocumentCenter/View/13851/Bowen-Housing-Needs-Assessment-June-2021,The regional assessment lists Preserve at Sagebrook at 3091 Sagebrook Drive with 336 units; a business record identifies Club at Spring Valley as an alternate name at that address.,not_approved,2026-08-11
SISR_TN_WILLOW_POINTE,DEV_TNA19960800,DEV_TNA19960800_SITE_0001,TN|120 HICKORY HOLLOW TER|NASHVILLE,120 HICKORY HOLLOW TER,NASHVILLE,TN,,retain_unresolved_source_site_for_review,DEV_TNA19960115,official_mdha_source_reports_1200_hickory_hollow_not_the_inherited_120_address,Metropolitan Development and Housing Agency voucher landlord list,official_local_housing_agency,https://www.nashville-mdha.org/wp-content/uploads/2024/04/Landlords-That-Accept-Section-8-Vouchers.pdf,"MDHA identifies Willow Pointe Apartments at 1200 Hickory Hollow Terrace, so the inherited 120 Hickory Hollow Terrace source site remains unresolved.",not_approved,2026-08-11
SISR_TX_TRINITY_OAKS,DEV_TXA00000091,DEV_TXA00000091_SITE_0001,TX|600 WOODLAWN ST|SULPHUR SPRINGS,600 WOODLAWN ST,SULPHUR SPRINGS,TX,75482,drop_malformed_redundant_variant,DEV_TXA19910485,reviewed_duplicate_or_malformed_variant_of_a_retained_site,"TDHCA Board Book, November 5 2020",official_state_housing_agency,https://www.tdhca.texas.gov/sites/default/files/board/books/201105-book-201030.pdf,TDHCA identifies Trinity Oaks as one 48-unit development in two contiguous 24-unit phases at 600 and 610 Woodlawn Street.,not_approved,2026-08-11
SISR_TX_GARDEN_WALK,DEV_TXA00000304,DEV_TXA00000304_SITE_0001,TX|303 N SMITH ST|WEIMAR,303 N SMITH ST,WEIMAR,TX,78962,drop_malformed_redundant_variant,DEV_TXA19950485,reviewed_duplicate_or_malformed_variant_of_a_retained_site,TDHCA Housing Sponsor Report,official_state_housing_agency,https://www.tdhca.texas.gov/sites/default/files/housing-center/docs/12-HSR.pdf,TDHCA sponsor reports and HUD records identify the 16-unit property at 303 North Smith Street under the Garden Walk and Willows Bend names.,not_approved,2026-08-11
SISR_TX_TRINITY_OAKS,DEV_TXA19910485,DEV_TXA19910485_SITE_0001,TX|600 WOODLAWN ST|SULPHUR SPRINGS,600 WOODLAWN ST,SULPHUR SPRINGS,TX,75482,keep_verified_physical_site,DEV_TXA19910485,public_source_supports_site_as_a_component_of_the_reviewed_physical_property,"TDHCA Board Book, November 5 2020",official_state_housing_agency,https://www.tdhca.texas.gov/sites/default/files/board/books/201105-book-201030.pdf,TDHCA identifies Trinity Oaks as one 48-unit development in two contiguous 24-unit phases at 600 and 610 Woodlawn Street.,not_approved,2026-08-11
SISR_TX_TRINITY_OAKS,DEV_TXA19910485,DEV_TXA19910485_SITE_0002,TX|610 WOODLAWN ST|SULPHUR SPRINGS,610 WOODLAWN ST,SULPHUR SPRINGS,TX,75482,keep_verified_physical_site,DEV_TXA19910485,public_source_supports_site_as_a_component_of_the_reviewed_physical_property,"TDHCA Board Book, November 5 2020",official_state_housing_agency,https://www.tdhca.texas.gov/sites/default/files/board/books/201105-book-201030.pdf,TDHCA identifies Trinity Oaks as one 48-unit development in two contiguous 24-unit phases at 600 and 610 Woodlawn Street.,not_approved,2026-08-11
SISR_TX_GARDEN_WALK,DEV_TXA19950485,DEV_TXA19950485_SITE_0001,TX|303 N SMITH ST|WEIMAR,303 N SMITH ST,WEIMAR,TX,78962,keep_verified_physical_site,DEV_TXA19950485,outside_source_supports_this_canonical_physical_site,TDHCA Housing Sponsor Report,official_state_housing_agency,https://www.tdhca.texas.gov/sites/default/files/housing-center/docs/12-HSR.pdf,TDHCA sponsor reports and HUD records identify the 16-unit property at 303 North Smith Street under the Garden Walk and Willows Bend names.,not_approved,2026-08-11
SISR_TX_SAVANNAHPARK,DEV_TXA20157575,DEV_TXA20157575_SITE_0001,TX|1208 3RD ST|ABERNATHY,1208 3RD ST,ABERNATHY,TX,79311,keep_nonphysical_bridge_site,DEV_TXA20157575,retain_source_site_only_as_an_episode_to_property_bridge_candidate,"TDHCA Board Book, July 31 2014 Supplement",official_state_housing_agency,https://www.tdhca.texas.gov/sites/default/files/board/books/140731-supplement-140728.pdf,TDHCA application 14100 identifies one acquisition-rehabilitation financing across three noncontiguous properties in three cities.,not_approved,2026-08-11
SISR_TX_SAVANNAHPARK,DEV_TXA20157575,DEV_TXA20157575_SITE_0002,TX|121 5TH ST|LEXINGTON,121 5TH ST,LEXINGTON,TX,78947,keep_nonphysical_bridge_site,DEV_TXA20157575,retain_source_site_only_as_an_episode_to_property_bridge_candidate,"TDHCA Board Book, July 31 2014 Supplement",official_state_housing_agency,https://www.tdhca.texas.gov/sites/default/files/board/books/140731-supplement-140728.pdf,TDHCA application 14100 identifies one acquisition-rehabilitation financing across three noncontiguous properties in three cities.,not_approved,2026-08-11
SISR_TX_SAVANNAHPARK,DEV_TXA20157575,DEV_TXA20157575_SITE_0003,TX|905 S PANNA MARIA AVE|KARNES CITY,905 S PANNA MARIA AVE,KARNES CITY,TX,78118,keep_nonphysical_bridge_site,DEV_TXA20157575,retain_source_site_only_as_an_episode_to_property_bridge_candidate,"TDHCA Board Book, July 31 2014 Supplement",official_state_housing_agency,https://www.tdhca.texas.gov/sites/default/files/board/books/140731-supplement-140728.pdf,TDHCA application 14100 identifies one acquisition-rehabilitation financing across three noncontiguous properties in three cities.,not_approved,2026-08-11
