singleton_identity_scope_review_id,review_type,current_development_id,current_hud_id,current_development_name,current_scope_status,n_review_group_members,final_identity_decision,member_action,adjudicated_development_id,adjudicated_anchor_hud_id,cluster_status,reviewed_development_name,final_reason_code,physical_property_members,identity_source_title,identity_source_type,identity_source_url,identity_source_statement,count_source_title,count_source_type,count_source_url,count_source_statement,source_assessment,final_scope_status,requires_episode_property_bridge,episode_to_property_bridge_status,geocoding_query_approval,development_name_correction_reason,development_name_correction_source,reviewed_on,review_status,source_rows_changed
SISR_CT_ECC_RAD_I,nonphysical_scope_exclusion,DEV_CTA0000X021,CTA0000X021,ECC GROUP I RAD,not_in_review,1,exclude_financing_portfolio_preserve_episode_and_require_property_bridge,retain_nonphysical_episode_bridge,DEV_CTA0000X021,CTA0000X021,nonphysical_financing_portfolio_requires_bridge,ECC GROUP I RAD,official_source_identifies_multi_property_rad_financing_group,"Prescott Bush, Constance B. Motley, Katherine Harvey Terrace, and Newhall Gardens",Elm City Communities FY2024 MTW Report,official_local_housing_authority,https://elmcitycommunities.org/wp-content/uploads/2024/11/MTW-FY2024-Report-PC-version-1124.pdf,"Elm City Communities reports ECC RAD Group I as a portfolio of Prescott Bush, Constance B. Motley, Katherine Harvey Terrace, and Newhall Gardens, confirming a financing grouping across four physical properties.",Elm City Communities FY2024 MTW Report,official_local_housing_authority,https://elmcitycommunities.org/wp-content/uploads/2024/11/MTW-FY2024-Report-PC-version-1124.pdf,The official report identifies the component properties in this portfolio; no portfolio total is applied to a physical development.,The source row is a nonphysical financing umbrella. Unit counts are evidence only and are not applied.,nonphysical_financing_portfolio_requires_bridge,TRUE,required,not_approved,not_applicable,not_applicable,2026-08-11,two_read_complete,FALSE
SISR_CT_ECC_RAD_II,nonphysical_scope_exclusion,DEV_CTA0000X022,CTA0000X022,ECC GROUP II RAD,not_in_review,1,exclude_financing_portfolio_preserve_episode_and_require_property_bridge,retain_nonphysical_episode_bridge,DEV_CTA0000X022,CTA0000X022,nonphysical_financing_portfolio_requires_bridge,ECC GROUP II RAD,official_source_identifies_multi_property_rad_financing_group,"Fulton Park, Stanley Justice, and Waverly Townhouses",Elm City Communities FY2024 MTW Report,official_local_housing_authority,https://elmcitycommunities.org/wp-content/uploads/2024/11/MTW-FY2024-Report-PC-version-1124.pdf,"Elm City Communities reports ECC RAD Group II as a portfolio of Fulton Park, Stanley Justice, and Waverly Townhouses, confirming a financing grouping across three physical properties.",Elm City Communities FY2024 MTW Report,official_local_housing_authority,https://elmcitycommunities.org/wp-content/uploads/2024/11/MTW-FY2024-Report-PC-version-1124.pdf,The official report identifies the component properties in this portfolio; no portfolio total is applied to a physical development.,The source row is a nonphysical financing umbrella. Unit counts are evidence only and are not applied.,nonphysical_financing_portfolio_requires_bridge,TRUE,required,not_approved,not_applicable,not_applicable,2026-08-11,two_read_complete,FALSE
SISR_CT_ECC_RAD_III,nonphysical_scope_exclusion,DEV_CTA0000X023,CTA0000X023,ECC GROUP III RAD,not_in_review,1,exclude_financing_portfolio_preserve_episode_and_require_property_bridge,retain_nonphysical_episode_bridge,DEV_CTA0000X023,CTA0000X023,nonphysical_financing_portfolio_requires_bridge,ECC GROUP III RAD,official_source_identifies_multi_property_rad_financing_group,Charles T. McQueeney and Winslow-Celentano,Elm City Communities FY2024 MTW Report,official_local_housing_authority,https://elmcitycommunities.org/wp-content/uploads/2024/11/MTW-FY2024-Report-PC-version-1124.pdf,"Elm City Communities reports ECC RAD Group III as a portfolio of Charles T. McQueeney and Winslow-Celentano, confirming a financing grouping across two physical properties.",Elm City Communities FY2024 MTW Report,official_local_housing_authority,https://elmcitycommunities.org/wp-content/uploads/2024/11/MTW-FY2024-Report-PC-version-1124.pdf,The official report identifies the component properties in this portfolio; no portfolio total is applied to a physical development.,The source row is a nonphysical financing umbrella. Unit counts are evidence only and are not applied.,nonphysical_financing_portfolio_requires_bridge,TRUE,required,not_approved,not_applicable,not_applicable,2026-08-11,two_read_complete,FALSE
SISR_CT_ECC_RAD_IV,nonphysical_scope_exclusion,DEV_CTA0000X024,CTA0000X024,ECC RAD GROUP IV,not_in_review,1,exclude_financing_portfolio_preserve_episode_and_require_property_bridge,retain_nonphysical_episode_bridge,DEV_CTA0000X024,CTA0000X024,nonphysical_financing_portfolio_requires_bridge,ECC RAD GROUP IV,official_source_identifies_multi_property_rad_financing_group,Fairmont Heights and Matthew Ruoppolo Manor,Elm City Communities FY2024 MTW Report,official_local_housing_authority,https://elmcitycommunities.org/wp-content/uploads/2024/11/MTW-FY2024-Report-PC-version-1124.pdf,"Elm City Communities reports ECC RAD Group IV as a portfolio of Fairmont Heights and Matthew Ruoppolo Manor, confirming a financing grouping across two physical properties.",Elm City Communities FY2024 MTW Report,official_local_housing_authority,https://elmcitycommunities.org/wp-content/uploads/2024/11/MTW-FY2024-Report-PC-version-1124.pdf,The official report identifies the component properties in this portfolio; no portfolio total is applied to a physical development.,The source row is a nonphysical financing umbrella. Unit counts are evidence only and are not applied.,nonphysical_financing_portfolio_requires_bridge,TRUE,required,not_approved,not_applicable,not_applicable,2026-08-11,two_read_complete,FALSE
SISR_CT_CLAY_ARSENAL,nonphysical_scope_exclusion,DEV_CTA0000X014,CTA0000X014,CLAY ARSENAL APARTMENTS,not_in_review,1,exclude_scattered_site_portfolio_preserve_episode_and_require_property_bridge,retain_nonphysical_episode_bridge,DEV_CTA0000X014,CTA0000X014,nonphysical_financing_portfolio_requires_bridge,CLAY ARSENAL APARTMENTS,official_source_identifies_scattered_site_portfolio,Twenty-five scattered physical sites in Hartford,CHFA 2024 CGS 8-37bb Report,official_state_housing_finance_agency,https://www.chfa.org/assets/1/6/2024_8-37bb_Report_--_Compressed_File.pdf,CHFA reports Clay Arsenal as a 150-unit scattered-site property covering 25 sites; the current two rows are not a complete property inventory.,CHFA 2024 CGS 8-37bb Report,official_state_housing_finance_agency,https://www.chfa.org/assets/1/6/2024_8-37bb_Report_--_Compressed_File.pdf,CHFA reports 150 units across the portfolio; the value is not assigned to either current site.,The source row is a nonphysical scattered-site umbrella with an incomplete site inventory. Unit counts are evidence only and are not applied.,nonphysical_financing_portfolio_requires_bridge,TRUE,required,not_approved,not_applicable,not_applicable,2026-08-11,two_read_complete,FALSE
SISR_CT_HARTFORD_PRESERVATION,nonphysical_scope_exclusion,DEV_CTA0000X026,CTA0000X026,ENFIELD MAGNOLIA (NKA HARTFORD PRESERVATION),not_in_review,1,exclude_financing_portfolio_preserve_episode_and_require_property_bridge,retain_nonphysical_episode_bridge,DEV_CTA0000X026,CTA0000X026,nonphysical_financing_portfolio_requires_bridge,HARTFORD PRESERVATION PORTFOLIO,official_source_identifies_five_property_preservation_portfolio,Five separate Hartford physical properties,CHFA 2021 Annual Report,official_state_housing_finance_agency,https://www.chfa.org/assets/1/6/2021_Annual_Report.pdf,CHFA describes Hartford Preservation as five separate properties totaling 206 apartments; the current two rows are not a complete property inventory.,CHFA 2021 Annual Report,official_state_housing_finance_agency,https://www.chfa.org/assets/1/6/2021_Annual_Report.pdf,CHFA reports 206 units across five properties; the value is not assigned to a physical development here.,The source row is a nonphysical portfolio with an incomplete site inventory. Unit counts are evidence only and are not applied.,nonphysical_financing_portfolio_requires_bridge,TRUE,required,not_approved,not_applicable,not_applicable,2026-08-11,two_read_complete,FALSE
SISR_TX_SAVANNAHPARK,nonphysical_scope_exclusion,DEV_TXA00000075,TXA00000075,SAVANNAHPARK OF ALK,not_in_review,2,combine_duplicate_financing_records_as_nonphysical_three_property_bridge,merge_to_nonphysical_episode_bridge,DEV_TXA20157575,TXA20157575,nonphysical_financing_portfolio_requires_bridge,SAVANNAHPARK OF ALK,official_application_identifies_three_noncontiguous_properties,"1208 3rd Street, Abernathy; 121 5th Street, Lexington; 905 South Panna Maria Avenue, Karnes City","TDHCA Board Book, July 31 2014 Supplement",official_state_housing_agency,https://www.tdhca.texas.gov/sites/default/files/board/books/140731-supplement-140728.pdf,TDHCA application 14100 identifies one acquisition-rehabilitation financing across three noncontiguous properties in three cities.,"TDHCA Board Book, July 31 2014 Supplement",official_state_housing_agency,https://www.tdhca.texas.gov/sites/default/files/board/books/140731-supplement-140728.pdf,TDHCA reports 72 units across all three properties; the value is not assigned to any one physical property.,"The two records describe the same umbrella financing, not one physical property. Unit counts are evidence only and are not applied.",nonphysical_financing_portfolio_requires_bridge,TRUE,required,not_approved,not_applicable,not_applicable,2026-08-11,two_read_complete,FALSE
SISR_TX_SAVANNAHPARK,nonphysical_scope_exclusion,DEV_TXA20157575,TXA20157575,SAVANNAHPARK OF ALK,not_in_review,2,combine_duplicate_financing_records_as_nonphysical_three_property_bridge,retain_nonphysical_episode_bridge,DEV_TXA20157575,TXA20157575,nonphysical_financing_portfolio_requires_bridge,SAVANNAHPARK OF ALK,official_application_identifies_three_noncontiguous_properties,"1208 3rd Street, Abernathy; 121 5th Street, Lexington; 905 South Panna Maria Avenue, Karnes City","TDHCA Board Book, July 31 2014 Supplement",official_state_housing_agency,https://www.tdhca.texas.gov/sites/default/files/board/books/140731-supplement-140728.pdf,TDHCA application 14100 identifies one acquisition-rehabilitation financing across three noncontiguous properties in three cities.,"TDHCA Board Book, July 31 2014 Supplement",official_state_housing_agency,https://www.tdhca.texas.gov/sites/default/files/board/books/140731-supplement-140728.pdf,TDHCA reports 72 units across all three properties; the value is not assigned to any one physical property.,"The two records describe the same umbrella financing, not one physical property. Unit counts are evidence only and are not applied.",nonphysical_financing_portfolio_requires_bridge,TRUE,required,not_approved,not_applicable,not_applicable,2026-08-11,two_read_complete,FALSE
SISR_IN_TALL_OAKS,invalid_source_identity_exclusion,DEV_INA19990123,INA19990123,TALL OAKS,not_in_review,1,exclude_unresolved_bad_source_identity_preserve_episode,retain_nonphysical_excluded_source_row,DEV_INA19990123,INA19990123,nonphysical_unresolved_bad_source_identity_requires_recovery,TALL OAKS,listed_address_conflicts_with_documented_property_history,No recoverable physical property assignment from the present source row,IHCDA Winter 2016,official_state_housing_agency,https://www.in.gov/ihcda/files/IHCDA_winter_2016_WEB_FINAL.pdf,"IHCDA reports that the Culver Union Hospital property served as a hospital until 1984, remained vacant for 31 years, and was reused as Historic Whitlock in 2016, ruling out the HUD row's claimed 1999 Tall Oaks identity at this source address.",IHCDA Winter 2016,official_state_housing_agency,https://www.in.gov/ihcda/files/IHCDA_winter_2016_WEB_FINAL.pdf,The official source does not identify a Tall Oaks development-wide count; no numeric value is applied.,The source identity is unresolved and cannot be treated as a physical development. Unit counts are not applied.,nonphysical_unresolved_bad_source_identity_requires_recovery,FALSE,not_possible_source_identity_unresolved,not_approved,not_applicable,not_applicable,2026-08-11,two_read_complete,FALSE
SISR_NV_NORTH_SAMPLE,invalid_source_identity_exclusion,DEV_NVA00000178,NVA00000178,NORTH SAMPLE,not_in_review,1,exclude_invalid_synthetic_test_source_row_preserve_episode,retain_nonphysical_excluded_source_row,DEV_NVA00000178,NVA00000178,nonphysical_invalid_synthetic_test_source_row,NORTH SAMPLE,synthetic_name_address_and_zero_counts,No physical property; invalid test-style row,Exact-name and malformed-address web search: North Sample,documented_web_search_no_reliable_property_match,https://www.google.com/search?q=%22NORTH+SAMPLE%22+%22111111222222%22+Nevada+housing,"An exact-name and exact malformed-address search returned no public Nevada housing property match on 2026-08-11; together with the synthetic name, malformed numeric address, and zero counts, this supports exclusion as a test-style row rather than a physical property.",Exact-name and malformed-address web search: North Sample,documented_web_search_no_reliable_property_match,https://www.google.com/search?q=%22NORTH+SAMPLE%22+%22111111222222%22+Nevada+housing,"An exact-name and exact malformed-address search returned no public Nevada housing property match on 2026-08-11; together with the synthetic name, malformed numeric address, and zero counts, this supports exclusion as a test-style row rather than a physical property.","This is an invalid synthetic/test-style source row, not a physical development.",nonphysical_invalid_synthetic_test_source_row,FALSE,not_required,not_approved,not_applicable,not_applicable,2026-08-11,two_read_complete,FALSE
SISR_NY_EVANELL_COMPONENT,overlapping_component_retained,DEV_NYC00000020,NYC00000020,EVANELL,not_in_review,1,retain_575_southern_component_separate_from_later_two_lot_financing_umbrella,retain_physical_development,DEV_NYC00000020,NYC00000020,final_physical_development,EVANELL,older_episode_is_single_physical_component_of_later_two_lot_financing,575 Southern Boulevard physical property component,"NYC HDC Notice of Public Hearing, February 5 2021",official_local_housing_finance_agency,https://www.nychdc.com/sites/default/files/2021-02/Notice-of-Public-Hearing-02-05-21.pdf,NYC HDC identifies Aurea as an 85-unit financing covering 575 Southern Boulevard and 582-588 Union Avenue on two tax lots; the older Evanell record covers only 575 Southern Boulevard.,"NYC HDC Notice of Public Hearing, February 5 2021",official_local_housing_finance_agency,https://www.nychdc.com/sites/default/files/2021-02/Notice-of-Public-Hearing-02-05-21.pdf,The 85-unit Aurea total covers two lots and is not assigned to Evanell.,Evanell remains the physical 575 Southern component. Later umbrella counts are evidence only and are not applied.,physical_development_component_with_overlapping_umbrella,FALSE,not_required,not_approved,not_applicable,not_applicable,2026-08-11,two_read_complete,FALSE
SISR_NY_AUREA_UMBRELLA,nonphysical_scope_exclusion,DEV_NYC20124005,NYC20124005,AUREA APARTMENTS,not_in_review,1,exclude_two_lot_financing_umbrella_preserve_episode_and_require_property_bridge,retain_nonphysical_episode_bridge,DEV_NYC20124005,NYC20124005,nonphysical_financing_portfolio_requires_bridge,AUREA APARTMENTS FINANCING,official_source_identifies_two_lot_financing_overlapping_prior_component,575 Southern Boulevard and 582-588 Union Avenue physical property components,"NYC HDC Notice of Public Hearing, February 5 2021",official_local_housing_finance_agency,https://www.nychdc.com/sites/default/files/2021-02/Notice-of-Public-Hearing-02-05-21.pdf,"NYC HDC identifies Aurea as one 85-unit financing across two tax lots and addresses, including the older Evanell component at 575 Southern Boulevard.","NYC HDC Notice of Public Hearing, February 5 2021",official_local_housing_finance_agency,https://www.nychdc.com/sites/default/files/2021-02/Notice-of-Public-Hearing-02-05-21.pdf,NYC HDC reports 85 units across the two-lot financing; the value is not assigned to either component.,Aurea is retained as a nonphysical episode umbrella pending a two-property bridge. Unit counts are evidence only and are not applied.,nonphysical_financing_portfolio_requires_bridge,TRUE,required,not_approved,not_applicable,not_applicable,2026-08-11,two_read_complete,FALSE
SISR_CT_MCCONAUGHY,physical_identity_merge,DEV_CTA0000X032,CTA0000X032,MCCONAUGHY TERRACE 4,not_in_review,2,merge_four_percent_and_nine_percent_records_as_one_physical_development_preserve_both_episodes_defer_units,retain_physical_development,DEV_CTA0000X032,CTA0000X032,final_physical_development,MCCONAUGHY TERRACE,official_sources_identify_one_redevelopment_with_four_and_nine_percent_financing_slices,"McConaughy Terrace campus on South Genesee, Valley, and East Ramsdell streets",CHFA 2023 CGS 8-260 Report,official_state_housing_finance_agency,https://www.chfa.org/assets/1/6/2023_C.G.S_8-260_Report.pdf,CHFA and New Haven sources identify the 4% and 9% records as financing slices of one McConaughy Terrace redevelopment.,CHFA 2023 CGS 8-260 Report,official_state_housing_finance_agency,https://www.chfa.org/assets/1/6/2023_C.G.S_8-260_Report.pdf,Published counts describe financing components and are not summed or applied here.,The physical identity is resolved; both source episodes are preserved and unit aggregation remains deferred.,physical_development_multi_building_or_multisite_identity_resolved_site_inventory_unresolved_units_deferred,FALSE,not_required,not_approved,remove_financing_percentage_suffixes,https://www.chfa.org/assets/1/6/2023_C.G.S_8-260_Report.pdf,2026-08-11,two_read_complete,FALSE
SISR_CT_MCCONAUGHY,physical_identity_merge,DEV_CTA0000X033,CTA0000X033,MCCONAUGHY TERRACE 9,not_in_review,2,merge_four_percent_and_nine_percent_records_as_one_physical_development_preserve_both_episodes_defer_units,merge_to_review_cluster,DEV_CTA0000X032,CTA0000X032,final_physical_development,MCCONAUGHY TERRACE,official_sources_identify_one_redevelopment_with_four_and_nine_percent_financing_slices,"McConaughy Terrace campus on South Genesee, Valley, and East Ramsdell streets",CHFA 2023 CGS 8-260 Report,official_state_housing_finance_agency,https://www.chfa.org/assets/1/6/2023_C.G.S_8-260_Report.pdf,CHFA and New Haven sources identify the 4% and 9% records as financing slices of one McConaughy Terrace redevelopment.,CHFA 2023 CGS 8-260 Report,official_state_housing_finance_agency,https://www.chfa.org/assets/1/6/2023_C.G.S_8-260_Report.pdf,Published counts describe financing components and are not summed or applied here.,The physical identity is resolved; both source episodes are preserved and unit aggregation remains deferred.,physical_development_multi_building_or_multisite_identity_resolved_site_inventory_unresolved_units_deferred,FALSE,not_required,not_approved,remove_financing_percentage_suffixes,https://www.chfa.org/assets/1/6/2023_C.G.S_8-260_Report.pdf,2026-08-11,two_read_complete,FALSE
SISR_CT_WILLOW_CREEK,physical_identity_merge,DEV_CTA0000X051,CTA0000X051,WILLOW CREEK PHASE 1,not_in_review,3,merge_three_phase_records_as_one_physical_master_development_preserve_episodes_defer_units,retain_physical_development,DEV_CTA0000X051,CTA0000X051,final_physical_development,WILLOW CREEK APARTMENTS,official_scoping_record_identifies_one_three_phase_redevelopment,"Willow Creek redevelopment sites on Nahum Drive, Berkeley Drive, and Granby Street",Connecticut CEQ Scoping Notice: Willow Creek Apartments,official_state_government,https://portal.ct.gov/CEQ/DECD/Scoping-Notice/Willow-Creek-Apartments-Hartford,The state scoping notice identifies Willow Creek as one redevelopment implemented in phases; CHFA records identify the three financing phases.,Connecticut CEQ Scoping Notice: Willow Creek Apartments,official_state_government,https://portal.ct.gov/CEQ/DECD/Scoping-Notice/Willow-Creek-Apartments-Hartford,Phase counts are financing evidence and are not summed or applied here.,The master-development identity is resolved; detailed site inventory and unit aggregation remain deferred.,physical_development_multi_building_or_multisite_identity_resolved_site_inventory_unresolved_units_deferred,FALSE,not_required,not_approved,remove_phase_suffixes_for_physical_development_name,https://portal.ct.gov/CEQ/DECD/Scoping-Notice/Willow-Creek-Apartments-Hartford,2026-08-11,two_read_complete,FALSE
SISR_CT_WILLOW_CREEK,physical_identity_merge,DEV_CTA0000X052,CTA0000X052,WILLOW CREEK PHASE 2,not_in_review,3,merge_three_phase_records_as_one_physical_master_development_preserve_episodes_defer_units,merge_to_review_cluster,DEV_CTA0000X051,CTA0000X051,final_physical_development,WILLOW CREEK APARTMENTS,official_scoping_record_identifies_one_three_phase_redevelopment,"Willow Creek redevelopment sites on Nahum Drive, Berkeley Drive, and Granby Street",Connecticut CEQ Scoping Notice: Willow Creek Apartments,official_state_government,https://portal.ct.gov/CEQ/DECD/Scoping-Notice/Willow-Creek-Apartments-Hartford,The state scoping notice identifies Willow Creek as one redevelopment implemented in phases; CHFA records identify the three financing phases.,Connecticut CEQ Scoping Notice: Willow Creek Apartments,official_state_government,https://portal.ct.gov/CEQ/DECD/Scoping-Notice/Willow-Creek-Apartments-Hartford,Phase counts are financing evidence and are not summed or applied here.,The master-development identity is resolved; detailed site inventory and unit aggregation remain deferred.,physical_development_multi_building_or_multisite_identity_resolved_site_inventory_unresolved_units_deferred,FALSE,not_required,not_approved,remove_phase_suffixes_for_physical_development_name,https://portal.ct.gov/CEQ/DECD/Scoping-Notice/Willow-Creek-Apartments-Hartford,2026-08-11,two_read_complete,FALSE
SISR_CT_WILLOW_CREEK,physical_identity_merge,DEV_CTA20220006,CTA20220006,WILLOW CREEK APARTMENTS PHASE III,not_in_review,3,merge_three_phase_records_as_one_physical_master_development_preserve_episodes_defer_units,merge_to_review_cluster,DEV_CTA0000X051,CTA0000X051,final_physical_development,WILLOW CREEK APARTMENTS,official_scoping_record_identifies_one_three_phase_redevelopment,"Willow Creek redevelopment sites on Nahum Drive, Berkeley Drive, and Granby Street",Connecticut CEQ Scoping Notice: Willow Creek Apartments,official_state_government,https://portal.ct.gov/CEQ/DECD/Scoping-Notice/Willow-Creek-Apartments-Hartford,The state scoping notice identifies Willow Creek as one redevelopment implemented in phases; CHFA records identify the three financing phases.,Connecticut CEQ Scoping Notice: Willow Creek Apartments,official_state_government,https://portal.ct.gov/CEQ/DECD/Scoping-Notice/Willow-Creek-Apartments-Hartford,Phase counts are financing evidence and are not summed or applied here.,The master-development identity is resolved; detailed site inventory and unit aggregation remain deferred.,physical_development_multi_building_or_multisite_identity_resolved_site_inventory_unresolved_units_deferred,FALSE,not_required,not_approved,remove_phase_suffixes_for_physical_development_name,https://portal.ct.gov/CEQ/DECD/Scoping-Notice/Willow-Creek-Apartments-Hartford,2026-08-11,two_read_complete,FALSE
SISR_CT_DAVIS_GARDENS,physical_identity_merge,DEV_CTA0000X018,CTA0000X018,DAVIS GARDENS APARTMENTS (FKA WARNER GARDENS),not_in_review,2,merge_phase_records_as_one_physical_development_preserve_episodes_defer_units,retain_physical_development,DEV_CTA0000X018,CTA0000X018,final_physical_development,DAVIS GARDENS,official_current_parcel_record_places_both_phases_on_one_owned_parcel,Davis Gardens property on Waterbury parcel MBL 0202-0559-0039,Omni Development Davis Gardens community page,property_owner_developer_site,https://omnidevelopmentcorporation.org/community/davis-garden/,The owner-developer identifies Davis Gardens I and II as one 122-unit community at 154 Warner Street.,Omni Development Davis Gardens community page,property_owner_developer_site,https://omnidevelopmentcorporation.org/community/davis-garden/,The owner-developer reports 122 units for the combined Davis Gardens I and II community; the value is evidence only and is not applied here.,"The physical identity is resolved, but all three inherited source addresses remain unverified against the current parcel address.",physical_development_multi_building_or_multisite_identity_resolved_site_inventory_unresolved_units_deferred,FALSE,not_required,not_approved,remove_phase_and_former_name_suffixes,https://omnidevelopmentcorporation.org/community/davis-garden/,2026-08-11,two_read_complete,FALSE
SISR_CT_DAVIS_GARDENS,physical_identity_merge,DEV_CTA0000X019,CTA0000X019,DAVIS GARDENS II,not_in_review,2,merge_phase_records_as_one_physical_development_preserve_episodes_defer_units,merge_to_review_cluster,DEV_CTA0000X018,CTA0000X018,final_physical_development,DAVIS GARDENS,official_current_parcel_record_places_both_phases_on_one_owned_parcel,Davis Gardens property on Waterbury parcel MBL 0202-0559-0039,Omni Development Davis Gardens community page,property_owner_developer_site,https://omnidevelopmentcorporation.org/community/davis-garden/,The owner-developer identifies Davis Gardens I and II as one 122-unit community at 154 Warner Street.,Omni Development Davis Gardens community page,property_owner_developer_site,https://omnidevelopmentcorporation.org/community/davis-garden/,The owner-developer reports 122 units for the combined Davis Gardens I and II community; the value is evidence only and is not applied here.,"The physical identity is resolved, but all three inherited source addresses remain unverified against the current parcel address.",physical_development_multi_building_or_multisite_identity_resolved_site_inventory_unresolved_units_deferred,FALSE,not_required,not_approved,remove_phase_and_former_name_suffixes,https://omnidevelopmentcorporation.org/community/davis-garden/,2026-08-11,two_read_complete,FALSE
SISR_IL_EVERGREEN_II,physical_identity_merge,DEV_ILB0000X083,ILB0000X083,EVERGREEN TOWERS II,not_in_review,2,merge_duplicate_source_records_as_one_physical_development_preserve_episode_once_defer_units,merge_to_review_cluster,DEV_ILB19980010,ILB19980010,final_physical_development,EVERGREEN TOWER II,same_name_same_financing_identity_same_address_with_street_suffix_error,Evergreen Tower II at 1343 North Cleveland Avenue,Affordable Housing Hub: Evergreen Tower II,independent_public_housing_directory,https://affordablehousinghub.org/housing/illinois/cook-county/chicago/evergreen-tower-ii-8183-lihtc,"The independent directory identifies one Evergreen Tower II property at 1343 North Cleveland Avenue with 101 total and 82 low-income units, supporting the same-address duplicate merge and rejecting the ST suffix variant.",Affordable Housing Hub: Evergreen Tower II,independent_public_housing_directory,https://affordablehousinghub.org/housing/illinois/cook-county/chicago/evergreen-tower-ii-8183-lihtc,"The independent directory identifies one Evergreen Tower II property at 1343 North Cleveland Avenue with 101 total and 82 low-income units, supporting the same-address duplicate merge and rejecting the ST suffix variant.",The records are duplicate source representations of one property; the malformed street-suffix variant is dropped at the site layer.,physical_development_identity_resolved_unit_aggregation_deferred,FALSE,not_required,not_approved,singularize_tower_and_remove_duplicate_variant,https://www.huduser.gov/portal/datasets/lihtc.html,2026-08-11,two_read_complete,FALSE
SISR_IL_EVERGREEN_II,physical_identity_merge,DEV_ILB19980010,ILB19980010,EVERGREEN TOWER II,not_in_review,2,merge_duplicate_source_records_as_one_physical_development_preserve_episode_once_defer_units,retain_physical_development,DEV_ILB19980010,ILB19980010,final_physical_development,EVERGREEN TOWER II,same_name_same_financing_identity_same_address_with_street_suffix_error,Evergreen Tower II at 1343 North Cleveland Avenue,Affordable Housing Hub: Evergreen Tower II,independent_public_housing_directory,https://affordablehousinghub.org/housing/illinois/cook-county/chicago/evergreen-tower-ii-8183-lihtc,"The independent directory identifies one Evergreen Tower II property at 1343 North Cleveland Avenue with 101 total and 82 low-income units, supporting the same-address duplicate merge and rejecting the ST suffix variant.",Affordable Housing Hub: Evergreen Tower II,independent_public_housing_directory,https://affordablehousinghub.org/housing/illinois/cook-county/chicago/evergreen-tower-ii-8183-lihtc,"The independent directory identifies one Evergreen Tower II property at 1343 North Cleveland Avenue with 101 total and 82 low-income units, supporting the same-address duplicate merge and rejecting the ST suffix variant.",The records are duplicate source representations of one property; the malformed street-suffix variant is dropped at the site layer.,physical_development_identity_resolved_unit_aggregation_deferred,FALSE,not_required,not_approved,singularize_tower_and_remove_duplicate_variant,https://www.huduser.gov/portal/datasets/lihtc.html,2026-08-11,two_read_complete,FALSE
SISR_KS_6637_151ST,physical_identity_merge,DEV_KSA19930035,KSA19930035,DUPLEX,not_in_review,2,merge_duplicate_source_records_as_one_two_unit_physical_development,retain_physical_development,DEV_KSA19930035,KSA19930035,final_physical_development,6637-6639 WEST 151ST PLACE,same_state_project_year_allocation_and_duplex_with_official_address_correction,Duplex at 6637-6639 West 151st Place,"Overland Park Community Development Agenda, February 17 2014",official_local_government,https://www2.opkansas.org/City-Government/Agendas-and-Minutes/Community-Development/Agendas/2014/2014-02-17_Special/ACT-1-3.pdf,"The city document identifies HUD project KSA1993090 as 6637-39 W 151st Place; the two HUD rows share year, allocation, and duplex identity.","Overland Park Community Development Agenda, February 17 2014",official_local_government,https://www2.opkansas.org/City-Government/Agendas-and-Minutes/Community-Development/Agendas/2014/2014-02-17_Special/ACT-1-3.pdf,The established record reports 2 total and 2 low-income units; values are evidence only and are not applied here.,The records are duplicate representations of one duplex; the ST suffix is rejected in favor of the official PL address.,physical_development_identity_resolved_unit_aggregation_deferred,FALSE,not_required,not_approved,replace_generic_duplex_name_with_official_address_name,https://www2.opkansas.org/City-Government/Agendas-and-Minutes/Community-Development/Agendas/2014/2014-02-17_Special/ACT-1-3.pdf,2026-08-11,two_read_complete,FALSE
SISR_KS_6637_151ST,physical_identity_merge,DEV_KSA19930090,KSA19930090,6637-39 W 151ST PLACE,not_in_review,2,merge_duplicate_source_records_as_one_two_unit_physical_development,merge_to_review_cluster,DEV_KSA19930035,KSA19930035,final_physical_development,6637-6639 WEST 151ST PLACE,same_state_project_year_allocation_and_duplex_with_official_address_correction,Duplex at 6637-6639 West 151st Place,"Overland Park Community Development Agenda, February 17 2014",official_local_government,https://www2.opkansas.org/City-Government/Agendas-and-Minutes/Community-Development/Agendas/2014/2014-02-17_Special/ACT-1-3.pdf,"The city document identifies HUD project KSA1993090 as 6637-39 W 151st Place; the two HUD rows share year, allocation, and duplex identity.","Overland Park Community Development Agenda, February 17 2014",official_local_government,https://www2.opkansas.org/City-Government/Agendas-and-Minutes/Community-Development/Agendas/2014/2014-02-17_Special/ACT-1-3.pdf,The established record reports 2 total and 2 low-income units; values are evidence only and are not applied here.,The records are duplicate representations of one duplex; the ST suffix is rejected in favor of the official PL address.,physical_development_identity_resolved_unit_aggregation_deferred,FALSE,not_required,not_approved,replace_generic_duplex_name_with_official_address_name,https://www2.opkansas.org/City-Government/Agendas-and-Minutes/Community-Development/Agendas/2014/2014-02-17_Special/ACT-1-3.pdf,2026-08-11,two_read_complete,FALSE
SISR_LA_VILLA_ASHLEY,physical_identity_merge,DEV_LAA20070012,LAA20070012,VILLA ASHLEY HOMES,not_in_review,2,merge_adjacent_same_year_records_as_one_multi_building_physical_development_preserve_episodes_defer_units,retain_physical_development,DEV_LAA20070012,LAA20070012,final_physical_development,VILLA ASHLEY I & II,contemporaneous_sources_identify_one_multiphase_scattered_site_development,Villa Ashley I & II scattered-site duplex development along Villa Ashley Drive; current source sites are 6112 and compound 6116/6118,Baton Rouge Multifamily Report 2007,independent_local_market_report,https://www.batonrougetrends.net/wp-content/uploads/2013/01/Multifamily-2007.pdf,The contemporaneous report identifies Villa Ashley I & II as one 50-unit LIHTC duplex development along Villa Ashley Drive with one developer.,Baton Rouge Multifamily Report 2007,independent_local_market_report,https://www.batonrougetrends.net/wp-content/uploads/2013/01/Multifamily-2007.pdf,"Page 46 reports 50 LIHTC duplex units for Villa Ashley I & II; the 32-unit HUD value is therefore component-level, not project-wide.",The project-level identity is resolved as one multiphase scattered-site development. The current two compound source sites do not provide a complete building inventory and remain unresolved for later parsing.,physical_development_multi_building_or_multisite_scattered_site_identity_resolved_site_inventory_incomplete_units_deferred,FALSE,not_required,not_approved,standardize_project_level_name_from_contemporaneous_report,https://www.batonrougetrends.net/wp-content/uploads/2013/01/Multifamily-2007.pdf,2026-08-11,two_read_complete,FALSE
SISR_LA_VILLA_ASHLEY,physical_identity_merge,DEV_LAA20070110,LAA20070110,VILLA ASHLEY I,not_in_review,2,merge_adjacent_same_year_records_as_one_multi_building_physical_development_preserve_episodes_defer_units,merge_to_review_cluster,DEV_LAA20070012,LAA20070012,final_physical_development,VILLA ASHLEY I & II,contemporaneous_sources_identify_one_multiphase_scattered_site_development,Villa Ashley I & II scattered-site duplex development along Villa Ashley Drive; current source sites are 6112 and compound 6116/6118,Baton Rouge Multifamily Report 2007,independent_local_market_report,https://www.batonrougetrends.net/wp-content/uploads/2013/01/Multifamily-2007.pdf,The contemporaneous report identifies Villa Ashley I & II as one 50-unit LIHTC duplex development along Villa Ashley Drive with one developer.,Baton Rouge Multifamily Report 2007,independent_local_market_report,https://www.batonrougetrends.net/wp-content/uploads/2013/01/Multifamily-2007.pdf,"Page 46 reports 50 LIHTC duplex units for Villa Ashley I & II; the 32-unit HUD value is therefore component-level, not project-wide.",The project-level identity is resolved as one multiphase scattered-site development. The current two compound source sites do not provide a complete building inventory and remain unresolved for later parsing.,physical_development_multi_building_or_multisite_scattered_site_identity_resolved_site_inventory_incomplete_units_deferred,FALSE,not_required,not_approved,standardize_project_level_name_from_contemporaneous_report,https://www.batonrougetrends.net/wp-content/uploads/2013/01/Multifamily-2007.pdf,2026-08-11,two_read_complete,FALSE
SISR_MA_VERNON_COURT,physical_identity_merge,DEV_MAB19940070,MAB19940070,HERITAGE AT VERNON COURT,not_in_review,2,merge_former_and_current_names_as_one_physical_property_preserve_source_episode_defer_units,retain_physical_development,DEV_MAB19940070,MAB19940070,final_physical_development,EVANS PARK AT NEWTON CORNER (FORMERLY HERITAGE AT VERNON COURT),official_inventory_identifies_both_names_at_same_historic_property,Historic Vernon Court property at 430 Centre Street,City of Newton Housing Inventory,official_local_government,https://www.newtonma.gov/home/showpublisheddocument/86084/637909883529400000,"Newton's housing inventory identifies Evans Park at Newton Corner at 430 Centre Street, the historic Vernon Court property represented by the older Heritage name.",City of Newton Housing Inventory,official_local_government,https://www.newtonma.gov/home/showpublisheddocument/86084/637909883529400000,The later source record reports 112 total and 23 low-income units; values are evidence only and are not applied here.,The names are aliases for one physical property; one exact duplicate site row is removed.,physical_development_identity_resolved_unit_aggregation_deferred,FALSE,not_required,not_approved,retain_current_and_former_public_property_names,https://www.newtonma.gov/home/showpublisheddocument/86084/637909883529400000,2026-08-11,two_read_complete,FALSE
SISR_MA_VERNON_COURT,physical_identity_merge,DEV_MAB00000271,MAB00000271,EVANS PARK AT NEWTON CORNER,not_in_review,2,merge_former_and_current_names_as_one_physical_property_preserve_source_episode_defer_units,merge_to_review_cluster,DEV_MAB19940070,MAB19940070,final_physical_development,EVANS PARK AT NEWTON CORNER (FORMERLY HERITAGE AT VERNON COURT),official_inventory_identifies_both_names_at_same_historic_property,Historic Vernon Court property at 430 Centre Street,City of Newton Housing Inventory,official_local_government,https://www.newtonma.gov/home/showpublisheddocument/86084/637909883529400000,"Newton's housing inventory identifies Evans Park at Newton Corner at 430 Centre Street, the historic Vernon Court property represented by the older Heritage name.",City of Newton Housing Inventory,official_local_government,https://www.newtonma.gov/home/showpublisheddocument/86084/637909883529400000,The later source record reports 112 total and 23 low-income units; values are evidence only and are not applied here.,The names are aliases for one physical property; one exact duplicate site row is removed.,physical_development_identity_resolved_unit_aggregation_deferred,FALSE,not_required,not_approved,retain_current_and_former_public_property_names,https://www.newtonma.gov/home/showpublisheddocument/86084/637909883529400000,2026-08-11,two_read_complete,FALSE
SISR_NC_ROLLING_HILLS,physical_identity_merge,DEV_NCA19910400,NCA19910400,ROLLING HILLS APTS,not_in_review,2,merge_duplicate_source_records_as_one_multi_building_physical_development_preserve_episode_once_defer_units,retain_physical_development,DEV_NCA19910400,NCA19910400,final_physical_development,ROLLING HILLS APARTMENTS,same_year_allocation_name_and_complete_address_set_with_owner_confirmation,Six-building Rolling Hills community represented by the seven Ferrell Court address rows,Steele Properties Rolling Hills Press Release,owner_developer,https://www.steelellc.com/wp-content/uploads/2016/12/Casa-and-Rolling-Hills-press-release-10.27.16.pdf,"Steele identifies Rolling Hills as one 110-unit, six-building property; Monroe Group lists the property at 770 Ferrell Court.",Steele Properties Rolling Hills Press Release,owner_developer,https://www.steelellc.com/wp-content/uploads/2016/12/Casa-and-Rolling-Hills-press-release-10.27.16.pdf,The owner reports 110 units; the value is evidence only and is not applied here.,The two records are duplicate property representations. The seven clean address rows are retained once; duplicate and embedded-city variants are removed.,physical_development_multi_building_or_multisite_identity_resolved_site_inventory_unresolved_units_deferred,FALSE,not_required,not_approved,standardize_owner_property_name,https://www.monroegroup.com/property/rolling-hills/,2026-08-11,two_read_complete,FALSE
SISR_NC_ROLLING_HILLS,physical_identity_merge,DEV_NCA19919144,NCA19919144,ROLLING HILLS,not_in_review,2,merge_duplicate_source_records_as_one_multi_building_physical_development_preserve_episode_once_defer_units,merge_to_review_cluster,DEV_NCA19910400,NCA19910400,final_physical_development,ROLLING HILLS APARTMENTS,same_year_allocation_name_and_complete_address_set_with_owner_confirmation,Six-building Rolling Hills community represented by the seven Ferrell Court address rows,Steele Properties Rolling Hills Press Release,owner_developer,https://www.steelellc.com/wp-content/uploads/2016/12/Casa-and-Rolling-Hills-press-release-10.27.16.pdf,"Steele identifies Rolling Hills as one 110-unit, six-building property; Monroe Group lists the property at 770 Ferrell Court.",Steele Properties Rolling Hills Press Release,owner_developer,https://www.steelellc.com/wp-content/uploads/2016/12/Casa-and-Rolling-Hills-press-release-10.27.16.pdf,The owner reports 110 units; the value is evidence only and is not applied here.,The two records are duplicate property representations. The seven clean address rows are retained once; duplicate and embedded-city variants are removed.,physical_development_multi_building_or_multisite_identity_resolved_site_inventory_unresolved_units_deferred,FALSE,not_required,not_approved,standardize_owner_property_name,https://www.monroegroup.com/property/rolling-hills/,2026-08-11,two_read_complete,FALSE
SISR_NC_GRAHAM_DUPLEX,physical_identity_merge,DEV_NCA19940140,NCA19940140,1620A & 1620B GRAHAM AVE,not_in_review,2,merge_duplicate_source_records_as_one_duplex_physical_development_preserve_episode_once_defer_units,retain_physical_development,DEV_NCA19940140,NCA19940140,final_physical_development,1620A-1620B GRAHAM AVENUE,same_year_allocation_and_complete_duplex_address,Duplex units 1620A and 1620B Graham Avenue,North Carolina Integrated Care for Kids Housing Guide,public_program_guide,https://ncinck.org/wp-content/uploads/2022/03/F_NC-InCK-Housing-Guide_formatted_10March22.pdf,The public guide treats 1620A and 1620B Graham Avenue as one property; the HUD rows share year and allocation.,North Carolina Integrated Care for Kids Housing Guide,public_program_guide,https://ncinck.org/wp-content/uploads/2022/03/F_NC-InCK-Housing-Guide_formatted_10March22.pdf,No reliable development-wide total is used; zero values in one source row are not applied.,The duplicate identity is resolved; the complete A/B site string is retained and the generic 1620 variant is removed.,physical_development_identity_resolved_unit_aggregation_deferred,FALSE,not_required,not_approved,standardize_complete_duplex_address_name,https://ncinck.org/wp-content/uploads/2022/03/F_NC-InCK-Housing-Guide_formatted_10March22.pdf,2026-08-11,two_read_complete,FALSE
SISR_NC_GRAHAM_DUPLEX,physical_identity_merge,DEV_NCA19949090,NCA19949090,PWN 1620A + 1620B GRAHAM AVE,not_in_review,2,merge_duplicate_source_records_as_one_duplex_physical_development_preserve_episode_once_defer_units,merge_to_review_cluster,DEV_NCA19940140,NCA19940140,final_physical_development,1620A-1620B GRAHAM AVENUE,same_year_allocation_and_complete_duplex_address,Duplex units 1620A and 1620B Graham Avenue,North Carolina Integrated Care for Kids Housing Guide,public_program_guide,https://ncinck.org/wp-content/uploads/2022/03/F_NC-InCK-Housing-Guide_formatted_10March22.pdf,The public guide treats 1620A and 1620B Graham Avenue as one property; the HUD rows share year and allocation.,North Carolina Integrated Care for Kids Housing Guide,public_program_guide,https://ncinck.org/wp-content/uploads/2022/03/F_NC-InCK-Housing-Guide_formatted_10March22.pdf,No reliable development-wide total is used; zero values in one source row are not applied.,The duplicate identity is resolved; the complete A/B site string is retained and the generic 1620 variant is removed.,physical_development_identity_resolved_unit_aggregation_deferred,FALSE,not_required,not_approved,standardize_complete_duplex_address_name,https://ncinck.org/wp-content/uploads/2022/03/F_NC-InCK-Housing-Guide_formatted_10March22.pdf,2026-08-11,two_read_complete,FALSE
SISR_NJ_FAIRVIEW,physical_identity_merge,DEV_NJA19950055,NJA19950055,FAIRVIEW APTS,not_in_review,2,merge_address_named_and_property_named_records_as_one_physical_development_defer_units,retain_physical_development,DEV_NJA19950055,NJA19950055,final_physical_development,FAIRVIEW APARTMENTS / BILTMORE PLAZA,court_and_official_guide_identify_one_371_377_property_with_canonical_371_address,Fairview Apartments/Biltmore Plaza at the 371-377 Bergen Boulevard complex,Fairview Associates v. Fairview,published_state_supreme_court_opinion,https://law.justia.com/cases/new-jersey/supreme-court/1999/a-19-98-opn.html,"The New Jersey Supreme Court describes one Fairview Associates '94 property at 371-377 Bergen Boulevard, resolving the two HUD address records as one building/property.",New Jersey DCA Bergen County Affordable Housing Guide,official_state_government,https://www.nj.gov/dca/divisions/codes/publications/pdf_guide_2_afford_hsg/bergen.pdf,The official guide lists one 146-unit Fairview Apartments / Biltmore Plaza tax-credit property at 371 Bergen Boulevard.,"The records describe one building/property. The 377 source site is a historical range or address alias, not a second physical observation.",physical_development_identity_resolved_unit_aggregation_deferred,FALSE,not_required,not_approved,replace_address_only_name_with_official_property_names,https://www.nj.gov/dca/divisions/codes/publications/pdf_guide_2_afford_hsg/bergen.pdf,2026-08-11,two_read_complete,FALSE
SISR_NJ_FAIRVIEW,physical_identity_merge,DEV_NJA19950067,NJA19950067,371 BERGEN BLVD,not_in_review,2,merge_address_named_and_property_named_records_as_one_physical_development_defer_units,merge_to_review_cluster,DEV_NJA19950055,NJA19950055,final_physical_development,FAIRVIEW APARTMENTS / BILTMORE PLAZA,court_and_official_guide_identify_one_371_377_property_with_canonical_371_address,Fairview Apartments/Biltmore Plaza at the 371-377 Bergen Boulevard complex,Fairview Associates v. Fairview,published_state_supreme_court_opinion,https://law.justia.com/cases/new-jersey/supreme-court/1999/a-19-98-opn.html,"The New Jersey Supreme Court describes one Fairview Associates '94 property at 371-377 Bergen Boulevard, resolving the two HUD address records as one building/property.",New Jersey DCA Bergen County Affordable Housing Guide,official_state_government,https://www.nj.gov/dca/divisions/codes/publications/pdf_guide_2_afford_hsg/bergen.pdf,The official guide lists one 146-unit Fairview Apartments / Biltmore Plaza tax-credit property at 371 Bergen Boulevard.,"The records describe one building/property. The 377 source site is a historical range or address alias, not a second physical observation.",physical_development_identity_resolved_unit_aggregation_deferred,FALSE,not_required,not_approved,replace_address_only_name_with_official_property_names,https://www.nj.gov/dca/divisions/codes/publications/pdf_guide_2_afford_hsg/bergen.pdf,2026-08-11,two_read_complete,FALSE
SISR_NJ_WAKEMAN,physical_identity_merge,DEV_NJA19950068,NJA19950068,87 WAKEMAN AVE,not_in_review,3,merge_original_address_named_record_and_later_financing_record_as_one_physical_development_preserve_episodes_defer_units,merge_to_review_cluster,DEV_NJA19950125,NJA19950125,final_physical_development,WAKEMAN SQUARE,same_property_address_original_financing_and_later_resyndication,Wakeman Square buildings A-G at 87-89 Wakeman Avenue,Wakeman Square owner and manager site,property_owner_manager_site,https://www.wakemansquare.com/,"The owner-manager site identifies one Wakeman Square community at 87-89 Wakeman Avenue. It supports merging the address-named, named, and later financing records while leaving building-suffix rows unresolved.",Wakeman Square owner and manager site,property_owner_manager_site,https://www.wakemansquare.com/,"The owner-manager site identifies one Wakeman Square community at 87-89 Wakeman Avenue. It supports merging the address-named, named, and later financing records while leaving building-suffix rows unresolved.",The property identity is resolved; detailed building suffix rows remain unresolved pending site review.,physical_development_multi_building_or_multisite_identity_resolved_site_inventory_unresolved_units_deferred,FALSE,not_required,not_approved,replace_address_only_name_with_property_name,https://www.huduser.gov/portal/datasets/lihtc.html,2026-08-11,two_read_complete,FALSE
SISR_NJ_WAKEMAN,physical_identity_merge,DEV_NJA19950125,NJA19950125,WAKEMAN SQUARE,not_in_review,3,merge_original_address_named_record_and_later_financing_record_as_one_physical_development_preserve_episodes_defer_units,retain_physical_development,DEV_NJA19950125,NJA19950125,final_physical_development,WAKEMAN SQUARE,same_property_address_original_financing_and_later_resyndication,Wakeman Square buildings A-G at 87-89 Wakeman Avenue,Wakeman Square owner and manager site,property_owner_manager_site,https://www.wakemansquare.com/,"The owner-manager site identifies one Wakeman Square community at 87-89 Wakeman Avenue. It supports merging the address-named, named, and later financing records while leaving building-suffix rows unresolved.",Wakeman Square owner and manager site,property_owner_manager_site,https://www.wakemansquare.com/,"The owner-manager site identifies one Wakeman Square community at 87-89 Wakeman Avenue. It supports merging the address-named, named, and later financing records while leaving building-suffix rows unresolved.",The property identity is resolved; detailed building suffix rows remain unresolved pending site review.,physical_development_multi_building_or_multisite_identity_resolved_site_inventory_unresolved_units_deferred,FALSE,not_required,not_approved,replace_address_only_name_with_property_name,https://www.huduser.gov/portal/datasets/lihtc.html,2026-08-11,two_read_complete,FALSE
SISR_NJ_WAKEMAN,physical_identity_merge,DEV_NJA20123140,NJA20123140,WAKEMAN SQUARE #364,not_in_review,3,merge_original_address_named_record_and_later_financing_record_as_one_physical_development_preserve_episodes_defer_units,merge_to_review_cluster,DEV_NJA19950125,NJA19950125,final_physical_development,WAKEMAN SQUARE,same_property_address_original_financing_and_later_resyndication,Wakeman Square buildings A-G at 87-89 Wakeman Avenue,Wakeman Square owner and manager site,property_owner_manager_site,https://www.wakemansquare.com/,"The owner-manager site identifies one Wakeman Square community at 87-89 Wakeman Avenue. It supports merging the address-named, named, and later financing records while leaving building-suffix rows unresolved.",Wakeman Square owner and manager site,property_owner_manager_site,https://www.wakemansquare.com/,"The owner-manager site identifies one Wakeman Square community at 87-89 Wakeman Avenue. It supports merging the address-named, named, and later financing records while leaving building-suffix rows unresolved.",The property identity is resolved; detailed building suffix rows remain unresolved pending site review.,physical_development_multi_building_or_multisite_identity_resolved_site_inventory_unresolved_units_deferred,FALSE,not_required,not_approved,replace_address_only_name_with_property_name,https://www.huduser.gov/portal/datasets/lihtc.html,2026-08-11,two_read_complete,FALSE
SISR_NJ_RIVER_PARK,physical_identity_merge,DEV_NJA19960095,NJA19960095,RIVER PARK VILLAGE,not_in_review,3,merge_address_named_and_alias_records_as_one_physical_development_preserve_episode_once_defer_units,retain_physical_development,DEV_NJA19960095,NJA19960095,final_physical_development,THE WILLOWS AT ROXBURY (FORMERLY RIVER PARK VILLAGE),municipal_and_owner_sources_identify_one_multiphase_campus_on_one_tax_lot,The Willows at Roxbury/River Park Village Burton Way complex,Roxbury Affordable Housing Monitoring Report,official_local_government,https://www.roxburynj.us/ArchiveCenter/ViewFile/Item/11065,Roxbury records River Park Village as one project on Block 10701 Lot 1 with 122 completed units across 53-unit and 69-unit rounds/phases.,Roxbury Affordable Housing Monitoring Report,official_local_government,https://www.roxburynj.us/ArchiveCenter/ViewFile/Item/11065,Roxbury records River Park Village as one project on Block 10701 Lot 1 with 122 completed units across 53-unit and 69-unit rounds/phases.,The project-level identity is resolved as one multiphase campus on one tax lot. Individual campus addresses remain separate site rows and the site inventory is not asserted complete.,physical_development_multi_building_or_multisite_multiphase_identity_resolved_site_inventory_unresolved_units_deferred,FALSE,not_required,not_approved,retain_current_and_former_property_names,https://livewillows.com/communities/the-willows-at-roxbury/,2026-08-11,two_read_complete,FALSE
SISR_NJ_RIVER_PARK,physical_identity_merge,DEV_NJA19970085,NJA19970085,5 BURTON WAY,not_in_review,3,merge_address_named_and_alias_records_as_one_physical_development_preserve_episode_once_defer_units,merge_to_review_cluster,DEV_NJA19960095,NJA19960095,final_physical_development,THE WILLOWS AT ROXBURY (FORMERLY RIVER PARK VILLAGE),municipal_and_owner_sources_identify_one_multiphase_campus_on_one_tax_lot,The Willows at Roxbury/River Park Village Burton Way complex,Roxbury Affordable Housing Monitoring Report,official_local_government,https://www.roxburynj.us/ArchiveCenter/ViewFile/Item/11065,Roxbury records River Park Village as one project on Block 10701 Lot 1 with 122 completed units across 53-unit and 69-unit rounds/phases.,Roxbury Affordable Housing Monitoring Report,official_local_government,https://www.roxburynj.us/ArchiveCenter/ViewFile/Item/11065,Roxbury records River Park Village as one project on Block 10701 Lot 1 with 122 completed units across 53-unit and 69-unit rounds/phases.,The project-level identity is resolved as one multiphase campus on one tax lot. Individual campus addresses remain separate site rows and the site inventory is not asserted complete.,physical_development_multi_building_or_multisite_multiphase_identity_resolved_site_inventory_unresolved_units_deferred,FALSE,not_required,not_approved,retain_current_and_former_property_names,https://livewillows.com/communities/the-willows-at-roxbury/,2026-08-11,two_read_complete,FALSE
SISR_NJ_RIVER_PARK,physical_identity_merge,DEV_NJA19979041,NJA19979041,THE WILLOWS AT ROXBURY,not_in_review,3,merge_address_named_and_alias_records_as_one_physical_development_preserve_episode_once_defer_units,merge_to_review_cluster,DEV_NJA19960095,NJA19960095,final_physical_development,THE WILLOWS AT ROXBURY (FORMERLY RIVER PARK VILLAGE),municipal_and_owner_sources_identify_one_multiphase_campus_on_one_tax_lot,The Willows at Roxbury/River Park Village Burton Way complex,Roxbury Affordable Housing Monitoring Report,official_local_government,https://www.roxburynj.us/ArchiveCenter/ViewFile/Item/11065,Roxbury records River Park Village as one project on Block 10701 Lot 1 with 122 completed units across 53-unit and 69-unit rounds/phases.,Roxbury Affordable Housing Monitoring Report,official_local_government,https://www.roxburynj.us/ArchiveCenter/ViewFile/Item/11065,Roxbury records River Park Village as one project on Block 10701 Lot 1 with 122 completed units across 53-unit and 69-unit rounds/phases.,The project-level identity is resolved as one multiphase campus on one tax lot. Individual campus addresses remain separate site rows and the site inventory is not asserted complete.,physical_development_multi_building_or_multisite_multiphase_identity_resolved_site_inventory_unresolved_units_deferred,FALSE,not_required,not_approved,retain_current_and_former_property_names,https://livewillows.com/communities/the-willows-at-roxbury/,2026-08-11,two_read_complete,FALSE
SISR_NJ_ROEBLING,physical_identity_merge,DEV_NJA19970090,NJA19970090,ROEBLING VILLAGE INN AFFORDABLE HOUSING,not_in_review,3,merge_address_named_original_and_later_financing_records_as_one_physical_development_preserve_episodes_defer_units,retain_physical_development,DEV_NJA19970090,NJA19970090,final_physical_development,ROEBLING VILLAGE INN AFFORDABLE HOUSING,same_property_identity_and_riverside_address_across_original_and_later_financing,Roebling Village Inn at 32 Riverside Avenue,New Jersey DCA Burlington County Affordable Housing Guide,official_state_government,https://www.nj.gov/dca/codes/publications/pdf_guide_2_afford_hsg/burlington.pdf,The official state guide identifies one 14-unit Roebling Village Inn Senior Apartments property at 32 Riverside Avenue. It supports the merge and does not support the 718 South Route 130 source row.,New Jersey DCA Burlington County Affordable Housing Guide,official_state_government,https://www.nj.gov/dca/codes/publications/pdf_guide_2_afford_hsg/burlington.pdf,The official state guide identifies one 14-unit Roebling Village Inn Senior Apartments property at 32 Riverside Avenue. It supports the merge and does not support the 718 South Route 130 source row.,The property identity is resolved. The Riverside site is retained once and the unrelated Route 130 row is removed.,physical_development_identity_resolved_unit_aggregation_deferred,FALSE,not_required,not_approved,replace_address_only_name_with_property_name,https://www.huduser.gov/portal/datasets/lihtc.html,2026-08-11,two_read_complete,FALSE
SISR_NJ_ROEBLING,physical_identity_merge,DEV_NJA19970107,NJA19970107,32 RIVERSIDE AVE,not_in_review,3,merge_address_named_original_and_later_financing_records_as_one_physical_development_preserve_episodes_defer_units,merge_to_review_cluster,DEV_NJA19970090,NJA19970090,final_physical_development,ROEBLING VILLAGE INN AFFORDABLE HOUSING,same_property_identity_and_riverside_address_across_original_and_later_financing,Roebling Village Inn at 32 Riverside Avenue,New Jersey DCA Burlington County Affordable Housing Guide,official_state_government,https://www.nj.gov/dca/codes/publications/pdf_guide_2_afford_hsg/burlington.pdf,The official state guide identifies one 14-unit Roebling Village Inn Senior Apartments property at 32 Riverside Avenue. It supports the merge and does not support the 718 South Route 130 source row.,New Jersey DCA Burlington County Affordable Housing Guide,official_state_government,https://www.nj.gov/dca/codes/publications/pdf_guide_2_afford_hsg/burlington.pdf,The official state guide identifies one 14-unit Roebling Village Inn Senior Apartments property at 32 Riverside Avenue. It supports the merge and does not support the 718 South Route 130 source row.,The property identity is resolved. The Riverside site is retained once and the unrelated Route 130 row is removed.,physical_development_identity_resolved_unit_aggregation_deferred,FALSE,not_required,not_approved,replace_address_only_name_with_property_name,https://www.huduser.gov/portal/datasets/lihtc.html,2026-08-11,two_read_complete,FALSE
SISR_NJ_ROEBLING,physical_identity_merge,DEV_NJA20123115,NJA20123115,ROEBLING VILLAGE INN AFFORD. HOUSING #447,not_in_review,3,merge_address_named_original_and_later_financing_records_as_one_physical_development_preserve_episodes_defer_units,merge_to_review_cluster,DEV_NJA19970090,NJA19970090,final_physical_development,ROEBLING VILLAGE INN AFFORDABLE HOUSING,same_property_identity_and_riverside_address_across_original_and_later_financing,Roebling Village Inn at 32 Riverside Avenue,New Jersey DCA Burlington County Affordable Housing Guide,official_state_government,https://www.nj.gov/dca/codes/publications/pdf_guide_2_afford_hsg/burlington.pdf,The official state guide identifies one 14-unit Roebling Village Inn Senior Apartments property at 32 Riverside Avenue. It supports the merge and does not support the 718 South Route 130 source row.,New Jersey DCA Burlington County Affordable Housing Guide,official_state_government,https://www.nj.gov/dca/codes/publications/pdf_guide_2_afford_hsg/burlington.pdf,The official state guide identifies one 14-unit Roebling Village Inn Senior Apartments property at 32 Riverside Avenue. It supports the merge and does not support the 718 South Route 130 source row.,The property identity is resolved. The Riverside site is retained once and the unrelated Route 130 row is removed.,physical_development_identity_resolved_unit_aggregation_deferred,FALSE,not_required,not_approved,replace_address_only_name_with_property_name,https://www.huduser.gov/portal/datasets/lihtc.html,2026-08-11,two_read_complete,FALSE
SISR_NJ_BRADFORD,physical_identity_merge,DEV_NJA20009001,NJA20009001,BRADFORD POINTE #565,not_in_review,3,merge_address_named_and_alias_records_as_one_physical_development_preserve_episode_once_defer_units,retain_physical_development,DEV_NJA20009001,NJA20009001,final_physical_development,BRADFORD POINTE / BORDENTOWN APARTMENTS,official_guide_identifies_alias_and_bradford_court_address_range,Bradford Pointe/Bordentown Apartments at 101-727 Bradford Court,New Jersey DCA Burlington County Affordable Housing Guide,official_state_government,https://www.nj.gov/dca/codes/publications/pdf_guide_2_afford_hsg/burlington.pdf,The state guide identifies Bradford Pointe/Bordentown Apartments at 101-727 Bradford Court with 168 apartments; HUD variants use both names and malformed Route 130 descriptions.,New Jersey DCA Burlington County Affordable Housing Guide,official_state_government,https://www.nj.gov/dca/codes/publications/pdf_guide_2_afford_hsg/burlington.pdf,The guide reports 168 apartments; the value is evidence only and is not applied here.,"The property identity is resolved, but the numbered current site rows require later repair against the official address range.",physical_development_multi_building_or_multisite_identity_resolved_site_inventory_unresolved_units_deferred,FALSE,not_required,not_approved,retain_both_official_public_property_names,https://www.nj.gov/dca/codes/publications/pdf_guide_2_afford_hsg/burlington.pdf,2026-08-11,two_read_complete,FALSE
SISR_NJ_BRADFORD,physical_identity_merge,DEV_NJA20009013,NJA20009013,BORDENTOWN AFFORDABLE APARTMENTS,not_in_review,3,merge_address_named_and_alias_records_as_one_physical_development_preserve_episode_once_defer_units,merge_to_review_cluster,DEV_NJA20009001,NJA20009001,final_physical_development,BRADFORD POINTE / BORDENTOWN APARTMENTS,official_guide_identifies_alias_and_bradford_court_address_range,Bradford Pointe/Bordentown Apartments at 101-727 Bradford Court,New Jersey DCA Burlington County Affordable Housing Guide,official_state_government,https://www.nj.gov/dca/codes/publications/pdf_guide_2_afford_hsg/burlington.pdf,The state guide identifies Bradford Pointe/Bordentown Apartments at 101-727 Bradford Court with 168 apartments; HUD variants use both names and malformed Route 130 descriptions.,New Jersey DCA Burlington County Affordable Housing Guide,official_state_government,https://www.nj.gov/dca/codes/publications/pdf_guide_2_afford_hsg/burlington.pdf,The guide reports 168 apartments; the value is evidence only and is not applied here.,"The property identity is resolved, but the numbered current site rows require later repair against the official address range.",physical_development_multi_building_or_multisite_identity_resolved_site_inventory_unresolved_units_deferred,FALSE,not_required,not_approved,retain_both_official_public_property_names,https://www.nj.gov/dca/codes/publications/pdf_guide_2_afford_hsg/burlington.pdf,2026-08-11,two_read_complete,FALSE
SISR_NJ_BRADFORD,physical_identity_merge,DEV_NJA20000005,NJA20000005,ROUTE 130 & BORDENTOWN RD,not_in_review,3,merge_address_named_and_alias_records_as_one_physical_development_preserve_episode_once_defer_units,merge_to_review_cluster,DEV_NJA20009001,NJA20009001,final_physical_development,BRADFORD POINTE / BORDENTOWN APARTMENTS,official_guide_identifies_alias_and_bradford_court_address_range,Bradford Pointe/Bordentown Apartments at 101-727 Bradford Court,New Jersey DCA Burlington County Affordable Housing Guide,official_state_government,https://www.nj.gov/dca/codes/publications/pdf_guide_2_afford_hsg/burlington.pdf,The state guide identifies Bradford Pointe/Bordentown Apartments at 101-727 Bradford Court with 168 apartments; HUD variants use both names and malformed Route 130 descriptions.,New Jersey DCA Burlington County Affordable Housing Guide,official_state_government,https://www.nj.gov/dca/codes/publications/pdf_guide_2_afford_hsg/burlington.pdf,The guide reports 168 apartments; the value is evidence only and is not applied here.,"The property identity is resolved, but the numbered current site rows require later repair against the official address range.",physical_development_multi_building_or_multisite_identity_resolved_site_inventory_unresolved_units_deferred,FALSE,not_required,not_approved,retain_both_official_public_property_names,https://www.nj.gov/dca/codes/publications/pdf_guide_2_afford_hsg/burlington.pdf,2026-08-11,two_read_complete,FALSE
SISR_NJ_SUMMIT,physical_identity_merge,DEV_NJA20020165,NJA20020165,THE SUMMIT,not_in_review,3,merge_address_named_original_and_later_financing_records_as_one_physical_development_preserve_episodes_defer_units,retain_physical_development,DEV_NJA20020165,NJA20020165,final_physical_development,THE SUMMIT,same_property_identity_and_address_range_across_original_and_later_financing,The Summit at 599-601 South 20th Street,New Jersey DCA Essex County Affordable Housing Guide,official_state_government,https://www.nj.gov/dca/divisions/codes/publications/pdf_guide_2_afford_hsg/essex.pdf,The state guide and HUD records identify The Summit at 599-601 South 20th Street across the original and later financing records.,New Jersey DCA Essex County Affordable Housing Guide,official_state_government,https://www.nj.gov/dca/divisions/codes/publications/pdf_guide_2_afford_hsg/essex.pdf,The established records report 12 units; the value is evidence only and is not applied here.,The property identity is resolved and the address range is retained once.,physical_development_identity_resolved_unit_aggregation_deferred,FALSE,not_required,not_approved,replace_address_only_name_with_property_name,https://www.nj.gov/dca/divisions/codes/publications/pdf_guide_2_afford_hsg/essex.pdf,2026-08-11,two_read_complete,FALSE
SISR_NJ_SUMMIT,physical_identity_merge,DEV_NJA20020090,NJA20020090,599 20TH ST,not_in_review,3,merge_address_named_original_and_later_financing_records_as_one_physical_development_preserve_episodes_defer_units,merge_to_review_cluster,DEV_NJA20020165,NJA20020165,final_physical_development,THE SUMMIT,same_property_identity_and_address_range_across_original_and_later_financing,The Summit at 599-601 South 20th Street,New Jersey DCA Essex County Affordable Housing Guide,official_state_government,https://www.nj.gov/dca/divisions/codes/publications/pdf_guide_2_afford_hsg/essex.pdf,The state guide and HUD records identify The Summit at 599-601 South 20th Street across the original and later financing records.,New Jersey DCA Essex County Affordable Housing Guide,official_state_government,https://www.nj.gov/dca/divisions/codes/publications/pdf_guide_2_afford_hsg/essex.pdf,The established records report 12 units; the value is evidence only and is not applied here.,The property identity is resolved and the address range is retained once.,physical_development_identity_resolved_unit_aggregation_deferred,FALSE,not_required,not_approved,replace_address_only_name_with_property_name,https://www.nj.gov/dca/divisions/codes/publications/pdf_guide_2_afford_hsg/essex.pdf,2026-08-11,two_read_complete,FALSE
SISR_NJ_SUMMIT,physical_identity_merge,DEV_NJA20123136,NJA20123136,THE SUMMIT #626,not_in_review,3,merge_address_named_original_and_later_financing_records_as_one_physical_development_preserve_episodes_defer_units,merge_to_review_cluster,DEV_NJA20020165,NJA20020165,final_physical_development,THE SUMMIT,same_property_identity_and_address_range_across_original_and_later_financing,The Summit at 599-601 South 20th Street,New Jersey DCA Essex County Affordable Housing Guide,official_state_government,https://www.nj.gov/dca/divisions/codes/publications/pdf_guide_2_afford_hsg/essex.pdf,The state guide and HUD records identify The Summit at 599-601 South 20th Street across the original and later financing records.,New Jersey DCA Essex County Affordable Housing Guide,official_state_government,https://www.nj.gov/dca/divisions/codes/publications/pdf_guide_2_afford_hsg/essex.pdf,The established records report 12 units; the value is evidence only and is not applied here.,The property identity is resolved and the address range is retained once.,physical_development_identity_resolved_unit_aggregation_deferred,FALSE,not_required,not_approved,replace_address_only_name_with_property_name,https://www.nj.gov/dca/divisions/codes/publications/pdf_guide_2_afford_hsg/essex.pdf,2026-08-11,two_read_complete,FALSE
SISR_NJ_SPRINGFIELD,physical_identity_merge,DEV_NJA20030175,NJA20030175,SPRINGFIELD VILLAGE,not_in_review,3,merge_address_named_original_and_later_financing_records_as_one_physical_development_preserve_episodes_defer_units,retain_physical_development,DEV_NJA20030175,NJA20030175,final_physical_development,SPRINGFIELD VILLAGE,same_property_identity_and_address_range_across_original_and_later_financing,Springfield Village at 343-359 Springfield Avenue,New Jersey DCA Essex County Affordable Housing Guide,official_state_government,https://www.nj.gov/dca/divisions/codes/publications/pdf_guide_2_afford_hsg/essex.pdf,The state guide and HUD records identify Springfield Village at 343-359 Springfield Avenue across the original and later financing records.,New Jersey DCA Essex County Affordable Housing Guide,official_state_government,https://www.nj.gov/dca/divisions/codes/publications/pdf_guide_2_afford_hsg/essex.pdf,The established records report 26 units; the value is evidence only and is not applied here.,The property identity is resolved and the address range is retained once.,physical_development_multi_building_or_multisite_identity_resolved_site_inventory_unresolved_units_deferred,FALSE,not_required,not_approved,replace_address_only_name_with_property_name,https://www.nj.gov/dca/divisions/codes/publications/pdf_guide_2_afford_hsg/essex.pdf,2026-08-11,two_read_complete,FALSE
SISR_NJ_SPRINGFIELD,physical_identity_merge,DEV_NJA20030095,NJA20030095,343 SPRINGFIELD AVE,not_in_review,3,merge_address_named_original_and_later_financing_records_as_one_physical_development_preserve_episodes_defer_units,merge_to_review_cluster,DEV_NJA20030175,NJA20030175,final_physical_development,SPRINGFIELD VILLAGE,same_property_identity_and_address_range_across_original_and_later_financing,Springfield Village at 343-359 Springfield Avenue,New Jersey DCA Essex County Affordable Housing Guide,official_state_government,https://www.nj.gov/dca/divisions/codes/publications/pdf_guide_2_afford_hsg/essex.pdf,The state guide and HUD records identify Springfield Village at 343-359 Springfield Avenue across the original and later financing records.,New Jersey DCA Essex County Affordable Housing Guide,official_state_government,https://www.nj.gov/dca/divisions/codes/publications/pdf_guide_2_afford_hsg/essex.pdf,The established records report 26 units; the value is evidence only and is not applied here.,The property identity is resolved and the address range is retained once.,physical_development_multi_building_or_multisite_identity_resolved_site_inventory_unresolved_units_deferred,FALSE,not_required,not_approved,replace_address_only_name_with_property_name,https://www.nj.gov/dca/divisions/codes/publications/pdf_guide_2_afford_hsg/essex.pdf,2026-08-11,two_read_complete,FALSE
SISR_NJ_SPRINGFIELD,physical_identity_merge,DEV_NJA20123126,NJA20123126,SPRINGFIELD VILLAGE #663,not_in_review,3,merge_address_named_original_and_later_financing_records_as_one_physical_development_preserve_episodes_defer_units,merge_to_review_cluster,DEV_NJA20030175,NJA20030175,final_physical_development,SPRINGFIELD VILLAGE,same_property_identity_and_address_range_across_original_and_later_financing,Springfield Village at 343-359 Springfield Avenue,New Jersey DCA Essex County Affordable Housing Guide,official_state_government,https://www.nj.gov/dca/divisions/codes/publications/pdf_guide_2_afford_hsg/essex.pdf,The state guide and HUD records identify Springfield Village at 343-359 Springfield Avenue across the original and later financing records.,New Jersey DCA Essex County Affordable Housing Guide,official_state_government,https://www.nj.gov/dca/divisions/codes/publications/pdf_guide_2_afford_hsg/essex.pdf,The established records report 26 units; the value is evidence only and is not applied here.,The property identity is resolved and the address range is retained once.,physical_development_multi_building_or_multisite_identity_resolved_site_inventory_unresolved_units_deferred,FALSE,not_required,not_approved,replace_address_only_name_with_property_name,https://www.nj.gov/dca/divisions/codes/publications/pdf_guide_2_afford_hsg/essex.pdf,2026-08-11,two_read_complete,FALSE
SISR_NJ_VILLA_ESPERANZA,physical_identity_partition,DEV_NJA20040125,NJA20040125,VILLA ESPERANZA,not_in_review,2,retain_as_two_separate_physical_properties_and_remove_cross_property_site_contamination,retain_physical_development,DEV_NJA20040125,NJA20040125,final_physical_development,VILLA ESPERANZA,official_guide_identifies_two_separate_properties_at_shepard_and_osborne_addresses,Villa Esperanza at 311-315 Osborne Terrace | 262-272 Sherpard Avenue Apartments,New Jersey DCA Essex County Affordable Housing Guide,official_state_government,https://www.nj.gov/dca/divisions/codes/publications/pdf_guide_2_afford_hsg/essex.pdf,The official state guide lists Villa Esperanza at 311-315 Osborne Terrace and 262-72 Sherpard Avenue Apartments as two separate tax-credit properties.,New Jersey DCA Essex County Affordable Housing Guide,official_state_government,https://www.nj.gov/dca/divisions/codes/publications/pdf_guide_2_afford_hsg/essex.pdf,The official guide reports 44 units for Villa Esperanza and 26 units for the separate Sherpard Avenue property; the values are evidence only and are not applied here.,"The identities are resolved as two separate physical properties. The Villa Esperanza source sites belong to the Sherpard property, and unit aggregation remains deferred.",physical_development_identity_resolved_site_inventory_missing_units_deferred,FALSE,not_required,not_approved,official_guide_distinguishes_two_separate_property_names,https://www.nj.gov/dca/divisions/codes/publications/pdf_guide_2_afford_hsg/essex.pdf,2026-08-11,two_read_complete,FALSE
SISR_NJ_VILLA_ESPERANZA,physical_identity_partition,DEV_NJA20050130,NJA20050130,262 SHERPARD AVE,not_in_review,2,retain_as_two_separate_physical_properties_and_remove_cross_property_site_contamination,retain_physical_development,DEV_NJA20050130,NJA20050130,final_physical_development,262-272 SHERPARD AVENUE APARTMENTS,official_guide_identifies_two_separate_properties_at_shepard_and_osborne_addresses,Villa Esperanza at 311-315 Osborne Terrace | 262-272 Sherpard Avenue Apartments,New Jersey DCA Essex County Affordable Housing Guide,official_state_government,https://www.nj.gov/dca/divisions/codes/publications/pdf_guide_2_afford_hsg/essex.pdf,The official state guide lists Villa Esperanza at 311-315 Osborne Terrace and 262-72 Sherpard Avenue Apartments as two separate tax-credit properties.,New Jersey DCA Essex County Affordable Housing Guide,official_state_government,https://www.nj.gov/dca/divisions/codes/publications/pdf_guide_2_afford_hsg/essex.pdf,The official guide reports 44 units for Villa Esperanza and 26 units for the separate Sherpard Avenue property; the values are evidence only and are not applied here.,"The identities are resolved as two separate physical properties. The Villa Esperanza source sites belong to the Sherpard property, and unit aggregation remains deferred.",physical_development_identity_resolved_site_inventory_incomplete_units_deferred,FALSE,not_required,not_approved,official_guide_distinguishes_two_separate_property_names,https://www.nj.gov/dca/divisions/codes/publications/pdf_guide_2_afford_hsg/essex.pdf,2026-08-11,two_read_complete,FALSE
SISR_OH_CLUB_SPRING_VALLEY,physical_identity_merge,DEV_OHA19960058,OHA19960058,CLUB AT SPRING VALLEY,not_in_review,2,merge_duplicate_financing_identity_as_one_physical_development_and_remove_wrong_address,retain_physical_development,DEV_OHA19960058,OHA19960058,final_physical_development,CLUB AT SPRING VALLEY / PRESERVE AT SAGEBROOK,same_financing_identity_with_local_source_confirming_sagebrook_and_rejecting_eastbrook,Club at Spring Valley/Preserve at Sagebrook at 3091 Sagebrook Drive,Better Business Bureau profile: The Preserve at Sagebrook,business_registry_profile,https://www.bbb.org/us/oh/miamisburg/profile/apartments/the-preserve-at-sagebrook-0322-7006348,"The BBB profile places The Preserve at Sagebrook at 3091 Sagebrook Drive and lists Club at Spring Valley Apts as an alternate name, supporting one property identity.",Dayton Area Housing Needs Assessment,official_local_government,https://www.daytonohio.gov/DocumentCenter/View/13851/Bowen-Housing-Needs-Assessment-June-2021,The assessment reports 336 units; the value is evidence only and is not applied here.,The financing identity describes one physical property at Sagebrook. The Eastbrook row is a wrong source address.,physical_development_identity_resolved_unit_aggregation_deferred,FALSE,not_required,not_approved,retain_current_and_former_property_names,https://www.bbb.org/us/oh/miamisburg/profile/apartments/the-preserve-at-sagebrook-0322-7006348,2026-08-11,two_read_complete,FALSE
SISR_OH_CLUB_SPRING_VALLEY,physical_identity_merge,DEV_OHA19989259,OHA19989259,CLUB AT SPRING VALLEY,not_in_review,2,merge_duplicate_financing_identity_as_one_physical_development_and_remove_wrong_address,merge_to_review_cluster,DEV_OHA19960058,OHA19960058,final_physical_development,CLUB AT SPRING VALLEY / PRESERVE AT SAGEBROOK,same_financing_identity_with_local_source_confirming_sagebrook_and_rejecting_eastbrook,Club at Spring Valley/Preserve at Sagebrook at 3091 Sagebrook Drive,Better Business Bureau profile: The Preserve at Sagebrook,business_registry_profile,https://www.bbb.org/us/oh/miamisburg/profile/apartments/the-preserve-at-sagebrook-0322-7006348,"The BBB profile places The Preserve at Sagebrook at 3091 Sagebrook Drive and lists Club at Spring Valley Apts as an alternate name, supporting one property identity.",Dayton Area Housing Needs Assessment,official_local_government,https://www.daytonohio.gov/DocumentCenter/View/13851/Bowen-Housing-Needs-Assessment-June-2021,The assessment reports 336 units; the value is evidence only and is not applied here.,The financing identity describes one physical property at Sagebrook. The Eastbrook row is a wrong source address.,physical_development_identity_resolved_unit_aggregation_deferred,FALSE,not_required,not_approved,retain_current_and_former_property_names,https://www.bbb.org/us/oh/miamisburg/profile/apartments/the-preserve-at-sagebrook-0322-7006348,2026-08-11,two_read_complete,FALSE
SISR_TN_WILLOW_POINTE,physical_identity_merge,DEV_TNA19960115,TNA19960115,WILLOW POINTE,not_in_review,2,merge_same_named_source_records_as_one_physical_development_preserve_episodes_defer_units,retain_physical_development,DEV_TNA19960115,TNA19960115,final_physical_development,WILLOW POINTE,same_name_city_and_physical_property_with_supplemental_address_record,Willow Pointe at 1200 Hickory Hollow Terrace,THDA portfolio listing and MDHA voucher landlord list,official_state_and_local_housing_agencies,https://thda.org/pdf/Multifamily-Programs-Compliance-Coordinator-Portfolio-Listing.pdf|https://www.nashville-mdha.org/wp-content/uploads/2024/04/Landlords-That-Accept-Section-8-Vouchers.pdf,"THDA maps TN12-201 to Willow Pointe in Nashville; MDHA identifies Willow Pointe Apartments at 1200 Hickory Hollow Terrace. The two 1996 HUD rows have the same name and city and complementary count/address fields, supporting one physical property while leaving their episode/source-record relationship unresolved.",Metropolitan Development and Housing Agency voucher landlord list,official_local_housing_agency,https://www.nashville-mdha.org/wp-content/uploads/2024/04/Landlords-That-Accept-Section-8-Vouchers.pdf,MDHA confirms Willow Pointe Apartments at 1200 Hickory Hollow Terrace but does not provide a development-wide unit count; no numeric value is applied here.,The physical identity is resolved; the source episodes are preserved and unit aggregation remains deferred.,physical_development_identity_resolved_unit_aggregation_deferred,FALSE,not_required,not_approved,not_applicable,not_applicable,2026-08-11,two_read_complete,FALSE
SISR_TN_WILLOW_POINTE,physical_identity_merge,DEV_TNA19960800,TNA19960800,WILLOW POINTE,not_in_review,2,merge_same_named_source_records_as_one_physical_development_preserve_episodes_defer_units,merge_to_review_cluster,DEV_TNA19960115,TNA19960115,final_physical_development,WILLOW POINTE,same_name_city_and_physical_property_with_supplemental_address_record,Willow Pointe at 1200 Hickory Hollow Terrace,THDA portfolio listing and MDHA voucher landlord list,official_state_and_local_housing_agencies,https://thda.org/pdf/Multifamily-Programs-Compliance-Coordinator-Portfolio-Listing.pdf|https://www.nashville-mdha.org/wp-content/uploads/2024/04/Landlords-That-Accept-Section-8-Vouchers.pdf,"THDA maps TN12-201 to Willow Pointe in Nashville; MDHA identifies Willow Pointe Apartments at 1200 Hickory Hollow Terrace. The two 1996 HUD rows have the same name and city and complementary count/address fields, supporting one physical property while leaving their episode/source-record relationship unresolved.",Metropolitan Development and Housing Agency voucher landlord list,official_local_housing_agency,https://www.nashville-mdha.org/wp-content/uploads/2024/04/Landlords-That-Accept-Section-8-Vouchers.pdf,MDHA confirms Willow Pointe Apartments at 1200 Hickory Hollow Terrace but does not provide a development-wide unit count; no numeric value is applied here.,The physical identity is resolved; the source episodes are preserved and unit aggregation remains deferred.,physical_development_identity_resolved_unit_aggregation_deferred,FALSE,not_required,not_approved,not_applicable,not_applicable,2026-08-11,two_read_complete,FALSE
SISR_TX_TRINITY_OAKS,physical_identity_merge,DEV_TXA19910485,TXA19910485,TRINITY OAKS APTS PHASE II,not_in_review,2,merge_phase_and_supplemental_records_as_one_two_building_physical_development_preserve_episodes_defer_units,retain_physical_development,DEV_TXA19910485,TXA19910485,final_physical_development,TRINITY OAKS APARTMENTS,official_board_record_identifies_contiguous_two_building_development,Trinity Oaks buildings at 600 and 610 Woodlawn Street,"TDHCA Board Book, November 5 2020",official_state_housing_agency,https://www.tdhca.texas.gov/sites/default/files/board/books/201105-book-201030.pdf,TDHCA identifies Trinity Oaks as one 48-unit development in two contiguous 24-unit phases at 600 and 610 Woodlawn Street.,"TDHCA Board Book, November 5 2020",official_state_housing_agency,https://www.tdhca.texas.gov/sites/default/files/board/books/201105-book-201030.pdf,TDHCA reports 48 units across the development; the value is evidence only and is not applied here.,The physical identity is resolved; both building sites are retained once and unit aggregation remains deferred.,physical_development_multi_building_or_multisite_identity_resolved_site_inventory_unresolved_units_deferred,FALSE,not_required,not_approved,remove_phase_suffix_for_physical_development_name,https://www.tdhca.texas.gov/sites/default/files/board/books/201105-book-201030.pdf,2026-08-11,two_read_complete,FALSE
SISR_TX_TRINITY_OAKS,physical_identity_merge,DEV_TXA00000091,TXA00000091,TRINITY OAKS APTS,not_in_review,2,merge_phase_and_supplemental_records_as_one_two_building_physical_development_preserve_episodes_defer_units,merge_to_review_cluster,DEV_TXA19910485,TXA19910485,final_physical_development,TRINITY OAKS APARTMENTS,official_board_record_identifies_contiguous_two_building_development,Trinity Oaks buildings at 600 and 610 Woodlawn Street,"TDHCA Board Book, November 5 2020",official_state_housing_agency,https://www.tdhca.texas.gov/sites/default/files/board/books/201105-book-201030.pdf,TDHCA identifies Trinity Oaks as one 48-unit development in two contiguous 24-unit phases at 600 and 610 Woodlawn Street.,"TDHCA Board Book, November 5 2020",official_state_housing_agency,https://www.tdhca.texas.gov/sites/default/files/board/books/201105-book-201030.pdf,TDHCA reports 48 units across the development; the value is evidence only and is not applied here.,The physical identity is resolved; both building sites are retained once and unit aggregation remains deferred.,physical_development_multi_building_or_multisite_identity_resolved_site_inventory_unresolved_units_deferred,FALSE,not_required,not_approved,remove_phase_suffix_for_physical_development_name,https://www.tdhca.texas.gov/sites/default/files/board/books/201105-book-201030.pdf,2026-08-11,two_read_complete,FALSE
SISR_TX_GARDEN_WALK,physical_identity_merge,DEV_TXA19950485,TXA19950485,WILLOWS BEND APTS,not_in_review,3,merge_former_current_and_supplemental_records_as_one_physical_development_preserve_episodes_defer_units,retain_physical_development,DEV_TXA19950485,TXA19950485,final_physical_development,GARDEN WALK OF WEIMAR (FORMERLY WILLOWS BEND APARTMENTS),official_sponsor_reports_same_sixteen_unit_property_and_address,Garden Walk/Willows Bend at 303 North Smith Street,TDHCA Housing Sponsor Report,official_state_housing_agency,https://www.tdhca.texas.gov/sites/default/files/housing-center/docs/12-HSR.pdf,TDHCA sponsor reports and HUD records identify the 16-unit property at 303 North Smith Street under the Garden Walk and Willows Bend names.,TDHCA Housing Sponsor Report,official_state_housing_agency,https://www.tdhca.texas.gov/sites/default/files/housing-center/docs/12-HSR.pdf,The public records report 16 total and 16 low-income units; values are evidence only and are not applied here.,The names and supplemental row represent one physical property; the duplicate site is retained once.,physical_development_identity_resolved_unit_aggregation_deferred,FALSE,not_required,not_approved,retain_current_and_former_property_names,https://www.tdhca.texas.gov/sites/default/files/housing-center/docs/12-HSR.pdf,2026-08-11,two_read_complete,FALSE
SISR_TX_GARDEN_WALK,physical_identity_merge,DEV_TXA00000136,TXA00000136,GARDEN WALK OF WEIMAR,not_in_review,3,merge_former_current_and_supplemental_records_as_one_physical_development_preserve_episodes_defer_units,merge_to_review_cluster,DEV_TXA19950485,TXA19950485,final_physical_development,GARDEN WALK OF WEIMAR (FORMERLY WILLOWS BEND APARTMENTS),official_sponsor_reports_same_sixteen_unit_property_and_address,Garden Walk/Willows Bend at 303 North Smith Street,TDHCA Housing Sponsor Report,official_state_housing_agency,https://www.tdhca.texas.gov/sites/default/files/housing-center/docs/12-HSR.pdf,TDHCA sponsor reports and HUD records identify the 16-unit property at 303 North Smith Street under the Garden Walk and Willows Bend names.,TDHCA Housing Sponsor Report,official_state_housing_agency,https://www.tdhca.texas.gov/sites/default/files/housing-center/docs/12-HSR.pdf,The public records report 16 total and 16 low-income units; values are evidence only and are not applied here.,The names and supplemental row represent one physical property; the duplicate site is retained once.,physical_development_identity_resolved_unit_aggregation_deferred,FALSE,not_required,not_approved,retain_current_and_former_property_names,https://www.tdhca.texas.gov/sites/default/files/housing-center/docs/12-HSR.pdf,2026-08-11,two_read_complete,FALSE
SISR_TX_GARDEN_WALK,physical_identity_merge,DEV_TXA00000304,TXA00000304,GARDENWALK OF WEIMAR,not_in_review,3,merge_former_current_and_supplemental_records_as_one_physical_development_preserve_episodes_defer_units,merge_to_review_cluster,DEV_TXA19950485,TXA19950485,final_physical_development,GARDEN WALK OF WEIMAR (FORMERLY WILLOWS BEND APARTMENTS),official_sponsor_reports_same_sixteen_unit_property_and_address,Garden Walk/Willows Bend at 303 North Smith Street,TDHCA Housing Sponsor Report,official_state_housing_agency,https://www.tdhca.texas.gov/sites/default/files/housing-center/docs/12-HSR.pdf,TDHCA sponsor reports and HUD records identify the 16-unit property at 303 North Smith Street under the Garden Walk and Willows Bend names.,TDHCA Housing Sponsor Report,official_state_housing_agency,https://www.tdhca.texas.gov/sites/default/files/housing-center/docs/12-HSR.pdf,The public records report 16 total and 16 low-income units; values are evidence only and are not applied here.,The names and supplemental row represent one physical property; the duplicate site is retained once.,physical_development_identity_resolved_unit_aggregation_deferred,FALSE,not_required,not_approved,retain_current_and_former_property_names,https://www.tdhca.texas.gov/sites/default/files/housing-center/docs/12-HSR.pdf,2026-08-11,two_read_complete,FALSE
SISR_CT_BROOK_HILL_I,retained_distinct_physical_development,DEV_CTA0000X007,CTA0000X007,BROOK HILL VILLAGE 1,not_in_review,1,retain_as_distinct_physical_phase_at_separate_address,retain_physical_development,DEV_CTA0000X007,CTA0000X007,final_physical_development,BROOK HILL VILLAGE I,official_assessment_records_distinguish_phase_and_address,Brook Hill Village I at 2 Emily Way,"Suffield Board of Assessment Appeals Minutes, March 26 2024",official_local_government,https://resources.finalsite.net/images/v1712151699/suffieldctgov/evonxh0dz8xwjhyqhyao/03-26-2024BoardofAssessmentAppealsMeetingMinutes.pdf,Local assessment records distinguish the Brook Hill properties at 1 and 2 Emily Way.,"Suffield Board of Assessment Appeals Minutes, March 26 2024",official_local_government,https://resources.finalsite.net/images/v1712151699/suffieldctgov/evonxh0dz8xwjhyqhyao/03-26-2024BoardofAssessmentAppealsMeetingMinutes.pdf,No development-wide numeric value is applied in this identity review.,Phase I is a distinct physical property from Phase II despite the common master-development name.,physical_development_retained_separate,FALSE,not_required,not_approved,not_applicable,not_applicable,2026-08-11,two_read_complete,FALSE
SISR_CT_BROOK_HILL_II,retained_distinct_physical_development,DEV_CTA0000X008,CTA0000X008,BROOK HILL VILLAGE II,not_in_review,1,retain_as_distinct_physical_phase_at_separate_address,retain_physical_development,DEV_CTA0000X008,CTA0000X008,final_physical_development,BROOK HILL VILLAGE II,official_assessment_records_distinguish_phase_and_address,Brook Hill Village II at 1 Emily Way,"Suffield Board of Assessment Appeals Minutes, March 26 2024",official_local_government,https://resources.finalsite.net/images/v1712151699/suffieldctgov/evonxh0dz8xwjhyqhyao/03-26-2024BoardofAssessmentAppealsMeetingMinutes.pdf,Local assessment records distinguish the Brook Hill properties at 1 and 2 Emily Way.,"Suffield Board of Assessment Appeals Minutes, March 26 2024",official_local_government,https://resources.finalsite.net/images/v1712151699/suffieldctgov/evonxh0dz8xwjhyqhyao/03-26-2024BoardofAssessmentAppealsMeetingMinutes.pdf,No development-wide numeric value is applied in this identity review.,Phase II is a distinct physical property from Phase I despite the common master-development name.,physical_development_retained_separate,FALSE,not_required,not_approved,not_applicable,not_applicable,2026-08-11,two_read_complete,FALSE
SISR_CT_MERIDEN_I,retained_distinct_physical_development,DEV_CTA0000X034,CTA0000X034,MERIDEN COMMONS I,not_in_review,1,retain_as_distinct_physical_phase_on_separate_parcel,retain_physical_development,DEV_CTA0000X034,CTA0000X034,final_physical_development,MERIDEN COMMONS I,official_financial_statements_distinguish_phase_parcels_and_addresses,Meriden Commons I at 161 State Street,City of Meriden 2024 Audit Reports,official_local_government,https://www.meridenct.gov/Customer-Content/www/CMS/files/Finance_Department_-_2024_Meriden_Audit_Reports.pdf,City records distinguish Meriden Commons I at 161 State Street from phase II at 177 State Street.,City of Meriden 2024 Audit Reports,official_local_government,https://www.meridenct.gov/Customer-Content/www/CMS/files/Finance_Department_-_2024_Meriden_Audit_Reports.pdf,No development-wide numeric value is applied in this identity review.,Phase I remains a distinct physical property.,physical_development_retained_separate,FALSE,not_required,not_approved,not_applicable,not_applicable,2026-08-11,two_read_complete,FALSE
SISR_CT_MERIDEN_II,retained_distinct_physical_development,DEV_CTA0000X035,CTA0000X035,MERIDEN COMMONS II,not_in_review,1,retain_as_distinct_physical_phase_on_separate_parcel,retain_physical_development,DEV_CTA0000X035,CTA0000X035,final_physical_development,MERIDEN COMMONS II,official_financial_statements_distinguish_phase_parcels_and_addresses,Meriden Commons II at 177 State Street,City of Meriden 2024 Audit Reports,official_local_government,https://www.meridenct.gov/Customer-Content/www/CMS/files/Finance_Department_-_2024_Meriden_Audit_Reports.pdf,City records distinguish Meriden Commons II at 177 State Street from phase I at 161 State Street.,City of Meriden 2024 Audit Reports,official_local_government,https://www.meridenct.gov/Customer-Content/www/CMS/files/Finance_Department_-_2024_Meriden_Audit_Reports.pdf,No development-wide numeric value is applied in this identity review.,Phase II remains a distinct physical property.,physical_development_retained_separate,FALSE,not_required,not_approved,not_applicable,not_applicable,2026-08-11,two_read_complete,FALSE
SISR_CT_CRESCENT_1B,retained_distinct_physical_development,DEV_CTA0000X017,CTA0000X017,CRESCENT CROSSINGS 1B,not_in_review,1,retain_as_distinct_second_replacement_phase,retain_physical_development,DEV_CTA0000X017,CTA0000X017,final_physical_development,CRESCENT CROSSINGS PHASE 1B,official_chfa_report_identifies_separate_second_phase_and_four_buildings,Crescent Crossings 1B buildings at Cutter Drive and Waterview Avenue,CHFA 2015 Summary Report,official_state_housing_finance_agency,https://www.chfa.org/assets/1/6/2015_Summary_Report.pdf,"CHFA identifies phase 1B as a separate second replacement phase with four buildings, distinct from phase 1A.",CHFA 2015 Summary Report,official_state_housing_finance_agency,https://www.chfa.org/assets/1/6/2015_Summary_Report.pdf,No development-wide numeric value is applied in this identity review.,Phase 1B remains distinct from phase 1A.,physical_development_retained_separate,FALSE,not_required,not_approved,not_applicable,not_applicable,2026-08-11,two_read_complete,FALSE
SISR_CT_CRESCENT_1A,retained_distinct_physical_development,DEV_CTA20161002,CTA20161002,CRESCENT CROSSING PHASE 1-A,not_in_review,1,retain_as_distinct_first_replacement_phase,retain_physical_development,DEV_CTA20161002,CTA20161002,final_physical_development,CRESCENT CROSSING PHASE 1A,official_chfa_report_identifies_separate_first_phase,Crescent Crossing phase 1A at 252 Hallett Street,CHFA 2015 Summary Report,official_state_housing_finance_agency,https://www.chfa.org/assets/1/6/2015_Summary_Report.pdf,CHFA distinguishes phases 1A and 1B as separate replacement phases.,CHFA 2015 Summary Report,official_state_housing_finance_agency,https://www.chfa.org/assets/1/6/2015_Summary_Report.pdf,The source reports 93 units for phase 1A; the value is evidence only and is not applied here.,Phase 1A remains distinct from phase 1B.,physical_development_retained_separate,FALSE,not_required,not_approved,not_applicable,not_applicable,2026-08-11,two_read_complete,FALSE
SISR_CT_PARK_RIVER,physical_identity_merge,DEV_CTA0000X048,CTA0000X048,VILLAGE AT PARK RIVER I,not_in_review,3,merge_three_phase_records_as_one_physical_master_development_preserve_episodes_and_sites_defer_units,retain_physical_development,DEV_CTA0000X048,CTA0000X048,final_physical_development,VILLAGE AT PARK RIVER (WESTBROOK VILLAGE REDEVELOPMENT),official_state_source_identifies_one_six_phase_master_redevelopment,Village at Park River / Westbrook Village redevelopment across six phases on one 40-acre site,Connecticut DDS Village at Park River open house,official_state_government,https://portal.ct.gov/dds/searchable-archive/media/latestnews2023/dds-deputy-commissioner-elisa-velardo-attends-open-house-at-supportive-housing-development,"Connecticut DDS describes Village at Park River as the 40-acre redevelopment of Westbrook Village planned in six phases, supporting one master physical development across the three HUD phase records.",Connecticut DDS Village at Park River open house,official_state_government,https://portal.ct.gov/dds/searchable-archive/media/latestnews2023/dds-deputy-commissioner-elisa-velardo-attends-open-house-at-supportive-housing-development,Connecticut DDS reports that the overall redevelopment will include more than 400 units across six phases; the evidence is not applied as a unit total.,"The master community identity is resolved; all financing episodes and individual source sites are preserved, while site inventory and unit aggregation remain deferred.",physical_development_multi_building_or_multisite_multiphase_identity_resolved_site_inventory_unresolved_units_deferred,FALSE,not_required,not_approved,replace_phase_names_with_documented_master_community_name,https://portal.ct.gov/dds/searchable-archive/media/latestnews2023/dds-deputy-commissioner-elisa-velardo-attends-open-house-at-supportive-housing-development,2026-08-11,two_read_complete,FALSE
SISR_CT_PARK_RIVER,physical_identity_merge,DEV_CTA20211008,CTA20211008,WESTBROOK VILLAGE PHASE III,not_in_review,3,merge_three_phase_records_as_one_physical_master_development_preserve_episodes_and_sites_defer_units,merge_to_review_cluster,DEV_CTA0000X048,CTA0000X048,final_physical_development,VILLAGE AT PARK RIVER (WESTBROOK VILLAGE REDEVELOPMENT),official_state_source_identifies_one_six_phase_master_redevelopment,Village at Park River / Westbrook Village redevelopment across six phases on one 40-acre site,Connecticut DDS Village at Park River open house,official_state_government,https://portal.ct.gov/dds/searchable-archive/media/latestnews2023/dds-deputy-commissioner-elisa-velardo-attends-open-house-at-supportive-housing-development,"Connecticut DDS describes Village at Park River as the 40-acre redevelopment of Westbrook Village planned in six phases, supporting one master physical development across the three HUD phase records.",Connecticut DDS Village at Park River open house,official_state_government,https://portal.ct.gov/dds/searchable-archive/media/latestnews2023/dds-deputy-commissioner-elisa-velardo-attends-open-house-at-supportive-housing-development,Connecticut DDS reports that the overall redevelopment will include more than 400 units across six phases; the evidence is not applied as a unit total.,"The master community identity is resolved; all financing episodes and individual source sites are preserved, while site inventory and unit aggregation remain deferred.",physical_development_multi_building_or_multisite_multiphase_identity_resolved_site_inventory_unresolved_units_deferred,FALSE,not_required,not_approved,replace_phase_names_with_documented_master_community_name,https://portal.ct.gov/dds/searchable-archive/media/latestnews2023/dds-deputy-commissioner-elisa-velardo-attends-open-house-at-supportive-housing-development,2026-08-11,two_read_complete,FALSE
SISR_CT_PARK_RIVER,physical_identity_merge,DEV_CTA20220005,CTA20220005,WESTBROOK VILLAGE PHASE IV,not_in_review,3,merge_three_phase_records_as_one_physical_master_development_preserve_episodes_and_sites_defer_units,merge_to_review_cluster,DEV_CTA0000X048,CTA0000X048,final_physical_development,VILLAGE AT PARK RIVER (WESTBROOK VILLAGE REDEVELOPMENT),official_state_source_identifies_one_six_phase_master_redevelopment,Village at Park River / Westbrook Village redevelopment across six phases on one 40-acre site,Connecticut DDS Village at Park River open house,official_state_government,https://portal.ct.gov/dds/searchable-archive/media/latestnews2023/dds-deputy-commissioner-elisa-velardo-attends-open-house-at-supportive-housing-development,"Connecticut DDS describes Village at Park River as the 40-acre redevelopment of Westbrook Village planned in six phases, supporting one master physical development across the three HUD phase records.",Connecticut DDS Village at Park River open house,official_state_government,https://portal.ct.gov/dds/searchable-archive/media/latestnews2023/dds-deputy-commissioner-elisa-velardo-attends-open-house-at-supportive-housing-development,Connecticut DDS reports that the overall redevelopment will include more than 400 units across six phases; the evidence is not applied as a unit total.,"The master community identity is resolved; all financing episodes and individual source sites are preserved, while site inventory and unit aggregation remain deferred.",physical_development_multi_building_or_multisite_multiphase_identity_resolved_site_inventory_unresolved_units_deferred,FALSE,not_required,not_approved,replace_phase_names_with_documented_master_community_name,https://portal.ct.gov/dds/searchable-archive/media/latestnews2023/dds-deputy-commissioner-elisa-velardo-attends-open-house-at-supportive-housing-development,2026-08-11,two_read_complete,FALSE
SISR_CT_SPRUCE_MEADOWS_I,retained_distinct_physical_development,DEV_CTA0000X041,CTA0000X041,SPRUCE MEADOWS LLC  PHASE I,not_in_review,1,retain_as_distinct_physical_development,retain_physical_development,DEV_CTA0000X041,CTA0000X041,final_physical_development,SPRUCE MEADOWS PHASE I,official_chfa_minutes_distinguish_spruce_meadows_and_spruce_ridge_projects,Spruce Meadows phase I at 100 South Broad Street,"CHFA Board Minutes, November 29 2018",official_state_housing_finance_agency,https://www.chfa.org/assets/1/6/November_29%2C_2018_Board_Minutes_Final.pdf,CHFA minutes list Spruce Meadows and Spruce Ridge as separate 43-unit projects rather than one phase pair.,"CHFA Board Minutes, November 29 2018",official_state_housing_finance_agency,https://www.chfa.org/assets/1/6/November_29%2C_2018_Board_Minutes_Final.pdf,The 43-unit references are evidence only and are not applied here.,Spruce Meadows remains a distinct physical development.,physical_development_retained_separate,FALSE,not_required,not_approved,not_applicable,not_applicable,2026-08-11,two_read_complete,FALSE
SISR_IL_MAPLE_POINTE,derived_name_correction,DEV_ILB0000X073,ILB0000X073,STANDARD ILLINOIS PORTFOLIO A,not_in_review,1,retain_property_specific_financing_slice_as_physical_development_and_correct_name,retain_physical_development,DEV_ILB0000X073,ILB0000X073,final_physical_development,MAPLE POINTE APARTMENTS,official_finance_minutes_map_portfolio_slice_address_to_named_property,Maple Pointe Apartments at 150 West Maple Street,IHDA Finance Committee Minutes,official_state_housing_finance_agency,https://www.ihda.org/wp-content/uploads/2015/12/Finance-Committee-Minutes_approved.pdf,IHDA identifies Maple Pointe as a 343-unit property in the Standard Illinois transaction; the current 150 West Maple address maps this row to Maple Pointe rather than to the five-property umbrella.,IHDA Finance Committee Minutes,official_state_housing_finance_agency,https://www.ihda.org/wp-content/uploads/2015/12/Finance-Committee-Minutes_approved.pdf,IHDA reports 343 units for Maple Pointe; the value is evidence only and is not applied in this identity ledger.,This is a property-specific financing slice and remains a physical development after the name correction.,physical_development_identity_resolved,FALSE,not_required,not_approved,replace_portfolio_slice_label_with_address_mapped_property_name,https://www.ihda.org/wp-content/uploads/2015/12/Finance-Committee-Minutes_approved.pdf,2026-08-11,two_read_complete,FALSE
SISR_IL_WALSH_PARK,derived_name_correction,DEV_ILB0000X074,ILB0000X074,STANDARD ILLINOIS PORTFOLIO C,not_in_review,1,retain_property_specific_financing_slice_as_physical_development_and_correct_name,retain_physical_development,DEV_ILB0000X074,ILB0000X074,final_physical_development,WALSH PARK APARTMENTS,official_finance_minutes_map_portfolio_slice_address_to_named_property,Walsh Park Apartments at 1734 North Paulina Street,IHDA Finance Committee Minutes,official_state_housing_finance_agency,https://www.ihda.org/wp-content/uploads/2015/12/Finance-Committee-Minutes_approved.pdf,IHDA identifies Walsh Park as a 134-unit property in the Standard Illinois transaction; the current 1734 North Paulina address maps this row to Walsh Park rather than to the five-property umbrella.,IHDA Finance Committee Minutes,official_state_housing_finance_agency,https://www.ihda.org/wp-content/uploads/2015/12/Finance-Committee-Minutes_approved.pdf,IHDA reports 134 units for Walsh Park; the value is evidence only and is not applied in this identity ledger.,This is a property-specific financing slice and remains a physical development after the name correction.,physical_development_identity_resolved,FALSE,not_required,not_approved,replace_portfolio_slice_label_with_address_mapped_property_name,https://www.ihda.org/wp-content/uploads/2015/12/Finance-Committee-Minutes_approved.pdf,2026-08-11,two_read_complete,FALSE
SISR_OH_NORTHVIEW_14854,retained_distinct_physical_development,DEV_OHA19880405,OHA19880405,NORTHVIEW APTS,not_in_review,1,retain_as_distinct_physical_property_at_14854,retain_physical_development,DEV_OHA19880405,OHA19880405,final_physical_development,NORTHVIEW APARTMENTS,published_lihtc_listing_and_local_parcel_evidence_distinguish_adjacent_addresses,Northview Apartments at 14854 Northview Drive,"Village of Middlefield January 10, 2019 packet",official_local_government,https://www.middlefieldohio.com/wp-content/uploads/2019/02/1-10-2019-Packet-Revised.pdf,"The official Village packet lists Northview Apts at 14854 Northview, confirming this distinct physical property.","Ohio LIHTC Properties through 2023, District 14",public_lihtc_property_listing,https://www.novoco.com/public-media/documents/ohio-lihtc-properties-through-2023-district-14-07202.pdf,The listing reports 8 units for Northview; the value is evidence only and is not applied here.,The 14854 property remains distinct.,physical_development_retained_separate,FALSE,not_required,not_approved,not_applicable,not_applicable,2026-08-11,two_read_complete,FALSE
SISR_OH_NORTHVIEW_14855,retained_distinct_physical_development,DEV_OHA19900265,OHA19900265,NORTHVIEW,not_in_review,1,retain_as_distinct_lakeview_village_property_at_14855,retain_physical_development,DEV_OHA19900265,OHA19900265,final_physical_development,LAKEVIEW VILLAGE,official_village_source_identifies_lakeview_village_at_14855,Lakeview Village at 14855 Northview Drive,Village of Middlefield Senior Housing Information,official_local_government,https://www.middlefieldohio.com/community/seniors/,"The Village of Middlefield identifies Lakeview Village Senior Housing at 14855 Northview Drive, confirming a distinct property from Northview Apartments at 14854.",Village of Middlefield Senior Housing Information,official_local_government,https://www.middlefieldohio.com/community/seniors/,The official Village page does not provide a development-wide unit count; no numeric value is applied.,The Lakeview Village identity and exact 14855 Northview Drive site are resolved.,physical_development_retained_separate,FALSE,not_required,not_approved,replace_generic_northview_name_with_official_lakeview_village_name,https://www.middlefieldohio.com/community/seniors/,2026-08-11,two_read_complete,FALSE
SISR_GA_MATHEWS_922,retained_distinct_physical_development,DEV_GAA19900265,GAA19900265,SHOWCASE DISTRICT,not_in_review,1,retain_as_distinct_physical_property_at_separate_street_number,retain_physical_development,DEV_GAA19900265,GAA19900265,final_physical_development,SHOWCASE DISTRICT / SEVEN COURTS,adjacent_addresses_and_separate_source_financing_records_do_not_establish_same_building,922 Mathews Street SW,Georgia DCA Abernathy Market Study,official_state_housing_agency,https://dca.georgia.gov/document/forms/2016-502abernathy-marketpdf/download,The market study identifies the 922 Mathews property as Seven Courts; the four nearby HUD rows occupy separate street numbers and are conservatively retained as distinct buildings.,Georgia DCA Abernathy Market Study,official_state_housing_agency,https://dca.georgia.gov/document/forms/2016-502abernathy-marketpdf/download,No cross-property unit value is applied in this identity review.,The adjacent Mathews Street records remain distinct; proximity alone is insufficient to merge buildings.,physical_development_retained_separate,FALSE,not_required,not_approved,not_applicable,not_applicable,2026-08-11,two_read_complete,FALSE
SISR_GA_MATHEWS_924,retained_distinct_physical_development,DEV_GAA19890010,GAA19890010,"924 MATHEWS ST, SW",not_in_review,1,retain_as_distinct_physical_property_at_separate_street_number,retain_physical_development,DEV_GAA19890010,GAA19890010,final_physical_development,924 MATHEWS STREET SW,adjacent_addresses_and_separate_source_financing_records_do_not_establish_same_building,924 Mathews Street SW,Georgia DCA Abernathy Market Study,official_state_housing_agency,https://dca.georgia.gov/document/forms/2016-502abernathy-marketpdf/download,The market study identifies the 922 Mathews property as Seven Courts; the four nearby HUD rows occupy separate street numbers and are conservatively retained as distinct buildings.,Georgia DCA Abernathy Market Study,official_state_housing_agency,https://dca.georgia.gov/document/forms/2016-502abernathy-marketpdf/download,No cross-property unit value is applied in this identity review.,The adjacent Mathews Street records remain distinct; proximity alone is insufficient to merge buildings.,physical_development_retained_separate,FALSE,not_required,not_approved,not_applicable,not_applicable,2026-08-11,two_read_complete,FALSE
SISR_GA_MATHEWS_932,retained_distinct_physical_development,DEV_GAA19910045,GAA19910045,932 MATTHEW STREET,not_in_review,1,retain_as_distinct_physical_property_at_separate_street_number,retain_physical_development,DEV_GAA19910045,GAA19910045,final_physical_development,932 MATHEWS STREET SW,adjacent_addresses_and_separate_source_financing_records_do_not_establish_same_building,932 Mathews Street SW,Georgia DCA Abernathy Market Study,official_state_housing_agency,https://dca.georgia.gov/document/forms/2016-502abernathy-marketpdf/download,The market study identifies the 922 Mathews property as Seven Courts; the four nearby HUD rows occupy separate street numbers and are conservatively retained as distinct buildings.,Georgia DCA Abernathy Market Study,official_state_housing_agency,https://dca.georgia.gov/document/forms/2016-502abernathy-marketpdf/download,No cross-property unit value is applied in this identity review.,The adjacent Mathews Street records remain distinct; proximity alone is insufficient to merge buildings.,physical_development_retained_separate,FALSE,not_required,not_approved,not_applicable,not_applicable,2026-08-11,two_read_complete,FALSE
SISR_GA_MATHEWS_936,retained_distinct_physical_development,DEV_GAA19900020,GAA19900020,"936-938 MATHEWS ST, SW",not_in_review,1,retain_as_distinct_physical_property_at_separate_street_number,retain_physical_development,DEV_GAA19900020,GAA19900020,final_physical_development,936-938 MATHEWS STREET SW,adjacent_addresses_and_separate_source_financing_records_do_not_establish_same_building,936-938 Mathews Street SW,Georgia DCA Abernathy Market Study,official_state_housing_agency,https://dca.georgia.gov/document/forms/2016-502abernathy-marketpdf/download,The market study identifies the 922 Mathews property as Seven Courts; the four nearby HUD rows occupy separate street numbers and are conservatively retained as distinct buildings.,Georgia DCA Abernathy Market Study,official_state_housing_agency,https://dca.georgia.gov/document/forms/2016-502abernathy-marketpdf/download,No cross-property unit value is applied in this identity review.,The adjacent Mathews Street records remain distinct; proximity alone is insufficient to merge buildings.,physical_development_retained_separate,FALSE,not_required,not_approved,not_applicable,not_applicable,2026-08-11,two_read_complete,FALSE
SISR_MO_9TH_ST,retained_distinct_physical_development,DEV_MOA19930060,MOA19930060,9TH ST APTS,not_in_review,1,retain_as_distinct_physical_property_at_different_address,retain_physical_development,DEV_MOA19930060,MOA19930060,final_physical_development,9TH STREET APARTMENTS,fuzzy_name_match_only_with_different_street_and_source_year,421 South Ninth Street,Affordable Housing 411: 9th St Apartments,independent_public_housing_directory,https://www.affordablehousing411.com/housing/lihtc-details-9th-st-apts-421-s-ninth-st-st-joseph-mo-64501/,"The outside directory identifies 9th Street Apartments at 421 South Ninth Street, distinct from the separately listed 11th Street property at 202 South 11th Street.",Affordable Housing 411: 9th St Apartments,independent_public_housing_directory,https://www.affordablehousing411.com/housing/lihtc-details-9th-st-apts-421-s-ninth-st-st-joseph-mo-64501/,No reliable development-wide count is taken from this identity source.,The two St. Joseph properties remain distinct.,physical_development_retained_separate,FALSE,not_required,not_approved,not_applicable,not_applicable,2026-08-11,two_read_complete,FALSE
SISR_MO_11TH_ST,retained_distinct_physical_development,DEV_MOA19920005,MOA19920005,11TH ST APTS,not_in_review,1,retain_as_distinct_physical_property_at_different_address,retain_physical_development,DEV_MOA19920005,MOA19920005,final_physical_development,11TH STREET APARTMENTS,fuzzy_name_match_only_with_different_street_and_source_year,202 South 11th Street,Affordable Housing Hub: 11th St Apartments,independent_public_housing_directory,https://affordablehousinghub.org/housing/missouri/buchanan-county/st-joseph/11th-st-apts-16309-lihtc,"The outside directory identifies 11th Street Apartments at 202 South 11th Street, distinct from the separately listed 9th Street property at 421 South Ninth Street.",Affordable Housing Hub: 11th St Apartments,independent_public_housing_directory,https://affordablehousinghub.org/housing/missouri/buchanan-county/st-joseph/11th-st-apts-16309-lihtc,The directory reports 5 units; the value is evidence only and is not applied here.,The two St. Joseph properties remain distinct.,physical_development_retained_separate,FALSE,not_required,not_approved,not_applicable,not_applicable,2026-08-11,two_read_complete,FALSE
SISR_CT_CHERRY_STREET,retained_distinct_physical_development,DEV_CTA0000X013,CTA0000X013,CHERRY STREET LOFTS,not_in_review,1,retain_as_distinct_physical_development_after_false_fuzzy_name_screen,retain_physical_development,DEV_CTA0000X013,CTA0000X013,final_physical_development,CHERRY STREET LOFTS,fuzzy_candidate_has_distinct_name_and_nonoverlapping_addresses,CHERRY STREET LOFTS source sites,"CHFA CGS 8-37bb Report, October 2022-September 2023",official_state_housing_finance_agency,https://www.chfa.org/assets/1/6/C.G.S.8-37bb_-_October_1_2022-September_30_2023_Final_12-29_compressed.pdf,CHFA lists Cherry Street Lofts at 345 Cherry Street as a distinct Bridgeport development; it does not verify the inherited Railroad Avenue or Howard Avenue source sites.,"CHFA CGS 8-37bb Report, October 2022-September 2023",official_state_housing_finance_agency,https://www.chfa.org/assets/1/6/C.G.S.8-37bb_-_October_1_2022-September_30_2023_Final_12-29_compressed.pdf,No cross-property unit value is applied in this identity review.,This property remains distinct; unresolved compound or administrative site strings remain unapproved for geocoding.,physical_development_retained_separate_site_inventory_unresolved,FALSE,not_required,not_approved,not_applicable,not_applicable,2026-08-11,two_read_complete,FALSE
SISR_CT_DOWNTOWN_WEST_GATE,retained_distinct_physical_development,DEV_CTA0000X020,CTA0000X020,DOWNTOWN WEST GATE APARTMENTS LP,not_in_review,1,retain_as_distinct_physical_development_after_false_fuzzy_name_screen,retain_physical_development,DEV_CTA0000X020,CTA0000X020,final_physical_development,DOWNTOWN WEST GATE APARTMENTS,fuzzy_candidate_has_distinct_name_and_nonoverlapping_addresses,DOWNTOWN WEST GATE APARTMENTS source sites,CHFA 2019 CGS 8-37bb Report,official_state_housing_finance_agency,https://www.chfa.org/assets/1/6/2019_CGS_8-37bb.pdf,"CHFA identifies Downtown West Gate as a distinct 48-unit Bridgeport development, but the cited report does not provide 515 West Avenue, so the inherited source site remains unresolved.",CHFA 2019 CGS 8-37bb Report,official_state_housing_finance_agency,https://www.chfa.org/assets/1/6/2019_CGS_8-37bb.pdf,CHFA reports 48 units for Downtown West Gate; the value is evidence only and is not applied here.,This property remains distinct; unresolved compound or administrative site strings remain unapproved for geocoding.,physical_development_retained_separate_site_inventory_unresolved,FALSE,not_required,not_approved,not_applicable,not_applicable,2026-08-11,two_read_complete,FALSE
SISR_CT_WINDWARD,retained_distinct_physical_development,DEV_CTA0000X046,CTA0000X046,THE WINDWARD APARTMENTS,not_in_review,1,retain_as_distinct_physical_development_after_false_fuzzy_name_screen,retain_physical_development,DEV_CTA0000X046,CTA0000X046,final_physical_development,THE WINDWARD APARTMENTS,fuzzy_candidate_has_distinct_name_and_nonoverlapping_addresses,THE WINDWARD APARTMENTS source sites,Connecticut CEQ Revised Windward Apartments Scoping Notice,official_state_government,https://portal.ct.gov/ceq/doh/scoping-notices/revised-windward-apartments,The state scoping notice identifies Windward Apartments at 20 Johnson Street as a distinct phased redevelopment.,Connecticut CEQ Revised Windward Apartments Scoping Notice,official_state_government,https://portal.ct.gov/ceq/doh/scoping-notices/revised-windward-apartments,The state source identifies the Windward redevelopment at 20 Johnson Street; no development-wide numeric value is applied here.,This property remains distinct; unresolved compound or administrative site strings remain unapproved for geocoding.,physical_development_retained_separate_site_inventory_unresolved,FALSE,not_required,not_approved,not_applicable,not_applicable,2026-08-11,two_read_complete,FALSE
SISR_IL_EVERGREEN_I,retained_distinct_physical_development,DEV_ILA20140012,ILA20140012,EVERGREEN TOWER I,not_in_review,1,retain_as_distinct_physical_development_at_adjacent_address,retain_physical_development,DEV_ILA20140012,ILA20140012,final_physical_development,EVERGREEN TOWER I,tower_number_and_street_number_distinguish_physical_buildings,Evergreen Tower I at 1353 North Cleveland Avenue,Section 8 Search: Evergreen Tower I,independent_public_housing_directory,https://section8search.org/illinois/chicago/evergreen-tower-i/jazfjjavdjtaqm0529a6s0pv,"The outside directory identifies Evergreen Tower I as a separate 102-unit property at 1353 North Cleveland Avenue, distinct from Tower II at 1343 North Cleveland.",Section 8 Search: Evergreen Tower I,independent_public_housing_directory,https://section8search.org/illinois/chicago/evergreen-tower-i/jazfjjavdjtaqm0529a6s0pv,"The outside directory identifies Evergreen Tower I as a separate 102-unit property at 1353 North Cleveland Avenue, distinct from Tower II at 1343 North Cleveland.",Tower I remains physically distinct from Tower II.,physical_development_retained_separate,FALSE,not_required,not_approved,not_applicable,not_applicable,2026-08-11,two_read_complete,FALSE
SISR_IN_HISTORIC_WHITLOCK,retained_distinct_physical_development,DEV_INA20166173,INA20166173,HISTORIC WHITLOCK PLACE,not_in_review,1,retain_documented_2016_physical_development_separate_from_invalid_tall_oaks_row,retain_physical_development,DEV_INA20166173,INA20166173,final_physical_development,HISTORIC WHITLOCK PLACE,official_history_identifies_2016_hospital_redevelopment,Historic Whitlock Place at 306 Binford Street and 308 DuBois Avenue,IHCDA Winter 2016 Publication,official_state_housing_agency,https://www.in.gov/ihcda/files/IHCDA_winter_2016_WEB_FINAL.pdf,IHCDA documents Historic Whitlock Place as the 2016 redevelopment of the former hospital property; it is not merged with the invalid 1999 Tall Oaks identity.,IHCDA Winter 2016 Publication,official_state_housing_agency,https://www.in.gov/ihcda/files/IHCDA_winter_2016_WEB_FINAL.pdf,The source record reports 56 units; the value is evidence only and is not changed here.,Historic Whitlock remains a physical development; its duplicate Binford suffix variant is collapsed at the site layer.,physical_development_retained_separate,FALSE,not_required,not_approved,not_applicable,not_applicable,2026-08-11,two_read_complete,FALSE
SISR_TX_SAVANNAH_GATEWAY,derived_name_and_missing_site_correction,DEV_TXA00000096,TXA00000096,VILLAS AT PLANO GATEWAY SENIOR LIVING,not_in_review,1,retain_same_physical_development_correct_name_add_official_site_defer_units,retain_physical_development,DEV_TXA00000096,TXA00000096,final_physical_development,THE SAVANNAH AT GATEWAY,official_tdhca_alias_project_ids_and_address_resolve_identity_and_missing_site,The Savannah at Gateway also known as Villas at Plano Gateway Senior Living at 401 North Shiloh Road,TDHCA Board Book September 6 2018,official_state_housing_agency,https://www.tdhca.texas.gov/sites/default/files/board/books/180906-book-180830.pdf,TDHCA states that The Savannah at Gateway is also known as Villas at Plano Gateway Senior Living and identifies the development as the 2014 HTC project 14414 in Plano.,TDHCA Vacancy Clearinghouse The Savannah at Gateway,official_state_housing_agency,https://hrc-ic.tdhca.state.tx.us/hrc/VacancyClearinghouseDetail.m?projectId=5051,"TDHCA CMTS ID 5051 identifies The Savannah at Gateway at 401 N. Shiloh Road, Plano, TX 75074, with 292 total units and 233 total program units; its LIHTC award is file 14414 for 2014.",Official TDHCA sources jointly connect the former and current names and supply the missing street address; unit counts are carried as evidence for the separate unit-scope adjudication.,physical_development_identity_and_site_resolved_unit_aggregation_deferred,FALSE,not_required,not_approved,replace_former_name_with_current_official_name,TDHCA Board Book September 6 2018,2026-08-11,two_read_complete,FALSE
