identity_question_id,review_origin,pass1_identity_decision,pass1_reason_code,pass1_notes,pass1_reviewed_on,pass2_identity_decision,pass2_reason_code,pass2_search_engine,pass2_search_url,pass2_source_title,pass2_source_type,pass2_source_url,pass2_notes,pass2_reviewed_on,final_identity_decision,final_reason_code,address_overlap_class,final_notes,final_reviewed_on,shared_geocoding_query_decision,source_rows_changed
XDAQ_0001,new_two_pass_review,merge,internal_identity_evidence_supports_one_development,"Internal read: names, state IDs, primary sites, complete address sets, years, and unit scopes were read together for pattern state_id_name_variant_same_timing_units. No single field was treated as dispositive.",2026-08-10,merge,duplicate_reporting_same_physical_development,Google,https://www.google.com/search?q=EAGLE%20RIDGE%20OF%20PALMER%20AK%7C1775%20N%20THUMA%20ST%7CPALMER%20AK%20affordable%20housing,"Eagle Ridge of Palmer | Affordable Housing in Palmer, AK",public_property_directory,https://affordablehousinghub.org/housing/alaska/matanuska-susitna-county/palmer/eagle-ridge-of-palmer-25267-lihtc,"Outside read: the retained public record matches the reviewed property name, location, or unit scope. Read with the internal state-ID, timing, unit, and address-set evidence, the records describe one physical development. Source rows remain unchanged.",2026-08-10,merge,duplicate_reporting_same_physical_development,same_physical_development_address,Merge only physical-development identifiers. Preserve every HUD row as a project episode and every site row. Do not sum units here.,2026-08-10,not_approved,FALSE
XDAQ_0002,carried_forward_completed_two_pass_review,defer,internal_evidence_requires_outside_confirmation,"Internal read: names, state IDs, primary sites, complete address sets, years, and unit scopes were read together for pattern carried_forward_previous_retain_separate. No single field was treated as dispositive.",2026-08-10,retain_separate,distinct_phases_or_components_same_address,Google,https://www.google.com/search?q=GLACIER%20VILLAGE%20PHASE%20I%20AK%7CCANYON%20DR%7CJUNEAU%20AK%20affordable%20housing,LIHTC Properties in Alaska Through 2021,sector_compilation,https://www.novoco.com/public-media/documents/alaska-lihtc-properties-to-2021-082023.pdf,"Outside read: the retained source identifies separately named phases, components, or projects at the shared address. The changed unit scopes are consistent with distinct physical-development records, so the same state ID and address are not sufficient to collapse them.",2026-08-10,retain_separate,distinct_phases_or_components_same_address,distinct_phase_or_component_common_address,Retain current physical-development identifiers and the overlap class for later source repair. Do not create a shared query.,2026-08-10,not_approved,FALSE
XDAQ_0003,carried_forward_completed_two_pass_review,defer,internal_evidence_requires_outside_confirmation,"Internal read: names, state IDs, primary sites, complete address sets, years, and unit scopes were read together for pattern carried_forward_previous_retain_separate. No single field was treated as dispositive.",2026-08-10,retain_separate,distinct_phases_or_components_same_address,Google,https://www.google.com/search?q=PARK%20PLACE%20I%20AL%7C600%2024TH%20ST%20N%7CBIRMINGHAM%20AL%20affordable%20housing,Birmingham HUD housing property list,property_directory,https://www.hudhouses.us/city/al-birmingham,"Outside read: the retained source identifies separately named phases, components, or projects at the shared address. The changed unit scopes are consistent with distinct physical-development records, so the same state ID and address are not sufficient to collapse them.",2026-08-10,retain_separate,distinct_phases_or_components_same_address,distinct_phase_or_component_common_address,Retain current physical-development identifiers and the overlap class for later source repair. Do not create a shared query.,2026-08-10,not_approved,FALSE
XDAQ_0004,new_two_pass_review,merge,internal_identity_evidence_supports_one_development,"Internal read: names, state IDs, primary sites, complete address sets, years, and unit scopes were read together for pattern state_id_other. No single field was treated as dispositive.",2026-08-10,merge,same_multisite_physical_development,Google,https://www.google.com/search?q=AUBURN%20VILLA%20APARTMENTS%20CA%7C618%20MIKKELSEN%20DR%7CAUBURN%20CA%20affordable%20housing,"Auburn Villa Apts | Affordable Housing in Auburn, CA",public_property_directory,https://affordablehousinghub.org/housing/california/placer-county/auburn/auburn-villa-apts-29514-lihtc,"Outside read: the retained public record matches the reviewed property name, location, or unit scope. Read with the internal state-ID, timing, unit, and address-set evidence, the records describe one physical development. Source rows remain unchanged.",2026-08-10,merge,same_multisite_physical_development,same_physical_development_address,Merge only physical-development identifiers. Preserve every HUD row as a project episode and every site row. Do not sum units here.,2026-08-10,not_approved,FALSE
XDAQ_0005,new_two_pass_review,merge,internal_identity_evidence_supports_one_development,"Internal read: names, state IDs, primary sites, complete address sets, years, and unit scopes were read together for pattern state_id_other. No single field was treated as dispositive.",2026-08-10,merge,same_multisite_physical_development,Google,https://www.google.com/search?q=LOMPOC%20TERRACE%20CA%7C1001%20W%20APRICOT%20AVE%7CLOMPOC%20CA%20affordable%20housing,"Lompoc Terrace | Affordable Housing in Lompoc, CA",public_property_directory,https://affordablehousinghub.org/housing/california/santa-barbara-county/lompoc/lompoc-terrace-1019-lihtc,"Outside read: the retained public record matches the reviewed property name, location, or unit scope. Read with the internal state-ID, timing, unit, and address-set evidence, the records describe one physical development. Source rows remain unchanged.",2026-08-10,merge,same_multisite_physical_development,same_physical_development_address,Merge only physical-development identifiers. Preserve every HUD row as a project episode and every site row. Do not sum units here.,2026-08-10,not_approved,FALSE
XDAQ_0006,new_two_pass_review,merge,internal_identity_evidence_supports_one_development,"Internal read: names, state IDs, primary sites, complete address sets, years, and unit scopes were read together for pattern state_id_name_variant_same_timing_units. No single field was treated as dispositive.",2026-08-10,merge,duplicate_reporting_same_physical_development,Google,https://www.google.com/search?q=PALM%20GROVE%20APARTMENTS%20CA%7C2%20PALM%20DR%7CLOMPOC%20CA%20affordable%20housing,"Palm Grove Apartments | Affordable Housing in Lompoc, CA",public_property_directory,https://affordablehousinghub.org/housing/california/santa-barbara-county/lompoc/palm-grove-apartments-1068-lihtc,"Outside read: the retained public record matches the reviewed property name, location, or unit scope. Read with the internal state-ID, timing, unit, and address-set evidence, the records describe one physical development. Source rows remain unchanged.",2026-08-10,merge,duplicate_reporting_same_physical_development,same_physical_development_address,Merge only physical-development identifiers. Preserve every HUD row as a project episode and every site row. Do not sum units here.,2026-08-10,not_approved,FALSE
XDAQ_0007,new_two_pass_review,merge,internal_identity_evidence_supports_one_development,"Internal read: names, state IDs, primary sites, complete address sets, years, and unit scopes were read together for pattern state_id_other. No single field was treated as dispositive.",2026-08-10,merge,same_multisite_physical_development,Google,https://www.google.com/search?q=VISTA%20DEL%20MAR%20CA%7C137%20S%20PALM%20ST%7CVENTURA%20CA%20affordable%20housing,CTCAC staff report: Vista Del Mar Commons,allocating_agency_record,https://www.treasurer.ca.gov/ctcac/meeting/staff/2013/20130612/065.pdf,"Outside read: the retained public record matches the reviewed property name, location, or unit scope. Read with the internal state-ID, timing, unit, and address-set evidence, the records describe one physical development. Source rows remain unchanged.",2026-08-10,merge,same_multisite_physical_development,same_physical_development_address,Merge only physical-development identifiers. Preserve every HUD row as a project episode and every site row. Do not sum units here.,2026-08-10,not_approved,FALSE
XDAQ_0008,new_two_pass_review,merge,internal_identity_evidence_supports_one_development,"Internal read: names, state IDs, primary sites, complete address sets, years, and unit scopes were read together for pattern state_id_other. No single field was treated as dispositive.",2026-08-10,merge,same_multisite_physical_development,Google,https://www.google.com/search?q=EMERALD%20PALMS%20FL%7C4331%20SW%2054TH%20ST%7CFT%20LAUDERDALE%20FL%20affordable%20housing,"Emerald Palms - Fort Lauderdale | Affordable Housing in Ft Lauderdale, FL",public_property_directory,https://affordablehousinghub.org/housing/florida/broward-county/ft-lauderdale/emerald-palms-fort-lauderdale-3571-lihtc,"Outside read: the retained public record matches the reviewed property name, location, or unit scope. Read with the internal state-ID, timing, unit, and address-set evidence, the records describe one physical development. Source rows remain unchanged.",2026-08-10,merge,same_multisite_physical_development,same_physical_development_address,Merge only physical-development identifiers. Preserve every HUD row as a project episode and every site row. Do not sum units here.,2026-08-10,not_approved,FALSE
XDAQ_0009,new_two_pass_review,merge,internal_identity_evidence_supports_one_development,"Internal read: names, state IDs, primary sites, complete address sets, years, and unit scopes were read together for pattern same_name_same_units_later_episode. No single field was treated as dispositive.",2026-08-10,merge,later_financing_episode_same_physical_development,Google,https://www.google.com/search?q=LA%20ESTANCIA%20FL%7C5201%20GUADALUPE%20BLVD%7CWIMAUMA%20FL%20affordable%20housing,"La Estancia | Affordable Housing in Wimauma, FL",public_property_directory,https://affordablehousinghub.org/housing/florida/hillsborough-county/wimauma/la-estancia-2367-lihtc,"Outside read: the retained public record matches the reviewed property name, location, or unit scope. Read with the internal state-ID, timing, unit, and address-set evidence, the records describe one physical development. Source rows remain unchanged.",2026-08-10,merge,later_financing_episode_same_physical_development,same_physical_development_address,Merge only physical-development identifiers. Preserve every HUD row as a project episode and every site row. Do not sum units here.,2026-08-10,not_approved,FALSE
XDAQ_0010,carried_forward_completed_two_pass_review,defer,internal_evidence_requires_outside_confirmation,"Internal read: names, state IDs, primary sites, complete address sets, years, and unit scopes were read together for pattern carried_forward_previous_retain_separate. No single field was treated as dispositive.",2026-08-10,retain_separate,distinct_phases_or_components_same_address,Google,https://www.google.com/search?q=ASHTON%20OF%20RICHMOND%20HILL%20PHASE%20I%20GA%7C505%20HARRIS%20TRL%20RD%7CRICHMOND%20HILL%20GA%20affordable%20housing,"Ashton of Richmond Hill Phase I | Affordable Housing in Richmond Hill, GA",property_directory,https://affordablehousinghub.org/housing/georgia/bryan-county/richmond-hill/ashton-of-richmond-hill-phase-i-4486-lihtc,"Outside read: the retained source identifies separately named phases, components, or projects at the shared address. The changed unit scopes are consistent with distinct physical-development records, so the same state ID and address are not sufficient to collapse them.",2026-08-10,retain_separate,distinct_phases_or_components_same_address,distinct_phase_or_component_common_address,Retain current physical-development identifiers and the overlap class for later source repair. Do not create a shared query.,2026-08-10,not_approved,FALSE
XDAQ_0011,new_two_pass_review,merge,internal_identity_evidence_supports_one_development,"Internal read: names, state IDs, primary sites, complete address sets, years, and unit scopes were read together for pattern same_name_changed_units_or_timing. No single field was treated as dispositive.",2026-08-10,merge,same_multisite_physical_development,Google,https://www.google.com/search?q=HEARTHSIDE%20TUCKER%20GA%7C4358%20LYNBURN%20DR%7CTUCKER%20GA%20affordable%20housing,"Hearthside Tucker | Affordable Housing in Tucker, GA",public_property_directory,https://affordablehousinghub.org/housing/georgia/dekalb-county/tucker/hearthside-tucker-3866-lihtc,"Outside read: the retained public record matches the reviewed property name, location, or unit scope. Read with the internal state-ID, timing, unit, and address-set evidence, the records describe one physical development. Source rows remain unchanged.",2026-08-10,merge,same_multisite_physical_development,same_physical_development_address,Merge only physical-development identifiers. Preserve every HUD row as a project episode and every site row. Do not sum units here.,2026-08-10,not_approved,FALSE
XDAQ_0012,new_two_pass_review,merge,internal_identity_evidence_supports_one_development,"Internal read: names, state IDs, primary sites, complete address sets, years, and unit scopes were read together for pattern same_name_same_timing_units. No single field was treated as dispositive.",2026-08-10,merge,duplicate_reporting_same_physical_development,Google,https://www.google.com/search?q=MONTDELE%20DEVELOPMENT%20GA%7C710%20VIENNA%20RD%7CCORDELE%20GA%20affordable%20housing,"Montdele Development | Affordable Housing in Cordele, GA",public_property_directory,https://affordablehousinghub.org/housing/georgia/crisp-county/cordele/montdele-development-5475-lihtc,"Outside read: the retained public record matches the reviewed property name, location, or unit scope. Read with the internal state-ID, timing, unit, and address-set evidence, the records describe one physical development. Source rows remain unchanged.",2026-08-10,merge,duplicate_reporting_same_physical_development,same_physical_development_address,Merge only physical-development identifiers. Preserve every HUD row as a project episode and every site row. Do not sum units here.,2026-08-10,not_approved,FALSE
XDAQ_0013,new_two_pass_review,merge,internal_identity_evidence_supports_one_development,"Internal read: names, state IDs, primary sites, complete address sets, years, and unit scopes were read together for pattern state_id_other. No single field was treated as dispositive.",2026-08-10,merge,same_multisite_physical_development,Google,https://www.google.com/search?q=THE%20VILLAGE%20OF%20BEN%20HILL%20GA%7C216%20DEWEY%20MCGLAMY%20RD%7CFITZGERALD%20GA%20affordable%20housing,"Village of Ben Hill | Affordable Housing in Fitzgerald, GA",public_property_directory,https://affordablehousinghub.org/housing/georgia/ben-hill-county/fitzgerald/village-of-ben-hill-4770-lihtc,"Outside read: the retained public record matches the reviewed property name, location, or unit scope. Read with the internal state-ID, timing, unit, and address-set evidence, the records describe one physical development. Source rows remain unchanged.",2026-08-10,merge,same_multisite_physical_development,same_physical_development_address,Merge only physical-development identifiers. Preserve every HUD row as a project episode and every site row. Do not sum units here.,2026-08-10,not_approved,FALSE
XDAQ_0014,new_two_pass_review,merge,internal_identity_evidence_supports_one_development,"Internal read: names, state IDs, primary sites, complete address sets, years, and unit scopes were read together for pattern state_id_name_variant_same_timing_units. No single field was treated as dispositive.",2026-08-10,merge,duplicate_reporting_same_physical_development,Google,https://www.google.com/search?q=LAHAINA%20HONOKOWAI%20VILLA%20APARTMENTS%20HI%7C3535%20LOWER%20HONOAPIILANI%20RD%7CLAHAINA%20HI%20affordable%20housing,"Lahaina Honokowai Villa Apts | Affordable Housing in Lahaina, HI",public_property_directory,https://affordablehousinghub.org/housing/hawaii/maui-county/lahaina/lahaina-honokowai-villa-apts-5111-lihtc,"Outside read: the retained public record matches the reviewed property name, location, or unit scope. Read with the internal state-ID, timing, unit, and address-set evidence, the records describe one physical development. Source rows remain unchanged.",2026-08-10,merge,duplicate_reporting_same_physical_development,same_physical_development_address,Merge only physical-development identifiers. Preserve every HUD row as a project episode and every site row. Do not sum units here.,2026-08-10,not_approved,FALSE
XDAQ_0015,new_two_pass_review,merge,internal_identity_evidence_supports_one_development,"Internal read: names, state IDs, primary sites, complete address sets, years, and unit scopes were read together for pattern state_id_name_variant_same_timing_units. No single field was treated as dispositive.",2026-08-10,merge,duplicate_reporting_same_physical_development,Google,https://www.google.com/search?q=WHITMORE%20CIRCLE%20APARTMENTS%20HI%7C111%20CIR%20MAKAI%20ST%7CWAHIAWA%20HI%20affordable%20housing,"Whitmore Circle Apts | Affordable Housing in Wahiawa, HI",public_property_directory,https://affordablehousinghub.org/housing/hawaii/honolulu-county/wahiawa/whitmore-circle-apts-5141-lihtc,"Outside read: the retained public record matches the reviewed property name, location, or unit scope. Read with the internal state-ID, timing, unit, and address-set evidence, the records describe one physical development. Source rows remain unchanged.",2026-08-10,merge,duplicate_reporting_same_physical_development,same_physical_development_address,Merge only physical-development identifiers. Preserve every HUD row as a project episode and every site row. Do not sum units here.,2026-08-10,not_approved,FALSE
XDAQ_0016,new_two_pass_review,merge,internal_identity_evidence_supports_one_development,"Internal read: names, state IDs, primary sites, complete address sets, years, and unit scopes were read together for pattern state_id_name_variant_same_timing_units. No single field was treated as dispositive.",2026-08-10,merge,duplicate_reporting_same_physical_development,Google,https://www.google.com/search?q=GROVE%20%40%20RIVERSIDE%20ID%7C3111%20N%201ST%20ST%20E%7CREXBURG%20ID%20affordable%20housing,"Grove @ Riverside | Affordable Housing in Rexburg, ID",public_property_directory,https://affordablehousinghub.org/housing/idaho/madison-county/rexburg/grove-riverside-50546-lihtc,"Outside read: the retained public record matches the reviewed property name, location, or unit scope. Read with the internal state-ID, timing, unit, and address-set evidence, the records describe one physical development. Source rows remain unchanged.",2026-08-10,merge,duplicate_reporting_same_physical_development,same_physical_development_address,Merge only physical-development identifiers. Preserve every HUD row as a project episode and every site row. Do not sum units here.,2026-08-10,not_approved,FALSE
XDAQ_0017,new_two_pass_review,merge,internal_identity_evidence_supports_one_development,"Internal read: names, state IDs, primary sites, complete address sets, years, and unit scopes were read together for pattern same_name_same_timing_units. No single field was treated as dispositive.",2026-08-10,merge,duplicate_reporting_same_physical_development,Google,https://www.google.com/search?q=BRYN%20MAWR%2FBELLE%20SHORE%20APTS%20IL%7C1062%20W%20BRYN%20MAWR%20AVE%7CCHICAGO%20IL%20affordable%20housing,"Bryn Mawr Belle Shore Apts | Affordable Housing in Chicago, IL",public_property_directory,https://affordablehousinghub.org/housing/illinois/cook-county/chicago/bryn-mawr-belle-shore-apts-7802-lihtc,"Outside read: the retained public record matches the reviewed property name, location, or unit scope. Read with the internal state-ID, timing, unit, and address-set evidence, the records describe one physical development. Source rows remain unchanged.",2026-08-10,merge,duplicate_reporting_same_physical_development,same_physical_development_address,Merge only physical-development identifiers. Preserve every HUD row as a project episode and every site row. Do not sum units here.,2026-08-10,not_approved,FALSE
XDAQ_0018,new_two_pass_review,defer,internal_evidence_requires_outside_confirmation,"Internal read: names, state IDs, primary sites, complete address sets, years, and unit scopes were read together for pattern state_id_name_variant_same_timing_units. No single field was treated as dispositive.",2026-08-10,retain_separate,distinct_physical_developments_overlapping_source_set,Google,https://www.google.com/search?q=DANBURY%20POINTE%20IN%7C3389%20E%20MAIN%20ST%7CDANVILLE%20IN%20affordable%20housing,"Low Income Apartments for Rent in Danville, Indiana",housing_directory,https://hellosection8.com/ct-lihtc-in_danville-1.html,"Outside read: public listings distinguish Danbury Pointe at 3389 E Main Street from Danbury Pointe II at 46 Danbury Court. Both have 24 units. The address overlap is a cross-listed source row, not one development.",2026-08-10,retain_separate,distinct_physical_developments_overlapping_source_set,distinct_properties_with_cross_listed_site,Retain current physical-development identifiers and the overlap class for later source repair. Do not create a shared query.,2026-08-10,not_approved,FALSE
XDAQ_0019,new_two_pass_review,defer,internal_evidence_requires_outside_confirmation,"Internal read: names, state IDs, primary sites, complete address sets, years, and unit scopes were read together for pattern state_id_other. No single field was treated as dispositive.",2026-08-10,retain_separate,portfolio_episode_overlaps_distinct_development,Google,https://www.google.com/search?q=JUSTUS%20%26%20GREYSTONE%204%25%20IN%7C124%20S%20CLAY%20ST%7CLAUREL%20IN%20affordable%20housing,"Laurel Park Apts | Affordable Housing in Laurel, IN",public_property_directory,https://affordablehousinghub.org/housing/indiana/franklin-county/laurel/laurel-park-apts-8988-lihtc,"Outside read: Laurel Park is a 16-unit property at 124 S Clay Street. The 212-unit Justus and Greystone 4% record spans 36 addresses and several cities. It is a portfolio financing that includes Laurel Park, so assigning the whole episode to Laurel Park would be wrong.",2026-08-10,retain_separate,portfolio_episode_overlaps_distinct_development,portfolio_financing_cross_reference,Retain current physical-development identifiers and the overlap class for later source repair. Do not create a shared query.,2026-08-10,not_approved,FALSE
XDAQ_0020,new_two_pass_review,merge,internal_identity_evidence_supports_one_development,"Internal read: names, state IDs, primary sites, complete address sets, years, and unit scopes were read together for pattern same_name_same_units_later_episode. No single field was treated as dispositive.",2026-08-10,merge,later_financing_episode_same_physical_development,Google,https://www.google.com/search?q=ASHMONT%20TOD%20MA%7C1900%20DORCHESTER%20AVE%7CBOSTON%20MA%20affordable%20housing,"Ashmont Tod | Affordable Housing in Boston, MA",public_property_directory,https://affordablehousinghub.org/housing/massachusetts/suffolk-county/boston/ashmont-tod-11936-lihtc,"Outside read: the retained public record matches the reviewed property name, location, or unit scope. Read with the internal state-ID, timing, unit, and address-set evidence, the records describe one physical development. Source rows remain unchanged.",2026-08-10,merge,later_financing_episode_same_physical_development,same_physical_development_address,Merge only physical-development identifiers. Preserve every HUD row as a project episode and every site row. Do not sum units here.,2026-08-10,not_approved,FALSE
XDAQ_0021,carried_forward_completed_two_pass_review,defer,internal_evidence_requires_outside_confirmation,"Internal read: names, state IDs, primary sites, complete address sets, years, and unit scopes were read together for pattern carried_forward_previous_retain_separate. No single field was treated as dispositive.",2026-08-10,retain_separate,distinct_phases_or_components_same_address,Google,https://www.google.com/search?q=CONIFER%20HILL%20COMMONS%20I%20MA%7C121%20CONIFER%20HILL%20DR%7CDANVERS%20MA%20affordable%20housing,"Conifer Hill Commons I | Affordable Housing in Danvers, MA",property_directory,https://affordablehousinghub.org/housing/massachusetts/essex-county/danvers/conifer-hill-commons-i-12586-lihtc,"Outside read: the retained source identifies separately named phases, components, or projects at the shared address. The changed unit scopes are consistent with distinct physical-development records, so the same state ID and address are not sufficient to collapse them.",2026-08-10,retain_separate,distinct_phases_or_components_same_address,distinct_phase_or_component_common_address,Retain current physical-development identifiers and the overlap class for later source repair. Do not create a shared query.,2026-08-10,not_approved,FALSE
XDAQ_0022,carried_forward_completed_two_pass_review,defer,internal_evidence_requires_outside_confirmation,"Internal read: names, state IDs, primary sites, complete address sets, years, and unit scopes were read together for pattern carried_forward_previous_retain_separate. No single field was treated as dispositive.",2026-08-10,retain_separate,distinct_phases_or_components_same_address,Google,https://www.google.com/search?q=PARK%20VIEW%20AT%20COLUMBIA%20I%20MD%7C7070%20CRADLEROCK%20WAY%7CCOLUMBIA%20MD%20affordable%20housing,"Park View At Columbia I | Affordable Housing in Columbia, MD",property_directory,https://affordablehousinghub.org/housing/maryland/howard-county/columbia/park-view-at-columbia-i-13445-lihtc,"Outside read: the retained source identifies separately named phases, components, or projects at the shared address. The changed unit scopes are consistent with distinct physical-development records, so the same state ID and address are not sufficient to collapse them.",2026-08-10,retain_separate,distinct_phases_or_components_same_address,distinct_phase_or_component_common_address,Retain current physical-development identifiers and the overlap class for later source repair. Do not create a shared query.,2026-08-10,not_approved,FALSE
XDAQ_0023,carried_forward_completed_two_pass_review,defer,internal_evidence_requires_outside_confirmation,"Internal read: names, state IDs, primary sites, complete address sets, years, and unit scopes were read together for pattern carried_forward_previous_retain_separate. No single field was treated as dispositive.",2026-08-10,retain_separate,distinct_phases_or_components_same_address,Google,https://www.google.com/search?q=ASHTON%20PARK%20APTS%20MS%7C9245%20CUANDET%20RD%7CGULFPORT%20MS%20affordable%20housing,Ashton Park Apartments at 9245 Cuandet Road,property_listing,https://www.zumper.com/apartment-buildings/p88714/ashton-park-gulfport-ms,"Outside read: the retained source identifies separately named phases, components, or projects at the shared address. The changed unit scopes are consistent with distinct physical-development records, so the same state ID and address are not sufficient to collapse them.",2026-08-10,retain_separate,distinct_phases_or_components_same_address,distinct_phase_or_component_common_address,Retain current physical-development identifiers and the overlap class for later source repair. Do not create a shared query.,2026-08-10,not_approved,FALSE
XDAQ_0024,new_two_pass_review,merge,internal_identity_evidence_supports_one_development,"Internal read: names, state IDs, primary sites, complete address sets, years, and unit scopes were read together for pattern same_name_changed_units_or_timing. No single field was treated as dispositive.",2026-08-10,merge,same_multisite_physical_development,Google,https://www.google.com/search?q=COMSTOCK%20APARTMENTS%20MT%7C777%20HAGERTY%20LN%7CBOZEMAN%20MT%20affordable%20housing,"Comstock Apartments | Affordable Housing in Bozeman, MT",public_property_directory,https://affordablehousinghub.org/housing/montana/gallatin-county/bozeman/comstock-apartments-18146-lihtc,"Outside read: the retained public record matches the reviewed property name, location, or unit scope. Read with the internal state-ID, timing, unit, and address-set evidence, the records describe one physical development. Source rows remain unchanged.",2026-08-10,merge,same_multisite_physical_development,same_physical_development_address,Merge only physical-development identifiers. Preserve every HUD row as a project episode and every site row. Do not sum units here.,2026-08-10,not_approved,FALSE
XDAQ_0025,new_two_pass_review,merge,internal_identity_evidence_supports_one_development,"Internal read: names, state IDs, primary sites, complete address sets, years, and unit scopes were read together for pattern state_id_name_variant_same_timing_units. No single field was treated as dispositive.",2026-08-10,merge,duplicate_reporting_same_physical_development,Google,https://www.google.com/search?q=2912%20FAVERSHAM%20PL%20NC%7C2912%20FAVERSHAM%20PL%7CRALEIGH%20NC%20affordable%20housing,"Heatherbrook | Affordable Housing in Raleigh, NC",public_property_directory,https://affordablehousinghub.org/housing/north-carolina/wake-county/raleigh/heatherbrook-19787-lihtc,"Outside read: the retained public record matches the reviewed property name, location, or unit scope. Read with the internal state-ID, timing, unit, and address-set evidence, the records describe one physical development. Source rows remain unchanged.",2026-08-10,merge,duplicate_reporting_same_physical_development,same_physical_development_address,Merge only physical-development identifiers. Preserve every HUD row as a project episode and every site row. Do not sum units here.,2026-08-10,not_approved,FALSE
XDAQ_0026,new_two_pass_review,merge,internal_identity_evidence_supports_one_development,"Internal read: names, state IDs, primary sites, complete address sets, years, and unit scopes were read together for pattern state_id_name_variant_same_timing_units. No single field was treated as dispositive.",2026-08-10,merge,duplicate_reporting_same_physical_development,Google,https://www.google.com/search?q=2920%20FAVERSHAM%20PL%20NC%7C2920%20FAVERSHAM%20PL%7CRALEIGH%20NC%20affordable%20housing,"Heatherbrook | Affordable Housing in Raleigh, NC",public_property_directory,https://affordablehousinghub.org/housing/north-carolina/wake-county/raleigh/heatherbrook-19787-lihtc,"Outside read: the retained public record matches the reviewed property name, location, or unit scope. Read with the internal state-ID, timing, unit, and address-set evidence, the records describe one physical development. Source rows remain unchanged.",2026-08-10,merge,duplicate_reporting_same_physical_development,same_physical_development_address,Merge only physical-development identifiers. Preserve every HUD row as a project episode and every site row. Do not sum units here.,2026-08-10,not_approved,FALSE
XDAQ_0027,new_two_pass_review,merge,internal_identity_evidence_supports_one_development,"Internal read: names, state IDs, primary sites, complete address sets, years, and unit scopes were read together for pattern state_id_name_variant_same_timing_units. No single field was treated as dispositive.",2026-08-10,merge,duplicate_reporting_same_physical_development,Google,https://www.google.com/search?q=407%20%2B%20409%20SYKES%20AVE%20NC%7C407%20409%20SYKES%20AVE%7CGREENSBORO%20NC%20affordable%20housing,"409 Sykes Ave | Affordable Housing in Greensboro, NC",public_property_directory,https://affordablehousinghub.org/housing/north-carolina/guilford-county/greensboro/409-sykes-ave-18699-lihtc,"Outside read: the retained public record matches the reviewed property name, location, or unit scope. Read with the internal state-ID, timing, unit, and address-set evidence, the records describe one physical development. Source rows remain unchanged.",2026-08-10,merge,duplicate_reporting_same_physical_development,same_physical_development_address,Merge only physical-development identifiers. Preserve every HUD row as a project episode and every site row. Do not sum units here.,2026-08-10,not_approved,FALSE
XDAQ_0028,new_two_pass_review,merge,internal_identity_evidence_supports_one_development,"Internal read: names, state IDs, primary sites, complete address sets, years, and unit scopes were read together for pattern state_id_name_variant_same_timing_units. No single field was treated as dispositive.",2026-08-10,merge,duplicate_reporting_same_physical_development,Google,https://www.google.com/search?q=4264%20KAPLAN%20DR%20NC%7C4264%20KAPALN%20DR%7CRALEIGH%20NC%20affordable%20housing,"4264 Kaplan Dr | Affordable Housing in Raleigh, NC",public_property_directory,https://affordablehousinghub.org/housing/north-carolina/wake-county/raleigh/4264-kaplan-dr-20165-lihtc,"Outside read: the retained public record matches the reviewed property name, location, or unit scope. Read with the internal state-ID, timing, unit, and address-set evidence, the records describe one physical development. Source rows remain unchanged.",2026-08-10,merge,duplicate_reporting_same_physical_development,same_physical_development_address,Merge only physical-development identifiers. Preserve every HUD row as a project episode and every site row. Do not sum units here.,2026-08-10,not_approved,FALSE
XDAQ_0029,new_two_pass_review,defer,internal_evidence_requires_outside_confirmation,"Internal read: names, state IDs, primary sites, complete address sets, years, and unit scopes were read together for pattern state_id_other. No single field was treated as dispositive.",2026-08-10,retain_separate,distinct_physical_developments_shared_campus,Google,https://www.google.com/search?q=ALLEN%20STREET%20FAMILY%20NC%7C1322%20ALLEN%20ST%7CCHARLOTTE%20NC%20affordable%20housing,LIHTC Properties in North Carolina District 14 Through 2023,public_lihtc_property_list,https://www.novoco.com/public-media/documents/north-carolina-lihtc-properties-through-2023-district-14-072025.pdf,Outside read: the public LIHTC list treats Allen Street Family and Centra Square as separate 52-unit projects at 1322 and 1400 Allen Street. They remain separate despite a shared state ID and overlapping campus-style source rows.,2026-08-10,retain_separate,distinct_physical_developments_shared_campus,distinct_properties_common_campus,Retain current physical-development identifiers and the overlap class for later source repair. Do not create a shared query.,2026-08-10,not_approved,FALSE
XDAQ_0030,new_two_pass_review,merge,internal_identity_evidence_supports_one_development,"Internal read: names, state IDs, primary sites, complete address sets, years, and unit scopes were read together for pattern same_name_same_timing_units. No single field was treated as dispositive.",2026-08-10,merge,duplicate_reporting_same_physical_development,Google,https://www.google.com/search?q=APPLE%20%26%20PEACH%20HOUSING%20NC%7C135%20APPLE%20ST%20130%20PEACH%20ST%7CHENDERSON%20NC%20affordable%20housing,"Apple Peach Housing | Affordable Housing in Henderson, NC",public_property_directory,https://affordablehousinghub.org/housing/north-carolina/vance-county/henderson/apple-peach-housing-19883-lihtc,"Outside read: the retained public record matches the reviewed property name, location, or unit scope. Read with the internal state-ID, timing, unit, and address-set evidence, the records describe one physical development. Source rows remain unchanged.",2026-08-10,merge,duplicate_reporting_same_physical_development,same_physical_development_address,Merge only physical-development identifiers. Preserve every HUD row as a project episode and every site row. Do not sum units here.,2026-08-10,not_approved,FALSE
XDAQ_0031,new_two_pass_review,merge,internal_identity_evidence_supports_one_development,"Internal read: names, state IDs, primary sites, complete address sets, years, and unit scopes were read together for pattern same_name_changed_units_or_timing. No single field was treated as dispositive.",2026-08-10,merge,same_multisite_physical_development,Google,https://www.google.com/search?q=CAMBRIDGE%20COMMONS%20NC%7C1012%20S%20WASHINGTON%20ST%7CSHELBY%20NC%20affordable%20housing,"Cambridge Commons | Affordable Housing in Shelby, NC",public_property_directory,https://affordablehousinghub.org/housing/north-carolina/cleveland-county/shelby/cambridge-commons-19728-lihtc,"Outside read: the retained public record matches the reviewed property name, location, or unit scope. Read with the internal state-ID, timing, unit, and address-set evidence, the records describe one physical development. Source rows remain unchanged.",2026-08-10,merge,same_multisite_physical_development,same_physical_development_address,Merge only physical-development identifiers. Preserve every HUD row as a project episode and every site row. Do not sum units here.,2026-08-10,not_approved,FALSE
XDAQ_0032,new_two_pass_review,merge,internal_identity_evidence_supports_one_development,"Internal read: names, state IDs, primary sites, complete address sets, years, and unit scopes were read together for pattern same_name_changed_units_or_timing. No single field was treated as dispositive.",2026-08-10,merge,same_multisite_physical_development,Google,https://www.google.com/search?q=EAST%20CENTER%20VILLAGE%20NC%7C520%20E%20CENTER%20ST%7CLEXINGTON%20NC%20affordable%20housing,Davidson County 2026 Senior Housing Packet,county_housing_record,https://www.co.davidson.nc.us/DocumentCenter/View/13307/2026-Senior-Housing-Packet,"Outside read: the retained public record matches the reviewed property name, location, or unit scope. Read with the internal state-ID, timing, unit, and address-set evidence, the records describe one physical development. Source rows remain unchanged.",2026-08-10,merge,same_multisite_physical_development,same_physical_development_address,Merge only physical-development identifiers. Preserve every HUD row as a project episode and every site row. Do not sum units here.,2026-08-10,not_approved,FALSE
XDAQ_0033,new_two_pass_review,merge,internal_identity_evidence_supports_one_development,"Internal read: names, state IDs, primary sites, complete address sets, years, and unit scopes were read together for pattern same_name_changed_units_or_timing. No single field was treated as dispositive.",2026-08-10,merge,same_multisite_physical_development,Google,https://www.google.com/search?q=THE%20PINES%20AT%20PEACH%20ROAD%20NC%7C300%20STONE%20GROVE%20RD%7CRALEIGH%20NC%20affordable%20housing,City of Raleigh: Pines at Peach Road,municipal_housing_record,https://raleighnc.gov/housing/news/city-celebrates-nearly-300-new-affordable-homes-pines-peach-road-and-birch-branch,"Outside read: the retained public record matches the reviewed property name, location, or unit scope. Read with the internal state-ID, timing, unit, and address-set evidence, the records describe one physical development. Source rows remain unchanged.",2026-08-10,merge,same_multisite_physical_development,same_physical_development_address,Merge only physical-development identifiers. Preserve every HUD row as a project episode and every site row. Do not sum units here.,2026-08-10,not_approved,FALSE
XDAQ_0034,new_two_pass_review,defer,internal_evidence_requires_outside_confirmation,"Internal read: names, state IDs, primary sites, complete address sets, years, and unit scopes were read together for pattern state_id_name_variant_same_timing_units. No single field was treated as dispositive.",2026-08-10,retain_separate,distinct_numbered_projects_shared_parcel_label,Google,https://www.google.com/search?q=STANDING%20ROCK%20%234%20ND%7CHOUSE%205001%20BLOCK%202%20LOT%207%7CFORT%20YATES%20ND%20affordable%20housing,North Dakota Housing Finance Agency Master Project List 2026,allocating_agency_record,https://www.ndhousing.nd.gov/sites/default/files/documents/Development/MasterProjectList2026.pdf,Outside read: the state master list separately enumerates Standing Rock New Construction Project #1 and Standing Rock #4. The parcel-style house labels cannot establish one physical development.,2026-08-10,retain_separate,distinct_numbered_projects_shared_parcel_label,parcel_style_label_collision,Retain current physical-development identifiers and the overlap class for later source repair. Do not create a shared query.,2026-08-10,not_approved,FALSE
XDAQ_0035,new_two_pass_review,merge,internal_identity_evidence_supports_one_development,"Internal read: names, state IDs, primary sites, complete address sets, years, and unit scopes were read together for pattern same_name_same_timing_units. No single field was treated as dispositive.",2026-08-10,merge,duplicate_reporting_same_physical_development,Google,https://www.google.com/search?q=120-126%20WESTFIELD%20AVENUE%20NJ%7C120%20WESTFIELD%20AVE%7CELIZABETH%20NJ%20affordable%20housing,"120-126 Westfield Avenue | Affordable Housing in Elizabeth, NJ",public_property_directory,https://affordablehousinghub.org/housing/new-jersey/union-county/elizabeth-city/120-126-westfield-avenue-23098-lihtc,"Outside read: the retained public record matches the reviewed property name, location, or unit scope. Read with the internal state-ID, timing, unit, and address-set evidence, the records describe one physical development. Source rows remain unchanged.",2026-08-10,merge,duplicate_reporting_same_physical_development,same_physical_development_address,Merge only physical-development identifiers. Preserve every HUD row as a project episode and every site row. Do not sum units here.,2026-08-10,not_approved,FALSE
XDAQ_0036,new_two_pass_review,merge,internal_identity_evidence_supports_one_development,"Internal read: names, state IDs, primary sites, complete address sets, years, and unit scopes were read together for pattern same_name_same_timing_units. No single field was treated as dispositive.",2026-08-10,merge,duplicate_reporting_same_physical_development,Google,https://www.google.com/search?q=144-150%20BRUNSWICK%20STREET%20APARTMENTS%20NJ%7C144%20BRUNSWICK%20ST%7CNEWARK%20CITY%20NJ%20affordable%20housing,"144-150 Brunswick Street Apartments | Affordable Housing in Newark, NJ",public_property_directory,https://affordablehousinghub.org/housing/new-jersey/essex-county/newark-city/144-150-brunswick-street-apartments-23177-lihtc,"Outside read: the retained public record matches the reviewed property name, location, or unit scope. Read with the internal state-ID, timing, unit, and address-set evidence, the records describe one physical development. Source rows remain unchanged.",2026-08-10,merge,duplicate_reporting_same_physical_development,same_physical_development_address,Merge only physical-development identifiers. Preserve every HUD row as a project episode and every site row. Do not sum units here.,2026-08-10,not_approved,FALSE
XDAQ_0037,new_two_pass_review,merge,internal_identity_evidence_supports_one_development,"Internal read: names, state IDs, primary sites, complete address sets, years, and unit scopes were read together for pattern same_name_changed_units_or_timing. No single field was treated as dispositive.",2026-08-10,merge,same_multisite_physical_development,Google,https://www.google.com/search?q=A%20BETTER%20LIFE%20NJ%7C101%2014TH%20AVE%7CNEWARK%20NJ%20affordable%20housing,"A Better Life | Affordable Housing in Newark, NJ",public_property_directory,https://affordablehousinghub.org/housing/new-jersey/essex-county/newark/a-better-life-22933-lihtc,"Outside read: the retained public record matches the reviewed property name, location, or unit scope. Read with the internal state-ID, timing, unit, and address-set evidence, the records describe one physical development. Source rows remain unchanged.",2026-08-10,merge,same_multisite_physical_development,same_physical_development_address,Merge only physical-development identifiers. Preserve every HUD row as a project episode and every site row. Do not sum units here.,2026-08-10,not_approved,FALSE
XDAQ_0038,new_two_pass_review,merge,internal_identity_evidence_supports_one_development,"Internal read: names, state IDs, primary sites, complete address sets, years, and unit scopes were read together for pattern same_name_changed_units_or_timing. No single field was treated as dispositive.",2026-08-10,merge,same_multisite_physical_development,Google,https://www.google.com/search?q=A.M.%20YELENCSIS%20SENIOR%20CITIZENS%20RESIDENCE%20NJ%7C100%20FOREST%20HAVEN%20BLVD%7CEDISON%20NJ%20affordable%20housing,"A.M. Yelencsis Senior Citizens Residence | Affordable Housing in Edison Twp, NJ",public_property_directory,https://affordablehousinghub.org/housing/new-jersey/middlesex-county/edison-twp/am-yelencsis-senior-citizens-residence-23288-lihtc,"Outside read: the retained public record matches the reviewed property name, location, or unit scope. Read with the internal state-ID, timing, unit, and address-set evidence, the records describe one physical development. Source rows remain unchanged.",2026-08-10,merge,same_multisite_physical_development,same_physical_development_address,Merge only physical-development identifiers. Preserve every HUD row as a project episode and every site row. Do not sum units here.,2026-08-10,not_approved,FALSE
XDAQ_0039,new_two_pass_review,merge,internal_identity_evidence_supports_one_development,"Internal read: names, state IDs, primary sites, complete address sets, years, and unit scopes were read together for pattern same_name_same_timing_units. No single field was treated as dispositive.",2026-08-10,merge,duplicate_reporting_same_physical_development,Google,https://www.google.com/search?q=ABBETT%20AVENUE%20APARTMENTS%20NJ%7C38%2042%20ABBETT%20AVE%7CMORRISTOWN%20TOWN%20NJ%20affordable%20housing,"Abbett Avenue Apartments | Affordable Housing in Morristown, NJ",public_property_directory,https://affordablehousinghub.org/housing/new-jersey/morris-county/morristown-town/abbett-avenue-apartments-22803-lihtc,"Outside read: the retained public record matches the reviewed property name, location, or unit scope. Read with the internal state-ID, timing, unit, and address-set evidence, the records describe one physical development. Source rows remain unchanged.",2026-08-10,merge,duplicate_reporting_same_physical_development,same_physical_development_address,Merge only physical-development identifiers. Preserve every HUD row as a project episode and every site row. Do not sum units here.,2026-08-10,not_approved,FALSE
XDAQ_0040,new_two_pass_review,merge,internal_identity_evidence_supports_one_development,"Internal read: names, state IDs, primary sites, complete address sets, years, and unit scopes were read together for pattern same_name_changed_units_or_timing. No single field was treated as dispositive.",2026-08-10,merge,same_multisite_physical_development,Google,https://www.google.com/search?q=ACORN%20STRAIGHT%20APARTMENTS%20NJ%7C114%20124%20STRAIGHT%20ST%7CPATERSON%20CITY%20NJ%20affordable%20housing,"Acorn Straight Apartments | Affordable Housing in Paterson, NJ",public_property_directory,https://affordablehousinghub.org/housing/new-jersey/passaic-county/paterson-city/acorn-straight-apartments-22450-lihtc,"Outside read: the retained public record matches the reviewed property name, location, or unit scope. Read with the internal state-ID, timing, unit, and address-set evidence, the records describe one physical development. Source rows remain unchanged.",2026-08-10,merge,same_multisite_physical_development,same_physical_development_address,Merge only physical-development identifiers. Preserve every HUD row as a project episode and every site row. Do not sum units here.,2026-08-10,not_approved,FALSE
XDAQ_0041,new_two_pass_review,merge,internal_identity_evidence_supports_one_development,"Internal read: names, state IDs, primary sites, complete address sets, years, and unit scopes were read together for pattern same_name_same_timing_units. No single field was treated as dispositive.",2026-08-10,merge,duplicate_reporting_same_physical_development,Google,https://www.google.com/search?q=ANTIOCH%20MANOR%20-%20PHASE%20I%20NJ%7C699%20FERRY%20AVE%7CCAMDEN%20NJ%20affordable%20housing,"Antioch Manor - Phase I | Affordable Housing in Camden, NJ",public_property_directory,https://affordablehousinghub.org/housing/new-jersey/camden-county/camden-city/antioch-manor-phase-i-22447-lihtc,"Outside read: the retained public record matches the reviewed property name, location, or unit scope. Read with the internal state-ID, timing, unit, and address-set evidence, the records describe one physical development. Source rows remain unchanged.",2026-08-10,merge,duplicate_reporting_same_physical_development,same_physical_development_address,Merge only physical-development identifiers. Preserve every HUD row as a project episode and every site row. Do not sum units here.,2026-08-10,not_approved,FALSE
XDAQ_0042,new_two_pass_review,merge,internal_identity_evidence_supports_one_development,"Internal read: names, state IDs, primary sites, complete address sets, years, and unit scopes were read together for pattern same_name_changed_units_or_timing. No single field was treated as dispositive.",2026-08-10,merge,same_multisite_physical_development,Google,https://www.google.com/search?q=BERKELEY%20TERRACE%20NJ%7C10%20BERKELEY%20TER%7CIRVINGTON%20NJ%20affordable%20housing,"Berkeley Terrace | Affordable Housing in Irvington, NJ",public_property_directory,https://affordablehousinghub.org/housing/new-jersey/essex-county/irvington/berkeley-terrace-22935-lihtc,"Outside read: the retained public record matches the reviewed property name, location, or unit scope. Read with the internal state-ID, timing, unit, and address-set evidence, the records describe one physical development. Source rows remain unchanged.",2026-08-10,merge,same_multisite_physical_development,same_physical_development_address,Merge only physical-development identifiers. Preserve every HUD row as a project episode and every site row. Do not sum units here.,2026-08-10,not_approved,FALSE
XDAQ_0043,new_two_pass_review,merge,internal_identity_evidence_supports_one_development,"Internal read: names, state IDs, primary sites, complete address sets, years, and unit scopes were read together for pattern same_name_changed_units_or_timing. No single field was treated as dispositive.",2026-08-10,merge,same_multisite_physical_development,Google,https://www.google.com/search?q=BRANCH%20VILLAGE%20PHASE%20I%20NJ%7C119%20BRANCH%20VILLAGE%20DR%7CCAMDEN%20NJ%20affordable%20housing,"Branch Village Phase I | Affordable Housing in Camden, NJ",public_property_directory,https://affordablehousinghub.org/housing/new-jersey/camden-county/camden/branch-village-phase-i-22951-lihtc,"Outside read: the retained public record matches the reviewed property name, location, or unit scope. Read with the internal state-ID, timing, unit, and address-set evidence, the records describe one physical development. Source rows remain unchanged.",2026-08-10,merge,same_multisite_physical_development,same_physical_development_address,Merge only physical-development identifiers. Preserve every HUD row as a project episode and every site row. Do not sum units here.,2026-08-10,not_approved,FALSE
XDAQ_0044,new_two_pass_review,merge,internal_identity_evidence_supports_one_development,"Internal read: names, state IDs, primary sites, complete address sets, years, and unit scopes were read together for pattern same_name_same_timing_units. No single field was treated as dispositive.",2026-08-10,merge,duplicate_reporting_same_physical_development,Google,https://www.google.com/search?q=BRICK%20TOWERS%20-%20PHASE%20I%20NJ%7C671%20683%20MARTIN%20LUTHER%20KING%20JR%20BLVD%7CNEWARK%20CITY%20NJ%20affordable%20housing,"Brick Towers - Phase I | Affordable Housing in Newark City, NJ",public_property_directory,https://affordablehousinghub.org/housing/new-jersey/essex-county/newark-city/brick-towers-phase-i-22783-lihtc,"Outside read: the retained public record matches the reviewed property name, location, or unit scope. Read with the internal state-ID, timing, unit, and address-set evidence, the records describe one physical development. Source rows remain unchanged.",2026-08-10,merge,duplicate_reporting_same_physical_development,same_physical_development_address,Merge only physical-development identifiers. Preserve every HUD row as a project episode and every site row. Do not sum units here.,2026-08-10,not_approved,FALSE
XDAQ_0045,new_two_pass_review,merge,internal_identity_evidence_supports_one_development,"Internal read: names, state IDs, primary sites, complete address sets, years, and unit scopes were read together for pattern same_name_same_timing_units. No single field was treated as dispositive.",2026-08-10,merge,duplicate_reporting_same_physical_development,Google,https://www.google.com/search?q=BUENA%20TERRACE%20APARTMENTS%20NJ%7C100%20SUMMERSET%20AVE%7CBUENA%20BORO%20NJ%20affordable%20housing,"Buena Terrace Apartments | Affordable Housing in Buena Boro, NJ",public_property_directory,https://affordablehousinghub.org/housing/new-jersey/atlantic-county/buena-boro/buena-terrace-apartments-23097-lihtc,"Outside read: the retained public record matches the reviewed property name, location, or unit scope. Read with the internal state-ID, timing, unit, and address-set evidence, the records describe one physical development. Source rows remain unchanged.",2026-08-10,merge,duplicate_reporting_same_physical_development,same_physical_development_address,Merge only physical-development identifiers. Preserve every HUD row as a project episode and every site row. Do not sum units here.,2026-08-10,not_approved,FALSE
XDAQ_0046,new_two_pass_review,merge,internal_identity_evidence_supports_one_development,"Internal read: names, state IDs, primary sites, complete address sets, years, and unit scopes were read together for pattern same_name_same_units_later_episode. No single field was treated as dispositive.",2026-08-10,merge,later_financing_episode_same_physical_development,Google,https://www.google.com/search?q=CAPSTONE%20FAMILY%20HOUSING%20NJ%7C1056%20STUYVESANT%20AVE%7CTRENTON%20NJ%20affordable%20housing,"Capstone Family Housing | Affordable Housing in Trenton, NJ",public_property_directory,https://affordablehousinghub.org/housing/new-jersey/mercer-county/trenton-city/capstone-family-housing-22833-lihtc,"Outside read: the retained public record matches the reviewed property name, location, or unit scope. Read with the internal state-ID, timing, unit, and address-set evidence, the records describe one physical development. Source rows remain unchanged.",2026-08-10,merge,later_financing_episode_same_physical_development,same_physical_development_address,Merge only physical-development identifiers. Preserve every HUD row as a project episode and every site row. Do not sum units here.,2026-08-10,not_approved,FALSE
XDAQ_0047,new_two_pass_review,merge,internal_identity_evidence_supports_one_development,"Internal read: names, state IDs, primary sites, complete address sets, years, and unit scopes were read together for pattern same_name_same_timing_units. No single field was treated as dispositive.",2026-08-10,merge,duplicate_reporting_same_physical_development,Google,https://www.google.com/search?q=CHAPEL%20HILL%20AFFORDABLES%2C%20LLC%20NJ%7C1100%20ABBY%20RD%7CMIDDLETOWN%20NJ%20affordable%20housing,"Chapel Hill Affordables, Llc | Affordable Housing in Middletown, NJ",public_property_directory,https://affordablehousinghub.org/housing/new-jersey/monmouth-county/middletown-twp/chapel-hill-affordables-llc-22497-lihtc,"Outside read: the retained public record matches the reviewed property name, location, or unit scope. Read with the internal state-ID, timing, unit, and address-set evidence, the records describe one physical development. Source rows remain unchanged.",2026-08-10,merge,duplicate_reporting_same_physical_development,same_physical_development_address,Merge only physical-development identifiers. Preserve every HUD row as a project episode and every site row. Do not sum units here.,2026-08-10,not_approved,FALSE
XDAQ_0048,new_two_pass_review,merge,internal_identity_evidence_supports_one_development,"Internal read: names, state IDs, primary sites, complete address sets, years, and unit scopes were read together for pattern same_name_same_timing_units. No single field was treated as dispositive.",2026-08-10,merge,duplicate_reporting_same_physical_development,Google,https://www.google.com/search?q=CHESTNUT%20MONMOUTH%20FAMILY%20HOUSING%20NJ%7C326%20CHESTNUT%20AVE%7CTRENTON%20NJ%20affordable%20housing,"Chestnut Monmouth Family Housing | Affordable Housing in Trenton, NJ",public_property_directory,https://affordablehousinghub.org/housing/new-jersey/mercer-county/trenton-city/chestnut-monmouth-family-housing-22484-lihtc,"Outside read: the retained public record matches the reviewed property name, location, or unit scope. Read with the internal state-ID, timing, unit, and address-set evidence, the records describe one physical development. Source rows remain unchanged.",2026-08-10,merge,duplicate_reporting_same_physical_development,same_physical_development_address,Merge only physical-development identifiers. Preserve every HUD row as a project episode and every site row. Do not sum units here.,2026-08-10,not_approved,FALSE
XDAQ_0049,new_two_pass_review,merge,internal_identity_evidence_supports_one_development,"Internal read: names, state IDs, primary sites, complete address sets, years, and unit scopes were read together for pattern same_name_changed_units_or_timing. No single field was treated as dispositive.",2026-08-10,merge,same_multisite_physical_development,Google,https://www.google.com/search?q=CHRIST%20CARE%20SENIOR%20NJ%7C400%20GRIMES%20RD%7CSICKERVILLE%20NJ%20affordable%20housing,"Christ Care Senior | Affordable Housing in Sicklerville, NJ",public_property_directory,https://affordablehousinghub.org/housing/new-jersey/camden-county/sickerville/christ-care-senior-22767-lihtc,"Outside read: the retained public record matches the reviewed property name, location, or unit scope. Read with the internal state-ID, timing, unit, and address-set evidence, the records describe one physical development. Source rows remain unchanged.",2026-08-10,merge,same_multisite_physical_development,same_physical_development_address,Merge only physical-development identifiers. Preserve every HUD row as a project episode and every site row. Do not sum units here.,2026-08-10,not_approved,FALSE
XDAQ_0050,new_two_pass_review,merge,internal_identity_evidence_supports_one_development,"Internal read: names, state IDs, primary sites, complete address sets, years, and unit scopes were read together for pattern same_name_same_timing_units. No single field was treated as dispositive.",2026-08-10,merge,duplicate_reporting_same_physical_development,Google,https://www.google.com/search?q=CRANFORD%20LINCOLN%20SENIOR%20HOUSING%20NJ%7C800%20LINCOLN%20AVE%20E%7CCRANFORD%20NJ%20affordable%20housing,"Cranford Lincoln Senior Housing | Affordable Housing in Cranford, NJ",public_property_directory,https://affordablehousinghub.org/housing/new-jersey/union-county/cranford-twp/cranford-lincoln-senior-housing-23207-lihtc,"Outside read: the retained public record matches the reviewed property name, location, or unit scope. Read with the internal state-ID, timing, unit, and address-set evidence, the records describe one physical development. Source rows remain unchanged.",2026-08-10,merge,duplicate_reporting_same_physical_development,same_physical_development_address,Merge only physical-development identifiers. Preserve every HUD row as a project episode and every site row. Do not sum units here.,2026-08-10,not_approved,FALSE
XDAQ_0051,new_two_pass_review,merge,internal_identity_evidence_supports_one_development,"Internal read: names, state IDs, primary sites, complete address sets, years, and unit scopes were read together for pattern same_name_same_timing_units. No single field was treated as dispositive.",2026-08-10,merge,duplicate_reporting_same_physical_development,Google,https://www.google.com/search?q=DEANS%20APARTMENTS%20NJ%7C100%20WOODHAVEN%20DR%7CMONMOUTH%20JUNCTION%20NJ%20affordable%20housing,"Deans Apartments | Affordable Housing in North Brunswick, NJ",public_property_directory,https://affordablehousinghub.org/housing/new-jersey/middlesex-county/south-brunswick-twp/deans-apartments-22773-lihtc,"Outside read: the retained public record matches the reviewed property name, location, or unit scope. Read with the internal state-ID, timing, unit, and address-set evidence, the records describe one physical development. Source rows remain unchanged.",2026-08-10,merge,duplicate_reporting_same_physical_development,same_physical_development_address,Merge only physical-development identifiers. Preserve every HUD row as a project episode and every site row. Do not sum units here.,2026-08-10,not_approved,FALSE
XDAQ_0052,new_two_pass_review,merge,internal_identity_evidence_supports_one_development,"Internal read: names, state IDs, primary sites, complete address sets, years, and unit scopes were read together for pattern same_name_changed_units_or_timing. No single field was treated as dispositive.",2026-08-10,merge,same_multisite_physical_development,Google,https://www.google.com/search?q=DUMONT%20SENIOR%20HOUSING%20NJ%7C39%20DUMONT%20AVE%7CDUMONT%20NJ%20affordable%20housing,"Dumont Senior Housing | Affordable Housing in Dumont, NJ",public_property_directory,https://affordablehousinghub.org/housing/new-jersey/bergen-county/dumont-boro/dumont-senior-housing-22941-lihtc,"Outside read: the retained public record matches the reviewed property name, location, or unit scope. Read with the internal state-ID, timing, unit, and address-set evidence, the records describe one physical development. Source rows remain unchanged.",2026-08-10,merge,same_multisite_physical_development,same_physical_development_address,Merge only physical-development identifiers. Preserve every HUD row as a project episode and every site row. Do not sum units here.,2026-08-10,not_approved,FALSE
XDAQ_0053,new_two_pass_review,merge,internal_identity_evidence_supports_one_development,"Internal read: names, state IDs, primary sites, complete address sets, years, and unit scopes were read together for pattern same_name_same_timing_units. No single field was treated as dispositive.",2026-08-10,merge,duplicate_reporting_same_physical_development,Google,https://www.google.com/search?q=EVA%27S%20VILLAGE%20APARTMENTS%20NJ%7C133%20151%20PRINCE%20ST%7CPATERSON%20CITY%20NJ%20affordable%20housing,"Eva&#x27;S Village Apartments | Affordable Housing in Paterson, NJ",public_property_directory,https://affordablehousinghub.org/housing/new-jersey/passaic-county/paterson-city/evas-village-apartments-22582-lihtc,"Outside read: the retained public record matches the reviewed property name, location, or unit scope. Read with the internal state-ID, timing, unit, and address-set evidence, the records describe one physical development. Source rows remain unchanged.",2026-08-10,merge,duplicate_reporting_same_physical_development,same_physical_development_address,Merge only physical-development identifiers. Preserve every HUD row as a project episode and every site row. Do not sum units here.,2026-08-10,not_approved,FALSE
XDAQ_0054,new_two_pass_review,merge,internal_identity_evidence_supports_one_development,"Internal read: names, state IDs, primary sites, complete address sets, years, and unit scopes were read together for pattern state_id_other. No single field was treated as dispositive.",2026-08-10,merge,same_multisite_physical_development,Google,https://www.google.com/search?q=FAIR%20SHARE%20SENIOR%20HOUSING%2C%20PHASE%20I%20%232012%20NJ%7C4%20HOVTECH%20BLVD%7CMOUNT%20LAUREL%20NJ%20affordable%20housing,NJHMFA Board Agenda: Mount Laurel Senior Housing Phase I,allocating_agency_record,https://www.nj.gov/dca/hmfa/about/boardinfo/agendas/2025_agendas/20250320.pdf,"Outside read: the retained public record matches the reviewed property name, location, or unit scope. Read with the internal state-ID, timing, unit, and address-set evidence, the records describe one physical development. Source rows remain unchanged.",2026-08-10,merge,same_multisite_physical_development,same_physical_development_address,Merge only physical-development identifiers. Preserve every HUD row as a project episode and every site row. Do not sum units here.,2026-08-10,not_approved,FALSE
XDAQ_0055,new_two_pass_review,merge,internal_identity_evidence_supports_one_development,"Internal read: names, state IDs, primary sites, complete address sets, years, and unit scopes were read together for pattern same_name_same_timing_units. No single field was treated as dispositive.",2026-08-10,merge,duplicate_reporting_same_physical_development,Google,https://www.google.com/search?q=FERRY%20SENIOR%20NJ%7C1801%20DAVIS%20ST%7CCAMDEN%20NJ%20affordable%20housing,"Ferry Senior | Affordable Housing in Camden, NJ",public_property_directory,https://affordablehousinghub.org/housing/new-jersey/camden-county/camden-city/ferry-senior-23955-lihtc,"Outside read: the retained public record matches the reviewed property name, location, or unit scope. Read with the internal state-ID, timing, unit, and address-set evidence, the records describe one physical development. Source rows remain unchanged.",2026-08-10,merge,duplicate_reporting_same_physical_development,same_physical_development_address,Merge only physical-development identifiers. Preserve every HUD row as a project episode and every site row. Do not sum units here.,2026-08-10,not_approved,FALSE
XDAQ_0056,new_two_pass_review,merge,internal_identity_evidence_supports_one_development,"Internal read: names, state IDs, primary sites, complete address sets, years, and unit scopes were read together for pattern same_name_changed_units_or_timing. No single field was treated as dispositive.",2026-08-10,merge,same_multisite_physical_development,Google,https://www.google.com/search?q=FREEDOM%20VILLAGE%20AT%20WEST%20WINDSOR%20NJ%7COLD%20BEAR%20BROOK%20RD%7CWEST%20WINDSOR%20NJ%20affordable%20housing,"Freedom Village At West Windsor | Affordable Housing in West Windsor, NJ",public_property_directory,https://affordablehousinghub.org/housing/new-jersey/mercer-county/west-windsor/freedom-village-at-west-windsor-23035-lihtc,"Outside read: the retained public record matches the reviewed property name, location, or unit scope. Read with the internal state-ID, timing, unit, and address-set evidence, the records describe one physical development. Source rows remain unchanged.",2026-08-10,merge,same_multisite_physical_development,same_physical_development_address,Merge only physical-development identifiers. Preserve every HUD row as a project episode and every site row. Do not sum units here.,2026-08-10,not_approved,FALSE
XDAQ_0057,new_two_pass_review,merge,internal_identity_evidence_supports_one_development,"Internal read: names, state IDs, primary sites, complete address sets, years, and unit scopes were read together for pattern state_id_other. No single field was treated as dispositive.",2026-08-10,merge,same_multisite_physical_development,Google,https://www.google.com/search?q=FREEDOMS%20LEGACY%20AT%20ROBBINSVILLE%20%232102%20%28FKA%20PROJECT%20FREEDOM%20INC.%29%20NJ%7C223%20HUTCHINSON%20RD%7CROBBINSVILLE%20NJ%20affordable%20housing,"Project Freedom Inc. | Affordable Housing in Robbinsville, NJ",public_property_directory,https://affordablehousinghub.org/housing/new-jersey/mercer-county/robbinsville-twp/project-freedom-inc-23126-lihtc,"Outside read: the retained public record matches the reviewed property name, location, or unit scope. Read with the internal state-ID, timing, unit, and address-set evidence, the records describe one physical development. Source rows remain unchanged.",2026-08-10,merge,same_multisite_physical_development,same_physical_development_address,Merge only physical-development identifiers. Preserve every HUD row as a project episode and every site row. Do not sum units here.,2026-08-10,not_approved,FALSE
XDAQ_0058,new_two_pass_review,merge,internal_identity_evidence_supports_one_development,"Internal read: names, state IDs, primary sites, complete address sets, years, and unit scopes were read together for pattern same_name_same_timing_units. No single field was treated as dispositive.",2026-08-10,merge,duplicate_reporting_same_physical_development,Google,https://www.google.com/search?q=HAMPTON%20MANOR%20SENIOR%20CITIZEN%20APARTMENTS%20NJ%7C154%20ROUTE%2031%20N%7CHAMPTON%20BORO%20NJ%20affordable%20housing,"Hampton Manor Senior Citizen Apartments | Affordable Housing in Hampton, NJ",public_property_directory,https://affordablehousinghub.org/housing/new-jersey/hunterdon-county/hampton-boro/hampton-manor-senior-citizen-apartments-23178-lihtc,"Outside read: the retained public record matches the reviewed property name, location, or unit scope. Read with the internal state-ID, timing, unit, and address-set evidence, the records describe one physical development. Source rows remain unchanged.",2026-08-10,merge,duplicate_reporting_same_physical_development,same_physical_development_address,Merge only physical-development identifiers. Preserve every HUD row as a project episode and every site row. Do not sum units here.,2026-08-10,not_approved,FALSE
XDAQ_0059,new_two_pass_review,merge,internal_identity_evidence_supports_one_development,"Internal read: names, state IDs, primary sites, complete address sets, years, and unit scopes were read together for pattern same_name_same_timing_units. No single field was treated as dispositive.",2026-08-10,merge,duplicate_reporting_same_physical_development,Google,https://www.google.com/search?q=HANOVER%20STREET%20HOUSING%20NJ%7C148%20W%20HANOVER%20ST%7CTRENTON%20NJ%20affordable%20housing,"Hanover Street Housing | Affordable Housing in Trenton, NJ",public_property_directory,https://affordablehousinghub.org/housing/new-jersey/mercer-county/trenton-city/hanover-street-housing-23184-lihtc,"Outside read: the retained public record matches the reviewed property name, location, or unit scope. Read with the internal state-ID, timing, unit, and address-set evidence, the records describe one physical development. Source rows remain unchanged.",2026-08-10,merge,duplicate_reporting_same_physical_development,same_physical_development_address,Merge only physical-development identifiers. Preserve every HUD row as a project episode and every site row. Do not sum units here.,2026-08-10,not_approved,FALSE
XDAQ_0060,new_two_pass_review,merge,internal_identity_evidence_supports_one_development,"Internal read: names, state IDs, primary sites, complete address sets, years, and unit scopes were read together for pattern same_name_same_timing_units. No single field was treated as dispositive.",2026-08-10,merge,duplicate_reporting_same_physical_development,Google,https://www.google.com/search?q=JAMES%20T.%20KIRK%20GARDENS%20%28SENIOR%20RESIDENCE%29%20NJ%7C620%201ST%20AVE%7CELIZABETH%20NJ%20affordable%20housing,"James T. Kirk Gardens Senior Residence | Affordable Housing in Elizabeth, NJ",public_property_directory,https://affordablehousinghub.org/housing/new-jersey/union-county/elizabeth-city/james-t-kirk-gardens-senior-residence-22536-lihtc,"Outside read: the retained public record matches the reviewed property name, location, or unit scope. Read with the internal state-ID, timing, unit, and address-set evidence, the records describe one physical development. Source rows remain unchanged.",2026-08-10,merge,duplicate_reporting_same_physical_development,same_physical_development_address,Merge only physical-development identifiers. Preserve every HUD row as a project episode and every site row. Do not sum units here.,2026-08-10,not_approved,FALSE
XDAQ_0061,new_two_pass_review,merge,internal_identity_evidence_supports_one_development,"Internal read: names, state IDs, primary sites, complete address sets, years, and unit scopes were read together for pattern same_name_same_units_later_episode. No single field was treated as dispositive.",2026-08-10,merge,later_financing_episode_same_physical_development,Google,https://www.google.com/search?q=JEWISH%20FEDERATION%20CAMPUS%20APARTMENTS%20NJ%7C1401%20SPRINGDALE%20RD%7CCHERRY%20HILL%20NJ%20affordable%20housing,"Jewish Federation Campus Apartments | Affordable Housing in Cherry Hill Township, NJ",public_property_directory,https://affordablehousinghub.org/housing/new-jersey/camden-county/cherry-hill-twp/jewish-federation-campus-apartments-23971-lihtc,"Outside read: the retained public record matches the reviewed property name, location, or unit scope. Read with the internal state-ID, timing, unit, and address-set evidence, the records describe one physical development. Source rows remain unchanged.",2026-08-10,merge,later_financing_episode_same_physical_development,same_physical_development_address,Merge only physical-development identifiers. Preserve every HUD row as a project episode and every site row. Do not sum units here.,2026-08-10,not_approved,FALSE
XDAQ_0062,new_two_pass_review,merge,internal_identity_evidence_supports_one_development,"Internal read: names, state IDs, primary sites, complete address sets, years, and unit scopes were read together for pattern same_name_same_timing_units. No single field was treated as dispositive.",2026-08-10,merge,duplicate_reporting_same_physical_development,Google,https://www.google.com/search?q=JUSTIN%20COMMONS%20A%2FK%2FA%20SCOTLAND%20COMMONS%20NJ%7C111%20134%20JUSTIN%20COMMONS%7CWILLIAMSTOWN%20NJ%20affordable%20housing,"Justin Commons a K a Scotland Commons | Affordable Housing in Williamstown, NJ",public_property_directory,https://affordablehousinghub.org/housing/new-jersey/gloucester-county/williamstown/justin-commons-a-k-a-scotland-commons-24110-lihtc,"Outside read: the retained public record matches the reviewed property name, location, or unit scope. Read with the internal state-ID, timing, unit, and address-set evidence, the records describe one physical development. Source rows remain unchanged.",2026-08-10,merge,duplicate_reporting_same_physical_development,same_physical_development_address,Merge only physical-development identifiers. Preserve every HUD row as a project episode and every site row. Do not sum units here.,2026-08-10,not_approved,FALSE
XDAQ_0063,new_two_pass_review,merge,internal_identity_evidence_supports_one_development,"Internal read: names, state IDs, primary sites, complete address sets, years, and unit scopes were read together for pattern same_name_same_timing_units. No single field was treated as dispositive.",2026-08-10,merge,duplicate_reporting_same_physical_development,Google,https://www.google.com/search?q=KENNEDY%20TOWERS%20II%20%28AKA%20WEST%20NEW%20YORK%20SENIOR%20HOUSING%29%20NJ%7C432%20440%2062ND%20ST%7CWEST%20NEW%20YORK%20TOWN%20NJ%20affordable%20housing,"Kennedy Towers Ii Aka West New York Senior Housing | Affordable Housing in West New York, NJ",public_property_directory,https://affordablehousinghub.org/housing/new-jersey/hudson-county/west-new-york-town/kennedy-towers-ii-aka-west-new-york-senior-housing-22502-lihtc,"Outside read: the retained public record matches the reviewed property name, location, or unit scope. Read with the internal state-ID, timing, unit, and address-set evidence, the records describe one physical development. Source rows remain unchanged.",2026-08-10,merge,duplicate_reporting_same_physical_development,same_physical_development_address,Merge only physical-development identifiers. Preserve every HUD row as a project episode and every site row. Do not sum units here.,2026-08-10,not_approved,FALSE
XDAQ_0064,new_two_pass_review,merge,internal_identity_evidence_supports_one_development,"Internal read: names, state IDs, primary sites, complete address sets, years, and unit scopes were read together for pattern same_name_same_timing_units. No single field was treated as dispositive.",2026-08-10,merge,duplicate_reporting_same_physical_development,Google,https://www.google.com/search?q=LIBERTY%20PLACE%20APARTMENTS%20NJ%7C1%20LIBERTY%20PL%7CFORT%20LEE%20BORO%20NJ%20affordable%20housing,"Liberty Place Apartments | Affordable Housing in Palisades Park, NJ",public_property_directory,https://affordablehousinghub.org/housing/new-jersey/bergen-county/fort-lee-boro/liberty-place-apartments-49362-lihtc,"Outside read: the retained public record matches the reviewed property name, location, or unit scope. Read with the internal state-ID, timing, unit, and address-set evidence, the records describe one physical development. Source rows remain unchanged.",2026-08-10,merge,duplicate_reporting_same_physical_development,same_physical_development_address,Merge only physical-development identifiers. Preserve every HUD row as a project episode and every site row. Do not sum units here.,2026-08-10,not_approved,FALSE
XDAQ_0065,new_two_pass_review,merge,internal_identity_evidence_supports_one_development,"Internal read: names, state IDs, primary sites, complete address sets, years, and unit scopes were read together for pattern same_name_same_units_later_episode. No single field was treated as dispositive.",2026-08-10,merge,later_financing_episode_same_physical_development,Google,https://www.google.com/search?q=LINCOLN%20AVENUE%20APARTMENTS%20NJ%7C651%20LINCOLN%20AVE%7CCITY%20OF%20ORANGE%20NJ%20affordable%20housing,"Lincoln Avenue Apartments | Affordable Housing in Orange, NJ",public_property_directory,https://affordablehousinghub.org/housing/new-jersey/essex-county/orange-city/lincoln-avenue-apartments-24068-lihtc,"Outside read: the retained public record matches the reviewed property name, location, or unit scope. Read with the internal state-ID, timing, unit, and address-set evidence, the records describe one physical development. Source rows remain unchanged.",2026-08-10,merge,later_financing_episode_same_physical_development,same_physical_development_address,Merge only physical-development identifiers. Preserve every HUD row as a project episode and every site row. Do not sum units here.,2026-08-10,not_approved,FALSE
XDAQ_0066,new_two_pass_review,merge,internal_identity_evidence_supports_one_development,"Internal read: names, state IDs, primary sites, complete address sets, years, and unit scopes were read together for pattern same_name_same_units_later_episode. No single field was treated as dispositive.",2026-08-10,merge,later_financing_episode_same_physical_development,Google,https://www.google.com/search?q=LINCOLN%20COMMONS%20-%20HADDONFIELD%20SENIORS%20NJ%7C325%20LINCOLN%20AVE%7CHADDONFIELD%20NJ%20affordable%20housing,"Lincoln Commons - Haddonfield Seniors | Affordable Housing in Haddonfield, NJ",public_property_directory,https://affordablehousinghub.org/housing/new-jersey/camden-county/haddonfield-boro/lincoln-commons-haddonfield-seniors-24067-lihtc,"Outside read: the retained public record matches the reviewed property name, location, or unit scope. Read with the internal state-ID, timing, unit, and address-set evidence, the records describe one physical development. Source rows remain unchanged.",2026-08-10,merge,later_financing_episode_same_physical_development,same_physical_development_address,Merge only physical-development identifiers. Preserve every HUD row as a project episode and every site row. Do not sum units here.,2026-08-10,not_approved,FALSE
XDAQ_0067,new_two_pass_review,merge,internal_identity_evidence_supports_one_development,"Internal read: names, state IDs, primary sites, complete address sets, years, and unit scopes were read together for pattern same_name_same_timing_units. No single field was treated as dispositive.",2026-08-10,merge,duplicate_reporting_same_physical_development,Google,https://www.google.com/search?q=MADISON%20APARTMENTS%20NJ%7C441%20449%20MADISON%20AVE%7CELIZABETH%20CITY%20NJ%20affordable%20housing,"Madison Apartments | Affordable Housing in Elizabeth, NJ",public_property_directory,https://affordablehousinghub.org/housing/new-jersey/union-county/elizabeth-city/madison-apartments-22556-lihtc,"Outside read: the retained public record matches the reviewed property name, location, or unit scope. Read with the internal state-ID, timing, unit, and address-set evidence, the records describe one physical development. Source rows remain unchanged.",2026-08-10,merge,duplicate_reporting_same_physical_development,same_physical_development_address,Merge only physical-development identifiers. Preserve every HUD row as a project episode and every site row. Do not sum units here.,2026-08-10,not_approved,FALSE
XDAQ_0068,new_two_pass_review,merge,internal_identity_evidence_supports_one_development,"Internal read: names, state IDs, primary sites, complete address sets, years, and unit scopes were read together for pattern same_name_same_timing_units. No single field was treated as dispositive.",2026-08-10,merge,duplicate_reporting_same_physical_development,Google,https://www.google.com/search?q=MEDFORD%20SENIOR%20HOUSING%20NJ%7C8%20JONES%20RD%7CMEDFORD%20NJ%20affordable%20housing,"Medford Senior Housing | Affordable Housing in Medford Township, NJ",public_property_directory,https://affordablehousinghub.org/housing/new-jersey/burlington-county/medford-twp/medford-senior-housing-22558-lihtc,"Outside read: the retained public record matches the reviewed property name, location, or unit scope. Read with the internal state-ID, timing, unit, and address-set evidence, the records describe one physical development. Source rows remain unchanged.",2026-08-10,merge,duplicate_reporting_same_physical_development,same_physical_development_address,Merge only physical-development identifiers. Preserve every HUD row as a project episode and every site row. Do not sum units here.,2026-08-10,not_approved,FALSE
XDAQ_0069,new_two_pass_review,merge,internal_identity_evidence_supports_one_development,"Internal read: names, state IDs, primary sites, complete address sets, years, and unit scopes were read together for pattern same_name_same_timing_units. No single field was treated as dispositive.",2026-08-10,merge,duplicate_reporting_same_physical_development,Google,https://www.google.com/search?q=MERCHANTVILLE%20SENIOR%20AKA%20CHESTNUT%20STATION%20APARTMENTS%20NJ%7C20%20W%20CHESTNUT%20AVE%7CMERCHANTVILLE%20NJ%20affordable%20housing,"Merchantville Senior Aka Chestnut Station Apartments | Affordable Housing in Merchantville, NJ",public_property_directory,https://affordablehousinghub.org/housing/new-jersey/camden-county/merchantville-boro/merchantville-senior-aka-chestnut-station-apartments-22870-lihtc,"Outside read: the retained public record matches the reviewed property name, location, or unit scope. Read with the internal state-ID, timing, unit, and address-set evidence, the records describe one physical development. Source rows remain unchanged.",2026-08-10,merge,duplicate_reporting_same_physical_development,same_physical_development_address,Merge only physical-development identifiers. Preserve every HUD row as a project episode and every site row. Do not sum units here.,2026-08-10,not_approved,FALSE
XDAQ_0070,new_two_pass_review,merge,internal_identity_evidence_supports_one_development,"Internal read: names, state IDs, primary sites, complete address sets, years, and unit scopes were read together for pattern same_name_changed_units_or_timing. No single field was treated as dispositive.",2026-08-10,merge,same_multisite_physical_development,Google,https://www.google.com/search?q=MILLVILLE%20SENIOR%20HOUSING%20NJ%7C224%20S%202ND%20ST%7CMILLVILLE%20NJ%20affordable%20housing,"Millville Senior Housing | Affordable Housing in Millville, NJ",public_property_directory,https://affordablehousinghub.org/housing/new-jersey/cumberland-county/millville-city/millville-senior-housing-22454-lihtc,"Outside read: the retained public record matches the reviewed property name, location, or unit scope. Read with the internal state-ID, timing, unit, and address-set evidence, the records describe one physical development. Source rows remain unchanged.",2026-08-10,merge,same_multisite_physical_development,same_physical_development_address,Merge only physical-development identifiers. Preserve every HUD row as a project episode and every site row. Do not sum units here.,2026-08-10,not_approved,FALSE
XDAQ_0071,new_two_pass_review,merge,internal_identity_evidence_supports_one_development,"Internal read: names, state IDs, primary sites, complete address sets, years, and unit scopes were read together for pattern same_name_same_units_later_episode. No single field was treated as dispositive.",2026-08-10,merge,later_financing_episode_same_physical_development,Google,https://www.google.com/search?q=MORNINGSTAR%20SENIOR%20CITIZEN%20HOUSING%20NJ%7C701%20CRANFORD%20AVE%7CLINDEN%20NJ%20affordable%20housing,"Morningstar Senior Citizen Housing | Affordable Housing in Linden, NJ",public_property_directory,https://affordablehousinghub.org/housing/new-jersey/union-county/linden-city/morningstar-senior-citizen-housing-24018-lihtc,"Outside read: the retained public record matches the reviewed property name, location, or unit scope. Read with the internal state-ID, timing, unit, and address-set evidence, the records describe one physical development. Source rows remain unchanged.",2026-08-10,merge,later_financing_episode_same_physical_development,same_physical_development_address,Merge only physical-development identifiers. Preserve every HUD row as a project episode and every site row. Do not sum units here.,2026-08-10,not_approved,FALSE
XDAQ_0072,new_two_pass_review,merge,internal_identity_evidence_supports_one_development,"Internal read: names, state IDs, primary sites, complete address sets, years, and unit scopes were read together for pattern same_name_same_units_later_episode. No single field was treated as dispositive.",2026-08-10,merge,later_financing_episode_same_physical_development,Google,https://www.google.com/search?q=NEW%20PROVIDENCE%20AFFORDABLE%20SENIOR%20HOUSING%20NJ%7C101%20ACADEMY%20ST%7CNEW%20PROVIDENCE%20NJ%20affordable%20housing,"New Providence Affordable Senior Housing | Affordable Housing in New Providence, NJ",public_property_directory,https://affordablehousinghub.org/housing/new-jersey/union-county/new-providence-boro/new-providence-affordable-senior-housing-24016-lihtc,"Outside read: the retained public record matches the reviewed property name, location, or unit scope. Read with the internal state-ID, timing, unit, and address-set evidence, the records describe one physical development. Source rows remain unchanged.",2026-08-10,merge,later_financing_episode_same_physical_development,same_physical_development_address,Merge only physical-development identifiers. Preserve every HUD row as a project episode and every site row. Do not sum units here.,2026-08-10,not_approved,FALSE
XDAQ_0073,new_two_pass_review,merge,internal_identity_evidence_supports_one_development,"Internal read: names, state IDs, primary sites, complete address sets, years, and unit scopes were read together for pattern same_name_changed_units_or_timing. No single field was treated as dispositive.",2026-08-10,merge,same_multisite_physical_development,Google,https://www.google.com/search?q=NEWARK%20GENESIS%20APARTMENTS%20NJ%7C60%20MT%20PLEASANT%20AVE%2068%7CNEWARK%20CITY%20NJ%20affordable%20housing,"Newark Genesis Apartments | Affordable Housing in Newark, NJ",public_property_directory,https://affordablehousinghub.org/housing/new-jersey/essex-county/newark-city/newark-genesis-apartments-22786-lihtc,"Outside read: the retained public record matches the reviewed property name, location, or unit scope. Read with the internal state-ID, timing, unit, and address-set evidence, the records describe one physical development. Source rows remain unchanged.",2026-08-10,merge,same_multisite_physical_development,same_physical_development_address,Merge only physical-development identifiers. Preserve every HUD row as a project episode and every site row. Do not sum units here.,2026-08-10,not_approved,FALSE
XDAQ_0074,new_two_pass_review,merge,internal_identity_evidence_supports_one_development,"Internal read: names, state IDs, primary sites, complete address sets, years, and unit scopes were read together for pattern same_name_same_timing_units. No single field was treated as dispositive.",2026-08-10,merge,duplicate_reporting_same_physical_development,Google,https://www.google.com/search?q=OAK%20PARK%20APARTMENTS%20NJ%7C1%20GARDEN%20DR%7CROSELLE%20NJ%20affordable%20housing,"Oak Park Apartments | Affordable Housing in Roselle, NJ",public_property_directory,https://affordablehousinghub.org/housing/new-jersey/union-county/roselle-boro/oak-park-apartments-22570-lihtc,"Outside read: the retained public record matches the reviewed property name, location, or unit scope. Read with the internal state-ID, timing, unit, and address-set evidence, the records describe one physical development. Source rows remain unchanged.",2026-08-10,merge,duplicate_reporting_same_physical_development,same_physical_development_address,Merge only physical-development identifiers. Preserve every HUD row as a project episode and every site row. Do not sum units here.,2026-08-10,not_approved,FALSE
XDAQ_0075,new_two_pass_review,merge,internal_identity_evidence_supports_one_development,"Internal read: names, state IDs, primary sites, complete address sets, years, and unit scopes were read together for pattern same_name_same_units_later_episode. No single field was treated as dispositive.",2026-08-10,merge,later_financing_episode_same_physical_development,Google,https://www.google.com/search?q=OLD%20BRIDGE%20SENIOR%20APARTMENTS%20NJ%7C100%20MIMI%20RD%7COLD%20BRIDGE%20NJ%20affordable%20housing,"Old Bridge Senior Apartments | Affordable Housing in Old Bridge, NJ",public_property_directory,https://affordablehousinghub.org/housing/new-jersey/middlesex-county/old-bridge-twp/old-bridge-senior-apartments-23992-lihtc,"Outside read: the retained public record matches the reviewed property name, location, or unit scope. Read with the internal state-ID, timing, unit, and address-set evidence, the records describe one physical development. Source rows remain unchanged.",2026-08-10,merge,later_financing_episode_same_physical_development,same_physical_development_address,Merge only physical-development identifiers. Preserve every HUD row as a project episode and every site row. Do not sum units here.,2026-08-10,not_approved,FALSE
XDAQ_0076,new_two_pass_review,merge,internal_identity_evidence_supports_one_development,"Internal read: names, state IDs, primary sites, complete address sets, years, and unit scopes were read together for pattern same_name_same_timing_units. No single field was treated as dispositive.",2026-08-10,merge,duplicate_reporting_same_physical_development,Google,https://www.google.com/search?q=PARKSIDE%20SENIOR%20HOUSING%20NJ%7C25%20PARKSIDE%20ST%7CSOMERSET%20NJ%20affordable%20housing,"Parkside Senior Housing | Affordable Housing in Franklin Twp, NJ",public_property_directory,https://affordablehousinghub.org/housing/new-jersey/somerset-county/franklin-twp/parkside-senior-housing-23751-lihtc,"Outside read: the retained public record matches the reviewed property name, location, or unit scope. Read with the internal state-ID, timing, unit, and address-set evidence, the records describe one physical development. Source rows remain unchanged.",2026-08-10,merge,duplicate_reporting_same_physical_development,same_physical_development_address,Merge only physical-development identifiers. Preserve every HUD row as a project episode and every site row. Do not sum units here.,2026-08-10,not_approved,FALSE
XDAQ_0077,new_two_pass_review,merge,internal_identity_evidence_supports_one_development,"Internal read: names, state IDs, primary sites, complete address sets, years, and unit scopes were read together for pattern same_name_same_timing_units. No single field was treated as dispositive.",2026-08-10,merge,duplicate_reporting_same_physical_development,Google,https://www.google.com/search?q=PARKVIEW%20SENIOR%20NJ%7C618%20NEW%20BRUNSWICK%20AVE%7CPERTH%20AMBOY%20NJ%20affordable%20housing,"Parkview Senior | Affordable Housing in Perth Amboy, NJ",public_property_directory,https://affordablehousinghub.org/housing/new-jersey/middlesex-county/perth-amboy-city/parkview-senior-24089-lihtc,"Outside read: the retained public record matches the reviewed property name, location, or unit scope. Read with the internal state-ID, timing, unit, and address-set evidence, the records describe one physical development. Source rows remain unchanged.",2026-08-10,merge,duplicate_reporting_same_physical_development,same_physical_development_address,Merge only physical-development identifiers. Preserve every HUD row as a project episode and every site row. Do not sum units here.,2026-08-10,not_approved,FALSE
XDAQ_0078,new_two_pass_review,merge,internal_identity_evidence_supports_one_development,"Internal read: names, state IDs, primary sites, complete address sets, years, and unit scopes were read together for pattern same_name_same_timing_units. No single field was treated as dispositive.",2026-08-10,merge,duplicate_reporting_same_physical_development,Google,https://www.google.com/search?q=PATRIOT%27S%20COVE%20NJ%7C5%20UNION%20BLVD%7CBARNEGAT%20TWP%20NJ%20affordable%20housing,"Patriot&#x27;S Cove | Affordable Housing in Barnegat Township, NJ",public_property_directory,https://affordablehousinghub.org/housing/new-jersey/ocean-county/barnegat-twp/patriots-cove-22610-lihtc,"Outside read: the retained public record matches the reviewed property name, location, or unit scope. Read with the internal state-ID, timing, unit, and address-set evidence, the records describe one physical development. Source rows remain unchanged.",2026-08-10,merge,duplicate_reporting_same_physical_development,same_physical_development_address,Merge only physical-development identifiers. Preserve every HUD row as a project episode and every site row. Do not sum units here.,2026-08-10,not_approved,FALSE
XDAQ_0079,new_two_pass_review,merge,internal_identity_evidence_supports_one_development,"Internal read: names, state IDs, primary sites, complete address sets, years, and unit scopes were read together for pattern same_name_same_timing_units. No single field was treated as dispositive.",2026-08-10,merge,duplicate_reporting_same_physical_development,Google,https://www.google.com/search?q=PRESIDENTIAL%20ESTATES%20%28FORMERLY%20GRANT%20COURT%29%20NJ%7C160%20CENTRAL%20AVE%7CLONG%20BRANCH%20NJ%20affordable%20housing,"Presidential Estates Formerly Grant Court | Affordable Housing in Long Branch, NJ",public_property_directory,https://affordablehousinghub.org/housing/new-jersey/monmouth-county/long-branch-city/presidential-estates-formerly-grant-court-22755-lihtc,"Outside read: the retained public record matches the reviewed property name, location, or unit scope. Read with the internal state-ID, timing, unit, and address-set evidence, the records describe one physical development. Source rows remain unchanged.",2026-08-10,merge,duplicate_reporting_same_physical_development,same_physical_development_address,Merge only physical-development identifiers. Preserve every HUD row as a project episode and every site row. Do not sum units here.,2026-08-10,not_approved,FALSE
XDAQ_0080,new_two_pass_review,merge,internal_identity_evidence_supports_one_development,"Internal read: names, state IDs, primary sites, complete address sets, years, and unit scopes were read together for pattern same_name_same_timing_units. No single field was treated as dispositive.",2026-08-10,merge,duplicate_reporting_same_physical_development,Google,https://www.google.com/search?q=PROJECT%20FREEDOM%20%20AT%20HAMILTON%20NJ%7C655%20KUSER%20RD%7CHAMILTON%20TOWNSHIP%20NJ%20affordable%20housing,"Project Freedom At Hamilton | Affordable Housing in Hamilton Twp, NJ",public_property_directory,https://affordablehousinghub.org/housing/new-jersey/mercer-county/hamilton-twp/project-freedom-at-hamilton-22534-lihtc,"Outside read: the retained public record matches the reviewed property name, location, or unit scope. Read with the internal state-ID, timing, unit, and address-set evidence, the records describe one physical development. Source rows remain unchanged.",2026-08-10,merge,duplicate_reporting_same_physical_development,same_physical_development_address,Merge only physical-development identifiers. Preserve every HUD row as a project episode and every site row. Do not sum units here.,2026-08-10,not_approved,FALSE
XDAQ_0081,new_two_pass_review,merge,internal_identity_evidence_supports_one_development,"Internal read: names, state IDs, primary sites, complete address sets, years, and unit scopes were read together for pattern same_name_same_timing_units. No single field was treated as dispositive.",2026-08-10,merge,duplicate_reporting_same_physical_development,Google,https://www.google.com/search?q=RIVER%20ROAD%20AFFORDABLE%20HOUSING%20%28SITE%20E%29%20NJ%7C1810%20RIVER%20AVE%7CCAMDEN%20CITY%20NJ%20affordable%20housing,"River Road Affordable Housing Site E | Affordable Housing in Camden, NJ",public_property_directory,https://affordablehousinghub.org/housing/new-jersey/camden-county/camden-city/river-road-affordable-housing-site-e-22776-lihtc,"Outside read: the retained public record matches the reviewed property name, location, or unit scope. Read with the internal state-ID, timing, unit, and address-set evidence, the records describe one physical development. Source rows remain unchanged.",2026-08-10,merge,duplicate_reporting_same_physical_development,same_physical_development_address,Merge only physical-development identifiers. Preserve every HUD row as a project episode and every site row. Do not sum units here.,2026-08-10,not_approved,FALSE
XDAQ_0082,new_two_pass_review,merge,internal_identity_evidence_supports_one_development,"Internal read: names, state IDs, primary sites, complete address sets, years, and unit scopes were read together for pattern same_name_changed_units_or_timing. No single field was treated as dispositive.",2026-08-10,merge,duplicate_reporting_with_bad_source_address,Google,https://www.google.com/search?q=ROEBLING%20VILLAGE%20INN%20AFFORD%20HOUSING%20%23447%20NJ%7C32%20RIVERSIDE%20AVE%7CFLORENCE%20NJ%20affordable%20housing,Burlington County HOME Funded Affordable Rental Housing,county_housing_record,https://www.co.burlington.nj.us/DocumentCenter/View/21745/HOME-Funded-Affordable-Rental-Housing-rev-53025,"Outside read: the retained public record matches the reviewed property name, location, or unit scope. Read with the internal state-ID, timing, unit, and address-set evidence, the records describe one physical development. Source rows remain unchanged.",2026-08-10,merge,duplicate_reporting_with_bad_source_address,bad_source_address_within_same_development,Merge only physical-development identifiers. Preserve every HUD row as a project episode and every site row. Do not sum units here.,2026-08-10,not_approved,FALSE
XDAQ_0083,new_two_pass_review,merge,internal_identity_evidence_supports_one_development,"Internal read: names, state IDs, primary sites, complete address sets, years, and unit scopes were read together for pattern same_name_same_timing_units. No single field was treated as dispositive.",2026-08-10,merge,duplicate_reporting_same_physical_development,Google,https://www.google.com/search?q=ROOSEVELT%20MANOR%20-%20PHASE%2012%20NJ%7C813%20FERRY%20AVE%7CCAMDEN%20CITY%20NJ%20affordable%20housing,"Roosevelt Manor - Phase 12 | Affordable Housing in Camden, NJ",public_property_directory,https://affordablehousinghub.org/housing/new-jersey/camden-county/camden-city/roosevelt-manor-phase-12-22834-lihtc,"Outside read: the retained public record matches the reviewed property name, location, or unit scope. Read with the internal state-ID, timing, unit, and address-set evidence, the records describe one physical development. Source rows remain unchanged.",2026-08-10,merge,duplicate_reporting_same_physical_development,same_physical_development_address,Merge only physical-development identifiers. Preserve every HUD row as a project episode and every site row. Do not sum units here.,2026-08-10,not_approved,FALSE
XDAQ_0084,new_two_pass_review,merge,internal_identity_evidence_supports_one_development,"Internal read: names, state IDs, primary sites, complete address sets, years, and unit scopes were read together for pattern same_name_same_timing_units. No single field was treated as dispositive.",2026-08-10,merge,duplicate_reporting_same_physical_development,Google,https://www.google.com/search?q=ROSEGATE%20SENIOR%20HOUSING%20NJ%7C555%20E%20HAZELWOOD%20AVE%7CRAHWAY%20NJ%20affordable%20housing,"Rosegate Senior Housing | Affordable Housing in Rahway, NJ",public_property_directory,https://affordablehousinghub.org/housing/new-jersey/union-county/rahway-city/rosegate-senior-housing-22572-lihtc,"Outside read: the retained public record matches the reviewed property name, location, or unit scope. Read with the internal state-ID, timing, unit, and address-set evidence, the records describe one physical development. Source rows remain unchanged.",2026-08-10,merge,duplicate_reporting_same_physical_development,same_physical_development_address,Merge only physical-development identifiers. Preserve every HUD row as a project episode and every site row. Do not sum units here.,2026-08-10,not_approved,FALSE
XDAQ_0085,new_two_pass_review,merge,internal_identity_evidence_supports_one_development,"Internal read: names, state IDs, primary sites, complete address sets, years, and unit scopes were read together for pattern same_name_changed_units_or_timing. No single field was treated as dispositive.",2026-08-10,merge,same_multisite_physical_development,Google,https://www.google.com/search?q=ROYAL%20OAKS%20APARTMENTS%20NJ%7C259%20PINE%20BROOK%20DR%7CMANTUA%20TOWNSHIP%20NJ%20affordable%20housing,"Royal Oaks Apartments | Affordable Housing in Mantua, NJ",public_property_directory,https://affordablehousinghub.org/housing/new-jersey/gloucester-county/mantua-twp/royal-oaks-apartments-22802-lihtc,"Outside read: the retained public record matches the reviewed property name, location, or unit scope. Read with the internal state-ID, timing, unit, and address-set evidence, the records describe one physical development. Source rows remain unchanged.",2026-08-10,merge,same_multisite_physical_development,same_physical_development_address,Merge only physical-development identifiers. Preserve every HUD row as a project episode and every site row. Do not sum units here.,2026-08-10,not_approved,FALSE
XDAQ_0086,new_two_pass_review,merge,internal_identity_evidence_supports_one_development,"Internal read: names, state IDs, primary sites, complete address sets, years, and unit scopes were read together for pattern same_name_same_units_later_episode. No single field was treated as dispositive.",2026-08-10,merge,later_financing_episode_same_physical_development,Google,https://www.google.com/search?q=SAYREVILLE%20SENIOR%20HOUSING%20NJ%7C650%20WASHINGTON%20RD%7CSAYREVILLE%20NJ%20affordable%20housing,"Sayreville Senior Housing | Affordable Housing in Sayreville, NJ",public_property_directory,https://affordablehousinghub.org/housing/new-jersey/middlesex-county/sayreville-boro/sayreville-senior-housing-23938-lihtc,"Outside read: the retained public record matches the reviewed property name, location, or unit scope. Read with the internal state-ID, timing, unit, and address-set evidence, the records describe one physical development. Source rows remain unchanged.",2026-08-10,merge,later_financing_episode_same_physical_development,same_physical_development_address,Merge only physical-development identifiers. Preserve every HUD row as a project episode and every site row. Do not sum units here.,2026-08-10,not_approved,FALSE
XDAQ_0087,new_two_pass_review,merge,internal_identity_evidence_supports_one_development,"Internal read: names, state IDs, primary sites, complete address sets, years, and unit scopes were read together for pattern same_name_same_timing_units. No single field was treated as dispositive.",2026-08-10,merge,duplicate_reporting_same_physical_development,Google,https://www.google.com/search?q=SCUDDER%20HOMES%20SENIOR%20HOUSING%20NJ%7C195%20W%20KINNEY%20ST%7CNEWARK%20NJ%20affordable%20housing,"Scudder Homes Senior Housing | Affordable Housing in Newark, NJ",public_property_directory,https://affordablehousinghub.org/housing/new-jersey/essex-county/newark-city/scudder-homes-senior-housing-22477-lihtc,"Outside read: the retained public record matches the reviewed property name, location, or unit scope. Read with the internal state-ID, timing, unit, and address-set evidence, the records describe one physical development. Source rows remain unchanged.",2026-08-10,merge,duplicate_reporting_same_physical_development,same_physical_development_address,Merge only physical-development identifiers. Preserve every HUD row as a project episode and every site row. Do not sum units here.,2026-08-10,not_approved,FALSE
XDAQ_0088,new_two_pass_review,merge,internal_identity_evidence_supports_one_development,"Internal read: names, state IDs, primary sites, complete address sets, years, and unit scopes were read together for pattern same_name_same_timing_units. No single field was treated as dispositive.",2026-08-10,merge,duplicate_reporting_same_physical_development,Google,https://www.google.com/search?q=SEAVIEW%20MANOR%20-%20PHASE%20I%20NJ%7C131%20CENTRAL%20AVE%7CLONG%20BRANCH%20NJ%20affordable%20housing,"Seaview Manor - Phase I | Affordable Housing in Long Branch, NJ",public_property_directory,https://affordablehousinghub.org/housing/new-jersey/monmouth-county/long-branch-city/seaview-manor-phase-i-22472-lihtc,"Outside read: the retained public record matches the reviewed property name, location, or unit scope. Read with the internal state-ID, timing, unit, and address-set evidence, the records describe one physical development. Source rows remain unchanged.",2026-08-10,merge,duplicate_reporting_same_physical_development,same_physical_development_address,Merge only physical-development identifiers. Preserve every HUD row as a project episode and every site row. Do not sum units here.,2026-08-10,not_approved,FALSE
XDAQ_0089,new_two_pass_review,merge,internal_identity_evidence_supports_one_development,"Internal read: names, state IDs, primary sites, complete address sets, years, and unit scopes were read together for pattern same_name_same_units_later_episode. No single field was treated as dispositive.",2026-08-10,merge,later_financing_episode_same_physical_development,Google,https://www.google.com/search?q=SECOND%20WESTFIELD%20SENIOR%20CITIZEN%20HOUSING%20NJ%7C1129%20BOYNTON%20AVE%7CWESTFIELD%20NJ%20affordable%20housing,"Second Westfield Senior Citizen Housing | Affordable Housing in Westfield, NJ",public_property_directory,https://affordablehousinghub.org/housing/new-jersey/union-county/westfield-twp/second-westfield-senior-citizen-housing-23937-lihtc,"Outside read: the retained public record matches the reviewed property name, location, or unit scope. Read with the internal state-ID, timing, unit, and address-set evidence, the records describe one physical development. Source rows remain unchanged.",2026-08-10,merge,later_financing_episode_same_physical_development,same_physical_development_address,Merge only physical-development identifiers. Preserve every HUD row as a project episode and every site row. Do not sum units here.,2026-08-10,not_approved,FALSE
XDAQ_0090,new_two_pass_review,merge,internal_identity_evidence_supports_one_development,"Internal read: names, state IDs, primary sites, complete address sets, years, and unit scopes were read together for pattern same_name_same_timing_units. No single field was treated as dispositive.",2026-08-10,merge,duplicate_reporting_same_physical_development,Google,https://www.google.com/search?q=SENIOR%20HORIZONS%20OF%20BAYONNE%20NJ%7C74%20LEXINGTON%20AVE%7CBAYONNE%20NJ%20affordable%20housing,"Senior Horizons of Bayonne | Affordable Housing in Bayonne, NJ",public_property_directory,https://affordablehousinghub.org/housing/new-jersey/hudson-county/bayonne-city/senior-horizons-of-bayonne-22764-lihtc,"Outside read: the retained public record matches the reviewed property name, location, or unit scope. Read with the internal state-ID, timing, unit, and address-set evidence, the records describe one physical development. Source rows remain unchanged.",2026-08-10,merge,duplicate_reporting_same_physical_development,same_physical_development_address,Merge only physical-development identifiers. Preserve every HUD row as a project episode and every site row. Do not sum units here.,2026-08-10,not_approved,FALSE
XDAQ_0091,new_two_pass_review,merge,internal_identity_evidence_supports_one_development,"Internal read: names, state IDs, primary sites, complete address sets, years, and unit scopes were read together for pattern same_name_same_timing_units. No single field was treated as dispositive.",2026-08-10,merge,duplicate_reporting_same_physical_development,Google,https://www.google.com/search?q=SHARP%20ROAD%20FAMILY%20HOUSING%20NJ%7C1%20SENECA%20CT%7CMARLTON%20NJ%20affordable%20housing,"Sharp Road Family Housing | Affordable Housing in Evesham Twp, NJ",public_property_directory,https://affordablehousinghub.org/housing/new-jersey/burlington-county/evesham-twp/sharp-road-family-housing-22859-lihtc,"Outside read: the retained public record matches the reviewed property name, location, or unit scope. Read with the internal state-ID, timing, unit, and address-set evidence, the records describe one physical development. Source rows remain unchanged.",2026-08-10,merge,duplicate_reporting_same_physical_development,same_physical_development_address,Merge only physical-development identifiers. Preserve every HUD row as a project episode and every site row. Do not sum units here.,2026-08-10,not_approved,FALSE
XDAQ_0092,new_two_pass_review,merge,internal_identity_evidence_supports_one_development,"Internal read: names, state IDs, primary sites, complete address sets, years, and unit scopes were read together for pattern same_name_same_timing_units. No single field was treated as dispositive.",2026-08-10,merge,duplicate_reporting_same_physical_development,Google,https://www.google.com/search?q=SOMERSET%20COUNTY%20SUPPORTIVE%20HOUSING%20NJ%7C35%20SOMERSET%20ST%7CSOMERVILLE%20NJ%20affordable%20housing,"Somerset County Supportive Housing | Affordable Housing in Somerville, NJ",public_property_directory,https://affordablehousinghub.org/housing/new-jersey/somerset-county/somerville-boro/somerset-county-supportive-housing-22491-lihtc,"Outside read: the retained public record matches the reviewed property name, location, or unit scope. Read with the internal state-ID, timing, unit, and address-set evidence, the records describe one physical development. Source rows remain unchanged.",2026-08-10,merge,duplicate_reporting_same_physical_development,same_physical_development_address,Merge only physical-development identifiers. Preserve every HUD row as a project episode and every site row. Do not sum units here.,2026-08-10,not_approved,FALSE
XDAQ_0093,new_two_pass_review,merge,internal_identity_evidence_supports_one_development,"Internal read: names, state IDs, primary sites, complete address sets, years, and unit scopes were read together for pattern same_name_same_timing_units. No single field was treated as dispositive.",2026-08-10,merge,duplicate_reporting_same_physical_development,Google,https://www.google.com/search?q=SOUTH%20PLAINFIELD%20SENIOR%20HOUSING%20NJ%7C151%20MORRIS%20AVE%7CSOUTH%20PLAINFIELD%20NJ%20affordable%20housing,"South Plainfield Senior Housing | Affordable Housing in South Plainfield, NJ",public_property_directory,https://affordablehousinghub.org/housing/new-jersey/middlesex-county/south-plainfield-boro/south-plainfield-senior-housing-22589-lihtc,"Outside read: the retained public record matches the reviewed property name, location, or unit scope. Read with the internal state-ID, timing, unit, and address-set evidence, the records describe one physical development. Source rows remain unchanged.",2026-08-10,merge,duplicate_reporting_same_physical_development,same_physical_development_address,Merge only physical-development identifiers. Preserve every HUD row as a project episode and every site row. Do not sum units here.,2026-08-10,not_approved,FALSE
XDAQ_0094,new_two_pass_review,merge,internal_identity_evidence_supports_one_development,"Internal read: names, state IDs, primary sites, complete address sets, years, and unit scopes were read together for pattern same_name_changed_units_or_timing. No single field was treated as dispositive.",2026-08-10,merge,same_multisite_physical_development,Google,https://www.google.com/search?q=SPRUCE%20SPIRES%20NJ%7C100%20SPRUCE%20ST%7CNEWARK%20NJ%20affordable%20housing,"Spruce Spires | Affordable Housing in Newark, NJ",public_property_directory,https://affordablehousinghub.org/housing/new-jersey/essex-county/newark/spruce-spires-23148-lihtc,"Outside read: the retained public record matches the reviewed property name, location, or unit scope. Read with the internal state-ID, timing, unit, and address-set evidence, the records describe one physical development. Source rows remain unchanged.",2026-08-10,merge,same_multisite_physical_development,same_physical_development_address,Merge only physical-development identifiers. Preserve every HUD row as a project episode and every site row. Do not sum units here.,2026-08-10,not_approved,FALSE
XDAQ_0095,new_two_pass_review,merge,internal_identity_evidence_supports_one_development,"Internal read: names, state IDs, primary sites, complete address sets, years, and unit scopes were read together for pattern same_name_same_timing_units. No single field was treated as dispositive.",2026-08-10,merge,duplicate_reporting_same_physical_development,Google,https://www.google.com/search?q=ST.%20JAMES%20II%20%28LA%20PLAZA%29%20NJ%7C136%20BROAD%20ST%7CNEWARK%20NJ%20affordable%20housing,"St. James Ii La Plaza | Affordable Housing in Newark, NJ",public_property_directory,https://affordablehousinghub.org/housing/new-jersey/essex-county/newark-city/st-james-ii-la-plaza-23048-lihtc,"Outside read: the retained public record matches the reviewed property name, location, or unit scope. Read with the internal state-ID, timing, unit, and address-set evidence, the records describe one physical development. Source rows remain unchanged.",2026-08-10,merge,duplicate_reporting_same_physical_development,same_physical_development_address,Merge only physical-development identifiers. Preserve every HUD row as a project episode and every site row. Do not sum units here.,2026-08-10,not_approved,FALSE
XDAQ_0096,new_two_pass_review,merge,internal_identity_evidence_supports_one_development,"Internal read: names, state IDs, primary sites, complete address sets, years, and unit scopes were read together for pattern same_name_same_units_later_episode. No single field was treated as dispositive.",2026-08-10,merge,later_financing_episode_same_physical_development,Google,https://www.google.com/search?q=TELEPHONE%20HEIGHTS%20NJ%7C176%20AVON%20AVE%7CNEWARK%20NJ%20affordable%20housing,"Telephone Heights | Affordable Housing in Newark, NJ",public_property_directory,https://affordablehousinghub.org/housing/new-jersey/essex-county/newark-city/telephone-heights-23559-lihtc,"Outside read: the retained public record matches the reviewed property name, location, or unit scope. Read with the internal state-ID, timing, unit, and address-set evidence, the records describe one physical development. Source rows remain unchanged.",2026-08-10,merge,later_financing_episode_same_physical_development,same_physical_development_address,Merge only physical-development identifiers. Preserve every HUD row as a project episode and every site row. Do not sum units here.,2026-08-10,not_approved,FALSE
XDAQ_0097,new_two_pass_review,merge,internal_identity_evidence_supports_one_development,"Internal read: names, state IDs, primary sites, complete address sets, years, and unit scopes were read together for pattern same_name_same_timing_units. No single field was treated as dispositive.",2026-08-10,merge,duplicate_reporting_same_physical_development,Google,https://www.google.com/search?q=THE%20MEADOWS%20AT%20OLDWICK%20%28TEWKSBURY%29%20NJ%7C501%201202%20FISHER%20RD%7CWHITEHOUSE%20STATION%20TWP%20NJ%20affordable%20housing,"The Meadows At Oldwick Tewksbury | Affordable Housing in Whitehouse Station, NJ",public_property_directory,https://affordablehousinghub.org/housing/new-jersey/hunterdon-county/whitehouse-station-twp/the-meadows-at-oldwick-tewksbury-22478-lihtc,"Outside read: the retained public record matches the reviewed property name, location, or unit scope. Read with the internal state-ID, timing, unit, and address-set evidence, the records describe one physical development. Source rows remain unchanged.",2026-08-10,merge,duplicate_reporting_same_physical_development,same_physical_development_address,Merge only physical-development identifiers. Preserve every HUD row as a project episode and every site row. Do not sum units here.,2026-08-10,not_approved,FALSE
XDAQ_0098,new_two_pass_review,merge,internal_identity_evidence_supports_one_development,"Internal read: names, state IDs, primary sites, complete address sets, years, and unit scopes were read together for pattern same_name_same_timing_units. No single field was treated as dispositive.",2026-08-10,merge,duplicate_reporting_same_physical_development,Google,https://www.google.com/search?q=TRI-CORNER%20HOMES%20NJ%7C307%20WASHINGTON%20ST%7CCITY%20OF%20ORANGE%20NJ%20affordable%20housing,"Tri-Corner Homes | Affordable Housing in Orange, NJ",public_property_directory,https://affordablehousinghub.org/housing/new-jersey/essex-county/orange-city/tri-corner-homes-22780-lihtc,"Outside read: the retained public record matches the reviewed property name, location, or unit scope. Read with the internal state-ID, timing, unit, and address-set evidence, the records describe one physical development. Source rows remain unchanged.",2026-08-10,merge,duplicate_reporting_same_physical_development,same_physical_development_address,Merge only physical-development identifiers. Preserve every HUD row as a project episode and every site row. Do not sum units here.,2026-08-10,not_approved,FALSE
XDAQ_0099,new_two_pass_review,merge,internal_identity_evidence_supports_one_development,"Internal read: names, state IDs, primary sites, complete address sets, years, and unit scopes were read together for pattern same_name_same_timing_units. No single field was treated as dispositive.",2026-08-10,merge,duplicate_reporting_same_physical_development,Google,https://www.google.com/search?q=URBAN%20RENEWAL%20OF%20ELIZABETHPORT%2C%20L.P.%20NJ%7C171%201ST%20ST%7CELIZABETH%20CITY%20NJ%20affordable%20housing,"Urban Renewal of Elizabethport, L.P. | Affordable Housing in Elizabeth, NJ",public_property_directory,https://affordablehousinghub.org/housing/new-jersey/union-county/elizabeth-city/urban-renewal-of-elizabethport-lp-22462-lihtc,"Outside read: the retained public record matches the reviewed property name, location, or unit scope. Read with the internal state-ID, timing, unit, and address-set evidence, the records describe one physical development. Source rows remain unchanged.",2026-08-10,merge,duplicate_reporting_same_physical_development,same_physical_development_address,Merge only physical-development identifiers. Preserve every HUD row as a project episode and every site row. Do not sum units here.,2026-08-10,not_approved,FALSE
XDAQ_0100,new_two_pass_review,merge,internal_identity_evidence_supports_one_development,"Internal read: names, state IDs, primary sites, complete address sets, years, and unit scopes were read together for pattern same_name_same_timing_units. No single field was treated as dispositive.",2026-08-10,merge,duplicate_reporting_same_physical_development,Google,https://www.google.com/search?q=VILLAGE%20AT%20ST.%20PETER%27S%20NJ%7C25%20W%20BLACK%20HORSE%20PIKE%7CPLEASANTVILLE%20NJ%20affordable%20housing,"Village At St. Peter&#x27;S | Affordable Housing in Pleasantville, NJ",public_property_directory,https://affordablehousinghub.org/housing/new-jersey/atlantic-county/pleasantville-twp/village-at-st-peters-23977-lihtc,"Outside read: the retained public record matches the reviewed property name, location, or unit scope. Read with the internal state-ID, timing, unit, and address-set evidence, the records describe one physical development. Source rows remain unchanged.",2026-08-10,merge,duplicate_reporting_same_physical_development,same_physical_development_address,Merge only physical-development identifiers. Preserve every HUD row as a project episode and every site row. Do not sum units here.,2026-08-10,not_approved,FALSE
XDAQ_0101,new_two_pass_review,merge,internal_identity_evidence_supports_one_development,"Internal read: names, state IDs, primary sites, complete address sets, years, and unit scopes were read together for pattern same_name_changed_units_or_timing. No single field was treated as dispositive.",2026-08-10,merge,same_multisite_physical_development,Google,https://www.google.com/search?q=VISTA%20VILLAGE%20NJ%7C70%20BURNETT%20ST%7CEAST%20ORANGE%20NJ%20affordable%20housing,"Vista Village | Affordable Housing in East Orange, NJ",public_property_directory,https://affordablehousinghub.org/housing/new-jersey/essex-county/east-orange/vista-village-23201-lihtc,"Outside read: the retained public record matches the reviewed property name, location, or unit scope. Read with the internal state-ID, timing, unit, and address-set evidence, the records describe one physical development. Source rows remain unchanged.",2026-08-10,merge,same_multisite_physical_development,same_physical_development_address,Merge only physical-development identifiers. Preserve every HUD row as a project episode and every site row. Do not sum units here.,2026-08-10,not_approved,FALSE
XDAQ_0102,new_two_pass_review,merge,internal_identity_evidence_supports_one_development,"Internal read: names, state IDs, primary sites, complete address sets, years, and unit scopes were read together for pattern same_name_same_timing_units. No single field was treated as dispositive.",2026-08-10,merge,duplicate_reporting_same_physical_development,Google,https://www.google.com/search?q=WARREN%20STREET%20APARTMENTS%20-%20PHASE%20I%20NJ%7C227%20N%20WARREN%20ST%7CTRENTON%20NJ%20affordable%20housing,"Warren Street Apartments - Phase I | Affordable Housing in Trenton, NJ",public_property_directory,https://affordablehousinghub.org/housing/new-jersey/mercer-county/trenton-city/warren-street-apartments-phase-i-23216-lihtc,"Outside read: the retained public record matches the reviewed property name, location, or unit scope. Read with the internal state-ID, timing, unit, and address-set evidence, the records describe one physical development. Source rows remain unchanged.",2026-08-10,merge,duplicate_reporting_same_physical_development,same_physical_development_address,Merge only physical-development identifiers. Preserve every HUD row as a project episode and every site row. Do not sum units here.,2026-08-10,not_approved,FALSE
XDAQ_0103,new_two_pass_review,merge,internal_identity_evidence_supports_one_development,"Internal read: names, state IDs, primary sites, complete address sets, years, and unit scopes were read together for pattern same_name_same_units_later_episode. No single field was treated as dispositive.",2026-08-10,merge,later_financing_episode_same_physical_development,Google,https://www.google.com/search?q=WARREN%20STREET%20APARTMENTS%20-%20PHASE%20II%20NJ%7C222%20N%20WARREN%20ST%7CTRENTON%20NJ%20affordable%20housing,"Warren Street Apartments - Phase Ii | Affordable Housing in Trenton, NJ",public_property_directory,https://affordablehousinghub.org/housing/new-jersey/mercer-county/trenton-city/warren-street-apartments-phase-ii-23882-lihtc,"Outside read: the retained public record matches the reviewed property name, location, or unit scope. Read with the internal state-ID, timing, unit, and address-set evidence, the records describe one physical development. Source rows remain unchanged.",2026-08-10,merge,later_financing_episode_same_physical_development,same_physical_development_address,Merge only physical-development identifiers. Preserve every HUD row as a project episode and every site row. Do not sum units here.,2026-08-10,not_approved,FALSE
XDAQ_0104,new_two_pass_review,merge,internal_identity_evidence_supports_one_development,"Internal read: names, state IDs, primary sites, complete address sets, years, and unit scopes were read together for pattern same_name_same_units_later_episode. No single field was treated as dispositive.",2026-08-10,merge,later_financing_episode_same_physical_development,Google,https://www.google.com/search?q=WASHINGTON%20DODD%20APARTMENTS%20NJ%7C587%20CARROLL%20ST%7CCITY%20OF%20ORANGE%20NJ%20affordable%20housing,"Washington Dodd Apartments | Affordable Housing in Orange, NJ",public_property_directory,https://affordablehousinghub.org/housing/new-jersey/essex-county/orange/washington-dodd-apartments-23980-lihtc,"Outside read: the retained public record matches the reviewed property name, location, or unit scope. Read with the internal state-ID, timing, unit, and address-set evidence, the records describe one physical development. Source rows remain unchanged.",2026-08-10,merge,later_financing_episode_same_physical_development,same_physical_development_address,Merge only physical-development identifiers. Preserve every HUD row as a project episode and every site row. Do not sum units here.,2026-08-10,not_approved,FALSE
XDAQ_0105,new_two_pass_review,merge,internal_identity_evidence_supports_one_development,"Internal read: names, state IDs, primary sites, complete address sets, years, and unit scopes were read together for pattern same_name_same_timing_units. No single field was treated as dispositive.",2026-08-10,merge,duplicate_reporting_same_physical_development,Google,https://www.google.com/search?q=WEEHAWKEN%20SENIOR%20HOUSING%20NJ%7C2%20POTTER%20PL%7CWEEHAWKEN%20NJ%20affordable%20housing,"Weehawken Senior Housing | Affordable Housing in Weehawken Twp, NJ",public_property_directory,https://affordablehousinghub.org/housing/new-jersey/hudson-county/weehawken-twp/weehawken-senior-housing-23211-lihtc,"Outside read: the retained public record matches the reviewed property name, location, or unit scope. Read with the internal state-ID, timing, unit, and address-set evidence, the records describe one physical development. Source rows remain unchanged.",2026-08-10,merge,duplicate_reporting_same_physical_development,same_physical_development_address,Merge only physical-development identifiers. Preserve every HUD row as a project episode and every site row. Do not sum units here.,2026-08-10,not_approved,FALSE
XDAQ_0106,new_two_pass_review,merge,internal_identity_evidence_supports_one_development,"Internal read: names, state IDs, primary sites, complete address sets, years, and unit scopes were read together for pattern same_name_same_units_later_episode. No single field was treated as dispositive.",2026-08-10,merge,later_financing_episode_same_physical_development,Google,https://www.google.com/search?q=WEST%20LAKE%20SENIOR%20APARTMENTS%20NJ%7C1609%20W%20LAKE%20AVE%7CNEPTUNE%20CITY%20NJ%20affordable%20housing,"West Lake Senior Apartments | Affordable Housing in Neptune, NJ",public_property_directory,https://affordablehousinghub.org/housing/new-jersey/monmouth-county/neptune-twp/west-lake-senior-apartments-23857-lihtc,"Outside read: the retained public record matches the reviewed property name, location, or unit scope. Read with the internal state-ID, timing, unit, and address-set evidence, the records describe one physical development. Source rows remain unchanged.",2026-08-10,merge,later_financing_episode_same_physical_development,same_physical_development_address,Merge only physical-development identifiers. Preserve every HUD row as a project episode and every site row. Do not sum units here.,2026-08-10,not_approved,FALSE
XDAQ_0107,new_two_pass_review,merge,internal_identity_evidence_supports_one_development,"Internal read: names, state IDs, primary sites, complete address sets, years, and unit scopes were read together for pattern same_name_same_timing_units. No single field was treated as dispositive.",2026-08-10,merge,duplicate_reporting_same_physical_development,Google,https://www.google.com/search?q=WEST%20WYNNE%20%2F%20CHURCH%20STREET%20NJ%7C16%20CHURCH%20ST%7CCAMDEN%20CITY%20NJ%20affordable%20housing,"West Wynne   Church Street | Affordable Housing in Camden, NJ",public_property_directory,https://affordablehousinghub.org/housing/new-jersey/camden-county/camden-city/west-wynne-church-street-23289-lihtc,"Outside read: the retained public record matches the reviewed property name, location, or unit scope. Read with the internal state-ID, timing, unit, and address-set evidence, the records describe one physical development. Source rows remain unchanged.",2026-08-10,merge,duplicate_reporting_same_physical_development,same_physical_development_address,Merge only physical-development identifiers. Preserve every HUD row as a project episode and every site row. Do not sum units here.,2026-08-10,not_approved,FALSE
XDAQ_0108,new_two_pass_review,merge,internal_identity_evidence_supports_one_development,"Internal read: names, state IDs, primary sites, complete address sets, years, and unit scopes were read together for pattern same_name_same_timing_units. No single field was treated as dispositive.",2026-08-10,merge,duplicate_reporting_same_physical_development,Google,https://www.google.com/search?q=WILLINGBORO%20SENIOR%20HOUSING%20%28AKA%20DOROTHEA%20CAMPBELL%20SENIOR%29%20NJ%7C55%20SUNSET%20RD%7CWILLINGBORO%20NJ%20affordable%20housing,"Willingboro Senior Housing Aka Dorothea Campbell Senior | Affordable Housing in Willingboro, NJ",public_property_directory,https://affordablehousinghub.org/housing/new-jersey/burlington-county/willingboro-twp/willingboro-senior-housing-aka-dorothea-campbell-senior-22434-lihtc,"Outside read: the retained public record matches the reviewed property name, location, or unit scope. Read with the internal state-ID, timing, unit, and address-set evidence, the records describe one physical development. Source rows remain unchanged.",2026-08-10,merge,duplicate_reporting_same_physical_development,same_physical_development_address,Merge only physical-development identifiers. Preserve every HUD row as a project episode and every site row. Do not sum units here.,2026-08-10,not_approved,FALSE
XDAQ_0109,new_two_pass_review,defer,internal_evidence_requires_outside_confirmation,"Internal read: names, state IDs, primary sites, complete address sets, years, and unit scopes were read together for pattern state_id_other. No single field was treated as dispositive.",2026-08-10,retain_separate,distinct_physical_developments_shared_campus,Google,https://www.google.com/search?q=HIGHLAND%20TERRACE%20NV%7C115%20W%20HIGHLAND%20DR%7CELY%20NV%20affordable%20housing,"Low Income Apartments for Rent in Ely, Nevada",housing_directory,https://hellosection8.com/ct-lihtc-nv_ely-1.html,Outside read: the public listing distinguishes a 60-unit Highland Terrace at 15 W Highland Drive from a 36-unit Highland Terrace Apartments at 115 W Highland Drive. They are separate developments on the same local campus or corridor.,2026-08-10,retain_separate,distinct_physical_developments_shared_campus,distinct_properties_common_campus,Retain current physical-development identifiers and the overlap class for later source repair. Do not create a shared query.,2026-08-10,not_approved,FALSE
XDAQ_0110,new_two_pass_review,merge,internal_identity_evidence_supports_one_development,"Internal read: names, state IDs, primary sites, complete address sets, years, and unit scopes were read together for pattern same_name_changed_units_or_timing. No single field was treated as dispositive.",2026-08-10,merge,same_multisite_physical_development,Google,https://www.google.com/search?q=MAHOGANY%20COURT%20NV%7C894%20MAHOGANY%20DR%7CMINDEN%20NV%20affordable%20housing,"Mahogany Court | Affordable Housing in Minden, NV",public_property_directory,https://affordablehousinghub.org/housing/nevada/douglas-county/minden/mahogany-court-24611-lihtc,"Outside read: the retained public record matches the reviewed property name, location, or unit scope. Read with the internal state-ID, timing, unit, and address-set evidence, the records describe one physical development. Source rows remain unchanged.",2026-08-10,merge,same_multisite_physical_development,same_physical_development_address,Merge only physical-development identifiers. Preserve every HUD row as a project episode and every site row. Do not sum units here.,2026-08-10,not_approved,FALSE
XDAQ_0111,new_two_pass_review,merge,internal_identity_evidence_supports_one_development,"Internal read: names, state IDs, primary sites, complete address sets, years, and unit scopes were read together for pattern state_id_other. No single field was treated as dispositive.",2026-08-10,merge,same_multisite_physical_development,Google,https://www.google.com/search?q=BRIDGE%20REVITALIZATION%2C%20LP%20NY%7C248%20W%20108TH%20ST%7CNEW%20YORK%20NY%20affordable%20housing,482 Amsterdam Avenue property record,local_property_record,https://www.pincusco.com/property/482-amsterdam-avenue/,"Outside read: the retained public record matches the reviewed property name, location, or unit scope. Read with the internal state-ID, timing, unit, and address-set evidence, the records describe one physical development. Source rows remain unchanged.",2026-08-10,merge,same_multisite_physical_development,same_physical_development_address,Merge only physical-development identifiers. Preserve every HUD row as a project episode and every site row. Do not sum units here.,2026-08-10,not_approved,FALSE
XDAQ_0112,new_two_pass_review,merge,internal_identity_evidence_supports_one_development,"Internal read: names, state IDs, primary sites, complete address sets, years, and unit scopes were read together for pattern state_id_other. No single field was treated as dispositive.",2026-08-10,merge,same_multisite_physical_development,Google,https://www.google.com/search?q=BUSHWICK%20NY%7C24%20HUMBOLDT%20ST%7CBROOKLYN%20NY%20affordable%20housing,NYCHA Bushwick Houses property map,public_housing_authority_record,https://www.nyc.gov/assets/nycha/downloads/pdf/Bushwick.pdf,"Outside read: the retained public record matches the reviewed property name, location, or unit scope. Read with the internal state-ID, timing, unit, and address-set evidence, the records describe one physical development. Source rows remain unchanged.",2026-08-10,merge,same_multisite_physical_development,same_physical_development_address,Merge only physical-development identifiers. Preserve every HUD row as a project episode and every site row. Do not sum units here.,2026-08-10,not_approved,FALSE
XDAQ_0113,new_two_pass_review,defer,internal_evidence_requires_outside_confirmation,"Internal read: names, state IDs, primary sites, complete address sets, years, and unit scopes were read together for pattern same_name_changed_units_or_timing. No single field was treated as dispositive.",2026-08-10,retain_separate,bad_or_placeholder_shared_source_address,Google,https://www.google.com/search?q=HCCI%20PORTFOLIO%20%287TH%20AVENUE%29%20NY%7C7TH%20AVE%7CNEW%20YORK%20NY%20affordable%20housing,LIHTC Properties in New York Through 2022,public_lihtc_property_list,https://www.novoco.com/public-media/documents/new-york-lihtc-properties-through-2022-082024.pdf,"Outside read: the records have different state IDs and unit scopes, while the only shared value is the non-geocodable street-only label 7TH AVE. The label is a source placeholder, not a physical address or identity link.",2026-08-10,retain_separate,bad_or_placeholder_shared_source_address,street_only_placeholder_collision,Retain current physical-development identifiers and the overlap class for later source repair. Do not create a shared query.,2026-08-10,not_approved,FALSE
XDAQ_0114,new_two_pass_review,defer,internal_evidence_requires_outside_confirmation,"Internal read: names, state IDs, primary sites, complete address sets, years, and unit scopes were read together for pattern same_name_changed_units_or_timing. No single field was treated as dispositive.",2026-08-10,retain_separate,bad_or_placeholder_shared_source_address,Google,https://www.google.com/search?q=HCCI%20PORTFOLIO%20%288TH%20AVENUE%29%20NY%7C8TH%20AVE%7CNEW%20YORK%20NY%20affordable%20housing,LIHTC Properties in New York Through 2022,public_lihtc_property_list,https://www.novoco.com/public-media/documents/new-york-lihtc-properties-through-2022-082024.pdf,"Outside read: the records have different state IDs and unit scopes, while the only shared value is the non-geocodable street-only label 8TH AVE. The label is a source placeholder, not a physical address or identity link.",2026-08-10,retain_separate,bad_or_placeholder_shared_source_address,street_only_placeholder_collision,Retain current physical-development identifiers and the overlap class for later source repair. Do not create a shared query.,2026-08-10,not_approved,FALSE
XDAQ_0115,new_two_pass_review,defer,internal_evidence_requires_outside_confirmation,"Internal read: names, state IDs, primary sites, complete address sets, years, and unit scopes were read together for pattern same_name_changed_units_or_timing. No single field was treated as dispositive.",2026-08-10,retain_separate,bad_or_placeholder_shared_source_address,Google,https://www.google.com/search?q=HCCI%20PORTFOLIO%20%28WEST%20147TH%20STREET%29%20NY%7CW%20147TH%20ST%7CNEW%20YORK%20NY%20affordable%20housing,LIHTC Properties in New York Through 2022,public_lihtc_property_list,https://www.novoco.com/public-media/documents/new-york-lihtc-properties-through-2022-082024.pdf,"Outside read: the records have different state IDs and unit scopes, while the only shared value is the non-geocodable street-only label W 147TH ST. The label is a source placeholder, not a physical address or identity link.",2026-08-10,retain_separate,bad_or_placeholder_shared_source_address,street_only_placeholder_collision,Retain current physical-development identifiers and the overlap class for later source repair. Do not create a shared query.,2026-08-10,not_approved,FALSE
XDAQ_0116,new_two_pass_review,defer,internal_evidence_requires_outside_confirmation,"Internal read: names, state IDs, primary sites, complete address sets, years, and unit scopes were read together for pattern state_id_other. No single field was treated as dispositive.",2026-08-10,retain_separate,portfolio_or_phase_overlaps_distinct_development,Google,https://www.google.com/search?q=PLAZA%20RESIDENCES%20NY%7C230%20232%20LOTT%20AVE%7CBROOKLYN%20NY%20affordable%20housing,LIHTC Properties in New York District 8 Through 2023,public_lihtc_property_list,https://www.novoco.com/public-media/documents/new-york-lihtc-properties-through-2023-district-8-072025.pdf,"Outside read: the public LIHTC list identifies Plaza Residences I as a separate 66-unit project at 37 New Lots Avenue. The larger Plaza Residences record includes that site in a five-address portfolio, so the overlap does not justify collapsing the phase into the larger project.",2026-08-10,retain_separate,portfolio_or_phase_overlaps_distinct_development,distinct_phase_with_portfolio_overlap,Retain current physical-development identifiers and the overlap class for later source repair. Do not create a shared query.,2026-08-10,not_approved,FALSE
XDAQ_0117,carried_forward_completed_two_pass_review,defer,internal_evidence_requires_outside_confirmation,"Internal read: names, state IDs, primary sites, complete address sets, years, and unit scopes were read together for pattern carried_forward_previous_retain_separate. No single field was treated as dispositive.",2026-08-10,retain_separate,distinct_projects_using_common_primary_address,Google,https://www.google.com/search?q=NEIGHBORHOOD%20RESTORATION%20IX%20PA%7C5801%20OSAGE%20AVE%7CPHILADELPHIA%20PA%20affordable%20housing,"Neighborhood Restoration Xi | Affordable Housing in Philadelphia, PA",property_directory,https://affordablehousinghub.org/housing/pennsylvania/philadelphia-county/philadelphia/neighborhood-restoration-xi-37026-lihtc,"Outside read: the retained source identifies separately named phases, components, or projects at the shared address. The changed unit scopes are consistent with distinct physical-development records, so the same state ID and address are not sufficient to collapse them.",2026-08-10,retain_separate,distinct_projects_using_common_primary_address,distinct_phase_or_component_common_address,Retain current physical-development identifiers and the overlap class for later source repair. Do not create a shared query.,2026-08-10,not_approved,FALSE
XDAQ_0118,carried_forward_completed_two_pass_review,defer,internal_evidence_requires_outside_confirmation,"Internal read: names, state IDs, primary sites, complete address sets, years, and unit scopes were read together for pattern carried_forward_previous_retain_separate. No single field was treated as dispositive.",2026-08-10,retain_separate,distinct_phases_or_components_same_address,Google,https://www.google.com/search?q=METCALF%20COURT%20II%20%2808%29%20RI%7C555%20VEAZIE%20ST%7CPROVIDENCE%20RI%20affordable%20housing,Metcalf Courts Firm Approval Request for Action,public_agency_record,https://www.rihousing.com/wp-content/uploads/Metcalf-Courts-Firm-Approval-RFA-5.19.2022.pdf,"Outside read: the retained source identifies separately named phases, components, or projects at the shared address. The changed unit scopes are consistent with distinct physical-development records, so the same state ID and address are not sufficient to collapse them.",2026-08-10,retain_separate,distinct_phases_or_components_same_address,distinct_phase_or_component_common_address,Retain current physical-development identifiers and the overlap class for later source repair. Do not create a shared query.,2026-08-10,not_approved,FALSE
XDAQ_0119,new_two_pass_review,merge,internal_identity_evidence_supports_one_development,"Internal read: names, state IDs, primary sites, complete address sets, years, and unit scopes were read together for pattern same_name_same_units_later_episode. No single field was treated as dispositive.",2026-08-10,merge,later_financing_episode_same_physical_development,Google,https://www.google.com/search?q=COUNTRY%20GREEN%20VA%7C1000%20E%20BISHOP%20DR%20333%7CSOUTH%20BOSTON%20VA%20affordable%20housing,"Country Green | Affordable Housing in South Boston, VA",public_property_directory,https://affordablehousinghub.org/housing/virginia/halifax-county/south-boston/country-green-43889-lihtc,"Outside read: the retained public record matches the reviewed property name, location, or unit scope. Read with the internal state-ID, timing, unit, and address-set evidence, the records describe one physical development. Source rows remain unchanged.",2026-08-10,merge,later_financing_episode_same_physical_development,same_physical_development_address,Merge only physical-development identifiers. Preserve every HUD row as a project episode and every site row. Do not sum units here.,2026-08-10,not_approved,FALSE
XDAQ_0120,new_two_pass_review,merge,internal_identity_evidence_supports_one_development,"Internal read: names, state IDs, primary sites, complete address sets, years, and unit scopes were read together for pattern same_name_changed_units_or_timing. No single field was treated as dispositive.",2026-08-10,merge,same_multisite_physical_development,Google,https://www.google.com/search?q=BLACK%20RIVER%20OVERLOOK%20VT%7C147%20RUBLEE%20LN%7CLUDLOW%20VT%20affordable%20housing,"Black River Overlook | Affordable Housing in Ludlow, VT",public_property_directory,https://affordablehousinghub.org/housing/vermont/windsor-county/ludlow/black-river-overlook-45881-lihtc,"Outside read: the retained public record matches the reviewed property name, location, or unit scope. Read with the internal state-ID, timing, unit, and address-set evidence, the records describe one physical development. Source rows remain unchanged.",2026-08-10,merge,same_multisite_physical_development,same_physical_development_address,Merge only physical-development identifiers. Preserve every HUD row as a project episode and every site row. Do not sum units here.,2026-08-10,not_approved,FALSE
XDAQ_0121,new_two_pass_review,merge,internal_identity_evidence_supports_one_development,"Internal read: names, state IDs, primary sites, complete address sets, years, and unit scopes were read together for pattern state_id_other. No single field was treated as dispositive.",2026-08-10,merge,same_multisite_physical_development,Google,https://www.google.com/search?q=1443%20E%20CRAIG%20ST%20WA%7C1443%20E%20CRAIG%20ST%7CMOSES%20LAKE%20WA%20affordable%20housing,WSHFC 2021 Rent and Income Limits by Property,allocating_agency_record,https://www.wshfc.org/Managers/AMCLimits/Others/BoxInfo/2021RentIncomeLimitsByProperty.pdf,"Outside read: the retained public record matches the reviewed property name, location, or unit scope. Read with the internal state-ID, timing, unit, and address-set evidence, the records describe one physical development. Source rows remain unchanged.",2026-08-10,merge,same_multisite_physical_development,same_physical_development_address,Merge only physical-development identifiers. Preserve every HUD row as a project episode and every site row. Do not sum units here.,2026-08-10,not_approved,FALSE
XDAQ_0122,new_two_pass_review,defer,internal_evidence_requires_outside_confirmation,"Internal read: names, state IDs, primary sites, complete address sets, years, and unit scopes were read together for pattern same_name_changed_units_or_timing. No single field was treated as dispositive.",2026-08-10,retain_separate,distinct_developments_source_cross_listing,Google,https://www.google.com/search?q=CAMBRIDGE%20APARTMENTS%20WA%7C13030%20LINDEN%20AVE%20N%7CSEATTLE%20WA%20affordable%20housing,WSHFC 2021 Rent and Income Limits by Property,allocating_agency_record,https://www.wshfc.org/Managers/AMCLimits/Others/BoxInfo/2021RentIncomeLimitsByProperty.pdf,"Outside read: WSHFC lists separate Cambridge Apartments projects in Seattle and Centralia with different OIDs, dates, and unit scopes. Their cross-listed site rows are source contamination.",2026-08-10,retain_separate,distinct_developments_source_cross_listing,cross_listed_source_address,Retain current physical-development identifiers and the overlap class for later source repair. Do not create a shared query.,2026-08-10,not_approved,FALSE
XDAQ_0123,new_two_pass_review,defer,internal_evidence_requires_outside_confirmation,"Internal read: names, state IDs, primary sites, complete address sets, years, and unit scopes were read together for pattern state_id_other. No single field was treated as dispositive.",2026-08-10,retain_separate,portfolio_episode_overlaps_distinct_development,Google,https://www.google.com/search?q=DEER%20RUN%20TERRACE%20WA%7C3210%20ORLEANS%20ST%7CBELLINGHAM%20WA%20affordable%20housing,WSHFC All Tax Credit Projects,allocating_agency_record,https://www.wshfc.org/managers/ManualTaxCredit/130Za_Chap11PostYr15MonitoringList.pdf,Outside read: WSHFC treats Northwest Corner Affordable Housing as a 121-unit portfolio. Deer Run Terrace is a separate 42-unit property whose address appears inside that portfolio record; the portfolio episode cannot be assigned wholesale to Deer Run.,2026-08-10,retain_separate,portfolio_episode_overlaps_distinct_development,portfolio_financing_cross_reference,Retain current physical-development identifiers and the overlap class for later source repair. Do not create a shared query.,2026-08-10,not_approved,FALSE
XDAQ_0124,new_two_pass_review,merge,internal_identity_evidence_supports_one_development,"Internal read: names, state IDs, primary sites, complete address sets, years, and unit scopes were read together for pattern same_name_changed_units_or_timing. No single field was treated as dispositive.",2026-08-10,merge,same_multisite_physical_development,Google,https://www.google.com/search?q=L%20%26%20S%20THE%20FALLS%20WA%7C550%20E%208TH%20AVE%7CKETTLE%20FALLS%20WA%20affordable%20housing,"L &amp; S the Falls | Affordable Housing in Kettle Falls, WA",public_property_directory,https://affordablehousinghub.org/housing/washington/stevens-county/kettle-falls/l-s-the-falls-45412-lihtc,"Outside read: the retained public record matches the reviewed property name, location, or unit scope. Read with the internal state-ID, timing, unit, and address-set evidence, the records describe one physical development. Source rows remain unchanged.",2026-08-10,merge,same_multisite_physical_development,same_physical_development_address,Merge only physical-development identifiers. Preserve every HUD row as a project episode and every site row. Do not sum units here.,2026-08-10,not_approved,FALSE
XDAQ_0125,new_two_pass_review,merge,internal_identity_evidence_supports_one_development,"Internal read: names, state IDs, primary sites, complete address sets, years, and unit scopes were read together for pattern state_id_name_variant_same_timing_units. No single field was treated as dispositive.",2026-08-10,merge,duplicate_reporting_same_physical_development,Google,https://www.google.com/search?q=L%20%26%20S%20WILLOW%20GLEN%20WA%7C1600%20W%207TH%20AVE%7CNEWPORT%20WA%20affordable%20housing,"L &amp; S Willow Glen | Affordable Housing in Newport, WA",public_property_directory,https://affordablehousinghub.org/housing/washington/pend-oreille-county/newport/l-s-willow-glen-45514-lihtc,"Outside read: the retained public record matches the reviewed property name, location, or unit scope. Read with the internal state-ID, timing, unit, and address-set evidence, the records describe one physical development. Source rows remain unchanged.",2026-08-10,merge,duplicate_reporting_same_physical_development,same_physical_development_address,Merge only physical-development identifiers. Preserve every HUD row as a project episode and every site row. Do not sum units here.,2026-08-10,not_approved,FALSE
XDAQ_0126,new_two_pass_review,merge,internal_identity_evidence_supports_one_development,"Internal read: names, state IDs, primary sites, complete address sets, years, and unit scopes were read together for pattern same_name_same_timing_units. No single field was treated as dispositive.",2026-08-10,merge,duplicate_reporting_same_physical_development,Google,https://www.google.com/search?q=LA%20CASA%20DE%20SAN%20JOSE%20WA%7C2419%20CONTINENTAL%20PL%7CMOUNT%20VERNON%20WA%20affordable%20housing,"La Casa De San Jose | Affordable Housing in Mount Vernon, WA",public_property_directory,https://affordablehousinghub.org/housing/washington/skagit-county/mount-vernon/la-casa-de-san-jose-46292-lihtc,"Outside read: the retained public record matches the reviewed property name, location, or unit scope. Read with the internal state-ID, timing, unit, and address-set evidence, the records describe one physical development. Source rows remain unchanged.",2026-08-10,merge,duplicate_reporting_same_physical_development,same_physical_development_address,Merge only physical-development identifiers. Preserve every HUD row as a project episode and every site row. Do not sum units here.,2026-08-10,not_approved,FALSE
XDAQ_0127,new_two_pass_review,merge,internal_identity_evidence_supports_one_development,"Internal read: names, state IDs, primary sites, complete address sets, years, and unit scopes were read together for pattern same_name_same_units_later_episode. No single field was treated as dispositive.",2026-08-10,merge,later_financing_episode_same_physical_development,Google,https://www.google.com/search?q=LARNED%20APARMENTS%20WA%7C2030%207TH%20AVE%7CSEATTLE%20WA%20affordable%20housing,"Larned Aparments | Affordable Housing in Seattle, WA",public_property_directory,https://affordablehousinghub.org/housing/washington/king-county/seattle/larned-aparments-45656-lihtc,"Outside read: the retained public record matches the reviewed property name, location, or unit scope. Read with the internal state-ID, timing, unit, and address-set evidence, the records describe one physical development. Source rows remain unchanged.",2026-08-10,merge,later_financing_episode_same_physical_development,same_physical_development_address,Merge only physical-development identifiers. Preserve every HUD row as a project episode and every site row. Do not sum units here.,2026-08-10,not_approved,FALSE
XDAQ_0128,new_two_pass_review,defer,internal_evidence_requires_outside_confirmation,"Internal read: names, state IDs, primary sites, complete address sets, years, and unit scopes were read together for pattern same_name_changed_units_or_timing. No single field was treated as dispositive.",2026-08-10,retain_separate,distinct_developments_source_cross_listing,Google,https://www.google.com/search?q=MEADOW%20PARK%20APARTMENTS%20WA%7C1001%20W%204TH%20AVE%7CKENNEWICK%20WA%20affordable%20housing,WSHFC 2024 Report Type by Property Name,allocating_agency_record,https://wshfc.org/managers/Reports/TCReports/20_2024ReportTypesbyPropertyName%20Final.pdf,Outside read: WSHFC separately lists Meadow Park Apartments in Kennewick and Marysville under different OIDs and managers. The shared sites are source cross-listing.,2026-08-10,retain_separate,distinct_developments_source_cross_listing,cross_listed_source_address,Retain current physical-development identifiers and the overlap class for later source repair. Do not create a shared query.,2026-08-10,not_approved,FALSE
XDAQ_0129,new_two_pass_review,defer,internal_evidence_requires_outside_confirmation,"Internal read: names, state IDs, primary sites, complete address sets, years, and unit scopes were read together for pattern same_name_changed_units_or_timing. No single field was treated as dispositive.",2026-08-10,retain_separate,distinct_developments_source_cross_listing,Google,https://www.google.com/search?q=MEADOWS%2C%20THE%20WA%7C3303%20NE%2078TH%20AVE%7CVANCOUVER%20WA%20affordable%20housing,WSHFC 2023 Report Type by Property Name,allocating_agency_record,https://wshfc.org/managers/Reports/TCReports/20_2023%20Property%20Report%20Request_rev5-1-24.pdf,"Outside read: WSHFC separately lists the Bellingham and Vancouver developments under different OIDs, years, owners, and unit scopes. The shared sites are source cross-listing.",2026-08-10,retain_separate,distinct_developments_source_cross_listing,cross_listed_source_address,Retain current physical-development identifiers and the overlap class for later source repair. Do not create a shared query.,2026-08-10,not_approved,FALSE
XDAQ_0130,new_two_pass_review,merge,internal_identity_evidence_supports_one_development,"Internal read: names, state IDs, primary sites, complete address sets, years, and unit scopes were read together for pattern same_name_same_timing_units. No single field was treated as dispositive.",2026-08-10,merge,duplicate_reporting_same_physical_development,Google,https://www.google.com/search?q=NP%20HOTEL%20WA%7C306%206TH%20AVE%20S%7CSEATTLE%20WA%20affordable%20housing,"Np Hotel | Affordable Housing in Seattle, WA",public_property_directory,https://affordablehousinghub.org/housing/washington/king-county/seattle/np-hotel-45438-lihtc,"Outside read: the retained public record matches the reviewed property name, location, or unit scope. Read with the internal state-ID, timing, unit, and address-set evidence, the records describe one physical development. Source rows remain unchanged.",2026-08-10,merge,duplicate_reporting_same_physical_development,same_physical_development_address,Merge only physical-development identifiers. Preserve every HUD row as a project episode and every site row. Do not sum units here.,2026-08-10,not_approved,FALSE
XDAQ_0131,new_two_pass_review,defer,internal_evidence_requires_outside_confirmation,"Internal read: names, state IDs, primary sites, complete address sets, years, and unit scopes were read together for pattern same_name_changed_units_or_timing. No single field was treated as dispositive.",2026-08-10,retain_separate,distinct_developments_source_cross_listing,Google,https://www.google.com/search?q=PARK%20PLACE%20APARTMENTS%20WA%7C110%20NE%20BROOKDALE%20LN%7CBREMERTON%20WA%20affordable%20housing,WSHFC 2025 Limits by Property,allocating_agency_record,https://www.wshfc.org/managers/AMCLimits/Others/BoxInfo/2025LimitsbyPropertyList.pdf,Outside read: WSHFC separately lists Park Place Apartments in Kent and Bremerton under different OIDs and placed-in-service dates. The shared sites are source cross-listing.,2026-08-10,retain_separate,distinct_developments_source_cross_listing,cross_listed_source_address,Retain current physical-development identifiers and the overlap class for later source repair. Do not create a shared query.,2026-08-10,not_approved,FALSE
XDAQ_0132,new_two_pass_review,defer,internal_evidence_requires_outside_confirmation,"Internal read: names, state IDs, primary sites, complete address sets, years, and unit scopes were read together for pattern same_name_changed_units_or_timing. No single field was treated as dispositive.",2026-08-10,retain_separate,distinct_developments_source_cross_listing,Google,https://www.google.com/search?q=PARKVIEW%20APARTMENTS%20WA%7C1138%20W%2010TH%20BLDG%20A%20K%7CKENNEWICK%20WA%20affordable%20housing,WSHFC 2024 Limits by Property,allocating_agency_record,https://wshfc.org/Managers/AMCLimits/Others/BoxInfo/2024LimitsbyPropertyList.pdf,Outside read: WSHFC separately lists Parkview Apartments in Kennewick and Spokane under different OIDs and unit scopes. The shared sites are source cross-listing.,2026-08-10,retain_separate,distinct_developments_source_cross_listing,cross_listed_source_address,Retain current physical-development identifiers and the overlap class for later source repair. Do not create a shared query.,2026-08-10,not_approved,FALSE
XDAQ_0133,new_two_pass_review,merge,internal_identity_evidence_supports_one_development,"Internal read: names, state IDs, primary sites, complete address sets, years, and unit scopes were read together for pattern same_name_same_units_later_episode. No single field was treated as dispositive.",2026-08-10,merge,later_financing_episode_same_physical_development,Google,https://www.google.com/search?q=SECURITY%20HOUSE%20WA%7C2225%204TH%20AVE%7CSEATTLE%20WA%20affordable%20housing,"Security House | Affordable Housing in Seattle, WA",public_property_directory,https://affordablehousinghub.org/housing/washington/king-county/seattle/security-house-46071-lihtc,"Outside read: the retained public record matches the reviewed property name, location, or unit scope. Read with the internal state-ID, timing, unit, and address-set evidence, the records describe one physical development. Source rows remain unchanged.",2026-08-10,merge,later_financing_episode_same_physical_development,same_physical_development_address,Merge only physical-development identifiers. Preserve every HUD row as a project episode and every site row. Do not sum units here.,2026-08-10,not_approved,FALSE
XDAQ_0134,new_two_pass_review,defer,internal_evidence_requires_outside_confirmation,"Internal read: names, state IDs, primary sites, complete address sets, years, and unit scopes were read together for pattern same_name_changed_units_or_timing. No single field was treated as dispositive.",2026-08-10,retain_separate,distinct_developments_source_cross_listing,Google,https://www.google.com/search?q=SUNSET%20COURT%20APARTMENTS%20WA%7C1133%20RAILROAD%20AVE%7CBELLINGHAM%20WA%20affordable%20housing,WSHFC 2025 Limits by Property,allocating_agency_record,https://www.wshfc.org/managers/AMCLimits/Others/BoxInfo/2025LimitsbyPropertyList.pdf,"Outside read: WSHFC separately lists the 2018 Renton Sunset Court project, while the older Bellingham record has a different location and unit scope. The shared Renton sites in the Bellingham record are source cross-listing.",2026-08-10,retain_separate,distinct_developments_source_cross_listing,cross_listed_source_address,Retain current physical-development identifiers and the overlap class for later source repair. Do not create a shared query.,2026-08-10,not_approved,FALSE
XDAQ_0135,new_two_pass_review,merge,internal_identity_evidence_supports_one_development,"Internal read: names, state IDs, primary sites, complete address sets, years, and unit scopes were read together for pattern same_name_same_timing_units. No single field was treated as dispositive.",2026-08-10,merge,duplicate_reporting_same_physical_development,Google,https://www.google.com/search?q=TSCHIRLEY%20CROSSING%20WA%7C111%20S%20TSCHIRLEY%20RD%7CGREEN%20ACRES%20WA%20affordable%20housing,"Tschirley Crossing | Affordable Housing in Spokane Valley, WA",public_property_directory,https://affordablehousinghub.org/housing/washington/spokane-county/green-acres/tschirley-crossing-46102-lihtc,"Outside read: the retained public record matches the reviewed property name, location, or unit scope. Read with the internal state-ID, timing, unit, and address-set evidence, the records describe one physical development. Source rows remain unchanged.",2026-08-10,merge,duplicate_reporting_same_physical_development,same_physical_development_address,Merge only physical-development identifiers. Preserve every HUD row as a project episode and every site row. Do not sum units here.,2026-08-10,not_approved,FALSE
XDAQ_0136,new_two_pass_review,merge,internal_identity_evidence_supports_one_development,"Internal read: names, state IDs, primary sites, complete address sets, years, and unit scopes were read together for pattern same_name_same_timing_units. No single field was treated as dispositive.",2026-08-10,merge,duplicate_reporting_with_city_label_error,Google,https://www.google.com/search?q=WILLOW%20TREE%20GROVE%20WA%7C2129%20MALTBY%20RD%7CBOTHELL%20WA%20affordable%20housing,WSHFC All Tax Credit Projects,allocating_agency_record,https://www.wshfc.org/managers/ManualTaxCredit/130Za_Chap11PostYr15MonitoringList.pdf,"Outside read: the retained public record matches the reviewed property name, location, or unit scope. Read with the internal state-ID, timing, unit, and address-set evidence, the records describe one physical development. Source rows remain unchanged.",2026-08-10,merge,duplicate_reporting_with_city_label_error,city_label_error_within_same_development,Merge only physical-development identifiers. Preserve every HUD row as a project episode and every site row. Do not sum units here.,2026-08-10,not_approved,FALSE
XDAQ_0137,new_two_pass_review,merge,internal_identity_evidence_supports_one_development,"Internal read: names, state IDs, primary sites, complete address sets, years, and unit scopes were read together for pattern same_name_same_timing_units. No single field was treated as dispositive.",2026-08-10,merge,duplicate_reporting_same_physical_development,Google,https://www.google.com/search?q=ARBOR%20GREEN%20SILVERCREST%20WI%7C6019%2055TH%20ST%7CKENOSHA%20WI%20affordable%20housing,"Arbor Green Silvercrest | Affordable Housing in Kenosha, WI",public_property_directory,https://affordablehousinghub.org/housing/wisconsin/kenosha-county/kenosha/arbor-green-silvercrest-48353-lihtc,"Outside read: the retained public record matches the reviewed property name, location, or unit scope. Read with the internal state-ID, timing, unit, and address-set evidence, the records describe one physical development. Source rows remain unchanged.",2026-08-10,merge,duplicate_reporting_same_physical_development,same_physical_development_address,Merge only physical-development identifiers. Preserve every HUD row as a project episode and every site row. Do not sum units here.,2026-08-10,not_approved,FALSE
