identity_question_id,review_origin,pass1_identity_decision,pass1_reason_code,pass1_notes,pass1_reviewed_on,pass2_identity_decision,pass2_reason_code,pass2_search_engine,pass2_search_url,pass2_source_title,pass2_source_type,pass2_source_url,pass2_notes,pass2_reviewed_on,final_identity_decision,final_reason_code,address_overlap_class,final_notes,final_reviewed_on,shared_geocoding_query_decision,source_rows_changed,n_members,n_clusters,n_cross_question_clusters,final_partition_class,development_state,development_names,shared_address_examples,internal_evidence_pattern
XDA2_0001,new_two_pass_review,merge_all,internal_evidence_supports_one_physical_development,"Internal read: normalized and published names, state IDs, primary and complete address sets, placed-in-service years, unit scopes, and source-quality flags were read together. The resulting member partition is merge_all; no single field, including the shared address, was treated as dispositive.",2026-08-10,merge_all,duplicate_reporting_or_later_episode_same_physical_development,Google,https://www.google.com/search?q=AURORA%20VISTA%20%7C%20AURORA%20VISTA%20KENAI%20I-III%20AK%20affordable%20housing,"Aurora Vista | Affordable Housing in Kenai, AK",public_property_directory,https://affordablehousinghub.org/housing/alaska/kenai-peninsula-county/kenai/aurora-vista-25264-lihtc,"Outside read: the retained public records identify one named property, one later financing episode, one paired-financing development, or one scattered-site development corresponding to the internal record set. All HUD rows and site rows remain preserved.",2026-08-10,merge_all,duplicate_reporting_or_later_episode_same_physical_development,same_physical_development_address,Apply only the explicit member partition. Preserve every HUD row as a project episode and every site row. Do not sum units or approve a coordinate query here.,2026-08-10,not_approved,FALSE,2,1,0,merge_all,AK,AURORA VISTA | AURORA VISTA KENAI I-III,104 N GILL ST|KENAI|AK,name_or_timing_with_equal_units_near_pis
XDA2_0002,new_two_pass_review,merge_all,internal_evidence_supports_one_physical_development,"Internal read: normalized and published names, state IDs, primary and complete address sets, placed-in-service years, unit scopes, and source-quality flags were read together. The resulting member partition is merge_all; no single field, including the shared address, was treated as dispositive.",2026-08-10,merge_all,duplicate_reporting_or_later_episode_same_physical_development,Google,https://www.google.com/search?q=CARLANNA%20%7C%20CARLANNA%20SUBDIVISION%20AK%20affordable%20housing,"Carlanna | Affordable Housing in Ketchikan, AK",public_property_directory,https://affordablehousinghub.org/housing/alaska/ketchikan-gateway-county/ketchikan/carlanna-25266-lihtc,"Outside read: the retained public records identify one named property, one later financing episode, one paired-financing development, or one scattered-site development corresponding to the internal record set. All HUD rows and site rows remain preserved.",2026-08-10,merge_all,duplicate_reporting_or_later_episode_same_physical_development,same_physical_development_address,Apply only the explicit member partition. Preserve every HUD row as a project episode and every site row. Do not sum units or approve a coordinate query here.,2026-08-10,not_approved,FALSE,2,1,0,merge_all,AK,CARLANNA | CARLANNA SUBDIVISION,1360 JACKSON ST|KETCHIKAN|AK,name_or_timing_with_equal_units_near_pis
XDA2_0003,new_two_pass_review,merge_all,internal_evidence_supports_one_physical_development,"Internal read: normalized and published names, state IDs, primary and complete address sets, placed-in-service years, unit scopes, and source-quality flags were read together. The resulting member partition is merge_all; no single field, including the shared address, was treated as dispositive.",2026-08-10,merge_all,duplicate_reporting_or_later_episode_same_physical_development,Google,https://www.google.com/search?q=CHESTER%20PARK%20%7C%20CHESTER%20PARK%20ESTATES%20AK%20affordable%20housing,"Chester Park Estates | Affordable Housing in Anchorage, AK",public_property_directory,https://affordablehousinghub.org/housing/alaska/anchorage-county/anchorage/chester-park-estates-25278-lihtc,"Outside read: the retained public records identify one named property, one later financing episode, one paired-financing development, or one scattered-site development corresponding to the internal record set. All HUD rows and site rows remain preserved.",2026-08-10,merge_all,duplicate_reporting_or_later_episode_same_physical_development,same_physical_development_address,Apply only the explicit member partition. Preserve every HUD row as a project episode and every site row. Do not sum units or approve a coordinate query here.,2026-08-10,not_approved,FALSE,2,1,0,merge_all,AK,CHESTER PARK | CHESTER PARK ESTATES,1019 E 20TH AVE|ANCHORAGE|AK,name_or_timing_with_equal_units_near_pis
XDA2_0004,new_two_pass_review,merge_all,internal_evidence_supports_one_physical_development,"Internal read: normalized and published names, state IDs, primary and complete address sets, placed-in-service years, unit scopes, and source-quality flags were read together. The resulting member partition is merge_all; no single field, including the shared address, was treated as dispositive.",2026-08-10,merge_all,duplicate_reporting_or_later_episode_same_physical_development,Google,https://www.google.com/search?q=HARBOR%20RIDGE%20%7C%20HARBOR%20RIDGE-HOMER%20ASSOCIATES%2C%20LLC%20AK%20affordable%20housing,"Harbor Ridge-Homer Associates, Llc | Affordable Housing in Homer, AK",public_property_directory,https://affordablehousinghub.org/housing/alaska/kenai-peninsula-county/homer/harbor-ridge-homer-associates-llc-30504-lihtc,"Outside read: the retained public records identify one named property, one later financing episode, one paired-financing development, or one scattered-site development corresponding to the internal record set. All HUD rows and site rows remain preserved.",2026-08-10,merge_all,duplicate_reporting_or_later_episode_same_physical_development,same_physical_development_address,Apply only the explicit member partition. Preserve every HUD row as a project episode and every site row. Do not sum units or approve a coordinate query here.,2026-08-10,not_approved,FALSE,2,1,0,merge_all,AK,"HARBOR RIDGE | HARBOR RIDGE-HOMER ASSOCIATES, LLC",4047 MAIN ST|HOMER|AK,name_or_timing_with_equal_units_near_pis
XDA2_0005,new_two_pass_review,merge_all,internal_evidence_supports_one_physical_development,"Internal read: normalized and published names, state IDs, primary and complete address sets, placed-in-service years, unit scopes, and source-quality flags were read together. The resulting member partition is merge_all; no single field, including the shared address, was treated as dispositive.",2026-08-10,merge_all,duplicate_reporting_or_later_episode_same_physical_development,Google,https://www.google.com/search?q=HUNTER%20CREEK%20APTS%20%7C%20HUNTER%20CREEK%20APTS.%20OF%20PALMER%2C%20LP%20AK%20affordable%20housing,"Hunter Creek Apts. of Palmer, Lp | Affordable Housing in Palmer, AK",public_property_directory,https://affordablehousinghub.org/housing/alaska/matanuska-susitna-county/palmer/hunter-creek-apts-of-palmer-lp-30535-lihtc,"Outside read: the retained public records identify one named property, one later financing episode, one paired-financing development, or one scattered-site development corresponding to the internal record set. All HUD rows and site rows remain preserved.",2026-08-10,merge_all,duplicate_reporting_or_later_episode_same_physical_development,same_physical_development_address,Apply only the explicit member partition. Preserve every HUD row as a project episode and every site row. Do not sum units or approve a coordinate query here.,2026-08-10,not_approved,FALSE,2,1,0,merge_all,AK,"HUNTER CREEK APTS | HUNTER CREEK APTS. OF PALMER, LP",855 W FERN AVE A1|PALMER|AK | 855 W FERN AVE B1|PALMER|AK | 855 W FERN AVE C1|PALMER|AK | 855 W FERN AVE D1|PALMER|AK | 855 W FERN AVE|PALMER|AK,name_or_timing_with_equal_units_near_pis
XDA2_0006,new_two_pass_review,merge_all,internal_evidence_supports_one_physical_development,"Internal read: normalized and published names, state IDs, primary and complete address sets, placed-in-service years, unit scopes, and source-quality flags were read together. The resulting member partition is merge_all; no single field, including the shared address, was treated as dispositive.",2026-08-10,merge_all,duplicate_reporting_or_later_episode_same_physical_development,Google,https://www.google.com/search?q=MANOKOTAK%20%7C%20MANOKOTAK%20VIEW%20AK%20affordable%20housing,"Manokotak | Affordable Housing in Manokotak, AK",public_property_directory,https://affordablehousinghub.org/housing/alaska/dillingham-county/manokotak/manokotak-30481-lihtc,"Outside read: the retained public records identify one named property, one later financing episode, one paired-financing development, or one scattered-site development corresponding to the internal record set. All HUD rows and site rows remain preserved.",2026-08-10,merge_all,duplicate_reporting_or_later_episode_same_physical_development,same_physical_development_address,Apply only the explicit member partition. Preserve every HUD row as a project episode and every site row. Do not sum units or approve a coordinate query here.,2026-08-10,not_approved,FALSE,2,1,0,merge_all,AK,MANOKOTAK | MANOKOTAK VIEW,103 MANOKOTAK HEIGHTS SPUR RD|MANOKOTAK|AK,name_or_timing_with_equal_units_near_pis
XDA2_0007,new_two_pass_review,retain_each,internal_evidence_supports_distinct_phases_or_components,"Internal read: normalized and published names, state IDs, primary and complete address sets, placed-in-service years, unit scopes, and source-quality flags were read together. The resulting member partition is retain_each; no single field, including the shared address, was treated as dispositive.",2026-08-10,retain_each,distinct_phases_or_components_common_address,Google,https://www.google.com/search?q=MOUNTAIN%20VIEW%20VILLAGE%20II%20%7C%20MOUNTAIN%20VIEW%20VILLAGE%20III%20AK%20affordable%20housing,"Mountain View Village Ii | Affordable Housing in Anchorage, AK | Mountain View Village Iii | Affordable Housing in Anchorage, AK",public_property_directory,https://affordablehousinghub.org/housing/alaska/anchorage-county/anchorage/mountain-view-village-ii-30482-lihtc | https://affordablehousinghub.org/housing/alaska/anchorage-county/anchorage/mountain-view-village-iii-25268-lihtc,"Outside read: the retained public records identify separately named phases, components, projects, or buildings. A common address or campus is not sufficient to collapse them.",2026-08-10,retain_each,distinct_phases_or_components_common_address,distinct_phase_or_component_common_address,Apply only the explicit member partition. Preserve every HUD row as a project episode and every site row. Do not sum units or approve a coordinate query here.,2026-08-10,not_approved,FALSE,2,2,0,retain_each,AK,MOUNTAIN VIEW VILLAGE II | MOUNTAIN VIEW VILLAGE III,4211 MOUNTAIN VIEW DR|ANCHORAGE|AK,name_similarity_only
XDA2_0008,new_two_pass_review,merge_all,internal_evidence_supports_one_physical_development,"Internal read: normalized and published names, state IDs, primary and complete address sets, placed-in-service years, unit scopes, and source-quality flags were read together. The resulting member partition is merge_all; no single field, including the shared address, was treated as dispositive.",2026-08-10,merge_all,duplicate_reporting_or_later_episode_same_physical_development,Google,https://www.google.com/search?q=MUKLUNG%20APTS%20%7C%20MUKLUNG%20MANOR%20AK%20affordable%20housing,"Muklung Apts | Affordable Housing in Dillingham, AK",public_property_directory,https://affordablehousinghub.org/housing/alaska/dillingham-county/dillingham/muklung-apts-25260-lihtc,"Outside read: the retained public records identify one named property, one later financing episode, one paired-financing development, or one scattered-site development corresponding to the internal record set. All HUD rows and site rows remain preserved.",2026-08-10,merge_all,duplicate_reporting_or_later_episode_same_physical_development,same_physical_development_address,Apply only the explicit member partition. Preserve every HUD row as a project episode and every site row. Do not sum units or approve a coordinate query here.,2026-08-10,not_approved,FALSE,2,1,0,merge_all,AK,MUKLUNG APTS | MUKLUNG MANOR,1259 TOWER RD|DILLINGHAM|AK,name_or_timing_with_equal_units_near_pis
XDA2_0009,new_two_pass_review,merge_all,internal_evidence_supports_one_physical_development,"Internal read: normalized and published names, state IDs, primary and complete address sets, placed-in-service years, unit scopes, and source-quality flags were read together. The resulting member partition is merge_all; no single field, including the shared address, was treated as dispositive.",2026-08-10,merge_all,duplicate_reporting_or_later_episode_same_physical_development,Google,https://www.google.com/search?q=PARKVIEW%20APTS%20%7C%20PARKVIEW-SOLDOTNA%20ASSOCIATES%20LP%20AK%20affordable%20housing,"Parkview-Soldotna Associates Lp | Affordable Housing in Soldotna, AK",public_property_directory,https://affordablehousinghub.org/housing/alaska/kenai-peninsula-county/soldotna/parkview-soldotna-associates-lp-30467-lihtc,"Outside read: the retained public records identify one named property, one later financing episode, one paired-financing development, or one scattered-site development corresponding to the internal record set. All HUD rows and site rows remain preserved.",2026-08-10,merge_all,duplicate_reporting_or_later_episode_same_physical_development,same_physical_development_address,Apply only the explicit member partition. Preserve every HUD row as a project episode and every site row. Do not sum units or approve a coordinate query here.,2026-08-10,not_approved,FALSE,2,1,0,merge_all,AK,PARKVIEW APTS | PARKVIEW-SOLDOTNA ASSOCIATES LP,330 COLUMBINE ST|SOLDOTNA|AK | 334 COLUMBINE ST|SOLDOTNA|AK | 338 COLUMBINE ST|SOLDOTNA|AK,name_or_timing_with_equal_units_near_pis
XDA2_0010,new_two_pass_review,merge_all,internal_evidence_supports_one_physical_development,"Internal read: normalized and published names, state IDs, primary and complete address sets, placed-in-service years, unit scopes, and source-quality flags were read together. The resulting member partition is merge_all; no single field, including the shared address, was treated as dispositive.",2026-08-10,merge_all,duplicate_reporting_or_later_episode_same_physical_development,Google,https://www.google.com/search?q=SOUND%20VIEW%20APTS%20%7C%20SOUND%20VIEW%20ASSOCIATES%20AK%20affordable%20housing,"Sound View Associates | Affordable Housing in Valdez, AK",public_property_directory,https://affordablehousinghub.org/housing/alaska/valdez-cordova-county/valdez/sound-view-associates-30438-lihtc,"Outside read: the retained public records identify one named property, one later financing episode, one paired-financing development, or one scattered-site development corresponding to the internal record set. All HUD rows and site rows remain preserved.",2026-08-10,merge_all,duplicate_reporting_or_later_episode_same_physical_development,same_physical_development_address,Apply only the explicit member partition. Preserve every HUD row as a project episode and every site row. Do not sum units or approve a coordinate query here.,2026-08-10,not_approved,FALSE,2,1,0,merge_all,AK,SOUND VIEW APTS | SOUND VIEW ASSOCIATES,454 W HANAGITA|VALDEZ|AK,name_or_timing_with_equal_units_near_pis
XDA2_0011,new_two_pass_review,retain_each,internal_evidence_supports_distinct_phases_or_components,"Internal read: normalized and published names, state IDs, primary and complete address sets, placed-in-service years, unit scopes, and source-quality flags were read together. The resulting member partition is retain_each; no single field, including the shared address, was treated as dispositive.",2026-08-10,retain_each,distinct_phases_or_components_common_address,Google,https://www.google.com/search?q=SPRUCE%20CAPE%20I%20%7C%20SPRUCE%20CAPE%20II%20AK%20affordable%20housing,LIHTC Properties in Alaska Through 2021,sector_compilation,https://www.novoco.com/public-media/documents/alaska-lihtc-properties-to-2021-082023.pdf,"Outside read: the retained public records identify separately named phases, components, projects, or buildings. A common address or campus is not sufficient to collapse them.",2026-08-10,retain_each,distinct_phases_or_components_common_address,distinct_phase_or_component_common_address,Apply only the explicit member partition. Preserve every HUD row as a project episode and every site row. Do not sum units or approve a coordinate query here.,2026-08-10,not_approved,FALSE,2,2,0,retain_each,AK,SPRUCE CAPE I | SPRUCE CAPE II,529 CARROLL WAY|KODIAK|AK,name_similarity_only
XDA2_0012,new_two_pass_review,cross_question_partition,internal_evidence_supports_member_level_partition,"Internal read: normalized and published names, state IDs, primary and complete address sets, placed-in-service years, unit scopes, and source-quality flags were read together. The resulting member partition is cross_question_partition; no single field, including the shared address, was treated as dispositive.",2026-08-10,cross_question_partition,duplicate_records_linked_across_review_questions,Google,https://www.google.com/search?q=TERRACE%20I%20%40%20LAWSON%20CREEK%20%7C%20TERRACE%20II%20%40%20LAWSON%20CREEK%20AK%20affordable%20housing,"Terraces At Lawson Creek | Affordable Housing in Juneau, AK",public_property_directory,https://affordablehousinghub.org/housing/alaska/juneau-county/juneau/terraces-at-lawson-creek-30411-lihtc,Outside read: the retained public records support duplicate reporting within some named phases or components while preserving the other named phases or components as distinct physical developments.,2026-08-10,cross_question_partition,duplicate_records_linked_across_review_questions,mixed_duplicate_and_distinct_component_overlap,Apply only the explicit member partition. Preserve every HUD row as a project episode and every site row. Do not sum units or approve a coordinate query here.,2026-08-10,not_approved,FALSE,2,2,2,cross_question_partition,AK,TERRACE I @ LAWSON CREEK | TERRACE II @ LAWSON CREEK,2574 VISTA DR|JUNEAU|AK,name_similarity_only
XDA2_0013,new_two_pass_review,cross_question_partition,internal_evidence_supports_member_level_partition,"Internal read: normalized and published names, state IDs, primary and complete address sets, placed-in-service years, unit scopes, and source-quality flags were read together. The resulting member partition is cross_question_partition; no single field, including the shared address, was treated as dispositive.",2026-08-10,cross_question_partition,duplicate_records_linked_across_review_questions,Google,https://www.google.com/search?q=TERRACES%20AT%20LAWSON%20CREEK%20%7C%20TERRACES%20AT%20LAWSON%20CREEK%20II%20AK%20affordable%20housing,"Terraces At Lawson Creek | Affordable Housing in Juneau, AK | Terraces At Lawson Creek Ii | Affordable Housing in Juneau, AK",public_property_directory,https://affordablehousinghub.org/housing/alaska/juneau-county/juneau/terraces-at-lawson-creek-30411-lihtc | https://affordablehousinghub.org/housing/alaska/juneau-county/juneau/terraces-at-lawson-creek-ii-30413-lihtc,Outside read: the retained public records support duplicate reporting within some named phases or components while preserving the other named phases or components as distinct physical developments.,2026-08-10,cross_question_partition,duplicate_records_linked_across_review_questions,mixed_duplicate_and_distinct_component_overlap,Apply only the explicit member partition. Preserve every HUD row as a project episode and every site row. Do not sum units or approve a coordinate query here.,2026-08-10,not_approved,FALSE,2,2,2,cross_question_partition,AK,TERRACES AT LAWSON CREEK | TERRACES AT LAWSON CREEK II,2574 VISTA DR|JUNEAU|AK,name_similarity_only
XDA2_0014,new_two_pass_review,retain_each,internal_evidence_supports_distinct_phases_or_components,"Internal read: normalized and published names, state IDs, primary and complete address sets, placed-in-service years, unit scopes, and source-quality flags were read together. The resulting member partition is retain_each; no single field, including the shared address, was treated as dispositive.",2026-08-10,retain_each,distinct_phases_or_components_common_address,Google,https://www.google.com/search?q=WEEKS%20FIELD%20ESTATES%20PHASE%20I%20%7C%20WEEKS%20FIELD%20ESTATES%20PHASE%20II%20AK%20affordable%20housing,"Weeks Field Estates Phase I | Affordable Housing in Fairbanks, AK | Weeks Field Estates Phase Ii | Affordable Housing in Fairbanks, AK",public_property_directory,https://affordablehousinghub.org/housing/alaska/fairbanks-north-star-county/fairbanks/weeks-field-estates-phase-i-30494-lihtc | https://affordablehousinghub.org/housing/alaska/fairbanks-north-star-county/fairbanks/weeks-field-estates-phase-ii-25274-lihtc,"Outside read: the retained public records identify separately named phases, components, projects, or buildings. A common address or campus is not sufficient to collapse them.",2026-08-10,retain_each,distinct_phases_or_components_common_address,distinct_phase_or_component_common_address,Apply only the explicit member partition. Preserve every HUD row as a project episode and every site row. Do not sum units or approve a coordinate query here.,2026-08-10,not_approved,FALSE,2,2,0,retain_each,AK,WEEKS FIELD ESTATES PHASE I | WEEKS FIELD ESTATES PHASE II,1301 KELLUM ST|FAIRBANKS|AK,phase_or_component_only
XDA2_0015,new_two_pass_review,retain_each,internal_evidence_supports_distinct_phases_or_components,"Internal read: normalized and published names, state IDs, primary and complete address sets, placed-in-service years, unit scopes, and source-quality flags were read together. The resulting member partition is retain_each; no single field, including the shared address, was treated as dispositive.",2026-08-10,retain_each,distinct_phases_or_components_common_address,Google,https://www.google.com/search?q=BENTONVILLE%20II%20%7C%20BENTONVILLE%20III%20AR%20affordable%20housing,"Bentonville Ii | Affordable Housing in Bentonville, AR | Bentonville Iii | Affordable Housing in Bentonville, AR",public_property_directory,https://affordablehousinghub.org/housing/arkansas/benton-county/bentonville/bentonville-ii-25951-lihtc | https://affordablehousinghub.org/housing/arkansas/benton-county/bentonville/bentonville-iii-26018-lihtc,"Outside read: the retained public records identify separately named phases, components, projects, or buildings. A common address or campus is not sufficient to collapse them.",2026-08-10,retain_each,distinct_phases_or_components_common_address,distinct_phase_or_component_common_address,Apply only the explicit member partition. Preserve every HUD row as a project episode and every site row. Do not sum units or approve a coordinate query here.,2026-08-10,not_approved,FALSE,2,2,0,retain_each,AR,BENTONVILLE II | BENTONVILLE III,1108 SE D ST|BENTONVILLE|AR,name_similarity_only
XDA2_0016,new_two_pass_review,merge_all,internal_evidence_supports_one_physical_development,"Internal read: normalized and published names, state IDs, primary and complete address sets, placed-in-service years, unit scopes, and source-quality flags were read together. The resulting member partition is merge_all; no single field, including the shared address, was treated as dispositive.",2026-08-10,merge_all,duplicate_reporting_or_later_episode_same_physical_development,Google,https://www.google.com/search?q=BLUFFS%20ON%20MCCAIN%20II%20FKA%20NORTH%20PARK%20APARTMENTS%20%7C%20BLUFFS%20ON%20MCCAIN%20II%20FKA%20NORTHPARK%20APARTMENTS%20AR%20affordable%20housing,"Bluffs on Mccain Ii Fka North Park Apartments | Affordable Housing in North Little Rock, AR",public_property_directory,https://affordablehousinghub.org/housing/arkansas/pulaski-county/north-little-rock/bluffs-on-mccain-ii-fka-north-park-apartments-30222-lihtc,"Outside read: the retained public records identify one named property, one later financing episode, one paired-financing development, or one scattered-site development corresponding to the internal record set. All HUD rows and site rows remain preserved.",2026-08-10,merge_all,duplicate_reporting_or_later_episode_same_physical_development,same_physical_development_address,Apply only the explicit member partition. Preserve every HUD row as a project episode and every site row. Do not sum units or approve a coordinate query here.,2026-08-10,not_approved,FALSE,2,1,0,merge_all,AR,BLUFFS ON MCCAIN II FKA NORTH PARK APARTMENTS | BLUFFS ON MCCAIN II FKA NORTHPARK APARTMENTS,429 MCCAIN BLVD|NORTH LITTLE ROCK|AR | 431 MCCAIN BLVD|NORTH LITTLE ROCK|AR | 433 MCCAIN BLVD|NORTH LITTLE ROCK|AR | 435 MCCAIN BLVD|NORTH LITTLE ROCK|AR,name_or_timing_with_equal_units_near_pis
XDA2_0017,new_two_pass_review,merge_all,internal_evidence_supports_one_physical_development,"Internal read: normalized and published names, state IDs, primary and complete address sets, placed-in-service years, unit scopes, and source-quality flags were read together. The resulting member partition is merge_all; no single field, including the shared address, was treated as dispositive.",2026-08-10,merge_all,duplicate_reporting_or_later_episode_same_physical_development,Google,https://www.google.com/search?q=BROADWAY%20TERRACE%20%7C%20BROADWAY%20TERRACE%20%28WEST%20MEMPHIS%29%20AR%20affordable%20housing,"Broadway Terrace | Affordable Housing in West Memphis, AR | Broadway Terrace West Memphis | Affordable Housing in West Memphis, AR",public_property_directory,https://affordablehousinghub.org/housing/arkansas/crittenden-county/west-memphis/broadway-terrace-30124-lihtc | https://affordablehousinghub.org/housing/arkansas/crittenden-county/west-memphis/broadway-terrace-west-memphis-25220-lihtc,"Outside read: the retained public records identify one named property, one later financing episode, one paired-financing development, or one scattered-site development corresponding to the internal record set. All HUD rows and site rows remain preserved.",2026-08-10,merge_all,duplicate_reporting_or_later_episode_same_physical_development,same_physical_development_address,Apply only the explicit member partition. Preserve every HUD row as a project episode and every site row. Do not sum units or approve a coordinate query here.,2026-08-10,not_approved,FALSE,2,1,0,merge_all,AR,BROADWAY TERRACE | BROADWAY TERRACE (WEST MEMPHIS),1401 VILLAGE DR|WEST MEMPHIS|AR,name_or_timing_with_equal_units_near_pis
XDA2_0018,new_two_pass_review,retain_each,internal_evidence_supports_distinct_phases_or_components,"Internal read: normalized and published names, state IDs, primary and complete address sets, placed-in-service years, unit scopes, and source-quality flags were read together. The resulting member partition is retain_each; no single field, including the shared address, was treated as dispositive.",2026-08-10,retain_each,distinct_phases_or_components_common_address,Google,https://www.google.com/search?q=CHAPEL%20RIDGE%20OF%20TEXARKANA%20%7C%20CHAPEL%20RIDGE%20OF%20TEXARKANA%20II%20AR%20affordable%20housing,"Chapel Ridge of Texarkana | Affordable Housing in Texarkana, AR | Chapel Ridge of Texarkana Ii | Affordable Housing in Texarkana, AR",public_property_directory,https://affordablehousinghub.org/housing/arkansas/miller-county/texarkana/chapel-ridge-of-texarkana-29810-lihtc | https://affordablehousinghub.org/housing/arkansas/miller-county/texarkana/chapel-ridge-of-texarkana-ii-25717-lihtc,"Outside read: the retained public records identify separately named phases, components, projects, or buildings. A common address or campus is not sufficient to collapse them.",2026-08-10,retain_each,distinct_phases_or_components_common_address,distinct_phase_or_component_common_address,Apply only the explicit member partition. Preserve every HUD row as a project episode and every site row. Do not sum units or approve a coordinate query here.,2026-08-10,not_approved,FALSE,2,2,0,retain_each,AR,CHAPEL RIDGE OF TEXARKANA | CHAPEL RIDGE OF TEXARKANA II,4717 COUNTY AVE|TEXARKANA|AR,name_similarity_only
XDA2_0019,new_two_pass_review,retain_each,internal_evidence_supports_distinct_phases_or_components,"Internal read: normalized and published names, state IDs, primary and complete address sets, placed-in-service years, unit scopes, and source-quality flags were read together. The resulting member partition is retain_each; no single field, including the shared address, was treated as dispositive.",2026-08-10,retain_each,distinct_phases_or_components_common_address,Google,https://www.google.com/search?q=COLONY%20SQUARE%20AT%20SPRINGDALE%20PHASE%20I%20%7C%20COLONY%20SQUARE%20AT%20SPRINGDALE%20PHASE%20II%20AR%20affordable%20housing,"Colony Square At Springdale Phase I | Affordable Housing in Springdale, AR | Colony Square At Springdale Phase Ii | Affordable Housing in Springdale, AR",public_property_directory,https://affordablehousinghub.org/housing/arkansas/washington-county/springdale/colony-square-at-springdale-phase-i-29711-lihtc | https://affordablehousinghub.org/housing/arkansas/washington-county/springdale/colony-square-at-springdale-phase-ii-29712-lihtc,"Outside read: the retained public records identify separately named phases, components, projects, or buildings. A common address or campus is not sufficient to collapse them.",2026-08-10,retain_each,distinct_phases_or_components_common_address,distinct_phase_or_component_common_address,Apply only the explicit member partition. Preserve every HUD row as a project episode and every site row. Do not sum units or approve a coordinate query here.,2026-08-10,not_approved,FALSE,2,2,0,retain_each,AR,COLONY SQUARE AT SPRINGDALE PHASE I | COLONY SQUARE AT SPRINGDALE PHASE II,1322 AQ CIR|SPRINGDALE|AR,phase_or_component_only
XDA2_0020,new_two_pass_review,merge_all,internal_evidence_supports_one_physical_development,"Internal read: normalized and published names, state IDs, primary and complete address sets, placed-in-service years, unit scopes, and source-quality flags were read together. The resulting member partition is merge_all; no single field, including the shared address, was treated as dispositive.",2026-08-10,merge_all,duplicate_reporting_or_later_episode_same_physical_development,Google,https://www.google.com/search?q=CYPRESS%20GROVE%20-%20LAKE%20VILLAGE%20%7C%20CYPRESS%20GROVE%20OF%20LAKE%20VILLAGE%20AR%20affordable%20housing,"Cypress Grove - Lake Village | Affordable Housing in Lake Village, AR | Cypress Grove of Lake Village | Affordable Housing in Lake Village, AR",public_property_directory,https://affordablehousinghub.org/housing/arkansas/chicot-county/lake-village/cypress-grove-lake-village-29710-lihtc | https://affordablehousinghub.org/housing/arkansas/chicot-county/lake-village/cypress-grove-of-lake-village-29684-lihtc,"Outside read: the retained public records identify one named property, one later financing episode, one paired-financing development, or one scattered-site development corresponding to the internal record set. All HUD rows and site rows remain preserved.",2026-08-10,merge_all,duplicate_reporting_or_later_episode_same_physical_development,same_physical_development_address,Apply only the explicit member partition. Preserve every HUD row as a project episode and every site row. Do not sum units or approve a coordinate query here.,2026-08-10,not_approved,FALSE,2,1,0,merge_all,AR,CYPRESS GROVE - LAKE VILLAGE | CYPRESS GROVE OF LAKE VILLAGE,188 CYPRESS ST|LAKE VILLAGE|AR,name_similarity_only
XDA2_0021,new_two_pass_review,merge_all,internal_evidence_supports_one_physical_development,"Internal read: normalized and published names, state IDs, primary and complete address sets, placed-in-service years, unit scopes, and source-quality flags were read together. The resulting member partition is merge_all; no single field, including the shared address, was treated as dispositive.",2026-08-10,merge_all,duplicate_reporting_or_later_episode_same_physical_development,Google,https://www.google.com/search?q=ELLISTON%20FKA%20ROSS%20APARTMENTS%20%7C%20ELLISTON%20PLACE%20FKA%20ROSS%20APARTMENTS%20AR%20affordable%20housing,"Elliston Fka Ross Apartments | Affordable Housing in Arkadelphia, AR | Elliston Place Fka Ross Apartments | Affordable Housing in Arkadelphia, AR",public_property_directory,https://affordablehousinghub.org/housing/arkansas/clark-county/arkadelphia/elliston-place-fka-ross-apartments-29881-lihtc | https://affordablehousinghub.org/housing/arkansas/clark-county/arkkadelphia/elliston-fka-ross-apartments-25714-lihtc,"Outside read: the retained public records identify one named property, one later financing episode, one paired-financing development, or one scattered-site development corresponding to the internal record set. All HUD rows and site rows remain preserved.",2026-08-10,merge_all,duplicate_reporting_or_later_episode_same_physical_development,same_physical_development_address,Apply only the explicit member partition. Preserve every HUD row as a project episode and every site row. Do not sum units or approve a coordinate query here.,2026-08-10,not_approved,FALSE,2,1,0,merge_all,AR,ELLISTON FKA ROSS APARTMENTS | ELLISTON PLACE FKA ROSS APARTMENTS,222 N 20TH ST|ARKADELPHIA|AR,name_or_timing_with_equal_units_near_pis
XDA2_0022,new_two_pass_review,retain_each,internal_evidence_supports_distinct_phases_or_components,"Internal read: normalized and published names, state IDs, primary and complete address sets, placed-in-service years, unit scopes, and source-quality flags were read together. The resulting member partition is retain_each; no single field, including the shared address, was treated as dispositive.",2026-08-10,retain_each,distinct_phases_or_components_common_address,Google,https://www.google.com/search?q=GARDEN%20WALK%20ON%20ELFEN%20GLEN%20I%20%7C%20GARDEN%20WALK%20ON%20ELFEN%20GLEN%20II%20AR%20affordable%20housing,"Garden Walk on Elfen Glen I | Affordable Housing in Van Buren, AR | Garden Walk on Elfen Glen Ii | Affordable Housing in Van Buren, AR",public_property_directory,https://affordablehousinghub.org/housing/arkansas/crawford-county/van-buren/garden-walk-on-elfen-glen-i-29971-lihtc | https://affordablehousinghub.org/housing/arkansas/crawford-county/van-buren/garden-walk-on-elfen-glen-ii-25792-lihtc,"Outside read: the retained public records identify separately named phases, components, projects, or buildings. A common address or campus is not sufficient to collapse them.",2026-08-10,retain_each,distinct_phases_or_components_common_address,distinct_phase_or_component_common_address,Apply only the explicit member partition. Preserve every HUD row as a project episode and every site row. Do not sum units or approve a coordinate query here.,2026-08-10,not_approved,FALSE,2,2,0,retain_each,AR,GARDEN WALK ON ELFEN GLEN I | GARDEN WALK ON ELFEN GLEN II,1608 ELFEN GLEN ST|VAN BUREN|AR,name_similarity_only
XDA2_0023,new_two_pass_review,merge_all,internal_evidence_supports_one_physical_development,"Internal read: normalized and published names, state IDs, primary and complete address sets, placed-in-service years, unit scopes, and source-quality flags were read together. The resulting member partition is merge_all; no single field, including the shared address, was treated as dispositive.",2026-08-10,merge_all,duplicate_reporting_or_later_episode_same_physical_development,Google,https://www.google.com/search?q=HICKY%20GARDEN%20%7C%20HICKY%20GARDENS%20AR%20affordable%20housing,"Hicky Garden | Affordable Housing in Marianna, AR | Hicky Gardens | Affordable Housing in Marianna, AR",public_property_directory,https://affordablehousinghub.org/housing/arkansas/lee-county/marianna/hicky-garden-25680-lihtc | https://affordablehousinghub.org/housing/arkansas/lee-county/marianna/hicky-gardens-30115-lihtc,"Outside read: the retained public records identify one named property, one later financing episode, one paired-financing development, or one scattered-site development corresponding to the internal record set. All HUD rows and site rows remain preserved.",2026-08-10,merge_all,duplicate_reporting_or_later_episode_same_physical_development,same_physical_development_address,Apply only the explicit member partition. Preserve every HUD row as a project episode and every site row. Do not sum units or approve a coordinate query here.,2026-08-10,not_approved,FALSE,2,1,0,merge_all,AR,HICKY GARDEN | HICKY GARDENS,785 HICKY RD|MARIANNA|AR,name_or_timing_with_equal_units_near_pis
XDA2_0024,new_two_pass_review,retain_each,internal_evidence_supports_distinct_phases_or_components,"Internal read: normalized and published names, state IDs, primary and complete address sets, placed-in-service years, unit scopes, and source-quality flags were read together. The resulting member partition is retain_each; no single field, including the shared address, was treated as dispositive.",2026-08-10,retain_each,distinct_phases_or_components_common_address,Google,https://www.google.com/search?q=IMPERIAL%20HOMES%20NORTH%20%7C%20IMPERIAL%20HOMES%20SOUTH%20AR%20affordable%20housing,"Imperial Homes North | Affordable Housing in West Memphis, AR | Imperial Homes South | Affordable Housing in West Memphis, AR",public_property_directory,https://affordablehousinghub.org/housing/arkansas/crittenden-county/west-memphis/imperial-homes-north-29885-lihtc | https://affordablehousinghub.org/housing/arkansas/crittenden-county/west-memphis/imperial-homes-south-26007-lihtc,"Outside read: the retained public records identify separately named phases, components, projects, or buildings. A common address or campus is not sufficient to collapse them.",2026-08-10,retain_each,distinct_phases_or_components_common_address,distinct_phase_or_component_common_address,Apply only the explicit member partition. Preserve every HUD row as a project episode and every site row. Do not sum units or approve a coordinate query here.,2026-08-10,not_approved,FALSE,2,2,0,retain_each,AR,IMPERIAL HOMES NORTH | IMPERIAL HOMES SOUTH,2950 E JACKSON AVE|WEST MEMPHIS|AR,name_similarity_only
XDA2_0025,new_two_pass_review,retain_each,internal_evidence_supports_distinct_phases_or_components,"Internal read: normalized and published names, state IDs, primary and complete address sets, placed-in-service years, unit scopes, and source-quality flags were read together. The resulting member partition is retain_each; no single field, including the shared address, was treated as dispositive.",2026-08-10,retain_each,distinct_phases_or_components_common_address,Google,https://www.google.com/search?q=MADISON%20HEIGHTS%20PHASE%20II%20%7C%20MADISON%20HEIGHTS%20PHASE%20III%20AR%20affordable%20housing,"Madison Heights Phase Ii | Affordable Housing in Little Rock, AR | Madison Heights Phase Iii | Affordable Housing in Little Rock, AR",public_property_directory,https://affordablehousinghub.org/housing/arkansas/pulaski-county/little-rock/madison-heights-phase-ii-25647-lihtc | https://affordablehousinghub.org/housing/arkansas/pulaski-county/little-rock/madison-heights-phase-iii-25784-lihtc,"Outside read: the retained public records identify separately named phases, components, projects, or buildings. A common address or campus is not sufficient to collapse them.",2026-08-10,retain_each,distinct_phases_or_components_common_address,distinct_phase_or_component_common_address,Apply only the explicit member partition. Preserve every HUD row as a project episode and every site row. Do not sum units or approve a coordinate query here.,2026-08-10,not_approved,FALSE,2,2,0,retain_each,AR,MADISON HEIGHTS PHASE II | MADISON HEIGHTS PHASE III,1401 MADISON ST|LITTLE ROCK|AR,phase_or_component_only
XDA2_0026,new_two_pass_review,retain_each,internal_evidence_supports_distinct_phases_or_components,"Internal read: normalized and published names, state IDs, primary and complete address sets, placed-in-service years, unit scopes, and source-quality flags were read together. The resulting member partition is retain_each; no single field, including the shared address, was treated as dispositive.",2026-08-10,retain_each,distinct_phases_or_components_common_address,Google,https://www.google.com/search?q=MEADOWGLADE%20%28DUPLEXES%29%20%7C%20MEADOWGLADE%20II%20%28DUPLEXES%29%20AR%20affordable%20housing,"Meadowglade Duplexes | Affordable Housing in Bentonville, AR | Meadowglade Ii Duplexes | Affordable Housing in Bentonville, AR",public_property_directory,https://affordablehousinghub.org/housing/arkansas/benton-county/bentonville/meadowglade-duplexes-25911-lihtc | https://affordablehousinghub.org/housing/arkansas/benton-county/bentonville/meadowglade-ii-duplexes-29942-lihtc,"Outside read: the retained public records identify separately named phases, components, projects, or buildings. A common address or campus is not sufficient to collapse them.",2026-08-10,retain_each,distinct_phases_or_components_common_address,distinct_phase_or_component_common_address,Apply only the explicit member partition. Preserve every HUD row as a project episode and every site row. Do not sum units or approve a coordinate query here.,2026-08-10,not_approved,FALSE,2,2,0,retain_each,AR,MEADOWGLADE (DUPLEXES) | MEADOWGLADE II (DUPLEXES),401 SE 12TH ST|BENTONVILLE|AR,name_or_timing_with_equal_units_near_pis
XDA2_0027,new_two_pass_review,merge_all,internal_evidence_supports_one_physical_development,"Internal read: normalized and published names, state IDs, primary and complete address sets, placed-in-service years, unit scopes, and source-quality flags were read together. The resulting member partition is merge_all; no single field, including the shared address, was treated as dispositive.",2026-08-10,merge_all,duplicate_reporting_or_later_episode_same_physical_development,Google,https://www.google.com/search?q=OAKS%20ASSISTED%20LIVING%20%7C%20OAKS%20AT%20MENA%20AR%20affordable%20housing,"Oaks Assisted Living | Affordable Housing in Mena, AR | Oaks At Mena | Affordable Housing in Mena, AR",public_property_directory,https://affordablehousinghub.org/housing/arkansas/polk-county/mena/oaks-assisted-living-30532-lihtc | https://affordablehousinghub.org/housing/arkansas/polk-county/mena/oaks-at-mena-25665-lihtc,"Outside read: the retained public records identify one named property, one later financing episode, one paired-financing development, or one scattered-site development corresponding to the internal record set. All HUD rows and site rows remain preserved.",2026-08-10,merge_all,duplicate_reporting_or_later_episode_same_physical_development,same_physical_development_address,Apply only the explicit member partition. Preserve every HUD row as a project episode and every site row. Do not sum units or approve a coordinate query here.,2026-08-10,not_approved,FALSE,2,1,0,merge_all,AR,OAKS ASSISTED LIVING | OAKS AT MENA,1341 S MENA ST|MENA|AR,name_or_timing_with_equal_units_near_pis
XDA2_0028,new_two_pass_review,retain_each,internal_evidence_supports_distinct_phases_or_components,"Internal read: normalized and published names, state IDs, primary and complete address sets, placed-in-service years, unit scopes, and source-quality flags were read together. The resulting member partition is retain_each; no single field, including the shared address, was treated as dispositive.",2026-08-10,retain_each,distinct_phases_or_components_common_address,Google,https://www.google.com/search?q=PARK%20PLAZA%20APTS%20PHASES%20III%20%26%20IV%20%7C%20PARK%20PLAZA%20III%20AR%20affordable%20housing,"Park Plaza Apts Phases Iii & Iv | Affordable Housing in West Memphis, AR | Park Plaza Iii | Affordable Housing in West Memphis, AR",public_property_directory,https://affordablehousinghub.org/housing/arkansas/crittenden-county/west-memphis/park-plaza-apts-phases-iii-iv-25659-lihtc | https://affordablehousinghub.org/housing/arkansas/crittenden-county/west-memphis/park-plaza-iii-29754-lihtc,"Outside read: the retained public records identify separately named phases, components, projects, or buildings. A common address or campus is not sufficient to collapse them.",2026-08-10,retain_each,distinct_phases_or_components_common_address,distinct_phase_or_component_common_address,Apply only the explicit member partition. Preserve every HUD row as a project episode and every site row. Do not sum units or approve a coordinate query here.,2026-08-10,not_approved,FALSE,2,2,0,retain_each,AR,PARK PLAZA APTS PHASES III & IV | PARK PLAZA III,3950 E SERVICE RD|WEST MEMPHIS|AR,name_or_timing_with_equal_units_near_pis
XDA2_0029,new_two_pass_review,merge_all,internal_evidence_supports_one_physical_development,"Internal read: normalized and published names, state IDs, primary and complete address sets, placed-in-service years, unit scopes, and source-quality flags were read together. The resulting member partition is merge_all; no single field, including the shared address, was treated as dispositive.",2026-08-10,merge_all,duplicate_reporting_or_later_episode_same_physical_development,Google,https://www.google.com/search?q=PEAKS%20AT%20COUNTRY%20CLUB%20%7C%20PEAKS%20AT%20COUNTRY%20CLUB%20II%20AR%20affordable%20housing,"Peaks At Country Club | Affordable Housing in North Little Rock, AR | Peaks At Country Club Ii | Affordable Housing in North Little Rock, AR",public_property_directory,https://affordablehousinghub.org/housing/arkansas/pulaski-county/north-little-rock/peaks-at-country-club-25826-lihtc | https://affordablehousinghub.org/housing/arkansas/pulaski-county/north-little-rock/peaks-at-country-club-ii-30221-lihtc,"Outside read: the retained public records identify one named property, one later financing episode, one paired-financing development, or one scattered-site development corresponding to the internal record set. All HUD rows and site rows remain preserved.",2026-08-10,merge_all,duplicate_reporting_or_later_episode_same_physical_development,same_physical_development_address,Apply only the explicit member partition. Preserve every HUD row as a project episode and every site row. Do not sum units or approve a coordinate query here.,2026-08-10,not_approved,FALSE,2,1,0,merge_all,AR,PEAKS AT COUNTRY CLUB | PEAKS AT COUNTRY CLUB II,10710 RICHSMITH LN|NORTH LITTLE ROCK|AR,name_or_timing_with_equal_units_near_pis
XDA2_0030,new_two_pass_review,retain_each,internal_evidence_supports_distinct_phases_or_components,"Internal read: normalized and published names, state IDs, primary and complete address sets, placed-in-service years, unit scopes, and source-quality flags were read together. The resulting member partition is retain_each; no single field, including the shared address, was treated as dispositive.",2026-08-10,retain_each,distinct_phases_or_components_common_address,Google,https://www.google.com/search?q=RIDGE%20AT%20LITTLE%20ROCK%20I%20%7C%20RIDGE%20AT%20LITTLE%20ROCK%20II%20AR%20affordable%20housing,"Ridge At North Little Rock Ii | Affordable Housing in North Little Rock, AR",public_property_directory,https://affordablehousinghub.org/housing/arkansas/pulaski-county/north-little-rock/ridge-at-north-little-rock-ii-29974-lihtc,"Outside read: the retained public records identify separately named phases, components, projects, or buildings. A common address or campus is not sufficient to collapse them.",2026-08-10,retain_each,distinct_phases_or_components_common_address,distinct_phase_or_component_common_address,Apply only the explicit member partition. Preserve every HUD row as a project episode and every site row. Do not sum units or approve a coordinate query here.,2026-08-10,not_approved,FALSE,2,2,0,retain_each,AR,RIDGE AT LITTLE ROCK I | RIDGE AT LITTLE ROCK II,1400 LEANDER DR|LITTLE ROCK|AR,name_or_timing_with_equal_units_near_pis
XDA2_0031,new_two_pass_review,retain_each,internal_evidence_supports_distinct_phases_or_components,"Internal read: normalized and published names, state IDs, primary and complete address sets, placed-in-service years, unit scopes, and source-quality flags were read together. The resulting member partition is retain_each; no single field, including the shared address, was treated as dispositive.",2026-08-10,retain_each,distinct_phases_or_components_common_address,Google,https://www.google.com/search?q=RIDGE%20AT%20NORTH%20LITTLE%20ROCK%20II%20%7C%20RIDGE%20AT%20NORTH%20LITTLE%20ROCK%20III%20AR%20affordable%20housing,"Ridge At North Little Rock Ii | Affordable Housing in North Little Rock, AR | Ridge At North Little Rock Iii | Affordable Housing in North Little Rock, AR",public_property_directory,https://affordablehousinghub.org/housing/arkansas/pulaski-county/north-little-rock/ridge-at-north-little-rock-ii-29974-lihtc | https://affordablehousinghub.org/housing/arkansas/pulaski-county/north-little-rock/ridge-at-north-little-rock-iii-25210-lihtc,"Outside read: the retained public records identify separately named phases, components, projects, or buildings. A common address or campus is not sufficient to collapse them.",2026-08-10,retain_each,distinct_phases_or_components_common_address,distinct_phase_or_component_common_address,Apply only the explicit member partition. Preserve every HUD row as a project episode and every site row. Do not sum units or approve a coordinate query here.,2026-08-10,not_approved,FALSE,2,2,0,retain_each,AR,RIDGE AT NORTH LITTLE ROCK II | RIDGE AT NORTH LITTLE ROCK III,940 W SCENIC DR|NORTH LITTLE ROCK|AR,name_similarity_only
XDA2_0032,new_two_pass_review,retain_each,internal_evidence_supports_distinct_phases_or_components,"Internal read: normalized and published names, state IDs, primary and complete address sets, placed-in-service years, unit scopes, and source-quality flags were read together. The resulting member partition is retain_each; no single field, including the shared address, was treated as dispositive.",2026-08-10,retain_each,distinct_phases_or_components_common_address,Google,https://www.google.com/search?q=RIDGE%20AT%20WEST%20MEMPHIS%20II%20%7C%20RIDGE%20AT%20WEST%20MEMPHIS%20III%20AR%20affordable%20housing,"Ridge At West Memphis Ii | Affordable Housing in West Memphis, AR | Ridge At West Memphis Iii | Affordable Housing in West Memphis, AR",public_property_directory,https://affordablehousinghub.org/housing/arkansas/crittenden-county/west-memphis/ridge-at-west-memphis-ii-30057-lihtc | https://affordablehousinghub.org/housing/arkansas/crittenden-county/west-memphis/ridge-at-west-memphis-iii-25211-lihtc,"Outside read: the retained public records identify separately named phases, components, projects, or buildings. A common address or campus is not sufficient to collapse them.",2026-08-10,retain_each,distinct_phases_or_components_common_address,distinct_phase_or_component_common_address,Apply only the explicit member partition. Preserve every HUD row as a project episode and every site row. Do not sum units or approve a coordinate query here.,2026-08-10,not_approved,FALSE,2,2,0,retain_each,AR,RIDGE AT WEST MEMPHIS II | RIDGE AT WEST MEMPHIS III,210 W JACKSON AVE|WEST MEMPHIS|AR,name_similarity_only
XDA2_0033,new_two_pass_review,retain_each,internal_evidence_supports_distinct_phases_or_components,"Internal read: normalized and published names, state IDs, primary and complete address sets, placed-in-service years, unit scopes, and source-quality flags were read together. The resulting member partition is retain_each; no single field, including the shared address, was treated as dispositive.",2026-08-10,retain_each,distinct_phases_or_components_common_address,Google,https://www.google.com/search?q=RIVERSIDE%20PARK%20APARTMENTS%20I%20FKA%20PARK%20PLAZA%20I%20%7C%20RIVERSIDE%20PARK%20APARTMENTS%20II%20FKA%20PARK%20PLAZA%20I%20AR%20affordable%20housing,"Riverside Park Apartments I Fka Park Plaza I | Affordable Housing in West Memphis, AR | Riverside Park Apartments Ii Fka Park Plaza I | Affordable Housing in West Memphis, AR",public_property_directory,https://affordablehousinghub.org/housing/arkansas/crittenden-county/west-memphis/riverside-park-apartments-i-fka-park-plaza-i-25805-lihtc | https://affordablehousinghub.org/housing/arkansas/crittenden-county/west-memphis/riverside-park-apartments-ii-fka-park-plaza-i-29905-lihtc,"Outside read: the retained public records identify separately named phases, components, projects, or buildings. A common address or campus is not sufficient to collapse them.",2026-08-10,retain_each,distinct_phases_or_components_common_address,distinct_phase_or_component_common_address,Apply only the explicit member partition. Preserve every HUD row as a project episode and every site row. Do not sum units or approve a coordinate query here.,2026-08-10,not_approved,FALSE,2,2,0,retain_each,AR,RIVERSIDE PARK APARTMENTS I FKA PARK PLAZA I | RIVERSIDE PARK APARTMENTS II FKA PARK PLAZA I,3950 E SERVICE RD|WEST MEMPHIS|AR,name_or_timing_with_equal_units_near_pis
XDA2_0034,new_two_pass_review,merge_all,internal_evidence_supports_one_physical_development,"Internal read: normalized and published names, state IDs, primary and complete address sets, placed-in-service years, unit scopes, and source-quality flags were read together. The resulting member partition is merge_all; no single field, including the shared address, was treated as dispositive.",2026-08-10,merge_all,duplicate_reporting_or_later_episode_same_physical_development,Google,https://www.google.com/search?q=STONEBROOK%20PARK%20HOMES%20OF%20WYNNE%20%7C%20STONEBROOK%20PARK%20OF%20WYNNE%20AR%20affordable%20housing,"Stonebrook Park Homes of Wynne | Affordable Housing in Wynne, AR | Stonebrook Park of Wynne | Affordable Housing in Wynne, AR",public_property_directory,https://affordablehousinghub.org/housing/arkansas/cross-county/wynne/stonebrook-park-homes-of-wynne-29946-lihtc | https://affordablehousinghub.org/housing/arkansas/cross-county/wynne/stonebrook-park-of-wynne-25774-lihtc,"Outside read: the retained public records identify one named property, one later financing episode, one paired-financing development, or one scattered-site development corresponding to the internal record set. All HUD rows and site rows remain preserved.",2026-08-10,merge_all,duplicate_reporting_or_later_episode_same_physical_development,same_physical_development_address,Apply only the explicit member partition. Preserve every HUD row as a project episode and every site row. Do not sum units or approve a coordinate query here.,2026-08-10,not_approved,FALSE,2,1,0,merge_all,AR,STONEBROOK PARK HOMES OF WYNNE | STONEBROOK PARK OF WYNNE,400 S STONEBROOK CR|WYNNE|AR | 401 N STONEBROOK CR|WYNNE|AR | 401 S STONEBROOK CR|WYNNE|AR | 404 N STONEBROOK CR|WYNNE|AR | 404 S STONEBROOK CR|WYNNE|AR | ... (36 values),name_or_timing_with_equal_units_near_pis
XDA2_0035,new_two_pass_review,retain_each,internal_evidence_supports_distinct_phases_or_components,"Internal read: normalized and published names, state IDs, primary and complete address sets, placed-in-service years, unit scopes, and source-quality flags were read together. The resulting member partition is retain_each; no single field, including the shared address, was treated as dispositive.",2026-08-10,retain_each,distinct_phases_or_components_common_address,Google,https://www.google.com/search?q=STONERIDGE%20DUPLEXES%20II%20OF%20SILOAM%20SPRINGS%20%7C%20STONERIDGE%20DUPLEXES%20OF%20SILOAM%20SPRINGS%20AR%20affordable%20housing,LIHTC Properties in Arkansas Through 2023,sector_compilation,https://www.novoco.com/public-media/documents/arkansas-lihtc-properties-through-2023-072025.pdf,"Outside read: the retained public records identify separately named phases, components, projects, or buildings. A common address or campus is not sufficient to collapse them.",2026-08-10,retain_each,distinct_phases_or_components_common_address,distinct_phase_or_component_common_address,Apply only the explicit member partition. Preserve every HUD row as a project episode and every site row. Do not sum units or approve a coordinate query here.,2026-08-10,not_approved,FALSE,2,2,0,retain_each,AR,STONERIDGE DUPLEXES II OF SILOAM SPRINGS | STONERIDGE DUPLEXES OF SILOAM SPRINGS,824 S TRAVERTINE ST|SILOAM SPRINGS|AR | 824A TRAVERTINE ST|SILOAM SPRINGS|AR,name_similarity_only
XDA2_0036,new_two_pass_review,merge_all,internal_evidence_supports_one_physical_development,"Internal read: normalized and published names, state IDs, primary and complete address sets, placed-in-service years, unit scopes, and source-quality flags were read together. The resulting member partition is merge_all; no single field, including the shared address, was treated as dispositive.",2026-08-10,merge_all,duplicate_reporting_or_later_episode_same_physical_development,Google,https://www.google.com/search?q=VINEYARDS%20AT%20MONTICELLO%20%7C%20VINEYARDS%20OF%20MONTICELLO%20AR%20affordable%20housing,"Vineyards At Monticello | Affordable Housing in Monticello, AR | Vineyards of Monticello | Affordable Housing in Monticello, AR",public_property_directory,https://affordablehousinghub.org/housing/arkansas/drew-county/monticello/vineyards-at-monticello-29910-lihtc | https://affordablehousinghub.org/housing/arkansas/drew-county/monticello/vineyards-of-monticello-25764-lihtc,"Outside read: the retained public records identify one named property, one later financing episode, one paired-financing development, or one scattered-site development corresponding to the internal record set. All HUD rows and site rows remain preserved.",2026-08-10,merge_all,duplicate_reporting_or_later_episode_same_physical_development,same_physical_development_address,Apply only the explicit member partition. Preserve every HUD row as a project episode and every site row. Do not sum units or approve a coordinate query here.,2026-08-10,not_approved,FALSE,2,1,0,merge_all,AR,VINEYARDS AT MONTICELLO | VINEYARDS OF MONTICELLO,125 MIDWAY ROUTE|MONTICELLO|AR,name_or_timing_with_equal_units_near_pis
XDA2_0037,new_two_pass_review,partition,internal_evidence_supports_member_level_partition,"Internal read: normalized and published names, state IDs, primary and complete address sets, placed-in-service years, unit scopes, and source-quality flags were read together. The resulting member partition is partition; no single field, including the shared address, was treated as dispositive.",2026-08-10,partition,duplicate_records_partitioned_within_distinct_phases,Google,https://www.google.com/search?q=WALKER%20COURTS%20NORTH%20APTS%20%7C%20WALKER%20COURTS%20SOUTH%20%20APARTMETNS%20%7C%20WALKER%20COURTS%20SOUTH%20APTS%20AR%20affordable%20housing,"Walker Courts North Apts | Affordable Housing in Jonesboro, AR | Walker Courts South Apartmetns | Affordable Housing in Jonesboro, AR | Walker Courts South Apts | Affordable Housing in Jonesboro, AR",public_property_directory,https://affordablehousinghub.org/housing/arkansas/craighead-county/jonesboro/walker-courts-north-apts-25711-lihtc | https://affordablehousinghub.org/housing/arkansas/craighead-county/jonesboro/walker-courts-south-apartmetns-30006-lihtc | https://affordablehousinghub.org/housing/arkansas/craighead-county/jonesboro/walker-courts-south-apts-25712-lihtc,Outside read: the retained public records support duplicate reporting within some named phases or components while preserving the other named phases or components as distinct physical developments.,2026-08-10,partition,duplicate_records_partitioned_within_distinct_phases,mixed_duplicate_and_distinct_component_overlap,Apply only the explicit member partition. Preserve every HUD row as a project episode and every site row. Do not sum units or approve a coordinate query here.,2026-08-10,not_approved,FALSE,3,2,0,partition,AR,WALKER COURTS NORTH APTS | WALKER COURTS SOUTH  APARTMETNS | WALKER COURTS SOUTH APTS,1105 WALKER PL|JONESBORO|AR | 1107 WALKER PL|JONESBORO|AR | 1109 WALKER PL|JONESBORO|AR | 1111 WALKER PL|JONESBORO|AR | 1113 WALKER PL|JONESBORO|AR | ... (12 values) | 1129 WALKER PL|JONESBORO|AR,name_or_timing_with_equal_units_near_pis
XDA2_0038,new_two_pass_review,retain_each,internal_evidence_supports_distinct_phases_or_components,"Internal read: normalized and published names, state IDs, primary and complete address sets, placed-in-service years, unit scopes, and source-quality flags were read together. The resulting member partition is retain_each; no single field, including the shared address, was treated as dispositive.",2026-08-10,retain_each,distinct_phases_or_components_common_address,Google,https://www.google.com/search?q=CIELO%20CARMEL%20I%20%7C%20CIELO%20CARMEL%20II%20CA%20affordable%20housing,"Cielo Carmel I | Affordable Housing in San Diego, CA | Cielo Carmel Ii | Affordable Housing in San Diego, CA",public_property_directory,https://affordablehousinghub.org/housing/california/san-diego-county/san-diego/cielo-carmel-i-1106-lihtc | https://affordablehousinghub.org/housing/california/san-diego-county/san-diego/cielo-carmel-ii-1107-lihtc,"Outside read: the retained public records identify separately named phases, components, projects, or buildings. A common address or campus is not sufficient to collapse them.",2026-08-10,retain_each,distinct_phases_or_components_common_address,distinct_phase_or_component_common_address,Apply only the explicit member partition. Preserve every HUD row as a project episode and every site row. Do not sum units or approve a coordinate query here.,2026-08-10,not_approved,FALSE,2,2,0,retain_each,CA,CIELO CARMEL I | CIELO CARMEL II,6050 CAMINO SAN FERMIN|SAN DIEGO|CA,name_similarity_only
XDA2_0039,new_two_pass_review,retain_each,internal_evidence_supports_distinct_phases_or_components,"Internal read: normalized and published names, state IDs, primary and complete address sets, placed-in-service years, unit scopes, and source-quality flags were read together. The resulting member partition is retain_each; no single field, including the shared address, was treated as dispositive.",2026-08-10,retain_each,distinct_phases_or_components_common_address,Google,https://www.google.com/search?q=CRESCENT%20VILLAGE%20%7C%20CRESCENT%20VILLAGES%20CA%20affordable%20housing,"Crescent Village | Affordable Housing in Los Angeles, CA",public_property_directory,https://affordablehousinghub.org/housing/california/los-angeles-county/los-angeles/crescent-village-29024-lihtc,"Outside read: the retained public records identify separately named phases, components, projects, or buildings. A common address or campus is not sufficient to collapse them.",2026-08-10,retain_each,distinct_phases_or_components_common_address,distinct_phase_or_component_common_address,Apply only the explicit member partition. Preserve every HUD row as a project episode and every site row. Do not sum units or approve a coordinate query here.,2026-08-10,not_approved,FALSE,2,2,0,retain_each,CA,CRESCENT VILLAGE | CRESCENT VILLAGES,731 BEACON AVE|LOS ANGELES|CA,name_similarity_only
XDA2_0040,new_two_pass_review,retain_each,internal_evidence_supports_distinct_phases_or_components,"Internal read: normalized and published names, state IDs, primary and complete address sets, placed-in-service years, unit scopes, and source-quality flags were read together. The resulting member partition is retain_each; no single field, including the shared address, was treated as dispositive.",2026-08-10,retain_each,distinct_phases_or_components_common_address,Google,https://www.google.com/search?q=LOS%20ARROYOS%20I%20%7C%20LOS%20ARROYOS%20II%20CA%20affordable%20housing,CTCAC Project Mapping and Project List,allocating_agency_record,https://website-qa.treasurer.ca.gov/ctcac/projects,"Outside read: the retained public records identify separately named phases, components, projects, or buildings. A common address or campus is not sufficient to collapse them.",2026-08-10,retain_each,distinct_phases_or_components_common_address,distinct_phase_or_component_common_address,Apply only the explicit member partition. Preserve every HUD row as a project episode and every site row. Do not sum units or approve a coordinate query here.,2026-08-10,not_approved,FALSE,2,2,0,retain_each,CA,LOS ARROYOS I | LOS ARROYOS II,135 E WALNUT AVE|FARMERSVILLE|CA,name_or_timing_with_equal_units_near_pis
XDA2_0041,new_two_pass_review,retain_each,internal_evidence_supports_distinct_phases_or_components,"Internal read: normalized and published names, state IDs, primary and complete address sets, placed-in-service years, unit scopes, and source-quality flags were read together. The resulting member partition is retain_each; no single field, including the shared address, was treated as dispositive.",2026-08-10,retain_each,distinct_phases_or_components_common_address,Google,https://www.google.com/search?q=OAK%20PARK%203%20APARTMENTS%20%7C%20OAK%20PARK%204%20APARTMENTS%20CA%20affordable%20housing,"Oak Park Apartments | Affordable Housing in Paso Robles, CA",public_property_directory,https://affordablehousinghub.org/housing/california/san-luis-obispo-county/paso-robles/oak-park-apartments-1237-lihtc,"Outside read: the retained public records identify separately named phases, components, projects, or buildings. A common address or campus is not sufficient to collapse them.",2026-08-10,retain_each,distinct_phases_or_components_common_address,distinct_phase_or_component_common_address,Apply only the explicit member partition. Preserve every HUD row as a project episode and every site row. Do not sum units or approve a coordinate query here.,2026-08-10,not_approved,FALSE,2,2,0,retain_each,CA,OAK PARK 3 APARTMENTS | OAK PARK 4 APARTMENTS,3120 PINE ST|PASO ROBLES|CA,name_similarity_only
XDA2_0042,new_two_pass_review,retain_each,internal_evidence_supports_distinct_phases_or_components,"Internal read: normalized and published names, state IDs, primary and complete address sets, placed-in-service years, unit scopes, and source-quality flags were read together. The resulting member partition is retain_each; no single field, including the shared address, was treated as dispositive.",2026-08-10,retain_each,distinct_phases_or_components_common_address,Google,https://www.google.com/search?q=SANTA%20FE%20COMMONS%20I%20%7C%20SANTA%20FE%20COMMONS%20II%20CA%20affordable%20housing,"Santa Fe Commons | Affordable Housing in Pittsburg, CA",public_property_directory,https://affordablehousinghub.org/housing/california/contra-costa-county/pittsburg/santa-fe-commons-176-lihtc,"Outside read: the retained public records identify separately named phases, components, projects, or buildings. A common address or campus is not sufficient to collapse them.",2026-08-10,retain_each,distinct_phases_or_components_common_address,distinct_phase_or_component_common_address,Apply only the explicit member partition. Preserve every HUD row as a project episode and every site row. Do not sum units or approve a coordinate query here.,2026-08-10,not_approved,FALSE,2,2,0,retain_each,CA,SANTA FE COMMONS I | SANTA FE COMMONS II,537 N W ST|TULARE|CA,name_similarity_only
XDA2_0043,new_two_pass_review,retain_each,internal_evidence_supports_distinct_phases_or_components,"Internal read: normalized and published names, state IDs, primary and complete address sets, placed-in-service years, unit scopes, and source-quality flags were read together. The resulting member partition is retain_each; no single field, including the shared address, was treated as dispositive.",2026-08-10,retain_each,distinct_phases_or_components_common_address,Google,https://www.google.com/search?q=THE%20GARDENS%20AT%20QUAIL%20RUN%20%7C%20THE%20GARDENS%20AT%20QUAIL%20RUN%20II%20CA%20affordable%20housing,"The Gardens At Sierra | Affordable Housing in Fontana, CA",public_property_directory,https://affordablehousinghub.org/housing/california/san-bernardino-county/fontana/the-gardens-at-sierra-27609-lihtc,"Outside read: the retained public records identify separately named phases, components, projects, or buildings. A common address or campus is not sufficient to collapse them.",2026-08-10,retain_each,distinct_phases_or_components_common_address,distinct_phase_or_component_common_address,Apply only the explicit member partition. Preserve every HUD row as a project episode and every site row. Do not sum units or approve a coordinate query here.,2026-08-10,not_approved,FALSE,2,2,0,retain_each,CA,THE GARDENS AT QUAIL RUN | THE GARDENS AT QUAIL RUN II,10120 BRUCEVILLE RD|ELK GROVE|CA,name_similarity_only
XDA2_0044,new_two_pass_review,merge_all,internal_evidence_supports_one_physical_development,"Internal read: normalized and published names, state IDs, primary and complete address sets, placed-in-service years, unit scopes, and source-quality flags were read together. The resulting member partition is merge_all; no single field, including the shared address, was treated as dispositive.",2026-08-10,merge_all,duplicate_reporting_or_later_episode_same_physical_development,Google,https://www.google.com/search?q=VISTA%20DEL%20MAR%20%7C%20VISTA%20DEL%20MAR%20COMMONS%20%28SITE%20A%29%20CA%20affordable%20housing,"Vista Del Mar | Affordable Housing in Ventura, CA | Vista Del Mar Commons Site A | Affordable Housing in Ventura, CA",public_property_directory,https://affordablehousinghub.org/housing/california/ventura-county/ventura/vista-del-mar-29534-lihtc | https://affordablehousinghub.org/housing/california/ventura-county/ventura/vista-del-mar-commons-site-a-29541-lihtc,"Outside read: the retained public records identify one named property, one later financing episode, one paired-financing development, or one scattered-site development corresponding to the internal record set. All HUD rows and site rows remain preserved.",2026-08-10,merge_all,duplicate_reporting_or_later_episode_same_physical_development,same_physical_development_address,Apply only the explicit member partition. Preserve every HUD row as a project episode and every site row. Do not sum units or approve a coordinate query here.,2026-08-10,not_approved,FALSE,2,1,0,merge_all,CA,VISTA DEL MAR | VISTA DEL MAR COMMONS (SITE A),137 S PALM ST|VENTURA|CA,phase_or_component_only
XDA2_0045,new_two_pass_review,merge_all,internal_evidence_supports_one_physical_development,"Internal read: normalized and published names, state IDs, primary and complete address sets, placed-in-service years, unit scopes, and source-quality flags were read together. The resulting member partition is merge_all; no single field, including the shared address, was treated as dispositive.",2026-08-10,merge_all,duplicate_reporting_or_later_episode_same_physical_development,Google,https://www.google.com/search?q=WOODHAVEN%20SENIOR%20RESIDENCE%20%7C%20WOODHAVEN%20SENIOR%20RESIDENCES%20CA%20affordable%20housing,"Woodhaven Senior Residence | Affordable Housing in Sacramento, CA | Woodhaven Senior Residences | Affordable Housing in Sacramento, CA",public_property_directory,https://affordablehousinghub.org/housing/california/sacramento-county/sacramento/woodhaven-senior-residence-1009-lihtc | https://affordablehousinghub.org/housing/california/sacramento-county/sacramento/woodhaven-senior-residences-29556-lihtc,"Outside read: the retained public records identify one named property, one later financing episode, one paired-financing development, or one scattered-site development corresponding to the internal record set. All HUD rows and site rows remain preserved.",2026-08-10,merge_all,duplicate_reporting_or_later_episode_same_physical_development,same_physical_development_address,Apply only the explicit member partition. Preserve every HUD row as a project episode and every site row. Do not sum units or approve a coordinate query here.,2026-08-10,not_approved,FALSE,2,1,0,merge_all,CA,WOODHAVEN SENIOR RESIDENCE | WOODHAVEN SENIOR RESIDENCES,3731 RIO LINDA BLVD|SACRAMENTO|CA,name_similarity_only
XDA2_0046,new_two_pass_review,retain_each,internal_evidence_supports_distinct_phases_or_components,"Internal read: normalized and published names, state IDs, primary and complete address sets, placed-in-service years, unit scopes, and source-quality flags were read together. The resulting member partition is retain_each; no single field, including the shared address, was treated as dispositive.",2026-08-10,retain_each,distinct_phases_or_components_common_address,Google,https://www.google.com/search?q=CARE%20HOUSING%20AT%20SWALLOW%20RD%20%7C%20CARE%20HOUSING%20AT%20SWALLOW%20ROAD%20CO%20affordable%20housing,"Care Housing At Swallow Rd | Affordable Housing in Fort Collins, CO",public_property_directory,https://affordablehousinghub.org/housing/colorado/larimer-county/fort-collins/care-housing-at-swallow-rd-907-lihtc,"Outside read: the retained public records identify separately named phases, components, projects, or buildings. A common address or campus is not sufficient to collapse them.",2026-08-10,retain_each,distinct_phases_or_components_common_address,distinct_phase_or_component_common_address,Apply only the explicit member partition. Preserve every HUD row as a project episode and every site row. Do not sum units or approve a coordinate query here.,2026-08-10,not_approved,FALSE,2,2,0,retain_each,CO,CARE HOUSING AT SWALLOW RD | CARE HOUSING AT SWALLOW ROAD,1303 W SWALLOW RD|FORT COLLINS|CO,name_similarity_only
XDA2_0047,new_two_pass_review,retain_each,internal_evidence_supports_distinct_phases_or_components,"Internal read: normalized and published names, state IDs, primary and complete address sets, placed-in-service years, unit scopes, and source-quality flags were read together. The resulting member partition is retain_each; no single field, including the shared address, was treated as dispositive.",2026-08-10,retain_each,distinct_phases_or_components_common_address,Google,https://www.google.com/search?q=CENTRAL%20PARK%20II%20%7C%20CENTRAL%20PARK%20III%20CO%20affordable%20housing,CTCAC Project Mapping and Project List,allocating_agency_record,https://website-qa.treasurer.ca.gov/ctcac/projects,"Outside read: the retained public records identify separately named phases, components, projects, or buildings. A common address or campus is not sufficient to collapse them.",2026-08-10,retain_each,distinct_phases_or_components_common_address,distinct_phase_or_component_common_address,Apply only the explicit member partition. Preserve every HUD row as a project episode and every site row. Do not sum units or approve a coordinate query here.,2026-08-10,not_approved,FALSE,2,2,0,retain_each,CO,CENTRAL PARK II | CENTRAL PARK III,CENTRAL PARK BLVD|DENVER|CO,name_similarity_only
XDA2_0048,new_two_pass_review,retain_each,internal_evidence_supports_distinct_phases_or_components,"Internal read: normalized and published names, state IDs, primary and complete address sets, placed-in-service years, unit scopes, and source-quality flags were read together. The resulting member partition is retain_each; no single field, including the shared address, was treated as dispositive.",2026-08-10,retain_each,distinct_phases_or_components_common_address,Google,https://www.google.com/search?q=WESTBROOK%20VILLAGE%20PHASE%20III%20%7C%20WESTBROOK%20VILLAGE%20PHASE%20IV%20CT%20affordable%20housing,LIHTC Properties in Connecticut Through 2023,sector_compilation,https://www.novoco.com/public-media/documents/connecticut-lihtc-properties-through-2023-072025.pdf,"Outside read: the retained public records identify separately named phases, components, projects, or buildings. A common address or campus is not sufficient to collapse them.",2026-08-10,retain_each,distinct_phases_or_components_common_address,distinct_phase_or_component_common_address,Apply only the explicit member partition. Preserve every HUD row as a project episode and every site row. Do not sum units or approve a coordinate query here.,2026-08-10,not_approved,FALSE,2,2,0,retain_each,CT,WESTBROOK VILLAGE PHASE III | WESTBROOK VILLAGE PHASE IV,MULTIPLE ADDRESSES NEAR 144 MARK TWAIN DR|HARTFORD|CT,phase_or_component_only
XDA2_0049,new_two_pass_review,partition,internal_evidence_supports_member_level_partition,"Internal read: normalized and published names, state IDs, primary and complete address sets, placed-in-service years, unit scopes, and source-quality flags were read together. The resulting member partition is partition; no single field, including the shared address, was treated as dispositive.",2026-08-10,partition,duplicate_records_partitioned_within_distinct_phases,Google,https://www.google.com/search?q=BRIGHTWAY%20COMMONS%20I%20%7C%20BRIGHTWAY%20COMMONS%20II%20%7C%20BRIGHTWAYS%20COMMONS%20II%20DE%20affordable%20housing,"Brightway Commons I | Affordable Housing in Milford, DE | Brightways Commons Ii | Affordable Housing in Milford, DE",public_property_directory,https://affordablehousinghub.org/housing/delaware/kent-county/milford/brightway-commons-i-2556-lihtc | https://affordablehousinghub.org/housing/delaware/kent-county/milford/brightways-commons-ii-2582-lihtc,Outside read: the retained public records support duplicate reporting within some named phases or components while preserving the other named phases or components as distinct physical developments.,2026-08-10,partition,duplicate_records_partitioned_within_distinct_phases,mixed_duplicate_and_distinct_component_overlap,Apply only the explicit member partition. Preserve every HUD row as a project episode and every site row. Do not sum units or approve a coordinate query here.,2026-08-10,not_approved,FALSE,3,2,0,partition,DE,BRIGHTWAY COMMONS I | BRIGHTWAY COMMONS II | BRIGHTWAYS COMMONS II,200 TULL WAY|MILFORD|DE,name_similarity_only
XDA2_0050,new_two_pass_review,partition,internal_evidence_supports_member_level_partition,"Internal read: normalized and published names, state IDs, primary and complete address sets, placed-in-service years, unit scopes, and source-quality flags were read together. The resulting member partition is partition; no single field, including the shared address, was treated as dispositive.",2026-08-10,partition,duplicate_records_partitioned_within_distinct_phases,Google,https://www.google.com/search?q=CHRISTIANA%20FARMS%20%7C%20CHRISTIANA%20FARMS%20I%20%7C%20CHRISTIANA%20FARMS%20II%20DE%20affordable%20housing,"Christiana Farms | Affordable Housing in Newark, DE | Christiana Farms I | Affordable Housing in Newark, DE | Christiana Farms Ii | Affordable Housing in Newark, DE",public_property_directory,https://affordablehousinghub.org/housing/delaware/new-castle-county/newark/christiana-farms-2778-lihtc | https://affordablehousinghub.org/housing/delaware/new-castle-county/newark/christiana-farms-i-2803-lihtc | https://affordablehousinghub.org/housing/delaware/new-castle-county/newark/christiana-farms-ii-2856-lihtc,Outside read: the retained public records support duplicate reporting within some named phases or components while preserving the other named phases or components as distinct physical developments.,2026-08-10,partition,duplicate_records_partitioned_within_distinct_phases,mixed_duplicate_and_distinct_component_overlap,Apply only the explicit member partition. Preserve every HUD row as a project episode and every site row. Do not sum units or approve a coordinate query here.,2026-08-10,not_approved,FALSE,3,2,0,partition,DE,CHRISTIANA FARMS | CHRISTIANA FARMS I | CHRISTIANA FARMS II,215 CHRISTIANA FARMS PL|NEWARK|DE,name_or_timing_with_equal_units_near_pis
XDA2_0051,new_two_pass_review,retain_each,internal_evidence_supports_distinct_phases_or_components,"Internal read: normalized and published names, state IDs, primary and complete address sets, placed-in-service years, unit scopes, and source-quality flags were read together. The resulting member partition is retain_each; no single field, including the shared address, was treated as dispositive.",2026-08-10,retain_each,distinct_phases_or_components_common_address,Google,https://www.google.com/search?q=GEORGETOWN%20I%20%7C%20GEORGETOWN%20II%20APARTMENTS%20DE%20affordable%20housing,"Georgetown I | Affordable Housing in Georgetown, DE | Georgetown Ii Apartments | Affordable Housing in Georgetown, DE",public_property_directory,https://affordablehousinghub.org/housing/delaware/sussex-county/georgetown/georgetown-i-2578-lihtc | https://affordablehousinghub.org/housing/delaware/sussex-county/georgetown/georgetown-ii-apartments-2580-lihtc,"Outside read: the retained public records identify separately named phases, components, projects, or buildings. A common address or campus is not sufficient to collapse them.",2026-08-10,retain_each,distinct_phases_or_components_common_address,distinct_phase_or_component_common_address,Apply only the explicit member partition. Preserve every HUD row as a project episode and every site row. Do not sum units or approve a coordinate query here.,2026-08-10,not_approved,FALSE,2,2,0,retain_each,DE,GEORGETOWN I | GEORGETOWN II APARTMENTS,200 INGRAMTOWN RD|GEORGETOWN|DE,name_or_timing_with_equal_units_near_pis
XDA2_0052,new_two_pass_review,retain_each,internal_evidence_supports_distinct_phases_or_components,"Internal read: normalized and published names, state IDs, primary and complete address sets, placed-in-service years, unit scopes, and source-quality flags were read together. The resulting member partition is retain_each; no single field, including the shared address, was treated as dispositive.",2026-08-10,retain_each,distinct_phases_or_components_common_address,Google,https://www.google.com/search?q=LUTHER%20GARDENS%20%7C%20LUTHER%20GARDENS%20ANNEX%20DE%20affordable%20housing,"Luther Gardens | Affordable Housing in Milton, DE | Luther Gardens Annex | Affordable Housing in Milton, DE",public_property_directory,https://affordablehousinghub.org/housing/delaware/sussex-county/milton/luther-gardens-2930-lihtc | https://affordablehousinghub.org/housing/delaware/sussex-county/milton/luther-gardens-annex-2903-lihtc,"Outside read: the retained public records identify separately named phases, components, projects, or buildings. A common address or campus is not sufficient to collapse them.",2026-08-10,retain_each,distinct_phases_or_components_common_address,distinct_phase_or_component_common_address,Apply only the explicit member partition. Preserve every HUD row as a project episode and every site row. Do not sum units or approve a coordinate query here.,2026-08-10,not_approved,FALSE,2,2,0,retain_each,DE,LUTHER GARDENS | LUTHER GARDENS ANNEX,1500 LUTHER CIR|MILTON|DE,name_or_timing_with_equal_units_near_pis
XDA2_0053,new_two_pass_review,merge_all,internal_evidence_supports_one_physical_development,"Internal read: normalized and published names, state IDs, primary and complete address sets, placed-in-service years, unit scopes, and source-quality flags were read together. The resulting member partition is merge_all; no single field, including the shared address, was treated as dispositive.",2026-08-10,merge_all,duplicate_reporting_or_later_episode_same_physical_development,Google,https://www.google.com/search?q=MILLSBORO%20VILLAGE%20%7C%20MILLSBORO%20VILLAGE%20I%20DE%20affordable%20housing,"Millsboro Village | Affordable Housing in Millsboro, DE | Millsboro Village I | Affordable Housing in Millsboro, DE",public_property_directory,https://affordablehousinghub.org/housing/delaware/sussex-county/millsboro/millsboro-village-2685-lihtc | https://affordablehousinghub.org/housing/delaware/sussex-county/millsboro/millsboro-village-i-2708-lihtc,"Outside read: the retained public records identify one named property, one later financing episode, one paired-financing development, or one scattered-site development corresponding to the internal record set. All HUD rows and site rows remain preserved.",2026-08-10,merge_all,duplicate_reporting_or_later_episode_same_physical_development,same_physical_development_address,Apply only the explicit member partition. Preserve every HUD row as a project episode and every site row. Do not sum units or approve a coordinate query here.,2026-08-10,not_approved,FALSE,2,1,0,merge_all,DE,MILLSBORO VILLAGE | MILLSBORO VILLAGE I,210 THOMAS TAYLOR DR|MILLSBORO|DE,name_or_timing_with_equal_units_near_pis
XDA2_0054,new_two_pass_review,retain_each,internal_evidence_supports_distinct_phases_or_components,"Internal read: normalized and published names, state IDs, primary and complete address sets, placed-in-service years, unit scopes, and source-quality flags were read together. The resulting member partition is retain_each; no single field, including the shared address, was treated as dispositive.",2026-08-10,retain_each,distinct_phases_or_components_common_address,Google,https://www.google.com/search?q=NORTH%20LAKE%20VILLAGE%20I%20%7C%20NORTH%20LAKE%20VILLAGE%20II%20DE%20affordable%20housing,"North Lake Village I | Affordable Housing in Middletown, DE | North Lake Village Ii | Affordable Housing in Middletown, DE",public_property_directory,https://affordablehousinghub.org/housing/delaware/new-castle-county/middletown/north-lake-village-i-2735-lihtc | https://affordablehousinghub.org/housing/delaware/new-castle-county/middletown/north-lake-village-ii-2736-lihtc,"Outside read: the retained public records identify separately named phases, components, projects, or buildings. A common address or campus is not sufficient to collapse them.",2026-08-10,retain_each,distinct_phases_or_components_common_address,distinct_phase_or_component_common_address,Apply only the explicit member partition. Preserve every HUD row as a project episode and every site row. Do not sum units or approve a coordinate query here.,2026-08-10,not_approved,FALSE,2,2,0,retain_each,DE,NORTH LAKE VILLAGE I | NORTH LAKE VILLAGE II,400 N CATHERINE ST 31|MIDDLETOWN|DE | 400 N CATHERINE|MIDDLETOWN|DE,name_similarity_only
XDA2_0055,new_two_pass_review,retain_each,internal_evidence_supports_distinct_phases_or_components,"Internal read: normalized and published names, state IDs, primary and complete address sets, placed-in-service years, unit scopes, and source-quality flags were read together. The resulting member partition is retain_each; no single field, including the shared address, was treated as dispositive.",2026-08-10,retain_each,distinct_phases_or_components_common_address,Google,https://www.google.com/search?q=SHADY%20GROVE%20II%20%7C%20SHADY%20GROVE%20III%20DE%20affordable%20housing,"Shady Grove Ii | Affordable Housing in Selbyville, DE | Shady Grove Iii | Affordable Housing in Selbyville, DE",public_property_directory,https://affordablehousinghub.org/housing/delaware/sussex-county/selbyville/shady-grove-ii-2851-lihtc | https://affordablehousinghub.org/housing/delaware/sussex-county/selbyville/shady-grove-iii-2907-lihtc,"Outside read: the retained public records identify separately named phases, components, projects, or buildings. A common address or campus is not sufficient to collapse them.",2026-08-10,retain_each,distinct_phases_or_components_common_address,distinct_phase_or_component_common_address,Apply only the explicit member partition. Preserve every HUD row as a project episode and every site row. Do not sum units or approve a coordinate query here.,2026-08-10,not_approved,FALSE,2,2,0,retain_each,DE,SHADY GROVE II | SHADY GROVE III,ROUTE 2 BOX 76|SELBYVILLE|DE,name_similarity_only
XDA2_0056,new_two_pass_review,retain_each,internal_evidence_supports_distinct_phases_or_components,"Internal read: normalized and published names, state IDs, primary and complete address sets, placed-in-service years, unit scopes, and source-quality flags were read together. The resulting member partition is retain_each; no single field, including the shared address, was treated as dispositive.",2026-08-10,retain_each,distinct_phases_or_components_common_address,Google,https://www.google.com/search?q=THE%20FLATS%20PHASE%20III%2C%20L.P.%20%7C%20THE%20FLATS%20PHASE%20IV%2C%20L.P.%20DE%20affordable%20housing,"The Flats Phase Iii, L.P. | Affordable Housing in Wilmington, DE",public_property_directory,https://affordablehousinghub.org/housing/delaware/new-castle-county/wilmington/the-flats-phase-iii-lp-2953-lihtc,"Outside read: the retained public records identify separately named phases, components, projects, or buildings. A common address or campus is not sufficient to collapse them.",2026-08-10,retain_each,distinct_phases_or_components_common_address,distinct_phase_or_component_common_address,Apply only the explicit member partition. Preserve every HUD row as a project episode and every site row. Do not sum units or approve a coordinate query here.,2026-08-10,not_approved,FALSE,2,2,0,retain_each,DE,"THE FLATS PHASE III, L.P. | THE FLATS PHASE IV, L.P.",100 W 10TH ST SUITE 1104|WILMINGTON|DE,phase_or_component_only
XDA2_0057,new_two_pass_review,retain_each,internal_evidence_supports_distinct_phases_or_components,"Internal read: normalized and published names, state IDs, primary and complete address sets, placed-in-service years, unit scopes, and source-quality flags were read together. The resulting member partition is retain_each; no single field, including the shared address, was treated as dispositive.",2026-08-10,retain_each,distinct_phases_or_components_common_address,Google,https://www.google.com/search?q=ARIA%20LANDINGS%20I%20%7C%20ARIA%20LANDINGS%20II%20FL%20affordable%20housing,Florida Housing petition: Aria Landings,allocating_agency_record,https://www.floridahousing.org/docs/default-source/contracts/petition-6bf3a6f5-4854-41da-9c03-f7ee277b835c.pdf?sfvrsn=58dbf37b_1,"Outside read: the retained public records identify separately named phases, components, projects, or buildings. A common address or campus is not sufficient to collapse them.",2026-08-10,retain_each,distinct_phases_or_components_common_address,distinct_phase_or_component_common_address,Apply only the explicit member partition. Preserve every HUD row as a project episode and every site row. Do not sum units or approve a coordinate query here.,2026-08-10,not_approved,FALSE,2,2,0,retain_each,FL,ARIA LANDINGS I | ARIA LANDINGS II,4050 WINKLER AVE EXTENSION|FT MYERS|FL,name_similarity_only
XDA2_0058,new_two_pass_review,retain_each,internal_evidence_supports_distinct_phases_or_components,"Internal read: normalized and published names, state IDs, primary and complete address sets, placed-in-service years, unit scopes, and source-quality flags were read together. The resulting member partition is retain_each; no single field, including the shared address, was treated as dispositive.",2026-08-10,retain_each,distinct_phases_or_components_common_address,Google,https://www.google.com/search?q=COUNTRY%20CLUB%20VILLAS%20I%20%7C%20COUNTRY%20CLUB%20VILLAS%20II%20FL%20affordable%20housing,"Country Club Villas I | Affordable Housing in Hialeah, FL | Country Club Villas Ii | Affordable Housing in Hialeah, FL",public_property_directory,https://affordablehousinghub.org/housing/florida/miami-dade-county/hialeah/country-club-villas-i-4394-lihtc | https://affordablehousinghub.org/housing/florida/miami-dade-county/miami/country-club-villas-ii-3570-lihtc,"Outside read: the retained public records identify separately named phases, components, projects, or buildings. A common address or campus is not sufficient to collapse them.",2026-08-10,retain_each,distinct_phases_or_components_common_address,distinct_phase_or_component_common_address,Apply only the explicit member partition. Preserve every HUD row as a project episode and every site row. Do not sum units or approve a coordinate query here.,2026-08-10,not_approved,FALSE,2,2,0,retain_each,FL,COUNTRY CLUB VILLAS I | COUNTRY CLUB VILLAS II,6855 NW 179TH ST|MIAMI|FL,name_similarity_only
XDA2_0059,new_two_pass_review,retain_each,internal_evidence_supports_distinct_phases_or_components,"Internal read: normalized and published names, state IDs, primary and complete address sets, placed-in-service years, unit scopes, and source-quality flags were read together. The resulting member partition is retain_each; no single field, including the shared address, was treated as dispositive.",2026-08-10,retain_each,distinct_phases_or_components_common_address,Google,https://www.google.com/search?q=FOUNTAINS%20AT%20MILLENIA%20I%20%7C%20FOUNTAINS%20AT%20MILLENIA%20II%20%7C%20FOUNTAINS%20AT%20MILLENIA%20III%20%7C%20FOUNTAINS%20AT%20MILLENIA%20IV%20FL%20affordable%20housing,"Fountains At Millenia I | Affordable Housing in Orlando, FL | Fountains At Millenia Ii | Affordable Housing in Orlando, FL | Fountains At Millenia Iii | Affordable Housing in Orlando, FL | Fountains At Millenia Iv | Affordable Housing in Orlando, FL",public_property_directory,https://affordablehousinghub.org/housing/florida/orange-county/orlando/fountains-at-millenia-i-3215-lihtc | https://affordablehousinghub.org/housing/florida/orange-county/orlando/fountains-at-millenia-ii-3216-lihtc | https://affordablehousinghub.org/housing/florida/orange-county/orlando/fountains-at-millenia-iii-3217-lihtc | https://affordablehousinghub.org/housing/florida/orange-county/orlando/fountains-at-millenia-iv-3218-lihtc,"Outside read: the retained public records identify separately named phases, components, projects, or buildings. A common address or campus is not sufficient to collapse them.",2026-08-10,retain_each,distinct_phases_or_components_common_address,distinct_phase_or_component_common_address,Apply only the explicit member partition. Preserve every HUD row as a project episode and every site row. Do not sum units or approve a coordinate query here.,2026-08-10,not_approved,FALSE,4,4,0,retain_each,FL,FOUNTAINS AT MILLENIA I | FOUNTAINS AT MILLENIA II | FOUNTAINS AT MILLENIA III | FOUNTAINS AT MILLENIA IV,5316 MILLENIA BLVD|ORLANDO|FL,name_similarity_only
XDA2_0060,new_two_pass_review,retain_each,internal_evidence_supports_distinct_phases_or_components,"Internal read: normalized and published names, state IDs, primary and complete address sets, placed-in-service years, unit scopes, and source-quality flags were read together. The resulting member partition is retain_each; no single field, including the shared address, was treated as dispositive.",2026-08-10,retain_each,distinct_phases_or_components_common_address,Google,https://www.google.com/search?q=GREEN%20GABLES%20I%20%7C%20GREEN%20GABLES%20II%20FL%20affordable%20housing,"Green Gables I | Affordable Housing in Ocala, FL | Green Gables Ii | Affordable Housing in Ocala, FL",public_property_directory,https://affordablehousinghub.org/housing/florida/marion-county/ocala/green-gables-i-3482-lihtc | https://affordablehousinghub.org/housing/florida/marion-county/ocala/green-gables-ii-3662-lihtc,"Outside read: the retained public records identify separately named phases, components, projects, or buildings. A common address or campus is not sufficient to collapse them.",2026-08-10,retain_each,distinct_phases_or_components_common_address,distinct_phase_or_component_common_address,Apply only the explicit member partition. Preserve every HUD row as a project episode and every site row. Do not sum units or approve a coordinate query here.,2026-08-10,not_approved,FALSE,2,2,0,retain_each,FL,GREEN GABLES I | GREEN GABLES II,2600 SW TENTH ST|OCALA|FL,name_similarity_only
XDA2_0061,new_two_pass_review,retain_each,internal_evidence_supports_distinct_phases_or_components,"Internal read: normalized and published names, state IDs, primary and complete address sets, placed-in-service years, unit scopes, and source-quality flags were read together. The resulting member partition is retain_each; no single field, including the shared address, was treated as dispositive.",2026-08-10,retain_each,distinct_phases_or_components_common_address,Google,https://www.google.com/search?q=HOMES%20OF%20RENAISSANCE%20PRESERVE%20I%20%7C%20HOMES%20OF%20RENAISSANCE%20PRESERVE%20III%20FL%20affordable%20housing,"Homes of Renaissance Preserve I | Affordable Housing in Ft Myers, FL | Homes of Renaissance Preserve Iii | Affordable Housing in Ft Myers, FL",public_property_directory,https://affordablehousinghub.org/housing/florida/lee-county/ft-myers/homes-of-renaissance-preserve-i-3331-lihtc | https://affordablehousinghub.org/housing/florida/lee-county/ft-myers/homes-of-renaissance-preserve-iii-3237-lihtc,"Outside read: the retained public records identify separately named phases, components, projects, or buildings. A common address or campus is not sufficient to collapse them.",2026-08-10,retain_each,distinct_phases_or_components_common_address,distinct_phase_or_component_common_address,Apply only the explicit member partition. Preserve every HUD row as a project episode and every site row. Do not sum units or approve a coordinate query here.,2026-08-10,not_approved,FALSE,2,2,0,retain_each,FL,HOMES OF RENAISSANCE PRESERVE I | HOMES OF RENAISSANCE PRESERVE III,4211 ROMEO LN|FT MYERS|FL,name_similarity_only
XDA2_0062,new_two_pass_review,retain_each,internal_evidence_supports_distinct_phases_or_components,"Internal read: normalized and published names, state IDs, primary and complete address sets, placed-in-service years, unit scopes, and source-quality flags were read together. The resulting member partition is retain_each; no single field, including the shared address, was treated as dispositive.",2026-08-10,retain_each,distinct_phases_or_components_common_address,Google,https://www.google.com/search?q=LAUREL%20OAKS%20I%20%7C%20LAUREL%20OAKS%20II%20FL%20affordable%20housing,"Laurel Oaks I | Affordable Housing in Leesburg, FL | Laurel Oaks Ii | Affordable Housing in Leesburg, FL",public_property_directory,https://affordablehousinghub.org/housing/florida/lake-county/leesburg/laurel-oaks-i-3120-lihtc | https://affordablehousinghub.org/housing/florida/lake-county/leesburg/laurel-oaks-ii-3245-lihtc,"Outside read: the retained public records identify separately named phases, components, projects, or buildings. A common address or campus is not sufficient to collapse them.",2026-08-10,retain_each,distinct_phases_or_components_common_address,distinct_phase_or_component_common_address,Apply only the explicit member partition. Preserve every HUD row as a project episode and every site row. Do not sum units or approve a coordinate query here.,2026-08-10,not_approved,FALSE,2,2,0,retain_each,FL,LAUREL OAKS I | LAUREL OAKS II,2700 LAUREL HOLLOW DR|LEESBURG|FL,name_similarity_only
XDA2_0063,new_two_pass_review,retain_each,internal_evidence_supports_distinct_phases_or_components,"Internal read: normalized and published names, state IDs, primary and complete address sets, placed-in-service years, unit scopes, and source-quality flags were read together. The resulting member partition is retain_each; no single field, including the shared address, was treated as dispositive.",2026-08-10,retain_each,distinct_phases_or_components_common_address,Google,https://www.google.com/search?q=LAUREL%20PARK%20I%20%7C%20LAUREL%20PARK%20II%20FL%20affordable%20housing,"Laurel Park I | Affordable Housing in Ocala, FL | Laurel Park Ii | Affordable Housing in Ocala, FL",public_property_directory,https://affordablehousinghub.org/housing/florida/marion-county/ocala/laurel-park-i-3504-lihtc | https://affordablehousinghub.org/housing/florida/marion-county/ocala/laurel-park-ii-3035-lihtc,"Outside read: the retained public records identify separately named phases, components, projects, or buildings. A common address or campus is not sufficient to collapse them.",2026-08-10,retain_each,distinct_phases_or_components_common_address,distinct_phase_or_component_common_address,Apply only the explicit member partition. Preserve every HUD row as a project episode and every site row. Do not sum units or approve a coordinate query here.,2026-08-10,not_approved,FALSE,2,2,0,retain_each,FL,LAUREL PARK I | LAUREL PARK II,100 NW 23RD AVE|OCALA|FL,name_similarity_only
XDA2_0064,new_two_pass_review,retain_each,internal_evidence_supports_distinct_phases_or_components,"Internal read: normalized and published names, state IDs, primary and complete address sets, placed-in-service years, unit scopes, and source-quality flags were read together. The resulting member partition is retain_each; no single field, including the shared address, was treated as dispositive.",2026-08-10,retain_each,distinct_phases_or_components_common_address,Google,https://www.google.com/search?q=NORTHSIDE%20TRANSIT%20VILLAGE%20I%20%7C%20NORTHSIDE%20TRANSIT%20VILLAGE%20II%20FL%20affordable%20housing,"Northside Transit Village I | Affordable Housing in Miami, FL",public_property_directory,https://affordablehousinghub.org/housing/florida/miami-dade-county/miami/northside-transit-village-i-48838-lihtc,"Outside read: the retained public records identify separately named phases, components, projects, or buildings. A common address or campus is not sufficient to collapse them.",2026-08-10,retain_each,distinct_phases_or_components_common_address,distinct_phase_or_component_common_address,Apply only the explicit member partition. Preserve every HUD row as a project episode and every site row. Do not sum units or approve a coordinate query here.,2026-08-10,not_approved,FALSE,2,2,0,retain_each,FL,NORTHSIDE TRANSIT VILLAGE I | NORTHSIDE TRANSIT VILLAGE II,3101 NW 77TH ST|MIAMI|FL,name_similarity_only
XDA2_0065,new_two_pass_review,retain_each,internal_evidence_supports_distinct_phases_or_components,"Internal read: normalized and published names, state IDs, primary and complete address sets, placed-in-service years, unit scopes, and source-quality flags were read together. The resulting member partition is retain_each; no single field, including the shared address, was treated as dispositive.",2026-08-10,retain_each,distinct_phases_or_components_common_address,Google,https://www.google.com/search?q=PARK%20CREST%20TERRACE%20I%20%7C%20PARK%20CREST%20TERRACE%20II%20FL%20affordable%20housing,"Park Crest Terrace I | Affordable Housing in Sebring, FL | Park Crest Terrace Ii | Affordable Housing in Sebring, FL",public_property_directory,https://affordablehousinghub.org/housing/florida/highlands-county/sebring/park-crest-terrace-i-4290-lihtc | https://affordablehousinghub.org/housing/florida/highlands-county/sebring/park-crest-terrace-ii-4373-lihtc,"Outside read: the retained public records identify separately named phases, components, projects, or buildings. A common address or campus is not sufficient to collapse them.",2026-08-10,retain_each,distinct_phases_or_components_common_address,distinct_phase_or_component_common_address,Apply only the explicit member partition. Preserve every HUD row as a project episode and every site row. Do not sum units or approve a coordinate query here.,2026-08-10,not_approved,FALSE,2,2,0,retain_each,FL,PARK CREST TERRACE I | PARK CREST TERRACE II,100 CODY WAY|SEBRING|FL,name_similarity_only
XDA2_0066,new_two_pass_review,retain_each,internal_evidence_supports_distinct_phases_or_components,"Internal read: normalized and published names, state IDs, primary and complete address sets, placed-in-service years, unit scopes, and source-quality flags were read together. The resulting member partition is retain_each; no single field, including the shared address, was treated as dispositive.",2026-08-10,retain_each,distinct_phases_or_components_common_address,Google,https://www.google.com/search?q=REEF%20CLUB%20I%20%7C%20REEF%20CLUB%20II%20FL%20affordable%20housing,"Reef Club I | Affordable Housing in Kissimmee, FL | Reef Club Ii | Affordable Housing in Kissimmee, FL",public_property_directory,https://affordablehousinghub.org/housing/florida/osceola-county/kissimmee/reef-club-i-2413-lihtc | https://affordablehousinghub.org/housing/florida/osceola-county/kissimmee/reef-club-ii-2111-lihtc,"Outside read: the retained public records identify separately named phases, components, projects, or buildings. A common address or campus is not sufficient to collapse them.",2026-08-10,retain_each,distinct_phases_or_components_common_address,distinct_phase_or_component_common_address,Apply only the explicit member partition. Preserve every HUD row as a project episode and every site row. Do not sum units or approve a coordinate query here.,2026-08-10,not_approved,FALSE,2,2,0,retain_each,FL,REEF CLUB I | REEF CLUB II,1915 REEF CLUB DR|KISSIMMEE|FL,name_similarity_only
XDA2_0067,new_two_pass_review,retain_each,internal_evidence_supports_distinct_phases_or_components,"Internal read: normalized and published names, state IDs, primary and complete address sets, placed-in-service years, unit scopes, and source-quality flags were read together. The resulting member partition is retain_each; no single field, including the shared address, was treated as dispositive.",2026-08-10,retain_each,distinct_phases_or_components_common_address,Google,https://www.google.com/search?q=SAN%20MARCO%20VILLAS%20I%20%7C%20SAN%20MARCO%20VILLAS%20II%20FL%20affordable%20housing,"San Marco Villas I | Affordable Housing in Lake Park, FL | San Marco Villas Ii | Affordable Housing in Lake Park, FL",public_property_directory,https://affordablehousinghub.org/housing/florida/palm-beach-county/lake-park/san-marco-villas-i-3604-lihtc | https://affordablehousinghub.org/housing/florida/palm-beach-county/lake-park/san-marco-villas-ii-4412-lihtc,"Outside read: the retained public records identify separately named phases, components, projects, or buildings. A common address or campus is not sufficient to collapse them.",2026-08-10,retain_each,distinct_phases_or_components_common_address,distinct_phase_or_component_common_address,Apply only the explicit member partition. Preserve every HUD row as a project episode and every site row. Do not sum units or approve a coordinate query here.,2026-08-10,not_approved,FALSE,2,2,0,retain_each,FL,SAN MARCO VILLAS I | SAN MARCO VILLAS II,800 VENETIAN ISLES DR|LAKE PARK|FL,name_similarity_only
XDA2_0068,new_two_pass_review,retain_each,internal_evidence_supports_distinct_phases_or_components,"Internal read: normalized and published names, state IDs, primary and complete address sets, placed-in-service years, unit scopes, and source-quality flags were read together. The resulting member partition is retain_each; no single field, including the shared address, was treated as dispositive.",2026-08-10,retain_each,distinct_phases_or_components_common_address,Google,https://www.google.com/search?q=TAYLOR%20POINTE%20I%20%7C%20TAYLOR%20POINTE%20II%20FL%20affordable%20housing,"Taylor Pointe I | Affordable Housing in Vero Beach, FL | Taylor Pointe Ii | Affordable Housing in Vero Beach, FL",public_property_directory,https://affordablehousinghub.org/housing/florida/indian-river-county/vero-beach/taylor-pointe-i-3508-lihtc | https://affordablehousinghub.org/housing/florida/indian-river-county/vero-beach/taylor-pointe-ii-3498-lihtc,"Outside read: the retained public records identify separately named phases, components, projects, or buildings. A common address or campus is not sufficient to collapse them.",2026-08-10,retain_each,distinct_phases_or_components_common_address,distinct_phase_or_component_common_address,Apply only the explicit member partition. Preserve every HUD row as a project episode and every site row. Do not sum units or approve a coordinate query here.,2026-08-10,not_approved,FALSE,2,2,0,retain_each,FL,TAYLOR POINTE I | TAYLOR POINTE II,4885 38TH CIR|VERO BEACH|FL,name_similarity_only
XDA2_0069,new_two_pass_review,retain_each,internal_evidence_supports_distinct_phases_or_components,"Internal read: normalized and published names, state IDs, primary and complete address sets, placed-in-service years, unit scopes, and source-quality flags were read together. The resulting member partition is retain_each; no single field, including the shared address, was treated as dispositive.",2026-08-10,retain_each,distinct_phases_or_components_common_address,Google,https://www.google.com/search?q=VILLA%20CAPRI%20I%20%7C%20VILLA%20CAPRI%20II%20FL%20affordable%20housing,"Villa Capri I | Affordable Housing in Homestead, FL | Villa Capri Ii | Affordable Housing in Homestead, FL",public_property_directory,https://affordablehousinghub.org/housing/florida/miami-dade-county/homestead/villa-capri-i-3388-lihtc | https://affordablehousinghub.org/housing/florida/miami-dade-county/homestead/villa-capri-ii-3262-lihtc,"Outside read: the retained public records identify separately named phases, components, projects, or buildings. A common address or campus is not sufficient to collapse them.",2026-08-10,retain_each,distinct_phases_or_components_common_address,distinct_phase_or_component_common_address,Apply only the explicit member partition. Preserve every HUD row as a project episode and every site row. Do not sum units or approve a coordinate query here.,2026-08-10,not_approved,FALSE,2,2,0,retain_each,FL,VILLA CAPRI I | VILLA CAPRI II,14500 SW 280TH ST|HOMESTEAD|FL,name_similarity_only
XDA2_0070,new_two_pass_review,merge_all,internal_evidence_supports_one_physical_development,"Internal read: normalized and published names, state IDs, primary and complete address sets, placed-in-service years, unit scopes, and source-quality flags were read together. The resulting member partition is merge_all; no single field, including the shared address, was treated as dispositive.",2026-08-10,merge_all,duplicate_reporting_or_later_episode_same_physical_development,Google,https://www.google.com/search?q=AMERICUS%20GARDEN%20%7C%20AMERICUS%20GARDENS%20GA%20affordable%20housing,"Americus Gardens | Affordable Housing in Americus, GA",public_property_directory,https://affordablehousinghub.org/housing/georgia/sumter-county/americus/americus-gardens-3683-lihtc,"Outside read: the retained public records identify one named property, one later financing episode, one paired-financing development, or one scattered-site development corresponding to the internal record set. All HUD rows and site rows remain preserved.",2026-08-10,merge_all,duplicate_reporting_or_later_episode_same_physical_development,same_physical_development_address,Apply only the explicit member partition. Preserve every HUD row as a project episode and every site row. Do not sum units or approve a coordinate query here.,2026-08-10,not_approved,FALSE,2,1,0,merge_all,GA,AMERICUS GARDEN | AMERICUS GARDENS,730 S MLK BLVD|AMERICUS|GA,name_similarity_only
XDA2_0071,new_two_pass_review,merge_all,internal_evidence_supports_one_physical_development,"Internal read: normalized and published names, state IDs, primary and complete address sets, placed-in-service years, unit scopes, and source-quality flags were read together. The resulting member partition is merge_all; no single field, including the shared address, was treated as dispositive.",2026-08-10,merge_all,duplicate_reporting_or_later_episode_same_physical_development,Google,https://www.google.com/search?q=ANITOCH%20MANOR%20I%20%7C%20ANTIOCH%20MANOR%20ESTATES%20I%20GA%20affordable%20housing,"Antioch Manor Estates I | Affordable Housing in Stone Mountain, GA",public_property_directory,https://affordablehousinghub.org/housing/georgia/dekalb-county/stone-mountain/antioch-manor-estates-i-5549-lihtc,"Outside read: the retained public records identify one named property, one later financing episode, one paired-financing development, or one scattered-site development corresponding to the internal record set. All HUD rows and site rows remain preserved.",2026-08-10,merge_all,duplicate_reporting_or_later_episode_same_physical_development,same_physical_development_address,Apply only the explicit member partition. Preserve every HUD row as a project episode and every site row. Do not sum units or approve a coordinate query here.,2026-08-10,not_approved,FALSE,2,1,0,merge_all,GA,ANITOCH MANOR I | ANTIOCH MANOR ESTATES I,4711 BISHOP MING BLVD|STONE MOUNTAIN|GA,name_or_timing_with_equal_units_near_pis
XDA2_0072,new_two_pass_review,retain_each,internal_evidence_supports_distinct_phases_or_components,"Internal read: normalized and published names, state IDs, primary and complete address sets, placed-in-service years, unit scopes, and source-quality flags were read together. The resulting member partition is retain_each; no single field, including the shared address, was treated as dispositive.",2026-08-10,retain_each,distinct_phases_or_components_common_address,Google,https://www.google.com/search?q=ARBOR%20TRACE%20PHASE%20I%20%7C%20ARBOR%20TRACE%20PHASE%20II%20GA%20affordable%20housing,"Arbor Trace Phase I | Affordable Housing in Lake Park, GA | Arbor Trace Phase Ii | Affordable Housing in Lake Park, GA",public_property_directory,https://affordablehousinghub.org/housing/georgia/lowndes-county/lake-park/arbor-trace-phase-i-4487-lihtc | https://affordablehousinghub.org/housing/georgia/lowndes-county/lake-park/arbor-trace-phase-ii-4485-lihtc,"Outside read: the retained public records identify separately named phases, components, projects, or buildings. A common address or campus is not sufficient to collapse them.",2026-08-10,retain_each,distinct_phases_or_components_common_address,distinct_phase_or_component_common_address,Apply only the explicit member partition. Preserve every HUD row as a project episode and every site row. Do not sum units or approve a coordinate query here.,2026-08-10,not_approved,FALSE,2,2,0,retain_each,GA,ARBOR TRACE PHASE I | ARBOR TRACE PHASE II,4700 ROLLING PINE DR|LAKE PARK|GA,phase_or_component_only
XDA2_0073,new_two_pass_review,merge_all,internal_evidence_supports_one_physical_development,"Internal read: normalized and published names, state IDs, primary and complete address sets, placed-in-service years, unit scopes, and source-quality flags were read together. The resulting member partition is merge_all; no single field, including the shared address, was treated as dispositive.",2026-08-10,merge_all,duplicate_reporting_or_later_episode_same_physical_development,Google,https://www.google.com/search?q=ASHLEY%20AUBURN%20POINTE%20I%20%7C%20ASHLEY%20AURBURN%20POINTE%20I%20%2F%20OAKS%20GA%20affordable%20housing,"Ashley Auburn Pointe I | Affordable Housing in Atlanta, GA | Ashley Aurburn Pointe I   Oaks | Affordable Housing in Atlanta, GA",public_property_directory,https://affordablehousinghub.org/housing/georgia/fulton-county/atlanta/ashley-auburn-pointe-i-5277-lihtc | https://affordablehousinghub.org/housing/georgia/fulton-county/atlanta/ashley-aurburn-pointe-i-oaks-5386-lihtc,"Outside read: the retained public records identify one named property, one later financing episode, one paired-financing development, or one scattered-site development corresponding to the internal record set. All HUD rows and site rows remain preserved.",2026-08-10,merge_all,duplicate_reporting_or_later_episode_same_physical_development,same_physical_development_address,Apply only the explicit member partition. Preserve every HUD row as a project episode and every site row. Do not sum units or approve a coordinate query here.,2026-08-10,not_approved,FALSE,2,1,0,merge_all,GA,ASHLEY AUBURN POINTE I | ASHLEY AURBURN POINTE I / OAKS,357 AUBURN POINTE DR SE|ATLANTA|GA,name_or_timing_with_equal_units_near_pis
XDA2_0074,new_two_pass_review,retain_each,internal_evidence_supports_distinct_phases_or_components,"Internal read: normalized and published names, state IDs, primary and complete address sets, placed-in-service years, unit scopes, and source-quality flags were read together. The resulting member partition is retain_each; no single field, including the shared address, was treated as dispositive.",2026-08-10,retain_each,distinct_phases_or_components_common_address,Google,https://www.google.com/search?q=ASHLEY%20CASCADE%2C%20II%20%7C%20ASHLEY%20CASCADE%2CIII%20GA%20affordable%20housing,"Ashley Cascade, Ii | Affordable Housing in Atlanta, GA",public_property_directory,https://affordablehousinghub.org/housing/georgia/fulton-county/atlanta/ashley-cascade-ii-4536-lihtc,"Outside read: the retained public records identify separately named phases, components, projects, or buildings. A common address or campus is not sufficient to collapse them.",2026-08-10,retain_each,distinct_phases_or_components_common_address,distinct_phase_or_component_common_address,Apply only the explicit member partition. Preserve every HUD row as a project episode and every site row. Do not sum units or approve a coordinate query here.,2026-08-10,not_approved,FALSE,2,2,0,retain_each,GA,"ASHLEY CASCADE, II | ASHLEY CASCADE,III",1371 KIMBERLY WAY SW|ATLANTA|GA,name_similarity_only
XDA2_0075,new_two_pass_review,retain_each,internal_evidence_supports_distinct_phases_or_components,"Internal read: normalized and published names, state IDs, primary and complete address sets, placed-in-service years, unit scopes, and source-quality flags were read together. The resulting member partition is retain_each; no single field, including the shared address, was treated as dispositive.",2026-08-10,retain_each,distinct_phases_or_components_common_address,Google,https://www.google.com/search?q=ASHLEY%20MIDTOWN%20I%20%7C%20ASHLEY%20MIDTOWN%20II%20GA%20affordable%20housing,"Ashley Midtown I | Affordable Housing in Savannah, GA | Ashley Midtown Ii | Affordable Housing in Savannah, GA",public_property_directory,https://affordablehousinghub.org/housing/georgia/chatham-county/savannah/ashley-midtown-i-5236-lihtc | https://affordablehousinghub.org/housing/georgia/chatham-county/savannah/ashley-midtown-ii-5351-lihtc,"Outside read: the retained public records identify separately named phases, components, projects, or buildings. A common address or campus is not sufficient to collapse them.",2026-08-10,retain_each,distinct_phases_or_components_common_address,distinct_phase_or_component_common_address,Apply only the explicit member partition. Preserve every HUD row as a project episode and every site row. Do not sum units or approve a coordinate query here.,2026-08-10,not_approved,FALSE,2,2,0,retain_each,GA,ASHLEY MIDTOWN I | ASHLEY MIDTOWN II,1518 E PARK AVE|SAVANNAH|GA,name_similarity_only
XDA2_0076,new_two_pass_review,merge_all,internal_evidence_supports_one_physical_development,"Internal read: normalized and published names, state IDs, primary and complete address sets, placed-in-service years, unit scopes, and source-quality flags were read together. The resulting member partition is merge_all; no single field, including the shared address, was treated as dispositive.",2026-08-10,merge_all,duplicate_reporting_or_later_episode_same_physical_development,Google,https://www.google.com/search?q=ASHLEY%20STATION%20II%20%7C%20ASHLEY%20STATION%20PHASE%20II%20GA%20affordable%20housing,"Ashley Station Ii | Affordable Housing in Columbus, GA | Ashley Station Phase I | Affordable Housing in Columbus, GA",public_property_directory,https://affordablehousinghub.org/housing/georgia/muscogee-county/columbus/ashley-station-ii-5352-lihtc | https://affordablehousinghub.org/housing/georgia/muscogee-county/columbus/ashley-station-phase-i-5320-lihtc,"Outside read: the retained public records identify one named property, one later financing episode, one paired-financing development, or one scattered-site development corresponding to the internal record set. All HUD rows and site rows remain preserved.",2026-08-10,merge_all,duplicate_reporting_or_later_episode_same_physical_development,same_physical_development_address,Apply only the explicit member partition. Preserve every HUD row as a project episode and every site row. Do not sum units or approve a coordinate query here.,2026-08-10,not_approved,FALSE,2,1,0,merge_all,GA,ASHLEY STATION II | ASHLEY STATION PHASE II,2321 OLIVE ST|COLUMBUS|GA,phase_or_component_only
XDA2_0077,new_two_pass_review,retain_each,internal_evidence_supports_distinct_phases_or_components,"Internal read: normalized and published names, state IDs, primary and complete address sets, placed-in-service years, unit scopes, and source-quality flags were read together. The resulting member partition is retain_each; no single field, including the shared address, was treated as dispositive.",2026-08-10,retain_each,distinct_phases_or_components_common_address,Google,https://www.google.com/search?q=BTW-CHAPMAN%202%20%7C%20BTW-CHAPMAN%20I%20GA%20affordable%20housing,"Btw-Chapman 2 | Affordable Housing in Columbus, GA | Btw-Chapman I | Affordable Housing in Columbus, GA",public_property_directory,https://affordablehousinghub.org/housing/georgia/muscogee-county/columbus/btw-chapman-2-4722-lihtc | https://affordablehousinghub.org/housing/georgia/muscogee-county/columbus/btw-chapman-i-5185-lihtc,"Outside read: the retained public records identify separately named phases, components, projects, or buildings. A common address or campus is not sufficient to collapse them.",2026-08-10,retain_each,distinct_phases_or_components_common_address,distinct_phase_or_component_common_address,Apply only the explicit member partition. Preserve every HUD row as a project episode and every site row. Do not sum units or approve a coordinate query here.,2026-08-10,not_approved,FALSE,2,2,0,retain_each,GA,BTW-CHAPMAN 2 | BTW-CHAPMAN I,3725 CHAPMAN WAY|COLUMBUS|GA,name_similarity_only
XDA2_0078,new_two_pass_review,merge_all,internal_evidence_supports_one_physical_development,"Internal read: normalized and published names, state IDs, primary and complete address sets, placed-in-service years, unit scopes, and source-quality flags were read together. The resulting member partition is merge_all; no single field, including the shared address, was treated as dispositive.",2026-08-10,merge_all,duplicate_reporting_or_later_episode_same_physical_development,Google,https://www.google.com/search?q=CANDLER%20FOREST%20%7C%20CANDLER%20FORREST%20GA%20affordable%20housing,"Candler Forest | Affordable Housing in Decatur, GA | Candler Forrest | Affordable Housing in Decatur, GA",public_property_directory,https://affordablehousinghub.org/housing/georgia/dekalb-county/decatur/candler-forest-5504-lihtc | https://affordablehousinghub.org/housing/georgia/dekalb-county/decatur/candler-forrest-5301-lihtc,"Outside read: the retained public records identify one named property, one later financing episode, one paired-financing development, or one scattered-site development corresponding to the internal record set. All HUD rows and site rows remain preserved.",2026-08-10,merge_all,duplicate_reporting_or_later_episode_same_physical_development,same_physical_development_address,Apply only the explicit member partition. Preserve every HUD row as a project episode and every site row. Do not sum units or approve a coordinate query here.,2026-08-10,not_approved,FALSE,2,1,0,merge_all,GA,CANDLER FOREST | CANDLER FORREST,2145 CANDLER RD SE|DECATUR|GA,name_or_timing_with_equal_units_near_pis
XDA2_0079,new_two_pass_review,merge_all,internal_evidence_supports_one_physical_development,"Internal read: normalized and published names, state IDs, primary and complete address sets, placed-in-service years, unit scopes, and source-quality flags were read together. The resulting member partition is merge_all; no single field, including the shared address, was treated as dispositive.",2026-08-10,merge_all,duplicate_reporting_or_later_episode_same_physical_development,Google,https://www.google.com/search?q=COLUMBIA%20CITIHOMES%20%7C%20COLUMBIA%20PARK%20CITI%20GA%20affordable%20housing,"Columbia Citihomes | Affordable Housing in Atlanta, GA | Columbia Park Citi | Affordable Housing in Atlanta, GA",public_property_directory,https://affordablehousinghub.org/housing/georgia/dekalb-county/atlanta/columbia-citihomes-4430-lihtc | https://affordablehousinghub.org/housing/georgia/dekalb-county/atlanta/columbia-park-citi-5447-lihtc,"Outside read: the retained public records identify one named property, one later financing episode, one paired-financing development, or one scattered-site development corresponding to the internal record set. All HUD rows and site rows remain preserved.",2026-08-10,merge_all,duplicate_reporting_or_later_episode_same_physical_development,same_physical_development_address,Apply only the explicit member partition. Preserve every HUD row as a project episode and every site row. Do not sum units or approve a coordinate query here.,2026-08-10,not_approved,FALSE,2,1,0,merge_all,GA,COLUMBIA CITIHOMES | COLUMBIA PARK CITI,165 MARION PL NE|ATLANTA|GA,name_or_timing_with_equal_units_near_pis
XDA2_0080,new_two_pass_review,retain_each,internal_evidence_supports_distinct_phases_or_components,"Internal read: normalized and published names, state IDs, primary and complete address sets, placed-in-service years, unit scopes, and source-quality flags were read together. The resulting member partition is retain_each; no single field, including the shared address, was treated as dispositive.",2026-08-10,retain_each,distinct_phases_or_components_common_address,Google,https://www.google.com/search?q=COLUMBIA%20TOWNHOMES%20AT%20EDGEWOOD%20%7C%20COLUMBIA%20TOWNHOMES%20AT%20EDGEWOOD%20II%20GA%20affordable%20housing,"Columbia Townhomes At Edgewood | Affordable Housing in Atlanta, GA | Columbia Townhomes At Edgewood Ii | Affordable Housing in Atlanta, GA",public_property_directory,https://affordablehousinghub.org/housing/georgia/dekalb-county/atlanta/columbia-townhomes-at-edgewood-5333-lihtc | https://affordablehousinghub.org/housing/georgia/dekalb-county/atlanta/columbia-townhomes-at-edgewood-ii-4871-lihtc,"Outside read: the retained public records identify separately named phases, components, projects, or buildings. A common address or campus is not sufficient to collapse them.",2026-08-10,retain_each,distinct_phases_or_components_common_address,distinct_phase_or_component_common_address,Apply only the explicit member partition. Preserve every HUD row as a project episode and every site row. Do not sum units or approve a coordinate query here.,2026-08-10,not_approved,FALSE,2,2,0,retain_each,GA,COLUMBIA TOWNHOMES AT EDGEWOOD | COLUMBIA TOWNHOMES AT EDGEWOOD II,150 HUTCHINSON ST NE|ATLANTA|GA,name_similarity_only
XDA2_0081,new_two_pass_review,merge_all,internal_evidence_supports_one_physical_development,"Internal read: normalized and published names, state IDs, primary and complete address sets, placed-in-service years, unit scopes, and source-quality flags were read together. The resulting member partition is merge_all; no single field, including the shared address, was treated as dispositive.",2026-08-10,merge_all,duplicate_reporting_or_later_episode_same_physical_development,Google,https://www.google.com/search?q=CONNERS%20SENIOR%20VILLAGE%20%7C%20CONNERS%20SENIOR%20VILLAGE%20PHASE%20II%20GA%20affordable%20housing,"Conners Senior Village | Affordable Housing in Villa Rica, GA | Conners Senior Village Phase Ii | Affordable Housing in Villa Rica, GA",public_property_directory,https://affordablehousinghub.org/housing/georgia/douglas-county/villa-rica/conners-senior-village-4901-lihtc | https://affordablehousinghub.org/housing/georgia/douglas-county/villa-rica/conners-senior-village-phase-ii-4754-lihtc,"Outside read: the retained public records identify one named property, one later financing episode, one paired-financing development, or one scattered-site development corresponding to the internal record set. All HUD rows and site rows remain preserved.",2026-08-10,merge_all,duplicate_reporting_or_later_episode_same_physical_development,same_physical_development_address,Apply only the explicit member partition. Preserve every HUD row as a project episode and every site row. Do not sum units or approve a coordinate query here.,2026-08-10,not_approved,FALSE,2,1,0,merge_all,GA,CONNERS SENIOR VILLAGE | CONNERS SENIOR VILLAGE PHASE II,9501 CONNERS RD|VILLA RICA|GA,phase_or_component_only
XDA2_0082,new_two_pass_review,retain_each,internal_evidence_supports_distinct_phases_or_components,"Internal read: normalized and published names, state IDs, primary and complete address sets, placed-in-service years, unit scopes, and source-quality flags were read together. The resulting member partition is retain_each; no single field, including the shared address, was treated as dispositive.",2026-08-10,retain_each,distinct_phases_or_components_common_address,Google,https://www.google.com/search?q=EAST%20ORCHARD%20ELDERLY%20%7C%20EAST%20ORCHARD%20FAMILY%20GA%20affordable%20housing,"East Orchard Elderly | Affordable Housing in Hartwell, GA | East Orchard Family | Affordable Housing in Hartwell, GA",public_property_directory,https://affordablehousinghub.org/housing/georgia/hart-county/hartwell/east-orchard-elderly-4726-lihtc | https://affordablehousinghub.org/housing/georgia/hart-county/hartwell/east-orchard-family-4145-lihtc,"Outside read: the retained public records identify separately named phases, components, projects, or buildings. A common address or campus is not sufficient to collapse them.",2026-08-10,retain_each,distinct_phases_or_components_common_address,distinct_phase_or_component_common_address,Apply only the explicit member partition. Preserve every HUD row as a project episode and every site row. Do not sum units or approve a coordinate query here.,2026-08-10,not_approved,FALSE,2,2,0,retain_each,GA,EAST ORCHARD ELDERLY | EAST ORCHARD FAMILY,110 NANCY DR|HARTWELL|GA,name_or_timing_with_equal_units_near_pis
XDA2_0083,new_two_pass_review,merge_all,internal_evidence_supports_one_physical_development,"Internal read: normalized and published names, state IDs, primary and complete address sets, placed-in-service years, unit scopes, and source-quality flags were read together. The resulting member partition is merge_all; no single field, including the shared address, was treated as dispositive.",2026-08-10,merge_all,duplicate_reporting_or_later_episode_same_physical_development,Google,https://www.google.com/search?q=HARRIS%20HOMES%20REVITALIZATION%20II%20%7C%20VERANDA%20AT%20COLLEGETOWN%20GA%20affordable%20housing,"Harris Homes Revitalization Ii | Affordable Housing in Atlanta, GA | Veranda At Collegetown | Affordable Housing in Atlanta, GA",public_property_directory,https://affordablehousinghub.org/housing/georgia/fulton-county/atlanta/harris-homes-revitalization-ii-5523-lihtc | https://affordablehousinghub.org/housing/georgia/fulton-county/atlanta/veranda-at-collegetown-5581-lihtc,"Outside read: the retained public records identify one named property, one later financing episode, one paired-financing development, or one scattered-site development corresponding to the internal record set. All HUD rows and site rows remain preserved.",2026-08-10,merge_all,duplicate_reporting_or_later_episode_same_physical_development,same_physical_development_address,Apply only the explicit member partition. Preserve every HUD row as a project episode and every site row. Do not sum units or approve a coordinate query here.,2026-08-10,not_approved,FALSE,2,1,0,merge_all,GA,HARRIS HOMES REVITALIZATION II | VERANDA AT COLLEGETOWN,372 LEGACY DR SW|ATLANTA|GA,name_or_timing_with_equal_units_near_pis
XDA2_0084,new_two_pass_review,retain_each,internal_evidence_supports_distinct_phases_or_components,"Internal read: normalized and published names, state IDs, primary and complete address sets, placed-in-service years, unit scopes, and source-quality flags were read together. The resulting member partition is retain_each; no single field, including the shared address, was treated as dispositive.",2026-08-10,retain_each,distinct_phases_or_components_common_address,Google,https://www.google.com/search?q=HERON%20LAKE%20I%20%7C%20HERON%20LAKE%20II%20GA%20affordable%20housing,"Heron Lake I | Affordable Housing in Valdosta, GA | Heron Lake Ii | Affordable Housing in Valdosta, GA",public_property_directory,https://affordablehousinghub.org/housing/georgia/lowndes-county/valdosta/heron-lake-i-5601-lihtc | https://affordablehousinghub.org/housing/georgia/lowndes-county/valdosta/heron-lake-ii-5408-lihtc,"Outside read: the retained public records identify separately named phases, components, projects, or buildings. A common address or campus is not sufficient to collapse them.",2026-08-10,retain_each,distinct_phases_or_components_common_address,distinct_phase_or_component_common_address,Apply only the explicit member partition. Preserve every HUD row as a project episode and every site row. Do not sum units or approve a coordinate query here.,2026-08-10,not_approved,FALSE,2,2,0,retain_each,GA,HERON LAKE I | HERON LAKE II,1800 EASTWIND RD|VALDOSTA|GA,name_similarity_only
XDA2_0085,new_two_pass_review,retain_each,internal_evidence_supports_distinct_phases_or_components,"Internal read: normalized and published names, state IDs, primary and complete address sets, placed-in-service years, unit scopes, and source-quality flags were read together. The resulting member partition is retain_each; no single field, including the shared address, was treated as dispositive.",2026-08-10,retain_each,distinct_phases_or_components_common_address,Google,https://www.google.com/search?q=HOLLYWOOD%20WEST%20APARTMENTS%20%7C%20HOLLYWOOD%20WEST%20II%20GA%20affordable%20housing,"Hollywood West Apartments | Affordable Housing in Atlanta, GA | Hollywood West Ii | Affordable Housing in Atlanta, GA",public_property_directory,https://affordablehousinghub.org/housing/georgia/fulton-county/atlanta/hollywood-west-apartments-5593-lihtc | https://affordablehousinghub.org/housing/georgia/fulton-county/atlanta/hollywood-west-ii-5310-lihtc,"Outside read: the retained public records identify separately named phases, components, projects, or buildings. A common address or campus is not sufficient to collapse them.",2026-08-10,retain_each,distinct_phases_or_components_common_address,distinct_phase_or_component_common_address,Apply only the explicit member partition. Preserve every HUD row as a project episode and every site row. Do not sum units or approve a coordinate query here.,2026-08-10,not_approved,FALSE,2,2,0,retain_each,GA,HOLLYWOOD WEST APARTMENTS | HOLLYWOOD WEST II,1033 HOLLYWOOD RD NW|ATLANTA|GA,name_or_timing_with_equal_units_near_pis
XDA2_0086,new_two_pass_review,merge_all,internal_evidence_supports_one_physical_development,"Internal read: normalized and published names, state IDs, primary and complete address sets, placed-in-service years, unit scopes, and source-quality flags were read together. The resulting member partition is merge_all; no single field, including the shared address, was treated as dispositive.",2026-08-10,merge_all,duplicate_reporting_or_later_episode_same_physical_development,Google,https://www.google.com/search?q=LAFAYETTE%20GARDEN%20APARTMENTS%20%7C%20LAFAYETTE%20GARDENS%20APARTMENTS%20GA%20affordable%20housing,"Lafayette Garden Apartments | Affordable Housing in La Fayette, GA | Lafayette Gardens Apartments | Affordable Housing in La Fayette, GA",public_property_directory,https://affordablehousinghub.org/housing/georgia/walker-county/la-fayette/lafayette-garden-apartments-4465-lihtc | https://affordablehousinghub.org/housing/georgia/walker-county/la-fayette/lafayette-gardens-apartments-4105-lihtc,"Outside read: the retained public records identify one named property, one later financing episode, one paired-financing development, or one scattered-site development corresponding to the internal record set. All HUD rows and site rows remain preserved.",2026-08-10,merge_all,duplicate_reporting_or_later_episode_same_physical_development,same_physical_development_address,Apply only the explicit member partition. Preserve every HUD row as a project episode and every site row. Do not sum units or approve a coordinate query here.,2026-08-10,not_approved,FALSE,2,1,0,merge_all,GA,LAFAYETTE GARDEN APARTMENTS | LAFAYETTE GARDENS APARTMENTS,709 PATTERSON RD|LA FAYETTE|GA,name_similarity_only
XDA2_0087,new_two_pass_review,merge_all,internal_evidence_supports_one_physical_development,"Internal read: normalized and published names, state IDs, primary and complete address sets, placed-in-service years, unit scopes, and source-quality flags were read together. The resulting member partition is merge_all; no single field, including the shared address, was treated as dispositive.",2026-08-10,merge_all,duplicate_reporting_or_later_episode_same_physical_development,Google,https://www.google.com/search?q=LAUREL%20RIDGE%20AT%20WASHINGTON%20ROAD%20APT%20%7C%20LEYLAND%20POINTE%20APTS%20FKA%20LAUREL%20RIDGE%20GA%20affordable%20housing,"Laurel Ridge At Washington Road Apt | Affordable Housing in East Point, GA | Leyland Pointe Apts Fka Laurel Ridge | Affordable Housing in East Point, GA",public_property_directory,https://affordablehousinghub.org/housing/georgia/fulton-county/east-point/laurel-ridge-at-washington-road-apt-5374-lihtc | https://affordablehousinghub.org/housing/georgia/fulton-county/east-point/leyland-pointe-apts-fka-laurel-ridge-5452-lihtc,"Outside read: the retained public records identify one named property, one later financing episode, one paired-financing development, or one scattered-site development corresponding to the internal record set. All HUD rows and site rows remain preserved.",2026-08-10,merge_all,duplicate_reporting_or_later_episode_same_physical_development,same_physical_development_address,Apply only the explicit member partition. Preserve every HUD row as a project episode and every site row. Do not sum units or approve a coordinate query here.,2026-08-10,not_approved,FALSE,2,1,0,merge_all,GA,LAUREL RIDGE AT WASHINGTON ROAD APT | LEYLAND POINTE APTS FKA LAUREL RIDGE,2900 LAUREL RIDGE WAY|EAST POINT|GA,name_or_timing_with_equal_units_near_pis
XDA2_0088,new_two_pass_review,partition,internal_evidence_supports_member_level_partition,"Internal read: normalized and published names, state IDs, primary and complete address sets, placed-in-service years, unit scopes, and source-quality flags were read together. The resulting member partition is partition; no single field, including the shared address, was treated as dispositive.",2026-08-10,partition,duplicate_records_partitioned_within_distinct_phases,Google,https://www.google.com/search?q=LEGACY%20AT%20WALTON%20VILLAGE%20PHASE%202%20%7C%20LEGACY%20AT%20WALTON%20VILLAGE%20PHASE%20I%20%7C%20LEGACY%20AT%20WALTON%20VILLAGE%20PHASE%20II%20GA%20affordable%20housing,"Legacy At Walton Village Phase 2 | Affordable Housing in Marietta, GA | Legacy At Walton Village Phase I | Affordable Housing in Marietta, GA | Legacy At Walton Village Phase Ii | Affordable Housing in Marietta, GA",public_property_directory,https://affordablehousinghub.org/housing/georgia/cobb-county/marietta/legacy-at-walton-village-phase-2-5150-lihtc | https://affordablehousinghub.org/housing/georgia/cobb-county/marietta/legacy-at-walton-village-phase-i-48943-lihtc | https://affordablehousinghub.org/housing/georgia/cobb-county/marietta/legacy-at-walton-village-phase-ii-5412-lihtc,Outside read: the retained public records support duplicate reporting within some named phases or components while preserving the other named phases or components as distinct physical developments.,2026-08-10,partition,duplicate_records_partitioned_within_distinct_phases,mixed_duplicate_and_distinct_component_overlap,Apply only the explicit member partition. Preserve every HUD row as a project episode and every site row. Do not sum units or approve a coordinate query here.,2026-08-10,not_approved,FALSE,3,2,0,partition,GA,LEGACY AT WALTON VILLAGE PHASE 2 | LEGACY AT WALTON VILLAGE PHASE I | LEGACY AT WALTON VILLAGE PHASE II,1400 ROBERTA DR|MARIETTA|GA | 1600 ROBERTA DR SW|MARIETTA|GA,phase_or_component_only
XDA2_0089,new_two_pass_review,merge_all,internal_evidence_supports_one_physical_development,"Internal read: normalized and published names, state IDs, primary and complete address sets, placed-in-service years, unit scopes, and source-quality flags were read together. The resulting member partition is merge_all; no single field, including the shared address, was treated as dispositive.",2026-08-10,merge_all,duplicate_reporting_or_later_episode_same_physical_development,Google,https://www.google.com/search?q=OAK%20FOREST%20%7C%20OAK%20FOREST%20APARTMENTS%20II%20GA%20affordable%20housing,"Oak Forest | Affordable Housing in Eastman, GA | Oak Forest Apartments Ii | Affordable Housing in Eastman, GA",public_property_directory,https://affordablehousinghub.org/housing/georgia/dodge-county/eastman/oak-forest-4121-lihtc | https://affordablehousinghub.org/housing/georgia/dodge-county/eastman/oak-forest-apartments-ii-4180-lihtc,"Outside read: the retained public records identify one named property, one later financing episode, one paired-financing development, or one scattered-site development corresponding to the internal record set. All HUD rows and site rows remain preserved.",2026-08-10,merge_all,duplicate_reporting_or_later_episode_same_physical_development,same_physical_development_address,Apply only the explicit member partition. Preserve every HUD row as a project episode and every site row. Do not sum units or approve a coordinate query here.,2026-08-10,not_approved,FALSE,2,1,0,merge_all,GA,OAK FOREST | OAK FOREST APARTMENTS II,963 OAK FORREST DR|EASTMAN|GA,name_or_timing_with_equal_units_near_pis
XDA2_0090,new_two_pass_review,partition,internal_evidence_supports_member_level_partition,"Internal read: normalized and published names, state IDs, primary and complete address sets, placed-in-service years, unit scopes, and source-quality flags were read together. The resulting member partition is partition; no single field, including the shared address, was treated as dispositive.",2026-08-10,partition,duplicate_records_partitioned_within_distinct_phases,Google,https://www.google.com/search?q=PECAN%20GROVE%20HOMES%20PHASE%20I%20%7C%20PECAN%20GROVE%20HOMES%20PHASE%20II%20%7C%20PECAN%20GROVE%20II%20GA%20affordable%20housing,"Pecan Grove Homes Phase I | Affordable Housing in Waynesboro, GA | Pecan Grove Homes Phase Ii | Affordable Housing in Waynesboro, GA | Pecan Grove Ii | Affordable Housing in Waynesboro, GA",public_property_directory,https://affordablehousinghub.org/housing/georgia/burke-county/waynesboro/pecan-grove-homes-phase-i-5397-lihtc | https://affordablehousinghub.org/housing/georgia/burke-county/waynesboro/pecan-grove-homes-phase-ii-5298-lihtc | https://affordablehousinghub.org/housing/georgia/burke-county/waynesboro/pecan-grove-ii-5328-lihtc,Outside read: the retained public records support duplicate reporting within some named phases or components while preserving the other named phases or components as distinct physical developments.,2026-08-10,partition,duplicate_records_partitioned_within_distinct_phases,mixed_duplicate_and_distinct_component_overlap,Apply only the explicit member partition. Preserve every HUD row as a project episode and every site row. Do not sum units or approve a coordinate query here.,2026-08-10,not_approved,FALSE,3,2,0,partition,GA,PECAN GROVE HOMES PHASE I | PECAN GROVE HOMES PHASE II | PECAN GROVE II,100 PECAN GROVE DR|WAYNESBORO|GA,phase_or_component_only
XDA2_0091,new_two_pass_review,merge_all,internal_evidence_supports_one_physical_development,"Internal read: normalized and published names, state IDs, primary and complete address sets, placed-in-service years, unit scopes, and source-quality flags were read together. The resulting member partition is merge_all; no single field, including the shared address, was treated as dispositive.",2026-08-10,merge_all,duplicate_reporting_or_later_episode_same_physical_development,Google,https://www.google.com/search?q=PINE%20TERRACE%20%7C%20PINE%20TERRACE%20I%20GA%20affordable%20housing,"Pine Terrace | Affordable Housing in Wrightsville, GA | Pine Terrace I | Affordable Housing in Wrightsville, GA",public_property_directory,https://affordablehousinghub.org/housing/georgia/johnson-county/wrightsville/pine-terrace-4153-lihtc | https://affordablehousinghub.org/housing/georgia/johnson-county/wrightsville/pine-terrace-i-4058-lihtc,"Outside read: the retained public records identify one named property, one later financing episode, one paired-financing development, or one scattered-site development corresponding to the internal record set. All HUD rows and site rows remain preserved.",2026-08-10,merge_all,duplicate_reporting_or_later_episode_same_physical_development,same_physical_development_address,Apply only the explicit member partition. Preserve every HUD row as a project episode and every site row. Do not sum units or approve a coordinate query here.,2026-08-10,not_approved,FALSE,2,1,0,merge_all,GA,PINE TERRACE | PINE TERRACE I,8214 S MARCUS ST 25|WRIGHTSVILLE|GA,name_or_timing_with_equal_units_near_pis
XDA2_0092,new_two_pass_review,merge_all,internal_evidence_supports_one_physical_development,"Internal read: normalized and published names, state IDs, primary and complete address sets, placed-in-service years, unit scopes, and source-quality flags were read together. The resulting member partition is merge_all; no single field, including the shared address, was treated as dispositive.",2026-08-10,merge_all,duplicate_reporting_or_later_episode_same_physical_development,Google,https://www.google.com/search?q=QUAIL%20VILLAGE%20APARTMENTS%20%7C%20QUAL%20VILLAGE%20APARTMENTS%20GA%20affordable%20housing,"Quail Village Apartments | Affordable Housing in Reidsville, GA | Qual Village Apartments | Affordable Housing in Reidsville, GA",public_property_directory,https://affordablehousinghub.org/housing/georgia/tattnall-county/reidsville/quail-village-apartments-4649-lihtc | https://affordablehousinghub.org/housing/georgia/tattnall-county/reidsville/qual-village-apartments-4462-lihtc,"Outside read: the retained public records identify one named property, one later financing episode, one paired-financing development, or one scattered-site development corresponding to the internal record set. All HUD rows and site rows remain preserved.",2026-08-10,merge_all,duplicate_reporting_or_later_episode_same_physical_development,same_physical_development_address,Apply only the explicit member partition. Preserve every HUD row as a project episode and every site row. Do not sum units or approve a coordinate query here.,2026-08-10,not_approved,FALSE,2,1,0,merge_all,GA,QUAIL VILLAGE APARTMENTS | QUAL VILLAGE APARTMENTS,199 MEMORIAL DR|REIDSVILLE|GA,name_similarity_only
XDA2_0093,new_two_pass_review,merge_all,internal_evidence_supports_one_physical_development,"Internal read: normalized and published names, state IDs, primary and complete address sets, placed-in-service years, unit scopes, and source-quality flags were read together. The resulting member partition is merge_all; no single field, including the shared address, was treated as dispositive.",2026-08-10,merge_all,duplicate_reporting_or_later_episode_same_physical_development,Google,https://www.google.com/search?q=ROSEWOOD%20ESTATES%20%7C%20ROWEWOOD%20ESTATES%20GA%20affordable%20housing,"Rosewood Estates | Affordable Housing in Cordele, GA | Rowewood Estates | Affordable Housing in Cordele, GA",public_property_directory,https://affordablehousinghub.org/housing/georgia/crisp-county/cordele/rosewood-estates-5516-lihtc | https://affordablehousinghub.org/housing/georgia/crisp-county/cordele/rowewood-estates-5464-lihtc,"Outside read: the retained public records identify one named property, one later financing episode, one paired-financing development, or one scattered-site development corresponding to the internal record set. All HUD rows and site rows remain preserved.",2026-08-10,merge_all,duplicate_reporting_or_later_episode_same_physical_development,same_physical_development_address,Apply only the explicit member partition. Preserve every HUD row as a project episode and every site row. Do not sum units or approve a coordinate query here.,2026-08-10,not_approved,FALSE,2,1,0,merge_all,GA,ROSEWOOD ESTATES | ROWEWOOD ESTATES,53 ROSEWOOD CIR|CORDELE|GA,name_or_timing_with_equal_units_near_pis
XDA2_0094,new_two_pass_review,partition,internal_evidence_supports_member_level_partition,"Internal read: normalized and published names, state IDs, primary and complete address sets, placed-in-service years, unit scopes, and source-quality flags were read together. The resulting member partition is partition; no single field, including the shared address, was treated as dispositive.",2026-08-10,partition,same_named_multisite_or_aggregate_physical_development,Google,https://www.google.com/search?q=SAVANNAH%20NEIGHBORHOOD%20ACTION%20PROJECT%20%28SNAP%29%20I%20%7C%20SAVANNAH%20NEIGHBORHOOD%20ACTION%20PROJECT%20%28SNAP%29%20II%20%7C%20SAVANNAH%20NEIGHBORHOOD%20ACTION%20PROJECT%20%28SNAP%29%20III%20A%20%7C%20SAVANNAH%20NEIGHBORHOOD%20ACTION%20PROJECT%20%28SNAP%29%20III%20B%20%7C%20SAVANNAH%20NEIGHBORHOOD%20ACTION%20PROJECT%20%28SNAP%29%20III%20C%20%7C%20SAVANNAH%20NEIGHBORHOOD%20ACTION%20PROJECT%20%28SNAP%29%20III%20E%20GA%20affordable%20housing,"Savannah Neighborhood Action Project Snap I | Affordable Housing in Savannah, GA | Savannah Neighborhood Action Project Snap Ii | Affordable Housing in Savannah, GA | Savannah Neighborhood Action Project Snap Iii | Affordable Housing in Savannah, GA",public_property_directory,https://affordablehousinghub.org/housing/georgia/chatham-county/savannah/savannah-neighborhood-action-project-snap-i-5546-lihtc | https://affordablehousinghub.org/housing/georgia/chatham-county/savannah/savannah-neighborhood-action-project-snap-ii-3777-lihtc | https://affordablehousinghub.org/housing/georgia/chatham-county/savannah/savannah-neighborhood-action-project-snap-iii-3776-lihtc,Outside read: the retained public records support duplicate reporting within some named phases or components while preserving the other named phases or components as distinct physical developments.,2026-08-10,partition,same_named_multisite_or_aggregate_physical_development,mixed_duplicate_and_distinct_component_overlap,Apply only the explicit member partition. Preserve every HUD row as a project episode and every site row. Do not sum units or approve a coordinate query here.,2026-08-10,not_approved,FALSE,6,3,1,partition,GA,SAVANNAH NEIGHBORHOOD ACTION PROJECT (SNAP) I | SAVANNAH NEIGHBORHOOD ACTION PROJECT (SNAP) II | SAVANNAH NEIGHBORHOOD ACTION PROJECT (SNAP) III A | SAVANNAH NEIGHBORHOOD ACTION PROJECT (SNAP) III B | SAVANNAH NEIGHBORHOOD ACTION PROJECT (SNAP) III C | SAVANNAH NEIGHBORHOOD ACTION PROJECT (SNAP) III E,219 E WALDBURG ST|SAVANNAH|GA,phase_or_component_only
XDA2_0095,new_two_pass_review,merge_all,internal_evidence_supports_one_physical_development,"Internal read: normalized and published names, state IDs, primary and complete address sets, placed-in-service years, unit scopes, and source-quality flags were read together. The resulting member partition is merge_all; no single field, including the shared address, was treated as dispositive.",2026-08-10,merge_all,same_named_multisite_or_aggregate_physical_development,Google,https://www.google.com/search?q=SNAP%20III%20%28A%29%20%7C%20SNAP%20III%20%28B%29%20%7C%20SNAP%20III%20%28C%29%20%7C%20SNAP%20III%28E%29%20%7C%20SNAPIII%20%28D%29%20GA%20affordable%20housing,"Snap Iii A | Affordable Housing in Savannah, GA | Snap Iii B | Affordable Housing in Savannah, GA | Snap Iii C | Affordable Housing in Savannah, GA | Snapiii D | Affordable Housing in Savannah, GA",public_property_directory,https://affordablehousinghub.org/housing/georgia/chatham-county/savannah/snap-iii-a-5205-lihtc | https://affordablehousinghub.org/housing/georgia/chatham-county/savannah/snap-iii-b-5206-lihtc | https://affordablehousinghub.org/housing/georgia/chatham-county/savannah/snap-iii-c-5207-lihtc | https://affordablehousinghub.org/housing/georgia/chatham-county/savannah/snapiii-d-5209-lihtc,"Outside read: the retained public records identify one named property, one later financing episode, one paired-financing development, or one scattered-site development corresponding to the internal record set. All HUD rows and site rows remain preserved.",2026-08-10,merge_all,same_named_multisite_or_aggregate_physical_development,same_physical_development_address,Apply only the explicit member partition. Preserve every HUD row as a project episode and every site row. Do not sum units or approve a coordinate query here.,2026-08-10,not_approved,FALSE,5,1,1,merge_all,GA,SNAP III (A) | SNAP III (B) | SNAP III (C) | SNAP III(E) | SNAPIII (D),1 W HENRY ST|SAVANNAH|GA,name_or_timing_with_equal_units_near_pis
XDA2_0096,new_two_pass_review,retain_each,internal_evidence_supports_distinct_phases_or_components,"Internal read: normalized and published names, state IDs, primary and complete address sets, placed-in-service years, unit scopes, and source-quality flags were read together. The resulting member partition is retain_each; no single field, including the shared address, was treated as dispositive.",2026-08-10,retain_each,distinct_phases_or_components_common_address,Google,https://www.google.com/search?q=TINDALL%20FIELDS%20II%20%7C%20TINDALL%20FIELDS%20III%20GA%20affordable%20housing,"Tindall Fields I | Affordable Housing in Macon, GA",public_property_directory,https://affordablehousinghub.org/housing/georgia/bibb-county/macon/tindall-fields-i-3992-lihtc,"Outside read: the retained public records identify separately named phases, components, projects, or buildings. A common address or campus is not sufficient to collapse them.",2026-08-10,retain_each,distinct_phases_or_components_common_address,distinct_phase_or_component_common_address,Apply only the explicit member partition. Preserve every HUD row as a project episode and every site row. Do not sum units or approve a coordinate query here.,2026-08-10,not_approved,FALSE,2,2,0,retain_each,GA,TINDALL FIELDS II | TINDALL FIELDS III,985 PLANT ST|MACON|GA,name_or_timing_with_equal_units_near_pis
XDA2_0097,new_two_pass_review,merge_all,internal_evidence_supports_one_physical_development,"Internal read: normalized and published names, state IDs, primary and complete address sets, placed-in-service years, unit scopes, and source-quality flags were read together. The resulting member partition is merge_all; no single field, including the shared address, was treated as dispositive.",2026-08-10,merge_all,duplicate_reporting_or_later_episode_same_physical_development,Google,https://www.google.com/search?q=VILLAGES%20AT%20CASTLEBERRY%20HILL%20%7C%20VILLAGES%20AT%20CASTLEBERRY%20HILL%20-%20JOHN%20HOPE%20HOME%20GA%20affordable%20housing,"Villages At Castleberry Hill - John Hope Home | Affordable Housing in Atlanta, GA | Villages At Castleberry Hill | Affordable Housing in Atlanta, GA",public_property_directory,https://affordablehousinghub.org/housing/georgia/fulton-county/atlanta/villages-at-castleberry-hill-4504-lihtc | https://affordablehousinghub.org/housing/georgia/fulton-county/atlanta/villages-at-castleberry-hill-john-hope-home-4531-lihtc,"Outside read: the retained public records identify one named property, one later financing episode, one paired-financing development, or one scattered-site development corresponding to the internal record set. All HUD rows and site rows remain preserved.",2026-08-10,merge_all,duplicate_reporting_or_later_episode_same_physical_development,same_physical_development_address,Apply only the explicit member partition. Preserve every HUD row as a project episode and every site row. Do not sum units or approve a coordinate query here.,2026-08-10,not_approved,FALSE,2,1,0,merge_all,GA,VILLAGES AT CASTLEBERRY HILL | VILLAGES AT CASTLEBERRY HILL - JOHN HOPE HOME,801 NORTHSIDE DR NW|ATLANTA|GA,name_or_timing_with_equal_units_near_pis
XDA2_0098,new_two_pass_review,retain_each,internal_evidence_supports_distinct_phases_or_components,"Internal read: normalized and published names, state IDs, primary and complete address sets, placed-in-service years, unit scopes, and source-quality flags were read together. The resulting member partition is retain_each; no single field, including the shared address, was treated as dispositive.",2026-08-10,retain_each,distinct_phases_or_components_common_address,Google,https://www.google.com/search?q=VILLAGES%20OF%20EAST%20LAKE%20%7C%20VILLAGES%20OF%20EAST%20LAKE%20II%20%7C%20VILLAGES%20OF%20EASTLAKE%20II%20GA%20affordable%20housing,"Villages of East Lake | Affordable Housing in Atlanta, GA | Villages of East Lake I | Affordable Housing in Atlanta, GA | Villages of Eastlake Ii | Affordable Housing in Atlanta, GA",public_property_directory,https://affordablehousinghub.org/housing/georgia/dekalb-county/atlanta/villages-of-east-lake-3763-lihtc | https://affordablehousinghub.org/housing/georgia/dekalb-county/atlanta/villages-of-east-lake-i-3737-lihtc | https://affordablehousinghub.org/housing/georgia/dekalb-county/atlanta/villages-of-eastlake-ii-4611-lihtc,"Outside read: the retained public records identify separately named phases, components, projects, or buildings. A common address or campus is not sufficient to collapse them.",2026-08-10,retain_each,distinct_phases_or_components_common_address,distinct_phase_or_component_common_address,Apply only the explicit member partition. Preserve every HUD row as a project episode and every site row. Do not sum units or approve a coordinate query here.,2026-08-10,not_approved,FALSE,3,3,0,retain_each,GA,VILLAGES OF EAST LAKE | VILLAGES OF EAST LAKE II | VILLAGES OF EASTLAKE II,460 E LAKE BLVD SE|ATLANTA|GA,name_similarity_only
XDA2_0099,new_two_pass_review,retain_each,internal_evidence_supports_distinct_phases_or_components,"Internal read: normalized and published names, state IDs, primary and complete address sets, placed-in-service years, unit scopes, and source-quality flags were read together. The resulting member partition is retain_each; no single field, including the shared address, was treated as dispositive.",2026-08-10,retain_each,distinct_phases_or_components_common_address,Google,https://www.google.com/search?q=WASHINGTON%20ESTATES%20I%20%7C%20WASHINGTON%20ESTATES%20II%20GA%20affordable%20housing,"Washington Estates I | Affordable Housing in Tennille, GA | Washington Estates Ii | Affordable Housing in Tennille, GA",public_property_directory,https://affordablehousinghub.org/housing/georgia/washington-county/tennille/washington-estates-i-5226-lihtc | https://affordablehousinghub.org/housing/georgia/washington-county/tennille/washington-estates-ii-4986-lihtc,"Outside read: the retained public records identify separately named phases, components, projects, or buildings. A common address or campus is not sufficient to collapse them.",2026-08-10,retain_each,distinct_phases_or_components_common_address,distinct_phase_or_component_common_address,Apply only the explicit member partition. Preserve every HUD row as a project episode and every site row. Do not sum units or approve a coordinate query here.,2026-08-10,not_approved,FALSE,2,2,0,retain_each,GA,WASHINGTON ESTATES I | WASHINGTON ESTATES II,101 WASHINGTON DR|TENNILLE|GA,name_similarity_only
XDA2_0100,new_two_pass_review,merge_all,internal_evidence_supports_one_physical_development,"Internal read: normalized and published names, state IDs, primary and complete address sets, placed-in-service years, unit scopes, and source-quality flags were read together. The resulting member partition is merge_all; no single field, including the shared address, was treated as dispositive.",2026-08-10,merge_all,duplicate_reporting_or_later_episode_same_physical_development,Google,https://www.google.com/search?q=WOODLAND%20TERRACE%20%7C%20WOODLAND%20TERRANCE%20GA%20affordable%20housing,"Woodland Terrace | Affordable Housing in Waynesboro, GA | Woodland Terrance | Affordable Housing in Waynesboro, GA",public_property_directory,https://affordablehousinghub.org/housing/georgia/burke-county/waynesboro/woodland-terrace-3916-lihtc | https://affordablehousinghub.org/housing/georgia/burke-county/waynesboro/woodland-terrance-3912-lihtc,"Outside read: the retained public records identify one named property, one later financing episode, one paired-financing development, or one scattered-site development corresponding to the internal record set. All HUD rows and site rows remain preserved.",2026-08-10,merge_all,duplicate_reporting_or_later_episode_same_physical_development,same_physical_development_address,Apply only the explicit member partition. Preserve every HUD row as a project episode and every site row. Do not sum units or approve a coordinate query here.,2026-08-10,not_approved,FALSE,2,1,0,merge_all,GA,WOODLAND TERRACE | WOODLAND TERRANCE,622 WOODLAND TER DR|WAYNESBORO|GA,name_or_timing_with_equal_units_near_pis
XDA2_0101,new_two_pass_review,retain_each,internal_evidence_supports_distinct_phases_or_components,"Internal read: normalized and published names, state IDs, primary and complete address sets, placed-in-service years, unit scopes, and source-quality flags were read together. The resulting member partition is retain_each; no single field, including the shared address, was treated as dispositive.",2026-08-10,retain_each,distinct_phases_or_components_common_address,Google,https://www.google.com/search?q=EWA%20VILLAGES%20PHASE%20I%20%7C%20EWA%20VILLAGES%20PHASE%20II%20%7C%20EWA%20VILLAGES%20PHASE%20III%20HI%20affordable%20housing,"Ewa Villages Phase I | Affordable Housing in Ewa Beach, HI | Ewa Villages Phase Ii | Affordable Housing in Ewa Beach, HI | Ewa Villages Phase Iii | Affordable Housing in Ewa Beach, HI",public_property_directory,https://affordablehousinghub.org/housing/hawaii/honolulu-county/ewa-beach/ewa-villages-phase-i-5143-lihtc | https://affordablehousinghub.org/housing/hawaii/honolulu-county/ewa-beach/ewa-villages-phase-ii-5171-lihtc | https://affordablehousinghub.org/housing/hawaii/honolulu-county/ewa-beach/ewa-villages-phase-iii-4803-lihtc,"Outside read: the retained public records identify separately named phases, components, projects, or buildings. A common address or campus is not sufficient to collapse them.",2026-08-10,retain_each,distinct_phases_or_components_common_address,distinct_phase_or_component_common_address,Apply only the explicit member partition. Preserve every HUD row as a project episode and every site row. Do not sum units or approve a coordinate query here.,2026-08-10,not_approved,FALSE,3,3,0,retain_each,HI,EWA VILLAGES PHASE I | EWA VILLAGES PHASE II | EWA VILLAGES PHASE III,91 1655 PAHIKA ST|EWA BEACH|HI,phase_or_component_only
XDA2_0102,new_two_pass_review,retain_each,internal_evidence_supports_distinct_phases_or_components,"Internal read: normalized and published names, state IDs, primary and complete address sets, placed-in-service years, unit scopes, and source-quality flags were read together. The resulting member partition is retain_each; no single field, including the shared address, was treated as dispositive.",2026-08-10,retain_each,distinct_phases_or_components_common_address,Google,https://www.google.com/search?q=KALEPA%20VILLAGE%20PHASE%202B%20%7C%20KALEPA%20VILLAGE%20PHASE%203%20HI%20affordable%20housing,"Kalepa Village Phase 2b | Affordable Housing in Lihue, HI | Kalepa Village Phase 3 | Affordable Housing in Lihue, HI",public_property_directory,https://affordablehousinghub.org/housing/hawaii/kauai-county/lihue/kalepa-village-phase-2b-5002-lihtc | https://affordablehousinghub.org/housing/hawaii/kauai-county/lihue/kalepa-village-phase-3-5082-lihtc,"Outside read: the retained public records identify separately named phases, components, projects, or buildings. A common address or campus is not sufficient to collapse them.",2026-08-10,retain_each,distinct_phases_or_components_common_address,distinct_phase_or_component_common_address,Apply only the explicit member partition. Preserve every HUD row as a project episode and every site row. Do not sum units or approve a coordinate query here.,2026-08-10,not_approved,FALSE,2,2,0,retain_each,HI,KALEPA VILLAGE PHASE 2B | KALEPA VILLAGE PHASE 3,4690 KALEPA CIR|LIHUE|HI,phase_or_component_only
XDA2_0103,new_two_pass_review,retain_each,internal_evidence_supports_distinct_phases_or_components,"Internal read: normalized and published names, state IDs, primary and complete address sets, placed-in-service years, unit scopes, and source-quality flags were read together. The resulting member partition is retain_each; no single field, including the shared address, was treated as dispositive.",2026-08-10,retain_each,distinct_phases_or_components_common_address,Google,https://www.google.com/search?q=KEAHUMOA%20PLACE%20PHASE%201%20%28AKA%20EAST%20KAPOLEI%20II%20PHASE%201%29%20%7C%20KEAHUMOA%20PLACE%20PHASE%202%20%28AKA%20EAST%20KAPOLEI%20II%20PHASE%202%29%20%7C%20KEAHUMOA%20PLACE%20PHASE%203%20%28AKA%20EAST%20KAPOLEI%20II%20PHASE%203%29%20%7C%20KEAHUMOA%20PLACE%20PHASE%204%20%28AKA%20EAST%20KAPOLEI%20II%20PHASE%204%29%20HI%20affordable%20housing,HHFDC Statewide Affordable Housing Inventory,allocating_agency_record,https://dbedt.hawaii.gov/hhfdc/affordable-rental-housing-inventory/,"Outside read: the retained public records identify separately named phases, components, projects, or buildings. A common address or campus is not sufficient to collapse them.",2026-08-10,retain_each,distinct_phases_or_components_common_address,distinct_phase_or_component_common_address,Apply only the explicit member partition. Preserve every HUD row as a project episode and every site row. Do not sum units or approve a coordinate query here.,2026-08-10,not_approved,FALSE,4,4,0,retain_each,HI,KEAHUMOA PLACE PHASE 1 (AKA EAST KAPOLEI II PHASE 1) | KEAHUMOA PLACE PHASE 2 (AKA EAST KAPOLEI II PHASE 2) | KEAHUMOA PLACE PHASE 3 (AKA EAST KAPOLEI II PHASE 3) | KEAHUMOA PLACE PHASE 4 (AKA EAST KAPOLEI II PHASE 4),91 1451 KEAHUMOA PKWY|EWA BEACH|HI,phase_or_component_only
XDA2_0104,new_two_pass_review,retain_each,internal_evidence_supports_distinct_phases_or_components,"Internal read: normalized and published names, state IDs, primary and complete address sets, placed-in-service years, unit scopes, and source-quality flags were read together. The resulting member partition is retain_each; no single field, including the shared address, was treated as dispositive.",2026-08-10,retain_each,distinct_phases_or_components_common_address,Google,https://www.google.com/search?q=KOOLOAULA%20PHASE%20I%20%7C%20KOOLOAULA%20PHASE%20II%20HI%20affordable%20housing,"Kooloaula Phase I | Affordable Housing in Ewa Beach, HI | Kooloaula Phase Ii | Affordable Housing in Ewa Beach, HI",public_property_directory,https://affordablehousinghub.org/housing/hawaii/honolulu-county/ewa-beach/kooloaula-phase-i-5169-lihtc | https://affordablehousinghub.org/housing/hawaii/honolulu-county/ewa-beach/kooloaula-phase-ii-4780-lihtc,"Outside read: the retained public records identify separately named phases, components, projects, or buildings. A common address or campus is not sufficient to collapse them.",2026-08-10,retain_each,distinct_phases_or_components_common_address,distinct_phase_or_component_common_address,Apply only the explicit member partition. Preserve every HUD row as a project episode and every site row. Do not sum units or approve a coordinate query here.,2026-08-10,not_approved,FALSE,2,2,0,retain_each,HI,KOOLOAULA PHASE I | KOOLOAULA PHASE II,91 1159 KEAHUMOA PKWY|EWA BEACH|HI,phase_or_component_only
XDA2_0105,new_two_pass_review,retain_each,internal_evidence_supports_distinct_phases_or_components,"Internal read: normalized and published names, state IDs, primary and complete address sets, placed-in-service years, unit scopes, and source-quality flags were read together. The resulting member partition is retain_each; no single field, including the shared address, was treated as dispositive.",2026-08-10,retain_each,distinct_phases_or_components_common_address,Google,https://www.google.com/search?q=COURTYARDS%20AT%20RIDGECREST%20%28THE%29%20%7C%20COURTYARDS%20AT%20RIDGECREST%20II%20%28THE%29%20ID%20affordable%20housing,"Courtyards At Ridgecrest Ii The | Affordable Housing in Nampa, ID | Courtyards At Ridgecrest The | Affordable Housing in Nampa, ID",public_property_directory,https://affordablehousinghub.org/housing/idaho/canyon-county/nampa/courtyards-at-ridgecrest-ii-the-6316-lihtc | https://affordablehousinghub.org/housing/idaho/canyon-county/nampa/courtyards-at-ridgecrest-the-6259-lihtc,"Outside read: the retained public records identify separately named phases, components, projects, or buildings. A common address or campus is not sufficient to collapse them.",2026-08-10,retain_each,distinct_phases_or_components_common_address,distinct_phase_or_component_common_address,Apply only the explicit member partition. Preserve every HUD row as a project episode and every site row. Do not sum units or approve a coordinate query here.,2026-08-10,not_approved,FALSE,2,2,0,retain_each,ID,COURTYARDS AT RIDGECREST (THE) | COURTYARDS AT RIDGECREST II (THE),6341 BIRCH LN|NAMPA|ID,name_similarity_only
XDA2_0106,new_two_pass_review,merge_all,internal_evidence_supports_one_physical_development,"Internal read: normalized and published names, state IDs, primary and complete address sets, placed-in-service years, unit scopes, and source-quality flags were read together. The resulting member partition is merge_all; no single field, including the shared address, was treated as dispositive.",2026-08-10,merge_all,duplicate_reporting_or_later_episode_same_physical_development,Google,https://www.google.com/search?q=MARTHA%20WASHINGTON%20%7C%20NORTH%20CENTER%20SENIOR%20APARTMENTS%20IL%20affordable%20housing,"Martha Washington | Affordable Housing in Chicago, IL | North Center Senior Apartments | Affordable Housing in Chicago, IL",public_property_directory,https://affordablehousinghub.org/housing/illinois/cook-county/chicago/martha-washington-8050-lihtc | https://affordablehousinghub.org/housing/illinois/cook-county/chicago/north-center-senior-apartments-7966-lihtc,"Outside read: the retained public records identify one named property, one later financing episode, one paired-financing development, or one scattered-site development corresponding to the internal record set. All HUD rows and site rows remain preserved.",2026-08-10,merge_all,duplicate_reporting_or_later_episode_same_physical_development,same_physical_development_address,Apply only the explicit member partition. Preserve every HUD row as a project episode and every site row. Do not sum units or approve a coordinate query here.,2026-08-10,not_approved,FALSE,2,1,0,merge_all,IL,MARTHA WASHINGTON | NORTH CENTER SENIOR APARTMENTS,2324 W IRVING PARK RD|CHICAGO|IL,name_or_timing_with_equal_units_near_pis
XDA2_0107,new_two_pass_review,merge_all,internal_evidence_supports_one_physical_development,"Internal read: normalized and published names, state IDs, primary and complete address sets, placed-in-service years, unit scopes, and source-quality flags were read together. The resulting member partition is merge_all; no single field, including the shared address, was treated as dispositive.",2026-08-10,merge_all,duplicate_reporting_or_later_episode_same_physical_development,Google,https://www.google.com/search?q=NORTH%20TOWN%20VILLAGE%20%7C%20NTV1%20IL%20affordable%20housing,"North Town Village | Affordable Housing in Chicago, IL | Ntv1 | Affordable Housing in Chicago, IL",public_property_directory,https://affordablehousinghub.org/housing/illinois/cook-county/chicago/north-town-village-5973-lihtc | https://affordablehousinghub.org/housing/illinois/cook-county/chicago/ntv1-8134-lihtc,"Outside read: the retained public records identify one named property, one later financing episode, one paired-financing development, or one scattered-site development corresponding to the internal record set. All HUD rows and site rows remain preserved.",2026-08-10,merge_all,duplicate_reporting_or_later_episode_same_physical_development,same_physical_development_address,Apply only the explicit member partition. Preserve every HUD row as a project episode and every site row. Do not sum units or approve a coordinate query here.,2026-08-10,not_approved,FALSE,2,1,0,merge_all,IL,NORTH TOWN VILLAGE | NTV1,1311 N HALSTED ST|CHICAGO|IL,name_or_timing_with_equal_units_near_pis
XDA2_0108,new_two_pass_review,merge_all,internal_evidence_supports_one_physical_development,"Internal read: normalized and published names, state IDs, primary and complete address sets, placed-in-service years, unit scopes, and source-quality flags were read together. The resulting member partition is merge_all; no single field, including the shared address, was treated as dispositive.",2026-08-10,merge_all,duplicate_reporting_or_later_episode_same_physical_development,Google,https://www.google.com/search?q=ROSA%20PARK%20APARTMENTS%20%7C%20ROSA%20PARKS%20APTS%20IL%20affordable%20housing,"Greenwood Park Apartments | Affordable Housing in Chicago, IL | Rosa Parks Apts | Affordable Housing in Chicago, IL",public_property_directory,https://affordablehousinghub.org/housing/illinois/cook-county/chicago/greenwood-park-apartments-7981-lihtc | https://affordablehousinghub.org/housing/illinois/cook-county/chicago/rosa-parks-apts-7861-lihtc,"Outside read: the retained public records identify one named property, one later financing episode, one paired-financing development, or one scattered-site development corresponding to the internal record set. All HUD rows and site rows remain preserved.",2026-08-10,merge_all,duplicate_reporting_or_later_episode_same_physical_development,same_physical_development_address,Apply only the explicit member partition. Preserve every HUD row as a project episode and every site row. Do not sum units or approve a coordinate query here.,2026-08-10,not_approved,FALSE,2,1,0,merge_all,IL,ROSA PARK APARTMENTS | ROSA PARKS APTS,2550 W N AVE|CHICAGO|IL,name_or_timing_with_equal_units_near_pis
XDA2_0109,new_two_pass_review,merge_all,internal_evidence_supports_one_physical_development,"Internal read: normalized and published names, state IDs, primary and complete address sets, placed-in-service years, unit scopes, and source-quality flags were read together. The resulting member partition is merge_all; no single field, including the shared address, was treated as dispositive.",2026-08-10,merge_all,paired_financing_components_same_physical_development,Google,https://www.google.com/search?q=TAFT%20HOMES%20FINAL%20PHASE%20-%204%25%20LIHTC%20%7C%20TAFT%20HOMES%20FINAL%20PHASE%20-%209%25%20LIHTC%20IL%20affordable%20housing,IHDA board minutes: Taft Homes Final Phase 4% and 9%,allocating_agency_record,https://www.ihda.org/wp-content/uploads/2023/07/2023-07-IHDA-217.pdf,"Outside read: the retained public records identify one named property, one later financing episode, one paired-financing development, or one scattered-site development corresponding to the internal record set. All HUD rows and site rows remain preserved.",2026-08-10,merge_all,paired_financing_components_same_physical_development,same_physical_development_address,Apply only the explicit member partition. Preserve every HUD row as a project episode and every site row. Do not sum units or approve a coordinate query here.,2026-08-10,not_approved,FALSE,2,1,0,merge_all,IL,TAFT HOMES FINAL PHASE - 4% LIHTC | TAFT HOMES FINAL PHASE - 9% LIHTC,245 GREEN ST|PEORIA|IL,phase_or_component_only
XDA2_0110,new_two_pass_review,retain_each,internal_evidence_supports_distinct_phases_or_components,"Internal read: normalized and published names, state IDs, primary and complete address sets, placed-in-service years, unit scopes, and source-quality flags were read together. The resulting member partition is retain_each; no single field, including the shared address, was treated as dispositive.",2026-08-10,retain_each,distinct_phases_or_components_common_address,Google,https://www.google.com/search?q=WESTSIDE%20VILLAGE%20PHASE%20I%20%7C%20WESTSIDE%20VILLAGE%20PHASE%20IV%20IL%20affordable%20housing,"Westside Village Phase I | Affordable Housing in Chicago, IL | Westside Village Phase Iv | Affordable Housing in Chicago, IL",public_property_directory,https://affordablehousinghub.org/housing/illinois/cook-county/chicago/westside-village-phase-i-8100-lihtc | https://affordablehousinghub.org/housing/illinois/cook-county/chicago/westside-village-phase-iv-7801-lihtc,"Outside read: the retained public records identify separately named phases, components, projects, or buildings. A common address or campus is not sufficient to collapse them.",2026-08-10,retain_each,distinct_phases_or_components_common_address,distinct_phase_or_component_common_address,Apply only the explicit member partition. Preserve every HUD row as a project episode and every site row. Do not sum units or approve a coordinate query here.,2026-08-10,not_approved,FALSE,2,2,0,retain_each,IL,WESTSIDE VILLAGE PHASE I | WESTSIDE VILLAGE PHASE IV,3607 W POLK ST|CHICAGO|IL,phase_or_component_only
XDA2_0111,new_two_pass_review,retain_each,internal_evidence_supports_distinct_phases_or_components,"Internal read: normalized and published names, state IDs, primary and complete address sets, placed-in-service years, unit scopes, and source-quality flags were read together. The resulting member partition is retain_each; no single field, including the shared address, was treated as dispositive.",2026-08-10,retain_each,distinct_phases_or_components_common_address,Google,https://www.google.com/search?q=REGENCY%20PARK%20APARTMENTS%20PHASE%201%20%7C%20REGENCY%20PARK%20APARTMENTS%20PHASE%202%20%7C%20REGENCY%20PARK%20APARTMENTS%20PHASE%203%20%7C%20REGENCY%20PARK%20APARTMENTS%20PHASE%204%20%7C%20REGENCY%20PARK%20APARTMENTS%20PHASE%205%20IN%20affordable%20housing,LIHTC Properties in Indiana Through 2023,sector_compilation,https://www.novoco.com/public-media/documents/indiana-lihtc-properties-through-2023-072025.pdf,"Outside read: the retained public records identify separately named phases, components, projects, or buildings. A common address or campus is not sufficient to collapse them.",2026-08-10,retain_each,distinct_phases_or_components_common_address,distinct_phase_or_component_common_address,Apply only the explicit member partition. Preserve every HUD row as a project episode and every site row. Do not sum units or approve a coordinate query here.,2026-08-10,not_approved,FALSE,5,5,0,retain_each,IN,REGENCY PARK APARTMENTS PHASE 1 | REGENCY PARK APARTMENTS PHASE 2 | REGENCY PARK APARTMENTS PHASE 3 | REGENCY PARK APARTMENTS PHASE 4 | REGENCY PARK APARTMENTS PHASE 5,5524 RUE ROYALE|INDIANAPOLIS|IN,phase_or_component_only
XDA2_0112,new_two_pass_review,retain_each,internal_evidence_supports_distinct_phases_or_components,"Internal read: normalized and published names, state IDs, primary and complete address sets, placed-in-service years, unit scopes, and source-quality flags were read together. The resulting member partition is retain_each; no single field, including the shared address, was treated as dispositive.",2026-08-10,retain_each,distinct_phases_or_components_common_address,Google,https://www.google.com/search?q=WOODLAKE%20VILLAGE%20I%20%7C%20WOODLAKE%20VILLAGE%20III%20IN%20affordable%20housing,"Woodlake Village Ii | Affordable Housing in Gary, IN | Woodlake Village Iii | Affordable Housing in Gary, IN",public_property_directory,https://affordablehousinghub.org/housing/indiana/lake-county/gary/woodlake-village-ii-8554-lihtc | https://affordablehousinghub.org/housing/indiana/lake-county/gary/woodlake-village-iii-8576-lihtc,"Outside read: the retained public records identify separately named phases, components, projects, or buildings. A common address or campus is not sufficient to collapse them.",2026-08-10,retain_each,distinct_phases_or_components_common_address,distinct_phase_or_component_common_address,Apply only the explicit member partition. Preserve every HUD row as a project episode and every site row. Do not sum units or approve a coordinate query here.,2026-08-10,not_approved,FALSE,2,2,0,retain_each,IN,WOODLAKE VILLAGE I | WOODLAKE VILLAGE III,8901 E 5TH AVE|GARY|IN,name_similarity_only
XDA2_0113,new_two_pass_review,merge_all,internal_evidence_supports_one_physical_development,"Internal read: normalized and published names, state IDs, primary and complete address sets, placed-in-service years, unit scopes, and source-quality flags were read together. The resulting member partition is merge_all; no single field, including the shared address, was treated as dispositive.",2026-08-10,merge_all,same_physical_development_with_contaminated_address_set,Google,https://www.google.com/search?q=BC%20STRATTON%20HILL%20%7C%20STRATTON%20HILL%202%20MA%20affordable%20housing,"Bc Stratton Hill | Affordable Housing in Worcester, MA",public_property_directory,https://affordablehousinghub.org/housing/massachusetts/worcester-county/worcester/bc-stratton-hill-12216-lihtc,"Outside read: the retained public records identify one named property, one later financing episode, one paired-financing development, or one scattered-site development corresponding to the internal record set. All HUD rows and site rows remain preserved.",2026-08-10,merge_all,same_physical_development_with_contaminated_address_set,same_development_with_source_cross_listed_addresses,Apply only the explicit member partition. Preserve every HUD row as a project episode and every site row. Do not sum units or approve a coordinate query here.,2026-08-10,not_approved,FALSE,2,1,0,merge_all,MA,BC STRATTON HILL | STRATTON HILL 2,161 MOUNTAIN ST W|WORCESTER|MA,name_or_timing_with_equal_units_near_pis
XDA2_0114,new_two_pass_review,merge_all,internal_evidence_supports_one_physical_development,"Internal read: normalized and published names, state IDs, primary and complete address sets, placed-in-service years, unit scopes, and source-quality flags were read together. The resulting member partition is merge_all; no single field, including the shared address, was treated as dispositive.",2026-08-10,merge_all,duplicate_reporting_or_later_episode_same_physical_development,Google,https://www.google.com/search?q=BOSTON%20STREET%20%7C%20BOSTON%20STREET%20CROSSING%20MA%20affordable%20housing,"Boston Street Crossing | Affordable Housing in Salem, MA",public_property_directory,https://affordablehousinghub.org/housing/massachusetts/essex-county/salem/boston-street-crossing-12217-lihtc,"Outside read: the retained public records identify one named property, one later financing episode, one paired-financing development, or one scattered-site development corresponding to the internal record set. All HUD rows and site rows remain preserved.",2026-08-10,merge_all,duplicate_reporting_or_later_episode_same_physical_development,same_physical_development_address,Apply only the explicit member partition. Preserve every HUD row as a project episode and every site row. Do not sum units or approve a coordinate query here.,2026-08-10,not_approved,FALSE,2,1,0,merge_all,MA,BOSTON STREET | BOSTON STREET CROSSING,43 BOSTON ST|SALEM|MA,name_or_timing_with_equal_units_near_pis
XDA2_0115,new_two_pass_review,partition,internal_evidence_supports_member_level_partition,"Internal read: normalized and published names, state IDs, primary and complete address sets, placed-in-service years, unit scopes, and source-quality flags were read together. The resulting member partition is partition; no single field, including the shared address, was treated as dispositive.",2026-08-10,partition,duplicate_records_partitioned_within_distinct_phases,Google,https://www.google.com/search?q=GEORGETOWNE%20HOMES%201A%20%7C%20GEORGETOWNE%20HOMES%201B%20%7C%20GEORGETOWNE%20HOMES%20ONE%20A%20%7C%20GEORGETOWNE%20HOMES%20ONE%20B%20MA%20affordable%20housing,"Georgetowne Homes 1a | Affordable Housing in Boston, MA | Georgetowne Homes 1b | Affordable Housing in Boston, MA | Georgetowne Homes One A | Affordable Housing in Boston, MA | Georgetowne Homes One B | Affordable Housing in Boston, MA",public_property_directory,https://affordablehousinghub.org/housing/massachusetts/suffolk-county/boston/georgetowne-homes-1a-12237-lihtc | https://affordablehousinghub.org/housing/massachusetts/suffolk-county/boston/georgetowne-homes-1b-12238-lihtc | https://affordablehousinghub.org/housing/massachusetts/suffolk-county/boston/georgetowne-homes-one-a-12483-lihtc | https://affordablehousinghub.org/housing/massachusetts/suffolk-county/boston/georgetowne-homes-one-b-12484-lihtc,Outside read: the retained public records support duplicate reporting within some named phases or components while preserving the other named phases or components as distinct physical developments.,2026-08-10,partition,duplicate_records_partitioned_within_distinct_phases,mixed_duplicate_and_distinct_component_overlap,Apply only the explicit member partition. Preserve every HUD row as a project episode and every site row. Do not sum units or approve a coordinate query here.,2026-08-10,not_approved,FALSE,4,2,0,partition,MA,GEORGETOWNE HOMES 1A | GEORGETOWNE HOMES 1B | GEORGETOWNE HOMES ONE A | GEORGETOWNE HOMES ONE B,400A GEORGETOWNE DR|BOSTON|MA,name_or_timing_with_equal_units_near_pis
XDA2_0116,new_two_pass_review,retain_each,internal_evidence_supports_distinct_phases_or_components,"Internal read: normalized and published names, state IDs, primary and complete address sets, placed-in-service years, unit scopes, and source-quality flags were read together. The resulting member partition is retain_each; no single field, including the shared address, was treated as dispositive.",2026-08-10,retain_each,distinct_phases_or_components_common_address,Google,https://www.google.com/search?q=ORIENT%20HEIGHT%20PHASE%203%20%7C%20ORIENT%20HEIGHTS%20MA%20affordable%20housing,"Orient Heights | Affordable Housing in Boston, MA",public_property_directory,https://affordablehousinghub.org/housing/massachusetts/suffolk-county/boston/orient-heights-12245-lihtc,"Outside read: the retained public records identify separately named phases, components, projects, or buildings. A common address or campus is not sufficient to collapse them.",2026-08-10,retain_each,distinct_phases_or_components_common_address,distinct_phase_or_component_common_address,Apply only the explicit member partition. Preserve every HUD row as a project episode and every site row. Do not sum units or approve a coordinate query here.,2026-08-10,not_approved,FALSE,2,2,0,retain_each,MA,ORIENT HEIGHT PHASE 3 | ORIENT HEIGHTS,232 246 WALDEMAR AVE|BOSTON|MA,phase_or_component_only
XDA2_0117,new_two_pass_review,merge_all,internal_evidence_supports_one_physical_development,"Internal read: normalized and published names, state IDs, primary and complete address sets, placed-in-service years, unit scopes, and source-quality flags were read together. The resulting member partition is merge_all; no single field, including the shared address, was treated as dispositive.",2026-08-10,merge_all,paired_financing_components_same_physical_development,Google,https://www.google.com/search?q=CRESTWOOD%20MANOR-4%25%20%7C%20CRESTWOOD%20MANOR-9%25%20MD%20affordable%20housing,Frederick County Affordable Housing Council minutes,county_public_record,https://frederickcountymd.gov/Archive.aspx?ADID=12176,"Outside read: the retained public records identify one named property, one later financing episode, one paired-financing development, or one scattered-site development corresponding to the internal record set. All HUD rows and site rows remain preserved.",2026-08-10,merge_all,paired_financing_components_same_physical_development,same_physical_development_address,Apply only the explicit member partition. Preserve every HUD row as a project episode and every site row. Do not sum units or approve a coordinate query here.,2026-08-10,not_approved,FALSE,2,1,0,merge_all,MD,CRESTWOOD MANOR-4% | CRESTWOOD MANOR-9%,5614 NEW DESIGN RD|FREDERICK|MD,name_or_timing_with_equal_units_near_pis
XDA2_0118,new_two_pass_review,retain_each,internal_evidence_supports_distinct_phases_or_components,"Internal read: normalized and published names, state IDs, primary and complete address sets, placed-in-service years, unit scopes, and source-quality flags were read together. The resulting member partition is retain_each; no single field, including the shared address, was treated as dispositive.",2026-08-10,retain_each,distinct_phases_or_components_common_address,Google,https://www.google.com/search?q=HENRIETTA%20LACKS%20VILLAGE%20%40%20LYONS%20HOMES%20II%20-%20PROJECT%201%20%7C%20HENRIETTA%20LACKS%20VILLAGE%20%40%20LYONS%20HOMES%20II%20-%20PROJECT%202%20MD%20affordable%20housing,Maryland LIHTC properties list,allocating_agency_record,https://dhcd.maryland.gov/HousingDevelopment/Documents/lihtc/LIHTC-EOY-2025-list-by-property-name.pdf,"Outside read: the retained public records identify separately named phases, components, projects, or buildings. A common address or campus is not sufficient to collapse them.",2026-08-10,retain_each,distinct_phases_or_components_common_address,distinct_phase_or_component_common_address,Apply only the explicit member partition. Preserve every HUD row as a project episode and every site row. Do not sum units or approve a coordinate query here.,2026-08-10,not_approved,FALSE,2,2,0,retain_each,MD,HENRIETTA LACKS VILLAGE @ LYONS HOMES II - PROJECT 1 | HENRIETTA LACKS VILLAGE @ LYONS HOMES II - PROJECT 2,411 NEW PITTSBURG AVE|DUNDALK|MD,phase_or_component_only
XDA2_0119,new_two_pass_review,retain_each,internal_evidence_supports_distinct_phases_or_components,"Internal read: normalized and published names, state IDs, primary and complete address sets, placed-in-service years, unit scopes, and source-quality flags were read together. The resulting member partition is retain_each; no single field, including the shared address, was treated as dispositive.",2026-08-10,retain_each,distinct_phases_or_components_common_address,Google,https://www.google.com/search?q=HOMES%20AT%20GATEWAY%20AKA%20GATEWAY%20VILLAGE%20II%20%7C%20HOMES%20AT%20GATEWAY%20AKA%20GATEWAY%20VILLAGE%20III%20MD%20affordable%20housing,Maryland LIHTC properties list,allocating_agency_record,https://dhcd.maryland.gov/HousingDevelopment/Documents/lihtc/LIHTC-EOY-2025-list-by-property-name.pdf,"Outside read: the retained public records identify separately named phases, components, projects, or buildings. A common address or campus is not sufficient to collapse them.",2026-08-10,retain_each,distinct_phases_or_components_common_address,distinct_phase_or_component_common_address,Apply only the explicit member partition. Preserve every HUD row as a project episode and every site row. Do not sum units or approve a coordinate query here.,2026-08-10,not_approved,FALSE,2,2,0,retain_each,MD,HOMES AT GATEWAY AKA GATEWAY VILLAGE II | HOMES AT GATEWAY AKA GATEWAY VILLAGE III,939 GATEWAY ST|SALISBURY|MD,name_similarity_only
XDA2_0120,new_two_pass_review,retain_each,internal_evidence_supports_distinct_phases_or_components,"Internal read: normalized and published names, state IDs, primary and complete address sets, placed-in-service years, unit scopes, and source-quality flags were read together. The resulting member partition is retain_each; no single field, including the shared address, was treated as dispositive.",2026-08-10,retain_each,distinct_phases_or_components_common_address,Google,https://www.google.com/search?q=MCCLEARY%20HILL%20PHASE%20I%20%7C%20MCCLEARY%20HILL%20PHASE%20II%20MD%20affordable%20housing,Maryland LIHTC properties list,allocating_agency_record,https://dhcd.maryland.gov/HousingDevelopment/Documents/lihtc/LIHTC-EOY-2025-list-by-property-name.pdf,"Outside read: the retained public records identify separately named phases, components, projects, or buildings. A common address or campus is not sufficient to collapse them.",2026-08-10,retain_each,distinct_phases_or_components_common_address,distinct_phase_or_component_common_address,Apply only the explicit member partition. Preserve every HUD row as a project episode and every site row. Do not sum units or approve a coordinate query here.,2026-08-10,not_approved,FALSE,2,2,0,retain_each,MD,MCCLEARY HILL PHASE I | MCCLEARY HILL PHASE II,W WASHINGTON ST|HAGERSTOWN|MD,phase_or_component_only
XDA2_0121,new_two_pass_review,merge_all,internal_evidence_supports_one_physical_development,"Internal read: normalized and published names, state IDs, primary and complete address sets, placed-in-service years, unit scopes, and source-quality flags were read together. The resulting member partition is merge_all; no single field, including the shared address, was treated as dispositive.",2026-08-10,merge_all,paired_financing_components_same_physical_development,Google,https://www.google.com/search?q=PARKWAY%20OVERLOOK%20%284%25%29%20TWIN%20%7C%20PARKWAY%20OVERLOOK%20%289%25%29%20TWIN%20MD%20affordable%20housing,Harkins Builders: Parkway Overlook,developer_project_record,https://harkinsbuilders.com/portfolio/parkway-overlook/,"Outside read: the retained public records identify one named property, one later financing episode, one paired-financing development, or one scattered-site development corresponding to the internal record set. All HUD rows and site rows remain preserved.",2026-08-10,merge_all,paired_financing_components_same_physical_development,same_physical_development_address,Apply only the explicit member partition. Preserve every HUD row as a project episode and every site row. Do not sum units or approve a coordinate query here.,2026-08-10,not_approved,FALSE,2,1,0,merge_all,MD,PARKWAY OVERLOOK (4%) TWIN | PARKWAY OVERLOOK (9%) TWIN,1600 N HILTON ST|BALTIMORE|MD,name_similarity_only
XDA2_0122,new_two_pass_review,merge_all,internal_evidence_supports_one_physical_development,"Internal read: normalized and published names, state IDs, primary and complete address sets, placed-in-service years, unit scopes, and source-quality flags were read together. The resulting member partition is merge_all; no single field, including the shared address, was treated as dispositive.",2026-08-10,merge_all,paired_financing_components_same_physical_development,Google,https://www.google.com/search?q=ROSEMONT%20GARDENS%20%284%25%29%20%7C%20ROSEMONT%20GARDENS%20%289%25%29%20MD%20affordable%20housing,Maryland LIHTC properties list,allocating_agency_record,https://dhcd.maryland.gov/HousingDevelopment/Documents/lihtc/LIHTC-EOY-2025-list-by-property-name.pdf,"Outside read: the retained public records identify one named property, one later financing episode, one paired-financing development, or one scattered-site development corresponding to the internal record set. All HUD rows and site rows remain preserved.",2026-08-10,merge_all,paired_financing_components_same_physical_development,same_physical_development_address,Apply only the explicit member partition. Preserve every HUD row as a project episode and every site row. Do not sum units or approve a coordinate query here.,2026-08-10,not_approved,FALSE,2,1,0,merge_all,MD,ROSEMONT GARDENS (4%) | ROSEMONT GARDENS (9%),2304 WINCHESTER ST|BALTIMORE|MD,name_similarity_only
XDA2_0123,new_two_pass_review,retain_each,internal_evidence_supports_distinct_phases_or_components,"Internal read: normalized and published names, state IDs, primary and complete address sets, placed-in-service years, unit scopes, and source-quality flags were read together. The resulting member partition is retain_each; no single field, including the shared address, was treated as dispositive.",2026-08-10,retain_each,distinct_phases_or_components_common_address,Google,https://www.google.com/search?q=CRESTON%20PLAZA%20-%20PHASE%20I%20%7C%20CRESTON%20PLAZA%20-%20PHASE%20II%20MI%20affordable%20housing,"Creston Plaza - Phase I | Affordable Housing in Grand Rapids, MI | Creston Plaza - Phase Ii | Affordable Housing in Grand Rapids, MI",public_property_directory,https://affordablehousinghub.org/housing/michigan/kent-county/grand-rapids/creston-plaza-phase-i-13706-lihtc | https://affordablehousinghub.org/housing/michigan/kent-county/grand-rapids/creston-plaza-phase-ii-13707-lihtc,"Outside read: the retained public records identify separately named phases, components, projects, or buildings. A common address or campus is not sufficient to collapse them.",2026-08-10,retain_each,distinct_phases_or_components_common_address,distinct_phase_or_component_common_address,Apply only the explicit member partition. Preserve every HUD row as a project episode and every site row. Do not sum units or approve a coordinate query here.,2026-08-10,not_approved,FALSE,2,2,0,retain_each,MI,CRESTON PLAZA - PHASE I | CRESTON PLAZA - PHASE II,1014 CLANCY AVE NE|GRAND RAPIDS|MI,phase_or_component_only
XDA2_0124,new_two_pass_review,retain_each,internal_evidence_supports_distinct_phases_or_components,"Internal read: normalized and published names, state IDs, primary and complete address sets, placed-in-service years, unit scopes, and source-quality flags were read together. The resulting member partition is retain_each; no single field, including the shared address, was treated as dispositive.",2026-08-10,retain_each,distinct_phases_or_components_common_address,Google,https://www.google.com/search?q=GARDENVIEW%20ESTATES%20PHASE%20III%20A%20%7C%20GARDENVIEW%20ESTATES%20PHASE%20III%20C%20%7C%20GARDENVIEW%20ESTATES%20PHASE%20III%20D%20MI%20affordable%20housing,"Gardenview Estates Phase Iii A | Affordable Housing in Detroit, MI | Gardenview Estates Phase Iii C | Affordable Housing in Detroit, MI | Gardenview Estates Phase Iii D | Affordable Housing in Detroit, MI",public_property_directory,https://affordablehousinghub.org/housing/michigan/wayne-county/detroit/gardenview-estates-phase-iii-a-13725-lihtc | https://affordablehousinghub.org/housing/michigan/wayne-county/detroit/gardenview-estates-phase-iii-c-14664-lihtc | https://affordablehousinghub.org/housing/michigan/wayne-county/detroit/gardenview-estates-phase-iii-d-14665-lihtc,"Outside read: the retained public records identify separately named phases, components, projects, or buildings. A common address or campus is not sufficient to collapse them.",2026-08-10,retain_each,distinct_phases_or_components_common_address,distinct_phase_or_component_common_address,Apply only the explicit member partition. Preserve every HUD row as a project episode and every site row. Do not sum units or approve a coordinate query here.,2026-08-10,not_approved,FALSE,3,3,0,retain_each,MI,GARDENVIEW ESTATES PHASE III A | GARDENVIEW ESTATES PHASE III C | GARDENVIEW ESTATES PHASE III D,16461 VAN BUREN|DETROIT|MI,phase_or_component_only
XDA2_0125,new_two_pass_review,retain_each,internal_evidence_supports_distinct_phases_or_components,"Internal read: normalized and published names, state IDs, primary and complete address sets, placed-in-service years, unit scopes, and source-quality flags were read together. The resulting member partition is retain_each; no single field, including the shared address, was treated as dispositive.",2026-08-10,retain_each,distinct_phases_or_components_common_address,Google,https://www.google.com/search?q=KLINGMAN%20LOFTS%20PHASE%20I%20%7C%20KLINGMAN%20LOFTS%20PHASE%20II%20MI%20affordable%20housing,"Klingman Lofts Phase I | Affordable Housing in Grand Rapids, MI | Klingman Lofts Phase Ii | Affordable Housing in Grand Rapids, MI",public_property_directory,https://affordablehousinghub.org/housing/michigan/kent-county/grand-rapids/klingman-lofts-phase-i-13731-lihtc | https://affordablehousinghub.org/housing/michigan/kent-county/grand-rapids/klingman-lofts-phase-ii-13732-lihtc,"Outside read: the retained public records identify separately named phases, components, projects, or buildings. A common address or campus is not sufficient to collapse them.",2026-08-10,retain_each,distinct_phases_or_components_common_address,distinct_phase_or_component_common_address,Apply only the explicit member partition. Preserve every HUD row as a project episode and every site row. Do not sum units or approve a coordinate query here.,2026-08-10,not_approved,FALSE,2,2,0,retain_each,MI,KLINGMAN LOFTS PHASE I | KLINGMAN LOFTS PHASE II,400 IONIA AVE|GRAND RAPIDS|MI,phase_or_component_only
XDA2_0126,new_two_pass_review,retain_each,internal_evidence_supports_distinct_phases_or_components,"Internal read: normalized and published names, state IDs, primary and complete address sets, placed-in-service years, unit scopes, and source-quality flags were read together. The resulting member partition is retain_each; no single field, including the shared address, was treated as dispositive.",2026-08-10,retain_each,distinct_phases_or_components_common_address,Google,https://www.google.com/search?q=MARSH%20RIDGE%20%28I%20%26%20II%29%20%7C%20MARSH%20RIDGE%20II%20%7C%20MARSH%20RIDGE%20III%20MI%20affordable%20housing,"Marsh Ridge I & Ii | Affordable Housing in Grand Rapids, MI | Marsh Ridge Ii | Affordable Housing in Grand Rapids, MI | Marsh Ridge Iii | Affordable Housing in Grand Rapids, MI",public_property_directory,https://affordablehousinghub.org/housing/michigan/kent-county/grand-rapids/marsh-ridge-i-ii-13735-lihtc | https://affordablehousinghub.org/housing/michigan/kent-county/grand-rapids/marsh-ridge-ii-13922-lihtc | https://affordablehousinghub.org/housing/michigan/kent-county/grand-rapids/marsh-ridge-iii-14781-lihtc,"Outside read: the retained public records identify separately named phases, components, projects, or buildings. A common address or campus is not sufficient to collapse them.",2026-08-10,retain_each,distinct_phases_or_components_common_address,distinct_phase_or_component_common_address,Apply only the explicit member partition. Preserve every HUD row as a project episode and every site row. Do not sum units or approve a coordinate query here.,2026-08-10,not_approved,FALSE,3,3,0,retain_each,MI,MARSH RIDGE (I & II) | MARSH RIDGE II | MARSH RIDGE III,2971 CLOVER RIDGE|GRAND RAPIDS|MI | 2980 CLOVER RIDGE|GRAND RAPIDS|MI | 2985 CLOVER RIDGE|GRAND RAPIDS|MI | 470 MARSH RIDGE DR NW|GRAND RAPIDS|MI | 490 CLOVER RIDGE|GRAND RAPIDS|MI | ... (10 values) | 470 MARSH RIDGE DR NW|GRAND RAPIDS|MI,name_similarity_only
XDA2_0127,new_two_pass_review,retain_each,internal_evidence_supports_distinct_phases_or_components,"Internal read: normalized and published names, state IDs, primary and complete address sets, placed-in-service years, unit scopes, and source-quality flags were read together. The resulting member partition is retain_each; no single field, including the shared address, was treated as dispositive.",2026-08-10,retain_each,distinct_phases_or_components_common_address,Google,https://www.google.com/search?q=UNITY%20PARK%20RENTALS%20II%20%7C%20UNITY%20PARK%20RENTALS%20IV%20MI%20affordable%20housing,"Unity Park Rentals Ii | Affordable Housing in Pontiac, MI | Unity Park Rentals Iv | Affordable Housing in Pontiac, MI",public_property_directory,https://affordablehousinghub.org/housing/michigan/oakland-county/pontiac/unity-park-rentals-ii-14700-lihtc | https://affordablehousinghub.org/housing/michigan/oakland-county/pontiac/unity-park-rentals-iv-14676-lihtc,"Outside read: the retained public records identify separately named phases, components, projects, or buildings. A common address or campus is not sufficient to collapse them.",2026-08-10,retain_each,distinct_phases_or_components_common_address,distinct_phase_or_component_common_address,Apply only the explicit member partition. Preserve every HUD row as a project episode and every site row. Do not sum units or approve a coordinate query here.,2026-08-10,not_approved,FALSE,2,2,0,retain_each,MI,UNITY PARK RENTALS II | UNITY PARK RENTALS IV,333 AUBURN AVE|PONTIAC|MI,name_similarity_only
XDA2_0128,new_two_pass_review,merge_all,internal_evidence_supports_one_physical_development,"Internal read: normalized and published names, state IDs, primary and complete address sets, placed-in-service years, unit scopes, and source-quality flags were read together. The resulting member partition is merge_all; no single field, including the shared address, was treated as dispositive.",2026-08-10,merge_all,duplicate_reporting_or_later_episode_same_physical_development,Google,https://www.google.com/search?q=VILLAGE%20OF%20OAKLAND%20WOODS%20%7C%20VILLAGE%20OF%20OAKLAND%20WOODS%20II%20MI%20affordable%20housing,"Village of Oakland Woods | Affordable Housing in Pontiac, MI | Village of Oakland Woods Ii | Affordable Housing in Pontiac, MI",public_property_directory,https://affordablehousinghub.org/housing/michigan/oakland-county/pontiac/village-of-oakland-woods-15125-lihtc | https://affordablehousinghub.org/housing/michigan/oakland-county/pontiac/village-of-oakland-woods-ii-14901-lihtc,"Outside read: the retained public records identify one named property, one later financing episode, one paired-financing development, or one scattered-site development corresponding to the internal record set. All HUD rows and site rows remain preserved.",2026-08-10,merge_all,duplicate_reporting_or_later_episode_same_physical_development,same_physical_development_address,Apply only the explicit member partition. Preserve every HUD row as a project episode and every site row. Do not sum units or approve a coordinate query here.,2026-08-10,not_approved,FALSE,2,1,0,merge_all,MI,VILLAGE OF OAKLAND WOODS | VILLAGE OF OAKLAND WOODS II,420 S OPDYKE RD|PONTIAC|MI,name_or_timing_with_equal_units_near_pis
XDA2_0129,new_two_pass_review,retain_each,internal_evidence_supports_distinct_phases_or_components,"Internal read: normalized and published names, state IDs, primary and complete address sets, placed-in-service years, unit scopes, and source-quality flags were read together. The resulting member partition is retain_each; no single field, including the shared address, was treated as dispositive.",2026-08-10,retain_each,distinct_phases_or_components_common_address,Google,https://www.google.com/search?q=HERITAGE%20PARK%20II%20%7C%20HERITAGE%20PARK%20III%20MN%20affordable%20housing,"Heritage Park Ii | Affordable Housing in Minneapolis, MN | Heritage Park Iii | Affordable Housing in Minneapolis, MN",public_property_directory,https://affordablehousinghub.org/housing/minnesota/hennepin-county/minneapolis/heritage-park-ii-15370-lihtc | https://affordablehousinghub.org/housing/minnesota/hennepin-county/minneapolis/heritage-park-iii-15421-lihtc,"Outside read: the retained public records identify separately named phases, components, projects, or buildings. A common address or campus is not sufficient to collapse them.",2026-08-10,retain_each,distinct_phases_or_components_common_address,distinct_phase_or_component_common_address,Apply only the explicit member partition. Preserve every HUD row as a project episode and every site row. Do not sum units or approve a coordinate query here.,2026-08-10,not_approved,FALSE,2,2,0,retain_each,MN,HERITAGE PARK II | HERITAGE PARK III,1000 OLSON MEMORIAL HWY|MINNEAPOLIS|MN,name_similarity_only
XDA2_0130,new_two_pass_review,retain_each,internal_evidence_supports_distinct_phases_or_components,"Internal read: normalized and published names, state IDs, primary and complete address sets, placed-in-service years, unit scopes, and source-quality flags were read together. The resulting member partition is retain_each; no single field, including the shared address, was treated as dispositive.",2026-08-10,retain_each,distinct_phases_or_components_common_address,Google,https://www.google.com/search?q=OAK%20VIEW%20VILLAGE-PHASE%202%20%7C%20OAK%20VIEW%20VILLAGE-PHASE%203%20MO%20affordable%20housing,"Oak View Village-Phase 2 | Affordable Housing in Union, MO",public_property_directory,https://affordablehousinghub.org/housing/missouri/franklin-county/union/oak-view-village-phase-2-17441-lihtc,"Outside read: the retained public records identify separately named phases, components, projects, or buildings. A common address or campus is not sufficient to collapse them.",2026-08-10,retain_each,distinct_phases_or_components_common_address,distinct_phase_or_component_common_address,Apply only the explicit member partition. Preserve every HUD row as a project episode and every site row. Do not sum units or approve a coordinate query here.,2026-08-10,not_approved,FALSE,2,2,0,retain_each,MO,OAK VIEW VILLAGE-PHASE 2 | OAK VIEW VILLAGE-PHASE 3,204 OAK VIEW CIR|UNION|MO,phase_or_component_only
XDA2_0131,new_two_pass_review,retain_each,internal_evidence_supports_distinct_phases_or_components,"Internal read: normalized and published names, state IDs, primary and complete address sets, placed-in-service years, unit scopes, and source-quality flags were read together. The resulting member partition is retain_each; no single field, including the shared address, was treated as dispositive.",2026-08-10,retain_each,distinct_phases_or_components_common_address,Google,https://www.google.com/search?q=GREEN%20HILL%20APARTMENTS%20%7C%20GREEN%20HILL%20APARTMENTS%20II%20MS%20affordable%20housing,"Green Hill Apartments | Affordable Housing in Sardis, MS | Green Hill Apartments Ii | Affordable Housing in Sardis, MS",public_property_directory,https://affordablehousinghub.org/housing/mississippi/panola-county/sardis/green-hill-apartments-18168-lihtc | https://affordablehousinghub.org/housing/mississippi/panola-county/sardis/green-hill-apartments-ii-18169-lihtc,"Outside read: the retained public records identify separately named phases, components, projects, or buildings. A common address or campus is not sufficient to collapse them.",2026-08-10,retain_each,distinct_phases_or_components_common_address,distinct_phase_or_component_common_address,Apply only the explicit member partition. Preserve every HUD row as a project episode and every site row. Do not sum units or approve a coordinate query here.,2026-08-10,not_approved,FALSE,2,2,0,retain_each,MS,GREEN HILL APARTMENTS | GREEN HILL APARTMENTS II,201 ATKINS ST|SARDIS|MS,name_or_timing_with_equal_units_near_pis
XDA2_0132,new_two_pass_review,retain_each,internal_evidence_supports_distinct_phases_or_components,"Internal read: normalized and published names, state IDs, primary and complete address sets, placed-in-service years, unit scopes, and source-quality flags were read together. The resulting member partition is retain_each; no single field, including the shared address, was treated as dispositive.",2026-08-10,retain_each,distinct_phases_or_components_common_address,Google,https://www.google.com/search?q=TRIANGLE%20HOMES%20PHASE%20II%20%7C%20TRIANGLE%20HOMES%2C%20PHASE%20III%20MS%20affordable%20housing,LIHTC Properties in Mississippi Through 2023,sector_compilation,https://www.novoco.com/public-media/documents/mississippi-lihtc-properties-through-2023-072025.pdf,"Outside read: the retained public records identify separately named phases, components, projects, or buildings. A common address or campus is not sufficient to collapse them.",2026-08-10,retain_each,distinct_phases_or_components_common_address,distinct_phase_or_component_common_address,Apply only the explicit member partition. Preserve every HUD row as a project episode and every site row. Do not sum units or approve a coordinate query here.,2026-08-10,not_approved,FALSE,2,2,0,retain_each,MS,"TRIANGLE HOMES PHASE II | TRIANGLE HOMES, PHASE III",213 S MAPLE ST|LAUREL|MS,phase_or_component_only
XDA2_0133,new_two_pass_review,retain_each,internal_evidence_supports_distinct_phases_or_components,"Internal read: normalized and published names, state IDs, primary and complete address sets, placed-in-service years, unit scopes, and source-quality flags were read together. The resulting member partition is retain_each; no single field, including the shared address, was treated as dispositive.",2026-08-10,retain_each,distinct_phases_or_components_common_address,Google,https://www.google.com/search?q=COMSTOCK%20II%20APARTMENTS%20%7C%20COMSTOCK%20III%20APARTMENTS%20MT%20affordable%20housing,"Comstock Apartments | Affordable Housing in Bozeman, MT | Comstock Apartments Iii | Affordable Housing in Bozeman, MT",public_property_directory,https://affordablehousinghub.org/housing/montana/gallatin-county/bozeman/comstock-apartments-18146-lihtc | https://affordablehousinghub.org/housing/montana/gallatin-county/bozeman/comstock-apartments-iii-18206-lihtc,"Outside read: the retained public records identify separately named phases, components, projects, or buildings. A common address or campus is not sufficient to collapse them.",2026-08-10,retain_each,distinct_phases_or_components_common_address,distinct_phase_or_component_common_address,Apply only the explicit member partition. Preserve every HUD row as a project episode and every site row. Do not sum units or approve a coordinate query here.,2026-08-10,not_approved,FALSE,2,2,0,retain_each,MT,COMSTOCK II APARTMENTS | COMSTOCK III APARTMENTS,777 HAGGERTY LN|BOZEMAN|MT,name_similarity_only
XDA2_0134,new_two_pass_review,merge_all,internal_evidence_supports_one_physical_development,"Internal read: normalized and published names, state IDs, primary and complete address sets, placed-in-service years, unit scopes, and source-quality flags were read together. The resulting member partition is merge_all; no single field, including the shared address, was treated as dispositive.",2026-08-10,merge_all,duplicate_reporting_or_later_episode_same_physical_development,Google,https://www.google.com/search?q=ISAIAH%20HOUSING%20%7C%20KOINONIA%20APARTMENTS%20-%20ISAIAH%20MT%20affordable%20housing,"Isaiah Housing | Affordable Housing in Billings, MT | Koinonia Apartments - Isaiah | Affordable Housing in Billings, MT",public_property_directory,https://affordablehousinghub.org/housing/montana/yellowstone-county/billings/isaiah-housing-19746-lihtc | https://affordablehousinghub.org/housing/montana/yellowstone-county/billings/koinonia-apartments-isaiah-19767-lihtc,"Outside read: the retained public records identify one named property, one later financing episode, one paired-financing development, or one scattered-site development corresponding to the internal record set. All HUD rows and site rows remain preserved.",2026-08-10,merge_all,duplicate_reporting_or_later_episode_same_physical_development,same_physical_development_address,Apply only the explicit member partition. Preserve every HUD row as a project episode and every site row. Do not sum units or approve a coordinate query here.,2026-08-10,not_approved,FALSE,2,1,0,merge_all,MT,ISAIAH HOUSING | KOINONIA APARTMENTS - ISAIAH,S 34TH 30TH 31ST ST|BILLINGS|MT,name_or_timing_with_equal_units_near_pis
XDA2_0135,new_two_pass_review,retain_each,internal_evidence_supports_distinct_phases_or_components,"Internal read: normalized and published names, state IDs, primary and complete address sets, placed-in-service years, unit scopes, and source-quality flags were read together. The resulting member partition is retain_each; no single field, including the shared address, was treated as dispositive.",2026-08-10,retain_each,distinct_phases_or_components_common_address,Google,https://www.google.com/search?q=MOUNTAIN%20APARTMENTS%20II%20%7C%20MOUNTAIN%20APTS%20PHASE%20I%20MT%20affordable%20housing,"Mountain Apartments Ii | Affordable Housing in Whitefish, MT | Mountain Apts Phase I | Affordable Housing in Whitefish, MT",public_property_directory,https://affordablehousinghub.org/housing/montana/flathead-county/whitefish/mountain-apartments-ii-19740-lihtc | https://affordablehousinghub.org/housing/montana/flathead-county/whitefish/mountain-apts-phase-i-19713-lihtc,"Outside read: the retained public records identify separately named phases, components, projects, or buildings. A common address or campus is not sufficient to collapse them.",2026-08-10,retain_each,distinct_phases_or_components_common_address,distinct_phase_or_component_common_address,Apply only the explicit member partition. Preserve every HUD row as a project episode and every site row. Do not sum units or approve a coordinate query here.,2026-08-10,not_approved,FALSE,2,2,0,retain_each,MT,MOUNTAIN APARTMENTS II | MOUNTAIN APTS PHASE I,430 COLORADO AVE|WHITEFISH|MT,phase_or_component_only
XDA2_0136,new_two_pass_review,retain_each,internal_evidence_supports_distinct_phases_or_components,"Internal read: normalized and published names, state IDs, primary and complete address sets, placed-in-service years, unit scopes, and source-quality flags were read together. The resulting member partition is retain_each; no single field, including the shared address, was treated as dispositive.",2026-08-10,retain_each,distinct_phases_or_components_common_address,Google,https://www.google.com/search?q=MOUNTAIN%20VIEW%20II%20-%20HAMILTON%20%7C%20MOUNTAIN%20VIEW%20III%20-%20HAMILTON%20MT%20affordable%20housing,"Mountain View Ii Hamilton | Affordable Housing in Hamilton, MT | Mountain View Iii Hamilton | Affordable Housing in Hamilton, MT",public_property_directory,https://affordablehousinghub.org/housing/montana/ravalli-county/hamilton/mountain-view-ii-hamilton-19113-lihtc | https://affordablehousinghub.org/housing/montana/ravalli-county/hamilton/mountain-view-iii-hamilton-19201-lihtc,"Outside read: the retained public records identify separately named phases, components, projects, or buildings. A common address or campus is not sufficient to collapse them.",2026-08-10,retain_each,distinct_phases_or_components_common_address,distinct_phase_or_component_common_address,Apply only the explicit member partition. Preserve every HUD row as a project episode and every site row. Do not sum units or approve a coordinate query here.,2026-08-10,not_approved,FALSE,2,2,0,retain_each,MT,MOUNTAIN VIEW II - HAMILTON | MOUNTAIN VIEW III - HAMILTON,225 STONEGATE DR|HAMILTON|MT,name_similarity_only
XDA2_0137,new_two_pass_review,retain_each,internal_evidence_supports_distinct_phases_or_components,"Internal read: normalized and published names, state IDs, primary and complete address sets, placed-in-service years, unit scopes, and source-quality flags were read together. The resulting member partition is retain_each; no single field, including the shared address, was treated as dispositive.",2026-08-10,retain_each,distinct_phases_or_components_common_address,Google,https://www.google.com/search?q=SPRING%20CREEK%20APARTMENTS%20%7C%20SPRING%20CREEK%20APARTMENTS%20II%20MT%20affordable%20housing,"Spring Creek Apartments | Affordable Housing in Kalispell, MT | Spring Creek Apartments Ii | Affordable Housing in Kalispell, MT",public_property_directory,https://affordablehousinghub.org/housing/montana/flathead-county/kalispell/spring-creek-apartments-19197-lihtc | https://affordablehousinghub.org/housing/montana/flathead-county/kalispell/spring-creek-apartments-ii-19284-lihtc,"Outside read: the retained public records identify separately named phases, components, projects, or buildings. A common address or campus is not sufficient to collapse them.",2026-08-10,retain_each,distinct_phases_or_components_common_address,distinct_phase_or_component_common_address,Apply only the explicit member partition. Preserve every HUD row as a project episode and every site row. Do not sum units or approve a coordinate query here.,2026-08-10,not_approved,FALSE,2,2,0,retain_each,MT,SPRING CREEK APARTMENTS | SPRING CREEK APARTMENTS II,20 APPLE WAY DR|KALISPELL|MT,name_or_timing_with_equal_units_near_pis
XDA2_0138,new_two_pass_review,merge_all,internal_evidence_supports_one_physical_development,"Internal read: normalized and published names, state IDs, primary and complete address sets, placed-in-service years, unit scopes, and source-quality flags were read together. The resulting member partition is merge_all; no single field, including the shared address, was treated as dispositive.",2026-08-10,merge_all,duplicate_reporting_or_later_episode_same_physical_development,Google,https://www.google.com/search?q=%236%20QUAD%20OAK%20%7C%206%20QUAD%20OAK%20DR%20NC%20affordable%20housing,"#6 Quad Oak | Affordable Housing in Greensboro, NC | 6 Quad Oak Dr | Affordable Housing in Greensboro, NC",public_property_directory,https://affordablehousinghub.org/housing/north-carolina/guilford-county/greensboro/6-quad-oak-20411-lihtc | https://affordablehousinghub.org/housing/north-carolina/guilford-county/greensboro/6-quad-oak-dr-18766-lihtc,"Outside read: the retained public records identify one named property, one later financing episode, one paired-financing development, or one scattered-site development corresponding to the internal record set. All HUD rows and site rows remain preserved.",2026-08-10,merge_all,duplicate_reporting_or_later_episode_same_physical_development,same_physical_development_address,Apply only the explicit member partition. Preserve every HUD row as a project episode and every site row. Do not sum units or approve a coordinate query here.,2026-08-10,not_approved,FALSE,2,1,0,merge_all,NC,#6 QUAD OAK | 6 QUAD OAK DR,6 QUAD OAK DR|GREENSBORO|NC,name_or_timing_with_equal_units_near_pis
XDA2_0139,new_two_pass_review,retain_each,internal_evidence_supports_distinct_phases_or_components,"Internal read: normalized and published names, state IDs, primary and complete address sets, placed-in-service years, unit scopes, and source-quality flags were read together. The resulting member partition is retain_each; no single field, including the shared address, was treated as dispositive.",2026-08-10,retain_each,distinct_phases_or_components_common_address,Google,https://www.google.com/search?q=300%20EAST%20MAIN%20%7C%20500%20EAST%20MAIN%20NC%20affordable%20housing,NCHFA funded rental projects,allocating_agency_record,https://housingbuildsnc.com/rental-housing-partners/rental-developers/find-awarded-projects,"Outside read: the retained public records identify separately named phases, components, projects, or buildings. A common address or campus is not sufficient to collapse them.",2026-08-10,retain_each,distinct_phases_or_components_common_address,distinct_phase_or_component_common_address,Apply only the explicit member partition. Preserve every HUD row as a project episode and every site row. Do not sum units or approve a coordinate query here.,2026-08-10,not_approved,FALSE,2,2,0,retain_each,NC,300 EAST MAIN | 500 EAST MAIN,BLDG 1 ADDRESS TBD|DURHAM|NC,name_similarity_only
XDA2_0140,new_two_pass_review,merge_all,internal_evidence_supports_one_physical_development,"Internal read: normalized and published names, state IDs, primary and complete address sets, placed-in-service years, unit scopes, and source-quality flags were read together. The resulting member partition is merge_all; no single field, including the shared address, was treated as dispositive.",2026-08-10,merge_all,duplicate_reporting_or_later_episode_same_physical_development,Google,https://www.google.com/search?q=AUNT%20MARY%20AVE%20%7C%20PWE%20AUNT%20MARY%20AVE%20NC%20affordable%20housing,"Aunt Mary Ave | Affordable Housing in Greensboro, NC | Pwe Aunt Mary Ave | Affordable Housing in Greensboro, NC",public_property_directory,https://affordablehousinghub.org/housing/north-carolina/guilford-county/greensboro/aunt-mary-ave-18701-lihtc | https://affordablehousinghub.org/housing/north-carolina/guilford-county/greensboro/pwe-aunt-mary-ave-18653-lihtc,"Outside read: the retained public records identify one named property, one later financing episode, one paired-financing development, or one scattered-site development corresponding to the internal record set. All HUD rows and site rows remain preserved.",2026-08-10,merge_all,duplicate_reporting_or_later_episode_same_physical_development,same_physical_development_address,Apply only the explicit member partition. Preserve every HUD row as a project episode and every site row. Do not sum units or approve a coordinate query here.,2026-08-10,not_approved,FALSE,2,1,0,merge_all,NC,AUNT MARY AVE | PWE AUNT MARY AVE,204 AUNT MARY AVE|GREENSBORO|NC,name_or_timing_with_equal_units_near_pis
XDA2_0141,new_two_pass_review,merge_all,internal_evidence_supports_one_physical_development,"Internal read: normalized and published names, state IDs, primary and complete address sets, placed-in-service years, unit scopes, and source-quality flags were read together. The resulting member partition is merge_all; no single field, including the shared address, was treated as dispositive.",2026-08-10,merge_all,same_named_multisite_or_aggregate_physical_development,Google,https://www.google.com/search?q=AUTUMN%20ACRES%3A%20LOT%205%20%7C%20AUTUMN%20ACRES%3A%20LOT%206%20%7C%20AUTUMN%20ACRES%3A%20LOT%207%20%7C%20AUTUMN%20ACRES%3A%20LOT%208%20NC%20affordable%20housing,"Autumn Acres: Lot 5 | Affordable Housing in Wilson, NC | Autumn Acres: Lot 6 | Affordable Housing in Wilson, NC | Autumn Acres: Lot 7 | Affordable Housing in Wilson, NC | Autumn Acres: Lot 8 | Affordable Housing in Wilson, NC",public_property_directory,https://affordablehousinghub.org/housing/north-carolina/wilson-county/wilson/autumn-acres-lot-5-18942-lihtc | https://affordablehousinghub.org/housing/north-carolina/wilson-county/wilson/autumn-acres-lot-6-18943-lihtc | https://affordablehousinghub.org/housing/north-carolina/wilson-county/wilson/autumn-acres-lot-7-18944-lihtc | https://affordablehousinghub.org/housing/north-carolina/wilson-county/wilson/autumn-acres-lot-8-18945-lihtc,"Outside read: the retained public records identify one named property, one later financing episode, one paired-financing development, or one scattered-site development corresponding to the internal record set. All HUD rows and site rows remain preserved.",2026-08-10,merge_all,same_named_multisite_or_aggregate_physical_development,same_physical_development_address,Apply only the explicit member partition. Preserve every HUD row as a project episode and every site row. Do not sum units or approve a coordinate query here.,2026-08-10,not_approved,FALSE,4,1,0,merge_all,NC,AUTUMN ACRES: LOT 5 | AUTUMN ACRES: LOT 6 | AUTUMN ACRES: LOT 7 | AUTUMN ACRES: LOT 8,SR 1506 RTE 4|WILSON|NC,phase_or_component_only
XDA2_0142,new_two_pass_review,merge_all,internal_evidence_supports_one_physical_development,"Internal read: normalized and published names, state IDs, primary and complete address sets, placed-in-service years, unit scopes, and source-quality flags were read together. The resulting member partition is merge_all; no single field, including the shared address, was treated as dispositive.",2026-08-10,merge_all,same_named_multisite_or_aggregate_physical_development,Google,https://www.google.com/search?q=BAREFOOT%20PARK%20APTS%20%7C%20BAREFOOT%20PARK%20APTS%20LOT%2011%20%7C%20BAREFOOT%20PARK%20APTS%20LOT%2012%20%7C%20BAREFOOT%20PARK%20APTS%20LOT%2013%20%7C%20BAREFOOT%20PARK%20APTS%20LOT%2014%20%7C%20BAREFOOT%20PARK%20APTS%20LOT%2015%20%7C%20BAREFOOT%20PARK%20APTS%20LOT%2016%20%7C%20BAREFOOT%20PARK%20APTS%20LOT%202%20%7C%20BAREFOOT%20PARK%20APTS%20LOT%203%20%7C%20BAREFOOT%20PARK%20APTS%20LOT%204%20%7C%20BAREFOOT%20PARK%20APTS%20LOT%205%20%7C%20BAREFOOT%20PARK%20APTS%20LOT%206%20%7C%20BAREFOOT%20PARK%20APTS%20LOT%207%20%7C%20BAREFOOT%20PARK%20APTS%20LOT%208%20%7C%20BAREFOOT%20PARK%20APTS%20LOT%209%20NC%20affordable%20housing,"Barefoot Park Apts | Affordable Housing in Wilson, NC | Barefoot Park Apts Lot 11 | Affordable Housing in Wilson, NC | Barefoot Park Apts Lot 12 | Affordable Housing in Wilson, NC | Barefoot Park Apts Lot 13 | Affordable Housing in Wilson, NC | Barefoot Park Apts Lot 14 | Affordable Housing in Wilson, NC | Barefoot Park Apts Lot 15 | Affordable Housing in Wilson, NC | Barefoot Park Apts Lot 16 | Affordable Housing in Wilson, NC | Barefoot Park Apts Lot 2 | Affordable Housing in Wilson, NC | Barefoot Park Apts Lot 3 | Affordable Housing in Wilson, NC | Barefoot Park Apts Lot 4 | Affordable Housing in Wilson, NC | Barefoot Park Apts Lot 5 | Affordable Housing in Wilson, NC | Barefoot Park Apts Lot 6 | Affordable Housing in Wilson, NC | Barefoot Park Apts Lot 7 | Affordable Housing in Wilson, NC | Barefoot Park Apts Lot 8 | Affordable Housing in Wilson, NC | Barefoot Park Apts Lot 9 | Affordable Housing in Wilson, NC",public_property_directory,https://affordablehousinghub.org/housing/north-carolina/wilson-county/wilson/barefoot-park-apts-19806-lihtc | https://affordablehousinghub.org/housing/north-carolina/wilson-county/wilson/barefoot-park-apts-lot-11-20192-lihtc | https://affordablehousinghub.org/housing/north-carolina/wilson-county/wilson/barefoot-park-apts-lot-12-20193-lihtc | https://affordablehousinghub.org/housing/north-carolina/wilson-county/wilson/barefoot-park-apts-lot-13-20194-lihtc | https://affordablehousinghub.org/housing/north-carolina/wilson-county/wilson/barefoot-park-apts-lot-14-20195-lihtc | https://affordablehousinghub.org/housing/north-carolina/wilson-county/wilson/barefoot-park-apts-lot-15-20196-lihtc | https://affordablehousinghub.org/housing/north-carolina/wilson-county/wilson/barefoot-park-apts-lot-16-19801-lihtc | https://affordablehousinghub.org/housing/north-carolina/wilson-county/wilson/barefoot-park-apts-lot-2-19805-lihtc | https://affordablehousinghub.org/housing/north-carolina/wilson-county/wilson/barefoot-park-apts-lot-3-19836-lihtc | https://affordablehousinghub.org/housing/north-carolina/wilson-county/wilson/barefoot-park-apts-lot-4-19863-lihtc | https://affordablehousinghub.org/housing/north-carolina/wilson-county/wilson/barefoot-park-apts-lot-5-19864-lihtc | https://affordablehousinghub.org/housing/north-carolina/wilson-county/wilson/barefoot-park-apts-lot-6-19865-lihtc | https://affordablehousinghub.org/housing/north-carolina/wilson-county/wilson/barefoot-park-apts-lot-7-19866-lihtc | https://affordablehousinghub.org/housing/north-carolina/wilson-county/wilson/barefoot-park-apts-lot-8-19888-lihtc | https://affordablehousinghub.org/housing/north-carolina/wilson-county/wilson/barefoot-park-apts-lot-9-19889-lihtc,"Outside read: the retained public records identify one named property, one later financing episode, one paired-financing development, or one scattered-site development corresponding to the internal record set. All HUD rows and site rows remain preserved.",2026-08-10,merge_all,same_named_multisite_or_aggregate_physical_development,same_physical_development_address,Apply only the explicit member partition. Preserve every HUD row as a project episode and every site row. Do not sum units or approve a coordinate query here.,2026-08-10,not_approved,FALSE,15,1,0,merge_all,NC,BAREFOOT PARK APTS | BAREFOOT PARK APTS LOT 11 | BAREFOOT PARK APTS LOT 12 | BAREFOOT PARK APTS LOT 13 | BAREFOOT PARK APTS LOT 14 | BAREFOOT PARK APTS LOT 15 | BAREFOOT PARK APTS LOT 16 | BAREFOOT PARK APTS LOT 2 | BAREFOOT PARK APTS LOT 3 | BAREFOOT PARK APTS LOT 4 | BAREFOOT PARK APTS LOT 5 | BAREFOOT PARK APTS LOT 6 | BAREFOOT PARK APTS LOT 7 | BAREFOOT PARK APTS LOT 8 | BAREFOOT PARK APTS LOT 9,DOWNING ST|WILSON|NC,phase_or_component_only
XDA2_0143,new_two_pass_review,retain_each,internal_evidence_supports_distinct_phases_or_components,"Internal read: normalized and published names, state IDs, primary and complete address sets, placed-in-service years, unit scopes, and source-quality flags were read together. The resulting member partition is retain_each; no single field, including the shared address, was treated as dispositive.",2026-08-10,retain_each,distinct_phases_or_components_common_address,Google,https://www.google.com/search?q=BARRETT%20PLACE%20APTS%20%7C%20BARRETT%20PLACE%20II%20NC%20affordable%20housing,"Barrett Place Apts | Affordable Housing in Greenville, NC | Barrett Place Ii | Affordable Housing in Greenville, NC",public_property_directory,https://affordablehousinghub.org/housing/north-carolina/pitt-county/greenville/barrett-place-apts-20202-lihtc | https://affordablehousinghub.org/housing/north-carolina/pitt-county/greenville/barrett-place-ii-20874-lihtc,"Outside read: the retained public records identify separately named phases, components, projects, or buildings. A common address or campus is not sufficient to collapse them.",2026-08-10,retain_each,distinct_phases_or_components_common_address,distinct_phase_or_component_common_address,Apply only the explicit member partition. Preserve every HUD row as a project episode and every site row. Do not sum units or approve a coordinate query here.,2026-08-10,not_approved,FALSE,2,2,0,retain_each,NC,BARRETT PLACE APTS | BARRETT PLACE II,2613 WHITAKER DR|GREENVILLE|NC,name_or_timing_with_equal_units_near_pis
XDA2_0144,new_two_pass_review,merge_all,internal_evidence_supports_one_physical_development,"Internal read: normalized and published names, state IDs, primary and complete address sets, placed-in-service years, unit scopes, and source-quality flags were read together. The resulting member partition is merge_all; no single field, including the shared address, was treated as dispositive.",2026-08-10,merge_all,duplicate_reporting_or_later_episode_same_physical_development,Google,https://www.google.com/search?q=BERKSHIRE%20DOWNS%20%7C%20BERKSHIRE%20DOWNS%20I%20%7C%20PWE%20BERKSHIRE%20DOWNS%20NC%20affordable%20housing,"Berkshire Downs | Affordable Housing in Raleigh, NC | Berkshire Downs I | Affordable Housing in Raleigh, NC | Pwe Berkshire Downs | Affordable Housing in Raleigh, NC",public_property_directory,https://affordablehousinghub.org/housing/north-carolina/wake-county/raleigh/berkshire-downs-18938-lihtc | https://affordablehousinghub.org/housing/north-carolina/wake-county/raleigh/berkshire-downs-i-18937-lihtc | https://affordablehousinghub.org/housing/north-carolina/wake-county/raleigh/pwe-berkshire-downs-20555-lihtc,"Outside read: the retained public records identify one named property, one later financing episode, one paired-financing development, or one scattered-site development corresponding to the internal record set. All HUD rows and site rows remain preserved.",2026-08-10,merge_all,duplicate_reporting_or_later_episode_same_physical_development,same_physical_development_address,Apply only the explicit member partition. Preserve every HUD row as a project episode and every site row. Do not sum units or approve a coordinate query here.,2026-08-10,not_approved,FALSE,3,1,0,merge_all,NC,BERKSHIRE DOWNS | BERKSHIRE DOWNS I | PWE BERKSHIRE DOWNS,8100 FARMLEA CIR|RALEIGH|NC | 8117 FARMLEA CIR|RALEIGH|NC,name_or_timing_with_equal_units_near_pis
XDA2_0145,new_two_pass_review,merge_all,internal_evidence_supports_one_physical_development,"Internal read: normalized and published names, state IDs, primary and complete address sets, placed-in-service years, unit scopes, and source-quality flags were read together. The resulting member partition is merge_all; no single field, including the shared address, was treated as dispositive.",2026-08-10,merge_all,duplicate_reporting_or_later_episode_same_physical_development,Google,https://www.google.com/search?q=BERKSHIRE%20DOWNS%20APTS%20%7C%20BERKSHIRE%20DOWNS%20II%20NC%20affordable%20housing,"Berkshire Downs Apts | Affordable Housing in Raleigh, NC | Berkshire Downs Ii | Affordable Housing in Raleigh, NC",public_property_directory,https://affordablehousinghub.org/housing/north-carolina/wake-county/raleigh/berkshire-downs-apts-20374-lihtc | https://affordablehousinghub.org/housing/north-carolina/wake-county/raleigh/berkshire-downs-ii-20507-lihtc,"Outside read: the retained public records identify one named property, one later financing episode, one paired-financing development, or one scattered-site development corresponding to the internal record set. All HUD rows and site rows remain preserved.",2026-08-10,merge_all,duplicate_reporting_or_later_episode_same_physical_development,same_physical_development_address,Apply only the explicit member partition. Preserve every HUD row as a project episode and every site row. Do not sum units or approve a coordinate query here.,2026-08-10,not_approved,FALSE,2,1,0,merge_all,NC,BERKSHIRE DOWNS APTS | BERKSHIRE DOWNS II,8265 MERRIWEATHER CIR|RALEIGH|NC,name_or_timing_with_equal_units_near_pis
XDA2_0146,new_two_pass_review,merge_all,internal_evidence_supports_one_physical_development,"Internal read: normalized and published names, state IDs, primary and complete address sets, placed-in-service years, unit scopes, and source-quality flags were read together. The resulting member partition is merge_all; no single field, including the shared address, was treated as dispositive.",2026-08-10,merge_all,duplicate_reporting_or_later_episode_same_physical_development,Google,https://www.google.com/search?q=BURKE%20VILLAGE%20%7C%20PWE%20BURKE%20VILLAGE%20%28FORMERLY%20KNOWN%20AS%20LANDMARK%20VILLAGE%29%20NC%20affordable%20housing,"Burke Village | Affordable Housing in Winston Salem, NC | Pwe Burke Village Formerly Known as Landmark Village | Affordable Housing in Winston Salem, NC",public_property_directory,https://affordablehousinghub.org/housing/north-carolina/forsyth-county/winston-salem/burke-village-19918-lihtc | https://affordablehousinghub.org/housing/north-carolina/forsyth-county/winston-salem/pwe-burke-village-formerly-known-as-landmark-village-19782-lihtc,"Outside read: the retained public records identify one named property, one later financing episode, one paired-financing development, or one scattered-site development corresponding to the internal record set. All HUD rows and site rows remain preserved.",2026-08-10,merge_all,duplicate_reporting_or_later_episode_same_physical_development,same_physical_development_address,Apply only the explicit member partition. Preserve every HUD row as a project episode and every site row. Do not sum units or approve a coordinate query here.,2026-08-10,not_approved,FALSE,2,1,0,merge_all,NC,BURKE VILLAGE | PWE BURKE VILLAGE (FORMERLY KNOWN AS LANDMARK VILLAGE),1110 E 19TH ST|WINSTON SALEM|NC,name_or_timing_with_equal_units_near_pis
XDA2_0147,new_two_pass_review,retain_each,internal_evidence_supports_distinct_phases_or_components,"Internal read: normalized and published names, state IDs, primary and complete address sets, placed-in-service years, unit scopes, and source-quality flags were read together. The resulting member partition is retain_each; no single field, including the shared address, was treated as dispositive.",2026-08-10,retain_each,distinct_phases_or_components_common_address,Google,https://www.google.com/search?q=CARDINAL%20POINTE%20%7C%20CARDINAL%20POINTE%20PHASE%20II%20NC%20affordable%20housing,"Cardinal Pointe | Affordable Housing in Shallotte, NC | Cardinal Pointe Phase Ii | Affordable Housing in Shallotte, NC",public_property_directory,https://affordablehousinghub.org/housing/north-carolina/brunswick-county/shallotte/cardinal-pointe-49300-lihtc | https://affordablehousinghub.org/housing/north-carolina/brunswick-county/shallotte/cardinal-pointe-phase-ii-21621-lihtc,"Outside read: the retained public records identify separately named phases, components, projects, or buildings. A common address or campus is not sufficient to collapse them.",2026-08-10,retain_each,distinct_phases_or_components_common_address,distinct_phase_or_component_common_address,Apply only the explicit member partition. Preserve every HUD row as a project episode and every site row. Do not sum units or approve a coordinate query here.,2026-08-10,not_approved,FALSE,2,2,0,retain_each,NC,CARDINAL POINTE | CARDINAL POINTE PHASE II,100 HIGHLANDS GLENN DR|SHALLOTTE|NC,phase_or_component_only
XDA2_0148,new_two_pass_review,retain_each,internal_evidence_supports_distinct_phases_or_components,"Internal read: normalized and published names, state IDs, primary and complete address sets, placed-in-service years, unit scopes, and source-quality flags were read together. The resulting member partition is retain_each; no single field, including the shared address, was treated as dispositive.",2026-08-10,retain_each,distinct_phases_or_components_common_address,Google,https://www.google.com/search?q=CROSSWINDS%20GREEN%20%7C%20CROSSWINDS%20GREEN%20II%20NC%20affordable%20housing,"Crosswinds Green | Affordable Housing in Hope Mills, NC | Crosswinds Green Ii | Affordable Housing in Hope Mills, NC",public_property_directory,https://affordablehousinghub.org/housing/north-carolina/cumberland-county/hope-mills/crosswinds-green-20714-lihtc | https://affordablehousinghub.org/housing/north-carolina/cumberland-county/hope-mills/crosswinds-green-ii-20887-lihtc,"Outside read: the retained public records identify separately named phases, components, projects, or buildings. A common address or campus is not sufficient to collapse them.",2026-08-10,retain_each,distinct_phases_or_components_common_address,distinct_phase_or_component_common_address,Apply only the explicit member partition. Preserve every HUD row as a project episode and every site row. Do not sum units or approve a coordinate query here.,2026-08-10,not_approved,FALSE,2,2,0,retain_each,NC,CROSSWINDS GREEN | CROSSWINDS GREEN II,3415 TOWN ST|HOPE MILLS|NC,name_or_timing_with_equal_units_near_pis
XDA2_0149,new_two_pass_review,retain_each,internal_evidence_supports_distinct_phases_or_components,"Internal read: normalized and published names, state IDs, primary and complete address sets, placed-in-service years, unit scopes, and source-quality flags were read together. The resulting member partition is retain_each; no single field, including the shared address, was treated as dispositive.",2026-08-10,retain_each,distinct_phases_or_components_common_address,Google,https://www.google.com/search?q=DILLARD%20STREET%20A%20%7C%20DILLARD%20STREET%20B%20NC%20affordable%20housing,"Hilliard Street | Affordable Housing in Henderson, NC",public_property_directory,https://affordablehousinghub.org/housing/north-carolina/vance-county/henderson/hilliard-street-18994-lihtc,"Outside read: the retained public records identify separately named phases, components, projects, or buildings. A common address or campus is not sufficient to collapse them.",2026-08-10,retain_each,distinct_phases_or_components_common_address,distinct_phase_or_component_common_address,Apply only the explicit member partition. Preserve every HUD row as a project episode and every site row. Do not sum units or approve a coordinate query here.,2026-08-10,not_approved,FALSE,2,2,0,retain_each,NC,DILLARD STREET A | DILLARD STREET B,BLDG 1 ADDRESS TBD|DURHAM|NC,name_similarity_only
XDA2_0150,new_two_pass_review,merge_all,internal_evidence_supports_one_physical_development,"Internal read: normalized and published names, state IDs, primary and complete address sets, placed-in-service years, unit scopes, and source-quality flags were read together. The resulting member partition is merge_all; no single field, including the shared address, was treated as dispositive.",2026-08-10,merge_all,duplicate_reporting_or_later_episode_same_physical_development,Google,https://www.google.com/search?q=EASTLAND%20AVE%3A%20LOT%201%20%7C%20PWE%20LOT%201%20EASTLAND%20AVE%20NC%20affordable%20housing,"Eastland Ave: Lot 1 | Affordable Housing in Greensboro, NC | Pwe Lot 1 Eastland Ave | Affordable Housing in Greensboro, NC",public_property_directory,https://affordablehousinghub.org/housing/north-carolina/guilford-county/greensboro/eastland-ave-lot-1-20331-lihtc | https://affordablehousinghub.org/housing/north-carolina/guilford-county/greensboro/pwe-lot-1-eastland-ave-20583-lihtc,"Outside read: the retained public records identify one named property, one later financing episode, one paired-financing development, or one scattered-site development corresponding to the internal record set. All HUD rows and site rows remain preserved.",2026-08-10,merge_all,duplicate_reporting_or_later_episode_same_physical_development,same_physical_development_address,Apply only the explicit member partition. Preserve every HUD row as a project episode and every site row. Do not sum units or approve a coordinate query here.,2026-08-10,not_approved,FALSE,2,1,0,merge_all,NC,EASTLAND AVE: LOT 1 | PWE LOT 1 EASTLAND AVE,3947 EASTLAND AVE|GREENSBORO|NC,phase_or_component_only
XDA2_0151,new_two_pass_review,merge_all,internal_evidence_supports_one_physical_development,"Internal read: normalized and published names, state IDs, primary and complete address sets, placed-in-service years, unit scopes, and source-quality flags were read together. The resulting member partition is merge_all; no single field, including the shared address, was treated as dispositive.",2026-08-10,merge_all,duplicate_reporting_or_later_episode_same_physical_development,Google,https://www.google.com/search?q=EASTLAND%20AVE%3A%20LOT%206%20%7C%20LOT%206%20EASTLAND%20AVE%20NC%20affordable%20housing,"Eastland Ave: Lot 6 | Affordable Housing in Greensboro, NC | Lot 6 Eastland Ave | Affordable Housing in Greensboro, NC",public_property_directory,https://affordablehousinghub.org/housing/north-carolina/guilford-county/greensboro/eastland-ave-lot-6-18876-lihtc | https://affordablehousinghub.org/housing/north-carolina/guilford-county/greensboro/lot-6-eastland-ave-18652-lihtc,"Outside read: the retained public records identify one named property, one later financing episode, one paired-financing development, or one scattered-site development corresponding to the internal record set. All HUD rows and site rows remain preserved.",2026-08-10,merge_all,duplicate_reporting_or_later_episode_same_physical_development,same_physical_development_address,Apply only the explicit member partition. Preserve every HUD row as a project episode and every site row. Do not sum units or approve a coordinate query here.,2026-08-10,not_approved,FALSE,2,1,0,merge_all,NC,EASTLAND AVE: LOT 6 | LOT 6 EASTLAND AVE,3946 EASTLAND AVE|GREENSBORO|NC,phase_or_component_only
XDA2_0152,new_two_pass_review,retain_each,internal_evidence_supports_distinct_phases_or_components,"Internal read: normalized and published names, state IDs, primary and complete address sets, placed-in-service years, unit scopes, and source-quality flags were read together. The resulting member partition is retain_each; no single field, including the shared address, was treated as dispositive.",2026-08-10,retain_each,distinct_phases_or_components_common_address,Google,https://www.google.com/search?q=EASTSIDE%20GREEN%20II%20APARTMENTS%20%7C%20EASTSIDE%20GREEN%20III%20APARTMENTS%20NC%20affordable%20housing,"Eastside Green Ii Apartments | Affordable Housing in Fayetteville, NC | Eastside Green Iii Apartments | Affordable Housing in Fayetteville, NC",public_property_directory,https://affordablehousinghub.org/housing/north-carolina/cumberland-county/fayetteville/eastside-green-ii-apartments-21129-lihtc | https://affordablehousinghub.org/housing/north-carolina/cumberland-county/fayetteville/eastside-green-iii-apartments-21373-lihtc,"Outside read: the retained public records identify separately named phases, components, projects, or buildings. A common address or campus is not sufficient to collapse them.",2026-08-10,retain_each,distinct_phases_or_components_common_address,distinct_phase_or_component_common_address,Apply only the explicit member partition. Preserve every HUD row as a project episode and every site row. Do not sum units or approve a coordinate query here.,2026-08-10,not_approved,FALSE,2,2,0,retain_each,NC,EASTSIDE GREEN II APARTMENTS | EASTSIDE GREEN III APARTMENTS,708 DUGGINS WAY|FAYETTEVILLE|NC,name_similarity_only
XDA2_0153,new_two_pass_review,merge_all,internal_evidence_supports_one_physical_development,"Internal read: normalized and published names, state IDs, primary and complete address sets, placed-in-service years, unit scopes, and source-quality flags were read together. The resulting member partition is merge_all; no single field, including the shared address, was treated as dispositive.",2026-08-10,merge_all,duplicate_reporting_or_later_episode_same_physical_development,Google,https://www.google.com/search?q=FOX%20HOLLOW%20SUBDIVISION%20%7C%20PWE%20FOX%20HOLLOW%20SUBDIVISION%20NC%20affordable%20housing,"Fox Hollow Subdivision | Affordable Housing in Raleigh, NC | Pwe Fox Hollow Subdivision | Affordable Housing in Raleigh, NC",public_property_directory,https://affordablehousinghub.org/housing/north-carolina/wake-county/raleigh/fox-hollow-subdivision-18650-lihtc | https://affordablehousinghub.org/housing/north-carolina/wake-county/raleigh/pwe-fox-hollow-subdivision-18907-lihtc,"Outside read: the retained public records identify one named property, one later financing episode, one paired-financing development, or one scattered-site development corresponding to the internal record set. All HUD rows and site rows remain preserved.",2026-08-10,merge_all,duplicate_reporting_or_later_episode_same_physical_development,same_physical_development_address,Apply only the explicit member partition. Preserve every HUD row as a project episode and every site row. Do not sum units or approve a coordinate query here.,2026-08-10,not_approved,FALSE,2,1,0,merge_all,NC,FOX HOLLOW SUBDIVISION | PWE FOX HOLLOW SUBDIVISION,2729 BIG OAK ST|RALEIGH|NC,name_or_timing_with_equal_units_near_pis
XDA2_0154,new_two_pass_review,merge_all,internal_evidence_supports_one_physical_development,"Internal read: normalized and published names, state IDs, primary and complete address sets, placed-in-service years, unit scopes, and source-quality flags were read together. The resulting member partition is merge_all; no single field, including the shared address, was treated as dispositive.",2026-08-10,merge_all,same_named_multisite_or_aggregate_physical_development,Google,https://www.google.com/search?q=MENLO%20PARK%20%7C%20PWE%20MENLO%20PARK%20NC%20affordable%20housing,"Menlo Park | Affordable Housing in Greensboro, NC | Pwe Menlo Park | Affordable Housing in Greensboro, NC",public_property_directory,https://affordablehousinghub.org/housing/north-carolina/guilford-county/greensboro/menlo-park-18903-lihtc | https://affordablehousinghub.org/housing/north-carolina/guilford-county/greensboro/pwe-menlo-park-18908-lihtc,"Outside read: the retained public records identify one named property, one later financing episode, one paired-financing development, or one scattered-site development corresponding to the internal record set. All HUD rows and site rows remain preserved.",2026-08-10,merge_all,same_named_multisite_or_aggregate_physical_development,same_physical_development_address,Apply only the explicit member partition. Preserve every HUD row as a project episode and every site row. Do not sum units or approve a coordinate query here.,2026-08-10,not_approved,FALSE,5,1,1,merge_all,NC,MENLO PARK | PWE MENLO PARK,1703 TENTH ST|GREENSBORO|NC | 1709 TENTH ST|GREENSBORO|NC | 1711 TENTH ST|GREENSBORO|NC | 1804 TUCKER ST|GREENSBORO|NC,name_or_timing_with_equal_units_near_pis
XDA2_0155,new_two_pass_review,merge_all,internal_evidence_supports_one_physical_development,"Internal read: normalized and published names, state IDs, primary and complete address sets, placed-in-service years, unit scopes, and source-quality flags were read together. The resulting member partition is merge_all; no single field, including the shared address, was treated as dispositive.",2026-08-10,merge_all,same_named_multisite_or_aggregate_physical_development,Google,https://www.google.com/search?q=MENLO%20PARK%20APTS%20%7C%20PWE%20MENLO%20PARK%20APTS%20NC%20affordable%20housing,"Menlo Park Apts | Affordable Housing in Greensboro, NC | Pwe Menlo Park Apts | Affordable Housing in Greensboro, NC",public_property_directory,https://affordablehousinghub.org/housing/north-carolina/guilford-county/greensboro/menlo-park-apts-21075-lihtc | https://affordablehousinghub.org/housing/north-carolina/guilford-county/greensboro/pwe-menlo-park-apts-20631-lihtc,"Outside read: the retained public records identify one named property, one later financing episode, one paired-financing development, or one scattered-site development corresponding to the internal record set. All HUD rows and site rows remain preserved.",2026-08-10,merge_all,same_named_multisite_or_aggregate_physical_development,same_physical_development_address,Apply only the explicit member partition. Preserve every HUD row as a project episode and every site row. Do not sum units or approve a coordinate query here.,2026-08-10,not_approved,FALSE,2,1,1,merge_all,NC,MENLO PARK APTS | PWE MENLO PARK APTS,1705 TENTH ST|GREENSBORO|NC,name_or_timing_with_equal_units_near_pis
XDA2_0156,new_two_pass_review,merge_all,internal_evidence_supports_one_physical_development,"Internal read: normalized and published names, state IDs, primary and complete address sets, placed-in-service years, unit scopes, and source-quality flags were read together. The resulting member partition is merge_all; no single field, including the shared address, was treated as dispositive.",2026-08-10,merge_all,duplicate_reporting_or_later_episode_same_physical_development,Google,https://www.google.com/search?q=MILL%20CREEK%20APTS%20%7C%20PWN%20MILL%20CREEK%20APTS%20NC%20affordable%20housing,"Mill Creek Apts | Affordable Housing in Charlotte, NC | Pwn Mill Creek Apts | Affordable Housing in Charlotte, NC",public_property_directory,https://affordablehousinghub.org/housing/north-carolina/mecklenburg-county/charlotte/mill-creek-apts-20043-lihtc | https://affordablehousinghub.org/housing/north-carolina/mecklenburg-county/charlotte/pwn-mill-creek-apts-19994-lihtc,"Outside read: the retained public records identify one named property, one later financing episode, one paired-financing development, or one scattered-site development corresponding to the internal record set. All HUD rows and site rows remain preserved.",2026-08-10,merge_all,duplicate_reporting_or_later_episode_same_physical_development,same_physical_development_address,Apply only the explicit member partition. Preserve every HUD row as a project episode and every site row. Do not sum units or approve a coordinate query here.,2026-08-10,not_approved,FALSE,2,1,0,merge_all,NC,MILL CREEK APTS | PWN MILL CREEK APTS,8498 DAVIS LAKE PKWY|CHARLOTTE|NC,name_or_timing_with_equal_units_near_pis
XDA2_0157,new_two_pass_review,merge_all,internal_evidence_supports_one_physical_development,"Internal read: normalized and published names, state IDs, primary and complete address sets, placed-in-service years, unit scopes, and source-quality flags were read together. The resulting member partition is merge_all; no single field, including the shared address, was treated as dispositive.",2026-08-10,merge_all,duplicate_reporting_or_later_episode_same_physical_development,Google,https://www.google.com/search?q=PARK%20GLEN%20%7C%20PWE%20PARK%20GLEN%20NC%20affordable%20housing,"Park Glen | Affordable Housing in Raleigh, NC | Pwe Park Glen | Affordable Housing in Raleigh, NC",public_property_directory,https://affordablehousinghub.org/housing/north-carolina/wake-county/raleigh/park-glen-20255-lihtc | https://affordablehousinghub.org/housing/north-carolina/wake-county/raleigh/pwe-park-glen-20585-lihtc,"Outside read: the retained public records identify one named property, one later financing episode, one paired-financing development, or one scattered-site development corresponding to the internal record set. All HUD rows and site rows remain preserved.",2026-08-10,merge_all,duplicate_reporting_or_later_episode_same_physical_development,same_physical_development_address,Apply only the explicit member partition. Preserve every HUD row as a project episode and every site row. Do not sum units or approve a coordinate query here.,2026-08-10,not_approved,FALSE,2,1,0,merge_all,NC,PARK GLEN | PWE PARK GLEN,821 DALEWOOD DR|RALEIGH|NC,name_or_timing_with_equal_units_near_pis
XDA2_0158,new_two_pass_review,retain_each,internal_evidence_supports_distinct_phases_or_components,"Internal read: normalized and published names, state IDs, primary and complete address sets, placed-in-service years, unit scopes, and source-quality flags were read together. The resulting member partition is retain_each; no single field, including the shared address, was treated as dispositive.",2026-08-10,retain_each,distinct_phases_or_components_common_address,Google,https://www.google.com/search?q=PARK%20PLACE%20APTS%20PHASE%20II%20%7C%20PARK%20PLACE%20APTS%2C%20PHASE%20I%20NC%20affordable%20housing,"Park Place Apts Phase Ii | Affordable Housing in Knightdale, NC | Park Place Apts, Phase I | Affordable Housing in Knightdale, NC",public_property_directory,https://affordablehousinghub.org/housing/north-carolina/wake-county/knightdale/park-place-apts-phase-i-19984-lihtc | https://affordablehousinghub.org/housing/north-carolina/wake-county/knightdale/park-place-apts-phase-ii-20659-lihtc,"Outside read: the retained public records identify separately named phases, components, projects, or buildings. A common address or campus is not sufficient to collapse them.",2026-08-10,retain_each,distinct_phases_or_components_common_address,distinct_phase_or_component_common_address,Apply only the explicit member partition. Preserve every HUD row as a project episode and every site row. Do not sum units or approve a coordinate query here.,2026-08-10,not_approved,FALSE,2,2,0,retain_each,NC,"PARK PLACE APTS PHASE II | PARK PLACE APTS, PHASE I",107 LUXURY LN|KNIGHTDALE|NC,phase_or_component_only
XDA2_0159,new_two_pass_review,retain_each,internal_evidence_supports_distinct_phases_or_components,"Internal read: normalized and published names, state IDs, primary and complete address sets, placed-in-service years, unit scopes, and source-quality flags were read together. The resulting member partition is retain_each; no single field, including the shared address, was treated as dispositive.",2026-08-10,retain_each,distinct_phases_or_components_common_address,Google,https://www.google.com/search?q=PINE%20RIDGE%20I%20%7C%20PINE%20RIDGE%20II%20NC%20affordable%20housing,"Pine Ridge I | Affordable Housing in Roxboro, NC | Pine Ridge Ii | Affordable Housing in Roxboro, NC",public_property_directory,https://affordablehousinghub.org/housing/north-carolina/person-county/roxboro/pine-ridge-i-21182-lihtc | https://affordablehousinghub.org/housing/north-carolina/person-county/roxboro/pine-ridge-ii-21183-lihtc,"Outside read: the retained public records identify separately named phases, components, projects, or buildings. A common address or campus is not sufficient to collapse them.",2026-08-10,retain_each,distinct_phases_or_components_common_address,distinct_phase_or_component_common_address,Apply only the explicit member partition. Preserve every HUD row as a project episode and every site row. Do not sum units or approve a coordinate query here.,2026-08-10,not_approved,FALSE,2,2,0,retain_each,NC,PINE RIDGE I | PINE RIDGE II,1530 PINE RIDGE DR|ROXBORO|NC,name_similarity_only
XDA2_0160,new_two_pass_review,retain_each,internal_evidence_supports_distinct_phases_or_components,"Internal read: normalized and published names, state IDs, primary and complete address sets, placed-in-service years, unit scopes, and source-quality flags were read together. The resulting member partition is retain_each; no single field, including the shared address, was treated as dispositive.",2026-08-10,retain_each,distinct_phases_or_components_common_address,Google,https://www.google.com/search?q=SOUTHSIDE%20REVITALIZATION%20PHASE%20I%20%7C%20SOUTHSIDE%20REVITALIZATION%20PHASE%20II%20%7C%20SOUTHSIDE%20REVITALIZATION%20PHASE%20IV%20NC%20affordable%20housing,"Southside Revitalization Phase I | Affordable Housing in Durham, NC | Southside Revitalization Phase Ii | Affordable Housing in Durham, NC",public_property_directory,https://affordablehousinghub.org/housing/north-carolina/durham-county/durham/southside-revitalization-phase-i-21328-lihtc | https://affordablehousinghub.org/housing/north-carolina/durham-county/durham/southside-revitalization-phase-ii-21332-lihtc,"Outside read: the retained public records identify separately named phases, components, projects, or buildings. A common address or campus is not sufficient to collapse them.",2026-08-10,retain_each,distinct_phases_or_components_common_address,distinct_phase_or_component_common_address,Apply only the explicit member partition. Preserve every HUD row as a project episode and every site row. Do not sum units or approve a coordinate query here.,2026-08-10,not_approved,FALSE,3,3,0,retain_each,NC,SOUTHSIDE REVITALIZATION PHASE I | SOUTHSIDE REVITALIZATION PHASE II | SOUTHSIDE REVITALIZATION PHASE IV,703 S ROXBORO ST|DURHAM|NC | BLDG 2|DURHAM|NC | BLDG 3|DURHAM|NC | BLDG 4|DURHAM|NC | BLDG 5|DURHAM|NC | BLDG 6|DURHAM|NC,phase_or_component_only
XDA2_0161,new_two_pass_review,retain_each,internal_evidence_supports_distinct_phases_or_components,"Internal read: normalized and published names, state IDs, primary and complete address sets, placed-in-service years, unit scopes, and source-quality flags were read together. The resulting member partition is retain_each; no single field, including the shared address, was treated as dispositive.",2026-08-10,retain_each,distinct_phases_or_components_common_address,Google,https://www.google.com/search?q=STARWAY%20VILLAGE%20I%20%7C%20STARWAY%20VILLAGE%20II%20NC%20affordable%20housing,NCHFA funded rental projects,allocating_agency_record,https://housingbuildsnc.com/rental-housing-partners/rental-developers/find-awarded-projects,"Outside read: the retained public records identify separately named phases, components, projects, or buildings. A common address or campus is not sufficient to collapse them.",2026-08-10,retain_each,distinct_phases_or_components_common_address,distinct_phase_or_component_common_address,Apply only the explicit member partition. Preserve every HUD row as a project episode and every site row. Do not sum units or approve a coordinate query here.,2026-08-10,not_approved,FALSE,2,2,0,retain_each,NC,STARWAY VILLAGE I | STARWAY VILLAGE II,2346 CAROLINA BEACH RD WILMINGTON NC 28401|WILMINGTON|NC | 2346 CAROLINA BEACH RD|WILMINGTON|NC,name_similarity_only
XDA2_0162,new_two_pass_review,retain_each,internal_evidence_supports_distinct_phases_or_components,"Internal read: normalized and published names, state IDs, primary and complete address sets, placed-in-service years, unit scopes, and source-quality flags were read together. The resulting member partition is retain_each; no single field, including the shared address, was treated as dispositive.",2026-08-10,retain_each,distinct_phases_or_components_common_address,Google,https://www.google.com/search?q=VESPERS%20I%20%7C%20VESPERS%20II%20NC%20affordable%20housing,"Vespers I | Affordable Housing in Winston Salem, NC | Vespers Ii | Affordable Housing in Winston Salem, NC",public_property_directory,https://affordablehousinghub.org/housing/north-carolina/forsyth-county/winston-salem/vespers-i-21556-lihtc | https://affordablehousinghub.org/housing/north-carolina/forsyth-county/winston-salem/vespers-ii-21582-lihtc,"Outside read: the retained public records identify separately named phases, components, projects, or buildings. A common address or campus is not sufficient to collapse them.",2026-08-10,retain_each,distinct_phases_or_components_common_address,distinct_phase_or_component_common_address,Apply only the explicit member partition. Preserve every HUD row as a project episode and every site row. Do not sum units or approve a coordinate query here.,2026-08-10,not_approved,FALSE,2,2,0,retain_each,NC,VESPERS I | VESPERS II,1300 WAUGHTOWN ST|WINSTON SALEM|NC,name_or_timing_with_equal_units_near_pis
XDA2_0163,new_two_pass_review,retain_each,internal_evidence_supports_distinct_phases_or_components,"Internal read: normalized and published names, state IDs, primary and complete address sets, placed-in-service years, unit scopes, and source-quality flags were read together. The resulting member partition is retain_each; no single field, including the shared address, was treated as dispositive.",2026-08-10,retain_each,distinct_phases_or_components_common_address,Google,https://www.google.com/search?q=WOODGREEN%20APTS%20%7C%20WOODGREEN%20II%20APARTMENTS%20NC%20affordable%20housing,"Woodgreen Apts | Affordable Housing in Aberdeen, NC | Woodgreen Ii Apartments | Affordable Housing in Aberdeen, NC",public_property_directory,https://affordablehousinghub.org/housing/north-carolina/moore-county/aberdeen/woodgreen-apts-21592-lihtc | https://affordablehousinghub.org/housing/north-carolina/moore-county/aberdeen/woodgreen-ii-apartments-49286-lihtc,"Outside read: the retained public records identify separately named phases, components, projects, or buildings. A common address or campus is not sufficient to collapse them.",2026-08-10,retain_each,distinct_phases_or_components_common_address,distinct_phase_or_component_common_address,Apply only the explicit member partition. Preserve every HUD row as a project episode and every site row. Do not sum units or approve a coordinate query here.,2026-08-10,not_approved,FALSE,2,2,0,retain_each,NC,WOODGREEN APTS | WOODGREEN II APARTMENTS,200 BRADFORD DR|ABERDEEN|NC,name_or_timing_with_equal_units_near_pis
XDA2_0164,new_two_pass_review,merge_all,internal_evidence_supports_one_physical_development,"Internal read: normalized and published names, state IDs, primary and complete address sets, placed-in-service years, unit scopes, and source-quality flags were read together. The resulting member partition is merge_all; no single field, including the shared address, was treated as dispositive.",2026-08-10,merge_all,same_named_multisite_or_aggregate_physical_development,Google,https://www.google.com/search?q=BRICKVIEW%20APARTMENTS%20%7C%20WEST%20VIEW%20APTS%20%7C%20WESTVIEW%20APTS%20ND%20affordable%20housing,"West View Apts | Affordable Housing in Fargo, ND | Westview Apts | Affordable Housing in Fargo, ND",public_property_directory,https://affordablehousinghub.org/housing/north-dakota/cass-county/fargo/west-view-apts-22418-lihtc | https://affordablehousinghub.org/housing/north-dakota/cass-county/fargo/westview-apts-22419-lihtc,"Outside read: the retained public records identify one named property, one later financing episode, one paired-financing development, or one scattered-site development corresponding to the internal record set. All HUD rows and site rows remain preserved.",2026-08-10,merge_all,same_named_multisite_or_aggregate_physical_development,same_physical_development_address,Apply only the explicit member partition. Preserve every HUD row as a project episode and every site row. Do not sum units or approve a coordinate query here.,2026-08-10,not_approved,FALSE,3,1,0,merge_all,ND,BRICKVIEW APARTMENTS | WEST VIEW APTS | WESTVIEW APTS,1802 40TH ST SW|FARGO|ND | 3140 33RD ST SW|FARGO|ND | 3160 33RD ST SW|FARGO|ND,name_or_timing_with_equal_units_near_pis
XDA2_0165,new_two_pass_review,merge_all,internal_evidence_supports_one_physical_development,"Internal read: normalized and published names, state IDs, primary and complete address sets, placed-in-service years, unit scopes, and source-quality flags were read together. The resulting member partition is merge_all; no single field, including the shared address, was treated as dispositive.",2026-08-10,merge_all,duplicate_reporting_or_later_episode_same_physical_development,Google,https://www.google.com/search?q=CHESTNUT%20RIDGE%20I%20APARTMENTS%20%7C%20LAKE%20APTS%20I%20ND%20affordable%20housing,"Lake Apts I | Affordable Housing in Fargo, ND",public_property_directory,https://affordablehousinghub.org/housing/north-dakota/cass-county/fargo/lake-apts-i-21957-lihtc,"Outside read: the retained public records identify one named property, one later financing episode, one paired-financing development, or one scattered-site development corresponding to the internal record set. All HUD rows and site rows remain preserved.",2026-08-10,merge_all,duplicate_reporting_or_later_episode_same_physical_development,same_physical_development_address,Apply only the explicit member partition. Preserve every HUD row as a project episode and every site row. Do not sum units or approve a coordinate query here.,2026-08-10,not_approved,FALSE,2,1,0,merge_all,ND,CHESTNUT RIDGE I APARTMENTS | LAKE APTS I,3161 32ND ST SW|FARGO|ND,name_or_timing_with_equal_units_near_pis
XDA2_0166,new_two_pass_review,merge_all,internal_evidence_supports_one_physical_development,"Internal read: normalized and published names, state IDs, primary and complete address sets, placed-in-service years, unit scopes, and source-quality flags were read together. The resulting member partition is merge_all; no single field, including the shared address, was treated as dispositive.",2026-08-10,merge_all,duplicate_reporting_or_later_episode_same_physical_development,Google,https://www.google.com/search?q=CHESTNUT%20RIDGE%20II%20APARTMENTS%20%7C%20LAKE%20APTS%20II%20ND%20affordable%20housing,"Lake Apts Ii | Affordable Housing in Fargo, ND",public_property_directory,https://affordablehousinghub.org/housing/north-dakota/cass-county/fargo/lake-apts-ii-21958-lihtc,"Outside read: the retained public records identify one named property, one later financing episode, one paired-financing development, or one scattered-site development corresponding to the internal record set. All HUD rows and site rows remain preserved.",2026-08-10,merge_all,duplicate_reporting_or_later_episode_same_physical_development,same_physical_development_address,Apply only the explicit member partition. Preserve every HUD row as a project episode and every site row. Do not sum units or approve a coordinate query here.,2026-08-10,not_approved,FALSE,2,1,0,merge_all,ND,CHESTNUT RIDGE II APARTMENTS | LAKE APTS II,3141 32ND ST SW|FARGO|ND,name_or_timing_with_equal_units_near_pis
XDA2_0167,new_two_pass_review,merge_all,internal_evidence_supports_one_physical_development,"Internal read: normalized and published names, state IDs, primary and complete address sets, placed-in-service years, unit scopes, and source-quality flags were read together. The resulting member partition is merge_all; no single field, including the shared address, was treated as dispositive.",2026-08-10,merge_all,duplicate_reporting_or_later_episode_same_physical_development,Google,https://www.google.com/search?q=CHESTNUT%20RIDGE%20III%20APARTMENTS%20%7C%20LAKE%20APTS%20III%20ND%20affordable%20housing,"Lake Apts Iii | Affordable Housing in Fargo, ND",public_property_directory,https://affordablehousinghub.org/housing/north-dakota/cass-county/fargo/lake-apts-iii-21959-lihtc,"Outside read: the retained public records identify one named property, one later financing episode, one paired-financing development, or one scattered-site development corresponding to the internal record set. All HUD rows and site rows remain preserved.",2026-08-10,merge_all,duplicate_reporting_or_later_episode_same_physical_development,same_physical_development_address,Apply only the explicit member partition. Preserve every HUD row as a project episode and every site row. Do not sum units or approve a coordinate query here.,2026-08-10,not_approved,FALSE,2,1,0,merge_all,ND,CHESTNUT RIDGE III APARTMENTS | LAKE APTS III,3121 32ND ST SW|FARGO|ND,name_or_timing_with_equal_units_near_pis
XDA2_0168,new_two_pass_review,merge_all,internal_evidence_supports_one_physical_development,"Internal read: normalized and published names, state IDs, primary and complete address sets, placed-in-service years, unit scopes, and source-quality flags were read together. The resulting member partition is merge_all; no single field, including the shared address, was treated as dispositive.",2026-08-10,merge_all,duplicate_reporting_or_later_episode_same_physical_development,Google,https://www.google.com/search?q=CHESTNUT%20RIDGE%20IV%20APARTMENTS%20%7C%20LAKE%20APTS%20IV%20ND%20affordable%20housing,"Lake Apts Iv | Affordable Housing in Fargo, ND",public_property_directory,https://affordablehousinghub.org/housing/north-dakota/cass-county/fargo/lake-apts-iv-21960-lihtc,"Outside read: the retained public records identify one named property, one later financing episode, one paired-financing development, or one scattered-site development corresponding to the internal record set. All HUD rows and site rows remain preserved.",2026-08-10,merge_all,duplicate_reporting_or_later_episode_same_physical_development,same_physical_development_address,Apply only the explicit member partition. Preserve every HUD row as a project episode and every site row. Do not sum units or approve a coordinate query here.,2026-08-10,not_approved,FALSE,2,1,0,merge_all,ND,CHESTNUT RIDGE IV APARTMENTS | LAKE APTS IV,3101 32ND ST SW|FARGO|ND,name_or_timing_with_equal_units_near_pis
XDA2_0169,new_two_pass_review,merge_all,internal_evidence_supports_one_physical_development,"Internal read: normalized and published names, state IDs, primary and complete address sets, placed-in-service years, unit scopes, and source-quality flags were read together. The resulting member partition is merge_all; no single field, including the shared address, was treated as dispositive.",2026-08-10,merge_all,duplicate_reporting_or_later_episode_same_physical_development,Google,https://www.google.com/search?q=CHESTNUT%20RIDGE%20V%20APARTMENTS%20%7C%20LAKE%20APTS%20V%20ND%20affordable%20housing,"Lake Apts V | Affordable Housing in Fargo, ND",public_property_directory,https://affordablehousinghub.org/housing/north-dakota/cass-county/fargo/lake-apts-v-22367-lihtc,"Outside read: the retained public records identify one named property, one later financing episode, one paired-financing development, or one scattered-site development corresponding to the internal record set. All HUD rows and site rows remain preserved.",2026-08-10,merge_all,duplicate_reporting_or_later_episode_same_physical_development,same_physical_development_address,Apply only the explicit member partition. Preserve every HUD row as a project episode and every site row. Do not sum units or approve a coordinate query here.,2026-08-10,not_approved,FALSE,2,1,0,merge_all,ND,CHESTNUT RIDGE V APARTMENTS | LAKE APTS V,3061 32ND ST SW|FARGO|ND,name_or_timing_with_equal_units_near_pis
XDA2_0170,new_two_pass_review,retain_each,internal_evidence_supports_distinct_phases_or_components,"Internal read: normalized and published names, state IDs, primary and complete address sets, placed-in-service years, unit scopes, and source-quality flags were read together. The resulting member partition is retain_each; no single field, including the shared address, was treated as dispositive.",2026-08-10,retain_each,distinct_phases_or_components_common_address,Google,https://www.google.com/search?q=HERITAGE%20HILLS%20I%20%7C%20HERITAGE%20HILLS%20II%20ND%20affordable%20housing,"Heritage Hills Ii | Affordable Housing in Dickinson, ND",public_property_directory,https://affordablehousinghub.org/housing/north-dakota/stark-county/abercrombie/heritage-hills-ii-22345-lihtc,"Outside read: the retained public records identify separately named phases, components, projects, or buildings. A common address or campus is not sufficient to collapse them.",2026-08-10,retain_each,distinct_phases_or_components_common_address,distinct_phase_or_component_common_address,Apply only the explicit member partition. Preserve every HUD row as a project episode and every site row. Do not sum units or approve a coordinate query here.,2026-08-10,not_approved,FALSE,2,2,0,retain_each,ND,HERITAGE HILLS I | HERITAGE HILLS II,2585 DAKOTA BLVD|DICKINSON|ND,name_similarity_only
XDA2_0171,new_two_pass_review,retain_each,internal_evidence_supports_distinct_phases_or_components,"Internal read: normalized and published names, state IDs, primary and complete address sets, placed-in-service years, unit scopes, and source-quality flags were read together. The resulting member partition is retain_each; no single field, including the shared address, was treated as dispositive.",2026-08-10,retain_each,distinct_phases_or_components_common_address,Google,https://www.google.com/search?q=HOMEFIELD%202%20%7C%20HOMEFIELD%20I%20SENIOR%20APARTMENTS%20ND%20affordable%20housing,"Homefield 2 | Affordable Housing in Fargo, ND | Homefield I Senior Apartments | Affordable Housing in Fargo, ND",public_property_directory,https://affordablehousinghub.org/housing/north-dakota/cass-county/fargo/homefield-2-22025-lihtc | https://affordablehousinghub.org/housing/north-dakota/cass-county/fargo/homefield-i-senior-apartments-21998-lihtc,"Outside read: the retained public records identify separately named phases, components, projects, or buildings. A common address or campus is not sufficient to collapse them.",2026-08-10,retain_each,distinct_phases_or_components_common_address,distinct_phase_or_component_common_address,Apply only the explicit member partition. Preserve every HUD row as a project episode and every site row. Do not sum units or approve a coordinate query here.,2026-08-10,not_approved,FALSE,2,2,0,retain_each,ND,HOMEFIELD 2 | HOMEFIELD I SENIOR APARTMENTS,4245 28TH AVE S|FARGO|ND,name_or_timing_with_equal_units_near_pis
XDA2_0172,new_two_pass_review,merge_all,internal_evidence_supports_one_physical_development,"Internal read: normalized and published names, state IDs, primary and complete address sets, placed-in-service years, unit scopes, and source-quality flags were read together. The resulting member partition is merge_all; no single field, including the shared address, was treated as dispositive.",2026-08-10,merge_all,duplicate_reporting_or_later_episode_same_physical_development,Google,https://www.google.com/search?q=STANDING%20ROCK%20NEW%20CONSTRUCTION%20%238%20%7C%20STANDING%20ROCK%20NEW%20CONSTRUCTION%20PROJECT%20%238%20ND%20affordable%20housing,"Standing Rock New Construction #8 | Affordable Housing in Fort Yates, ND | Standing Rock New Construction Project #1 | Affordable Housing in Fort Yates, ND",public_property_directory,https://affordablehousinghub.org/housing/north-dakota/sioux-county/fort-yates/standing-rock-new-construction-8-22190-lihtc | https://affordablehousinghub.org/housing/north-dakota/sioux-county/fort-yates/standing-rock-new-construction-project-1-22074-lihtc,"Outside read: the retained public records identify one named property, one later financing episode, one paired-financing development, or one scattered-site development corresponding to the internal record set. All HUD rows and site rows remain preserved.",2026-08-10,merge_all,duplicate_reporting_or_later_episode_same_physical_development,same_physical_development_address,Apply only the explicit member partition. Preserve every HUD row as a project episode and every site row. Do not sum units or approve a coordinate query here.,2026-08-10,not_approved,FALSE,2,1,0,merge_all,ND,STANDING ROCK NEW CONSTRUCTION #8 | STANDING ROCK NEW CONSTRUCTION PROJECT #8,6111 WAZIYATA ST|FORT YATES|ND,phase_or_component_only
XDA2_0173,new_two_pass_review,merge_all,internal_evidence_supports_one_physical_development,"Internal read: normalized and published names, state IDs, primary and complete address sets, placed-in-service years, unit scopes, and source-quality flags were read together. The resulting member partition is merge_all; no single field, including the shared address, was treated as dispositive.",2026-08-10,merge_all,duplicate_reporting_or_later_episode_same_physical_development,Google,https://www.google.com/search?q=STANDING%20ROCK%20REHAB%20%2315%20%7C%20STANDING%20ROCK%20REHABILITATION%20PROJECT%20%2315%20ND%20affordable%20housing,"Standing Rock New Construction Project #1 | Affordable Housing in Fort Yates, ND | Standing Rock Rehab #15 | Affordable Housing in Fort Yates, ND",public_property_directory,https://affordablehousinghub.org/housing/north-dakota/sioux-county/fort-yates/standing-rock-new-construction-project-1-22074-lihtc | https://affordablehousinghub.org/housing/north-dakota/sioux-county/fort-yates/standing-rock-rehab-15-22222-lihtc,"Outside read: the retained public records identify one named property, one later financing episode, one paired-financing development, or one scattered-site development corresponding to the internal record set. All HUD rows and site rows remain preserved.",2026-08-10,merge_all,duplicate_reporting_or_later_episode_same_physical_development,same_physical_development_address,Apply only the explicit member partition. Preserve every HUD row as a project episode and every site row. Do not sum units or approve a coordinate query here.,2026-08-10,not_approved,FALSE,2,1,0,merge_all,ND,STANDING ROCK REHAB #15 | STANDING ROCK REHABILITATION PROJECT #15,1333 92ND ST|FORT YATES|ND,phase_or_component_only
XDA2_0174,new_two_pass_review,merge_all,internal_evidence_supports_one_physical_development,"Internal read: normalized and published names, state IDs, primary and complete address sets, placed-in-service years, unit scopes, and source-quality flags were read together. The resulting member partition is merge_all; no single field, including the shared address, was treated as dispositive.",2026-08-10,merge_all,paired_financing_components_same_physical_development,Google,https://www.google.com/search?q=MONAHAN%20MANOR%204%25%20%7C%20MONAHAN%20MANOR%209%25%20NH%20affordable%20housing,New Hampshire Housing multifamily projects overview,allocating_agency_record,https://www.nhhfa.org/wp-content/uploads/2023/05/NH-Housing-Multifamily-Projects-Overview.pdf,"Outside read: the retained public records identify one named property, one later financing episode, one paired-financing development, or one scattered-site development corresponding to the internal record set. All HUD rows and site rows remain preserved.",2026-08-10,merge_all,paired_financing_components_same_physical_development,same_physical_development_address,Apply only the explicit member partition. Preserve every HUD row as a project episode and every site row. Do not sum units or approve a coordinate query here.,2026-08-10,not_approved,FALSE,2,1,0,merge_all,NH,MONAHAN MANOR 4% | MONAHAN MANOR 9%,3 MYRTLE ST|NASHUA|NH,name_similarity_only
XDA2_0175,new_two_pass_review,retain_each,internal_evidence_supports_distinct_phases_or_components,"Internal read: normalized and published names, state IDs, primary and complete address sets, placed-in-service years, unit scopes, and source-quality flags were read together. The resulting member partition is retain_each; no single field, including the shared address, was treated as dispositive.",2026-08-10,retain_each,distinct_phases_or_components_common_address,Google,https://www.google.com/search?q=%2305908%20-%20UCP%20AT%20TEWKSBURY%20%7C%20THE%20MEADOWS%20AT%20OLDWICK%20%28TEWKSBURY%29%20NJ%20affordable%20housing,"#05908 - Ucp At Tewksbury | Affordable Housing in Whitehouse Station, NJ | The Meadows At Oldwick Tewksbury | Affordable Housing in Whitehouse Station, NJ",public_property_directory,https://affordablehousinghub.org/housing/new-jersey/hunterdon-county/whitehouse-station-twp/the-meadows-at-oldwick-tewksbury-22478-lihtc | https://affordablehousinghub.org/housing/new-jersey/hunterdon-county/whitehouse-station/05908-ucp-at-tewksbury-22530-lihtc,"Outside read: the retained public records identify separately named phases, components, projects, or buildings. A common address or campus is not sufficient to collapse them.",2026-08-10,retain_each,distinct_phases_or_components_common_address,distinct_phase_or_component_common_address,Apply only the explicit member partition. Preserve every HUD row as a project episode and every site row. Do not sum units or approve a coordinate query here.,2026-08-10,not_approved,FALSE,2,2,0,retain_each,NJ,#05908 - UCP AT TEWKSBURY | THE MEADOWS AT OLDWICK (TEWKSBURY),501 1202 FISHER RD|WHITEHOUSE STATION|NJ | 800 FISHER RD|WHITEHOUSE STATION|NJ,name_or_timing_with_equal_units_near_pis
XDA2_0176,new_two_pass_review,merge_all,internal_evidence_supports_one_physical_development,"Internal read: normalized and published names, state IDs, primary and complete address sets, placed-in-service years, unit scopes, and source-quality flags were read together. The resulting member partition is merge_all; no single field, including the shared address, was treated as dispositive.",2026-08-10,merge_all,duplicate_reporting_or_later_episode_same_physical_development,Google,https://www.google.com/search?q=105%20W%20DECATUR%20AVE%20%7C%20105%20W.%20DECATUR%20AVENUE%2C%20A%20%26%20B%20%23365%20NJ%20affordable%20housing,"105 W Decatur Ave | Affordable Housing in Pleasantville, NJ | 105 W. Decatur Avenue, a & B #365 | Affordable Housing in Pleasantville, NJ",public_property_directory,https://affordablehousinghub.org/housing/new-jersey/atlantic-county/pleasantville/105-w-decatur-ave-23759-lihtc | https://affordablehousinghub.org/housing/new-jersey/atlantic-county/pleasantville/105-w-decatur-avenue-a-b-365-23760-lihtc,"Outside read: the retained public records identify one named property, one later financing episode, one paired-financing development, or one scattered-site development corresponding to the internal record set. All HUD rows and site rows remain preserved.",2026-08-10,merge_all,duplicate_reporting_or_later_episode_same_physical_development,same_physical_development_address,Apply only the explicit member partition. Preserve every HUD row as a project episode and every site row. Do not sum units or approve a coordinate query here.,2026-08-10,not_approved,FALSE,2,1,0,merge_all,NJ,"105 W DECATUR AVE | 105 W. DECATUR AVENUE, A & B #365",105 W DECATUR AVE|PLEASANTVILLE|NJ,name_or_timing_with_equal_units_near_pis
XDA2_0177,new_two_pass_review,merge_all,internal_evidence_supports_one_physical_development,"Internal read: normalized and published names, state IDs, primary and complete address sets, placed-in-service years, unit scopes, and source-quality flags were read together. The resulting member partition is merge_all; no single field, including the shared address, was treated as dispositive.",2026-08-10,merge_all,duplicate_reporting_or_later_episode_same_physical_development,Google,https://www.google.com/search?q=1503%201%2F2%20SEWALL%20AVENUE%20%7C%201503%201%2F2%20SEWALL%20AVENUE%20%23278%20%7C%20SEWALL%20AVENUE%20NJ%20affordable%20housing,"1503 1 2 Sewall Avenue #278 | Affordable Housing in Asbury Park, NJ | 1503 1 2 Sewall Avenue | Affordable Housing in Asbury Park, NJ | Sewall Avenue | Affordable Housing in Asbury Park, NJ",public_property_directory,https://affordablehousinghub.org/housing/new-jersey/monmouth-county/asbury-park/1503-1-2-sewall-avenue-23742-lihtc | https://affordablehousinghub.org/housing/new-jersey/monmouth-county/asbury-park/1503-1-2-sewall-avenue-278-23762-lihtc | https://affordablehousinghub.org/housing/new-jersey/monmouth-county/asbury-park/sewall-avenue-23743-lihtc,"Outside read: the retained public records identify one named property, one later financing episode, one paired-financing development, or one scattered-site development corresponding to the internal record set. All HUD rows and site rows remain preserved.",2026-08-10,merge_all,duplicate_reporting_or_later_episode_same_physical_development,same_physical_development_address,Apply only the explicit member partition. Preserve every HUD row as a project episode and every site row. Do not sum units or approve a coordinate query here.,2026-08-10,not_approved,FALSE,3,1,0,merge_all,NJ,1503 1/2 SEWALL AVENUE | 1503 1/2 SEWALL AVENUE #278 | SEWALL AVENUE,1503 1 2 SEWALL AVE|ASBURY PARK|NJ,name_or_timing_with_equal_units_near_pis
XDA2_0178,new_two_pass_review,merge_all,internal_evidence_supports_one_physical_development,"Internal read: normalized and published names, state IDs, primary and complete address sets, placed-in-service years, unit scopes, and source-quality flags were read together. The resulting member partition is merge_all; no single field, including the shared address, was treated as dispositive.",2026-08-10,merge_all,duplicate_reporting_or_later_episode_same_physical_development,Google,https://www.google.com/search?q=4526%20PARK%20AVE%20%7C%204526%20PARK%20AVENUE%20%23285%20NJ%20affordable%20housing,"4526 Park Ave | Affordable Housing in Weehawken, NJ | 4526 Park Avenue #285 | Affordable Housing in Weehawken, NJ",public_property_directory,https://affordablehousinghub.org/housing/new-jersey/hudson-county/weehawken/4526-park-ave-23740-lihtc | https://affordablehousinghub.org/housing/new-jersey/hudson-county/weehawken/4526-park-avenue-285-23785-lihtc,"Outside read: the retained public records identify one named property, one later financing episode, one paired-financing development, or one scattered-site development corresponding to the internal record set. All HUD rows and site rows remain preserved.",2026-08-10,merge_all,duplicate_reporting_or_later_episode_same_physical_development,same_physical_development_address,Apply only the explicit member partition. Preserve every HUD row as a project episode and every site row. Do not sum units or approve a coordinate query here.,2026-08-10,not_approved,FALSE,2,1,0,merge_all,NJ,4526 PARK AVE | 4526 PARK AVENUE #285,4526 PARK AVE|WEEHAWKEN|NJ,name_or_timing_with_equal_units_near_pis
XDA2_0179,new_two_pass_review,merge_all,internal_evidence_supports_one_physical_development,"Internal read: normalized and published names, state IDs, primary and complete address sets, placed-in-service years, unit scopes, and source-quality flags were read together. The resulting member partition is merge_all; no single field, including the shared address, was treated as dispositive.",2026-08-10,merge_all,duplicate_reporting_or_later_episode_same_physical_development,Google,https://www.google.com/search?q=516%20DOCK%20STEET%20%7C%20516%20DOCK%20STREET%20NJ%20affordable%20housing,"516 Dock Steet | Affordable Housing in Millville, NJ | 516 Dock Street | Affordable Housing in Millville, NJ",public_property_directory,https://affordablehousinghub.org/housing/new-jersey/cumberland-county/millville-city/516-dock-street-23124-lihtc | https://affordablehousinghub.org/housing/new-jersey/cumberland-county/millville/516-dock-steet-23738-lihtc,"Outside read: the retained public records identify one named property, one later financing episode, one paired-financing development, or one scattered-site development corresponding to the internal record set. All HUD rows and site rows remain preserved.",2026-08-10,merge_all,duplicate_reporting_or_later_episode_same_physical_development,same_physical_development_address,Apply only the explicit member partition. Preserve every HUD row as a project episode and every site row. Do not sum units or approve a coordinate query here.,2026-08-10,not_approved,FALSE,2,1,0,merge_all,NJ,516 DOCK STEET | 516 DOCK STREET,516 DOCK ST|MILLVILLE|NJ,name_similarity_only
XDA2_0180,new_two_pass_review,merge_all,internal_evidence_supports_one_physical_development,"Internal read: normalized and published names, state IDs, primary and complete address sets, placed-in-service years, unit scopes, and source-quality flags were read together. The resulting member partition is merge_all; no single field, including the shared address, was treated as dispositive.",2026-08-10,merge_all,duplicate_reporting_or_later_episode_same_physical_development,Google,https://www.google.com/search?q=800%20EAST%20JERSEY%20STREET%20%7C%20800%20EAST%20JERSEY%20STREET%20%23469%20%7C%20MAGILL%20ASSOC%20NJ%20affordable%20housing,"800 East Jersey Street #469 | Affordable Housing in Elizabeth, NJ | 800 East Jersey Street | Affordable Housing in Elizabeth, NJ | Magill Assoc | Affordable Housing in Elizabeth, NJ",public_property_directory,https://affordablehousinghub.org/housing/new-jersey/union-county/elizabeth-city/800-east-jersey-street-23074-lihtc | https://affordablehousinghub.org/housing/new-jersey/union-county/elizabeth/800-east-jersey-street-469-49406-lihtc | https://affordablehousinghub.org/housing/new-jersey/union-county/elizabeth/magill-assoc-24127-lihtc,"Outside read: the retained public records identify one named property, one later financing episode, one paired-financing development, or one scattered-site development corresponding to the internal record set. All HUD rows and site rows remain preserved.",2026-08-10,merge_all,duplicate_reporting_or_later_episode_same_physical_development,same_physical_development_address,Apply only the explicit member partition. Preserve every HUD row as a project episode and every site row. Do not sum units or approve a coordinate query here.,2026-08-10,not_approved,FALSE,3,1,0,merge_all,NJ,800 EAST JERSEY STREET | 800 EAST JERSEY STREET #469 | MAGILL ASSOC,800 802 E JERSEY ST|ELIZABETH|NJ | 800 E JERSEY ST|ELIZABETH|NJ,name_or_timing_with_equal_units_near_pis
XDA2_0181,new_two_pass_review,retain_each,internal_evidence_supports_distinct_phases_or_components,"Internal read: normalized and published names, state IDs, primary and complete address sets, placed-in-service years, unit scopes, and source-quality flags were read together. The resulting member partition is retain_each; no single field, including the shared address, was treated as dispositive.",2026-08-10,retain_each,distinct_phases_or_components_common_address,Google,https://www.google.com/search?q=A%20HARRY%20MOORE%20PHASE%20III%20%7C%20A.%20HARRY%20MOORE%20PHASE%20II%20%7C%20A.%20HARRY%20MOORE%2C%20PHASE%20I%20NJ%20affordable%20housing,"A Harry Moore Phase Iii | Affordable Housing in Jersey City, NJ | A. Harry Moore Phase Ii | Affordable Housing in Jersey City, NJ | A. Harry Moore, Phase I | Affordable Housing in Jersey City, NJ",public_property_directory,https://affordablehousinghub.org/housing/new-jersey/hudson-county/jersey-city/a-harry-moore-phase-i-22449-lihtc | https://affordablehousinghub.org/housing/new-jersey/hudson-county/jersey-city/a-harry-moore-phase-ii-22533-lihtc | https://affordablehousinghub.org/housing/new-jersey/hudson-county/jersey-city/a-harry-moore-phase-iii-23776-lihtc,"Outside read: the retained public records identify separately named phases, components, projects, or buildings. A common address or campus is not sufficient to collapse them.",2026-08-10,retain_each,distinct_phases_or_components_common_address,distinct_phase_or_component_common_address,Apply only the explicit member partition. Preserve every HUD row as a project episode and every site row. Do not sum units or approve a coordinate query here.,2026-08-10,not_approved,FALSE,3,3,0,retain_each,NJ,"A HARRY MOORE PHASE III | A. HARRY MOORE PHASE II | A. HARRY MOORE, PHASE I",320 DUNCAN AVE|JERSEY CITY|NJ | 340 DUNCAN AVE|JERSEY CITY|NJ,phase_or_component_only
XDA2_0182,new_two_pass_review,merge_all,internal_evidence_supports_one_physical_development,"Internal read: normalized and published names, state IDs, primary and complete address sets, placed-in-service years, unit scopes, and source-quality flags were read together. The resulting member partition is merge_all; no single field, including the shared address, was treated as dispositive.",2026-08-10,merge_all,duplicate_reporting_or_later_episode_same_physical_development,Google,https://www.google.com/search?q=A%20M%20YELENCSIS%20SENIOR%20CIT%20RES%20%7C%20A.M.%20YELENCSIS%20SENIOR%20CIT.%20RES.%20%23334%20NJ%20affordable%20housing,"A M Yelencsis Senior Cit Res | Affordable Housing in Edison, NJ",public_property_directory,https://affordablehousinghub.org/housing/new-jersey/middlesex-county/edison/a-m-yelencsis-senior-cit-res-23204-lihtc,"Outside read: the retained public records identify one named property, one later financing episode, one paired-financing development, or one scattered-site development corresponding to the internal record set. All HUD rows and site rows remain preserved.",2026-08-10,merge_all,duplicate_reporting_or_later_episode_same_physical_development,same_physical_development_address,Apply only the explicit member partition. Preserve every HUD row as a project episode and every site row. Do not sum units or approve a coordinate query here.,2026-08-10,not_approved,FALSE,2,1,0,merge_all,NJ,A M YELENCSIS SENIOR CIT RES | A.M. YELENCSIS SENIOR CIT. RES. #334,100 FOREST HAVEN BLVD|EDISON|NJ,name_similarity_only
XDA2_0183,new_two_pass_review,retain_each,internal_evidence_supports_distinct_phases_or_components,"Internal read: normalized and published names, state IDs, primary and complete address sets, placed-in-service years, unit scopes, and source-quality flags were read together. The resulting member partition is retain_each; no single field, including the shared address, was treated as dispositive.",2026-08-10,retain_each,distinct_phases_or_components_common_address,Google,https://www.google.com/search?q=ALOE%20VILLAGE%20-%20II%20%7C%20ALOE%20VILLAGE%20III%20NJ%20affordable%20housing,"Aloe Village Iii | Affordable Housing in Egg Harbor City, NJ",public_property_directory,https://affordablehousinghub.org/housing/new-jersey/atlantic-county/egg-harbor-city/aloe-village-iii-24124-lihtc,"Outside read: the retained public records identify separately named phases, components, projects, or buildings. A common address or campus is not sufficient to collapse them.",2026-08-10,retain_each,distinct_phases_or_components_common_address,distinct_phase_or_component_common_address,Apply only the explicit member partition. Preserve every HUD row as a project episode and every site row. Do not sum units or approve a coordinate query here.,2026-08-10,not_approved,FALSE,2,2,0,retain_each,NJ,ALOE VILLAGE - II | ALOE VILLAGE III,1311 ALOE ST|EGG HARBOR CITY|NJ,name_similarity_only
XDA2_0184,new_two_pass_review,merge_all,internal_evidence_supports_one_physical_development,"Internal read: normalized and published names, state IDs, primary and complete address sets, placed-in-service years, unit scopes, and source-quality flags were read together. The resulting member partition is merge_all; no single field, including the shared address, was treated as dispositive.",2026-08-10,merge_all,duplicate_reporting_or_later_episode_same_physical_development,Google,https://www.google.com/search?q=ARTISAN%27S%20MILL%20RENTAL%20HOUSING%20%7C%20ARTISANS%20MILL%20RENTAL%20HOUSING%20NJ%20affordable%20housing,"Artisans Mill Rental Housing | Affordable Housing in Trenton, NJ",public_property_directory,https://affordablehousinghub.org/housing/new-jersey/mercer-county/trenton-city/artisans-mill-rental-housing-23188-lihtc,"Outside read: the retained public records identify one named property, one later financing episode, one paired-financing development, or one scattered-site development corresponding to the internal record set. All HUD rows and site rows remain preserved.",2026-08-10,merge_all,duplicate_reporting_or_later_episode_same_physical_development,same_physical_development_address,Apply only the explicit member partition. Preserve every HUD row as a project episode and every site row. Do not sum units or approve a coordinate query here.,2026-08-10,not_approved,FALSE,2,1,0,merge_all,NJ,ARTISAN'S MILL RENTAL HOUSING | ARTISANS MILL RENTAL HOUSING,600 ARTISAN ST|TRENTON|NJ,name_or_timing_with_equal_units_near_pis
XDA2_0185,new_two_pass_review,merge_all,internal_evidence_supports_one_physical_development,"Internal read: normalized and published names, state IDs, primary and complete address sets, placed-in-service years, unit scopes, and source-quality flags were read together. The resulting member partition is merge_all; no single field, including the shared address, was treated as dispositive.",2026-08-10,merge_all,duplicate_reporting_or_later_episode_same_physical_development,Google,https://www.google.com/search?q=ASBURY%20TOWER%20%7C%20ASBURY%20TOWERS%20NJ%20affordable%20housing,"Asbury Tower | Affordable Housing in Asbury Park, NJ | Asbury Towers | Affordable Housing in Asbury Park, NJ",public_property_directory,https://affordablehousinghub.org/housing/new-jersey/monmouth-county/asbury-park-city/asbury-tower-22860-lihtc | https://affordablehousinghub.org/housing/new-jersey/monmouth-county/asbury-park/asbury-towers-22838-lihtc,"Outside read: the retained public records identify one named property, one later financing episode, one paired-financing development, or one scattered-site development corresponding to the internal record set. All HUD rows and site rows remain preserved.",2026-08-10,merge_all,duplicate_reporting_or_later_episode_same_physical_development,same_physical_development_address,Apply only the explicit member partition. Preserve every HUD row as a project episode and every site row. Do not sum units or approve a coordinate query here.,2026-08-10,not_approved,FALSE,2,1,0,merge_all,NJ,ASBURY TOWER | ASBURY TOWERS,1701 OCEAN AVE|ASBURY PARK|NJ,name_or_timing_with_equal_units_near_pis
XDA2_0186,new_two_pass_review,merge_all,internal_evidence_supports_one_physical_development,"Internal read: normalized and published names, state IDs, primary and complete address sets, placed-in-service years, unit scopes, and source-quality flags were read together. The resulting member partition is merge_all; no single field, including the shared address, was treated as dispositive.",2026-08-10,merge_all,duplicate_reporting_or_later_episode_same_physical_development,Google,https://www.google.com/search?q=BALDWINS%20RUN%20-%20PHASE%208%20%7C%20LITC%23%20745%20-%20BALDWIN%27S%20RUN%20PHASE%208%20NJ%20affordable%20housing,"Baldwins Run - Phase 8 | Affordable Housing in Camden, NJ | Litc# 745 - Baldwin'S Run Phase 8 | Affordable Housing in Camden, NJ",public_property_directory,https://affordablehousinghub.org/housing/new-jersey/camden-county/camden/baldwins-run-phase-8-22475-lihtc | https://affordablehousinghub.org/housing/new-jersey/camden-county/camden/litc-745-baldwins-run-phase-8-22577-lihtc,"Outside read: the retained public records identify one named property, one later financing episode, one paired-financing development, or one scattered-site development corresponding to the internal record set. All HUD rows and site rows remain preserved.",2026-08-10,merge_all,duplicate_reporting_or_later_episode_same_physical_development,same_physical_development_address,Apply only the explicit member partition. Preserve every HUD row as a project episode and every site row. Do not sum units or approve a coordinate query here.,2026-08-10,not_approved,FALSE,2,1,0,merge_all,NJ,BALDWINS RUN - PHASE 8 | LITC# 745 - BALDWIN'S RUN PHASE 8,404 N DUDLEY ST|CAMDEN|NJ,phase_or_component_only
XDA2_0187,new_two_pass_review,merge_all,internal_evidence_supports_one_physical_development,"Internal read: normalized and published names, state IDs, primary and complete address sets, placed-in-service years, unit scopes, and source-quality flags were read together. The resulting member partition is merge_all; no single field, including the shared address, was treated as dispositive.",2026-08-10,merge_all,duplicate_reporting_or_later_episode_same_physical_development,Google,https://www.google.com/search?q=BEACH%20AT%20SOUTH%20INLET%20%7C%20THE%20BEACH%20AT%20SOUTH%20INLET%20NJ%20affordable%20housing,"Beach At South Inlet | Affordable Housing in Atlantic City, NJ",public_property_directory,https://affordablehousinghub.org/housing/new-jersey/atlantic-county/atlantic-city/beach-at-south-inlet-22934-lihtc,"Outside read: the retained public records identify one named property, one later financing episode, one paired-financing development, or one scattered-site development corresponding to the internal record set. All HUD rows and site rows remain preserved.",2026-08-10,merge_all,duplicate_reporting_or_later_episode_same_physical_development,same_physical_development_address,Apply only the explicit member partition. Preserve every HUD row as a project episode and every site row. Do not sum units or approve a coordinate query here.,2026-08-10,not_approved,FALSE,2,1,0,merge_all,NJ,BEACH AT SOUTH INLET | THE BEACH AT SOUTH INLET,600 ATLANTIC AVE|ATLANTIC CITY|NJ | 620 ATLANTIC AVE|ATLANTIC CITY|NJ,name_similarity_only
XDA2_0188,new_two_pass_review,merge_all,internal_evidence_supports_one_physical_development,"Internal read: normalized and published names, state IDs, primary and complete address sets, placed-in-service years, unit scopes, and source-quality flags were read together. The resulting member partition is merge_all; no single field, including the shared address, was treated as dispositive.",2026-08-10,merge_all,duplicate_reporting_or_later_episode_same_physical_development,Google,https://www.google.com/search?q=BECKERVILLE%20APARTMENTS%20-%20LITC%20%23572%20%7C%20MANCHESTER%20VILLAGE%20NJ%20affordable%20housing,"Beckerville Apartments | Affordable Housing in Manchester, NJ | Manchester Village | Affordable Housing in Manchester, NJ",public_property_directory,https://affordablehousinghub.org/housing/new-jersey/ocean-county/manchester-twp/beckerville-apartments-22483-lihtc | https://affordablehousinghub.org/housing/new-jersey/ocean-county/manchester/manchester-village-22512-lihtc,"Outside read: the retained public records identify one named property, one later financing episode, one paired-financing development, or one scattered-site development corresponding to the internal record set. All HUD rows and site rows remain preserved.",2026-08-10,merge_all,duplicate_reporting_or_later_episode_same_physical_development,same_physical_development_address,Apply only the explicit member partition. Preserve every HUD row as a project episode and every site row. Do not sum units or approve a coordinate query here.,2026-08-10,not_approved,FALSE,2,1,0,merge_all,NJ,BECKERVILLE APARTMENTS - LITC #572 | MANCHESTER VILLAGE,202 MANOR DR|MANCHESTER|NJ | 403 404 HORICON AVE|MANCHESTER TOWNSHIP|NJ,name_or_timing_with_equal_units_near_pis
XDA2_0189,new_two_pass_review,merge_all,internal_evidence_supports_one_physical_development,"Internal read: normalized and published names, state IDs, primary and complete address sets, placed-in-service years, unit scopes, and source-quality flags were read together. The resulting member partition is merge_all; no single field, including the shared address, was treated as dispositive.",2026-08-10,merge_all,duplicate_reporting_or_later_episode_same_physical_development,Google,https://www.google.com/search?q=BELLMAWR%20SENIOR%20HOUSING%20%7C%20LITC%20%23716%20-%20BELLMAWR%20SENIOR%20HOUSING%20NJ%20affordable%20housing,"Bellmawr Senior Housing | Affordable Housing in Bellmawr, NJ | Litc #716 - Bellmawr Senior Housing | Affordable Housing in Bellmawr, NJ",public_property_directory,https://affordablehousinghub.org/housing/new-jersey/camden-county/bellmawr-boro/bellmawr-senior-housing-22797-lihtc | https://affordablehousinghub.org/housing/new-jersey/camden-county/bellmawr/litc-716-bellmawr-senior-housing-22877-lihtc,"Outside read: the retained public records identify one named property, one later financing episode, one paired-financing development, or one scattered-site development corresponding to the internal record set. All HUD rows and site rows remain preserved.",2026-08-10,merge_all,duplicate_reporting_or_later_episode_same_physical_development,same_physical_development_address,Apply only the explicit member partition. Preserve every HUD row as a project episode and every site row. Do not sum units or approve a coordinate query here.,2026-08-10,not_approved,FALSE,2,1,0,merge_all,NJ,BELLMAWR SENIOR HOUSING | LITC #716 - BELLMAWR SENIOR HOUSING,255 W BROWNING RD|BELLMAWR|NJ,name_or_timing_with_equal_units_near_pis
XDA2_0190,new_two_pass_review,merge_all,internal_evidence_supports_one_physical_development,"Internal read: normalized and published names, state IDs, primary and complete address sets, placed-in-service years, unit scopes, and source-quality flags were read together. The resulting member partition is merge_all; no single field, including the shared address, was treated as dispositive.",2026-08-10,merge_all,duplicate_reporting_or_later_episode_same_physical_development,Google,https://www.google.com/search?q=BRANCH%20VILLAGE%20II%20%7C%20BRANCH%20VILLAGE%2C%20PH.%20II%20NJ%20affordable%20housing,"Branch Village Ii | Affordable Housing in Camden, NJ | Branch Village, Ph. Ii | Affordable Housing in Camden, NJ",public_property_directory,https://affordablehousinghub.org/housing/new-jersey/camden-county/camden/branch-village-ii-24113-lihtc | https://affordablehousinghub.org/housing/new-jersey/camden-county/camden/branch-village-ph-ii-24135-lihtc,"Outside read: the retained public records identify one named property, one later financing episode, one paired-financing development, or one scattered-site development corresponding to the internal record set. All HUD rows and site rows remain preserved.",2026-08-10,merge_all,duplicate_reporting_or_later_episode_same_physical_development,same_physical_development_address,Apply only the explicit member partition. Preserve every HUD row as a project episode and every site row. Do not sum units or approve a coordinate query here.,2026-08-10,not_approved,FALSE,2,1,0,merge_all,NJ,"BRANCH VILLAGE II | BRANCH VILLAGE, PH. II",1820 22 EIGHT ST|CAMDEN|NJ | 813 FERRY AVE|CAMDEN|NJ,name_or_timing_with_equal_units_near_pis
XDA2_0191,new_two_pass_review,merge_all,internal_evidence_supports_one_physical_development,"Internal read: normalized and published names, state IDs, primary and complete address sets, placed-in-service years, unit scopes, and source-quality flags were read together. The resulting member partition is merge_all; no single field, including the shared address, was treated as dispositive.",2026-08-10,merge_all,duplicate_reporting_or_later_episode_same_physical_development,Google,https://www.google.com/search?q=BRENTWOOD%20COMMONS%20%7C%20BRENTWOOD%20COMMONS%20LITC%20%23728%20NJ%20affordable%20housing,"Brentwood Commons | Affordable Housing in Newark, NJ | Brentwood Commons Litc #728 | Affordable Housing in Newark, NJ",public_property_directory,https://affordablehousinghub.org/housing/new-jersey/essex-county/newark/brentwood-commons-22822-lihtc | https://affordablehousinghub.org/housing/new-jersey/essex-county/newark/brentwood-commons-litc-728-22852-lihtc,"Outside read: the retained public records identify one named property, one later financing episode, one paired-financing development, or one scattered-site development corresponding to the internal record set. All HUD rows and site rows remain preserved.",2026-08-10,merge_all,duplicate_reporting_or_later_episode_same_physical_development,same_physical_development_address,Apply only the explicit member partition. Preserve every HUD row as a project episode and every site row. Do not sum units or approve a coordinate query here.,2026-08-10,not_approved,FALSE,2,1,0,merge_all,NJ,BRENTWOOD COMMONS | BRENTWOOD COMMONS LITC #728,9 19 ROSEVILLE AVE|NEWARK|NJ,name_or_timing_with_equal_units_near_pis
XDA2_0192,new_two_pass_review,merge_all,internal_evidence_supports_one_physical_development,"Internal read: normalized and published names, state IDs, primary and complete address sets, placed-in-service years, unit scopes, and source-quality flags were read together. The resulting member partition is merge_all; no single field, including the shared address, was treated as dispositive.",2026-08-10,merge_all,duplicate_reporting_or_later_episode_same_physical_development,Google,https://www.google.com/search?q=BRICK%20SPECIAL%20NEEDS%20HOUSING%20%7C%20BRICK%20SPECIAL%20NEEDS%20HOUSING%20%23670%20NJ%20affordable%20housing,"Brick Special Needs Housing #670 | Affordable Housing in Brick Township, NJ | Brick Special Needs Housing | Affordable Housing in Brick, NJ",public_property_directory,https://affordablehousinghub.org/housing/new-jersey/ocean-county/brick-township/brick-special-needs-housing-670-23836-lihtc | https://affordablehousinghub.org/housing/new-jersey/ocean-county/brick-twp/brick-special-needs-housing-49365-lihtc,"Outside read: the retained public records identify one named property, one later financing episode, one paired-financing development, or one scattered-site development corresponding to the internal record set. All HUD rows and site rows remain preserved.",2026-08-10,merge_all,duplicate_reporting_or_later_episode_same_physical_development,same_physical_development_address,Apply only the explicit member partition. Preserve every HUD row as a project episode and every site row. Do not sum units or approve a coordinate query here.,2026-08-10,not_approved,FALSE,2,1,0,merge_all,NJ,BRICK SPECIAL NEEDS HOUSING | BRICK SPECIAL NEEDS HOUSING #670,2000 ROUTE 70 W|BRICK TOWNSHIP|NJ,name_similarity_only
XDA2_0193,new_two_pass_review,partition,internal_evidence_supports_member_level_partition,"Internal read: normalized and published names, state IDs, primary and complete address sets, placed-in-service years, unit scopes, and source-quality flags were read together. The resulting member partition is partition; no single field, including the shared address, was treated as dispositive.",2026-08-10,partition,duplicate_records_partitioned_within_distinct_phases,Google,https://www.google.com/search?q=BRIDGETON%20HOPE%20VI%20PHASE%20I%20%7C%20BRIDGETON%20HOPE%20VI%20PHASE%20I%20%23668%20%7C%20BRIDGETON%20HOPE%20VI%20PHASE%20III%20%7C%20BRIDGETON%20PHASE%20III%20ASSOC%20LP%20NJ%20affordable%20housing,"Bridgeton Hope Vi Phase I #668 | Affordable Housing in Bridgeton, NJ | Bridgeton Hope Vi Phase I | Affordable Housing in Bridgeton, NJ | Bridgeton Hope Vi Phase Iii | Affordable Housing in Bridgeton, NJ",public_property_directory,https://affordablehousinghub.org/housing/new-jersey/cumberland-county/bridgeton-city/bridgeton-hope-vi-phase-iii-22623-lihtc | https://affordablehousinghub.org/housing/new-jersey/cumberland-county/bridgeton/bridgeton-hope-vi-phase-i-22492-lihtc | https://affordablehousinghub.org/housing/new-jersey/cumberland-county/bridgeton/bridgeton-hope-vi-phase-i-668-22593-lihtc,Outside read: the retained public records support duplicate reporting within some named phases or components while preserving the other named phases or components as distinct physical developments.,2026-08-10,partition,duplicate_records_partitioned_within_distinct_phases,mixed_duplicate_and_distinct_component_overlap,Apply only the explicit member partition. Preserve every HUD row as a project episode and every site row. Do not sum units or approve a coordinate query here.,2026-08-10,not_approved,FALSE,4,2,0,partition,NJ,BRIDGETON HOPE VI PHASE I | BRIDGETON HOPE VI PHASE I #668 | BRIDGETON HOPE VI PHASE III | BRIDGETON PHASE III ASSOC LP,1 MOUNT VERNON ST|BRIDGETON|NJ | 76 LAKEVIEW AVE|BRIDGETON|NJ | 441 N LAUREL ST|BRIDGETON|NJ | 76 LAKEVIEW AVE|BRIDGETON|NJ | 76 LAKEVIEW AVE|BRIDGETON|NJ,phase_or_component_only
XDA2_0194,new_two_pass_review,partition,internal_evidence_supports_member_level_partition,"Internal read: normalized and published names, state IDs, primary and complete address sets, placed-in-service years, unit scopes, and source-quality flags were read together. The resulting member partition is partition; no single field, including the shared address, was treated as dispositive.",2026-08-10,partition,duplicate_records_partitioned_within_distinct_phases,Google,https://www.google.com/search?q=BRIDGETON%20VILLAS%20I%20%7C%20BRIDGETON%20VILLAS%20II%20%7C%20BRIGETON%20VILLAS%20II%20NJ%20affordable%20housing,"Bridgeton Villas I | Affordable Housing in Bridgeton, NJ",public_property_directory,https://affordablehousinghub.org/housing/new-jersey/cumberland-county/bridgeton/bridgeton-villas-i-22952-lihtc,Outside read: the retained public records support duplicate reporting within some named phases or components while preserving the other named phases or components as distinct physical developments.,2026-08-10,partition,duplicate_records_partitioned_within_distinct_phases,mixed_duplicate_and_distinct_component_overlap,Apply only the explicit member partition. Preserve every HUD row as a project episode and every site row. Do not sum units or approve a coordinate query here.,2026-08-10,not_approved,FALSE,3,2,0,partition,NJ,BRIDGETON VILLAS I | BRIDGETON VILLAS II | BRIGETON VILLAS II,205 COTTAGE AVE 9F FLINT|BRIDGETON|NJ | 205 COTTAGE AVE 9G GRANT|BRIDGETON|NJ | 205 COTTAGE AVE 9H HOLLY|BRIDGETON|NJ | 205 COTTAGE AVE|BRIDGETON|NJ | 205 COTTAGE AVE|BRIDGETON|NJ,name_similarity_only
XDA2_0195,new_two_pass_review,merge_all,internal_evidence_supports_one_physical_development,"Internal read: normalized and published names, state IDs, primary and complete address sets, placed-in-service years, unit scopes, and source-quality flags were read together. The resulting member partition is merge_all; no single field, including the shared address, was treated as dispositive.",2026-08-10,merge_all,duplicate_reporting_or_later_episode_same_physical_development,Google,https://www.google.com/search?q=BRIGANTINE%20APARTMENTS%20%7C%20BRIGANTINE%20HOMES%20NJ%20affordable%20housing,"Brigantine Homes | Affordable Housing in Atlantic City, NJ",public_property_directory,https://affordablehousinghub.org/housing/new-jersey/atlantic-county/atlantic-city/brigantine-homes-23747-lihtc,"Outside read: the retained public records identify one named property, one later financing episode, one paired-financing development, or one scattered-site development corresponding to the internal record set. All HUD rows and site rows remain preserved.",2026-08-10,merge_all,duplicate_reporting_or_later_episode_same_physical_development,same_physical_development_address,Apply only the explicit member partition. Preserve every HUD row as a project episode and every site row. Do not sum units or approve a coordinate query here.,2026-08-10,not_approved,FALSE,2,1,0,merge_all,NJ,BRIGANTINE APARTMENTS | BRIGANTINE HOMES,1062 BRIGANTINE BLVD|ATLANTIC CITY|NJ | 880 N VIRGINIA AVE|ATLANTIC CITY|NJ,name_or_timing_with_equal_units_near_pis
XDA2_0196,new_two_pass_review,merge_all,internal_evidence_supports_one_physical_development,"Internal read: normalized and published names, state IDs, primary and complete address sets, placed-in-service years, unit scopes, and source-quality flags were read together. The resulting member partition is merge_all; no single field, including the shared address, was treated as dispositive.",2026-08-10,merge_all,duplicate_reporting_or_later_episode_same_physical_development,Google,https://www.google.com/search?q=BROOKSHIRE%20SENIOR%20APARTMENTS%20%23641%20%7C%20BROOKSHIRE%2FBRAMBLEWOOD%20NJ%20affordable%20housing,"Brookshire Bramblewood | Affordable Housing in Lawrenceville, NJ | Brookshire Senior Apartments #641 | Affordable Housing in Lawrenceville, NJ",public_property_directory,https://affordablehousinghub.org/housing/new-jersey/mercer-county/lawrenceville/brookshire-bramblewood-22920-lihtc | https://affordablehousinghub.org/housing/new-jersey/mercer-county/lawrenceville/brookshire-senior-apartments-641-22442-lihtc,"Outside read: the retained public records identify one named property, one later financing episode, one paired-financing development, or one scattered-site development corresponding to the internal record set. All HUD rows and site rows remain preserved.",2026-08-10,merge_all,duplicate_reporting_or_later_episode_same_physical_development,same_physical_development_address,Apply only the explicit member partition. Preserve every HUD row as a project episode and every site row. Do not sum units or approve a coordinate query here.,2026-08-10,not_approved,FALSE,2,1,0,merge_all,NJ,BROOKSHIRE SENIOR APARTMENTS #641 | BROOKSHIRE/BRAMBLEWOOD,100 FORREST RIDGE DR|LAWRENCEVILLE|NJ,name_or_timing_with_equal_units_near_pis
XDA2_0197,new_two_pass_review,merge_all,internal_evidence_supports_one_physical_development,"Internal read: normalized and published names, state IDs, primary and complete address sets, placed-in-service years, unit scopes, and source-quality flags were read together. The resulting member partition is merge_all; no single field, including the shared address, was treated as dispositive.",2026-08-10,merge_all,duplicate_reporting_or_later_episode_same_physical_development,Google,https://www.google.com/search?q=BROWN%20WOODS%20APARTMENTS%20%7C%20BROWNS%20WOODS%20APARTMENTS%20NJ%20affordable%20housing,"Browns Woods Apartments | Affordable Housing in Browns Mills, NJ",public_property_directory,https://affordablehousinghub.org/housing/new-jersey/burlington-county/pemberton-twp/browns-woods-apartments-22611-lihtc,"Outside read: the retained public records identify one named property, one later financing episode, one paired-financing development, or one scattered-site development corresponding to the internal record set. All HUD rows and site rows remain preserved.",2026-08-10,merge_all,duplicate_reporting_or_later_episode_same_physical_development,same_physical_development_address,Apply only the explicit member partition. Preserve every HUD row as a project episode and every site row. Do not sum units or approve a coordinate query here.,2026-08-10,not_approved,FALSE,2,1,0,merge_all,NJ,BROWN WOODS APARTMENTS | BROWNS WOODS APARTMENTS,1 LAWRENCE DR|BROWNS MILLS|NJ,name_similarity_only
XDA2_0198,new_two_pass_review,merge_all,internal_evidence_supports_one_physical_development,"Internal read: normalized and published names, state IDs, primary and complete address sets, placed-in-service years, unit scopes, and source-quality flags were read together. The resulting member partition is merge_all; no single field, including the shared address, was treated as dispositive.",2026-08-10,merge_all,duplicate_reporting_or_later_episode_same_physical_development,Google,https://www.google.com/search?q=BRUNSWICK%20ESTATES%20%7C%20BRUNSWICK%20ESTATES%2FCITY%20CROSSING%20LITC%231555%20NJ%20affordable%20housing,"Brunswick Estates | Affordable Housing in Jersey City, NJ",public_property_directory,https://affordablehousinghub.org/housing/new-jersey/hudson-county/jersey-city/brunswick-estates-23933-lihtc,"Outside read: the retained public records identify one named property, one later financing episode, one paired-financing development, or one scattered-site development corresponding to the internal record set. All HUD rows and site rows remain preserved.",2026-08-10,merge_all,duplicate_reporting_or_later_episode_same_physical_development,same_physical_development_address,Apply only the explicit member partition. Preserve every HUD row as a project episode and every site row. Do not sum units or approve a coordinate query here.,2026-08-10,not_approved,FALSE,2,1,0,merge_all,NJ,BRUNSWICK ESTATES | BRUNSWICK ESTATES/CITY CROSSING LITC#1555,1A MONTGOMERY CT|JERSEY CITY|NJ | 393 413 MONTGOMERY ST|JERSEY CITY|NJ,name_or_timing_with_equal_units_near_pis
XDA2_0199,new_two_pass_review,merge_all,internal_evidence_supports_one_physical_development,"Internal read: normalized and published names, state IDs, primary and complete address sets, placed-in-service years, unit scopes, and source-quality flags were read together. The resulting member partition is merge_all; no single field, including the shared address, was treated as dispositive.",2026-08-10,merge_all,duplicate_reporting_or_later_episode_same_physical_development,Google,https://www.google.com/search?q=BUENA%20GARDENS%20SENIOR%20APARTMENTS%20%7C%20LITC%23739%20BUENA%20GARDENS%20SENIO%20NJ%20affordable%20housing,"Buena Gardens Senior Apartments | Affordable Housing in Buena Boro, NJ | Litc#739 Buena Gardens Senio | Affordable Housing in Minotola, NJ",public_property_directory,https://affordablehousinghub.org/housing/new-jersey/atlantic-county/buena-boro/buena-gardens-senior-apartments-22807-lihtc | https://affordablehousinghub.org/housing/new-jersey/atlantic-county/minotola/litc739-buena-gardens-senio-22424-lihtc,"Outside read: the retained public records identify one named property, one later financing episode, one paired-financing development, or one scattered-site development corresponding to the internal record set. All HUD rows and site rows remain preserved.",2026-08-10,merge_all,duplicate_reporting_or_later_episode_same_physical_development,same_physical_development_address,Apply only the explicit member partition. Preserve every HUD row as a project episode and every site row. Do not sum units or approve a coordinate query here.,2026-08-10,not_approved,FALSE,2,1,0,merge_all,NJ,BUENA GARDENS SENIOR APARTMENTS | LITC#739 BUENA GARDENS SENIO,114 W ARCTIC AVE|MINOTOLA|NJ | 115 W PACIFIC AVE|BUENA|NJ,name_or_timing_with_equal_units_near_pis
XDA2_0200,new_two_pass_review,retain_each,internal_evidence_supports_distinct_phases_or_components,"Internal read: normalized and published names, state IDs, primary and complete address sets, placed-in-service years, unit scopes, and source-quality flags were read together. The resulting member partition is retain_each; no single field, including the shared address, was treated as dispositive.",2026-08-10,retain_each,distinct_phases_or_components_common_address,Google,https://www.google.com/search?q=CAMP%20KILMER%20PHASE%20A%20%7C%20CAMP%20KILMER%20PHASE%20B%20NJ%20affordable%20housing,"Camp Kilmer Phase A | Affordable Housing in Edison, NJ | Camp Kilmer Phase B | Affordable Housing in Edison, NJ",public_property_directory,https://affordablehousinghub.org/housing/new-jersey/middlesex-county/edison-twp/camp-kilmer-phase-b-23284-lihtc | https://affordablehousinghub.org/housing/new-jersey/middlesex-county/edison/camp-kilmer-phase-a-22976-lihtc,"Outside read: the retained public records identify separately named phases, components, projects, or buildings. A common address or campus is not sufficient to collapse them.",2026-08-10,retain_each,distinct_phases_or_components_common_address,distinct_phase_or_component_common_address,Apply only the explicit member partition. Preserve every HUD row as a project episode and every site row. Do not sum units or approve a coordinate query here.,2026-08-10,not_approved,FALSE,2,2,0,retain_each,NJ,CAMP KILMER PHASE A | CAMP KILMER PHASE B,111 TRUMAN DR S|EDISON|NJ,phase_or_component_only
XDA2_0201,new_two_pass_review,merge_all,internal_evidence_supports_one_physical_development,"Internal read: normalized and published names, state IDs, primary and complete address sets, placed-in-service years, unit scopes, and source-quality flags were read together. The resulting member partition is merge_all; no single field, including the shared address, was treated as dispositive.",2026-08-10,merge_all,duplicate_reporting_or_later_episode_same_physical_development,Google,https://www.google.com/search?q=CAPSTONE%20FAMILY%20HOUSING%20%7C%20CAPSTONE%20FAMILY%20HOUSING%20%23545%20NJ%20affordable%20housing,"Capstone Family Housing | Affordable Housing in Trenton, NJ",public_property_directory,https://affordablehousinghub.org/housing/new-jersey/mercer-county/trenton-city/capstone-family-housing-22833-lihtc,"Outside read: the retained public records identify one named property, one later financing episode, one paired-financing development, or one scattered-site development corresponding to the internal record set. All HUD rows and site rows remain preserved.",2026-08-10,merge_all,duplicate_reporting_or_later_episode_same_physical_development,same_physical_development_address,Apply only the explicit member partition. Preserve every HUD row as a project episode and every site row. Do not sum units or approve a coordinate query here.,2026-08-10,not_approved,FALSE,2,1,0,merge_all,NJ,CAPSTONE FAMILY HOUSING | CAPSTONE FAMILY HOUSING #545,1056 STUYVESANT AVE|TRENTON|NJ,name_or_timing_with_equal_units_near_pis
XDA2_0202,new_two_pass_review,merge_all,internal_evidence_supports_one_physical_development,"Internal read: normalized and published names, state IDs, primary and complete address sets, placed-in-service years, unit scopes, and source-quality flags were read together. The resulting member partition is merge_all; no single field, including the shared address, was treated as dispositive.",2026-08-10,merge_all,duplicate_reporting_or_later_episode_same_physical_development,Google,https://www.google.com/search?q=CARNEY%27S%20POINT%20SENIOR%20APARTMENTS%20%7C%20CARNEYS%20POINT%20SENIOR%20APARTMENTS%20NJ%20affordable%20housing,"Carneys Point Senior Apartments | Affordable Housing in Penns Grove, NJ",public_property_directory,https://affordablehousinghub.org/housing/new-jersey/salem-county/carneys-point-twp/carneys-point-senior-apartments-22896-lihtc,"Outside read: the retained public records identify one named property, one later financing episode, one paired-financing development, or one scattered-site development corresponding to the internal record set. All HUD rows and site rows remain preserved.",2026-08-10,merge_all,duplicate_reporting_or_later_episode_same_physical_development,same_physical_development_address,Apply only the explicit member partition. Preserve every HUD row as a project episode and every site row. Do not sum units or approve a coordinate query here.,2026-08-10,not_approved,FALSE,2,1,0,merge_all,NJ,CARNEY'S POINT SENIOR APARTMENTS | CARNEYS POINT SENIOR APARTMENTS,44 S DUPONT RD|CARNEY S POINT|NJ,name_or_timing_with_equal_units_near_pis
XDA2_0203,new_two_pass_review,merge_all,internal_evidence_supports_one_physical_development,"Internal read: normalized and published names, state IDs, primary and complete address sets, placed-in-service years, unit scopes, and source-quality flags were read together. The resulting member partition is merge_all; no single field, including the shared address, was treated as dispositive.",2026-08-10,merge_all,duplicate_reporting_or_later_episode_same_physical_development,Google,https://www.google.com/search?q=CENTERTON%20ROAD%20FAMILY%20HOUSING%20%7C%20CENTERTON%20VILLAGE%20LITC%20%231704%20NJ%20affordable%20housing,"Centerton Road Family | Affordable Housing in Mount Laurel, NJ",public_property_directory,https://affordablehousinghub.org/housing/new-jersey/burlington-county/mount-laurel/centerton-road-family-23530-lihtc,"Outside read: the retained public records identify one named property, one later financing episode, one paired-financing development, or one scattered-site development corresponding to the internal record set. All HUD rows and site rows remain preserved.",2026-08-10,merge_all,duplicate_reporting_or_later_episode_same_physical_development,same_physical_development_address,Apply only the explicit member partition. Preserve every HUD row as a project episode and every site row. Do not sum units or approve a coordinate query here.,2026-08-10,not_approved,FALSE,2,1,0,merge_all,NJ,CENTERTON ROAD FAMILY HOUSING | CENTERTON VILLAGE LITC #1704,101 103 CENTERTON RD|MOUNT LAUREL|NJ | 101 CENTERTON RD|MOUNT LAUREL|NJ,name_or_timing_with_equal_units_near_pis
XDA2_0204,new_two_pass_review,merge_all,internal_evidence_supports_one_physical_development,"Internal read: normalized and published names, state IDs, primary and complete address sets, placed-in-service years, unit scopes, and source-quality flags were read together. The resulting member partition is merge_all; no single field, including the shared address, was treated as dispositive.",2026-08-10,merge_all,duplicate_reporting_or_later_episode_same_physical_development,Google,https://www.google.com/search?q=CHAPEL%20HILL%20AFFORDABLES%2C%20LLC%20%7C%20LITC%230743%20CHAPEL%20HILL%20AFFORDABLES%20NJ%20affordable%20housing,"Chapel Hill Affordables, Llc | Affordable Housing in Middletown, NJ | Litc#0743 Chapel Hill Affordables | Affordable Housing in Middletown, NJ",public_property_directory,https://affordablehousinghub.org/housing/new-jersey/monmouth-county/middletown-twp/chapel-hill-affordables-llc-22497-lihtc | https://affordablehousinghub.org/housing/new-jersey/monmouth-county/middletown/litc0743-chapel-hill-affordables-22603-lihtc,"Outside read: the retained public records identify one named property, one later financing episode, one paired-financing development, or one scattered-site development corresponding to the internal record set. All HUD rows and site rows remain preserved.",2026-08-10,merge_all,duplicate_reporting_or_later_episode_same_physical_development,same_physical_development_address,Apply only the explicit member partition. Preserve every HUD row as a project episode and every site row. Do not sum units or approve a coordinate query here.,2026-08-10,not_approved,FALSE,2,1,0,merge_all,NJ,"CHAPEL HILL AFFORDABLES, LLC | LITC#0743 CHAPEL HILL AFFORDABLES",1100 ABBY RD|MIDDLETOWN|NJ | 1101 ABBY RD|MIDDLETOWN|NJ,name_or_timing_with_equal_units_near_pis
XDA2_0205,new_two_pass_review,merge_all,internal_evidence_supports_one_physical_development,"Internal read: normalized and published names, state IDs, primary and complete address sets, placed-in-service years, unit scopes, and source-quality flags were read together. The resulting member partition is merge_all; no single field, including the shared address, was treated as dispositive.",2026-08-10,merge_all,duplicate_reporting_or_later_episode_same_physical_development,Google,https://www.google.com/search?q=CHESTNUT%20MONMOUTH%20FAMILY%20HOUSING%20%7C%20CHESTNUT%20MONMOUTH%20FAMILY%20HOUSING%20%23602%20NJ%20affordable%20housing,"Chestnut Monmouth Family Housing | Affordable Housing in Trenton, NJ",public_property_directory,https://affordablehousinghub.org/housing/new-jersey/mercer-county/trenton-city/chestnut-monmouth-family-housing-22484-lihtc,"Outside read: the retained public records identify one named property, one later financing episode, one paired-financing development, or one scattered-site development corresponding to the internal record set. All HUD rows and site rows remain preserved.",2026-08-10,merge_all,duplicate_reporting_or_later_episode_same_physical_development,same_physical_development_address,Apply only the explicit member partition. Preserve every HUD row as a project episode and every site row. Do not sum units or approve a coordinate query here.,2026-08-10,not_approved,FALSE,2,1,0,merge_all,NJ,CHESTNUT MONMOUTH FAMILY HOUSING | CHESTNUT MONMOUTH FAMILY HOUSING #602,326 CHESTNUT AVE|TRENTON|NJ | 326 CHESTNUT ST|TRENTON|NJ,name_or_timing_with_equal_units_near_pis
XDA2_0206,new_two_pass_review,merge_all,internal_evidence_supports_one_physical_development,"Internal read: normalized and published names, state IDs, primary and complete address sets, placed-in-service years, unit scopes, and source-quality flags were read together. The resulting member partition is merge_all; no single field, including the shared address, was treated as dispositive.",2026-08-10,merge_all,duplicate_reporting_or_later_episode_same_physical_development,Google,https://www.google.com/search?q=CHESTNUT%20STATION%20APARTMENT%20%23658%20%7C%20CHESTNUT%20STATION%20APTS%20NJ%20affordable%20housing,"Chestnut Station Apartment #658 | Affordable Housing in Merchantville, NJ | Chestnut Station Apts | Affordable Housing in Merchantville, NJ",public_property_directory,https://affordablehousinghub.org/housing/new-jersey/camden-county/merchantville/chestnut-station-apartment-658-23862-lihtc | https://affordablehousinghub.org/housing/new-jersey/camden-county/merchantville/chestnut-station-apts-23737-lihtc,"Outside read: the retained public records identify one named property, one later financing episode, one paired-financing development, or one scattered-site development corresponding to the internal record set. All HUD rows and site rows remain preserved.",2026-08-10,merge_all,duplicate_reporting_or_later_episode_same_physical_development,same_physical_development_address,Apply only the explicit member partition. Preserve every HUD row as a project episode and every site row. Do not sum units or approve a coordinate query here.,2026-08-10,not_approved,FALSE,2,1,1,merge_all,NJ,CHESTNUT STATION APARTMENT #658 | CHESTNUT STATION APTS,20 W CHESTNUT AVE|MERCHANTVILLE|NJ,name_or_timing_with_equal_units_near_pis
XDA2_0207,new_two_pass_review,merge_all,internal_evidence_supports_one_physical_development,"Internal read: normalized and published names, state IDs, primary and complete address sets, placed-in-service years, unit scopes, and source-quality flags were read together. The resulting member partition is merge_all; no single field, including the shared address, was treated as dispositive.",2026-08-10,merge_all,duplicate_reporting_or_later_episode_same_physical_development,Google,https://www.google.com/search?q=CHESTNUT%20STATION%20APARTMENTS%20-%20LITC%20%23658%20%7C%20MERCHANTVILLE%20SENIOR%20AKA%20CHESTNUT%20STATION%20APARTMENTS%20NJ%20affordable%20housing,"Chestnut Station Apartment #658 | Affordable Housing in Merchantville, NJ | Merchantville Senior Aka Chestnut Station Apartments | Affordable Housing in Merchantville, NJ",public_property_directory,https://affordablehousinghub.org/housing/new-jersey/camden-county/merchantville-boro/merchantville-senior-aka-chestnut-station-apartments-22870-lihtc | https://affordablehousinghub.org/housing/new-jersey/camden-county/merchantville/chestnut-station-apartment-658-23862-lihtc,"Outside read: the retained public records identify one named property, one later financing episode, one paired-financing development, or one scattered-site development corresponding to the internal record set. All HUD rows and site rows remain preserved.",2026-08-10,merge_all,duplicate_reporting_or_later_episode_same_physical_development,same_physical_development_address,Apply only the explicit member partition. Preserve every HUD row as a project episode and every site row. Do not sum units or approve a coordinate query here.,2026-08-10,not_approved,FALSE,2,1,1,merge_all,NJ,CHESTNUT STATION APARTMENTS - LITC #658 | MERCHANTVILLE SENIOR AKA CHESTNUT STATION APARTMENTS,20 W CHESTNUT AVE|MERCHANTVILLE|NJ | 20 W CHESTNUT ST|MERCHANTVILLE|NJ,name_or_timing_with_equal_units_near_pis
XDA2_0208,new_two_pass_review,merge_all,internal_evidence_supports_one_physical_development,"Internal read: normalized and published names, state IDs, primary and complete address sets, placed-in-service years, unit scopes, and source-quality flags were read together. The resulting member partition is merge_all; no single field, including the shared address, was treated as dispositive.",2026-08-10,merge_all,duplicate_reporting_or_later_episode_same_physical_development,Google,https://www.google.com/search?q=CONGDON%20MILL%20%7C%20CONGDON%20MILL%20%20%230902%20NJ%20affordable%20housing,"Congdon Mill #0902 | Affordable Housing in Paterson, NJ | Congdon Mill | Affordable Housing in Paterson, NJ",public_property_directory,https://affordablehousinghub.org/housing/new-jersey/passaic-county/paterson/congdon-mill-0902-22581-lihtc | https://affordablehousinghub.org/housing/new-jersey/passaic-county/paterson/congdon-mill-22864-lihtc,"Outside read: the retained public records identify one named property, one later financing episode, one paired-financing development, or one scattered-site development corresponding to the internal record set. All HUD rows and site rows remain preserved.",2026-08-10,merge_all,duplicate_reporting_or_later_episode_same_physical_development,same_physical_development_address,Apply only the explicit member partition. Preserve every HUD row as a project episode and every site row. Do not sum units or approve a coordinate query here.,2026-08-10,not_approved,FALSE,2,1,0,merge_all,NJ,CONGDON MILL | CONGDON MILL  #0902,13 1 2 VAN HOUTEN ST|PATERSON|NJ,name_or_timing_with_equal_units_near_pis
XDA2_0209,new_two_pass_review,cross_question_partition,internal_evidence_supports_member_level_partition,"Internal read: normalized and published names, state IDs, primary and complete address sets, placed-in-service years, unit scopes, and source-quality flags were read together. The resulting member partition is cross_question_partition; no single field, including the shared address, was treated as dispositive.",2026-08-10,cross_question_partition,duplicate_records_linked_across_review_questions,Google,https://www.google.com/search?q=COUNTRYSIDE%20VILLAGE%20REDEVELOPMENT%20PHASE%20II%20%7C%20COUNTRYSIDE%20VILLAGE%20REDEVELOPMENT%20PHASE%20III%20NJ%20affordable%20housing,"Countryside Village Redevelopment Phase Ii | Affordable Housing in Bridgeton, NJ | Countryside Village Redevelopment Phase Iii | Affordable Housing in Bridgeton, NJ",public_property_directory,https://affordablehousinghub.org/housing/new-jersey/cumberland-county/upper-deerfield-twp/countryside-village-redevelopment-phase-ii-22751-lihtc | https://affordablehousinghub.org/housing/new-jersey/cumberland-county/upper-deerfield-twp/countryside-village-redevelopment-phase-iii-22452-lihtc,Outside read: the retained public records support duplicate reporting within some named phases or components while preserving the other named phases or components as distinct physical developments.,2026-08-10,cross_question_partition,duplicate_records_linked_across_review_questions,mixed_duplicate_and_distinct_component_overlap,Apply only the explicit member partition. Preserve every HUD row as a project episode and every site row. Do not sum units or approve a coordinate query here.,2026-08-10,not_approved,FALSE,2,2,2,cross_question_partition,NJ,COUNTRYSIDE VILLAGE REDEVELOPMENT PHASE II | COUNTRYSIDE VILLAGE REDEVELOPMENT PHASE III,766 PARSONAGE RD|UPPER DEERFIELD TWP|NJ,phase_or_component_only
XDA2_0210,new_two_pass_review,merge_all,internal_evidence_supports_one_physical_development,"Internal read: normalized and published names, state IDs, primary and complete address sets, placed-in-service years, unit scopes, and source-quality flags were read together. The resulting member partition is merge_all; no single field, including the shared address, was treated as dispositive.",2026-08-10,merge_all,duplicate_reporting_or_later_episode_same_physical_development,Google,https://www.google.com/search?q=CRANFORD%20LINCOLN%20APARTMENTS%20%20%20%23207%20%7C%20CRANFORD%20LINCOLN%20SENIOR%20HOUSING%20NJ%20affordable%20housing,"Cranford Lincoln Apartments  #207 | Affordable Housing in Cranford, NJ | Cranford Lincoln Senior Housing | Affordable Housing in Cranford, NJ",public_property_directory,https://affordablehousinghub.org/housing/new-jersey/union-county/cranford-twp/cranford-lincoln-senior-housing-23207-lihtc | https://affordablehousinghub.org/housing/new-jersey/union-county/cranford/cranford-lincoln-apartments-207-23262-lihtc,"Outside read: the retained public records identify one named property, one later financing episode, one paired-financing development, or one scattered-site development corresponding to the internal record set. All HUD rows and site rows remain preserved.",2026-08-10,merge_all,duplicate_reporting_or_later_episode_same_physical_development,same_physical_development_address,Apply only the explicit member partition. Preserve every HUD row as a project episode and every site row. Do not sum units or approve a coordinate query here.,2026-08-10,not_approved,FALSE,2,1,0,merge_all,NJ,CRANFORD LINCOLN APARTMENTS   #207 | CRANFORD LINCOLN SENIOR HOUSING,800 LINCOLN AVE E|CRANFORD|NJ | 800 LINCOLN AVE|CRANFORD|NJ,name_or_timing_with_equal_units_near_pis
XDA2_0211,new_two_pass_review,partition,internal_evidence_supports_member_level_partition,"Internal read: normalized and published names, state IDs, primary and complete address sets, placed-in-service years, unit scopes, and source-quality flags were read together. The resulting member partition is partition; no single field, including the shared address, was treated as dispositive.",2026-08-10,partition,duplicate_records_partitioned_within_distinct_phases,Google,https://www.google.com/search?q=DEANS%20APARTMENTS%20%7C%20DEANS%20APARTMENTS%20%2305912%20%7C%20WOODHAVEN%20TERRACE%20NJ%20affordable%20housing,"Deans Apartments | Affordable Housing in North Brunswick, NJ | Woodhaven Terrace | Affordable Housing in Monmouth Junction, NJ",public_property_directory,https://affordablehousinghub.org/housing/new-jersey/middlesex-county/monmouth-junction/woodhaven-terrace-22848-lihtc | https://affordablehousinghub.org/housing/new-jersey/middlesex-county/south-brunswick-twp/deans-apartments-22773-lihtc,Outside read: the retained public records support duplicate reporting within some named phases or components while preserving the other named phases or components as distinct physical developments.,2026-08-10,partition,duplicate_records_partitioned_within_distinct_phases,mixed_duplicate_and_distinct_component_overlap,Apply only the explicit member partition. Preserve every HUD row as a project episode and every site row. Do not sum units or approve a coordinate query here.,2026-08-10,not_approved,FALSE,3,2,0,partition,NJ,DEANS APARTMENTS | DEANS APARTMENTS #05912 | WOODHAVEN TERRACE,100 WOODHAVEN DR|MONMOUTH JUNCTION|NJ,name_or_timing_with_equal_units_near_pis
XDA2_0212,new_two_pass_review,merge_all,internal_evidence_supports_one_physical_development,"Internal read: normalized and published names, state IDs, primary and complete address sets, placed-in-service years, unit scopes, and source-quality flags were read together. The resulting member partition is merge_all; no single field, including the shared address, was treated as dispositive.",2026-08-10,merge_all,duplicate_reporting_or_later_episode_same_physical_development,Google,https://www.google.com/search?q=DON%20VER%20APARTMENTS%20%7C%20DON%20VER%20APARTMENTS%20%23707%20NJ%20affordable%20housing,"Don Ver Apartments #707 | Affordable Housing in Phillipsburg, NJ | Don Ver Apartments | Affordable Housing in Phillipsburg, NJ",public_property_directory,https://affordablehousinghub.org/housing/new-jersey/warren-county/phillipsburg-town/don-ver-apartments-22516-lihtc | https://affordablehousinghub.org/housing/new-jersey/warren-county/phillipsburg/don-ver-apartments-707-22595-lihtc,"Outside read: the retained public records identify one named property, one later financing episode, one paired-financing development, or one scattered-site development corresponding to the internal record set. All HUD rows and site rows remain preserved.",2026-08-10,merge_all,duplicate_reporting_or_later_episode_same_physical_development,same_physical_development_address,Apply only the explicit member partition. Preserve every HUD row as a project episode and every site row. Do not sum units or approve a coordinate query here.,2026-08-10,not_approved,FALSE,2,1,0,merge_all,NJ,DON VER APARTMENTS | DON VER APARTMENTS #707,169 S MAIN ST|PHILLIPSBURG|NJ,name_or_timing_with_equal_units_near_pis
XDA2_0213,new_two_pass_review,merge_all,internal_evidence_supports_one_physical_development,"Internal read: normalized and published names, state IDs, primary and complete address sets, placed-in-service years, unit scopes, and source-quality flags were read together. The resulting member partition is merge_all; no single field, including the shared address, was treated as dispositive.",2026-08-10,merge_all,duplicate_reporting_or_later_episode_same_physical_development,Google,https://www.google.com/search?q=DOREATHA%20D.%20CAMPBELL%20SR%20HSG%20%23%20558%20%7C%20WILLINGBORO%20SENIOR%20HOUSING%20%28AKA%20DOROTHEA%20CAMPBELL%20SENIOR%29%20NJ%20affordable%20housing,"Willingboro Senior Housing Aka Dorothea Campbell Senior | Affordable Housing in Willingboro, NJ",public_property_directory,https://affordablehousinghub.org/housing/new-jersey/burlington-county/willingboro-twp/willingboro-senior-housing-aka-dorothea-campbell-senior-22434-lihtc,"Outside read: the retained public records identify one named property, one later financing episode, one paired-financing development, or one scattered-site development corresponding to the internal record set. All HUD rows and site rows remain preserved.",2026-08-10,merge_all,duplicate_reporting_or_later_episode_same_physical_development,same_physical_development_address,Apply only the explicit member partition. Preserve every HUD row as a project episode and every site row. Do not sum units or approve a coordinate query here.,2026-08-10,not_approved,FALSE,2,1,0,merge_all,NJ,DOREATHA D. CAMPBELL SR HSG # 558 | WILLINGBORO SENIOR HOUSING (AKA DOROTHEA CAMPBELL SENIOR),55 SUNSET RD|WILLINGBORO|NJ,name_or_timing_with_equal_units_near_pis
XDA2_0214,new_two_pass_review,merge_all,internal_evidence_supports_one_physical_development,"Internal read: normalized and published names, state IDs, primary and complete address sets, placed-in-service years, unit scopes, and source-quality flags were read together. The resulting member partition is merge_all; no single field, including the shared address, was treated as dispositive.",2026-08-10,merge_all,duplicate_reporting_or_later_episode_same_physical_development,Google,https://www.google.com/search?q=DR.%20LENA%20FRANCES%20EDWARDS%20APARTMENTS%20%7C%20DR.%20LENA%20FRANCIS%20EDWARDS%20APARTMENTS%20NJ%20affordable%20housing,"Dr. Lena Francis Edwards Apartments | Affordable Housing in Jersey City, NJ",public_property_directory,https://affordablehousinghub.org/housing/new-jersey/hudson-county/jersey-city/dr-lena-francis-edwards-apartments-23009-lihtc,"Outside read: the retained public records identify one named property, one later financing episode, one paired-financing development, or one scattered-site development corresponding to the internal record set. All HUD rows and site rows remain preserved.",2026-08-10,merge_all,duplicate_reporting_or_later_episode_same_physical_development,same_physical_development_address,Apply only the explicit member partition. Preserve every HUD row as a project episode and every site row. Do not sum units or approve a coordinate query here.,2026-08-10,not_approved,FALSE,2,1,0,merge_all,NJ,DR. LENA FRANCES EDWARDS APARTMENTS | DR. LENA FRANCIS EDWARDS APARTMENTS,455 OCEAN AVE|JERSEY CITY|NJ,name_similarity_only
XDA2_0215,new_two_pass_review,merge_all,internal_evidence_supports_one_physical_development,"Internal read: normalized and published names, state IDs, primary and complete address sets, placed-in-service years, unit scopes, and source-quality flags were read together. The resulting member partition is merge_all; no single field, including the shared address, was treated as dispositive.",2026-08-10,merge_all,duplicate_reporting_or_later_episode_same_physical_development,Google,https://www.google.com/search?q=E-PORT%20FAMILY%20HOMES%20%7C%20E%27PORT%20FAMILY%20HOMES%20%231724%20NJ%20affordable%20housing,"E-Port Family Homes | Affordable Housing in Elizabeth, NJ",public_property_directory,https://affordablehousinghub.org/housing/new-jersey/union-county/elizabeth/e-port-family-homes-23532-lihtc,"Outside read: the retained public records identify one named property, one later financing episode, one paired-financing development, or one scattered-site development corresponding to the internal record set. All HUD rows and site rows remain preserved.",2026-08-10,merge_all,duplicate_reporting_or_later_episode_same_physical_development,same_physical_development_address,Apply only the explicit member partition. Preserve every HUD row as a project episode and every site row. Do not sum units or approve a coordinate query here.,2026-08-10,not_approved,FALSE,2,1,0,merge_all,NJ,E-PORT FAMILY HOMES | E'PORT FAMILY HOMES #1724,201 THIRD ST|ELIZABETH|NJ,name_or_timing_with_equal_units_near_pis
XDA2_0216,new_two_pass_review,merge_all,internal_evidence_supports_one_physical_development,"Internal read: normalized and published names, state IDs, primary and complete address sets, placed-in-service years, unit scopes, and source-quality flags were read together. The resulting member partition is merge_all; no single field, including the shared address, was treated as dispositive.",2026-08-10,merge_all,duplicate_reporting_or_later_episode_same_physical_development,Google,https://www.google.com/search?q=EAGLE%20CREST%20%231656%20%7C%20EAGLE%20CREST%20APARTMENTS%20NJ%20affordable%20housing,"Grace West Apartments | Affordable Housing in Newark, NJ",public_property_directory,https://affordablehousinghub.org/housing/new-jersey/essex-county/newark-city/grace-west-apartments-23556-lihtc,"Outside read: the retained public records identify one named property, one later financing episode, one paired-financing development, or one scattered-site development corresponding to the internal record set. All HUD rows and site rows remain preserved.",2026-08-10,merge_all,duplicate_reporting_or_later_episode_same_physical_development,same_physical_development_address,Apply only the explicit member partition. Preserve every HUD row as a project episode and every site row. Do not sum units or approve a coordinate query here.,2026-08-10,not_approved,FALSE,2,1,0,merge_all,NJ,EAGLE CREST #1656 | EAGLE CREST APARTMENTS,101 111 SPIETH WAY|TOMS RIVER|NJ | 111 SPIETH WAY|TOMS RIVER|NJ | 201 210 FOWLER CT|TOMS RIVER|NJ | 301 310 FOWLER CT|TOMS RIVER|NJ | 401 410 RORY RD|TOMS RIVER|NJ,name_or_timing_with_equal_units_near_pis
XDA2_0217,new_two_pass_review,merge_all,internal_evidence_supports_one_physical_development,"Internal read: normalized and published names, state IDs, primary and complete address sets, placed-in-service years, unit scopes, and source-quality flags were read together. The resulting member partition is merge_all; no single field, including the shared address, was treated as dispositive.",2026-08-10,merge_all,duplicate_reporting_or_later_episode_same_physical_development,Google,https://www.google.com/search?q=EAST%20ORANGE%20GENERAL%20HOSPITAL%20SUPPORTIVE%20HOUSING%20%7C%20EAST%20ORANGE%20GENERAL%20HOSPITAL%20SUPPORTIVE%20HSG.%20NJ%20affordable%20housing,"East Orange General Hospital Supportive Housing | Affordable Housing in East Orange, NJ | East Orange General Hospital Supportive Hsg. | Affordable Housing in East Orange, NJ",public_property_directory,https://affordablehousinghub.org/housing/new-jersey/essex-county/east-orange/east-orange-general-hospital-supportive-housing-22526-lihtc | https://affordablehousinghub.org/housing/new-jersey/essex-county/east-orange/east-orange-general-hospital-supportive-hsg-22576-lihtc,"Outside read: the retained public records identify one named property, one later financing episode, one paired-financing development, or one scattered-site development corresponding to the internal record set. All HUD rows and site rows remain preserved.",2026-08-10,merge_all,duplicate_reporting_or_later_episode_same_physical_development,same_physical_development_address,Apply only the explicit member partition. Preserve every HUD row as a project episode and every site row. Do not sum units or approve a coordinate query here.,2026-08-10,not_approved,FALSE,2,1,0,merge_all,NJ,EAST ORANGE GENERAL HOSPITAL SUPPORTIVE HOUSING | EAST ORANGE GENERAL HOSPITAL SUPPORTIVE HSG.,80 S MUNN AVE|EAST ORANGE|NJ,name_or_timing_with_equal_units_near_pis
XDA2_0218,new_two_pass_review,merge_all,internal_evidence_supports_one_physical_development,"Internal read: normalized and published names, state IDs, primary and complete address sets, placed-in-service years, unit scopes, and source-quality flags were read together. The resulting member partition is merge_all; no single field, including the shared address, was treated as dispositive.",2026-08-10,merge_all,duplicate_reporting_or_later_episode_same_physical_development,Google,https://www.google.com/search?q=EAST%20ORANGE%20SENIOR%20SUPPORTIVE%20HOUSING%20%7C%20EAST%20ORANGE%20SUPPORTIVE%20HOUSING%20NJ%20affordable%20housing,"East Orange Senior Supportive Housing | Affordable Housing in East Orange, NJ",public_property_directory,https://affordablehousinghub.org/housing/new-jersey/essex-county/east-orange/east-orange-senior-supportive-housing-23010-lihtc,"Outside read: the retained public records identify one named property, one later financing episode, one paired-financing development, or one scattered-site development corresponding to the internal record set. All HUD rows and site rows remain preserved.",2026-08-10,merge_all,duplicate_reporting_or_later_episode_same_physical_development,same_physical_development_address,Apply only the explicit member partition. Preserve every HUD row as a project episode and every site row. Do not sum units or approve a coordinate query here.,2026-08-10,not_approved,FALSE,2,1,0,merge_all,NJ,EAST ORANGE SENIOR SUPPORTIVE HOUSING | EAST ORANGE SUPPORTIVE HOUSING,160 HALSTED ST|EAST ORANGE|NJ,name_similarity_only
XDA2_0219,new_two_pass_review,merge_all,internal_evidence_supports_one_physical_development,"Internal read: normalized and published names, state IDs, primary and complete address sets, placed-in-service years, unit scopes, and source-quality flags were read together. The resulting member partition is merge_all; no single field, including the shared address, was treated as dispositive.",2026-08-10,merge_all,duplicate_reporting_or_later_episode_same_physical_development,Google,https://www.google.com/search?q=EASTAMPTON%20APARTMENTS%20%7C%20EASTAMPTON%20TOWN%20CENTER%20NJ%20affordable%20housing,"Eastampton Apartments | Affordable Housing in Eastampton Township, NJ | Eastampton Town Center | Affordable Housing in Eastampton Township, NJ",public_property_directory,https://affordablehousinghub.org/housing/new-jersey/burlington-county/eastampton-township/eastampton-town-center-22561-lihtc | https://affordablehousinghub.org/housing/new-jersey/burlington-county/eastampton-twp/eastampton-apartments-22738-lihtc,"Outside read: the retained public records identify one named property, one later financing episode, one paired-financing development, or one scattered-site development corresponding to the internal record set. All HUD rows and site rows remain preserved.",2026-08-10,merge_all,duplicate_reporting_or_later_episode_same_physical_development,same_physical_development_address,Apply only the explicit member partition. Preserve every HUD row as a project episode and every site row. Do not sum units or approve a coordinate query here.,2026-08-10,not_approved,FALSE,2,1,0,merge_all,NJ,EASTAMPTON APARTMENTS | EASTAMPTON TOWN CENTER,25 SAWYER AVE|EASTAMPTON TOWNSHIP|NJ,name_or_timing_with_equal_units_near_pis
XDA2_0220,new_two_pass_review,merge_all,internal_evidence_supports_one_physical_development,"Internal read: normalized and published names, state IDs, primary and complete address sets, placed-in-service years, unit scopes, and source-quality flags were read together. The resulting member partition is merge_all; no single field, including the shared address, was treated as dispositive.",2026-08-10,merge_all,duplicate_reporting_or_later_episode_same_physical_development,Google,https://www.google.com/search?q=ELIZABETH%20HOPE%20VI%20-%20PHASE%20I%20%7C%20ELIZABETH%20HOPE%20VI%20-%20PHASE%20I%20%23560%20NJ%20affordable%20housing,"Elizabeth Hope Vi - Phase I #560 | Affordable Housing in Elizabeth, NJ | Elizabeth Hope Vi - Phase I | Affordable Housing in Elizabeth, NJ",public_property_directory,https://affordablehousinghub.org/housing/new-jersey/union-county/elizabeth/elizabeth-hope-vi-phase-i-22913-lihtc | https://affordablehousinghub.org/housing/new-jersey/union-county/elizabeth/elizabeth-hope-vi-phase-i-560-23893-lihtc,"Outside read: the retained public records identify one named property, one later financing episode, one paired-financing development, or one scattered-site development corresponding to the internal record set. All HUD rows and site rows remain preserved.",2026-08-10,merge_all,duplicate_reporting_or_later_episode_same_physical_development,same_physical_development_address,Apply only the explicit member partition. Preserve every HUD row as a project episode and every site row. Do not sum units or approve a coordinate query here.,2026-08-10,not_approved,FALSE,2,1,0,merge_all,NJ,ELIZABETH HOPE VI - PHASE I | ELIZABETH HOPE VI - PHASE I #560,81 83 S PARK|ELIZABETH|NJ,phase_or_component_only
XDA2_0221,new_two_pass_review,merge_all,internal_evidence_supports_one_physical_development,"Internal read: normalized and published names, state IDs, primary and complete address sets, placed-in-service years, unit scopes, and source-quality flags were read together. The resulting member partition is merge_all; no single field, including the shared address, was treated as dispositive.",2026-08-10,merge_all,duplicate_reporting_or_later_episode_same_physical_development,Google,https://www.google.com/search?q=ESPERANZA%20APTS.%20%7C%20WOOD%20STREET%20HOUSING%20%28ESPERANZA%20APARTMENTS%29%20NJ%20affordable%20housing,"Esperanza Apts. | Affordable Housing in Trenton, NJ | Wood Street Housing Esperanza Apartments | Affordable Housing in Trenton, NJ",public_property_directory,https://affordablehousinghub.org/housing/new-jersey/mercer-county/trenton-city/wood-street-housing-esperanza-apartments-23350-lihtc | https://affordablehousinghub.org/housing/new-jersey/mercer-county/trenton/esperanza-apts-23345-lihtc,"Outside read: the retained public records identify one named property, one later financing episode, one paired-financing development, or one scattered-site development corresponding to the internal record set. All HUD rows and site rows remain preserved.",2026-08-10,merge_all,duplicate_reporting_or_later_episode_same_physical_development,same_physical_development_address,Apply only the explicit member partition. Preserve every HUD row as a project episode and every site row. Do not sum units or approve a coordinate query here.,2026-08-10,not_approved,FALSE,2,1,0,merge_all,NJ,ESPERANZA APTS. | WOOD STREET HOUSING (ESPERANZA APARTMENTS),10 WOOD ST|TRENTON|NJ | 221 ACADEMY ST|TRENTON|NJ,name_or_timing_with_equal_units_near_pis
XDA2_0222,new_two_pass_review,merge_all,internal_evidence_supports_one_physical_development,"Internal read: normalized and published names, state IDs, primary and complete address sets, placed-in-service years, unit scopes, and source-quality flags were read together. The resulting member partition is merge_all; no single field, including the shared address, was treated as dispositive.",2026-08-10,merge_all,duplicate_reporting_or_later_episode_same_physical_development,Google,https://www.google.com/search?q=ETHEL%20LAWRENCE%20III%20%2B%20CONNELL%20%7C%20ETHEL%20LAWRENCE%20III%20AND%20CONNELL%20%7C%20ETHEL%20R.%20LAWRENCE%20III-CONNELL%20NJ%20affordable%20housing,"Ethel Lawrence Iii and Connell | Affordable Housing in Mt Laurel, NJ",public_property_directory,https://affordablehousinghub.org/housing/new-jersey/burlington-county/mt-laurel/ethel-lawrence-iii-and-connell-23033-lihtc,"Outside read: the retained public records identify one named property, one later financing episode, one paired-financing development, or one scattered-site development corresponding to the internal record set. All HUD rows and site rows remain preserved.",2026-08-10,merge_all,duplicate_reporting_or_later_episode_same_physical_development,same_physical_development_address,Apply only the explicit member partition. Preserve every HUD row as a project episode and every site row. Do not sum units or approve a coordinate query here.,2026-08-10,not_approved,FALSE,3,1,0,merge_all,NJ,ETHEL LAWRENCE III + CONNELL | ETHEL LAWRENCE III AND CONNELL | ETHEL R. LAWRENCE III-CONNELL,2 JAMES DR|MOUNT LAUREL|NJ | 500 505 FRANCIS WAY|MOUNT LAUREL|NJ | 500 505 FRANCIS WAY|MOUNT LAUREL|NJ,name_or_timing_with_equal_units_near_pis
XDA2_0223,new_two_pass_review,merge_all,internal_evidence_supports_one_physical_development,"Internal read: normalized and published names, state IDs, primary and complete address sets, placed-in-service years, unit scopes, and source-quality flags were read together. The resulting member partition is merge_all; no single field, including the shared address, was treated as dispositive.",2026-08-10,merge_all,duplicate_reporting_or_later_episode_same_physical_development,Google,https://www.google.com/search?q=FILLMORE%20TOWERS%20%2F%20MADISON%20%2B%20DEWEY%20%7C%20FILLMORE%20TOWERS%20%2F%20MADISON%20AND%20DEWEY%20NJ%20affordable%20housing,"Fillmore Towers   Madison and Dewey | Affordable Housing in West New York, NJ",public_property_directory,https://affordablehousinghub.org/housing/new-jersey/hudson-county/west-new-york-town/fillmore-towers-madison-and-dewey-22739-lihtc,"Outside read: the retained public records identify one named property, one later financing episode, one paired-financing development, or one scattered-site development corresponding to the internal record set. All HUD rows and site rows remain preserved.",2026-08-10,merge_all,duplicate_reporting_or_later_episode_same_physical_development,same_physical_development_address,Apply only the explicit member partition. Preserve every HUD row as a project episode and every site row. Do not sum units or approve a coordinate query here.,2026-08-10,not_approved,FALSE,2,1,0,merge_all,NJ,FILLMORE TOWERS / MADISON + DEWEY | FILLMORE TOWERS / MADISON AND DEWEY,6003 601 7 FILLMORE AVE|WEST NEW YORK|NJ,name_or_timing_with_equal_units_near_pis
XDA2_0224,new_two_pass_review,merge_all,internal_evidence_supports_one_physical_development,"Internal read: normalized and published names, state IDs, primary and complete address sets, placed-in-service years, unit scopes, and source-quality flags were read together. The resulting member partition is merge_all; no single field, including the shared address, was treated as dispositive.",2026-08-10,merge_all,duplicate_reporting_or_later_episode_same_physical_development,Google,https://www.google.com/search?q=FRANKLIN%20STREET%20VILLA%20%7C%20FRANKLIN%20STREET%20VILLAS%20NJ%20affordable%20housing,"Franklin Street Villas | Affordable Housing in Northvale, NJ",public_property_directory,https://affordablehousinghub.org/housing/new-jersey/bergen-county/northvale/franklin-street-villas-23985-lihtc,"Outside read: the retained public records identify one named property, one later financing episode, one paired-financing development, or one scattered-site development corresponding to the internal record set. All HUD rows and site rows remain preserved.",2026-08-10,merge_all,duplicate_reporting_or_later_episode_same_physical_development,same_physical_development_address,Apply only the explicit member partition. Preserve every HUD row as a project episode and every site row. Do not sum units or approve a coordinate query here.,2026-08-10,not_approved,FALSE,2,1,0,merge_all,NJ,FRANKLIN STREET VILLA | FRANKLIN STREET VILLAS,188 FRANKLIN ST|NORTHVALE|NJ,name_or_timing_with_equal_units_near_pis
XDA2_0225,new_two_pass_review,merge_all,internal_evidence_supports_one_physical_development,"Internal read: normalized and published names, state IDs, primary and complete address sets, placed-in-service years, unit scopes, and source-quality flags were read together. The resulting member partition is merge_all; no single field, including the shared address, was treated as dispositive.",2026-08-10,merge_all,duplicate_reporting_or_later_episode_same_physical_development,Google,https://www.google.com/search?q=FREEDOM%20VILLAGE%20AT%20WESTAMPTON%20%7C%20FREEDOM%20VILLAGE%20AT%20WESTAMPTON%20I%20NJ%20affordable%20housing,"Freedom Village At Westampton | Affordable Housing in Westampton, NJ | Freedom Village At Westampton I | Affordable Housing in Westampton, NJ",public_property_directory,https://affordablehousinghub.org/housing/new-jersey/burlington-county/westampton/freedom-village-at-westampton-23986-lihtc | https://affordablehousinghub.org/housing/new-jersey/burlington-county/westampton/freedom-village-at-westampton-i-23310-lihtc,"Outside read: the retained public records identify one named property, one later financing episode, one paired-financing development, or one scattered-site development corresponding to the internal record set. All HUD rows and site rows remain preserved.",2026-08-10,merge_all,duplicate_reporting_or_later_episode_same_physical_development,same_physical_development_address,Apply only the explicit member partition. Preserve every HUD row as a project episode and every site row. Do not sum units or approve a coordinate query here.,2026-08-10,not_approved,FALSE,2,1,0,merge_all,NJ,FREEDOM VILLAGE AT WESTAMPTON | FREEDOM VILLAGE AT WESTAMPTON I,500 WOODLANE RD|WESTAMPTON|NJ,name_similarity_only
XDA2_0226,new_two_pass_review,merge_all,internal_evidence_supports_one_physical_development,"Internal read: normalized and published names, state IDs, primary and complete address sets, placed-in-service years, unit scopes, and source-quality flags were read together. The resulting member partition is merge_all; no single field, including the shared address, was treated as dispositive.",2026-08-10,merge_all,duplicate_reporting_or_later_episode_same_physical_development,Google,https://www.google.com/search?q=GARFIELD%20II%20HOUSING%20%7C%20LITC%230918%20GARFIELD%20II%20NJ%20affordable%20housing,"Garfield Ii Housing | Affordable Housing in Long Branch, NJ | Litc#0918 Garfield Ii | Affordable Housing in Long Branch, NJ",public_property_directory,https://affordablehousinghub.org/housing/new-jersey/monmouth-county/long-branch/garfield-ii-housing-22555-lihtc | https://affordablehousinghub.org/housing/new-jersey/monmouth-county/long-branch/litc0918-garfield-ii-49343-lihtc,"Outside read: the retained public records identify one named property, one later financing episode, one paired-financing development, or one scattered-site development corresponding to the internal record set. All HUD rows and site rows remain preserved.",2026-08-10,merge_all,duplicate_reporting_or_later_episode_same_physical_development,same_physical_development_address,Apply only the explicit member partition. Preserve every HUD row as a project episode and every site row. Do not sum units or approve a coordinate query here.,2026-08-10,not_approved,FALSE,2,1,0,merge_all,NJ,GARFIELD II HOUSING | LITC#0918 GARFIELD II,2 HOPE LN|LONG BRANCH|NJ | 249 255 CENTRAL AVE|LONG BRANCH|NJ,name_or_timing_with_equal_units_near_pis
XDA2_0227,new_two_pass_review,merge_all,internal_evidence_supports_one_physical_development,"Internal read: normalized and published names, state IDs, primary and complete address sets, placed-in-service years, unit scopes, and source-quality flags were read together. The resulting member partition is merge_all; no single field, including the shared address, was treated as dispositive.",2026-08-10,merge_all,duplicate_reporting_or_later_episode_same_physical_development,Google,https://www.google.com/search?q=GRANVILLE%20TOWER%20%7C%20GRANVILLE%20TOWERS%20NJ%20affordable%20housing,"Granville Tower | Affordable Housing in Keansburg, NJ",public_property_directory,https://affordablehousinghub.org/housing/new-jersey/monmouth-county/keansburg-boro/granville-tower-22962-lihtc,"Outside read: the retained public records identify one named property, one later financing episode, one paired-financing development, or one scattered-site development corresponding to the internal record set. All HUD rows and site rows remain preserved.",2026-08-10,merge_all,duplicate_reporting_or_later_episode_same_physical_development,same_physical_development_address,Apply only the explicit member partition. Preserve every HUD row as a project episode and every site row. Do not sum units or approve a coordinate query here.,2026-08-10,not_approved,FALSE,2,1,0,merge_all,NJ,GRANVILLE TOWER | GRANVILLE TOWERS,1 CHURCH ST|KEANSBURG|NJ,name_similarity_only
XDA2_0228,new_two_pass_review,merge_all,internal_evidence_supports_one_physical_development,"Internal read: normalized and published names, state IDs, primary and complete address sets, placed-in-service years, unit scopes, and source-quality flags were read together. The resulting member partition is merge_all; no single field, including the shared address, was treated as dispositive.",2026-08-10,merge_all,duplicate_reporting_or_later_episode_same_physical_development,Google,https://www.google.com/search?q=GREENWOOD%20TOWNHOMES%20%7C%20GREENWOOD%20TOWNHOUSES%20NJ%20affordable%20housing,"Greenwood Townhomes | Affordable Housing in Edison, NJ | Greenwood Townhouses | Affordable Housing in Edison, NJ",public_property_directory,https://affordablehousinghub.org/housing/new-jersey/middlesex-county/edison-twp/greenwood-townhouses-22468-lihtc | https://affordablehousinghub.org/housing/new-jersey/middlesex-county/edison/greenwood-townhomes-22437-lihtc,"Outside read: the retained public records identify one named property, one later financing episode, one paired-financing development, or one scattered-site development corresponding to the internal record set. All HUD rows and site rows remain preserved.",2026-08-10,merge_all,duplicate_reporting_or_later_episode_same_physical_development,same_physical_development_address,Apply only the explicit member partition. Preserve every HUD row as a project episode and every site row. Do not sum units or approve a coordinate query here.,2026-08-10,not_approved,FALSE,2,1,0,merge_all,NJ,GREENWOOD TOWNHOMES | GREENWOOD TOWNHOUSES,1045 GROVE AVE|EDISON|NJ,name_or_timing_with_equal_units_near_pis
XDA2_0229,new_two_pass_review,partition,internal_evidence_supports_member_level_partition,"Internal read: normalized and published names, state IDs, primary and complete address sets, placed-in-service years, unit scopes, and source-quality flags were read together. The resulting member partition is partition; no single field, including the shared address, was treated as dispositive.",2026-08-10,partition,duplicate_records_partitioned_within_distinct_phases,Google,https://www.google.com/search?q=HAYES%20HOMES%2FWEST%20KINNEY%20%28B%29%20%7C%20WEST%20KINNEY%20GARDEN%20%28A%29%20%7C%20WEST%20KINNEY%20GARDENS%20%7C%20WEST%20KINNEY%20GARDENS%20%28B%29%20NJ%20affordable%20housing,"Hayes Homes West Kinney B | Affordable Housing in Newark, NJ | West Kinney Garden A | Affordable Housing in Newark, NJ | West Kinney Gardens | Affordable Housing in Newark, NJ | West Kinney Gardens B | Affordable Housing in Newark, NJ",public_property_directory,https://affordablehousinghub.org/housing/new-jersey/essex-county/newark-city/hayes-homes-west-kinney-b-22469-lihtc | https://affordablehousinghub.org/housing/new-jersey/essex-county/newark-city/west-kinney-gardens-22439-lihtc | https://affordablehousinghub.org/housing/new-jersey/essex-county/newark/west-kinney-garden-a-22467-lihtc | https://affordablehousinghub.org/housing/new-jersey/essex-county/newark/west-kinney-gardens-b-22440-lihtc,Outside read: the retained public records support duplicate reporting within some named phases or components while preserving the other named phases or components as distinct physical developments.,2026-08-10,partition,duplicate_records_partitioned_within_distinct_phases,mixed_duplicate_and_distinct_component_overlap,Apply only the explicit member partition. Preserve every HUD row as a project episode and every site row. Do not sum units or approve a coordinate query here.,2026-08-10,not_approved,FALSE,4,2,0,partition,NJ,HAYES HOMES/WEST KINNEY (B) | WEST KINNEY GARDEN (A) | WEST KINNEY GARDENS | WEST KINNEY GARDENS (B),333 SPRINGFIELD AVE|NEWARK|NJ | 40 52 SAYRE ST|NEWARK|NJ,name_or_timing_with_equal_units_near_pis
XDA2_0230,new_two_pass_review,merge_all,internal_evidence_supports_one_physical_development,"Internal read: normalized and published names, state IDs, primary and complete address sets, placed-in-service years, unit scopes, and source-quality flags were read together. The resulting member partition is merge_all; no single field, including the shared address, was treated as dispositive.",2026-08-10,merge_all,duplicate_reporting_or_later_episode_same_physical_development,Google,https://www.google.com/search?q=HERITAGE%20VILLAGE%20%40%20MANALAPAN%20%7C%20LITC%23%2006403%20HERITAGE%20VILLAGE%20AT%20MANALAPAN%20NJ%20affordable%20housing,"Heritage Village @ Manalapan | Affordable Housing in Manalapan, NJ | Litc# 06403 Heritage Village At Manalapan | Affordable Housing in Manalapan, NJ",public_property_directory,https://affordablehousinghub.org/housing/new-jersey/monmouth-county/manalapan/heritage-village-manalapan-22778-lihtc | https://affordablehousinghub.org/housing/new-jersey/monmouth-county/manalapan/litc-06403-heritage-village-at-manalapan-22879-lihtc,"Outside read: the retained public records identify one named property, one later financing episode, one paired-financing development, or one scattered-site development corresponding to the internal record set. All HUD rows and site rows remain preserved.",2026-08-10,merge_all,duplicate_reporting_or_later_episode_same_physical_development,same_physical_development_address,Apply only the explicit member partition. Preserve every HUD row as a project episode and every site row. Do not sum units or approve a coordinate query here.,2026-08-10,not_approved,FALSE,2,1,0,merge_all,NJ,HERITAGE VILLAGE @ MANALAPAN | LITC# 06403 HERITAGE VILLAGE AT MANALAPAN,216 WOODWARD RD|MANALAPAN|NJ,name_or_timing_with_equal_units_near_pis
XDA2_0231,new_two_pass_review,merge_all,internal_evidence_supports_one_physical_development,"Internal read: normalized and published names, state IDs, primary and complete address sets, placed-in-service years, unit scopes, and source-quality flags were read together. The resulting member partition is merge_all; no single field, including the shared address, was treated as dispositive.",2026-08-10,merge_all,duplicate_reporting_or_later_episode_same_physical_development,Google,https://www.google.com/search?q=HERITAGE%20VILLAGE%20AT%20LAWRENCE%20%7C%20HERITAGE%20VILLAGE%20AT%20LAWRENCE%20%2306919%20NJ%20affordable%20housing,"Heritage Village At Lawrence #06919 | Affordable Housing in Lawrenceville, NJ | Heritage Village At Lawrence | Affordable Housing in Lawrence Twp, NJ",public_property_directory,https://affordablehousinghub.org/housing/new-jersey/mercer-county/lawrence-twp/heritage-village-at-lawrence-22832-lihtc | https://affordablehousinghub.org/housing/new-jersey/mercer-county/lawrenceville/heritage-village-at-lawrence-06919-22858-lihtc,"Outside read: the retained public records identify one named property, one later financing episode, one paired-financing development, or one scattered-site development corresponding to the internal record set. All HUD rows and site rows remain preserved.",2026-08-10,merge_all,duplicate_reporting_or_later_episode_same_physical_development,same_physical_development_address,Apply only the explicit member partition. Preserve every HUD row as a project episode and every site row. Do not sum units or approve a coordinate query here.,2026-08-10,not_approved,FALSE,2,1,0,merge_all,NJ,HERITAGE VILLAGE AT LAWRENCE | HERITAGE VILLAGE AT LAWRENCE #06919,1970 BRUNSWICK AVE|LAWRENCE|NJ,name_similarity_only
XDA2_0232,new_two_pass_review,merge_all,internal_evidence_supports_one_physical_development,"Internal read: normalized and published names, state IDs, primary and complete address sets, placed-in-service years, unit scopes, and source-quality flags were read together. The resulting member partition is merge_all; no single field, including the shared address, was treated as dispositive.",2026-08-10,merge_all,duplicate_reporting_or_later_episode_same_physical_development,Google,https://www.google.com/search?q=HOPEWELL%20GARDENS%20%7C%20HOPEWELL%20GARDENS%20%23710%20%7C%20HOPEWELL%20VILLAGE%20NJ%20affordable%20housing,"Hopewell Gardens #710 | Affordable Housing in Pennington, NJ | Hopewell Gardens | Affordable Housing in Pennington, NJ | Hopewell Village | Affordable Housing in Pennington, NJ",public_property_directory,https://affordablehousinghub.org/housing/new-jersey/mercer-county/hopewell-twp/hopewell-village-22471-lihtc | https://affordablehousinghub.org/housing/new-jersey/mercer-county/pennington/hopewell-gardens-22824-lihtc | https://affordablehousinghub.org/housing/new-jersey/mercer-county/pennington/hopewell-gardens-710-22876-lihtc,"Outside read: the retained public records identify one named property, one later financing episode, one paired-financing development, or one scattered-site development corresponding to the internal record set. All HUD rows and site rows remain preserved.",2026-08-10,merge_all,duplicate_reporting_or_later_episode_same_physical_development,same_physical_development_address,Apply only the explicit member partition. Preserve every HUD row as a project episode and every site row. Do not sum units or approve a coordinate query here.,2026-08-10,not_approved,FALSE,3,1,0,merge_all,NJ,HOPEWELL GARDENS | HOPEWELL GARDENS #710 | HOPEWELL VILLAGE,725 DENOW RD|PENNINGTON|NJ,name_or_timing_with_equal_units_near_pis
XDA2_0233,new_two_pass_review,partition,internal_evidence_supports_member_level_partition,"Internal read: normalized and published names, state IDs, primary and complete address sets, placed-in-service years, unit scopes, and source-quality flags were read together. The resulting member partition is partition; no single field, including the shared address, was treated as dispositive.",2026-08-10,partition,duplicate_records_partitioned_within_distinct_phases,Google,https://www.google.com/search?q=HORIZONS%20AT%20CLIFTON%20II%20%7C%20HORIZONS%20AT%20CLIFTON%20II%20%230747%20%7C%20HORIZONS%20AT%20CLIFTON%20III%20%7C%20HORIZONS%20AT%20CLIFTON%20III%20%230748%20NJ%20affordable%20housing,"Horizons At Clifton Ii | Affordable Housing in Clifton, NJ | Horizons At Clifton Iii | Affordable Housing in Clifton, NJ",public_property_directory,https://affordablehousinghub.org/housing/new-jersey/passaic-county/clifton-twp/horizons-at-clifton-ii-22805-lihtc | https://affordablehousinghub.org/housing/new-jersey/passaic-county/clifton-twp/horizons-at-clifton-iii-22505-lihtc,Outside read: the retained public records support duplicate reporting within some named phases or components while preserving the other named phases or components as distinct physical developments.,2026-08-10,partition,duplicate_records_partitioned_within_distinct_phases,mixed_duplicate_and_distinct_component_overlap,Apply only the explicit member partition. Preserve every HUD row as a project episode and every site row. Do not sum units or approve a coordinate query here.,2026-08-10,not_approved,FALSE,4,2,2,partition,NJ,HORIZONS AT CLIFTON II | HORIZONS AT CLIFTON II #0747 | HORIZONS AT CLIFTON III | HORIZONS AT CLIFTON III #0748,100 SCALES PLZ|CLIFTON|NJ | 101 SCALES PLZ|CLIFTON|NJ | 672 VAN HOUTEN AVE|CLIFTON TWP|NJ,name_or_timing_with_equal_units_near_pis
XDA2_0234,new_two_pass_review,merge_all,internal_evidence_supports_one_physical_development,"Internal read: normalized and published names, state IDs, primary and complete address sets, placed-in-service years, unit scopes, and source-quality flags were read together. The resulting member partition is merge_all; no single field, including the shared address, was treated as dispositive.",2026-08-10,merge_all,duplicate_reporting_or_later_episode_same_physical_development,Google,https://www.google.com/search?q=JACOBS%20LANDING%20PHASE%20II%20%7C%20JACOBS%20LANDING%20PHASE%20II%20%231710%20NJ%20affordable%20housing,"Jacobs Landing Phase Ii | Affordable Housing in Woodbridge, NJ",public_property_directory,https://affordablehousinghub.org/housing/new-jersey/middlesex-county/woodbridge/jacobs-landing-phase-ii-23063-lihtc,"Outside read: the retained public records identify one named property, one later financing episode, one paired-financing development, or one scattered-site development corresponding to the internal record set. All HUD rows and site rows remain preserved.",2026-08-10,merge_all,duplicate_reporting_or_later_episode_same_physical_development,same_physical_development_address,Apply only the explicit member partition. Preserve every HUD row as a project episode and every site row. Do not sum units or approve a coordinate query here.,2026-08-10,not_approved,FALSE,2,1,0,merge_all,NJ,JACOBS LANDING PHASE II | JACOBS LANDING PHASE II #1710,901 912 LENAPE LN|WOODBRIDGE|NJ,phase_or_component_only
XDA2_0235,new_two_pass_review,partition,internal_evidence_supports_member_level_partition,"Internal read: normalized and published names, state IDs, primary and complete address sets, placed-in-service years, unit scopes, and source-quality flags were read together. The resulting member partition is partition; no single field, including the shared address, was treated as dispositive.",2026-08-10,partition,duplicate_records_partitioned_within_distinct_phases,Google,https://www.google.com/search?q=JAMES%20T%20KIRK%20GARDENS%20%7C%20JAMES%20T.%20KIRK%20GARDENS%20%23537%20%7C%20MILLENNIUM%20GARDENS%20%7C%20MILLENNIUM%20GARDENS%20%23593%20NJ%20affordable%20housing,"James T Kirk Gardens | Affordable Housing in Elizabeth, NJ | James T. Kirk Gardens #537 | Affordable Housing in Elizabeth, NJ | Millennium Gardens #593 | Affordable Housing in Elizabeth, NJ | Millennium Gardens | Affordable Housing in Elizabeth, NJ",public_property_directory,https://affordablehousinghub.org/housing/new-jersey/union-county/elizabeth/james-t-kirk-gardens-22487-lihtc | https://affordablehousinghub.org/housing/new-jersey/union-county/elizabeth/james-t-kirk-gardens-537-23969-lihtc | https://affordablehousinghub.org/housing/new-jersey/union-county/elizabeth/millennium-gardens-24019-lihtc | https://affordablehousinghub.org/housing/new-jersey/union-county/elizabeth/millennium-gardens-593-24050-lihtc,Outside read: the retained public records support duplicate reporting within some named phases or components while preserving the other named phases or components as distinct physical developments.,2026-08-10,partition,duplicate_records_partitioned_within_distinct_phases,mixed_duplicate_and_distinct_component_overlap,Apply only the explicit member partition. Preserve every HUD row as a project episode and every site row. Do not sum units or approve a coordinate query here.,2026-08-10,not_approved,FALSE,4,2,0,partition,NJ,JAMES T KIRK GARDENS | JAMES T. KIRK GARDENS #537 | MILLENNIUM GARDENS | MILLENNIUM GARDENS #593,600 FULTON ST|ELIZABETH|NJ | 620 FIRST AVE|ELIZABETH|NJ,name_or_timing_with_equal_units_near_pis
XDA2_0236,new_two_pass_review,merge_all,internal_evidence_supports_one_physical_development,"Internal read: normalized and published names, state IDs, primary and complete address sets, placed-in-service years, unit scopes, and source-quality flags were read together. The resulting member partition is merge_all; no single field, including the shared address, was treated as dispositive.",2026-08-10,merge_all,duplicate_reporting_or_later_episode_same_physical_development,Google,https://www.google.com/search?q=JOHN%20O%20PARKER%20HALL%20%7C%20JOHN%20O.%20PARKER%2C%20JR.%20HALL%20NJ%20affordable%20housing,"John O Parker Hall | Affordable Housing in Camden, NJ | John O. Parker, Jr. Hall | Affordable Housing in Camden, NJ",public_property_directory,https://affordablehousinghub.org/housing/new-jersey/camden-county/camden-city/john-o-parker-jr-hall-22784-lihtc | https://affordablehousinghub.org/housing/new-jersey/camden-county/camden/john-o-parker-hall-22508-lihtc,"Outside read: the retained public records identify one named property, one later financing episode, one paired-financing development, or one scattered-site development corresponding to the internal record set. All HUD rows and site rows remain preserved.",2026-08-10,merge_all,duplicate_reporting_or_later_episode_same_physical_development,same_physical_development_address,Apply only the explicit member partition. Preserve every HUD row as a project episode and every site row. Do not sum units or approve a coordinate query here.,2026-08-10,not_approved,FALSE,2,1,0,merge_all,NJ,"JOHN O PARKER HALL | JOHN O. PARKER, JR. HALL",700 FERRY AVE|CAMDEN|NJ,name_or_timing_with_equal_units_near_pis
XDA2_0237,new_two_pass_review,merge_all,internal_evidence_supports_one_physical_development,"Internal read: normalized and published names, state IDs, primary and complete address sets, placed-in-service years, unit scopes, and source-quality flags were read together. The resulting member partition is merge_all; no single field, including the shared address, was treated as dispositive.",2026-08-10,merge_all,duplicate_reporting_or_later_episode_same_physical_development,Google,https://www.google.com/search?q=KING%20PLAZA%20%7C%20LITC%23681%20KING%20PLAZA%20NJ%20affordable%20housing,"King Plaza | Affordable Housing in Perth Amboy, NJ | Litc#681 King Plaza | Affordable Housing in Perth Amboy, NJ",public_property_directory,https://affordablehousinghub.org/housing/new-jersey/middlesex-county/perth-amboy/king-plaza-22501-lihtc | https://affordablehousinghub.org/housing/new-jersey/middlesex-county/perth-amboy/litc681-king-plaza-22625-lihtc,"Outside read: the retained public records identify one named property, one later financing episode, one paired-financing development, or one scattered-site development corresponding to the internal record set. All HUD rows and site rows remain preserved.",2026-08-10,merge_all,duplicate_reporting_or_later_episode_same_physical_development,same_physical_development_address,Apply only the explicit member partition. Preserve every HUD row as a project episode and every site row. Do not sum units or approve a coordinate query here.,2026-08-10,not_approved,FALSE,2,1,0,merge_all,NJ,KING PLAZA | LITC#681 KING PLAZA,270 KING ST|PERTH AMBOY|NJ,name_or_timing_with_equal_units_near_pis
XDA2_0238,new_two_pass_review,merge_all,internal_evidence_supports_one_physical_development,"Internal read: normalized and published names, state IDs, primary and complete address sets, placed-in-service years, unit scopes, and source-quality flags were read together. The resulting member partition is merge_all; no single field, including the shared address, was treated as dispositive.",2026-08-10,merge_all,duplicate_reporting_or_later_episode_same_physical_development,Google,https://www.google.com/search?q=KING%27S%20WAY%20APARTMENTS%20%7C%20KINGS%20WAY%20APARTMENTS%20NJ%20affordable%20housing,"Kings Way Apartments | Affordable Housing in Swedesboro, NJ",public_property_directory,https://affordablehousinghub.org/housing/new-jersey/gloucester-county/swedesboro-boro/kings-way-apartments-24092-lihtc,"Outside read: the retained public records identify one named property, one later financing episode, one paired-financing development, or one scattered-site development corresponding to the internal record set. All HUD rows and site rows remain preserved.",2026-08-10,merge_all,duplicate_reporting_or_later_episode_same_physical_development,same_physical_development_address,Apply only the explicit member partition. Preserve every HUD row as a project episode and every site row. Do not sum units or approve a coordinate query here.,2026-08-10,not_approved,FALSE,2,1,0,merge_all,NJ,KING'S WAY APARTMENTS | KINGS WAY APARTMENTS,1 LORE DR|SWEDESBORO|NJ,name_similarity_only
XDA2_0239,new_two_pass_review,merge_all,internal_evidence_supports_one_physical_development,"Internal read: normalized and published names, state IDs, primary and complete address sets, placed-in-service years, unit scopes, and source-quality flags were read together. The resulting member partition is merge_all; no single field, including the shared address, was treated as dispositive.",2026-08-10,merge_all,duplicate_reporting_or_later_episode_same_physical_development,Google,https://www.google.com/search?q=LAKEWOOD%20PLAZA%20%20%20SECTION%20II%20%20%23216%20%7C%20LAKEWOOD%20PLAZA%20SECTION%20II%20NJ%20affordable%20housing,"Lakewood Plaza  Section Ii #216 | Affordable Housing in Lakewood, NJ | Lakewood Plaza Section Ii | Affordable Housing in Lakewood, NJ",public_property_directory,https://affordablehousinghub.org/housing/new-jersey/ocean-county/lakewood/lakewood-plaza-section-ii-216-23997-lihtc | https://affordablehousinghub.org/housing/new-jersey/ocean-county/lakewood/lakewood-plaza-section-ii-24090-lihtc,"Outside read: the retained public records identify one named property, one later financing episode, one paired-financing development, or one scattered-site development corresponding to the internal record set. All HUD rows and site rows remain preserved.",2026-08-10,merge_all,duplicate_reporting_or_later_episode_same_physical_development,same_physical_development_address,Apply only the explicit member partition. Preserve every HUD row as a project episode and every site row. Do not sum units or approve a coordinate query here.,2026-08-10,not_approved,FALSE,2,1,0,merge_all,NJ,LAKEWOOD PLAZA   SECTION II  #216 | LAKEWOOD PLAZA SECTION II,175A 203 DR MLK DR|LAKEWOOD|NJ,name_or_timing_with_equal_units_near_pis
XDA2_0240,new_two_pass_review,merge_all,internal_evidence_supports_one_physical_development,"Internal read: normalized and published names, state IDs, primary and complete address sets, placed-in-service years, unit scopes, and source-quality flags were read together. The resulting member partition is merge_all; no single field, including the shared address, was treated as dispositive.",2026-08-10,merge_all,duplicate_reporting_or_later_episode_same_physical_development,Google,https://www.google.com/search?q=LEONIA%20RETIREMENT%20HOUSING%20II%20%7C%20LEONIA%20RETIREMENT%20HOUSING%20II%20%230844%20NJ%20affordable%20housing,"Leonia Retirement Housing Ii #0844 | Affordable Housing in Leonia, NJ | Leonia Retirement Housing Ii | Affordable Housing in Leonia, NJ",public_property_directory,https://affordablehousinghub.org/housing/new-jersey/bergen-county/leonia-twp/leonia-retirement-housing-ii-22811-lihtc | https://affordablehousinghub.org/housing/new-jersey/bergen-county/leonia/leonia-retirement-housing-ii-0844-22757-lihtc,"Outside read: the retained public records identify one named property, one later financing episode, one paired-financing development, or one scattered-site development corresponding to the internal record set. All HUD rows and site rows remain preserved.",2026-08-10,merge_all,duplicate_reporting_or_later_episode_same_physical_development,same_physical_development_address,Apply only the explicit member partition. Preserve every HUD row as a project episode and every site row. Do not sum units or approve a coordinate query here.,2026-08-10,not_approved,FALSE,2,1,0,merge_all,NJ,LEONIA RETIREMENT HOUSING II | LEONIA RETIREMENT HOUSING II #0844,270 GLENWOOD AVE|LEONIA|NJ,name_or_timing_with_equal_units_near_pis
XDA2_0241,new_two_pass_review,merge_all,internal_evidence_supports_one_physical_development,"Internal read: normalized and published names, state IDs, primary and complete address sets, placed-in-service years, unit scopes, and source-quality flags were read together. The resulting member partition is merge_all; no single field, including the shared address, was treated as dispositive.",2026-08-10,merge_all,duplicate_reporting_or_later_episode_same_physical_development,Google,https://www.google.com/search?q=LIBERTY%20PLACE%20%23619%20%7C%20LIBERTY%20PLACE%20APARTMENTS%20NJ%20affordable%20housing,"Liberty Place #619 | Affordable Housing in Fort Lee, NJ | Liberty Place Apartments | Affordable Housing in Palisades Park, NJ",public_property_directory,https://affordablehousinghub.org/housing/new-jersey/bergen-county/fort-lee-boro/liberty-place-apartments-49362-lihtc | https://affordablehousinghub.org/housing/new-jersey/bergen-county/fort-lee/liberty-place-619-22846-lihtc,"Outside read: the retained public records identify one named property, one later financing episode, one paired-financing development, or one scattered-site development corresponding to the internal record set. All HUD rows and site rows remain preserved.",2026-08-10,merge_all,duplicate_reporting_or_later_episode_same_physical_development,same_physical_development_address,Apply only the explicit member partition. Preserve every HUD row as a project episode and every site row. Do not sum units or approve a coordinate query here.,2026-08-10,not_approved,FALSE,2,1,0,merge_all,NJ,LIBERTY PLACE #619 | LIBERTY PLACE APARTMENTS,1 LIBERTY PL|FORT LEE|NJ | 101 CEDAR ST|FORT LEE|NJ,name_or_timing_with_equal_units_near_pis
XDA2_0242,new_two_pass_review,merge_all,internal_evidence_supports_one_physical_development,"Internal read: normalized and published names, state IDs, primary and complete address sets, placed-in-service years, unit scopes, and source-quality flags were read together. The resulting member partition is merge_all; no single field, including the shared address, was treated as dispositive.",2026-08-10,merge_all,duplicate_reporting_or_later_episode_same_physical_development,Google,https://www.google.com/search?q=LIFE%20LINK%20HOMES%20%7C%20LITC%2306405%20LIFE%20LINK%20HOMES%20NJ%20affordable%20housing,"Life Link Homes | Affordable Housing in Glassboro, NJ | Litc#06405 Life Link Homes | Affordable Housing in Glassboro, NJ",public_property_directory,https://affordablehousinghub.org/housing/new-jersey/gloucester-county/glassboro/life-link-homes-22798-lihtc | https://affordablehousinghub.org/housing/new-jersey/gloucester-county/glassboro/litc06405-life-link-homes-22898-lihtc,"Outside read: the retained public records identify one named property, one later financing episode, one paired-financing development, or one scattered-site development corresponding to the internal record set. All HUD rows and site rows remain preserved.",2026-08-10,merge_all,duplicate_reporting_or_later_episode_same_physical_development,same_physical_development_address,Apply only the explicit member partition. Preserve every HUD row as a project episode and every site row. Do not sum units or approve a coordinate query here.,2026-08-10,not_approved,FALSE,2,1,0,merge_all,NJ,LIFE LINK HOMES | LITC#06405 LIFE LINK HOMES,205 AWALT DR|GLASSBORO|NJ | 209 AWALT DR|GLASSBORO|NJ,name_or_timing_with_equal_units_near_pis
XDA2_0243,new_two_pass_review,merge_all,internal_evidence_supports_one_physical_development,"Internal read: normalized and published names, state IDs, primary and complete address sets, placed-in-service years, unit scopes, and source-quality flags were read together. The resulting member partition is merge_all; no single field, including the shared address, was treated as dispositive.",2026-08-10,merge_all,duplicate_reporting_or_later_episode_same_physical_development,Google,https://www.google.com/search?q=LINCOLN%20COMMONS%20-%20HADDONFIELD%20SENIORS%20%7C%20LINCOLN%20COMMONS%2FHADDONFIELD%20SENIORS%20%23637%20NJ%20affordable%20housing,"Lincoln Commons - Haddonfield Seniors #637 | Affordable Housing in Haddonfield, NJ | Lincoln Commons - Haddonfield Seniors | Affordable Housing in Haddonfield, NJ",public_property_directory,https://affordablehousinghub.org/housing/new-jersey/camden-county/haddonfield-boro/lincoln-commons-haddonfield-seniors-24067-lihtc | https://affordablehousinghub.org/housing/new-jersey/camden-county/haddonfield/lincoln-commons-haddonfield-seniors-637-24002-lihtc,"Outside read: the retained public records identify one named property, one later financing episode, one paired-financing development, or one scattered-site development corresponding to the internal record set. All HUD rows and site rows remain preserved.",2026-08-10,merge_all,duplicate_reporting_or_later_episode_same_physical_development,same_physical_development_address,Apply only the explicit member partition. Preserve every HUD row as a project episode and every site row. Do not sum units or approve a coordinate query here.,2026-08-10,not_approved,FALSE,2,1,0,merge_all,NJ,LINCOLN COMMONS - HADDONFIELD SENIORS | LINCOLN COMMONS/HADDONFIELD SENIORS #637,325 LINCOLN AVE|HADDONFIELD|NJ,name_or_timing_with_equal_units_near_pis
XDA2_0244,new_two_pass_review,merge_all,internal_evidence_supports_one_physical_development,"Internal read: normalized and published names, state IDs, primary and complete address sets, placed-in-service years, unit scopes, and source-quality flags were read together. The resulting member partition is merge_all; no single field, including the shared address, was treated as dispositive.",2026-08-10,merge_all,duplicate_reporting_or_later_episode_same_physical_development,Google,https://www.google.com/search?q=LINCOLN%20PARK%20TOWER%20%7C%20LINCOLN%20PARK%20TOWERS%20NJ%20affordable%20housing,"Lincoln Park Tower | Affordable Housing in Newark, NJ | Lincoln Park Towers | Affordable Housing in Newark, NJ",public_property_directory,https://affordablehousinghub.org/housing/new-jersey/essex-county/newark-city/lincoln-park-tower-22740-lihtc | https://affordablehousinghub.org/housing/new-jersey/essex-county/newark/lincoln-park-towers-22564-lihtc,"Outside read: the retained public records identify one named property, one later financing episode, one paired-financing development, or one scattered-site development corresponding to the internal record set. All HUD rows and site rows remain preserved.",2026-08-10,merge_all,duplicate_reporting_or_later_episode_same_physical_development,same_physical_development_address,Apply only the explicit member partition. Preserve every HUD row as a project episode and every site row. Do not sum units or approve a coordinate query here.,2026-08-10,not_approved,FALSE,2,1,0,merge_all,NJ,LINCOLN PARK TOWER | LINCOLN PARK TOWERS,31 33 LINCOLN PARK|NEWARK|NJ,name_similarity_only
XDA2_0245,new_two_pass_review,partition,internal_evidence_supports_member_level_partition,"Internal read: normalized and published names, state IDs, primary and complete address sets, placed-in-service years, unit scopes, and source-quality flags were read together. The resulting member partition is partition; no single field, including the shared address, was treated as dispositive.",2026-08-10,partition,duplicate_records_partitioned_within_distinct_phases,Google,https://www.google.com/search?q=LITC%2305902%20PLEASANTVILLE%20PHASE%20V%20%7C%20NEW%20HOPE%20COMMUNITY%20PHASE%20I%20%7C%20NEW%20HOPE%20COMMUNITY%20PHASE%20I%20%23740%20%7C%20PLEASANTVILLE%20V%20NJ%20affordable%20housing,"New Hope Community Phase I #740 | Affordable Housing in Pleasantville, NJ | New Hope Community Phase I | Affordable Housing in Pleasantville, NJ | Pleasantville V | Affordable Housing in Pleasantville, NJ",public_property_directory,https://affordablehousinghub.org/housing/new-jersey/atlantic-county/pleasantville-city/new-hope-community-phase-i-22800-lihtc | https://affordablehousinghub.org/housing/new-jersey/atlantic-county/pleasantville/new-hope-community-phase-i-740-22902-lihtc | https://affordablehousinghub.org/housing/new-jersey/atlantic-county/pleasantville/pleasantville-v-22527-lihtc,Outside read: the retained public records support duplicate reporting within some named phases or components while preserving the other named phases or components as distinct physical developments.,2026-08-10,partition,duplicate_records_partitioned_within_distinct_phases,mixed_duplicate_and_distinct_component_overlap,Apply only the explicit member partition. Preserve every HUD row as a project episode and every site row. Do not sum units or approve a coordinate query here.,2026-08-10,not_approved,FALSE,4,2,0,partition,NJ,LITC#05902 PLEASANTVILLE PHASE V | NEW HOPE COMMUNITY PHASE I | NEW HOPE COMMUNITY PHASE I #740 | PLEASANTVILLE V,1213 MCCLELLAN AVE|PLEASANTVILLE|NJ | 301 WOODLAND AVE|PLEASANTVILLE|NJ,phase_or_component_only
XDA2_0246,new_two_pass_review,cross_question_partition,internal_evidence_supports_member_level_partition,"Internal read: normalized and published names, state IDs, primary and complete address sets, placed-in-service years, unit scopes, and source-quality flags were read together. The resulting member partition is cross_question_partition; no single field, including the shared address, was treated as dispositive.",2026-08-10,cross_question_partition,duplicate_records_linked_across_review_questions,Google,https://www.google.com/search?q=LITC%2306909%20COUNTRYSIDE%20VILLAGE%20PHASE%20II%20%7C%20LITC%2306910%20-%20COUNTRYSIDE%20VILLAGE%20PHASE%20III%20NJ%20affordable%20housing,"Litc#06909 Countryside Village Phase Ii | Affordable Housing in Bridgeton, NJ | Litc#06910 - Countryside Village Phase Iii | Affordable Housing in Bridgeton, NJ",public_property_directory,https://affordablehousinghub.org/housing/new-jersey/cumberland-county/seabrook/litc06909-countryside-village-phase-ii-22601-lihtc | https://affordablehousinghub.org/housing/new-jersey/cumberland-county/seabrook/litc06910-countryside-village-phase-iii-22904-lihtc,Outside read: the retained public records support duplicate reporting within some named phases or components while preserving the other named phases or components as distinct physical developments.,2026-08-10,cross_question_partition,duplicate_records_linked_across_review_questions,mixed_duplicate_and_distinct_component_overlap,Apply only the explicit member partition. Preserve every HUD row as a project episode and every site row. Do not sum units or approve a coordinate query here.,2026-08-10,not_approved,FALSE,2,2,2,cross_question_partition,NJ,LITC#06909 COUNTRYSIDE VILLAGE PHASE II | LITC#06910 - COUNTRYSIDE VILLAGE PHASE III,99 DEERFIELD DR|BRIDGETON|NJ,phase_or_component_only
XDA2_0247,new_two_pass_review,cross_question_partition,internal_evidence_supports_member_level_partition,"Internal read: normalized and published names, state IDs, primary and complete address sets, placed-in-service years, unit scopes, and source-quality flags were read together. The resulting member partition is cross_question_partition; no single field, including the shared address, was treated as dispositive.",2026-08-10,cross_question_partition,duplicate_records_linked_across_review_questions,Google,https://www.google.com/search?q=LITC%230747%20HORIZONS%20AT%20CLIFTON%20II%20%7C%20LITC%230748%20HORIZONS%20AT%20CLIFTON%20III%20NJ%20affordable%20housing,"Litc#0747 Horizons At Clifton Ii | Affordable Housing in Clifton, NJ | Litc#0748 Horizons At Clifton Iii | Affordable Housing in Clifton, NJ",public_property_directory,https://affordablehousinghub.org/housing/new-jersey/passaic-county/clifton/litc0747-horizons-at-clifton-ii-22909-lihtc | https://affordablehousinghub.org/housing/new-jersey/passaic-county/clifton/litc0748-horizons-at-clifton-iii-22606-lihtc,Outside read: the retained public records support duplicate reporting within some named phases or components while preserving the other named phases or components as distinct physical developments.,2026-08-10,cross_question_partition,duplicate_records_linked_across_review_questions,mixed_duplicate_and_distinct_component_overlap,Apply only the explicit member partition. Preserve every HUD row as a project episode and every site row. Do not sum units or approve a coordinate query here.,2026-08-10,not_approved,FALSE,2,2,2,cross_question_partition,NJ,LITC#0747 HORIZONS AT CLIFTON II | LITC#0748 HORIZONS AT CLIFTON III,100 SCALES PLZ|CLIFTON|NJ,name_similarity_only
XDA2_0248,new_two_pass_review,merge_all,internal_evidence_supports_one_physical_development,"Internal read: normalized and published names, state IDs, primary and complete address sets, placed-in-service years, unit scopes, and source-quality flags were read together. The resulting member partition is merge_all; no single field, including the shared address, was treated as dispositive.",2026-08-10,merge_all,duplicate_reporting_or_later_episode_same_physical_development,Google,https://www.google.com/search?q=LITC%2307901%20NORTH%20CAMDEN%20LAND%20TRUST%20%7C%20NORTH%20CAMDEN%20LAND%20TRUST%20%7C%20NORTH%20CAMDEN%20LAND%20TRUST%20PROJECT%20NJ%20affordable%20housing,"Litc#07901 North Camden Land Trust | Affordable Housing in Camden, NJ | North Camden Land Trust | Affordable Housing in Camden, NJ | North Camden Land Trust Project | Affordable Housing in Camden, NJ",public_property_directory,https://affordablehousinghub.org/housing/new-jersey/camden-county/camden-city/north-camden-land-trust-project-22787-lihtc | https://affordablehousinghub.org/housing/new-jersey/camden-county/camden/litc07901-north-camden-land-trust-22608-lihtc | https://affordablehousinghub.org/housing/new-jersey/camden-county/camden/north-camden-land-trust-22507-lihtc,"Outside read: the retained public records identify one named property, one later financing episode, one paired-financing development, or one scattered-site development corresponding to the internal record set. All HUD rows and site rows remain preserved.",2026-08-10,merge_all,duplicate_reporting_or_later_episode_same_physical_development,same_physical_development_address,Apply only the explicit member partition. Preserve every HUD row as a project episode and every site row. Do not sum units or approve a coordinate query here.,2026-08-10,not_approved,FALSE,3,1,0,merge_all,NJ,LITC#07901 NORTH CAMDEN LAND TRUST | NORTH CAMDEN LAND TRUST | NORTH CAMDEN LAND TRUST PROJECT,539 STATE ST|CAMDEN|NJ,name_or_timing_with_equal_units_near_pis
XDA2_0249,new_two_pass_review,merge_all,internal_evidence_supports_one_physical_development,"Internal read: normalized and published names, state IDs, primary and complete address sets, placed-in-service years, unit scopes, and source-quality flags were read together. The resulting member partition is merge_all; no single field, including the shared address, was treated as dispositive.",2026-08-10,merge_all,duplicate_reporting_or_later_episode_same_physical_development,Google,https://www.google.com/search?q=LITC%23671%20SALEM%20HISTORIC%20HOMES%20PHASE%20II%20%7C%20SALEM%20HISTORIC%20HOMES%20PHASE%20II%20NJ%20affordable%20housing,"Litc#671 Salem Historic Homes Phase Ii | Affordable Housing in Salem, NJ | Salem Historic Homes Phase Ii | Affordable Housing in Salem, NJ",public_property_directory,https://affordablehousinghub.org/housing/new-jersey/salem-county/salem-city/salem-historic-homes-phase-ii-22865-lihtc | https://affordablehousinghub.org/housing/new-jersey/salem-county/salem/litc671-salem-historic-homes-phase-ii-22844-lihtc,"Outside read: the retained public records identify one named property, one later financing episode, one paired-financing development, or one scattered-site development corresponding to the internal record set. All HUD rows and site rows remain preserved.",2026-08-10,merge_all,duplicate_reporting_or_later_episode_same_physical_development,same_physical_development_address,Apply only the explicit member partition. Preserve every HUD row as a project episode and every site row. Do not sum units or approve a coordinate query here.,2026-08-10,not_approved,FALSE,2,1,0,merge_all,NJ,LITC#671 SALEM HISTORIC HOMES PHASE II | SALEM HISTORIC HOMES PHASE II,77 CARPENTER ST|SALEM|NJ | 90 CARPENTER ST|SALEM|NJ,phase_or_component_only
XDA2_0250,new_two_pass_review,merge_all,internal_evidence_supports_one_physical_development,"Internal read: normalized and published names, state IDs, primary and complete address sets, placed-in-service years, unit scopes, and source-quality flags were read together. The resulting member partition is merge_all; no single field, including the shared address, was treated as dispositive.",2026-08-10,merge_all,duplicate_reporting_or_later_episode_same_physical_development,Google,https://www.google.com/search?q=LOCUST%20LANDING%20PHASE%20I%20%7C%20LOCUST%20LANDING%20PHASE%20I%20%23488%20NJ%20affordable%20housing,"Locust Landing Phase I | Affordable Housing in Red Bank, NJ",public_property_directory,https://affordablehousinghub.org/housing/new-jersey/monmouth-county/red-bank-boro/locust-landing-phase-i-24044-lihtc,"Outside read: the retained public records identify one named property, one later financing episode, one paired-financing development, or one scattered-site development corresponding to the internal record set. All HUD rows and site rows remain preserved.",2026-08-10,merge_all,duplicate_reporting_or_later_episode_same_physical_development,same_physical_development_address,Apply only the explicit member partition. Preserve every HUD row as a project episode and every site row. Do not sum units or approve a coordinate query here.,2026-08-10,not_approved,FALSE,2,1,0,merge_all,NJ,LOCUST LANDING PHASE I | LOCUST LANDING PHASE I #488,105 LOCUST AVE BLDG A|RED BANK|NJ,phase_or_component_only
XDA2_0251,new_two_pass_review,merge_all,internal_evidence_supports_one_physical_development,"Internal read: normalized and published names, state IDs, primary and complete address sets, placed-in-service years, unit scopes, and source-quality flags were read together. The resulting member partition is merge_all; no single field, including the shared address, was treated as dispositive.",2026-08-10,merge_all,duplicate_reporting_or_later_episode_same_physical_development,Google,https://www.google.com/search?q=MANALAPAN%20WOODS%20%7C%20WOOD%20AVENUE%20APARTMENTS%20NJ%20affordable%20housing,"Manalapan Woods | Affordable Housing in Manalapan, NJ | Wood Avenue Apartments | Affordable Housing in Manalapan, NJ",public_property_directory,https://affordablehousinghub.org/housing/new-jersey/monmouth-county/manalapan/manalapan-woods-23806-lihtc | https://affordablehousinghub.org/housing/new-jersey/monmouth-county/manalapan/wood-avenue-apartments-23928-lihtc,"Outside read: the retained public records identify one named property, one later financing episode, one paired-financing development, or one scattered-site development corresponding to the internal record set. All HUD rows and site rows remain preserved.",2026-08-10,merge_all,duplicate_reporting_or_later_episode_same_physical_development,same_physical_development_address,Apply only the explicit member partition. Preserve every HUD row as a project episode and every site row. Do not sum units or approve a coordinate query here.,2026-08-10,not_approved,FALSE,2,1,0,merge_all,NJ,MANALAPAN WOODS | WOOD AVENUE APARTMENTS,101 108 JUSTIN WAY|MANALAPAN|NJ | 48 WOOD AVE|MANALAPAN|NJ,name_or_timing_with_equal_units_near_pis
XDA2_0252,new_two_pass_review,merge_all,internal_evidence_supports_one_physical_development,"Internal read: normalized and published names, state IDs, primary and complete address sets, placed-in-service years, unit scopes, and source-quality flags were read together. The resulting member partition is merge_all; no single field, including the shared address, was treated as dispositive.",2026-08-10,merge_all,duplicate_reporting_or_later_episode_same_physical_development,Google,https://www.google.com/search?q=MARKET%20FAIR%20APT%20LITC%20%7C%20MARKETFAIR%20APTS.%20SH%20NJ%20affordable%20housing,"Market Fair Apt Litc | Affordable Housing in Camden, NJ | Marketfair Apts. Sh | Affordable Housing in Camden, NJ",public_property_directory,https://affordablehousinghub.org/housing/new-jersey/camden-county/camden/market-fair-apt-litc-22557-lihtc | https://affordablehousinghub.org/housing/new-jersey/camden-county/camden/marketfair-apts-sh-22758-lihtc,"Outside read: the retained public records identify one named property, one later financing episode, one paired-financing development, or one scattered-site development corresponding to the internal record set. All HUD rows and site rows remain preserved.",2026-08-10,merge_all,duplicate_reporting_or_later_episode_same_physical_development,same_physical_development_address,Apply only the explicit member partition. Preserve every HUD row as a project episode and every site row. Do not sum units or approve a coordinate query here.,2026-08-10,not_approved,FALSE,2,1,0,merge_all,NJ,MARKET FAIR APT LITC | MARKETFAIR APTS. SH,1201 YORKSHIP SQ|CAMDEN|NJ,name_or_timing_with_equal_units_near_pis
XDA2_0253,new_two_pass_review,merge_all,internal_evidence_supports_one_physical_development,"Internal read: normalized and published names, state IDs, primary and complete address sets, placed-in-service years, unit scopes, and source-quality flags were read together. The resulting member partition is merge_all; no single field, including the shared address, was treated as dispositive.",2026-08-10,merge_all,duplicate_reporting_or_later_episode_same_physical_development,Google,https://www.google.com/search?q=MC%20CORRISTIN%20SQUARE%20%7C%20MCCORRISTIN%20SQUARE%20NJ%20affordable%20housing,"Mccorristin Square | Affordable Housing in Hamilton Twp, NJ",public_property_directory,https://affordablehousinghub.org/housing/new-jersey/mercer-county/hamilton-twp/mccorristin-square-22916-lihtc,"Outside read: the retained public records identify one named property, one later financing episode, one paired-financing development, or one scattered-site development corresponding to the internal record set. All HUD rows and site rows remain preserved.",2026-08-10,merge_all,duplicate_reporting_or_later_episode_same_physical_development,same_physical_development_address,Apply only the explicit member partition. Preserve every HUD row as a project episode and every site row. Do not sum units or approve a coordinate query here.,2026-08-10,not_approved,FALSE,2,1,0,merge_all,NJ,MC CORRISTIN SQUARE | MCCORRISTIN SQUARE,75 LEONARD AVE|HAMILTON TOWNSHIP|NJ | 99 LEONARD AVE|HAMILTON TOWNSHIP|NJ,name_similarity_only
XDA2_0254,new_two_pass_review,merge_all,internal_evidence_supports_one_physical_development,"Internal read: normalized and published names, state IDs, primary and complete address sets, placed-in-service years, unit scopes, and source-quality flags were read together. The resulting member partition is merge_all; no single field, including the shared address, was treated as dispositive.",2026-08-10,merge_all,duplicate_reporting_or_later_episode_same_physical_development,Google,https://www.google.com/search?q=MID-CITY%20APARTMENTS%20-%20I%20%7C%20MID-CITY%20APTS%20NJ%20affordable%20housing,"Mid-City Apartments Ii | Affordable Housing in Jersey City, NJ | Mid-City Apts | Affordable Housing in Jersey City, NJ",public_property_directory,https://affordablehousinghub.org/housing/new-jersey/hudson-county/jersey-city/mid-city-apartments-ii-23128-lihtc | https://affordablehousinghub.org/housing/new-jersey/hudson-county/jersey-city/mid-city-apts-23317-lihtc,"Outside read: the retained public records identify one named property, one later financing episode, one paired-financing development, or one scattered-site development corresponding to the internal record set. All HUD rows and site rows remain preserved.",2026-08-10,merge_all,duplicate_reporting_or_later_episode_same_physical_development,same_physical_development_address,Apply only the explicit member partition. Preserve every HUD row as a project episode and every site row. Do not sum units or approve a coordinate query here.,2026-08-10,not_approved,FALSE,2,1,0,merge_all,NJ,MID-CITY APARTMENTS - I | MID-CITY APTS,108 ORIENT AVE|JERSEY CITY|NJ,name_or_timing_with_equal_units_near_pis
XDA2_0255,new_two_pass_review,merge_all,internal_evidence_supports_one_physical_development,"Internal read: normalized and published names, state IDs, primary and complete address sets, placed-in-service years, unit scopes, and source-quality flags were read together. The resulting member partition is merge_all; no single field, including the shared address, was treated as dispositive.",2026-08-10,merge_all,duplicate_reporting_or_later_episode_same_physical_development,Google,https://www.google.com/search?q=MILL%20STREAM%20APARTMENTS%20%7C%20MILLSTREAM%20APARTMENTS%20NJ%20affordable%20housing,"Millstream Apartments | Affordable Housing in Sewell, NJ",public_property_directory,https://affordablehousinghub.org/housing/new-jersey/gloucester-county/washington-twp/millstream-apartments-22886-lihtc,"Outside read: the retained public records identify one named property, one later financing episode, one paired-financing development, or one scattered-site development corresponding to the internal record set. All HUD rows and site rows remain preserved.",2026-08-10,merge_all,duplicate_reporting_or_later_episode_same_physical_development,same_physical_development_address,Apply only the explicit member partition. Preserve every HUD row as a project episode and every site row. Do not sum units or approve a coordinate query here.,2026-08-10,not_approved,FALSE,2,1,0,merge_all,NJ,MILL STREAM APARTMENTS | MILLSTREAM APARTMENTS,237 BLACKWOOD BARNESBORO R|TURNESRVILLE|NJ,name_or_timing_with_equal_units_near_pis
XDA2_0256,new_two_pass_review,merge_all,internal_evidence_supports_one_physical_development,"Internal read: normalized and published names, state IDs, primary and complete address sets, placed-in-service years, unit scopes, and source-quality flags were read together. The resulting member partition is merge_all; no single field, including the shared address, was treated as dispositive.",2026-08-10,merge_all,duplicate_reporting_or_later_episode_same_physical_development,Google,https://www.google.com/search?q=NCC%20MANOR%20%7C%20NEW%20COMMUNITY%20MANOR%20NJ%20affordable%20housing,"Ncc Manor | Affordable Housing in Newark, NJ | New Community Assoc | Affordable Housing in Newark, NJ",public_property_directory,https://affordablehousinghub.org/housing/new-jersey/essex-county/newark/ncc-manor-23689-lihtc | https://affordablehousinghub.org/housing/new-jersey/essex-county/newark/new-community-assoc-22521-lihtc,"Outside read: the retained public records identify one named property, one later financing episode, one paired-financing development, or one scattered-site development corresponding to the internal record set. All HUD rows and site rows remain preserved.",2026-08-10,merge_all,duplicate_reporting_or_later_episode_same_physical_development,same_physical_development_address,Apply only the explicit member partition. Preserve every HUD row as a project episode and every site row. Do not sum units or approve a coordinate query here.,2026-08-10,not_approved,FALSE,2,1,0,merge_all,NJ,NCC MANOR | NEW COMMUNITY MANOR,545 ORANGE ST|NEWARK|NJ,name_or_timing_with_equal_units_near_pis
XDA2_0257,new_two_pass_review,merge_all,internal_evidence_supports_one_physical_development,"Internal read: normalized and published names, state IDs, primary and complete address sets, placed-in-service years, unit scopes, and source-quality flags were read together. The resulting member partition is merge_all; no single field, including the shared address, was treated as dispositive.",2026-08-10,merge_all,duplicate_reporting_or_later_episode_same_physical_development,Google,https://www.google.com/search?q=NEW%20BRUNSWICK%20HOMES%20HOPE%20VI%20PHASE%20I%20%7C%20NEW%20BRUNSWICK%20HOMES%20HOPE%20VI%20PHASE%20I%20%23625%20NJ%20affordable%20housing,"New Brunswick Homes Hope Vi Phase I #625 | Affordable Housing in New Brunswick, NJ | New Brunswick Homes Hope Vi Phase I | Affordable Housing in New Brunswick, NJ",public_property_directory,https://affordablehousinghub.org/housing/new-jersey/middlesex-county/new-brunswick-city/new-brunswick-homes-hope-vi-phase-i-22587-lihtc | https://affordablehousinghub.org/housing/new-jersey/middlesex-county/new-brunswick/new-brunswick-homes-hope-vi-phase-i-625-49425-lihtc,"Outside read: the retained public records identify one named property, one later financing episode, one paired-financing development, or one scattered-site development corresponding to the internal record set. All HUD rows and site rows remain preserved.",2026-08-10,merge_all,duplicate_reporting_or_later_episode_same_physical_development,same_physical_development_address,Apply only the explicit member partition. Preserve every HUD row as a project episode and every site row. Do not sum units or approve a coordinate query here.,2026-08-10,not_approved,FALSE,2,1,0,merge_all,NJ,NEW BRUNSWICK HOMES HOPE VI PHASE I | NEW BRUNSWICK HOMES HOPE VI PHASE I #625,274 GEORGE ST|NEW BRUNSWICK|NJ,phase_or_component_only
XDA2_0258,new_two_pass_review,merge_all,internal_evidence_supports_one_physical_development,"Internal read: normalized and published names, state IDs, primary and complete address sets, placed-in-service years, unit scopes, and source-quality flags were read together. The resulting member partition is merge_all; no single field, including the shared address, was treated as dispositive.",2026-08-10,merge_all,duplicate_reporting_or_later_episode_same_physical_development,Google,https://www.google.com/search?q=NEW%20HOPE%20COMMUNITY%20PHASE%20II%20%7C%20NEW%20HOPE%20COMMUNITY%20PHASE%20II%20%2305902%20NJ%20affordable%20housing,"New Hope Community Phase Ii #05902 | Affordable Housing in Pleasantville, NJ | New Hope Community Phase Ii | Affordable Housing in Pleasantville City, NJ",public_property_directory,https://affordablehousinghub.org/housing/new-jersey/atlantic-county/pleasantville-city/new-hope-community-phase-ii-22553-lihtc | https://affordablehousinghub.org/housing/new-jersey/atlantic-county/pleasantville/new-hope-community-phase-ii-05902-22628-lihtc,"Outside read: the retained public records identify one named property, one later financing episode, one paired-financing development, or one scattered-site development corresponding to the internal record set. All HUD rows and site rows remain preserved.",2026-08-10,merge_all,duplicate_reporting_or_later_episode_same_physical_development,same_physical_development_address,Apply only the explicit member partition. Preserve every HUD row as a project episode and every site row. Do not sum units or approve a coordinate query here.,2026-08-10,not_approved,FALSE,2,1,0,merge_all,NJ,NEW HOPE COMMUNITY PHASE II | NEW HOPE COMMUNITY PHASE II #05902,320 322 WOODLAND AVE|PLEASANTVILLE|NJ,phase_or_component_only
XDA2_0259,new_two_pass_review,merge_all,internal_evidence_supports_one_physical_development,"Internal read: normalized and published names, state IDs, primary and complete address sets, placed-in-service years, unit scopes, and source-quality flags were read together. The resulting member partition is merge_all; no single field, including the shared address, was treated as dispositive.",2026-08-10,merge_all,duplicate_reporting_or_later_episode_same_physical_development,Google,https://www.google.com/search?q=NEW%20HORIZONS%20-%20PHASE%20I%20%7C%20NEW%20HORIZONS%20PHASE%201%20NJ%20affordable%20housing,"New Horizons - Phase I | Affordable Housing in Newark, NJ",public_property_directory,https://affordablehousinghub.org/housing/new-jersey/essex-county/newark/new-horizons-phase-i-23116-lihtc,"Outside read: the retained public records identify one named property, one later financing episode, one paired-financing development, or one scattered-site development corresponding to the internal record set. All HUD rows and site rows remain preserved.",2026-08-10,merge_all,duplicate_reporting_or_later_episode_same_physical_development,same_physical_development_address,Apply only the explicit member partition. Preserve every HUD row as a project episode and every site row. Do not sum units or approve a coordinate query here.,2026-08-10,not_approved,FALSE,2,1,0,merge_all,NJ,NEW HORIZONS - PHASE I | NEW HORIZONS PHASE 1,220 246 IRVINE TURNER BLVD|NEWARK|NJ,phase_or_component_only
XDA2_0260,new_two_pass_review,merge_all,internal_evidence_supports_one_physical_development,"Internal read: normalized and published names, state IDs, primary and complete address sets, placed-in-service years, unit scopes, and source-quality flags were read together. The resulting member partition is merge_all; no single field, including the shared address, was treated as dispositive.",2026-08-10,merge_all,duplicate_reporting_or_later_episode_same_physical_development,Google,https://www.google.com/search?q=NORTH%20BERGEN%20RENAISSANCE%20I%20%7C%20NORTH%20BERGEN%20RENAISSANCE%20I%20%23587%20NJ%20affordable%20housing,"North Bergen Renaissance I | Affordable Housing in North Bergen, NJ",public_property_directory,https://affordablehousinghub.org/housing/new-jersey/hudson-county/north-bergen-twp/north-bergen-renaissance-i-23995-lihtc,"Outside read: the retained public records identify one named property, one later financing episode, one paired-financing development, or one scattered-site development corresponding to the internal record set. All HUD rows and site rows remain preserved.",2026-08-10,merge_all,duplicate_reporting_or_later_episode_same_physical_development,same_physical_development_address,Apply only the explicit member partition. Preserve every HUD row as a project episode and every site row. Do not sum units or approve a coordinate query here.,2026-08-10,not_approved,FALSE,2,1,0,merge_all,NJ,NORTH BERGEN RENAISSANCE I | NORTH BERGEN RENAISSANCE I #587,6201 GRAND AVE|NORTH BERGEN|NJ,name_similarity_only
XDA2_0261,new_two_pass_review,merge_all,internal_evidence_supports_one_physical_development,"Internal read: normalized and published names, state IDs, primary and complete address sets, placed-in-service years, unit scopes, and source-quality flags were read together. The resulting member partition is merge_all; no single field, including the shared address, was treated as dispositive.",2026-08-10,merge_all,duplicate_reporting_or_later_episode_same_physical_development,Google,https://www.google.com/search?q=OAK%20PARK%20APARTMENTS%20%7C%20OAK%20PARK%20APARTMENTS%20%2305411%20NJ%20affordable%20housing,"Oak Park Apartments #05411 | Affordable Housing in Roselle, NJ | Oak Park Apartments | Affordable Housing in Roselle, NJ",public_property_directory,https://affordablehousinghub.org/housing/new-jersey/union-county/roselle-boro/oak-park-apartments-22570-lihtc | https://affordablehousinghub.org/housing/new-jersey/union-county/roselle/oak-park-apartments-05411-22617-lihtc,"Outside read: the retained public records identify one named property, one later financing episode, one paired-financing development, or one scattered-site development corresponding to the internal record set. All HUD rows and site rows remain preserved.",2026-08-10,merge_all,duplicate_reporting_or_later_episode_same_physical_development,same_physical_development_address,Apply only the explicit member partition. Preserve every HUD row as a project episode and every site row. Do not sum units or approve a coordinate query here.,2026-08-10,not_approved,FALSE,2,1,0,merge_all,NJ,OAK PARK APARTMENTS | OAK PARK APARTMENTS #05411,1 GARDEN DR|ROSELLE|NJ,name_or_timing_with_equal_units_near_pis
XDA2_0262,new_two_pass_review,merge_all,internal_evidence_supports_one_physical_development,"Internal read: normalized and published names, state IDs, primary and complete address sets, placed-in-service years, unit scopes, and source-quality flags were read together. The resulting member partition is merge_all; no single field, including the shared address, was treated as dispositive.",2026-08-10,merge_all,duplicate_reporting_or_later_episode_same_physical_development,Google,https://www.google.com/search?q=OCEAN%20BAYVIEW%20PHASE%20II%20%7C%20OCEAN%20BAYVIEW%20PHASE%20II%20-%23264%20NJ%20affordable%20housing,"Ocean Bayview Phase Ii -#264 | Affordable Housing in Jersey City, NJ | Ocean Bayview Phase Ii | Affordable Housing in Jersey City, NJ",public_property_directory,https://affordablehousinghub.org/housing/new-jersey/hudson-county/jersey-city/ocean-bayview-phase-ii-23993-lihtc | https://affordablehousinghub.org/housing/new-jersey/hudson-county/jersey-city/ocean-bayview-phase-ii-264-24075-lihtc,"Outside read: the retained public records identify one named property, one later financing episode, one paired-financing development, or one scattered-site development corresponding to the internal record set. All HUD rows and site rows remain preserved.",2026-08-10,merge_all,duplicate_reporting_or_later_episode_same_physical_development,same_physical_development_address,Apply only the explicit member partition. Preserve every HUD row as a project episode and every site row. Do not sum units or approve a coordinate query here.,2026-08-10,not_approved,FALSE,2,1,0,merge_all,NJ,OCEAN BAYVIEW PHASE II | OCEAN BAYVIEW PHASE II -#264,509 OCEAN AVE BLDG A|JERSEY CITY|NJ,phase_or_component_only
XDA2_0263,new_two_pass_review,merge_all,internal_evidence_supports_one_physical_development,"Internal read: normalized and published names, state IDs, primary and complete address sets, placed-in-service years, unit scopes, and source-quality flags were read together. The resulting member partition is merge_all; no single field, including the shared address, was treated as dispositive.",2026-08-10,merge_all,duplicate_reporting_or_later_episode_same_physical_development,Google,https://www.google.com/search?q=OLD%20BRIDGE%20SENIOR%20APARTMENTS%20%7C%20OLD%20BRIDGE%20SENIOR%20APARTMENTS%20%23513%20NJ%20affordable%20housing,"Old Bridge Senior Apartments #513 | Affordable Housing in Old Bridge, NJ | Old Bridge Senior Apartments | Affordable Housing in Old Bridge, NJ",public_property_directory,https://affordablehousinghub.org/housing/new-jersey/middlesex-county/old-bridge-twp/old-bridge-senior-apartments-23992-lihtc | https://affordablehousinghub.org/housing/new-jersey/middlesex-county/old-bridge/old-bridge-senior-apartments-513-24076-lihtc,"Outside read: the retained public records identify one named property, one later financing episode, one paired-financing development, or one scattered-site development corresponding to the internal record set. All HUD rows and site rows remain preserved.",2026-08-10,merge_all,duplicate_reporting_or_later_episode_same_physical_development,same_physical_development_address,Apply only the explicit member partition. Preserve every HUD row as a project episode and every site row. Do not sum units or approve a coordinate query here.,2026-08-10,not_approved,FALSE,2,1,0,merge_all,NJ,OLD BRIDGE SENIOR APARTMENTS | OLD BRIDGE SENIOR APARTMENTS #513,100 MIMI RD|OLD BRIDGE|NJ,name_similarity_only
XDA2_0264,new_two_pass_review,merge_all,internal_evidence_supports_one_physical_development,"Internal read: normalized and published names, state IDs, primary and complete address sets, placed-in-service years, unit scopes, and source-quality flags were read together. The resulting member partition is merge_all; no single field, including the shared address, was treated as dispositive.",2026-08-10,merge_all,duplicate_reporting_or_later_episode_same_physical_development,Google,https://www.google.com/search?q=PAGE%20HOMES%20%231714%20%7C%20TURNER%20POINTE%20APARTMENTS%20NJ%20affordable%20housing,"Page Homes | Affordable Housing in Trenton, NJ",public_property_directory,https://affordablehousinghub.org/housing/new-jersey/mercer-county/trenton/page-homes-23119-lihtc,"Outside read: the retained public records identify one named property, one later financing episode, one paired-financing development, or one scattered-site development corresponding to the internal record set. All HUD rows and site rows remain preserved.",2026-08-10,merge_all,duplicate_reporting_or_later_episode_same_physical_development,same_physical_development_address,Apply only the explicit member partition. Preserve every HUD row as a project episode and every site row. Do not sum units or approve a coordinate query here.,2026-08-10,not_approved,FALSE,2,1,0,merge_all,NJ,PAGE HOMES #1714 | TURNER POINTE APARTMENTS,101 109 WILEY AVE|TRENTON|NJ | 150 ROSSELL AVE|TRENTON|NJ,name_or_timing_with_equal_units_near_pis
XDA2_0265,new_two_pass_review,merge_all,internal_evidence_supports_one_physical_development,"Internal read: normalized and published names, state IDs, primary and complete address sets, placed-in-service years, unit scopes, and source-quality flags were read together. The resulting member partition is merge_all; no single field, including the shared address, was treated as dispositive.",2026-08-10,merge_all,duplicate_reporting_or_later_episode_same_physical_development,Google,https://www.google.com/search?q=PARAMUS%20SENIOR%20CITIZENS%20%7C%20PARAMUS%20SR.%20CITIZENS%20NJ%20affordable%20housing,"Paramus Senior Citizens | Affordable Housing in Paramus, NJ | Paramus Sr. Citizens | Affordable Housing in Paramus, NJ",public_property_directory,https://affordablehousinghub.org/housing/new-jersey/bergen-county/paramus-boro/paramus-senior-citizens-23130-lihtc | https://affordablehousinghub.org/housing/new-jersey/bergen-county/paramus/paramus-sr-citizens-23073-lihtc,"Outside read: the retained public records identify one named property, one later financing episode, one paired-financing development, or one scattered-site development corresponding to the internal record set. All HUD rows and site rows remain preserved.",2026-08-10,merge_all,duplicate_reporting_or_later_episode_same_physical_development,same_physical_development_address,Apply only the explicit member partition. Preserve every HUD row as a project episode and every site row. Do not sum units or approve a coordinate query here.,2026-08-10,not_approved,FALSE,2,1,0,merge_all,NJ,PARAMUS SENIOR CITIZENS | PARAMUS SR. CITIZENS,200 GARDEN STATE PLZ BLVD|PARAMUS|NJ,name_or_timing_with_equal_units_near_pis
XDA2_0266,new_two_pass_review,merge_all,internal_evidence_supports_one_physical_development,"Internal read: normalized and published names, state IDs, primary and complete address sets, placed-in-service years, unit scopes, and source-quality flags were read together. The resulting member partition is merge_all; no single field, including the shared address, was treated as dispositive.",2026-08-10,merge_all,duplicate_reporting_or_later_episode_same_physical_development,Google,https://www.google.com/search?q=PARKVIEW%20SENIOR%20%7C%20PERTH%20AMBOY%20NJ%20affordable%20housing,"Parkview Senior | Affordable Housing in Perth Amboy, NJ | Perth Amboy Family | Affordable Housing in Perth Amboy, NJ",public_property_directory,https://affordablehousinghub.org/housing/new-jersey/middlesex-county/perth-amboy-city/parkview-senior-24089-lihtc | https://affordablehousinghub.org/housing/new-jersey/middlesex-county/perth-amboy/perth-amboy-family-23142-lihtc,"Outside read: the retained public records identify one named property, one later financing episode, one paired-financing development, or one scattered-site development corresponding to the internal record set. All HUD rows and site rows remain preserved.",2026-08-10,merge_all,duplicate_reporting_or_later_episode_same_physical_development,same_physical_development_address,Apply only the explicit member partition. Preserve every HUD row as a project episode and every site row. Do not sum units or approve a coordinate query here.,2026-08-10,not_approved,FALSE,2,1,0,merge_all,NJ,PARKVIEW SENIOR | PERTH AMBOY,618 NEW BRUNSWICK AVE|PERTH AMBOY|NJ,name_or_timing_with_equal_units_near_pis
XDA2_0267,new_two_pass_review,merge_all,internal_evidence_supports_one_physical_development,"Internal read: normalized and published names, state IDs, primary and complete address sets, placed-in-service years, unit scopes, and source-quality flags were read together. The resulting member partition is merge_all; no single field, including the shared address, was treated as dispositive.",2026-08-10,merge_all,duplicate_reporting_or_later_episode_same_physical_development,Google,https://www.google.com/search?q=PATERSON%20HOPE%2098%20URBAN%20RENEWAL%20%7C%20PATERSON%20HOPE%2098%20URBAN%20RENEWAL%20%23574%20NJ%20affordable%20housing,"Paterson Hope 98 Urban Renewal #574 | Affordable Housing in Paterson, NJ | Paterson Hope 98 Urban Renewal | Affordable Housing in Paterson, NJ",public_property_directory,https://affordablehousinghub.org/housing/new-jersey/passaic-county/paterson/paterson-hope-98-urban-renewal-23968-lihtc | https://affordablehousinghub.org/housing/new-jersey/passaic-county/paterson/paterson-hope-98-urban-renewal-574-23765-lihtc,"Outside read: the retained public records identify one named property, one later financing episode, one paired-financing development, or one scattered-site development corresponding to the internal record set. All HUD rows and site rows remain preserved.",2026-08-10,merge_all,duplicate_reporting_or_later_episode_same_physical_development,same_physical_development_address,Apply only the explicit member partition. Preserve every HUD row as a project episode and every site row. Do not sum units or approve a coordinate query here.,2026-08-10,not_approved,FALSE,2,1,0,merge_all,NJ,PATERSON HOPE 98 URBAN RENEWAL | PATERSON HOPE 98 URBAN RENEWAL #574,43 KATHYS CT|PATERSON|NJ,name_or_timing_with_equal_units_near_pis
XDA2_0268,new_two_pass_review,merge_all,internal_evidence_supports_one_physical_development,"Internal read: normalized and published names, state IDs, primary and complete address sets, placed-in-service years, unit scopes, and source-quality flags were read together. The resulting member partition is merge_all; no single field, including the shared address, was treated as dispositive.",2026-08-10,merge_all,duplicate_reporting_or_later_episode_same_physical_development,Google,https://www.google.com/search?q=PEAPACK%20%2B%20GLADSTONE%20FAMILY%20HOUSING%20%7C%20PEAPACK%20AND%20GLADSTONE%20FAMILY%20HOUSING%20%7C%20PEAPACK%2FGLADSTONE%20FAMILY%20HOUSING%20%7C%20PEAPACK%2FGLADSTONE%20FAMILY%20HOUSING%20%23543%20NJ%20affordable%20housing,"Peapack and Gladstone Family Housing | Affordable Housing in Peapack Gladstone Boro, NJ | Peapack Gladstone Family Housing #543 | Affordable Housing in Peapack, NJ | Peapack Gladstone Family Housing | Affordable Housing in Peapack, NJ",public_property_directory,https://affordablehousinghub.org/housing/new-jersey/somerset-county/peapack-gladstone-boro/peapack-and-gladstone-family-housing-22910-lihtc | https://affordablehousinghub.org/housing/new-jersey/somerset-county/peapack/peapack-gladstone-family-housing-23186-lihtc | https://affordablehousinghub.org/housing/new-jersey/somerset-county/peapack/peapack-gladstone-family-housing-543-23766-lihtc,"Outside read: the retained public records identify one named property, one later financing episode, one paired-financing development, or one scattered-site development corresponding to the internal record set. All HUD rows and site rows remain preserved.",2026-08-10,merge_all,duplicate_reporting_or_later_episode_same_physical_development,same_physical_development_address,Apply only the explicit member partition. Preserve every HUD row as a project episode and every site row. Do not sum units or approve a coordinate query here.,2026-08-10,not_approved,FALSE,4,1,0,merge_all,NJ,PEAPACK + GLADSTONE FAMILY HOUSING | PEAPACK AND GLADSTONE FAMILY HOUSING | PEAPACK/GLADSTONE FAMILY HOUSING | PEAPACK/GLADSTONE FAMILY HOUSING #543,101 106 HAMILTON CT|PEAPACK GLADSTONE|NJ | 85 MAIN ST|PEAPACK|NJ,name_or_timing_with_equal_units_near_pis
XDA2_0269,new_two_pass_review,merge_all,internal_evidence_supports_one_physical_development,"Internal read: normalized and published names, state IDs, primary and complete address sets, placed-in-service years, unit scopes, and source-quality flags were read together. The resulting member partition is merge_all; no single field, including the shared address, was treated as dispositive.",2026-08-10,merge_all,duplicate_reporting_or_later_episode_same_physical_development,Google,https://www.google.com/search?q=PROJECT%20FREEDOM%20AT%20HAMILTON%20%7C%20PROJECT%20FREEDOM%20AT%20HAMILTON%20TOWNSHIP%20NJ%20affordable%20housing,"Project Freedom At Hamilton | Affordable Housing in Hamilton Twp, NJ | Project Freedom At Hamilton Township | Affordable Housing in Trenton, NJ",public_property_directory,https://affordablehousinghub.org/housing/new-jersey/mercer-county/hamilton-twp/project-freedom-at-hamilton-22534-lihtc | https://affordablehousinghub.org/housing/new-jersey/mercer-county/trenton/project-freedom-at-hamilton-township-22513-lihtc,"Outside read: the retained public records identify one named property, one later financing episode, one paired-financing development, or one scattered-site development corresponding to the internal record set. All HUD rows and site rows remain preserved.",2026-08-10,merge_all,duplicate_reporting_or_later_episode_same_physical_development,same_physical_development_address,Apply only the explicit member partition. Preserve every HUD row as a project episode and every site row. Do not sum units or approve a coordinate query here.,2026-08-10,not_approved,FALSE,2,1,0,merge_all,NJ,PROJECT FREEDOM AT HAMILTON | PROJECT FREEDOM AT HAMILTON TOWNSHIP,715 KUSER RD|TRENTON|NJ,phase_or_component_only
XDA2_0270,new_two_pass_review,merge_all,internal_evidence_supports_one_physical_development,"Internal read: normalized and published names, state IDs, primary and complete address sets, placed-in-service years, unit scopes, and source-quality flags were read together. The resulting member partition is merge_all; no single field, including the shared address, was treated as dispositive.",2026-08-10,merge_all,duplicate_reporting_or_later_episode_same_physical_development,Google,https://www.google.com/search?q=RAMSEY%20SENIOR%20CITIZENS%20HOUSING%2C%20LP%20%7C%20WOODLANDS%20AT%20RAMSEY%20NJ%20affordable%20housing,"Woodlands At Ramsey | Affordable Housing in Ramsey, NJ",public_property_directory,https://affordablehousinghub.org/housing/new-jersey/bergen-county/ramsey-boro/woodlands-at-ramsey-22544-lihtc,"Outside read: the retained public records identify one named property, one later financing episode, one paired-financing development, or one scattered-site development corresponding to the internal record set. All HUD rows and site rows remain preserved.",2026-08-10,merge_all,duplicate_reporting_or_later_episode_same_physical_development,same_physical_development_address,Apply only the explicit member partition. Preserve every HUD row as a project episode and every site row. Do not sum units or approve a coordinate query here.,2026-08-10,not_approved,FALSE,2,1,0,merge_all,NJ,"RAMSEY SENIOR CITIZENS HOUSING, LP | WOODLANDS AT RAMSEY",141 PRINCE ST|RAMSEY|NJ,name_or_timing_with_equal_units_near_pis
XDA2_0271,new_two_pass_review,retain_each,internal_evidence_supports_distinct_phases_or_components,"Internal read: normalized and published names, state IDs, primary and complete address sets, placed-in-service years, unit scopes, and source-quality flags were read together. The resulting member partition is retain_each; no single field, including the shared address, was treated as dispositive.",2026-08-10,retain_each,distinct_phases_or_components_common_address,Google,https://www.google.com/search?q=RED%20ROCK%20PRESERVE%20I%20%20LITC%20%231805%20%28FKA%20YORK%20VILLAGE%20EAST%29%20%7C%20RED%20ROCK%20PRESERVE%20II%20%20LITC%20%231804%20%28FKA%20YORK%20VILLAGE%20WEST%29%20NJ%20affordable%20housing,NJHMFA tax-credit reservation list,allocating_agency_record,https://nj.gov/dca/hmfa/developers/docs/lihtc/tax/awards/4percent_through_December31_2024.pdf,"Outside read: the retained public records identify separately named phases, components, projects, or buildings. A common address or campus is not sufficient to collapse them.",2026-08-10,retain_each,distinct_phases_or_components_common_address,distinct_phase_or_component_common_address,Apply only the explicit member partition. Preserve every HUD row as a project episode and every site row. Do not sum units or approve a coordinate query here.,2026-08-10,not_approved,FALSE,2,2,0,retain_each,NJ,RED ROCK PRESERVE I  LITC #1805 (FKA YORK VILLAGE EAST) | RED ROCK PRESERVE II  LITC #1804 (FKA YORK VILLAGE WEST),975 OLD YORK RD|BRANCHBURG|NJ,name_or_timing_with_equal_units_near_pis
XDA2_0272,new_two_pass_review,merge_all,internal_evidence_supports_one_physical_development,"Internal read: normalized and published names, state IDs, primary and complete address sets, placed-in-service years, unit scopes, and source-quality flags were read together. The resulting member partition is merge_all; no single field, including the shared address, was treated as dispositive.",2026-08-10,merge_all,duplicate_reporting_or_later_episode_same_physical_development,Google,https://www.google.com/search?q=RIVER%20ROAD%20AFFORDABLE%20%7C%20RIVER%20ROAD%20AFFORDABLE%20%28SITE%20E%29%20%2305916%20%7C%20RIVER%20ROAD%20AFFORDABLE%20HSG%20%28SITE%20E%29%20%2305916%20NJ%20affordable%20housing,"River Road Affordable | Affordable Housing in Camden, NJ | River Road Affordable Site E #05916 | Affordable Housing in Camden, NJ",public_property_directory,https://affordablehousinghub.org/housing/new-jersey/camden-county/camden/river-road-affordable-22522-lihtc | https://affordablehousinghub.org/housing/new-jersey/camden-county/camden/river-road-affordable-site-e-05916-22629-lihtc,"Outside read: the retained public records identify one named property, one later financing episode, one paired-financing development, or one scattered-site development corresponding to the internal record set. All HUD rows and site rows remain preserved.",2026-08-10,merge_all,duplicate_reporting_or_later_episode_same_physical_development,same_physical_development_address,Apply only the explicit member partition. Preserve every HUD row as a project episode and every site row. Do not sum units or approve a coordinate query here.,2026-08-10,not_approved,FALSE,3,1,0,merge_all,NJ,RIVER ROAD AFFORDABLE | RIVER ROAD AFFORDABLE (SITE E) #05916 | RIVER ROAD AFFORDABLE HSG (SITE E) #05916,1892 RIVER AVE|CAMDEN|NJ | 901 905 N 21ST ST|CAMDEN|NJ | 1894 RIVER RD|CAMDEN|NJ | 1906 1914 RIVER RD|CAMDEN|NJ | 1916 1924 RIVER RD|CAMDEN|NJ | 901 905 N 21ST ST|CAMDEN|NJ | 902 918 N 20TH ST|CAMDEN|NJ | ... (7 values),phase_or_component_only
XDA2_0273,new_two_pass_review,merge_all,internal_evidence_supports_one_physical_development,"Internal read: normalized and published names, state IDs, primary and complete address sets, placed-in-service years, unit scopes, and source-quality flags were read together. The resulting member partition is merge_all; no single field, including the shared address, was treated as dispositive.",2026-08-10,merge_all,duplicate_reporting_or_later_episode_same_physical_development,Google,https://www.google.com/search?q=RIVERSIDE%20VILLAGE%20APARTMENTS%20PHASE%201%20%7C%20RIVERSIDE%20VILLAGE%20APARTMENTS%20PHASE%20L%20NJ%20affordable%20housing,"Riverside Village Apartments Phase L | Affordable Housing in Paterson, NJ",public_property_directory,https://affordablehousinghub.org/housing/new-jersey/passaic-county/paterson-city/riverside-village-apartments-phase-l-23039-lihtc,"Outside read: the retained public records identify one named property, one later financing episode, one paired-financing development, or one scattered-site development corresponding to the internal record set. All HUD rows and site rows remain preserved.",2026-08-10,merge_all,duplicate_reporting_or_later_episode_same_physical_development,same_physical_development_address,Apply only the explicit member partition. Preserve every HUD row as a project episode and every site row. Do not sum units or approve a coordinate query here.,2026-08-10,not_approved,FALSE,2,1,0,merge_all,NJ,RIVERSIDE VILLAGE APARTMENTS PHASE 1 | RIVERSIDE VILLAGE APARTMENTS PHASE L,216 E 27TH ST BLDG A|PATERSON|NJ,phase_or_component_only
XDA2_0274,new_two_pass_review,merge_all,internal_evidence_supports_one_physical_development,"Internal read: normalized and published names, state IDs, primary and complete address sets, placed-in-service years, unit scopes, and source-quality flags were read together. The resulting member partition is merge_all; no single field, including the shared address, was treated as dispositive.",2026-08-10,merge_all,duplicate_reporting_or_later_episode_same_physical_development,Google,https://www.google.com/search?q=ROOSEVELT%20MANOR%20PHASES%209%20%2B%2010%20-%20CENTERVILLE%20SOUTH%20%7C%20ROOSEVELT%20MANOR%20PHASES%209%20AND%2010%20-%20CENTERVILLE%20SOUTH%20NJ%20affordable%20housing,"Roosevelt Manor Phases 9 and 10 - Centerville South | Affordable Housing in Camden, NJ",public_property_directory,https://affordablehousinghub.org/housing/new-jersey/camden-county/camden-city/roosevelt-manor-phases-9-and-10-centerville-south-24086-lihtc,"Outside read: the retained public records identify one named property, one later financing episode, one paired-financing development, or one scattered-site development corresponding to the internal record set. All HUD rows and site rows remain preserved.",2026-08-10,merge_all,duplicate_reporting_or_later_episode_same_physical_development,same_physical_development_address,Apply only the explicit member partition. Preserve every HUD row as a project episode and every site row. Do not sum units or approve a coordinate query here.,2026-08-10,not_approved,FALSE,2,1,0,merge_all,NJ,ROOSEVELT MANOR PHASES 9 + 10 - CENTERVILLE SOUTH | ROOSEVELT MANOR PHASES 9 AND 10 - CENTERVILLE SOUTH,1742 52 SEVENTH ST|CAMDEN|NJ,name_or_timing_with_equal_units_near_pis
XDA2_0275,new_two_pass_review,merge_all,internal_evidence_supports_one_physical_development,"Internal read: normalized and published names, state IDs, primary and complete address sets, placed-in-service years, unit scopes, and source-quality flags were read together. The resulting member partition is merge_all; no single field, including the shared address, was treated as dispositive.",2026-08-10,merge_all,duplicate_reporting_or_later_episode_same_physical_development,Google,https://www.google.com/search?q=ROSEGATE%20%20%23692%20%7C%20ROSEGATE%20SENIOR%20HOUSING%20%7C%20ROSEGATE%20SENIOR%20HOUSING%20%20%23692%20NJ%20affordable%20housing,"Rosegate #692 | Affordable Housing in Rahway, NJ | Rosegate Senior Housing | Affordable Housing in Rahway, NJ",public_property_directory,https://affordablehousinghub.org/housing/new-jersey/union-county/rahway-city/rosegate-senior-housing-22572-lihtc | https://affordablehousinghub.org/housing/new-jersey/union-county/rahway/rosegate-692-22619-lihtc,"Outside read: the retained public records identify one named property, one later financing episode, one paired-financing development, or one scattered-site development corresponding to the internal record set. All HUD rows and site rows remain preserved.",2026-08-10,merge_all,duplicate_reporting_or_later_episode_same_physical_development,same_physical_development_address,Apply only the explicit member partition. Preserve every HUD row as a project episode and every site row. Do not sum units or approve a coordinate query here.,2026-08-10,not_approved,FALSE,3,1,0,merge_all,NJ,ROSEGATE  #692 | ROSEGATE SENIOR HOUSING | ROSEGATE SENIOR HOUSING  #692,555 E HAZELWOOD AVE|RAHWAY|NJ | 555 E HAZLEWOOD AVE|RAHWAY|NJ,name_or_timing_with_equal_units_near_pis
XDA2_0276,new_two_pass_review,merge_all,internal_evidence_supports_one_physical_development,"Internal read: normalized and published names, state IDs, primary and complete address sets, placed-in-service years, unit scopes, and source-quality flags were read together. The resulting member partition is merge_all; no single field, including the shared address, was treated as dispositive.",2026-08-10,merge_all,duplicate_reporting_or_later_episode_same_physical_development,Google,https://www.google.com/search?q=RUG%20MILL%20SENIOR%20%7C%20RUG%20MILL%20SENIORS%20NJ%20affordable%20housing,"Rug Mill Senior | Affordable Housing in Freehold, NJ | Rug Mill Seniors | Affordable Housing in Freehold, NJ",public_property_directory,https://affordablehousinghub.org/housing/new-jersey/monmouth-county/freehold-boro/rug-mill-seniors-22461-lihtc | https://affordablehousinghub.org/housing/new-jersey/monmouth-county/freehold/rug-mill-senior-22433-lihtc,"Outside read: the retained public records identify one named property, one later financing episode, one paired-financing development, or one scattered-site development corresponding to the internal record set. All HUD rows and site rows remain preserved.",2026-08-10,merge_all,duplicate_reporting_or_later_episode_same_physical_development,same_physical_development_address,Apply only the explicit member partition. Preserve every HUD row as a project episode and every site row. Do not sum units or approve a coordinate query here.,2026-08-10,not_approved,FALSE,2,1,0,merge_all,NJ,RUG MILL SENIOR | RUG MILL SENIORS,30 JACKSON ST|FREEHOLD|NJ,name_or_timing_with_equal_units_near_pis
XDA2_0277,new_two_pass_review,merge_all,internal_evidence_supports_one_physical_development,"Internal read: normalized and published names, state IDs, primary and complete address sets, placed-in-service years, unit scopes, and source-quality flags were read together. The resulting member partition is merge_all; no single field, including the shared address, was treated as dispositive.",2026-08-10,merge_all,duplicate_reporting_or_later_episode_same_physical_development,Google,https://www.google.com/search?q=SCUDDER%20HOMES%20SENIOR%20HOUSING%20%7C%20SCUDDER%20HOMES%20SENIOR%20URBAN%20RENEWAL%20%7C%20SCUDDER%20HOMES%20SENIOR%20URBAN%20RENEWAL%2C%20L.P.%20NJ%20affordable%20housing,"Scudder Homes Senior Housing | Affordable Housing in Newark, NJ | Scudder Homes Senior Urban Renewal | Affordable Housing in Newark, NJ | Scudder Homes Senior Urban Renewal, L.P. | Affordable Housing in Newark, NJ",public_property_directory,https://affordablehousinghub.org/housing/new-jersey/essex-county/newark-city/scudder-homes-senior-housing-22477-lihtc | https://affordablehousinghub.org/housing/new-jersey/essex-county/newark/scudder-homes-senior-urban-renewal-22854-lihtc | https://affordablehousinghub.org/housing/new-jersey/essex-county/newark/scudder-homes-senior-urban-renewal-lp-22426-lihtc,"Outside read: the retained public records identify one named property, one later financing episode, one paired-financing development, or one scattered-site development corresponding to the internal record set. All HUD rows and site rows remain preserved.",2026-08-10,merge_all,duplicate_reporting_or_later_episode_same_physical_development,same_physical_development_address,Apply only the explicit member partition. Preserve every HUD row as a project episode and every site row. Do not sum units or approve a coordinate query here.,2026-08-10,not_approved,FALSE,3,1,0,merge_all,NJ,"SCUDDER HOMES SENIOR HOUSING | SCUDDER HOMES SENIOR URBAN RENEWAL | SCUDDER HOMES SENIOR URBAN RENEWAL, L.P.",179 195 W KINNEY ST|NEWARK|NJ | 195 W KINNEY ST|NEWARK|NJ | 195 W KINNEY ST|NEWARK|NJ,name_or_timing_with_equal_units_near_pis
XDA2_0278,new_two_pass_review,merge_all,internal_evidence_supports_one_physical_development,"Internal read: normalized and published names, state IDs, primary and complete address sets, placed-in-service years, unit scopes, and source-quality flags were read together. The resulting member partition is merge_all; no single field, including the shared address, was treated as dispositive.",2026-08-10,merge_all,duplicate_reporting_or_later_episode_same_physical_development,Google,https://www.google.com/search?q=SENIOR%20HORIZONS%20AT%20BAYONNE%20%7C%20SENIOR%20HORIZONS%20AT%20BAYONNE%20%23623%20%7C%20SENIOR%20HORIZONS%20OF%20BAYONNE%20%7C%20SENIOR%20HORIZONS%20OF%20BAYONNE%20%23623%20NJ%20affordable%20housing,"Senior Horizons At Bayonne #623 | Affordable Housing in Bayonne, NJ | Senior Horizons At Bayonne | Affordable Housing in Bayonne, NJ | Senior Horizons of Bayonne | Affordable Housing in Bayonne, NJ",public_property_directory,https://affordablehousinghub.org/housing/new-jersey/hudson-county/bayonne-city/senior-horizons-of-bayonne-22764-lihtc | https://affordablehousinghub.org/housing/new-jersey/hudson-county/bayonne/senior-horizons-at-bayonne-22614-lihtc | https://affordablehousinghub.org/housing/new-jersey/hudson-county/bayonne/senior-horizons-at-bayonne-623-22737-lihtc,"Outside read: the retained public records identify one named property, one later financing episode, one paired-financing development, or one scattered-site development corresponding to the internal record set. All HUD rows and site rows remain preserved.",2026-08-10,merge_all,duplicate_reporting_or_later_episode_same_physical_development,same_physical_development_address,Apply only the explicit member partition. Preserve every HUD row as a project episode and every site row. Do not sum units or approve a coordinate query here.,2026-08-10,not_approved,FALSE,4,1,0,merge_all,NJ,SENIOR HORIZONS AT BAYONNE | SENIOR HORIZONS AT BAYONNE #623 | SENIOR HORIZONS OF BAYONNE | SENIOR HORIZONS OF BAYONNE #623,74 LEXINGTON AVE|BAYONNE|NJ,name_or_timing_with_equal_units_near_pis
XDA2_0279,new_two_pass_review,merge_all,internal_evidence_supports_one_physical_development,"Internal read: normalized and published names, state IDs, primary and complete address sets, placed-in-service years, unit scopes, and source-quality flags were read together. The resulting member partition is merge_all; no single field, including the shared address, was treated as dispositive.",2026-08-10,merge_all,duplicate_reporting_or_later_episode_same_physical_development,Google,https://www.google.com/search?q=SENIOR%20HORIZONS%20AT%20CLIFTON%20%7C%20SENIOR%20HORIZONS%20AT%20CLIFTON%20%23691%20NJ%20affordable%20housing,"Senior Horizons At Clifton #691 | Affordable Housing in Clifton, NJ",public_property_directory,https://affordablehousinghub.org/housing/new-jersey/passaic-county/clifton/senior-horizons-at-clifton-691-22464-lihtc,"Outside read: the retained public records identify one named property, one later financing episode, one paired-financing development, or one scattered-site development corresponding to the internal record set. All HUD rows and site rows remain preserved.",2026-08-10,merge_all,duplicate_reporting_or_later_episode_same_physical_development,same_physical_development_address,Apply only the explicit member partition. Preserve every HUD row as a project episode and every site row. Do not sum units or approve a coordinate query here.,2026-08-10,not_approved,FALSE,2,1,0,merge_all,NJ,SENIOR HORIZONS AT CLIFTON | SENIOR HORIZONS AT CLIFTON #691,714 CLIFTON AVE|CLIFTON|NJ,name_or_timing_with_equal_units_near_pis
XDA2_0280,new_two_pass_review,merge_all,internal_evidence_supports_one_physical_development,"Internal read: normalized and published names, state IDs, primary and complete address sets, placed-in-service years, unit scopes, and source-quality flags were read together. The resulting member partition is merge_all; no single field, including the shared address, was treated as dispositive.",2026-08-10,merge_all,duplicate_reporting_or_later_episode_same_physical_development,Google,https://www.google.com/search?q=SIENA%20VILLAGE%20AT%20WAYNE%20%7C%20SIENA%20VILLAGE%20AT%20WAYNE%20%23346%20NJ%20affordable%20housing,"Siena Village At Wayne #346 | Affordable Housing in Wayne, NJ | Siena Village At Wayne | Affordable Housing in Wayne, NJ",public_property_directory,https://affordablehousinghub.org/housing/new-jersey/passaic-county/wayne/siena-village-at-wayne-23936-lihtc | https://affordablehousinghub.org/housing/new-jersey/passaic-county/wayne/siena-village-at-wayne-346-23819-lihtc,"Outside read: the retained public records identify one named property, one later financing episode, one paired-financing development, or one scattered-site development corresponding to the internal record set. All HUD rows and site rows remain preserved.",2026-08-10,merge_all,duplicate_reporting_or_later_episode_same_physical_development,same_physical_development_address,Apply only the explicit member partition. Preserve every HUD row as a project episode and every site row. Do not sum units or approve a coordinate query here.,2026-08-10,not_approved,FALSE,2,1,0,merge_all,NJ,SIENA VILLAGE AT WAYNE | SIENA VILLAGE AT WAYNE #346,1000 SIENA VLG|WAYNE|NJ,name_or_timing_with_equal_units_near_pis
XDA2_0281,new_two_pass_review,merge_all,internal_evidence_supports_one_physical_development,"Internal read: normalized and published names, state IDs, primary and complete address sets, placed-in-service years, unit scopes, and source-quality flags were read together. The resulting member partition is merge_all; no single field, including the shared address, was treated as dispositive.",2026-08-10,merge_all,duplicate_reporting_or_later_episode_same_physical_development,Google,https://www.google.com/search?q=SOMERSET%20COUNTY%20AFFORDABLE%20%23676%20%7C%20SOMERSET%20COUNTY%20AFFORDABLE%20HOUSING%20%7C%20SOMERSET%20COUNTY%20SPTV%20HSG%20-%20LITC%20%23676%20%7C%20SOMERSET%20COUNTY%20SUPPORTIVE%20HOUSING%20NJ%20affordable%20housing,"Somerset County Affordable #676 | Affordable Housing in Somerville, NJ | Somerset County Affordable Housing | Affordable Housing in Somerville, NJ | Somerset County Supportive Housing | Affordable Housing in Somerville, NJ",public_property_directory,https://affordablehousinghub.org/housing/new-jersey/somerset-county/somerville-boro/somerset-county-supportive-housing-22491-lihtc | https://affordablehousinghub.org/housing/new-jersey/somerset-county/somerville/somerset-county-affordable-676-22620-lihtc | https://affordablehousinghub.org/housing/new-jersey/somerset-county/somerville/somerset-county-affordable-housing-22518-lihtc,"Outside read: the retained public records identify one named property, one later financing episode, one paired-financing development, or one scattered-site development corresponding to the internal record set. All HUD rows and site rows remain preserved.",2026-08-10,merge_all,duplicate_reporting_or_later_episode_same_physical_development,same_physical_development_address,Apply only the explicit member partition. Preserve every HUD row as a project episode and every site row. Do not sum units or approve a coordinate query here.,2026-08-10,not_approved,FALSE,4,1,0,merge_all,NJ,SOMERSET COUNTY AFFORDABLE #676 | SOMERSET COUNTY AFFORDABLE HOUSING | SOMERSET COUNTY SPTV HSG - LITC #676 | SOMERSET COUNTY SUPPORTIVE HOUSING,35 SOMERSET ST|SOMERSET|NJ | 35 SOMERSET ST|SOMERVILLE|NJ | 35 SOMERSET ST|SOMERVILLE|NJ,name_or_timing_with_equal_units_near_pis
XDA2_0282,new_two_pass_review,merge_all,internal_evidence_supports_one_physical_development,"Internal read: normalized and published names, state IDs, primary and complete address sets, placed-in-service years, unit scopes, and source-quality flags were read together. The resulting member partition is merge_all; no single field, including the shared address, was treated as dispositive.",2026-08-10,merge_all,duplicate_reporting_or_later_episode_same_physical_development,Google,https://www.google.com/search?q=SOUTH%20BROADWAY%20%7C%20SOUTH%20BROADWAY%20PARTNERSHIP%2C%20LP%20%23227%20NJ%20affordable%20housing,"South Broadway | Affordable Housing in Camden, NJ | South Broadway Partnership, Lp #227 | Affordable Housing in Camden, NJ",public_property_directory,https://affordablehousinghub.org/housing/new-jersey/camden-county/camden/south-broadway-23913-lihtc | https://affordablehousinghub.org/housing/new-jersey/camden-county/camden/south-broadway-partnership-lp-227-49407-lihtc,"Outside read: the retained public records identify one named property, one later financing episode, one paired-financing development, or one scattered-site development corresponding to the internal record set. All HUD rows and site rows remain preserved.",2026-08-10,merge_all,duplicate_reporting_or_later_episode_same_physical_development,same_physical_development_address,Apply only the explicit member partition. Preserve every HUD row as a project episode and every site row. Do not sum units or approve a coordinate query here.,2026-08-10,not_approved,FALSE,2,1,0,merge_all,NJ,"SOUTH BROADWAY | SOUTH BROADWAY PARTNERSHIP, LP #227",1840 S BROADWAY|CAMDEN|NJ,name_or_timing_with_equal_units_near_pis
XDA2_0283,new_two_pass_review,merge_all,internal_evidence_supports_one_physical_development,"Internal read: normalized and published names, state IDs, primary and complete address sets, placed-in-service years, unit scopes, and source-quality flags were read together. The resulting member partition is merge_all; no single field, including the shared address, was treated as dispositive.",2026-08-10,merge_all,duplicate_reporting_or_later_episode_same_physical_development,Google,https://www.google.com/search?q=SOUTH%20PLAINFIELD%20SENIOR%20HOUSING%20%7C%20SOUTH%20PLAINFIELD%20SENIOR%20HOUSING%20%23554%20NJ%20affordable%20housing,"South Plainfield Senior Housing #554 | Affordable Housing in South Plainfield, NJ | South Plainfield Senior Housing | Affordable Housing in South Plainfield, NJ",public_property_directory,https://affordablehousinghub.org/housing/new-jersey/middlesex-county/south-plainfield-boro/south-plainfield-senior-housing-22589-lihtc | https://affordablehousinghub.org/housing/new-jersey/middlesex-county/south-plainfield/south-plainfield-senior-housing-554-23821-lihtc,"Outside read: the retained public records identify one named property, one later financing episode, one paired-financing development, or one scattered-site development corresponding to the internal record set. All HUD rows and site rows remain preserved.",2026-08-10,merge_all,duplicate_reporting_or_later_episode_same_physical_development,same_physical_development_address,Apply only the explicit member partition. Preserve every HUD row as a project episode and every site row. Do not sum units or approve a coordinate query here.,2026-08-10,not_approved,FALSE,2,1,0,merge_all,NJ,SOUTH PLAINFIELD SENIOR HOUSING | SOUTH PLAINFIELD SENIOR HOUSING #554,151 MORRIS AVE|SOUTH PLAINFIELD|NJ,name_similarity_only
XDA2_0284,new_two_pass_review,merge_all,internal_evidence_supports_one_physical_development,"Internal read: normalized and published names, state IDs, primary and complete address sets, placed-in-service years, unit scopes, and source-quality flags were read together. The resulting member partition is merge_all; no single field, including the shared address, was treated as dispositive.",2026-08-10,merge_all,duplicate_reporting_or_later_episode_same_physical_development,Google,https://www.google.com/search?q=SOUTH%20STATE%20STREET%2C%20LP%20%7C%20SOUTH%20STATE%20STREET%2C%20LP%20%23369%20NJ%20affordable%20housing,"South State Street, Lp #369 | Affordable Housing in Hillside, NJ | South State Street, Lp | Affordable Housing in Hillside, NJ",public_property_directory,https://affordablehousinghub.org/housing/new-jersey/union-county/hillside-twp/south-state-street-lp-23912-lihtc | https://affordablehousinghub.org/housing/new-jersey/union-county/hillside/south-state-street-lp-369-23841-lihtc,"Outside read: the retained public records identify one named property, one later financing episode, one paired-financing development, or one scattered-site development corresponding to the internal record set. All HUD rows and site rows remain preserved.",2026-08-10,merge_all,duplicate_reporting_or_later_episode_same_physical_development,same_physical_development_address,Apply only the explicit member partition. Preserve every HUD row as a project episode and every site row. Do not sum units or approve a coordinate query here.,2026-08-10,not_approved,FALSE,2,1,0,merge_all,NJ,"SOUTH STATE STREET, LP | SOUTH STATE STREET, LP #369",1217 122 1 S STATE ST|HILLSIDE|NJ,name_or_timing_with_equal_units_near_pis
XDA2_0285,new_two_pass_review,merge_all,internal_evidence_supports_one_physical_development,"Internal read: normalized and published names, state IDs, primary and complete address sets, placed-in-service years, unit scopes, and source-quality flags were read together. The resulting member partition is merge_all; no single field, including the shared address, was treated as dispositive.",2026-08-10,merge_all,duplicate_reporting_or_later_episode_same_physical_development,Google,https://www.google.com/search?q=ST.%20PETER%27S%20SENIOR%20HOUSING%20%7C%20VILLAGE%20AT%20ST.%20PETER%27S%20NJ%20affordable%20housing,"Village At St. Peter'S | Affordable Housing in Pleasantville, NJ",public_property_directory,https://affordablehousinghub.org/housing/new-jersey/atlantic-county/pleasantville-twp/village-at-st-peters-23977-lihtc,"Outside read: the retained public records identify one named property, one later financing episode, one paired-financing development, or one scattered-site development corresponding to the internal record set. All HUD rows and site rows remain preserved.",2026-08-10,merge_all,duplicate_reporting_or_later_episode_same_physical_development,same_physical_development_address,Apply only the explicit member partition. Preserve every HUD row as a project episode and every site row. Do not sum units or approve a coordinate query here.,2026-08-10,not_approved,FALSE,2,1,0,merge_all,NJ,ST. PETER'S SENIOR HOUSING | VILLAGE AT ST. PETER'S,21 W BLACK HORSE PIKE|PLEASANTVILLE|NJ | 25 W BLACK HORSE PIKE|PLEASANTVILLE|NJ,name_or_timing_with_equal_units_near_pis
XDA2_0286,new_two_pass_review,merge_all,internal_evidence_supports_one_physical_development,"Internal read: normalized and published names, state IDs, primary and complete address sets, placed-in-service years, unit scopes, and source-quality flags were read together. The resulting member partition is merge_all; no single field, including the shared address, was treated as dispositive.",2026-08-10,merge_all,duplicate_reporting_or_later_episode_same_physical_development,Google,https://www.google.com/search?q=URBAN%20RENEWAL%20OF%20ELIZABETHPORT%2C%20L.P.%20%7C%20URBAN%20RENEWAL%20OF%20ELIZABETHPORT%2C%20L.P.%20%23552%20NJ%20affordable%20housing,"Urban Renewal of Elizabethport, L.P. #552 | Affordable Housing in Elizabeth, NJ | Urban Renewal of Elizabethport, L.P. | Affordable Housing in Elizabeth, NJ",public_property_directory,https://affordablehousinghub.org/housing/new-jersey/union-county/elizabeth-city/urban-renewal-of-elizabethport-lp-22462-lihtc | https://affordablehousinghub.org/housing/new-jersey/union-county/elizabeth/urban-renewal-of-elizabethport-lp-552-22457-lihtc,"Outside read: the retained public records identify one named property, one later financing episode, one paired-financing development, or one scattered-site development corresponding to the internal record set. All HUD rows and site rows remain preserved.",2026-08-10,merge_all,duplicate_reporting_or_later_episode_same_physical_development,same_physical_development_address,Apply only the explicit member partition. Preserve every HUD row as a project episode and every site row. Do not sum units or approve a coordinate query here.,2026-08-10,not_approved,FALSE,2,1,0,merge_all,NJ,"URBAN RENEWAL OF ELIZABETHPORT, L.P. | URBAN RENEWAL OF ELIZABETHPORT, L.P. #552",171 177 FIRST ST|ELIZABETH|NJ,name_or_timing_with_equal_units_near_pis
XDA2_0287,new_two_pass_review,merge_all,internal_evidence_supports_one_physical_development,"Internal read: normalized and published names, state IDs, primary and complete address sets, placed-in-service years, unit scopes, and source-quality flags were read together. The resulting member partition is merge_all; no single field, including the shared address, was treated as dispositive.",2026-08-10,merge_all,duplicate_reporting_or_later_episode_same_physical_development,Google,https://www.google.com/search?q=VALLEY%20BROOK%20VILLAGE%20%7C%20VALLEY%20BROOK%20VILLAGE%20I%20NJ%20affordable%20housing,"Valley Brook Village | Affordable Housing in Basking Ridge, NJ | Valley Brook Village I | Affordable Housing in Lyons, NJ",public_property_directory,https://affordablehousinghub.org/housing/new-jersey/somerset-county/basking-ridge/valley-brook-village-24130-lihtc | https://affordablehousinghub.org/housing/new-jersey/somerset-county/lyons/valley-brook-village-i-24032-lihtc,"Outside read: the retained public records identify one named property, one later financing episode, one paired-financing development, or one scattered-site development corresponding to the internal record set. All HUD rows and site rows remain preserved.",2026-08-10,merge_all,duplicate_reporting_or_later_episode_same_physical_development,same_physical_development_address,Apply only the explicit member partition. Preserve every HUD row as a project episode and every site row. Do not sum units or approve a coordinate query here.,2026-08-10,not_approved,FALSE,2,1,0,merge_all,NJ,VALLEY BROOK VILLAGE | VALLEY BROOK VILLAGE I,100 TRACEY CT|BASKING RIDGE|NJ | 151 KNOLLCROFT RD|BASKING RIDGE|NJ,name_similarity_only
XDA2_0288,new_two_pass_review,partition,internal_evidence_supports_member_level_partition,"Internal read: normalized and published names, state IDs, primary and complete address sets, placed-in-service years, unit scopes, and source-quality flags were read together. The resulting member partition is partition; no single field, including the shared address, was treated as dispositive.",2026-08-10,partition,duplicate_records_partitioned_within_distinct_phases,Google,https://www.google.com/search?q=WALTER%20G%20ALEXANDER%20DEVELOPMENT%20PHASE%20I%20%7C%20WALTER%20G%20ALEXANDER%2C%20PH%20II%20SENIOR%20%7C%20WALTER%20G.%20ALEXANDER%20REDEVELOPMENT%20PHASE%20II%20%7C%20WALTER%20G.%20ALEXANDER%20VILLAGE%20-%20PHASE%20I%20%7C%20WALTER%20G.%20ALEXANDER%20VILLAGE%20PHASE%20III%20NJ%20affordable%20housing,"Walter G Alexander Development Phase I | Affordable Housing in Orange, NJ | Walter G Alexander, Ph Ii Senior | Affordable Housing in Orange, NJ | Walter G. Alexander Redevelopment Phase Ii | Affordable Housing in Orange, NJ | Walter G. Alexander Village - Phase I | Affordable Housing in Orange, NJ | Walter G. Alexander Village Phase Iv | Affordable Housing in Orange City, NJ",public_property_directory,https://affordablehousinghub.org/housing/new-jersey/essex-county/orange-city/walter-g-alexander-village-phase-iv-23070-lihtc | https://affordablehousinghub.org/housing/new-jersey/essex-county/orange/walter-g-alexander-development-phase-i-23805-lihtc | https://affordablehousinghub.org/housing/new-jersey/essex-county/orange/walter-g-alexander-ph-ii-senior-23978-lihtc | https://affordablehousinghub.org/housing/new-jersey/essex-county/orange/walter-g-alexander-redevelopment-phase-ii-23808-lihtc | https://affordablehousinghub.org/housing/new-jersey/essex-county/orange/walter-g-alexander-village-phase-i-23979-lihtc,Outside read: the retained public records support duplicate reporting within some named phases or components while preserving the other named phases or components as distinct physical developments.,2026-08-10,partition,duplicate_records_partitioned_within_distinct_phases,mixed_duplicate_and_distinct_component_overlap,Apply only the explicit member partition. Preserve every HUD row as a project episode and every site row. Do not sum units or approve a coordinate query here.,2026-08-10,not_approved,FALSE,5,3,0,partition,NJ,"WALTER G ALEXANDER DEVELOPMENT PHASE I | WALTER G ALEXANDER, PH II SENIOR | WALTER G. ALEXANDER REDEVELOPMENT PHASE II | WALTER G. ALEXANDER VILLAGE - PHASE I | WALTER G. ALEXANDER VILLAGE PHASE III",105 WILSON PL|ORANGE|NJ | 105 WILSON PL|ORANGE|NJ | 98 PARROW ST A|ORANGE|NJ,phase_or_component_only
XDA2_0289,new_two_pass_review,partition,internal_evidence_supports_member_level_partition,"Internal read: normalized and published names, state IDs, primary and complete address sets, placed-in-service years, unit scopes, and source-quality flags were read together. The resulting member partition is partition; no single field, including the shared address, was treated as dispositive.",2026-08-10,partition,duplicate_records_partitioned_within_distinct_phases,Google,https://www.google.com/search?q=WARREN%20STREET%20APARTMENTS%20-%20PHASE%20I%20%7C%20WARREN%20STREET%20APARTMENTS%20-%20PHASE%20II%20%7C%20WARREN%20STREET%20APARTMENTS%20-%20PHASE%20II%20%23521%20%7C%20WARREN%20STREET%20APARTMENTS-PHASE%20I%20%23452%20NJ%20affordable%20housing,"Warren Street Apartments - Phase I | Affordable Housing in Trenton, NJ | Warren Street Apartments - Phase Ii #521 | Affordable Housing in Trenton, NJ | Warren Street Apartments - Phase Ii | Affordable Housing in Trenton, NJ | Warren Street Apartments-Phase I #452 | Affordable Housing in Trenton, NJ",public_property_directory,https://affordablehousinghub.org/housing/new-jersey/mercer-county/trenton-city/warren-street-apartments-phase-i-23216-lihtc | https://affordablehousinghub.org/housing/new-jersey/mercer-county/trenton-city/warren-street-apartments-phase-ii-23882-lihtc | https://affordablehousinghub.org/housing/new-jersey/mercer-county/trenton/warren-street-apartments-phase-i-452-23898-lihtc | https://affordablehousinghub.org/housing/new-jersey/mercer-county/trenton/warren-street-apartments-phase-ii-521-23897-lihtc,Outside read: the retained public records support duplicate reporting within some named phases or components while preserving the other named phases or components as distinct physical developments.,2026-08-10,partition,duplicate_records_partitioned_within_distinct_phases,mixed_duplicate_and_distinct_component_overlap,Apply only the explicit member partition. Preserve every HUD row as a project episode and every site row. Do not sum units or approve a coordinate query here.,2026-08-10,not_approved,FALSE,4,2,0,partition,NJ,WARREN STREET APARTMENTS - PHASE I | WARREN STREET APARTMENTS - PHASE II | WARREN STREET APARTMENTS - PHASE II #521 | WARREN STREET APARTMENTS-PHASE I #452,222 N WARREN ST|TRENTON|NJ | 227 N WARREN ST|TRENTON|NJ,phase_or_component_only
XDA2_0290,new_two_pass_review,merge_all,internal_evidence_supports_one_physical_development,"Internal read: normalized and published names, state IDs, primary and complete address sets, placed-in-service years, unit scopes, and source-quality flags were read together. The resulting member partition is merge_all; no single field, including the shared address, was treated as dispositive.",2026-08-10,merge_all,duplicate_reporting_or_later_episode_same_physical_development,Google,https://www.google.com/search?q=WATER%20EDGE%20CRESCENT%20%7C%20WATERS%20EDGE%20CRESCENT%20NJ%20affordable%20housing,"Water Edge Crescent | Affordable Housing in Elizabeth, NJ | Waters Edge Crescent | Affordable Housing in Elizabeth, NJ",public_property_directory,https://affordablehousinghub.org/housing/new-jersey/union-county/elizabeth-city/water-edge-crescent-24087-lihtc | https://affordablehousinghub.org/housing/new-jersey/union-county/elizabeth/waters-edge-crescent-22635-lihtc,"Outside read: the retained public records identify one named property, one later financing episode, one paired-financing development, or one scattered-site development corresponding to the internal record set. All HUD rows and site rows remain preserved.",2026-08-10,merge_all,duplicate_reporting_or_later_episode_same_physical_development,same_physical_development_address,Apply only the explicit member partition. Preserve every HUD row as a project episode and every site row. Do not sum units or approve a coordinate query here.,2026-08-10,not_approved,FALSE,2,1,0,merge_all,NJ,WATER EDGE CRESCENT | WATERS EDGE CRESCENT,72 74 MAGNOLIA AVE|ELIZABETH|NJ,name_or_timing_with_equal_units_near_pis
XDA2_0291,new_two_pass_review,merge_all,internal_evidence_supports_one_physical_development,"Internal read: normalized and published names, state IDs, primary and complete address sets, placed-in-service years, unit scopes, and source-quality flags were read together. The resulting member partition is merge_all; no single field, including the shared address, was treated as dispositive.",2026-08-10,merge_all,duplicate_reporting_or_later_episode_same_physical_development,Google,https://www.google.com/search?q=WEEQUAHIC%20PARK%20APARTMENTS%20III%20%7C%20WEEQUAHIC%20PARK%20APTS.%20III%20%23390%20NJ%20affordable%20housing,"Weequahic Park Apartments Iii | Affordable Housing in Newark, NJ | Weequahic Park Apts Iii #390 | Affordable Housing in Newark, NJ",public_property_directory,https://affordablehousinghub.org/housing/new-jersey/essex-county/newark/weequahic-park-apartments-iii-23858-lihtc | https://affordablehousinghub.org/housing/new-jersey/essex-county/newark/weequahic-park-apts-iii-390-23342-lihtc,"Outside read: the retained public records identify one named property, one later financing episode, one paired-financing development, or one scattered-site development corresponding to the internal record set. All HUD rows and site rows remain preserved.",2026-08-10,merge_all,duplicate_reporting_or_later_episode_same_physical_development,same_physical_development_address,Apply only the explicit member partition. Preserve every HUD row as a project episode and every site row. Do not sum units or approve a coordinate query here.,2026-08-10,not_approved,FALSE,2,1,0,merge_all,NJ,WEEQUAHIC PARK APARTMENTS III | WEEQUAHIC PARK APTS. III #390,1 GRUMMAN AVE|NEWARK|NJ,name_or_timing_with_equal_units_near_pis
XDA2_0292,new_two_pass_review,merge_all,internal_evidence_supports_one_physical_development,"Internal read: normalized and published names, state IDs, primary and complete address sets, placed-in-service years, unit scopes, and source-quality flags were read together. The resulting member partition is merge_all; no single field, including the shared address, was treated as dispositive.",2026-08-10,merge_all,duplicate_reporting_or_later_episode_same_physical_development,Google,https://www.google.com/search?q=WEEQUAHIC%20PARK%20APARTMENTS%20VI%20%7C%20WEEQUAHIC%20PARK%20APARTMENTS%20VI%20%23440%20NJ%20affordable%20housing,"Weequahic Park Apartments Vi #440 | Affordable Housing in Newark, NJ | Weequahic Park Apartments Vi | Affordable Housing in Newark, NJ",public_property_directory,https://affordablehousinghub.org/housing/new-jersey/essex-county/newark/weequahic-park-apartments-vi-23860-lihtc | https://affordablehousinghub.org/housing/new-jersey/essex-county/newark/weequahic-park-apartments-vi-440-23899-lihtc,"Outside read: the retained public records identify one named property, one later financing episode, one paired-financing development, or one scattered-site development corresponding to the internal record set. All HUD rows and site rows remain preserved.",2026-08-10,merge_all,duplicate_reporting_or_later_episode_same_physical_development,same_physical_development_address,Apply only the explicit member partition. Preserve every HUD row as a project episode and every site row. Do not sum units or approve a coordinate query here.,2026-08-10,not_approved,FALSE,2,1,0,merge_all,NJ,WEEQUAHIC PARK APARTMENTS VI | WEEQUAHIC PARK APARTMENTS VI #440,1 11 MAPES AVE|NEWARK|NJ,name_or_timing_with_equal_units_near_pis
XDA2_0293,new_two_pass_review,merge_all,internal_evidence_supports_one_physical_development,"Internal read: normalized and published names, state IDs, primary and complete address sets, placed-in-service years, unit scopes, and source-quality flags were read together. The resulting member partition is merge_all; no single field, including the shared address, was treated as dispositive.",2026-08-10,merge_all,duplicate_reporting_or_later_episode_same_physical_development,Google,https://www.google.com/search?q=WEEQUAHIC%20PARK%20APTS%20V%20%7C%20WEEQUAHIC%20PARK%20APTS%20V%20%23476%20NJ%20affordable%20housing,"Weequahic Park Apts V #476 | Affordable Housing in Newark, NJ | Weequahic Park Apts V | Affordable Housing in Newark, NJ",public_property_directory,https://affordablehousinghub.org/housing/new-jersey/essex-county/newark/weequahic-park-apts-v-23859-lihtc | https://affordablehousinghub.org/housing/new-jersey/essex-county/newark/weequahic-park-apts-v-476-23343-lihtc,"Outside read: the retained public records identify one named property, one later financing episode, one paired-financing development, or one scattered-site development corresponding to the internal record set. All HUD rows and site rows remain preserved.",2026-08-10,merge_all,duplicate_reporting_or_later_episode_same_physical_development,same_physical_development_address,Apply only the explicit member partition. Preserve every HUD row as a project episode and every site row. Do not sum units or approve a coordinate query here.,2026-08-10,not_approved,FALSE,2,1,0,merge_all,NJ,WEEQUAHIC PARK APTS V | WEEQUAHIC PARK APTS V #476,2 CUSTER AVE|NEWARK|NJ,name_or_timing_with_equal_units_near_pis
XDA2_0294,new_two_pass_review,merge_all,internal_evidence_supports_one_physical_development,"Internal read: normalized and published names, state IDs, primary and complete address sets, placed-in-service years, unit scopes, and source-quality flags were read together. The resulting member partition is merge_all; no single field, including the shared address, was treated as dispositive.",2026-08-10,merge_all,duplicate_reporting_or_later_episode_same_physical_development,Google,https://www.google.com/search?q=WEST%20ELECTRONIC%20%7C%20WEST%20ELECTRONICS%20BUILDING%20NJ%20affordable%20housing,"West Electronic | Affordable Housing in Burlington, NJ | West Electronics Building | Affordable Housing in Burlington City, NJ",public_property_directory,https://affordablehousinghub.org/housing/new-jersey/burlington-county/burlington-city/west-electronics-building-22765-lihtc | https://affordablehousinghub.org/housing/new-jersey/burlington-county/burlington/west-electronic-49345-lihtc,"Outside read: the retained public records identify one named property, one later financing episode, one paired-financing development, or one scattered-site development corresponding to the internal record set. All HUD rows and site rows remain preserved.",2026-08-10,merge_all,duplicate_reporting_or_later_episode_same_physical_development,same_physical_development_address,Apply only the explicit member partition. Preserve every HUD row as a project episode and every site row. Do not sum units or approve a coordinate query here.,2026-08-10,not_approved,FALSE,2,1,0,merge_all,NJ,WEST ELECTRONIC | WEST ELECTRONICS BUILDING,240 E PEARL ST|BURLINGTON|NJ,name_or_timing_with_equal_units_near_pis
XDA2_0295,new_two_pass_review,merge_all,internal_evidence_supports_one_physical_development,"Internal read: normalized and published names, state IDs, primary and complete address sets, placed-in-service years, unit scopes, and source-quality flags were read together. The resulting member partition is merge_all; no single field, including the shared address, was treated as dispositive.",2026-08-10,merge_all,duplicate_reporting_or_later_episode_same_physical_development,Google,https://www.google.com/search?q=WEST%20LAKE%20SENIOR%20APARTMENTS%20%7C%20WEST%20LAKE%20SENIOR%20APARTMENTS%20%23702%20NJ%20affordable%20housing,"West Lake Senior Apartments #702 | Affordable Housing in Neptune, NJ | West Lake Senior Apartments | Affordable Housing in Neptune, NJ",public_property_directory,https://affordablehousinghub.org/housing/new-jersey/monmouth-county/neptune-twp/west-lake-senior-apartments-23857-lihtc | https://affordablehousinghub.org/housing/new-jersey/monmouth-county/neptune/west-lake-senior-apartments-702-23923-lihtc,"Outside read: the retained public records identify one named property, one later financing episode, one paired-financing development, or one scattered-site development corresponding to the internal record set. All HUD rows and site rows remain preserved.",2026-08-10,merge_all,duplicate_reporting_or_later_episode_same_physical_development,same_physical_development_address,Apply only the explicit member partition. Preserve every HUD row as a project episode and every site row. Do not sum units or approve a coordinate query here.,2026-08-10,not_approved,FALSE,2,1,0,merge_all,NJ,WEST LAKE SENIOR APARTMENTS | WEST LAKE SENIOR APARTMENTS #702,1609 W LAKE AVE|NEPTUNE|NJ,name_similarity_only
XDA2_0296,new_two_pass_review,merge_all,internal_evidence_supports_one_physical_development,"Internal read: normalized and published names, state IDs, primary and complete address sets, placed-in-service years, unit scopes, and source-quality flags were read together. The resulting member partition is merge_all; no single field, including the shared address, was treated as dispositive.",2026-08-10,merge_all,duplicate_reporting_or_later_episode_same_physical_development,Google,https://www.google.com/search?q=WEST%20NEW%20YORK%20HOUSING%20-%20MADISON%20%2B%20DEWEY%20%7C%20WEST%20NEW%20YORK%20HOUSING%20-%20MADISON%20AND%20DEWEY%20NJ%20affordable%20housing,"West New York Housing - Madison and Dewey | Affordable Housing in West New York, NJ",public_property_directory,https://affordablehousinghub.org/housing/new-jersey/hudson-county/west-new-york-town/west-new-york-housing-madison-and-dewey-22766-lihtc,"Outside read: the retained public records identify one named property, one later financing episode, one paired-financing development, or one scattered-site development corresponding to the internal record set. All HUD rows and site rows remain preserved.",2026-08-10,merge_all,duplicate_reporting_or_later_episode_same_physical_development,same_physical_development_address,Apply only the explicit member partition. Preserve every HUD row as a project episode and every site row. Do not sum units or approve a coordinate query here.,2026-08-10,not_approved,FALSE,2,1,0,merge_all,NJ,WEST NEW YORK HOUSING - MADISON + DEWEY | WEST NEW YORK HOUSING - MADISON AND DEWEY,6308 DEWEY AVE|WEST NEW YORK|NJ,name_similarity_only
XDA2_0297,new_two_pass_review,merge_all,internal_evidence_supports_one_physical_development,"Internal read: normalized and published names, state IDs, primary and complete address sets, placed-in-service years, unit scopes, and source-quality flags were read together. The resulting member partition is merge_all; no single field, including the shared address, was treated as dispositive.",2026-08-10,merge_all,duplicate_reporting_or_later_episode_same_physical_development,Google,https://www.google.com/search?q=WEST%20SIDE%20VILLAGE%20%7C%20WEST%20SIDE%20VILLAGE%20%23553%20NJ%20affordable%20housing,"West Side Village #553 | Affordable Housing in Newark, NJ | West Side Village | Affordable Housing in Newark, NJ",public_property_directory,https://affordablehousinghub.org/housing/new-jersey/essex-county/newark/west-side-village-23856-lihtc | https://affordablehousinghub.org/housing/new-jersey/essex-county/newark/west-side-village-553-23924-lihtc,"Outside read: the retained public records identify one named property, one later financing episode, one paired-financing development, or one scattered-site development corresponding to the internal record set. All HUD rows and site rows remain preserved.",2026-08-10,merge_all,duplicate_reporting_or_later_episode_same_physical_development,same_physical_development_address,Apply only the explicit member partition. Preserve every HUD row as a project episode and every site row. Do not sum units or approve a coordinate query here.,2026-08-10,not_approved,FALSE,2,1,0,merge_all,NJ,WEST SIDE VILLAGE | WEST SIDE VILLAGE #553,113 N 13TH ST|NEWARK|NJ,name_or_timing_with_equal_units_near_pis
XDA2_0298,new_two_pass_review,merge_all,internal_evidence_supports_one_physical_development,"Internal read: normalized and published names, state IDs, primary and complete address sets, placed-in-service years, unit scopes, and source-quality flags were read together. The resulting member partition is merge_all; no single field, including the shared address, was treated as dispositive.",2026-08-10,merge_all,duplicate_reporting_or_later_episode_same_physical_development,Google,https://www.google.com/search?q=WESTPORT%20HOMES%20HOPE%20VI%20%7C%20WESTPORT%20HOMES%20HOPE%20VI%20%23600%20NJ%20affordable%20housing,"Westport Homes Hope Vi #600 | Affordable Housing in Elizabeth, NJ | Westport Homes Hope Vi | Affordable Housing in Elizabeth, NJ",public_property_directory,https://affordablehousinghub.org/housing/new-jersey/union-county/elizabeth/westport-homes-hope-vi-22509-lihtc | https://affordablehousinghub.org/housing/new-jersey/union-county/elizabeth/westport-homes-hope-vi-600-23926-lihtc,"Outside read: the retained public records identify one named property, one later financing episode, one paired-financing development, or one scattered-site development corresponding to the internal record set. All HUD rows and site rows remain preserved.",2026-08-10,merge_all,duplicate_reporting_or_later_episode_same_physical_development,same_physical_development_address,Apply only the explicit member partition. Preserve every HUD row as a project episode and every site row. Do not sum units or approve a coordinate query here.,2026-08-10,not_approved,FALSE,2,1,0,merge_all,NJ,WESTPORT HOMES HOPE VI | WESTPORT HOMES HOPE VI #600,209 PORT AVE|ELIZABETH|NJ,name_similarity_only
XDA2_0299,new_two_pass_review,merge_all,internal_evidence_supports_one_physical_development,"Internal read: normalized and published names, state IDs, primary and complete address sets, placed-in-service years, unit scopes, and source-quality flags were read together. The resulting member partition is merge_all; no single field, including the shared address, was treated as dispositive.",2026-08-10,merge_all,duplicate_reporting_or_later_episode_same_physical_development,Google,https://www.google.com/search?q=WHISPERING%20WATERS%20APARTMENTS%20-%20PHASE%20II%20%7C%20WHISPERING%20WATERS%20PHASE%20II%20NJ%20affordable%20housing,"Whispering Waters Apartments - Phase Ii | Affordable Housing in Salem, NJ",public_property_directory,https://affordablehousinghub.org/housing/new-jersey/salem-county/salem-city/whispering-waters-apartments-phase-ii-22429-lihtc,"Outside read: the retained public records identify one named property, one later financing episode, one paired-financing development, or one scattered-site development corresponding to the internal record set. All HUD rows and site rows remain preserved.",2026-08-10,merge_all,duplicate_reporting_or_later_episode_same_physical_development,same_physical_development_address,Apply only the explicit member partition. Preserve every HUD row as a project episode and every site row. Do not sum units or approve a coordinate query here.,2026-08-10,not_approved,FALSE,2,1,0,merge_all,NJ,WHISPERING WATERS APARTMENTS - PHASE II | WHISPERING WATERS PHASE II,469 GRIEVES PKWY BLDG C|SALEM|NJ | 469 GRIEVES PKWY|SALEM|NJ,phase_or_component_only
XDA2_0300,new_two_pass_review,merge_all,internal_evidence_supports_one_physical_development,"Internal read: normalized and published names, state IDs, primary and complete address sets, placed-in-service years, unit scopes, and source-quality flags were read together. The resulting member partition is merge_all; no single field, including the shared address, was treated as dispositive.",2026-08-10,merge_all,duplicate_reporting_or_later_episode_same_physical_development,Google,https://www.google.com/search?q=WILLOWS%20AT%20WHITEHOUSE%20STATION%20%7C%20WILLOWS%20AT%20WHITEHOUSE%20STATION%20%20%231706%20NJ%20affordable%20housing,"Willows At Whitehouse Station | Affordable Housing in Readington Twp, NJ",public_property_directory,https://affordablehousinghub.org/housing/new-jersey/hunterdon-county/readington-twp/willows-at-whitehouse-station-23229-lihtc,"Outside read: the retained public records identify one named property, one later financing episode, one paired-financing development, or one scattered-site development corresponding to the internal record set. All HUD rows and site rows remain preserved.",2026-08-10,merge_all,duplicate_reporting_or_later_episode_same_physical_development,same_physical_development_address,Apply only the explicit member partition. Preserve every HUD row as a project episode and every site row. Do not sum units or approve a coordinate query here.,2026-08-10,not_approved,FALSE,2,1,0,merge_all,NJ,WILLOWS AT WHITEHOUSE STATION | WILLOWS AT WHITEHOUSE STATION  #1706,201 208 NELSON ST|READINGTON|NJ,name_similarity_only
XDA2_0301,new_two_pass_review,partition,internal_evidence_supports_member_level_partition,"Internal read: normalized and published names, state IDs, primary and complete address sets, placed-in-service years, unit scopes, and source-quality flags were read together. The resulting member partition is partition; no single field, including the shared address, was treated as dispositive.",2026-08-10,partition,duplicate_records_partitioned_within_distinct_phases,Google,https://www.google.com/search?q=WINSLOW%20CROSS%20CREEK%20PHASE%203%20%7C%20WINSLOW%20CROSS%20CREEK%20PHASE%20IV%20%7C%20WINSLWO%20CROSS%20CREEK%20PHASE%20IV%20NJ%20affordable%20housing,"Winslow Cross Creek Phase 3 | Affordable Housing in Winslow Twp, NJ | Winslow Cross Creek Phase Iv | Affordable Housing in Winslow Twp, NJ",public_property_directory,https://affordablehousinghub.org/housing/new-jersey/camden-county/winslow-twp/winslow-cross-creek-phase-3-23093-lihtc | https://affordablehousinghub.org/housing/new-jersey/camden-county/winslow-twp/winslow-cross-creek-phase-iv-23230-lihtc,Outside read: the retained public records support duplicate reporting within some named phases or components while preserving the other named phases or components as distinct physical developments.,2026-08-10,partition,duplicate_records_partitioned_within_distinct_phases,mixed_duplicate_and_distinct_component_overlap,Apply only the explicit member partition. Preserve every HUD row as a project episode and every site row. Do not sum units or approve a coordinate query here.,2026-08-10,not_approved,FALSE,3,2,0,partition,NJ,WINSLOW CROSS CREEK PHASE 3 | WINSLOW CROSS CREEK PHASE IV | WINSLWO CROSS CREEK PHASE IV,300 LAMPART DR|WINSLOW TWP|NJ | 500 LAMPART AVE|SICKLERVILLE|NJ,phase_or_component_only
XDA2_0302,new_two_pass_review,merge_all,internal_evidence_supports_one_physical_development,"Internal read: normalized and published names, state IDs, primary and complete address sets, placed-in-service years, unit scopes, and source-quality flags were read together. The resulting member partition is merge_all; no single field, including the shared address, was treated as dispositive.",2026-08-10,merge_all,duplicate_reporting_or_later_episode_same_physical_development,Google,https://www.google.com/search?q=WOODFIELD%20ESTATES%20AT%20FLORHAM%20PARK%20%7C%20WOODFIELD%20ESTATES%20AT%20FLORHAM%20PARK%20%23192%20NJ%20affordable%20housing,"Woodfield Estates At Florham Park #192 | Affordable Housing in Florham Park, NJ | Woodfield Estates At Florham Park | Affordable Housing in Florham Park Boro, NJ",public_property_directory,https://affordablehousinghub.org/housing/new-jersey/morris-county/florham-park-boro/woodfield-estates-at-florham-park-23833-lihtc | https://affordablehousinghub.org/housing/new-jersey/morris-county/florham-park/woodfield-estates-at-florham-park-192-23949-lihtc,"Outside read: the retained public records identify one named property, one later financing episode, one paired-financing development, or one scattered-site development corresponding to the internal record set. All HUD rows and site rows remain preserved.",2026-08-10,merge_all,duplicate_reporting_or_later_episode_same_physical_development,same_physical_development_address,Apply only the explicit member partition. Preserve every HUD row as a project episode and every site row. Do not sum units or approve a coordinate query here.,2026-08-10,not_approved,FALSE,2,1,0,merge_all,NJ,WOODFIELD ESTATES AT FLORHAM PARK | WOODFIELD ESTATES AT FLORHAM PARK #192,1 WARD PL|FLORHAM PARK|NJ,name_or_timing_with_equal_units_near_pis
XDA2_0303,new_two_pass_review,merge_all,internal_evidence_supports_one_physical_development,"Internal read: normalized and published names, state IDs, primary and complete address sets, placed-in-service years, unit scopes, and source-quality flags were read together. The resulting member partition is merge_all; no single field, including the shared address, was treated as dispositive.",2026-08-10,merge_all,duplicate_reporting_or_later_episode_same_physical_development,Google,https://www.google.com/search?q=WOODHAVEN%20AT%20SOUTH%20BRUNSWICK%20%7C%20WOODHAVEN%20AT%20SOUTH%20BRUNSWICK%20%23160%20NJ%20affordable%20housing,"Woodhaven At South Brunswick #160 | Affordable Housing in South Brunswick, NJ | Woodhaven At South Brunswick | Affordable Housing in South Brunswick Twp, NJ",public_property_directory,https://affordablehousinghub.org/housing/new-jersey/middlesex-county/south-brunswick-twp/woodhaven-at-south-brunswick-23832-lihtc | https://affordablehousinghub.org/housing/new-jersey/middlesex-county/south-brunswick/woodhaven-at-south-brunswick-160-23950-lihtc,"Outside read: the retained public records identify one named property, one later financing episode, one paired-financing development, or one scattered-site development corresponding to the internal record set. All HUD rows and site rows remain preserved.",2026-08-10,merge_all,duplicate_reporting_or_later_episode_same_physical_development,same_physical_development_address,Apply only the explicit member partition. Preserve every HUD row as a project episode and every site row. Do not sum units or approve a coordinate query here.,2026-08-10,not_approved,FALSE,2,1,0,merge_all,NJ,WOODHAVEN AT SOUTH BRUNSWICK | WOODHAVEN AT SOUTH BRUNSWICK #160,1401 JONES DR|SOUTH BRUNSWICK|NJ,name_or_timing_with_equal_units_near_pis
XDA2_0304,new_two_pass_review,retain_each,internal_evidence_supports_distinct_phases_or_components,"Internal read: normalized and published names, state IDs, primary and complete address sets, placed-in-service years, unit scopes, and source-quality flags were read together. The resulting member partition is retain_each; no single field, including the shared address, was treated as dispositive.",2026-08-10,retain_each,distinct_phases_or_components_common_address,Google,https://www.google.com/search?q=WOODROW%20WILSON%20-%20PHASE%20I%20%7C%20WOODROW%20WILSON%20PHASE%20II%20NJ%20affordable%20housing,"Woodrow Wilson - Phase I | Affordable Housing in Long Branch, NJ | Woodrow Wilson Phase Ii | Affordable Housing in Long Branch, NJ",public_property_directory,https://affordablehousinghub.org/housing/new-jersey/monmouth-county/long-branch/woodrow-wilson-phase-i-24029-lihtc | https://affordablehousinghub.org/housing/new-jersey/monmouth-county/long-branch/woodrow-wilson-phase-ii-23962-lihtc,"Outside read: the retained public records identify separately named phases, components, projects, or buildings. A common address or campus is not sufficient to collapse them.",2026-08-10,retain_each,distinct_phases_or_components_common_address,distinct_phase_or_component_common_address,Apply only the explicit member partition. Preserve every HUD row as a project episode and every site row. Do not sum units or approve a coordinate query here.,2026-08-10,not_approved,FALSE,2,2,0,retain_each,NJ,WOODROW WILSON - PHASE I | WOODROW WILSON PHASE II,520 HIGH ST|LONG BRANCH|NJ,phase_or_component_only
XDA2_0305,new_two_pass_review,merge_all,internal_evidence_supports_one_physical_development,"Internal read: normalized and published names, state IDs, primary and complete address sets, placed-in-service years, unit scopes, and source-quality flags were read together. The resulting member partition is merge_all; no single field, including the shared address, was treated as dispositive.",2026-08-10,merge_all,duplicate_reporting_or_later_episode_same_physical_development,Google,https://www.google.com/search?q=ZION%20TOWER%20%7C%20ZION%20TOWERS%20NJ%20affordable%20housing,"Zion Tower | Affordable Housing in Newark, NJ",public_property_directory,https://affordablehousinghub.org/housing/new-jersey/essex-county/newark-city/zion-tower-23096-lihtc,"Outside read: the retained public records identify one named property, one later financing episode, one paired-financing development, or one scattered-site development corresponding to the internal record set. All HUD rows and site rows remain preserved.",2026-08-10,merge_all,duplicate_reporting_or_later_episode_same_physical_development,same_physical_development_address,Apply only the explicit member partition. Preserve every HUD row as a project episode and every site row. Do not sum units or approve a coordinate query here.,2026-08-10,not_approved,FALSE,2,1,0,merge_all,NJ,ZION TOWER | ZION TOWERS,515 ELIZABETH AVE|NEWARK|NJ,name_or_timing_with_equal_units_near_pis
XDA2_0306,new_two_pass_review,merge_all,internal_evidence_supports_one_physical_development,"Internal read: normalized and published names, state IDs, primary and complete address sets, placed-in-service years, unit scopes, and source-quality flags were read together. The resulting member partition is merge_all; no single field, including the shared address, was treated as dispositive.",2026-08-10,merge_all,duplicate_reporting_or_later_episode_same_physical_development,Google,https://www.google.com/search?q=BONANZA%20PINES%20III%20%7C%20BONANZA%20PINES%20SENIOR%20APTS%20III%20NV%20affordable%20housing,"Bonanza Pines Iii | Affordable Housing in Las Vegas, NV | Bonanza Pines Senior Apts Iii | Affordable Housing in Las Vegas, NV",public_property_directory,https://affordablehousinghub.org/housing/nevada/clark-county/las-vegas/bonanza-pines-iii-25010-lihtc | https://affordablehousinghub.org/housing/nevada/clark-county/las-vegas/bonanza-pines-senior-apts-iii-24980-lihtc,"Outside read: the retained public records identify one named property, one later financing episode, one paired-financing development, or one scattered-site development corresponding to the internal record set. All HUD rows and site rows remain preserved.",2026-08-10,merge_all,duplicate_reporting_or_later_episode_same_physical_development,same_physical_development_address,Apply only the explicit member partition. Preserve every HUD row as a project episode and every site row. Do not sum units or approve a coordinate query here.,2026-08-10,not_approved,FALSE,2,1,0,merge_all,NV,BONANZA PINES III | BONANZA PINES SENIOR APTS III,4180 E BONANZA RD|LAS VEGAS|NV,name_or_timing_with_equal_units_near_pis
XDA2_0307,new_two_pass_review,retain_each,internal_evidence_supports_distinct_phases_or_components,"Internal read: normalized and published names, state IDs, primary and complete address sets, placed-in-service years, unit scopes, and source-quality flags were read together. The resulting member partition is retain_each; no single field, including the shared address, was treated as dispositive.",2026-08-10,retain_each,distinct_phases_or_components_common_address,Google,https://www.google.com/search?q=DAYTON%20VALLEY%20VILLAGE%20I%20%7C%20DAYTON%20VALLEY%20VILLAGE%20II%20NV%20affordable%20housing,"Dayton Valley Village I | Affordable Housing in Dayton, NV | Dayton Valley Village Ii | Affordable Housing in Dayton, NV",public_property_directory,https://affordablehousinghub.org/housing/nevada/lyon-county/dayton/dayton-valley-village-i-23458-lihtc | https://affordablehousinghub.org/housing/nevada/lyon-county/dayton/dayton-valley-village-ii-23662-lihtc,"Outside read: the retained public records identify separately named phases, components, projects, or buildings. A common address or campus is not sufficient to collapse them.",2026-08-10,retain_each,distinct_phases_or_components_common_address,distinct_phase_or_component_common_address,Apply only the explicit member partition. Preserve every HUD row as a project episode and every site row. Do not sum units or approve a coordinate query here.,2026-08-10,not_approved,FALSE,2,2,0,retain_each,NV,DAYTON VALLEY VILLAGE I | DAYTON VALLEY VILLAGE II,369 DAYTON VALLEY RD|DAYTON|NV,name_similarity_only
XDA2_0308,new_two_pass_review,retain_each,internal_evidence_supports_distinct_phases_or_components,"Internal read: normalized and published names, state IDs, primary and complete address sets, placed-in-service years, unit scopes, and source-quality flags were read together. The resulting member partition is retain_each; no single field, including the shared address, was treated as dispositive.",2026-08-10,retain_each,distinct_phases_or_components_common_address,Google,https://www.google.com/search?q=DESERT%20PINES%20II%20%7C%20DESERT%20PINES%20III%20%7C%20DESERT%20PINES%20IV%20NV%20affordable%20housing,"Desert Pines Ii | Affordable Housing in Las Vegas, NV | Desert Pines Iii | Affordable Housing in Las Vegas, NV | Desert Pines Iv | Affordable Housing in Las Vegas, NV",public_property_directory,https://affordablehousinghub.org/housing/nevada/clark-county/las-vegas/desert-pines-ii-22695-lihtc | https://affordablehousinghub.org/housing/nevada/clark-county/las-vegas/desert-pines-iii-49404-lihtc | https://affordablehousinghub.org/housing/nevada/clark-county/las-vegas/desert-pines-iv-22696-lihtc,"Outside read: the retained public records identify separately named phases, components, projects, or buildings. A common address or campus is not sufficient to collapse them.",2026-08-10,retain_each,distinct_phases_or_components_common_address,distinct_phase_or_component_common_address,Apply only the explicit member partition. Preserve every HUD row as a project episode and every site row. Do not sum units or approve a coordinate query here.,2026-08-10,not_approved,FALSE,3,3,0,retain_each,NV,DESERT PINES II | DESERT PINES III | DESERT PINES IV,3750 E BONANZA|LAS VEGAS|NV,name_or_timing_with_equal_units_near_pis
XDA2_0309,new_two_pass_review,retain_each,internal_evidence_supports_distinct_phases_or_components,"Internal read: normalized and published names, state IDs, primary and complete address sets, placed-in-service years, unit scopes, and source-quality flags were read together. The resulting member partition is retain_each; no single field, including the shared address, was treated as dispositive.",2026-08-10,retain_each,distinct_phases_or_components_common_address,Google,https://www.google.com/search?q=LAKE%20VISTA%20%7C%20LAKE%20VISTA%20APARTMENTS%20II%20NV%20affordable%20housing,"Lake Vista | Affordable Housing in Stateline, NV | Lake Vista Apartments Ii | Affordable Housing in Stateline, NV",public_property_directory,https://affordablehousinghub.org/housing/nevada/douglas-county/stateline/lake-vista-24713-lihtc | https://affordablehousinghub.org/housing/nevada/douglas-county/stateline/lake-vista-apartments-ii-24740-lihtc,"Outside read: the retained public records identify separately named phases, components, projects, or buildings. A common address or campus is not sufficient to collapse them.",2026-08-10,retain_each,distinct_phases_or_components_common_address,distinct_phase_or_component_common_address,Apply only the explicit member partition. Preserve every HUD row as a project episode and every site row. Do not sum units or approve a coordinate query here.,2026-08-10,not_approved,FALSE,2,2,0,retain_each,NV,LAKE VISTA | LAKE VISTA APARTMENTS II,131 MARKET ST|STATELINE|NV,name_or_timing_with_equal_units_near_pis
XDA2_0310,new_two_pass_review,retain_each,internal_evidence_supports_distinct_phases_or_components,"Internal read: normalized and published names, state IDs, primary and complete address sets, placed-in-service years, unit scopes, and source-quality flags were read together. The resulting member partition is retain_each; no single field, including the shared address, was treated as dispositive.",2026-08-10,retain_each,distinct_phases_or_components_common_address,Google,https://www.google.com/search?q=ST.%20VINCENT%20H.E.L.P.%20I%20%7C%20ST.%20VINCENT%20H.E.L.P.%20I%20%28B%29%20NV%20affordable%20housing,"St. Vincent H.E.L.P. I | Affordable Housing in Las Vegas, NV | St. Vincent H.E.L.P. I B | Affordable Housing in Las Vegas, NV",public_property_directory,https://affordablehousinghub.org/housing/nevada/clark-county/las-vegas/st-vincent-help-i-24973-lihtc | https://affordablehousinghub.org/housing/nevada/clark-county/las-vegas/st-vincent-help-i-b-25003-lihtc,"Outside read: the retained public records identify separately named phases, components, projects, or buildings. A common address or campus is not sufficient to collapse them.",2026-08-10,retain_each,distinct_phases_or_components_common_address,distinct_phase_or_component_common_address,Apply only the explicit member partition. Preserve every HUD row as a project episode and every site row. Do not sum units or approve a coordinate query here.,2026-08-10,not_approved,FALSE,2,2,0,retain_each,NV,ST. VINCENT H.E.L.P. I | ST. VINCENT H.E.L.P. I (B),1521 N LAS VEGAS BLVD|LAS VEGAS|NV,name_similarity_only
XDA2_0311,new_two_pass_review,merge_all,internal_evidence_supports_one_physical_development,"Internal read: normalized and published names, state IDs, primary and complete address sets, placed-in-service years, unit scopes, and source-quality flags were read together. The resulting member partition is merge_all; no single field, including the shared address, was treated as dispositive.",2026-08-10,merge_all,duplicate_reporting_or_later_episode_same_physical_development,Google,https://www.google.com/search?q=1769%20JEROME%20AVENUE%20%7C%20JEROME%20AVENUE%20APARTMENTS%20NY%20affordable%20housing,"Morris Avenue Apartments | Affordable Housing in Bronx, NY",public_property_directory,https://affordablehousinghub.org/housing/new-york/bronx-county/bronx/morris-avenue-apartments-33498-lihtc,"Outside read: the retained public records identify one named property, one later financing episode, one paired-financing development, or one scattered-site development corresponding to the internal record set. All HUD rows and site rows remain preserved.",2026-08-10,merge_all,duplicate_reporting_or_later_episode_same_physical_development,same_physical_development_address,Apply only the explicit member partition. Preserve every HUD row as a project episode and every site row. Do not sum units or approve a coordinate query here.,2026-08-10,not_approved,FALSE,2,1,0,merge_all,NY,1769 JEROME AVENUE | JEROME AVENUE APARTMENTS,1769 JEROME AVE|BRONX|NY,name_or_timing_with_equal_units_near_pis
XDA2_0312,new_two_pass_review,merge_all,internal_evidence_supports_one_physical_development,"Internal read: normalized and published names, state IDs, primary and complete address sets, placed-in-service years, unit scopes, and source-quality flags were read together. The resulting member partition is merge_all; no single field, including the shared address, was treated as dispositive.",2026-08-10,merge_all,duplicate_reporting_or_later_episode_same_physical_development,Google,https://www.google.com/search?q=ARISTA%20UAC%20PROPERTIES%2C%20L.P.%20%7C%20UNIVERSITY%20AVENUE%20CONSOLIDATION%20NY%20affordable%20housing,"Arista Uac Properties, L.P. | Affordable Housing in Bronx, NY | University Avenue Consolidation | Affordable Housing in Bronx, NY",public_property_directory,https://affordablehousinghub.org/housing/new-york/bronx-county/bronx/arista-uac-properties-lp-32348-lihtc | https://affordablehousinghub.org/housing/new-york/bronx-county/bronx/university-avenue-consolidation-32413-lihtc,"Outside read: the retained public records identify one named property, one later financing episode, one paired-financing development, or one scattered-site development corresponding to the internal record set. All HUD rows and site rows remain preserved.",2026-08-10,merge_all,duplicate_reporting_or_later_episode_same_physical_development,same_physical_development_address,Apply only the explicit member partition. Preserve every HUD row as a project episode and every site row. Do not sum units or approve a coordinate query here.,2026-08-10,not_approved,FALSE,2,1,0,merge_all,NY,"ARISTA UAC PROPERTIES, L.P. | UNIVERSITY AVENUE CONSOLIDATION",65 FEATHERBED LN|BRONX|NY,name_or_timing_with_equal_units_near_pis
XDA2_0313,new_two_pass_review,merge_all,internal_evidence_supports_one_physical_development,"Internal read: normalized and published names, state IDs, primary and complete address sets, placed-in-service years, unit scopes, and source-quality flags were read together. The resulting member partition is merge_all; no single field, including the shared address, was treated as dispositive.",2026-08-10,merge_all,duplicate_reporting_or_later_episode_same_physical_development,Google,https://www.google.com/search?q=BENSONHURST%20HOUSING%20FOR%20THE%20ELDERLY%20%7C%20BENSONHURST%20HOUSING%20L.P.%20NY%20affordable%20housing,"Bensonhurst Housing for the Elderly | Affordable Housing in Brooklyn, NY | Bensonhurst Housing L.P. | Affordable Housing in Brooklyn, NY",public_property_directory,https://affordablehousinghub.org/housing/new-york/kings-county/brooklyn/bensonhurst-housing-for-the-elderly-33277-lihtc | https://affordablehousinghub.org/housing/new-york/kings-county/brooklyn/bensonhurst-housing-lp-33419-lihtc,"Outside read: the retained public records identify one named property, one later financing episode, one paired-financing development, or one scattered-site development corresponding to the internal record set. All HUD rows and site rows remain preserved.",2026-08-10,merge_all,duplicate_reporting_or_later_episode_same_physical_development,same_physical_development_address,Apply only the explicit member partition. Preserve every HUD row as a project episode and every site row. Do not sum units or approve a coordinate query here.,2026-08-10,not_approved,FALSE,2,1,0,merge_all,NY,BENSONHURST HOUSING FOR THE ELDERLY | BENSONHURST HOUSING L.P.,2164 78TH ST|BROOKLYN|NY,name_or_timing_with_equal_units_near_pis
XDA2_0314,new_two_pass_review,retain_each,internal_evidence_supports_distinct_phases_or_components,"Internal read: normalized and published names, state IDs, primary and complete address sets, placed-in-service years, unit scopes, and source-quality flags were read together. The resulting member partition is retain_each; no single field, including the shared address, was treated as dispositive.",2026-08-10,retain_each,distinct_phases_or_components_common_address,Google,https://www.google.com/search?q=FRV%20PHASE%201%20LIHTC%20LLC%20%7C%20FRV%20PHASE%202%20LIHTC%20LLC%20NY%20affordable%20housing,LIHTC Properties in New York Through 2023,sector_compilation,https://www.novoco.com/public-media/documents/new-york-lihtc-properties-through-2023-072025.pdf,"Outside read: the retained public records identify separately named phases, components, projects, or buildings. A common address or campus is not sufficient to collapse them.",2026-08-10,retain_each,distinct_phases_or_components_common_address,distinct_phase_or_component_common_address,Apply only the explicit member partition. Preserve every HUD row as a project episode and every site row. Do not sum units or approve a coordinate query here.,2026-08-10,not_approved,FALSE,2,2,0,retain_each,NY,FRV PHASE 1 LIHTC LLC | FRV PHASE 2 LIHTC LLC,1725 VILLAGE LN|FAR ROCKAWAY|NY,phase_or_component_only
XDA2_0315,new_two_pass_review,retain_each,internal_evidence_supports_distinct_phases_or_components,"Internal read: normalized and published names, state IDs, primary and complete address sets, placed-in-service years, unit scopes, and source-quality flags were read together. The resulting member partition is retain_each; no single field, including the shared address, was treated as dispositive.",2026-08-10,retain_each,distinct_phases_or_components_common_address,Google,https://www.google.com/search?q=MEADOWS%20AT%20MIDDLE%20SETTLEMENT%20%7C%20MEADOWS%20AT%20MIDDLE%20SETTLEMENT%20II%20NY%20affordable%20housing,"Meadows At Middle Settlement | Affordable Housing in New Hartford, NY",public_property_directory,https://affordablehousinghub.org/housing/new-york/oneida-county/new-hartford/meadows-at-middle-settlement-31285-lihtc,"Outside read: the retained public records identify separately named phases, components, projects, or buildings. A common address or campus is not sufficient to collapse them.",2026-08-10,retain_each,distinct_phases_or_components_common_address,distinct_phase_or_component_common_address,Apply only the explicit member partition. Preserve every HUD row as a project episode and every site row. Do not sum units or approve a coordinate query here.,2026-08-10,not_approved,FALSE,2,2,0,retain_each,NY,MEADOWS AT MIDDLE SETTLEMENT | MEADOWS AT MIDDLE SETTLEMENT II,4310 MIDDLE SETTLEMENT RD|NEW HARTFORD|NY,name_similarity_only
XDA2_0316,new_two_pass_review,merge_all,internal_evidence_supports_one_physical_development,"Internal read: normalized and published names, state IDs, primary and complete address sets, placed-in-service years, unit scopes, and source-quality flags were read together. The resulting member partition is merge_all; no single field, including the shared address, was treated as dispositive.",2026-08-10,merge_all,duplicate_reporting_or_later_episode_same_physical_development,Google,https://www.google.com/search?q=MORRIS%20AVENUE%20CORNERSTONE%20%7C%20MORRIS%20AVENUE%20CORNERSTONE%20ASSOCIATES%2C%20LP%20NY%20affordable%20housing,"Morris Avenue Cornerstone | Affordable Housing in Bronx, NY | Morris Avenue Cornerstone Associates, Lp | Affordable Housing in Bronx, NY",public_property_directory,https://affordablehousinghub.org/housing/new-york/bronx-county/bronx/morris-avenue-cornerstone-32359-lihtc | https://affordablehousinghub.org/housing/new-york/bronx-county/bronx/morris-avenue-cornerstone-associates-lp-49349-lihtc,"Outside read: the retained public records identify one named property, one later financing episode, one paired-financing development, or one scattered-site development corresponding to the internal record set. All HUD rows and site rows remain preserved.",2026-08-10,merge_all,duplicate_reporting_or_later_episode_same_physical_development,same_physical_development_address,Apply only the explicit member partition. Preserve every HUD row as a project episode and every site row. Do not sum units or approve a coordinate query here.,2026-08-10,not_approved,FALSE,2,1,0,merge_all,NY,"MORRIS AVENUE CORNERSTONE | MORRIS AVENUE CORNERSTONE ASSOCIATES, LP",675 MORRIS AVE|BRONX|NY,name_or_timing_with_equal_units_near_pis
XDA2_0317,new_two_pass_review,merge_all,internal_evidence_supports_one_physical_development,"Internal read: normalized and published names, state IDs, primary and complete address sets, placed-in-service years, unit scopes, and source-quality flags were read together. The resulting member partition is merge_all; no single field, including the shared address, was treated as dispositive.",2026-08-10,merge_all,duplicate_reporting_or_later_episode_same_physical_development,Google,https://www.google.com/search?q=ST%20ANN%27S%20TERRACE%20%7C%20ST%20ANNS%20FG%20OWNER%20LLC%20NY%20affordable%20housing,"St Ann'S Terrace | Affordable Housing in Bronx, NY | St Anns Fg Owner Llc | Affordable Housing in Bronx, NY",public_property_directory,https://affordablehousinghub.org/housing/new-york/bronx-county/bronx/st-anns-fg-owner-llc-33245-lihtc | https://affordablehousinghub.org/housing/new-york/bronx-county/bronx/st-anns-terrace-33213-lihtc,"Outside read: the retained public records identify one named property, one later financing episode, one paired-financing development, or one scattered-site development corresponding to the internal record set. All HUD rows and site rows remain preserved.",2026-08-10,merge_all,duplicate_reporting_or_later_episode_same_physical_development,same_physical_development_address,Apply only the explicit member partition. Preserve every HUD row as a project episode and every site row. Do not sum units or approve a coordinate query here.,2026-08-10,not_approved,FALSE,2,1,0,merge_all,NY,ST ANN'S TERRACE | ST ANNS FG OWNER LLC,775 EAGLE AVE|BRONX|NY,name_or_timing_with_equal_units_near_pis
XDA2_0318,new_two_pass_review,merge_all,internal_evidence_supports_one_physical_development,"Internal read: normalized and published names, state IDs, primary and complete address sets, placed-in-service years, unit scopes, and source-quality flags were read together. The resulting member partition is merge_all; no single field, including the shared address, was treated as dispositive.",2026-08-10,merge_all,duplicate_reporting_or_later_episode_same_physical_development,Google,https://www.google.com/search?q=TROY%20%26%20KRISTENSEN%20%7C%20TROY%20AND%20KRISTENSEN%20NY%20affordable%20housing,Municipal Housing Authority for the City of Yonkers properties,housing_authority_record,https://www.mhacy.org/mhacy-properties/,"Outside read: the retained public records identify one named property, one later financing episode, one paired-financing development, or one scattered-site development corresponding to the internal record set. All HUD rows and site rows remain preserved.",2026-08-10,merge_all,duplicate_reporting_or_later_episode_same_physical_development,same_physical_development_address,Apply only the explicit member partition. Preserve every HUD row as a project episode and every site row. Do not sum units or approve a coordinate query here.,2026-08-10,not_approved,FALSE,2,1,0,merge_all,NY,TROY & KRISTENSEN | TROY AND KRISTENSEN,208 WILL ST 308 ASBURTON|YONKERS|NY | 208 WILLOW ST|YONKERS|NY,name_or_timing_with_equal_units_near_pis
XDA2_0319,new_two_pass_review,retain_each,internal_evidence_supports_distinct_phases_or_components,"Internal read: normalized and published names, state IDs, primary and complete address sets, placed-in-service years, unit scopes, and source-quality flags were read together. The resulting member partition is retain_each; no single field, including the shared address, was treated as dispositive.",2026-08-10,retain_each,distinct_phases_or_components_common_address,Google,https://www.google.com/search?q=CARVER%20PARK%20PHASE%20II%20%7C%20CARVER%20PARK%20PHASE%20III%20OH%20affordable%20housing,"Carver Park Phase Ii | Affordable Housing in Cleveland, OH",public_property_directory,https://affordablehousinghub.org/housing/ohio/cuyahoga-county/cleveland/carver-park-phase-ii-34810-lihtc,"Outside read: the retained public records identify separately named phases, components, projects, or buildings. A common address or campus is not sufficient to collapse them.",2026-08-10,retain_each,distinct_phases_or_components_common_address,distinct_phase_or_component_common_address,Apply only the explicit member partition. Preserve every HUD row as a project episode and every site row. Do not sum units or approve a coordinate query here.,2026-08-10,not_approved,FALSE,2,2,0,retain_each,OH,CARVER PARK PHASE II | CARVER PARK PHASE III,2366 E 55TH ST|CLEVELAND|OH,phase_or_component_only
XDA2_0320,new_two_pass_review,retain_each,internal_evidence_supports_distinct_phases_or_components,"Internal read: normalized and published names, state IDs, primary and complete address sets, placed-in-service years, unit scopes, and source-quality flags were read together. The resulting member partition is retain_each; no single field, including the shared address, was treated as dispositive.",2026-08-10,retain_each,distinct_phases_or_components_common_address,Google,https://www.google.com/search?q=CEDAR%20REDEVELOPMENT%20PHASE%20I%20%7C%20CEDAR%20REDEVELOPMENT%20PHASE%20II%20OH%20affordable%20housing,"Cedar Redevelopment Phase I | Affordable Housing in Cleveland, OH | Cedar Redevelopment Phase Ii | Affordable Housing in Cleveland, OH",public_property_directory,https://affordablehousinghub.org/housing/ohio/cuyahoga-county/cleveland/cedar-redevelopment-phase-i-35721-lihtc | https://affordablehousinghub.org/housing/ohio/cuyahoga-county/cleveland/cedar-redevelopment-phase-ii-35596-lihtc,"Outside read: the retained public records identify separately named phases, components, projects, or buildings. A common address or campus is not sufficient to collapse them.",2026-08-10,retain_each,distinct_phases_or_components_common_address,distinct_phase_or_component_common_address,Apply only the explicit member partition. Preserve every HUD row as a project episode and every site row. Do not sum units or approve a coordinate query here.,2026-08-10,not_approved,FALSE,2,2,0,retain_each,OH,CEDAR REDEVELOPMENT PHASE I | CEDAR REDEVELOPMENT PHASE II,2390 E 30TH ST|CLEVELAND|OH,phase_or_component_only
XDA2_0321,new_two_pass_review,retain_each,internal_evidence_supports_distinct_phases_or_components,"Internal read: normalized and published names, state IDs, primary and complete address sets, placed-in-service years, unit scopes, and source-quality flags were read together. The resulting member partition is retain_each; no single field, including the shared address, was treated as dispositive.",2026-08-10,retain_each,distinct_phases_or_components_common_address,Google,https://www.google.com/search?q=RIVERSIDE%20PARK%20PHASE%20II%20%7C%20RIVERSIDE%20PARK%20PHASE%20III%20OH%20affordable%20housing,"Riverside Park Phase Ii | Affordable Housing in Cleveland, OH",public_property_directory,https://affordablehousinghub.org/housing/ohio/cuyahoga-county/cleveland/riverside-park-phase-ii-35514-lihtc,"Outside read: the retained public records identify separately named phases, components, projects, or buildings. A common address or campus is not sufficient to collapse them.",2026-08-10,retain_each,distinct_phases_or_components_common_address,distinct_phase_or_component_common_address,Apply only the explicit member partition. Preserve every HUD row as a project episode and every site row. Do not sum units or approve a coordinate query here.,2026-08-10,not_approved,FALSE,2,2,0,retain_each,OH,RIVERSIDE PARK PHASE II | RIVERSIDE PARK PHASE III,17800 PARKMOUNT AVE|CLEVELAND|OH,phase_or_component_only
XDA2_0322,new_two_pass_review,retain_each,internal_evidence_supports_distinct_phases_or_components,"Internal read: normalized and published names, state IDs, primary and complete address sets, placed-in-service years, unit scopes, and source-quality flags were read together. The resulting member partition is retain_each; no single field, including the shared address, was treated as dispositive.",2026-08-10,retain_each,distinct_phases_or_components_common_address,Google,https://www.google.com/search?q=LINDENWOODS%20TOWNHOMES%20PHASE%20I%20%7C%20LINDENWOODS%20TOWNHOMES%20PHASE%20III%20OK%20affordable%20housing,Oklahoma Housing Finance Agency: Lindenwoods phases I and III,allocating_agency_record,https://www.ohfa.org/2019/05/may-15-board-of-trustees-results/ | https://www.ohfa.org/2019/12/trustees-approve-affordable-housing-funding-through-three-programs/,"Outside read: the retained public records identify separately named phases, components, projects, or buildings. A common address or campus is not sufficient to collapse them.",2026-08-10,retain_each,distinct_phases_or_components_common_address,distinct_phase_or_component_common_address,Apply only the explicit member partition. Preserve every HUD row as a project episode and every site row. Do not sum units or approve a coordinate query here.,2026-08-10,not_approved,FALSE,2,2,0,retain_each,OK,LINDENWOODS TOWNHOMES PHASE I | LINDENWOODS TOWNHOMES PHASE III,2706 THOMAS WAY|DURANT|OK,phase_or_component_only
XDA2_0323,new_two_pass_review,retain_each,internal_evidence_supports_distinct_phases_or_components,"Internal read: normalized and published names, state IDs, primary and complete address sets, placed-in-service years, unit scopes, and source-quality flags were read together. The resulting member partition is retain_each; no single field, including the shared address, was treated as dispositive.",2026-08-10,retain_each,distinct_phases_or_components_common_address,Google,https://www.google.com/search?q=BELMONT%20SPECIALTY%20HOUSING%20I%20%7C%20BELMONT%20SPECIALTY%20HOUSING%20II%20PA%20affordable%20housing,"Belmont Specialty Housing I | Affordable Housing in Philadelphia, PA | Belmont Specialty Housing Ii | Affordable Housing in Philadelphia, PA",public_property_directory,https://affordablehousinghub.org/housing/pennsylvania/philadelphia-county/philadelphia/belmont-specialty-housing-i-38704-lihtc | https://affordablehousinghub.org/housing/pennsylvania/philadelphia-county/philadelphia/belmont-specialty-housing-ii-38705-lihtc,"Outside read: the retained public records identify separately named phases, components, projects, or buildings. A common address or campus is not sufficient to collapse them.",2026-08-10,retain_each,distinct_phases_or_components_common_address,distinct_phase_or_component_common_address,Apply only the explicit member partition. Preserve every HUD row as a project episode and every site row. Do not sum units or approve a coordinate query here.,2026-08-10,not_approved,FALSE,2,2,0,retain_each,PA,BELMONT SPECIALTY HOUSING I | BELMONT SPECIALTY HOUSING II,2566 BELMONT AVE|PHILADELPHIA|PA,name_or_timing_with_equal_units_near_pis
XDA2_0324,new_two_pass_review,retain_each,internal_evidence_supports_distinct_phases_or_components,"Internal read: normalized and published names, state IDs, primary and complete address sets, placed-in-service years, unit scopes, and source-quality flags were read together. The resulting member partition is retain_each; no single field, including the shared address, was treated as dispositive.",2026-08-10,retain_each,distinct_phases_or_components_common_address,Google,https://www.google.com/search?q=KINDER%20PARK%20PHASE%20I%20%7C%20KINDER%20PARK%20PHASE%20II%20PA%20affordable%20housing,"Kinder Park Phase I | Affordable Housing in Woodlyn, PA | Kinder Park Phase Ii | Affordable Housing in Woodlyn, PA",public_property_directory,https://affordablehousinghub.org/housing/pennsylvania/delaware-county/woodlyn/kinder-park-phase-i-39081-lihtc | https://affordablehousinghub.org/housing/pennsylvania/delaware-county/woodlyn/kinder-park-phase-ii-39157-lihtc,"Outside read: the retained public records identify separately named phases, components, projects, or buildings. A common address or campus is not sufficient to collapse them.",2026-08-10,retain_each,distinct_phases_or_components_common_address,distinct_phase_or_component_common_address,Apply only the explicit member partition. Preserve every HUD row as a project episode and every site row. Do not sum units or approve a coordinate query here.,2026-08-10,not_approved,FALSE,2,2,0,retain_each,PA,KINDER PARK PHASE I | KINDER PARK PHASE II,CONSTITUTION AVE BULLENS LN|WOODLYN|PA,phase_or_component_only
XDA2_0325,new_two_pass_review,retain_each,internal_evidence_supports_distinct_phases_or_components,"Internal read: normalized and published names, state IDs, primary and complete address sets, placed-in-service years, unit scopes, and source-quality flags were read together. The resulting member partition is retain_each; no single field, including the shared address, was treated as dispositive.",2026-08-10,retain_each,distinct_phases_or_components_common_address,Google,https://www.google.com/search?q=NEWCOURTLAND%20%40%20HENRY%20AVE%20PH1A%20%7C%20NEWCOURTLAND%20%40%20HENRY%20AVE%20PH1B%20PA%20affordable%20housing,PHFA board agenda: NewCourtland Henry Avenue Phase 1A,allocating_agency_record,https://www.phfa.org/forms/board/agenda/2017/2017_09_14.pdf,"Outside read: the retained public records identify separately named phases, components, projects, or buildings. A common address or campus is not sufficient to collapse them.",2026-08-10,retain_each,distinct_phases_or_components_common_address,distinct_phase_or_component_common_address,Apply only the explicit member partition. Preserve every HUD row as a project episode and every site row. Do not sum units or approve a coordinate query here.,2026-08-10,not_approved,FALSE,2,2,0,retain_each,PA,NEWCOURTLAND @ HENRY AVE PH1A | NEWCOURTLAND @ HENRY AVE PH1B,3232 HENRY AVE|PHILADELPHIA|PA,name_similarity_only
XDA2_0326,new_two_pass_review,retain_each,internal_evidence_supports_distinct_phases_or_components,"Internal read: normalized and published names, state IDs, primary and complete address sets, placed-in-service years, unit scopes, and source-quality flags were read together. The resulting member partition is retain_each; no single field, including the shared address, was treated as dispositive.",2026-08-10,retain_each,distinct_phases_or_components_common_address,Google,https://www.google.com/search?q=OAK%20BOTTOM%20VILLAGE%20II%20%7C%20OAK%20BOTTOM%20VILLAGE%20III%20PA%20affordable%20housing,"Oak Bottom Village Ii | Affordable Housing in Quarryville, PA | Oak Bottom Village Iii | Affordable Housing in Quarryville, PA",public_property_directory,https://affordablehousinghub.org/housing/pennsylvania/lancaster-county/quarryville/oak-bottom-village-ii-38210-lihtc | https://affordablehousinghub.org/housing/pennsylvania/lancaster-county/quarryville/oak-bottom-village-iii-37605-lihtc,"Outside read: the retained public records identify separately named phases, components, projects, or buildings. A common address or campus is not sufficient to collapse them.",2026-08-10,retain_each,distinct_phases_or_components_common_address,distinct_phase_or_component_common_address,Apply only the explicit member partition. Preserve every HUD row as a project episode and every site row. Do not sum units or approve a coordinate query here.,2026-08-10,not_approved,FALSE,2,2,0,retain_each,PA,OAK BOTTOM VILLAGE II | OAK BOTTOM VILLAGE III,GROFFDALE DR|QUARRYVILLE|PA,name_similarity_only
XDA2_0327,new_two_pass_review,retain_each,internal_evidence_supports_distinct_phases_or_components,"Internal read: normalized and published names, state IDs, primary and complete address sets, placed-in-service years, unit scopes, and source-quality flags were read together. The resulting member partition is retain_each; no single field, including the shared address, was treated as dispositive.",2026-08-10,retain_each,distinct_phases_or_components_common_address,Google,https://www.google.com/search?q=PROSPECT%20HEIGHTS%20I%20%7C%20PROSPECT%20HEIGHTS%20II%20%7C%20PROSPECT%20HEIGHTS%20III%20RI%20affordable%20housing,"Prospect Heights I | Affordable Housing in Pawtucket, RI",public_property_directory,https://affordablehousinghub.org/housing/rhode-island/providence-county/pawtucket/prospect-heights-i-38284-lihtc,"Outside read: the retained public records identify separately named phases, components, projects, or buildings. A common address or campus is not sufficient to collapse them.",2026-08-10,retain_each,distinct_phases_or_components_common_address,distinct_phase_or_component_common_address,Apply only the explicit member partition. Preserve every HUD row as a project episode and every site row. Do not sum units or approve a coordinate query here.,2026-08-10,not_approved,FALSE,3,3,0,retain_each,RI,PROSPECT HEIGHTS I | PROSPECT HEIGHTS II | PROSPECT HEIGHTS III,560 PROSPECT ST|PAWTUCKET|RI,name_similarity_only
XDA2_0328,new_two_pass_review,retain_each,internal_evidence_supports_distinct_phases_or_components,"Internal read: normalized and published names, state IDs, primary and complete address sets, placed-in-service years, unit scopes, and source-quality flags were read together. The resulting member partition is retain_each; no single field, including the shared address, was treated as dispositive.",2026-08-10,retain_each,distinct_phases_or_components_common_address,Google,https://www.google.com/search?q=SWANSGATE%20APTS%20II%20%7C%20SWANSGATE%20APTS%20III%20SC%20affordable%20housing,"Swansgate Apts Ii | Affordable Housing in Surfside Beach, SC | Swansgate Apts Iii | Affordable Housing in Surfside Beach, SC",public_property_directory,https://affordablehousinghub.org/housing/south-carolina/horry-county/myrtle-beach/swansgate-apts-ii-39999-lihtc | https://affordablehousinghub.org/housing/south-carolina/horry-county/myrtle-beach/swansgate-apts-iii-39670-lihtc,"Outside read: the retained public records identify separately named phases, components, projects, or buildings. A common address or campus is not sufficient to collapse them.",2026-08-10,retain_each,distinct_phases_or_components_common_address,distinct_phase_or_component_common_address,Apply only the explicit member partition. Preserve every HUD row as a project episode and every site row. Do not sum units or approve a coordinate query here.,2026-08-10,not_approved,FALSE,2,2,0,retain_each,SC,SWANSGATE APTS II | SWANSGATE APTS III,1050 TENTH AVE N|MYRTLE BEACH|SC,name_similarity_only
XDA2_0329,new_two_pass_review,retain_each,internal_evidence_supports_distinct_phases_or_components,"Internal read: normalized and published names, state IDs, primary and complete address sets, placed-in-service years, unit scopes, and source-quality flags were read together. The resulting member partition is retain_each; no single field, including the shared address, was treated as dispositive.",2026-08-10,retain_each,distinct_phases_or_components_common_address,Google,https://www.google.com/search?q=MANSIONS%20AT%20HASTINGS%20GREEN%20%7C%20MANSIONS%20AT%20HASTINGS%20GREEN%20SENIOR%20TX%20affordable%20housing,"Mansions At Hastings Green | Affordable Housing in Houston, TX | Mansions At Hastings Green Senior | Affordable Housing in Houston, TX",public_property_directory,https://affordablehousinghub.org/housing/texas/harris-county/houston/mansions-at-hastings-green-42668-lihtc | https://affordablehousinghub.org/housing/texas/harris-county/houston/mansions-at-hastings-green-senior-42689-lihtc,"Outside read: the retained public records identify separately named phases, components, projects, or buildings. A common address or campus is not sufficient to collapse them.",2026-08-10,retain_each,distinct_phases_or_components_common_address,distinct_phase_or_component_common_address,Apply only the explicit member partition. Preserve every HUD row as a project episode and every site row. Do not sum units or approve a coordinate query here.,2026-08-10,not_approved,FALSE,2,2,0,retain_each,TX,MANSIONS AT HASTINGS GREEN | MANSIONS AT HASTINGS GREEN SENIOR,11750 FM 1960 RD W|HOUSTON|TX | NW CORNER OF FALLBROOK AND HAMMOND DR|HOUSTON|TX,name_similarity_only
XDA2_0330,new_two_pass_review,retain_each,internal_evidence_supports_distinct_phases_or_components,"Internal read: normalized and published names, state IDs, primary and complete address sets, placed-in-service years, unit scopes, and source-quality flags were read together. The resulting member partition is retain_each; no single field, including the shared address, was treated as dispositive.",2026-08-10,retain_each,distinct_phases_or_components_common_address,Google,https://www.google.com/search?q=CASTO%20CANYON%2C%20LLC%20%7C%20MOUNTAIN%20SHADOWS%20III%2C%20LLC%20UT%20affordable%20housing,"Mountain Shadows Apts. | Affordable Housing in Nephi, UT",public_property_directory,https://affordablehousinghub.org/housing/utah/juab-county/nephi/mountain-shadows-apts-43924-lihtc,"Outside read: the retained public records identify separately named phases, components, projects, or buildings. A common address or campus is not sufficient to collapse them.",2026-08-10,retain_each,distinct_phases_or_components_common_address,distinct_phase_or_component_common_address,Apply only the explicit member partition. Preserve every HUD row as a project episode and every site row. Do not sum units or approve a coordinate query here.,2026-08-10,not_approved,FALSE,2,2,0,retain_each,UT,"CASTO CANYON, LLC | MOUNTAIN SHADOWS III, LLC",40 N 300 E PO BOX 2357|BEAVER|UT,name_or_timing_with_equal_units_near_pis
XDA2_0331,new_two_pass_review,retain_each,internal_evidence_supports_distinct_phases_or_components,"Internal read: normalized and published names, state IDs, primary and complete address sets, placed-in-service years, unit scopes, and source-quality flags were read together. The resulting member partition is retain_each; no single field, including the shared address, was treated as dispositive.",2026-08-10,retain_each,distinct_phases_or_components_common_address,Google,https://www.google.com/search?q=HARRIS%20COMMUNITY%20VILLAGE%20PHASE%20ONE%20%7C%20HARRIS%20COMMUNITY%20VILLAGE%20PHASE%20TWO%20UT%20affordable%20housing,LIHTC Properties in Utah Through 2023,sector_compilation,https://www.novoco.com/public-media/documents/utah-lihtc-properties-through-2023-072025.pdf,"Outside read: the retained public records identify separately named phases, components, projects, or buildings. A common address or campus is not sufficient to collapse them.",2026-08-10,retain_each,distinct_phases_or_components_common_address,distinct_phase_or_component_common_address,Apply only the explicit member partition. Preserve every HUD row as a project episode and every site row. Do not sum units or approve a coordinate query here.,2026-08-10,not_approved,FALSE,2,2,0,retain_each,UT,HARRIS COMMUNITY VILLAGE PHASE ONE | HARRIS COMMUNITY VILLAGE PHASE TWO,251 N 1ST ST|TOOELE|UT,phase_or_component_only
XDA2_0332,new_two_pass_review,retain_each,internal_evidence_supports_distinct_phases_or_components,"Internal read: normalized and published names, state IDs, primary and complete address sets, placed-in-service years, unit scopes, and source-quality flags were read together. The resulting member partition is retain_each; no single field, including the shared address, was treated as dispositive.",2026-08-10,retain_each,distinct_phases_or_components_common_address,Google,https://www.google.com/search?q=HURRICANE%20HILLS%20I%20%7C%20HURRICANE%20HILLS%20II%20UT%20affordable%20housing,"Hurricane Hills I | Affordable Housing in Hurricane, UT | Hurricane Hills Ii | Affordable Housing in Hurricane, UT",public_property_directory,https://affordablehousinghub.org/housing/utah/washington-county/hurricane/hurricane-hills-i-44066-lihtc | https://affordablehousinghub.org/housing/utah/washington-county/hurricane/hurricane-hills-ii-44681-lihtc,"Outside read: the retained public records identify separately named phases, components, projects, or buildings. A common address or campus is not sufficient to collapse them.",2026-08-10,retain_each,distinct_phases_or_components_common_address,distinct_phase_or_component_common_address,Apply only the explicit member partition. Preserve every HUD row as a project episode and every site row. Do not sum units or approve a coordinate query here.,2026-08-10,not_approved,FALSE,2,2,0,retain_each,UT,HURRICANE HILLS I | HURRICANE HILLS II,2002 W 200 S|HURRICANE|UT,name_similarity_only
XDA2_0333,new_two_pass_review,retain_each,internal_evidence_supports_distinct_phases_or_components,"Internal read: normalized and published names, state IDs, primary and complete address sets, placed-in-service years, unit scopes, and source-quality flags were read together. The resulting member partition is retain_each; no single field, including the shared address, was treated as dispositive.",2026-08-10,retain_each,distinct_phases_or_components_common_address,Google,https://www.google.com/search?q=THE%20STATION%20AT%20PLEASANT%20VIEW%20II%20%7C%20THE%20STATION%20AT%20PLEASANT%20VIEW%20III%20UT%20affordable%20housing,"The Station At Pleasant View Ii | Affordable Housing in Pleasant View, UT | The Station At Pleasant View Iii | Affordable Housing in Pleasant View, UT",public_property_directory,https://affordablehousinghub.org/housing/utah/weber-county/pleasant-view/the-station-at-pleasant-view-ii-43823-lihtc | https://affordablehousinghub.org/housing/utah/weber-county/pleasant-view/the-station-at-pleasant-view-iii-44613-lihtc,"Outside read: the retained public records identify separately named phases, components, projects, or buildings. A common address or campus is not sufficient to collapse them.",2026-08-10,retain_each,distinct_phases_or_components_common_address,distinct_phase_or_component_common_address,Apply only the explicit member partition. Preserve every HUD row as a project episode and every site row. Do not sum units or approve a coordinate query here.,2026-08-10,not_approved,FALSE,2,2,0,retain_each,UT,THE STATION AT PLEASANT VIEW II | THE STATION AT PLEASANT VIEW III,1148 W SPRING VALLEY DR|PLEASANT VIEW|UT,name_similarity_only
XDA2_0334,new_two_pass_review,retain_each,internal_evidence_supports_distinct_phases_or_components,"Internal read: normalized and published names, state IDs, primary and complete address sets, placed-in-service years, unit scopes, and source-quality flags were read together. The resulting member partition is retain_each; no single field, including the shared address, was treated as dispositive.",2026-08-10,retain_each,distinct_phases_or_components_common_address,Google,https://www.google.com/search?q=TOOELE%20GATEWAY%20I%20%7C%20TOOELE%20GATEWAY%20II%20UT%20affordable%20housing,"Tooele Gateway I | Affordable Housing in Tooele, UT | Tooele Gateway Ii | Affordable Housing in Tooele, UT",public_property_directory,https://affordablehousinghub.org/housing/utah/tooele-county/tooele/tooele-gateway-i-44792-lihtc | https://affordablehousinghub.org/housing/utah/tooele-county/tooele/tooele-gateway-ii-44626-lihtc,"Outside read: the retained public records identify separately named phases, components, projects, or buildings. A common address or campus is not sufficient to collapse them.",2026-08-10,retain_each,distinct_phases_or_components_common_address,distinct_phase_or_component_common_address,Apply only the explicit member partition. Preserve every HUD row as a project episode and every site row. Do not sum units or approve a coordinate query here.,2026-08-10,not_approved,FALSE,2,2,0,retain_each,UT,TOOELE GATEWAY I | TOOELE GATEWAY II,232 W FENWICK LN|TOOELE|UT,name_similarity_only
XDA2_0335,new_two_pass_review,retain_each,internal_evidence_supports_distinct_phases_or_components,"Internal read: normalized and published names, state IDs, primary and complete address sets, placed-in-service years, unit scopes, and source-quality flags were read together. The resulting member partition is retain_each; no single field, including the shared address, was treated as dispositive.",2026-08-10,retain_each,distinct_phases_or_components_common_address,Google,https://www.google.com/search?q=WILLOW%20CREEK%20APTS%20I%20%7C%20WILLOW%20CREEK%20APTS%20II%20%7C%20WILLOW%20CREEK%20APTS%20III%20%7C%20WILLOW%20CREEK%20APTS.%20IV%20%7C%20WILLOW%20CREEK%20APTS.%20V%20UT%20affordable%20housing,"Willow Creek Apts I | Affordable Housing in Grantsville, UT | Willow Creek Apts Ii | Affordable Housing in Grantsville, UT | Willow Creek Apts Iii | Affordable Housing in Grantsville, UT | Willow Creek Apts. Iv | Affordable Housing in Grantsville, UT | Willow Creek Apts. V | Affordable Housing in Grantsville, UT",public_property_directory,https://affordablehousinghub.org/housing/utah/tooele-county/grantsville/willow-creek-apts-i-44894-lihtc | https://affordablehousinghub.org/housing/utah/tooele-county/grantsville/willow-creek-apts-ii-44947-lihtc | https://affordablehousinghub.org/housing/utah/tooele-county/grantsville/willow-creek-apts-iii-44952-lihtc | https://affordablehousinghub.org/housing/utah/tooele-county/grantsville/willow-creek-apts-iv-44980-lihtc | https://affordablehousinghub.org/housing/utah/tooele-county/grantsville/willow-creek-apts-v-44007-lihtc,"Outside read: the retained public records identify separately named phases, components, projects, or buildings. A common address or campus is not sufficient to collapse them.",2026-08-10,retain_each,distinct_phases_or_components_common_address,distinct_phase_or_component_common_address,Apply only the explicit member partition. Preserve every HUD row as a project episode and every site row. Do not sum units or approve a coordinate query here.,2026-08-10,not_approved,FALSE,5,5,0,retain_each,UT,WILLOW CREEK APTS I | WILLOW CREEK APTS II | WILLOW CREEK APTS III | WILLOW CREEK APTS. IV | WILLOW CREEK APTS. V,236 W PLUM ST|GRANTSVILLE|UT,name_similarity_only
XDA2_0336,new_two_pass_review,retain_each,internal_evidence_supports_distinct_phases_or_components,"Internal read: normalized and published names, state IDs, primary and complete address sets, placed-in-service years, unit scopes, and source-quality flags were read together. The resulting member partition is retain_each; no single field, including the shared address, was treated as dispositive.",2026-08-10,retain_each,distinct_phases_or_components_common_address,Google,https://www.google.com/search?q=200%20WEST%20I%20%7C%20200%20WEST%20II%20VA%20affordable%20housing,LIHTC Properties in Virginia Through 2023,sector_compilation,https://www.novoco.com/public-media/documents/virginia-lihtc-properties-through-2023-072025.pdf,"Outside read: the retained public records identify separately named phases, components, projects, or buildings. A common address or campus is not sufficient to collapse them.",2026-08-10,retain_each,distinct_phases_or_components_common_address,distinct_phase_or_component_common_address,Apply only the explicit member partition. Preserve every HUD row as a project episode and every site row. Do not sum units or approve a coordinate query here.,2026-08-10,not_approved,FALSE,2,2,0,retain_each,VA,200 WEST I | 200 WEST II,200 PRICE ST|VIRGINIA BEACH|VA,name_similarity_only
XDA2_0337,new_two_pass_review,retain_each,internal_evidence_supports_distinct_phases_or_components,"Internal read: normalized and published names, state IDs, primary and complete address sets, placed-in-service years, unit scopes, and source-quality flags were read together. The resulting member partition is retain_each; no single field, including the shared address, was treated as dispositive.",2026-08-10,retain_each,distinct_phases_or_components_common_address,Google,https://www.google.com/search?q=ALEXANDER%20AT%201090%20I%20%7C%20ALEXANDER%20AT%201090%20II%20VA%20affordable%20housing,LIHTC Properties in Virginia Through 2023,sector_compilation,https://www.novoco.com/public-media/documents/virginia-lihtc-properties-through-2023-072025.pdf,"Outside read: the retained public records identify separately named phases, components, projects, or buildings. A common address or campus is not sufficient to collapse them.",2026-08-10,retain_each,distinct_phases_or_components_common_address,distinct_phase_or_component_common_address,Apply only the explicit member partition. Preserve every HUD row as a project episode and every site row. Do not sum units or approve a coordinate query here.,2026-08-10,not_approved,FALSE,2,2,0,retain_each,VA,ALEXANDER AT 1090 I | ALEXANDER AT 1090 II,1082 GERMAN SCHOOL RD|RICHMOND|VA,name_or_timing_with_equal_units_near_pis
XDA2_0338,new_two_pass_review,retain_each,internal_evidence_supports_distinct_phases_or_components,"Internal read: normalized and published names, state IDs, primary and complete address sets, placed-in-service years, unit scopes, and source-quality flags were read together. The resulting member partition is retain_each; no single field, including the shared address, was treated as dispositive.",2026-08-10,retain_each,distinct_phases_or_components_common_address,Google,https://www.google.com/search?q=ARMSTRONG%20RENAISSANCE%201A%20%7C%20ARMSTRONG%20RENAISSANCE%201B%20%7C%20ARMSTRONG%20RENAISSANCE%202A%20%7C%20ARMSTRONG%20RENAISSANCE%202B%20VA%20affordable%20housing,LIHTC Properties in Virginia Through 2023,sector_compilation,https://www.novoco.com/public-media/documents/virginia-lihtc-properties-through-2023-072025.pdf,"Outside read: the retained public records identify separately named phases, components, projects, or buildings. A common address or campus is not sufficient to collapse them.",2026-08-10,retain_each,distinct_phases_or_components_common_address,distinct_phase_or_component_common_address,Apply only the explicit member partition. Preserve every HUD row as a project episode and every site row. Do not sum units or approve a coordinate query here.,2026-08-10,not_approved,FALSE,4,4,0,retain_each,VA,ARMSTRONG RENAISSANCE 1A | ARMSTRONG RENAISSANCE 1B | ARMSTRONG RENAISSANCE 2A | ARMSTRONG RENAISSANCE 2B,1665 N 31ST ST|RICHMOND|VA,name_or_timing_with_equal_units_near_pis
XDA2_0339,new_two_pass_review,retain_each,internal_evidence_supports_distinct_phases_or_components,"Internal read: normalized and published names, state IDs, primary and complete address sets, placed-in-service years, unit scopes, and source-quality flags were read together. The resulting member partition is retain_each; no single field, including the shared address, was treated as dispositive.",2026-08-10,retain_each,distinct_phases_or_components_common_address,Google,https://www.google.com/search?q=ASHBURN%20CHASE%20I%20%7C%20ASHBURN%20CHASE%20II%20VA%20affordable%20housing,LIHTC Properties in Virginia Through 2023,sector_compilation,https://www.novoco.com/public-media/documents/virginia-lihtc-properties-through-2023-072025.pdf,"Outside read: the retained public records identify separately named phases, components, projects, or buildings. A common address or campus is not sufficient to collapse them.",2026-08-10,retain_each,distinct_phases_or_components_common_address,distinct_phase_or_component_common_address,Apply only the explicit member partition. Preserve every HUD row as a project episode and every site row. Do not sum units or approve a coordinate query here.,2026-08-10,not_approved,FALSE,2,2,0,retain_each,VA,ASHBURN CHASE I | ASHBURN CHASE II,19761 ASHBURN RD|ASHBURN|VA,name_or_timing_with_equal_units_near_pis
XDA2_0340,new_two_pass_review,retain_each,internal_evidence_supports_distinct_phases_or_components,"Internal read: normalized and published names, state IDs, primary and complete address sets, placed-in-service years, unit scopes, and source-quality flags were read together. The resulting member partition is retain_each; no single field, including the shared address, was treated as dispositive.",2026-08-10,retain_each,distinct_phases_or_components_common_address,Google,https://www.google.com/search?q=BIRCHWOOD%20AT%20BRAMBLETON%20I%20%7C%20BIRCHWOOD%20AT%20BRAMBLETON%20II%20VA%20affordable%20housing,"Birchwood At Brambleton I | Affordable Housing in Ashburn, VA | Birchwood At Brambleton Ii | Affordable Housing in Ashburn, VA",public_property_directory,https://affordablehousinghub.org/housing/virginia/loudoun-county/ashburn/birchwood-at-brambleton-i-46487-lihtc | https://affordablehousinghub.org/housing/virginia/loudoun-county/ashburn/birchwood-at-brambleton-ii-46488-lihtc,"Outside read: the retained public records identify separately named phases, components, projects, or buildings. A common address or campus is not sufficient to collapse them.",2026-08-10,retain_each,distinct_phases_or_components_common_address,distinct_phase_or_component_common_address,Apply only the explicit member partition. Preserve every HUD row as a project episode and every site row. Do not sum units or approve a coordinate query here.,2026-08-10,not_approved,FALSE,2,2,0,retain_each,VA,BIRCHWOOD AT BRAMBLETON I | BIRCHWOOD AT BRAMBLETON II,CRANSFORD DR AT STRICKLAND DR|ASHBURN|VA,name_similarity_only
XDA2_0341,new_two_pass_review,retain_each,internal_evidence_supports_distinct_phases_or_components,"Internal read: normalized and published names, state IDs, primary and complete address sets, placed-in-service years, unit scopes, and source-quality flags were read together. The resulting member partition is retain_each; no single field, including the shared address, was treated as dispositive.",2026-08-10,retain_each,distinct_phases_or_components_common_address,Google,https://www.google.com/search?q=CAMPOSTELLA%20AT%20CLAIRMONT%20I%20%7C%20CAMPOSTELLA%20AT%20CLAIRMONT%20II%20VA%20affordable%20housing,"Campostella At Clairmont I | Affordable Housing in Norfolk, VA | Campostella At Clairmont Ii | Affordable Housing in Norfolk, VA",public_property_directory,https://affordablehousinghub.org/housing/virginia/norfolk-county/norfolk/campostella-at-clairmont-i-45789-lihtc | https://affordablehousinghub.org/housing/virginia/norfolk-county/norfolk/campostella-at-clairmont-ii-45790-lihtc,"Outside read: the retained public records identify separately named phases, components, projects, or buildings. A common address or campus is not sufficient to collapse them.",2026-08-10,retain_each,distinct_phases_or_components_common_address,distinct_phase_or_component_common_address,Apply only the explicit member partition. Preserve every HUD row as a project episode and every site row. Do not sum units or approve a coordinate query here.,2026-08-10,not_approved,FALSE,2,2,0,retain_each,VA,CAMPOSTELLA AT CLAIRMONT I | CAMPOSTELLA AT CLAIRMONT II,851 CEDAR ST|NORFOLK|VA,name_similarity_only
XDA2_0342,new_two_pass_review,retain_each,internal_evidence_supports_distinct_phases_or_components,"Internal read: normalized and published names, state IDs, primary and complete address sets, placed-in-service years, unit scopes, and source-quality flags were read together. The resulting member partition is retain_each; no single field, including the shared address, was treated as dispositive.",2026-08-10,retain_each,distinct_phases_or_components_common_address,Google,https://www.google.com/search?q=CEDAR%20CREEK%20I%20%7C%20CEDAR%20CREEK%20II%20VA%20affordable%20housing,"Cedar Creek I | Affordable Housing in Middletown, VA | Cedar Creek Ii | Affordable Housing in Middletown, VA",public_property_directory,https://affordablehousinghub.org/housing/virginia/frederick-county/middletown/cedar-creek-i-45897-lihtc | https://affordablehousinghub.org/housing/virginia/frederick-county/middletown/cedar-creek-ii-43750-lihtc,"Outside read: the retained public records identify separately named phases, components, projects, or buildings. A common address or campus is not sufficient to collapse them.",2026-08-10,retain_each,distinct_phases_or_components_common_address,distinct_phase_or_component_common_address,Apply only the explicit member partition. Preserve every HUD row as a project episode and every site row. Do not sum units or approve a coordinate query here.,2026-08-10,not_approved,FALSE,2,2,0,retain_each,VA,CEDAR CREEK I | CEDAR CREEK II,7601 MAIN ST|MIDDLETOWN|VA,name_similarity_only
XDA2_0343,new_two_pass_review,retain_each,internal_evidence_supports_distinct_phases_or_components,"Internal read: normalized and published names, state IDs, primary and complete address sets, placed-in-service years, unit scopes, and source-quality flags were read together. The resulting member partition is retain_each; no single field, including the shared address, was treated as dispositive.",2026-08-10,retain_each,distinct_phases_or_components_common_address,Google,https://www.google.com/search?q=DALE%20HOMES%20-%20PHASE%20I%20%7C%20DALE%20HOMES%20PHASE%20II%20VA%20affordable%20housing,"Dale Homes - Phase I | Affordable Housing in Portsmouth, VA | Dale Homes Phase Ii | Affordable Housing in Portsmouth, VA",public_property_directory,https://affordablehousinghub.org/housing/virginia/portsmouth-county/portsmouth/dale-homes-phase-i-45900-lihtc | https://affordablehousinghub.org/housing/virginia/portsmouth-county/portsmouth/dale-homes-phase-ii-46429-lihtc,"Outside read: the retained public records identify separately named phases, components, projects, or buildings. A common address or campus is not sufficient to collapse them.",2026-08-10,retain_each,distinct_phases_or_components_common_address,distinct_phase_or_component_common_address,Apply only the explicit member partition. Preserve every HUD row as a project episode and every site row. Do not sum units or approve a coordinate query here.,2026-08-10,not_approved,FALSE,2,2,0,retain_each,VA,DALE HOMES - PHASE I | DALE HOMES PHASE II,2300 COLUMBUS AVE|PORTSMOUTH|VA,phase_or_component_only
XDA2_0344,new_two_pass_review,retain_each,internal_evidence_supports_distinct_phases_or_components,"Internal read: normalized and published names, state IDs, primary and complete address sets, placed-in-service years, unit scopes, and source-quality flags were read together. The resulting member partition is retain_each; no single field, including the shared address, was treated as dispositive.",2026-08-10,retain_each,distinct_phases_or_components_common_address,Google,https://www.google.com/search?q=DULLES%20CENTER%20I%20%7C%20DULLES%20CENTER%20II%20VA%20affordable%20housing,"Dulles Center I | Affordable Housing in Herndon, VA | Dulles Center Ii | Affordable Housing in Herndon, VA",public_property_directory,https://affordablehousinghub.org/housing/virginia/fairfax-county-county/herndon/dulles-center-i-43945-lihtc | https://affordablehousinghub.org/housing/virginia/fairfax-county-county/herndon/dulles-center-ii-43891-lihtc,"Outside read: the retained public records identify separately named phases, components, projects, or buildings. A common address or campus is not sufficient to collapse them.",2026-08-10,retain_each,distinct_phases_or_components_common_address,distinct_phase_or_component_common_address,Apply only the explicit member partition. Preserve every HUD row as a project episode and every site row. Do not sum units or approve a coordinate query here.,2026-08-10,not_approved,FALSE,2,2,0,retain_each,VA,DULLES CENTER I | DULLES CENTER II,2410 LITTLE CURRENT DR|HERNDON|VA,name_similarity_only
XDA2_0345,new_two_pass_review,retain_each,internal_evidence_supports_distinct_phases_or_components,"Internal read: normalized and published names, state IDs, primary and complete address sets, placed-in-service years, unit scopes, and source-quality flags were read together. The resulting member partition is retain_each; no single field, including the shared address, was treated as dispositive.",2026-08-10,retain_each,distinct_phases_or_components_common_address,Google,https://www.google.com/search?q=FOREST%20GLEN%20AT%20SULLY%20STATION%20I%20%7C%20FOREST%20GLEN%20AT%20SULLY%20STATION%20II%20VA%20affordable%20housing,"Forest Glen At Sully Station I | Affordable Housing in Centreville, VA | Forest Glen At Sully Station Ii | Affordable Housing in Centreville, VA",public_property_directory,https://affordablehousinghub.org/housing/virginia/fairfax-county-county/centreville/forest-glen-at-sully-station-i-43726-lihtc | https://affordablehousinghub.org/housing/virginia/fairfax-county-county/centreville/forest-glen-at-sully-station-ii-43779-lihtc,"Outside read: the retained public records identify separately named phases, components, projects, or buildings. A common address or campus is not sufficient to collapse them.",2026-08-10,retain_each,distinct_phases_or_components_common_address,distinct_phase_or_component_common_address,Apply only the explicit member partition. Preserve every HUD row as a project episode and every site row. Do not sum units or approve a coordinate query here.,2026-08-10,not_approved,FALSE,2,2,0,retain_each,VA,FOREST GLEN AT SULLY STATION I | FOREST GLEN AT SULLY STATION II,14400 WOODMERE CT|CENTREVILLE|VA,name_or_timing_with_equal_units_near_pis
XDA2_0346,new_two_pass_review,retain_each,internal_evidence_supports_distinct_phases_or_components,"Internal read: normalized and published names, state IDs, primary and complete address sets, placed-in-service years, unit scopes, and source-quality flags were read together. The resulting member partition is retain_each; no single field, including the shared address, was treated as dispositive.",2026-08-10,retain_each,distinct_phases_or_components_common_address,Google,https://www.google.com/search?q=MARKET%20HEIGHTS%20I%20%7C%20MARKET%20HEIGHTS%20II%20VA%20affordable%20housing,LIHTC Properties in Virginia Through 2023,sector_compilation,https://www.novoco.com/public-media/documents/virginia-lihtc-properties-through-2023-072025.pdf,"Outside read: the retained public records identify separately named phases, components, projects, or buildings. A common address or campus is not sufficient to collapse them.",2026-08-10,retain_each,distinct_phases_or_components_common_address,distinct_phase_or_component_common_address,Apply only the explicit member partition. Preserve every HUD row as a project episode and every site row. Do not sum units or approve a coordinate query here.,2026-08-10,not_approved,FALSE,2,2,0,retain_each,VA,MARKET HEIGHTS I | MARKET HEIGHTS II,651 MAY AVE|NORFOLK|VA,name_similarity_only
XDA2_0347,new_two_pass_review,retain_each,internal_evidence_supports_distinct_phases_or_components,"Internal read: normalized and published names, state IDs, primary and complete address sets, placed-in-service years, unit scopes, and source-quality flags were read together. The resulting member partition is retain_each; no single field, including the shared address, was treated as dispositive.",2026-08-10,retain_each,distinct_phases_or_components_common_address,Google,https://www.google.com/search?q=MARKET%20SQUARE%20I%20%7C%20MARKET%20SQUARE%20V%20VA%20affordable%20housing,"Market Square I | Affordable Housing in North Chesterfield, VA",public_property_directory,https://affordablehousinghub.org/housing/virginia/chesterfield-county/north-chesterfield/market-square-i-45232-lihtc,"Outside read: the retained public records identify separately named phases, components, projects, or buildings. A common address or campus is not sufficient to collapse them.",2026-08-10,retain_each,distinct_phases_or_components_common_address,distinct_phase_or_component_common_address,Apply only the explicit member partition. Preserve every HUD row as a project episode and every site row. Do not sum units or approve a coordinate query here.,2026-08-10,not_approved,FALSE,2,2,0,retain_each,VA,MARKET SQUARE I | MARKET SQUARE V,7300 TAW ST|NORTH CHESTERFIELD|VA,name_similarity_only
XDA2_0348,new_two_pass_review,retain_each,internal_evidence_supports_distinct_phases_or_components,"Internal read: normalized and published names, state IDs, primary and complete address sets, placed-in-service years, unit scopes, and source-quality flags were read together. The resulting member partition is retain_each; no single field, including the shared address, was treated as dispositive.",2026-08-10,retain_each,distinct_phases_or_components_common_address,Google,https://www.google.com/search?q=MOUNTAIN%20LAUREL%20MANOR%20II%20%7C%20MOUNTAIN%20LAUREL%20MANOR%20III%20VA%20affordable%20housing,Virginia Housing historical tax-credit records,allocating_agency_record,https://s-www.virginiahousing.com/-/media/docs/partners/rental-housing/historical-tax-credits-data/2022/4pct/grande-oak-ii.pdf?hash=5B591C8A5959462631F7AEAEA2DF4B7C&sc_lang=en,"Outside read: the retained public records identify separately named phases, components, projects, or buildings. A common address or campus is not sufficient to collapse them.",2026-08-10,retain_each,distinct_phases_or_components_common_address,distinct_phase_or_component_common_address,Apply only the explicit member partition. Preserve every HUD row as a project episode and every site row. Do not sum units or approve a coordinate query here.,2026-08-10,not_approved,FALSE,2,2,0,retain_each,VA,MOUNTAIN LAUREL MANOR II | MOUNTAIN LAUREL MANOR III,85 BOBBY S WAY|STAUNTON|VA,name_similarity_only
XDA2_0349,new_two_pass_review,retain_each,internal_evidence_supports_distinct_phases_or_components,"Internal read: normalized and published names, state IDs, primary and complete address sets, placed-in-service years, unit scopes, and source-quality flags were read together. The resulting member partition is retain_each; no single field, including the shared address, was treated as dispositive.",2026-08-10,retain_each,distinct_phases_or_components_common_address,Google,https://www.google.com/search?q=ORCHARD%20RIDGE%20AT%20JACKSON%20VILLAGE%20%7C%20ORCHARD%20RIDGE%20AT%20JACKSON%20VILLAGE%20II%20VA%20affordable%20housing,"Orchard Ridge At Jackson Village | Affordable Housing in Fredericksburg, VA",public_property_directory,https://affordablehousinghub.org/housing/virginia/spotsylvania-county/fredericksburg/orchard-ridge-at-jackson-village-49193-lihtc,"Outside read: the retained public records identify separately named phases, components, projects, or buildings. A common address or campus is not sufficient to collapse them.",2026-08-10,retain_each,distinct_phases_or_components_common_address,distinct_phase_or_component_common_address,Apply only the explicit member partition. Preserve every HUD row as a project episode and every site row. Do not sum units or approve a coordinate query here.,2026-08-10,not_approved,FALSE,2,2,0,retain_each,VA,ORCHARD RIDGE AT JACKSON VILLAGE | ORCHARD RIDGE AT JACKSON VILLAGE II,9401 JEFFERSON DAVIS HWY|FREDERICKSBURG|VA,name_similarity_only
XDA2_0350,new_two_pass_review,retain_each,internal_evidence_supports_distinct_phases_or_components,"Internal read: normalized and published names, state IDs, primary and complete address sets, placed-in-service years, unit scopes, and source-quality flags were read together. The resulting member partition is retain_each; no single field, including the shared address, was treated as dispositive.",2026-08-10,retain_each,distinct_phases_or_components_common_address,Google,https://www.google.com/search?q=RENAISSANCE%20I%20%7C%20RENAISSANCE%20II%20VA%20affordable%20housing,LIHTC Properties in Virginia Through 2023,sector_compilation,https://www.novoco.com/public-media/documents/virginia-lihtc-properties-through-2023-072025.pdf,"Outside read: the retained public records identify separately named phases, components, projects, or buildings. A common address or campus is not sufficient to collapse them.",2026-08-10,retain_each,distinct_phases_or_components_common_address,distinct_phase_or_component_common_address,Apply only the explicit member partition. Preserve every HUD row as a project episode and every site row. Do not sum units or approve a coordinate query here.,2026-08-10,not_approved,FALSE,2,2,0,retain_each,VA,RENAISSANCE I | RENAISSANCE II,273 N WITCHDUCK RD|VIRGINIA BEACH|VA,name_or_timing_with_equal_units_near_pis
XDA2_0351,new_two_pass_review,retain_each,internal_evidence_supports_distinct_phases_or_components,"Internal read: normalized and published names, state IDs, primary and complete address sets, placed-in-service years, unit scopes, and source-quality flags were read together. The resulting member partition is retain_each; no single field, including the shared address, was treated as dispositive.",2026-08-10,retain_each,distinct_phases_or_components_common_address,Google,https://www.google.com/search?q=RIVERBEND%20II%20%7C%20RIVERBEND%20III%20VA%20affordable%20housing,"Rivermeade Ii | Affordable Housing in Yorktown, VA",public_property_directory,https://affordablehousinghub.org/housing/virginia/york-county/yorktown/rivermeade-ii-44370-lihtc,"Outside read: the retained public records identify separately named phases, components, projects, or buildings. A common address or campus is not sufficient to collapse them.",2026-08-10,retain_each,distinct_phases_or_components_common_address,distinct_phase_or_component_common_address,Apply only the explicit member partition. Preserve every HUD row as a project episode and every site row. Do not sum units or approve a coordinate query here.,2026-08-10,not_approved,FALSE,2,2,0,retain_each,VA,RIVERBEND II | RIVERBEND III,5823 SADLERS NECK RD|GLOUCESTER|VA,name_similarity_only
XDA2_0352,new_two_pass_review,retain_each,internal_evidence_supports_distinct_phases_or_components,"Internal read: normalized and published names, state IDs, primary and complete address sets, placed-in-service years, unit scopes, and source-quality flags were read together. The resulting member partition is retain_each; no single field, including the shared address, was treated as dispositive.",2026-08-10,retain_each,distinct_phases_or_components_common_address,Google,https://www.google.com/search?q=RIVERSIDE%20STATION%20I%20%7C%20RIVERSIDE%20STATION%20II%20VA%20affordable%20housing,LIHTC Properties in Virginia Through 2023,sector_compilation,https://www.novoco.com/public-media/documents/virginia-lihtc-properties-through-2023-072025.pdf,"Outside read: the retained public records identify separately named phases, components, projects, or buildings. A common address or campus is not sufficient to collapse them.",2026-08-10,retain_each,distinct_phases_or_components_common_address,distinct_phase_or_component_common_address,Apply only the explicit member partition. Preserve every HUD row as a project episode and every site row. Do not sum units or approve a coordinate query here.,2026-08-10,not_approved,FALSE,2,2,0,retain_each,VA,RIVERSIDE STATION I | RIVERSIDE STATION II,5808 SELLGER DR|NORFOLK|VA,name_similarity_only
XDA2_0353,new_two_pass_review,retain_each,internal_evidence_supports_distinct_phases_or_components,"Internal read: normalized and published names, state IDs, primary and complete address sets, placed-in-service years, unit scopes, and source-quality flags were read together. The resulting member partition is retain_each; no single field, including the shared address, was treated as dispositive.",2026-08-10,retain_each,distinct_phases_or_components_common_address,Google,https://www.google.com/search?q=ROYAL%20HILLS%20I%20%7C%20ROYAL%20HILLS%20II%20VA%20affordable%20housing,"Royal Hills I | Affordable Housing in Front Royal, VA | Royal Hills Ii | Affordable Housing in Front Royal, VA",public_property_directory,https://affordablehousinghub.org/housing/virginia/warren-county/front-royal/royal-hills-i-45845-lihtc | https://affordablehousinghub.org/housing/virginia/warren-county/front-royal/royal-hills-ii-43797-lihtc,"Outside read: the retained public records identify separately named phases, components, projects, or buildings. A common address or campus is not sufficient to collapse them.",2026-08-10,retain_each,distinct_phases_or_components_common_address,distinct_phase_or_component_common_address,Apply only the explicit member partition. Preserve every HUD row as a project episode and every site row. Do not sum units or approve a coordinate query here.,2026-08-10,not_approved,FALSE,2,2,0,retain_each,VA,ROYAL HILLS I | ROYAL HILLS II,31 ROYAL LN|FRONT ROYAL|VA,name_similarity_only
XDA2_0354,new_two_pass_review,retain_each,internal_evidence_supports_distinct_phases_or_components,"Internal read: normalized and published names, state IDs, primary and complete address sets, placed-in-service years, unit scopes, and source-quality flags were read together. The resulting member partition is retain_each; no single field, including the shared address, was treated as dispositive.",2026-08-10,retain_each,distinct_phases_or_components_common_address,Google,https://www.google.com/search?q=13%20WEST%20APARTMENTS%20%7C%2015%20WEST%20APARTMENTS%20WA%20affordable%20housing,"13 West Apartments | Affordable Housing in Vancouver, WA | 15 West Apartments | Affordable Housing in Vancouver, WA",public_property_directory,https://affordablehousinghub.org/housing/washington/clark-county/vancouver/13-west-apartments-46575-lihtc | https://affordablehousinghub.org/housing/washington/clark-county/vancouver/15-west-apartments-46809-lihtc,"Outside read: the retained public records identify separately named phases, components, projects, or buildings. A common address or campus is not sufficient to collapse them.",2026-08-10,retain_each,distinct_phases_or_components_common_address,distinct_phase_or_component_common_address,Apply only the explicit member partition. Preserve every HUD row as a project episode and every site row. Do not sum units or approve a coordinate query here.,2026-08-10,not_approved,FALSE,2,2,0,retain_each,WA,13 WEST APARTMENTS | 15 WEST APARTMENTS,1300 W COLUMBIA ST|VANCOUVER|WA,name_similarity_only
XDA2_0355,new_two_pass_review,merge_all,internal_evidence_supports_one_physical_development,"Internal read: normalized and published names, state IDs, primary and complete address sets, placed-in-service years, unit scopes, and source-quality flags were read together. The resulting member partition is merge_all; no single field, including the shared address, was treated as dispositive.",2026-08-10,merge_all,paired_financing_components_same_physical_development,Google,https://www.google.com/search?q=CAPELLA%20AT%20ESTERRA%20PARK%204%25%20%7C%20CAPELLA%20AT%20ESTERRA%20PARK%209%25%20WA%20affordable%20housing,City of Redmond housing-needs assessment,municipal_public_record,https://www.redmond.gov/DocumentCenter/View/25992/Housing_Needs_Assessment_Feb_2021,"Outside read: the retained public records identify one named property, one later financing episode, one paired-financing development, or one scattered-site development corresponding to the internal record set. All HUD rows and site rows remain preserved.",2026-08-10,merge_all,paired_financing_components_same_physical_development,same_physical_development_address,Apply only the explicit member partition. Preserve every HUD row as a project episode and every site row. Do not sum units or approve a coordinate query here.,2026-08-10,not_approved,FALSE,2,1,0,merge_all,WA,CAPELLA AT ESTERRA PARK 4% | CAPELLA AT ESTERRA PARK 9%,2715 156TH AVE NE|REDMOND|WA,name_similarity_only
XDA2_0356,new_two_pass_review,retain_each,internal_evidence_supports_distinct_phases_or_components,"Internal read: normalized and published names, state IDs, primary and complete address sets, placed-in-service years, unit scopes, and source-quality flags were read together. The resulting member partition is retain_each; no single field, including the shared address, was treated as dispositive.",2026-08-10,retain_each,distinct_phases_or_components_common_address,Google,https://www.google.com/search?q=GOLDEN%20TIDES%20II%20%7C%20GOLDEN%20TIDES%20III%20WA%20affordable%20housing,"Golden Tides Ii | Affordable Housing in Silverdale, WA | Golden Tides Iii | Affordable Housing in Silverdale, WA",public_property_directory,https://affordablehousinghub.org/housing/washington/kitsap-county/silverdale/golden-tides-ii-45631-lihtc | https://affordablehousinghub.org/housing/washington/kitsap-county/silverdale/golden-tides-iii-45530-lihtc,"Outside read: the retained public records identify separately named phases, components, projects, or buildings. A common address or campus is not sufficient to collapse them.",2026-08-10,retain_each,distinct_phases_or_components_common_address,distinct_phase_or_component_common_address,Apply only the explicit member partition. Preserve every HUD row as a project episode and every site row. Do not sum units or approve a coordinate query here.,2026-08-10,not_approved,FALSE,2,2,0,retain_each,WA,GOLDEN TIDES II | GOLDEN TIDES III,9225 BAYSHORE DR NW|SILVERDALE|WA,name_similarity_only
XDA2_0357,new_two_pass_review,retain_each,internal_evidence_supports_distinct_phases_or_components,"Internal read: normalized and published names, state IDs, primary and complete address sets, placed-in-service years, unit scopes, and source-quality flags were read together. The resulting member partition is retain_each; no single field, including the shared address, was treated as dispositive.",2026-08-10,retain_each,distinct_phases_or_components_common_address,Google,https://www.google.com/search?q=GREENBRIDGE%20HOPE%20VI-SEOLA%20CROSSING%20ONE%20%7C%20GREENBRIDGE%20HOPE%20VI-SEOLA%20CROSSING%20TWO%20WA%20affordable%20housing,"Greenbridge Hope Vi-Seola Crossing One | Affordable Housing in Seattle, WA | Greenbridge Hope Vi-Seola Crossing Two | Affordable Housing in Seattle, WA",public_property_directory,https://affordablehousinghub.org/housing/washington/king-county/seattle/greenbridge-hope-vi-seola-crossing-one-46358-lihtc | https://affordablehousinghub.org/housing/washington/king-county/seattle/greenbridge-hope-vi-seola-crossing-two-46090-lihtc,"Outside read: the retained public records identify separately named phases, components, projects, or buildings. A common address or campus is not sufficient to collapse them.",2026-08-10,retain_each,distinct_phases_or_components_common_address,distinct_phase_or_component_common_address,Apply only the explicit member partition. Preserve every HUD row as a project episode and every site row. Do not sum units or approve a coordinate query here.,2026-08-10,not_approved,FALSE,2,2,0,retain_each,WA,GREENBRIDGE HOPE VI-SEOLA CROSSING ONE | GREENBRIDGE HOPE VI-SEOLA CROSSING TWO,9633 8TH AVE SW 9630 8TH PL SW|SEATTLE|WA,name_similarity_only
XDA2_0358,new_two_pass_review,retain_each,internal_evidence_supports_distinct_phases_or_components,"Internal read: normalized and published names, state IDs, primary and complete address sets, placed-in-service years, unit scopes, and source-quality flags were read together. The resulting member partition is retain_each; no single field, including the shared address, was treated as dispositive.",2026-08-10,retain_each,distinct_phases_or_components_common_address,Google,https://www.google.com/search?q=HIGH%20POINT%20PHASE%20I%20%7C%20HIGH%20POINT%20PHASE%20II%20WA%20affordable%20housing,"High Point Phase I | Affordable Housing in Seattle, WA | High Point Phase Ii | Affordable Housing in Seattle, WA",public_property_directory,https://affordablehousinghub.org/housing/washington/king-county/seattle/high-point-phase-i-46334-lihtc | https://affordablehousinghub.org/housing/washington/king-county/seattle/high-point-phase-ii-46633-lihtc,"Outside read: the retained public records identify separately named phases, components, projects, or buildings. A common address or campus is not sufficient to collapse them.",2026-08-10,retain_each,distinct_phases_or_components_common_address,distinct_phase_or_component_common_address,Apply only the explicit member partition. Preserve every HUD row as a project episode and every site row. Do not sum units or approve a coordinate query here.,2026-08-10,not_approved,FALSE,2,2,0,retain_each,WA,HIGH POINT PHASE I | HIGH POINT PHASE II,3100 N 30TH ST|MOUNT VERNON|WA | 6040 35TH AVE SW|SEATTLE|WA,phase_or_component_only
XDA2_0359,new_two_pass_review,retain_each,internal_evidence_supports_distinct_phases_or_components,"Internal read: normalized and published names, state IDs, primary and complete address sets, placed-in-service years, unit scopes, and source-quality flags were read together. The resulting member partition is retain_each; no single field, including the shared address, was treated as dispositive.",2026-08-10,retain_each,distinct_phases_or_components_common_address,Google,https://www.google.com/search?q=HILLSIDE%20TERRACE%20PHASE%20I%20%7C%20HILLSIDE%20TERRACE%20PHASE%20II%20WA%20affordable%20housing,"Hillside Terrace Phase I | Affordable Housing in Tacoma, WA | Hillside Terrace Phase Ii | Affordable Housing in Tacoma, WA",public_property_directory,https://affordablehousinghub.org/housing/washington/pierce-county/tacoma/hillside-terrace-phase-i-46990-lihtc | https://affordablehousinghub.org/housing/washington/pierce-county/tacoma/hillside-terrace-phase-ii-46160-lihtc,"Outside read: the retained public records identify separately named phases, components, projects, or buildings. A common address or campus is not sufficient to collapse them.",2026-08-10,retain_each,distinct_phases_or_components_common_address,distinct_phase_or_component_common_address,Apply only the explicit member partition. Preserve every HUD row as a project episode and every site row. Do not sum units or approve a coordinate query here.,2026-08-10,not_approved,FALSE,2,2,0,retain_each,WA,HILLSIDE TERRACE PHASE I | HILLSIDE TERRACE PHASE II,2327 CT G|TACOMA|WA,phase_or_component_only
XDA2_0360,new_two_pass_review,merge_all,internal_evidence_supports_one_physical_development,"Internal read: normalized and published names, state IDs, primary and complete address sets, placed-in-service years, unit scopes, and source-quality flags were read together. The resulting member partition is merge_all; no single field, including the shared address, was treated as dispositive.",2026-08-10,merge_all,duplicate_reporting_or_later_episode_same_physical_development,Google,https://www.google.com/search?q=LAKE%20CITY%20VILLAGE%20HOPE%20REDEVELOPMENT%20PHASE%20VI%20%7C%20LAKE%20CITY%20VILLAGE%20HOPE%20VI%20REDEVELOPMENT%20WA%20affordable%20housing,"Lake City Village Hope Redevelopment Phase Vi | Affordable Housing in Seattle, WA | Lake City Village Hope Vi Redevelopment | Affordable Housing in Seattle, WA",public_property_directory,https://affordablehousinghub.org/housing/washington/king-county/seattle/lake-city-village-hope-redevelopment-phase-vi-46846-lihtc | https://affordablehousinghub.org/housing/washington/king-county/seattle/lake-city-village-hope-vi-redevelopment-49209-lihtc,"Outside read: the retained public records identify one named property, one later financing episode, one paired-financing development, or one scattered-site development corresponding to the internal record set. All HUD rows and site rows remain preserved.",2026-08-10,merge_all,duplicate_reporting_or_later_episode_same_physical_development,same_physical_development_address,Apply only the explicit member partition. Preserve every HUD row as a project episode and every site row. Do not sum units or approve a coordinate query here.,2026-08-10,not_approved,FALSE,2,1,0,merge_all,WA,LAKE CITY VILLAGE HOPE REDEVELOPMENT PHASE VI | LAKE CITY VILLAGE HOPE VI REDEVELOPMENT,12536 33RD AVE NE|SEATTLE|WA,phase_or_component_only
XDA2_0361,new_two_pass_review,retain_each,internal_evidence_supports_distinct_phases_or_components,"Internal read: normalized and published names, state IDs, primary and complete address sets, placed-in-service years, unit scopes, and source-quality flags were read together. The resulting member partition is retain_each; no single field, including the shared address, was treated as dispositive.",2026-08-10,retain_each,distinct_phases_or_components_common_address,Google,https://www.google.com/search?q=MERCY%20MAGNUSSON%20PLACE%20NORTH%20%7C%20MERCY%20MAGNUSSON%20PLACE%20SOUTH%20WA%20affordable%20housing,"Mercy Magnusson Place North | Affordable Housing in Seattle, WA | Mercy Magnusson Place South | Affordable Housing in Seattle, WA",public_property_directory,https://affordablehousinghub.org/housing/washington/king-county/seattle/mercy-magnusson-place-north-47487-lihtc | https://affordablehousinghub.org/housing/washington/king-county/seattle/mercy-magnusson-place-south-49247-lihtc,"Outside read: the retained public records identify separately named phases, components, projects, or buildings. A common address or campus is not sufficient to collapse them.",2026-08-10,retain_each,distinct_phases_or_components_common_address,distinct_phase_or_component_common_address,Apply only the explicit member partition. Preserve every HUD row as a project episode and every site row. Do not sum units or approve a coordinate query here.,2026-08-10,not_approved,FALSE,2,2,0,retain_each,WA,MERCY MAGNUSSON PLACE NORTH | MERCY MAGNUSSON PLACE SOUTH,7101 62ND AVE NE|SEATTLE|WA,name_similarity_only
XDA2_0362,new_two_pass_review,retain_each,internal_evidence_supports_distinct_phases_or_components,"Internal read: normalized and published names, state IDs, primary and complete address sets, placed-in-service years, unit scopes, and source-quality flags were read together. The resulting member partition is retain_each; no single field, including the shared address, was treated as dispositive.",2026-08-10,retain_each,distinct_phases_or_components_common_address,Google,https://www.google.com/search?q=MERCY%20OTHELLO%20PLAZA%20EAST%20%7C%20MERCY%20OTHELLO%20PLAZA%20WEST%20WA%20affordable%20housing,"Mercy Othello Plaza East | Affordable Housing in Seattle, WA | Mercy Othello Plaza West | Affordable Housing in Seattle, WA",public_property_directory,https://affordablehousinghub.org/housing/washington/king-county/seattle/mercy-othello-plaza-east-46629-lihtc | https://affordablehousinghub.org/housing/washington/king-county/seattle/mercy-othello-plaza-west-46704-lihtc,"Outside read: the retained public records identify separately named phases, components, projects, or buildings. A common address or campus is not sufficient to collapse them.",2026-08-10,retain_each,distinct_phases_or_components_common_address,distinct_phase_or_component_common_address,Apply only the explicit member partition. Preserve every HUD row as a project episode and every site row. Do not sum units or approve a coordinate query here.,2026-08-10,not_approved,FALSE,2,2,0,retain_each,WA,MERCY OTHELLO PLAZA EAST | MERCY OTHELLO PLAZA WEST,6940 MARTIN LUTHER KING JR WAY S|SEATTLE|WA,name_similarity_only
XDA2_0363,new_two_pass_review,retain_each,internal_evidence_supports_distinct_phases_or_components,"Internal read: normalized and published names, state IDs, primary and complete address sets, placed-in-service years, unit scopes, and source-quality flags were read together. The resulting member partition is retain_each; no single field, including the shared address, was treated as dispositive.",2026-08-10,retain_each,distinct_phases_or_components_common_address,Google,https://www.google.com/search?q=NOOKSACK%20HOMES%20I%20%7C%20NOOKSACK%20HOMES%20IV%20WA%20affordable%20housing,"Nooksack Homes I | Affordable Housing in Everson, WA | Nooksack Homes Iv | Affordable Housing in Deming, WA",public_property_directory,https://affordablehousinghub.org/housing/washington/whatcom-county/deming/nooksack-homes-iv-46176-lihtc | https://affordablehousinghub.org/housing/washington/whatcom-county/everson/nooksack-homes-i-46276-lihtc,"Outside read: the retained public records identify separately named phases, components, projects, or buildings. A common address or campus is not sufficient to collapse them.",2026-08-10,retain_each,distinct_phases_or_components_common_address,distinct_phase_or_component_common_address,Apply only the explicit member partition. Preserve every HUD row as a project episode and every site row. Do not sum units or approve a coordinate query here.,2026-08-10,not_approved,FALSE,2,2,0,retain_each,WA,NOOKSACK HOMES I | NOOKSACK HOMES IV,2582 SULWHANON DR|EVERSON|WA,name_similarity_only
XDA2_0364,new_two_pass_review,retain_each,internal_evidence_supports_distinct_phases_or_components,"Internal read: normalized and published names, state IDs, primary and complete address sets, placed-in-service years, unit scopes, and source-quality flags were read together. The resulting member partition is retain_each; no single field, including the shared address, was treated as dispositive.",2026-08-10,retain_each,distinct_phases_or_components_common_address,Google,https://www.google.com/search?q=PARK%20VIEW%20APARTMENTS%20%7C%20PARKVIEW%20APARTMENTS%20WA%20affordable%20housing,"Park View Apartments | Affordable Housing in Quincy, WA | Parkview Apartments | Affordable Housing in Kennewick, WA | Parkview Apartments | Affordable Housing in Spokane, WA",public_property_directory,https://affordablehousinghub.org/housing/washington/benton-county/kennewick/parkview-apartments-45301-lihtc | https://affordablehousinghub.org/housing/washington/grant-county/quincy/park-view-apartments-46056-lihtc | https://affordablehousinghub.org/housing/washington/spokane-county/spokane/parkview-apartments-46555-lihtc,"Outside read: the retained public records identify separately named phases, components, projects, or buildings. A common address or campus is not sufficient to collapse them.",2026-08-10,retain_each,distinct_phases_or_components_common_address,distinct_phase_or_component_common_address,Apply only the explicit member partition. Preserve every HUD row as a project episode and every site row. Do not sum units or approve a coordinate query here.,2026-08-10,not_approved,FALSE,3,3,0,retain_each,WA,PARK VIEW APARTMENTS | PARKVIEW APARTMENTS,1400 E HARTSON BLDG P|SPOKANE|WA | 1401 E 7TH AVE|SPOKANE|WA | 1406 E HARTSON BLDG O|SPOKANE|WA | 1407 E 7TH AVE BLDG B|SPOKANE|WA | 1412 E HARTSON BLDG N|SPOKANE|WA | ... (18 values) | 1400 E HARTSON BLDG P|SPOKANE|WA | 1406 E HARTSON BLDG O|SPOKANE|WA | 1407 E 7TH AVE BLDG B|SPOKANE|WA | 1412 E HARTSON BLDG N|SPOKANE|WA | 1415 E 7TH AVE BLDG C|SPOKANE|WA | ... (17 values),name_similarity_only
XDA2_0365,new_two_pass_review,retain_each,internal_evidence_supports_distinct_phases_or_components,"Internal read: normalized and published names, state IDs, primary and complete address sets, placed-in-service years, unit scopes, and source-quality flags were read together. The resulting member partition is retain_each; no single field, including the shared address, was treated as dispositive.",2026-08-10,retain_each,distinct_phases_or_components_common_address,Google,https://www.google.com/search?q=RIVER%20VIEW%20%7C%20RIVERVIEW%20WA%20affordable%20housing,"River View | Affordable Housing in Twisp, WA | Riverview | Affordable Housing in Snohomish, WA",public_property_directory,https://affordablehousinghub.org/housing/washington/okanogan-county/twisp/river-view-45291-lihtc | https://affordablehousinghub.org/housing/washington/snohomish-county/snohomish/riverview-45292-lihtc,"Outside read: the retained public records identify separately named phases, components, projects, or buildings. A common address or campus is not sufficient to collapse them.",2026-08-10,retain_each,distinct_phases_or_components_common_address,distinct_phase_or_component_common_address,Apply only the explicit member partition. Preserve every HUD row as a project episode and every site row. Do not sum units or approve a coordinate query here.,2026-08-10,not_approved,FALSE,2,2,0,retain_each,WA,RIVER VIEW | RIVERVIEW,1155 SE BYPASS DR BLDG B|PULLMAN|WA | 1155 SE BYPASS DR BLDG C|PULLMAN|WA | 1622 E MARINE VIEW DR BLDG B|EVERETT|WA | 1622 E MARINE VIEW DR BLDG C|EVERETT|WA | 1622 E MARINE VIEW DR BLDG D|EVERETT|WA | ... (10 values),name_similarity_only
XDA2_0366,new_two_pass_review,retain_each,internal_evidence_supports_distinct_phases_or_components,"Internal read: normalized and published names, state IDs, primary and complete address sets, placed-in-service years, unit scopes, and source-quality flags were read together. The resulting member partition is retain_each; no single field, including the shared address, was treated as dispositive.",2026-08-10,retain_each,distinct_phases_or_components_common_address,Google,https://www.google.com/search?q=RIVER%20VIEW%20APARTMENTS%20%7C%20RIVERVIEW%20APARTMENTS%20WA%20affordable%20housing,"River View Apartments | Affordable Housing in Pullman, WA",public_property_directory,https://affordablehousinghub.org/housing/washington/whitman-county/pullman/river-view-apartments-47661-lihtc,"Outside read: the retained public records identify separately named phases, components, projects, or buildings. A common address or campus is not sufficient to collapse them.",2026-08-10,retain_each,distinct_phases_or_components_common_address,distinct_phase_or_component_common_address,Apply only the explicit member partition. Preserve every HUD row as a project episode and every site row. Do not sum units or approve a coordinate query here.,2026-08-10,not_approved,FALSE,2,2,0,retain_each,WA,RIVER VIEW APARTMENTS | RIVERVIEW APARTMENTS,1155 SE BYPASS DR BLDG B|PULLMAN|WA | 1155 SE BYPASS DR BLDG C|PULLMAN|WA | 1622 E MARINE VIEW DR BLDG B|EVERETT|WA | 1622 E MARINE VIEW DR BLDG C|EVERETT|WA | 1622 E MARINE VIEW DR BLDG D|EVERETT|WA | ... (11 values),name_similarity_only
XDA2_0367,new_two_pass_review,merge_all,internal_evidence_supports_one_physical_development,"Internal read: normalized and published names, state IDs, primary and complete address sets, placed-in-service years, unit scopes, and source-quality flags were read together. The resulting member partition is merge_all; no single field, including the shared address, was treated as dispositive.",2026-08-10,merge_all,duplicate_reporting_or_later_episode_same_physical_development,Google,https://www.google.com/search?q=ROSE%20STREET%20APARTMENTS%20%7C%20ROSE%20STREET%20APTS%20WA%20affordable%20housing,"Rose Street Apartments | Affordable Housing in Seattle, WA | Rose Street Apts | Affordable Housing in Seattle, WA",public_property_directory,https://affordablehousinghub.org/housing/washington/king-county/seattle/rose-street-apartments-49208-lihtc | https://affordablehousinghub.org/housing/washington/king-county/seattle/rose-street-apts-46874-lihtc,"Outside read: the retained public records identify one named property, one later financing episode, one paired-financing development, or one scattered-site development corresponding to the internal record set. All HUD rows and site rows remain preserved.",2026-08-10,merge_all,duplicate_reporting_or_later_episode_same_physical_development,same_physical_development_address,Apply only the explicit member partition. Preserve every HUD row as a project episode and every site row. Do not sum units or approve a coordinate query here.,2026-08-10,not_approved,FALSE,2,1,0,merge_all,WA,ROSE STREET APARTMENTS | ROSE STREET APTS,341 SHANGRI LA WAY|ISSAQUAH|WA | 8124 RAINIER AVE S|SEATTLE|WA,name_or_timing_with_equal_units_near_pis
XDA2_0368,new_two_pass_review,retain_each,internal_evidence_supports_distinct_phases_or_components,"Internal read: normalized and published names, state IDs, primary and complete address sets, placed-in-service years, unit scopes, and source-quality flags were read together. The resulting member partition is retain_each; no single field, including the shared address, was treated as dispositive.",2026-08-10,retain_each,distinct_phases_or_components_common_address,Google,https://www.google.com/search?q=SALISHAN%20FIVE%20%7C%20SALISHAN%20FOUR%20%7C%20SALISHAN%20SIX%20%7C%20SALISHAN%20THREE%20WA%20affordable%20housing,"Salishan Five | Affordable Housing in Tacoma, WA | Salishan Four | Affordable Housing in Tacoma, WA | Salishan Six | Affordable Housing in Tacoma, WA | Salishan Three | Affordable Housing in Tacoma, WA",public_property_directory,https://affordablehousinghub.org/housing/washington/pierce-county/tacoma/salishan-five-46580-lihtc | https://affordablehousinghub.org/housing/washington/pierce-county/tacoma/salishan-four-46925-lihtc | https://affordablehousinghub.org/housing/washington/pierce-county/tacoma/salishan-six-46660-lihtc | https://affordablehousinghub.org/housing/washington/pierce-county/tacoma/salishan-three-46329-lihtc,"Outside read: the retained public records identify separately named phases, components, projects, or buildings. A common address or campus is not sufficient to collapse them.",2026-08-10,retain_each,distinct_phases_or_components_common_address,distinct_phase_or_component_common_address,Apply only the explicit member partition. Preserve every HUD row as a project episode and every site row. Do not sum units or approve a coordinate query here.,2026-08-10,not_approved,FALSE,4,4,0,retain_each,WA,SALISHAN FIVE | SALISHAN FOUR | SALISHAN SIX | SALISHAN THREE,1724 E 44TH ST|TACOMA|WA | 1724 E 44TH ST|TACOMA|WA | 4102 4104 E T|TACOMA|WA,name_or_timing_with_equal_units_near_pis
XDA2_0369,new_two_pass_review,retain_each,internal_evidence_supports_distinct_phases_or_components,"Internal read: normalized and published names, state IDs, primary and complete address sets, placed-in-service years, unit scopes, and source-quality flags were read together. The resulting member partition is retain_each; no single field, including the shared address, was treated as dispositive.",2026-08-10,retain_each,distinct_phases_or_components_common_address,Google,https://www.google.com/search?q=SPOKANE%20TRIBAL%20HOMES%20I%20%7C%20SPOKANE%20TRIBAL%20HOMES%20II%20WA%20affordable%20housing,"Spokane Tribal Homes I | Affordable Housing in Ford, WA | Spokane Tribal Homes Ii | Affordable Housing in Fruitland, WA",public_property_directory,https://affordablehousinghub.org/housing/washington/spokane-county/ford/spokane-tribal-homes-i-46241-lihtc | https://affordablehousinghub.org/housing/washington/stevens-county/fruitland/spokane-tribal-homes-ii-46854-lihtc,"Outside read: the retained public records identify separately named phases, components, projects, or buildings. A common address or campus is not sufficient to collapse them.",2026-08-10,retain_each,distinct_phases_or_components_common_address,distinct_phase_or_component_common_address,Apply only the explicit member partition. Preserve every HUD row as a project episode and every site row. Do not sum units or approve a coordinate query here.,2026-08-10,not_approved,FALSE,2,2,0,retain_each,WA,SPOKANE TRIBAL HOMES I | SPOKANE TRIBAL HOMES II,5095 TSHIMAKIN LOOP WAY|FORD|WA,name_similarity_only
XDA2_0370,new_two_pass_review,merge_all,internal_evidence_supports_one_physical_development,"Internal read: normalized and published names, state IDs, primary and complete address sets, placed-in-service years, unit scopes, and source-quality flags were read together. The resulting member partition is merge_all; no single field, including the shared address, was treated as dispositive.",2026-08-10,merge_all,duplicate_reporting_or_later_episode_same_physical_development,Google,https://www.google.com/search?q=SUNSET%20COURT%20APARTMENTS%20%7C%20WASHINGTON%20GROCERY%20BUILDING%20WA%20affordable%20housing,"Sunset Court Apartments | Affordable Housing in Bellingham, WA | Washington Grocery Building | Affordable Housing in Bellingham, WA",public_property_directory,https://affordablehousinghub.org/housing/washington/whatcom-county/bellingham/sunset-court-apartments-45390-lihtc | https://affordablehousinghub.org/housing/washington/whatcom-county/bellingham/washington-grocery-building-45471-lihtc,"Outside read: the retained public records identify one named property, one later financing episode, one paired-financing development, or one scattered-site development corresponding to the internal record set. All HUD rows and site rows remain preserved.",2026-08-10,merge_all,duplicate_reporting_or_later_episode_same_physical_development,same_physical_development_address,Apply only the explicit member partition. Preserve every HUD row as a project episode and every site row. Do not sum units or approve a coordinate query here.,2026-08-10,not_approved,FALSE,2,1,0,merge_all,WA,SUNSET COURT APARTMENTS | WASHINGTON GROCERY BUILDING,1125 RAILROAD AVE|BELLINGHAM|WA | 1133 RAILROAD AVE|BELLINGHAM|WA,name_or_timing_with_equal_units_near_pis
XDA2_0371,new_two_pass_review,retain_each,internal_evidence_supports_distinct_phases_or_components,"Internal read: normalized and published names, state IDs, primary and complete address sets, placed-in-service years, unit scopes, and source-quality flags were read together. The resulting member partition is retain_each; no single field, including the shared address, was treated as dispositive.",2026-08-10,retain_each,distinct_phases_or_components_common_address,Google,https://www.google.com/search?q=TULALIP%20HOMES%20I%20%7C%20TULALIP%20HOMES%20II%20%7C%20TULALIP%20HOMES%20III%20WA%20affordable%20housing,"Tulalip Homes I | Affordable Housing in Tulalip, WA | Tulalip Homes Ii | Affordable Housing in Tulalip, WA | Tulalip Homes Iii | Affordable Housing in Tulalip, WA",public_property_directory,https://affordablehousinghub.org/housing/washington/snohomish-county/tulalip/tulalip-homes-i-46528-lihtc | https://affordablehousinghub.org/housing/washington/snohomish-county/tulalip/tulalip-homes-ii-46663-lihtc | https://affordablehousinghub.org/housing/washington/snohomish-county/tulalip/tulalip-homes-iii-46794-lihtc,"Outside read: the retained public records identify separately named phases, components, projects, or buildings. A common address or campus is not sufficient to collapse them.",2026-08-10,retain_each,distinct_phases_or_components_common_address,distinct_phase_or_component_common_address,Apply only the explicit member partition. Preserve every HUD row as a project episode and every site row. Do not sum units or approve a coordinate query here.,2026-08-10,not_approved,FALSE,3,3,0,retain_each,WA,TULALIP HOMES I | TULALIP HOMES II | TULALIP HOMES III,8002 30TH DR NE|TULALIP|WA | 8205 16TH AVE NW|TULALIP|WA,name_or_timing_with_equal_units_near_pis
XDA2_0372,new_two_pass_review,retain_each,internal_evidence_supports_distinct_phases_or_components,"Internal read: normalized and published names, state IDs, primary and complete address sets, placed-in-service years, unit scopes, and source-quality flags were read together. The resulting member partition is retain_each; no single field, including the shared address, was treated as dispositive.",2026-08-10,retain_each,distinct_phases_or_components_common_address,Google,https://www.google.com/search?q=WANITY%20PARK%20APARTMENTS%20-%20PHASE%20I%20%7C%20WANITY%20PARK%20APARTMENTS%20-%20PHASE%20II%20WA%20affordable%20housing,"Wanity Park Apartments - Phase I | Affordable Housing in Toppenish, WA | Wanity Park Apartments - Phase Ii | Affordable Housing in Toppenish, WA",public_property_directory,https://affordablehousinghub.org/housing/washington/yakima-county/toppenish/wanity-park-apartments-phase-i-46798-lihtc | https://affordablehousinghub.org/housing/washington/yakima-county/toppenish/wanity-park-apartments-phase-ii-46744-lihtc,"Outside read: the retained public records identify separately named phases, components, projects, or buildings. A common address or campus is not sufficient to collapse them.",2026-08-10,retain_each,distinct_phases_or_components_common_address,distinct_phase_or_component_common_address,Apply only the explicit member partition. Preserve every HUD row as a project episode and every site row. Do not sum units or approve a coordinate query here.,2026-08-10,not_approved,FALSE,2,2,0,retain_each,WA,WANITY PARK APARTMENTS - PHASE I | WANITY PARK APARTMENTS - PHASE II,101 WANITY PARK DR|TOPPENISH|WA,phase_or_component_only
