identity_question_id,development_id,development_name,first_pis_year,n_units_development,review_cluster_id,development_anchor_hud_id,adjudicated_development_id,adjudicated_development_anchor_hud_id,n_review_cluster_members,review_cluster_question_count,member_action,shared_geocoding_query_decision,source_rows_changed
XDA2_0001,DEV_AKA20069004,AURORA VISTA KENAI I-III,2006,48,XDA2C_0001,AKA20069004,DEV_AKA20069004,AKA20069004,2,1,merge_to_review_cluster,not_approved,FALSE
XDA2_0001,DEV_AKA20070005,AURORA VISTA,2007,48,XDA2C_0001,AKA20070005,DEV_AKA20069004,AKA20069004,2,1,merge_to_review_cluster,not_approved,FALSE
XDA2_0002,DEV_AKA20070015,CARLANNA,2007,24,XDA2C_0002,AKA20070015,DEV_AKA20070015,AKA20070015,2,1,merge_to_review_cluster,not_approved,FALSE
XDA2_0002,DEV_AKA20079027,CARLANNA SUBDIVISION,2007,24,XDA2C_0002,AKA20079027,DEV_AKA20070015,AKA20070015,2,1,merge_to_review_cluster,not_approved,FALSE
XDA2_0003,DEV_AKA20010015,CHESTER PARK ESTATES,2001,180,XDA2C_0003,AKA20010015,DEV_AKA20010015,AKA20010015,2,1,merge_to_review_cluster,not_approved,FALSE
XDA2_0003,DEV_AKA20019009,CHESTER PARK,2001,180,XDA2C_0003,AKA20019009,DEV_AKA20010015,AKA20010015,2,1,merge_to_review_cluster,not_approved,FALSE
XDA2_0004,DEV_AKA20130092,"HARBOR RIDGE-HOMER ASSOCIATES, LLC",2013,24,XDA2C_0004,AKA20130092,DEV_AKA20130092,AKA20130092,2,1,merge_to_review_cluster,not_approved,FALSE
XDA2_0004,DEV_AKA20138001,HARBOR RIDGE,2013,24,XDA2C_0004,AKA20138001,DEV_AKA20130092,AKA20130092,2,1,merge_to_review_cluster,not_approved,FALSE
XDA2_0005,DEV_AKA20020010,"HUNTER CREEK APTS. OF PALMER, LP",2002,32,XDA2C_0005,AKA20020010,DEV_AKA20020010,AKA20020010,2,1,merge_to_review_cluster,not_approved,FALSE
XDA2_0005,DEV_AKA20029001,HUNTER CREEK APTS,2002,32,XDA2C_0005,AKA20029001,DEV_AKA20020010,AKA20020010,2,1,merge_to_review_cluster,not_approved,FALSE
XDA2_0006,DEV_AKA20060015,MANOKOTAK,2006,12,XDA2C_0006,AKA20060015,DEV_AKA20060015,AKA20060015,2,1,merge_to_review_cluster,not_approved,FALSE
XDA2_0006,DEV_AKA20069005,MANOKOTAK VIEW,2006,12,XDA2C_0006,AKA20069005,DEV_AKA20060015,AKA20060015,2,1,merge_to_review_cluster,not_approved,FALSE
XDA2_0007,DEV_AKA20060020,MOUNTAIN VIEW VILLAGE II,2006,47,XDA2C_0007,AKA20060020,DEV_AKA20060020,AKA20060020,1,1,retain_current_development,not_approved,FALSE
XDA2_0007,DEV_AKA20070025,MOUNTAIN VIEW VILLAGE III,2007,38,XDA2C_0008,AKA20070025,DEV_AKA20070025,AKA20070025,1,1,retain_current_development,not_approved,FALSE
XDA2_0008,DEV_AKA20039048,MUKLUNG MANOR,2003,16,XDA2C_0009,AKA20039048,DEV_AKA20039048,AKA20039048,2,1,merge_to_review_cluster,not_approved,FALSE
XDA2_0008,DEV_AKA20040020,MUKLUNG APTS,2004,16,XDA2C_0009,AKA20040020,DEV_AKA20039048,AKA20039048,2,1,merge_to_review_cluster,not_approved,FALSE
XDA2_0009,DEV_AKA20030035,PARKVIEW-SOLDOTNA ASSOCIATES LP,2003,26,XDA2C_0010,AKA20030035,DEV_AKA20030035,AKA20030035,2,1,merge_to_review_cluster,not_approved,FALSE
XDA2_0009,DEV_AKA20039005,PARKVIEW APTS,2003,26,XDA2C_0010,AKA20039005,DEV_AKA20030035,AKA20030035,2,1,merge_to_review_cluster,not_approved,FALSE
XDA2_0010,DEV_AKA19970035,SOUND VIEW ASSOCIATES,1997,20,XDA2C_0011,AKA19970035,DEV_AKA19970035,AKA19970035,2,1,merge_to_review_cluster,not_approved,FALSE
XDA2_0010,DEV_AKA19979001,SOUND VIEW APTS,1997,20,XDA2C_0011,AKA19979001,DEV_AKA19970035,AKA19970035,2,1,merge_to_review_cluster,not_approved,FALSE
XDA2_0011,DEV_AKA20203005,SPRUCE CAPE I,2020,30,XDA2C_0012,AKA20203005,DEV_AKA20203005,AKA20203005,1,1,retain_current_development,not_approved,FALSE
XDA2_0011,DEV_AKA20203006,SPRUCE CAPE II,2020,20,XDA2C_0013,AKA20203006,DEV_AKA20203006,AKA20203006,1,1,retain_current_development,not_approved,FALSE
XDA2_0012,DEV_AKA20158007,TERRACE I @ LAWSON CREEK,2015,40,XDA2C_0014,AKA20158007,DEV_AKA20153001,AKA20153001,2,2,merge_to_review_cluster,not_approved,FALSE
XDA2_0012,DEV_AKA20176004,TERRACE II @ LAWSON CREEK,2017,35,XDA2C_0015,AKA20176004,DEV_AKA20171001,AKA20171001,2,2,merge_to_review_cluster,not_approved,FALSE
XDA2_0013,DEV_AKA20153001,TERRACES AT LAWSON CREEK,2015,40,XDA2C_0014,AKA20153001,DEV_AKA20153001,AKA20153001,2,2,merge_to_review_cluster,not_approved,FALSE
XDA2_0013,DEV_AKA20171001,TERRACES AT LAWSON CREEK II,2017,35,XDA2C_0015,AKA20171001,DEV_AKA20171001,AKA20171001,2,2,merge_to_review_cluster,not_approved,FALSE
XDA2_0014,DEV_AKA20090010,WEEKS FIELD ESTATES PHASE I,2009,74,XDA2C_0016,AKA20090010,DEV_AKA20090010,AKA20090010,1,1,retain_current_development,not_approved,FALSE
XDA2_0014,DEV_AKA20110020,WEEKS FIELD ESTATES PHASE II,2011,56,XDA2C_0017,AKA20110020,DEV_AKA20110020,AKA20110020,1,1,retain_current_development,not_approved,FALSE
XDA2_0015,DEV_ARA19970020,BENTONVILLE II,1997,20,XDA2C_0018,ARA19970020,DEV_ARA19970020,ARA19970020,1,1,retain_current_development,not_approved,FALSE
XDA2_0015,DEV_ARA19980694,BENTONVILLE III,1998,11,XDA2C_0019,ARA19980694,DEV_ARA19980694,ARA19980694,1,1,retain_current_development,not_approved,FALSE
XDA2_0016,DEV_ARA20110824,BLUFFS ON MCCAIN II FKA NORTH PARK APARTMENTS,2011,64,XDA2C_0020,ARA20110824,DEV_ARA20110824,ARA20110824,2,1,merge_to_review_cluster,not_approved,FALSE
XDA2_0016,DEV_ARA20119003,BLUFFS ON MCCAIN II FKA NORTHPARK APARTMENTS,2011,64,XDA2C_0020,ARA20119003,DEV_ARA20110824,ARA20110824,2,1,merge_to_review_cluster,not_approved,FALSE
XDA2_0017,DEV_ARA20080025,BROADWAY TERRACE (WEST MEMPHIS),2008,27,XDA2C_0021,ARA20080025,DEV_ARA20080025,ARA20080025,2,1,merge_to_review_cluster,not_approved,FALSE
XDA2_0017,DEV_ARA20089005,BROADWAY TERRACE,2008,27,XDA2C_0021,ARA20089005,DEV_ARA20080025,ARA20080025,2,1,merge_to_review_cluster,not_approved,FALSE
XDA2_0018,DEV_ARA20000720,CHAPEL RIDGE OF TEXARKANA,2000,144,XDA2C_0022,ARA20000720,DEV_ARA20000720,ARA20000720,1,1,retain_current_development,not_approved,FALSE
XDA2_0018,DEV_ARA20040025,CHAPEL RIDGE OF TEXARKANA II,2004,72,XDA2C_0023,ARA20040025,DEV_ARA20040025,ARA20040025,1,1,retain_current_development,not_approved,FALSE
XDA2_0019,DEV_ARA20183216,COLONY SQUARE AT SPRINGDALE PHASE I,2018,64,XDA2C_0024,ARA20183216,DEV_ARA20183216,ARA20183216,1,1,retain_current_development,not_approved,FALSE
XDA2_0019,DEV_ARA20183217,COLONY SQUARE AT SPRINGDALE PHASE II,2018,56,XDA2C_0025,ARA20183217,DEV_ARA20183217,ARA20183217,1,1,retain_current_development,not_approved,FALSE
XDA2_0020,DEV_ARA20147051,CYPRESS GROVE - LAKE VILLAGE,2014,36,XDA2C_0026,ARA20147051,DEV_ARA20147051,ARA20147051,2,1,merge_to_review_cluster,not_approved,FALSE
XDA2_0020,DEV_ARA20185224,CYPRESS GROVE OF LAKE VILLAGE,2018,37,XDA2C_0026,ARA20185224,DEV_ARA20147051,ARA20147051,2,1,merge_to_review_cluster,not_approved,FALSE
XDA2_0021,DEV_ARA20160002,ELLISTON PLACE FKA ROSS APARTMENTS,2016,50,XDA2C_0027,ARA20160002,DEV_ARA20160002,ARA20160002,2,1,merge_to_review_cluster,not_approved,FALSE
XDA2_0021,DEV_ARA20163002,ELLISTON FKA ROSS APARTMENTS,2016,50,XDA2C_0027,ARA20163002,DEV_ARA20160002,ARA20160002,2,1,merge_to_review_cluster,not_approved,FALSE
XDA2_0022,DEV_ARA19960048,GARDEN WALK ON ELFEN GLEN I,1996,80,XDA2C_0028,ARA19960048,DEV_ARA19960048,ARA19960048,1,1,retain_current_development,not_approved,FALSE
XDA2_0022,DEV_ARA20130004,GARDEN WALK ON ELFEN GLEN II,2013,54,XDA2C_0029,ARA20130004,DEV_ARA20130004,ARA20130004,1,1,retain_current_development,not_approved,FALSE
XDA2_0023,DEV_ARA20150002,HICKY GARDENS,2015,56,XDA2C_0030,ARA20150002,DEV_ARA20150002,ARA20150002,2,1,merge_to_review_cluster,not_approved,FALSE
XDA2_0023,DEV_ARA20152005,HICKY GARDEN,2015,56,XDA2C_0030,ARA20152005,DEV_ARA20150002,ARA20150002,2,1,merge_to_review_cluster,not_approved,FALSE
XDA2_0024,DEV_ARA19999001,IMPERIAL HOMES SOUTH,1999,56,XDA2C_0031,ARA19999001,DEV_ARA19999001,ARA19999001,1,1,retain_current_development,not_approved,FALSE
XDA2_0024,DEV_ARA20160006,IMPERIAL HOMES NORTH,2016,64,XDA2C_0032,ARA20160006,DEV_ARA20160006,ARA20160006,1,1,retain_current_development,not_approved,FALSE
XDA2_0025,DEV_ARA20020348,MADISON HEIGHTS PHASE II,2002,101,XDA2C_0033,ARA20020348,DEV_ARA20020348,ARA20020348,1,1,retain_current_development,not_approved,FALSE
XDA2_0025,DEV_ARA20050065,MADISON HEIGHTS PHASE III,2005,60,XDA2C_0034,ARA20050065,DEV_ARA20050065,ARA20050065,1,1,retain_current_development,not_approved,FALSE
XDA2_0026,DEV_ARA19949006,MEADOWGLADE II (DUPLEXES),1994,14,XDA2C_0035,ARA19949006,DEV_ARA19949006,ARA19949006,1,1,retain_current_development,not_approved,FALSE
XDA2_0026,DEV_ARA19950901,MEADOWGLADE (DUPLEXES),1995,14,XDA2C_0036,ARA19950901,DEV_ARA19950901,ARA19950901,1,1,retain_current_development,not_approved,FALSE
XDA2_0027,DEV_ARA20110818,OAKS AT MENA,2011,30,XDA2C_0037,ARA20110818,DEV_ARA20110818,ARA20110818,2,1,merge_to_review_cluster,not_approved,FALSE
XDA2_0027,DEV_ARA20118032,OAKS ASSISTED LIVING,2011,30,XDA2C_0037,ARA20118032,DEV_ARA20110818,ARA20110818,2,1,merge_to_review_cluster,not_approved,FALSE
XDA2_0028,DEV_ARA20020801,PARK PLAZA APTS PHASES III & IV,2002,24,XDA2C_0038,ARA20020801,DEV_ARA20020801,ARA20020801,1,1,retain_current_development,not_approved,FALSE
XDA2_0028,DEV_ARA20029803,PARK PLAZA III,2002,24,XDA2C_0039,ARA20029803,DEV_ARA20029803,ARA20029803,1,1,retain_current_development,not_approved,FALSE
XDA2_0029,DEV_ARA20110578,PEAKS AT COUNTRY CLUB,2011,48,XDA2C_0040,ARA20110578,DEV_ARA20110578,ARA20110578,2,1,merge_to_review_cluster,not_approved,FALSE
XDA2_0029,DEV_ARA20110823,PEAKS AT COUNTRY CLUB II,2011,48,XDA2C_0040,ARA20110823,DEV_ARA20110578,ARA20110578,2,1,merge_to_review_cluster,not_approved,FALSE
XDA2_0030,DEV_ARA20201004,RIDGE AT LITTLE ROCK I,2020,48,XDA2C_0041,ARA20201004,DEV_ARA20201004,ARA20201004,1,1,retain_current_development,not_approved,FALSE
XDA2_0030,DEV_ARA20210007,RIDGE AT LITTLE ROCK II,2021,48,XDA2C_0042,ARA20210007,DEV_ARA20210007,ARA20210007,1,1,retain_current_development,not_approved,FALSE
XDA2_0031,DEV_ARA20120948,RIDGE AT NORTH LITTLE ROCK II,2012,48,XDA2C_0043,ARA20120948,DEV_ARA20120948,ARA20120948,1,1,retain_current_development,not_approved,FALSE
XDA2_0031,DEV_ARA20190005,RIDGE AT NORTH LITTLE ROCK III,2019,48,XDA2C_0044,ARA20190005,DEV_ARA20190005,ARA20190005,1,1,retain_current_development,not_approved,FALSE
XDA2_0032,DEV_ARA20060065,RIDGE AT WEST MEMPHIS II,2006,64,XDA2C_0045,ARA20060065,DEV_ARA20060065,ARA20060065,1,1,retain_current_development,not_approved,FALSE
XDA2_0032,DEV_ARA20190006,RIDGE AT WEST MEMPHIS III,2019,48,XDA2C_0046,ARA20190006,DEV_ARA20190006,ARA20190006,1,1,retain_current_development,not_approved,FALSE
XDA2_0033,DEV_ARA20130008,RIVERSIDE PARK APARTMENTS I FKA PARK PLAZA I,2013,64,XDA2C_0047,ARA20130008,DEV_ARA20130008,ARA20130008,1,1,retain_current_development,not_approved,FALSE
XDA2_0033,DEV_ARA20130009,RIVERSIDE PARK APARTMENTS II FKA PARK PLAZA I,2013,,XDA2C_0048,ARA20130009,DEV_ARA20130009,ARA20130009,1,1,retain_current_development,not_approved,FALSE
XDA2_0034,DEV_ARA20120946,STONEBROOK PARK HOMES OF WYNNE,2012,37,XDA2C_0049,ARA20120946,DEV_ARA20120946,ARA20120946,2,1,merge_to_review_cluster,not_approved,FALSE
XDA2_0034,DEV_ARA20127030,STONEBROOK PARK OF WYNNE,2012,37,XDA2C_0049,ARA20127030,DEV_ARA20120946,ARA20120946,2,1,merge_to_review_cluster,not_approved,FALSE
XDA2_0035,DEV_ARA20200007,STONERIDGE DUPLEXES OF SILOAM SPRINGS,2020,60,XDA2C_0050,ARA20200007,DEV_ARA20200007,ARA20200007,1,1,retain_current_development,not_approved,FALSE
XDA2_0035,DEV_ARA20210008,STONERIDGE DUPLEXES II OF SILOAM SPRINGS,2021,50,XDA2C_0051,ARA20210008,DEV_ARA20210008,ARA20210008,1,1,retain_current_development,not_approved,FALSE
XDA2_0036,DEV_ARA20171007,VINEYARDS OF MONTICELLO,2017,48,XDA2C_0052,ARA20171007,DEV_ARA20171007,ARA20171007,2,1,merge_to_review_cluster,not_approved,FALSE
XDA2_0036,DEV_ARA20172015,VINEYARDS AT MONTICELLO,2017,48,XDA2C_0052,ARA20172015,DEV_ARA20171007,ARA20171007,2,1,merge_to_review_cluster,not_approved,FALSE
XDA2_0037,DEV_ARA20160014,WALKER COURTS SOUTH  APARTMETNS,2016,64,XDA2C_0053,ARA20160014,DEV_ARA20160014,ARA20160014,2,1,merge_to_review_cluster,not_approved,FALSE
XDA2_0037,DEV_ARA20161013,WALKER COURTS SOUTH APTS,2016,64,XDA2C_0053,ARA20161013,DEV_ARA20160014,ARA20160014,2,1,merge_to_review_cluster,not_approved,FALSE
XDA2_0037,DEV_ARA20161012,WALKER COURTS NORTH APTS,2016,49,XDA2C_0054,ARA20161012,DEV_ARA20161012,ARA20161012,1,1,retain_current_development,not_approved,FALSE
XDA2_0038,DEV_CAA20160012,CIELO CARMEL I,2016,107,XDA2C_0055,CAA20160012,DEV_CAA20160012,CAA20160012,1,1,retain_current_development,not_approved,FALSE
XDA2_0038,DEV_CAA20160013,CIELO CARMEL II,2016,90,XDA2C_0056,CAA20160013,DEV_CAA20160013,CAA20160013,1,1,retain_current_development,not_approved,FALSE
XDA2_0039,DEV_CAA19960180,CRESCENT VILLAGE,1996,112,XDA2C_0057,CAA19960180,DEV_CAA19960180,CAA19960180,1,1,retain_current_development,not_approved,FALSE
XDA2_0039,DEV_CAA20183003,CRESCENT VILLAGES,2018,144,XDA2C_0058,CAA20183003,DEV_CAA20183003,CAA20183003,1,1,retain_current_development,not_approved,FALSE
XDA2_0040,DEV_CAA20230046,LOS ARROYOS II,2023,54,XDA2C_0059,CAA20230046,DEV_CAA20230046,CAA20230046,1,1,retain_current_development,not_approved,FALSE
XDA2_0040,DEV_CAA20231058,LOS ARROYOS I,2023,54,XDA2C_0060,CAA20231058,DEV_CAA20231058,CAA20231058,1,1,retain_current_development,not_approved,FALSE
XDA2_0041,DEV_CAA20191081,OAK PARK 3 APARTMENTS,2019,76,XDA2C_0061,CAA20191081,DEV_CAA20191081,CAA20191081,1,1,retain_current_development,not_approved,FALSE
XDA2_0041,DEV_CAA20200041,OAK PARK 4 APARTMENTS,2020,75,XDA2C_0062,CAA20200041,DEV_CAA20200041,CAA20200041,1,1,retain_current_development,not_approved,FALSE
XDA2_0042,DEV_CAA20231085,SANTA FE COMMONS I,2023,81,XDA2C_0063,CAA20231085,DEV_CAA20231085,CAA20231085,1,1,retain_current_development,not_approved,FALSE
XDA2_0042,DEV_CAA20240104,SANTA FE COMMONS II,2024,57,XDA2C_0064,CAA20240104,DEV_CAA20240104,CAA20240104,1,1,retain_current_development,not_approved,FALSE
XDA2_0043,DEV_CAA20210075,THE GARDENS AT QUAIL RUN,2021,96,XDA2C_0065,CAA20210075,DEV_CAA20210075,CAA20210075,1,1,retain_current_development,not_approved,FALSE
XDA2_0043,DEV_CAA20230081,THE GARDENS AT QUAIL RUN II,2023,108,XDA2C_0066,CAA20230081,DEV_CAA20230081,CAA20230081,1,1,retain_current_development,not_approved,FALSE
XDA2_0044,DEV_CAA20147512,VISTA DEL MAR,2014,,XDA2C_0067,CAA20147512,DEV_CAA20147512,CAA20147512,2,1,merge_to_review_cluster,not_approved,FALSE
XDA2_0044,DEV_CAA20147513,VISTA DEL MAR COMMONS (SITE A),2014,142,XDA2C_0067,CAA20147513,DEV_CAA20147512,CAA20147512,2,1,merge_to_review_cluster,not_approved,FALSE
XDA2_0045,DEV_CAA19900065,WOODHAVEN SENIOR RESIDENCES,1990,104,XDA2C_0068,CAA19900065,DEV_CAA19900065,CAA19900065,2,1,merge_to_review_cluster,not_approved,FALSE
XDA2_0045,DEV_CAA20151039,WOODHAVEN SENIOR RESIDENCE,2015,104,XDA2C_0068,CAA20151039,DEV_CAA19900065,CAA19900065,2,1,merge_to_review_cluster,not_approved,FALSE
XDA2_0046,DEV_COA19960030,CARE HOUSING AT SWALLOW RD,1996,40,XDA2C_0069,COA19960030,DEV_COA19960030,COA19960030,1,1,retain_current_development,not_approved,FALSE
XDA2_0046,DEV_COA20220011,CARE HOUSING AT SWALLOW ROAD,2022,84,XDA2C_0070,COA20220011,DEV_COA20220011,COA20220011,1,1,retain_current_development,not_approved,FALSE
XDA2_0047,DEV_COA20230005,CENTRAL PARK II,2023,90,XDA2C_0071,COA20230005,DEV_COA20230005,COA20230005,1,1,retain_current_development,not_approved,FALSE
XDA2_0047,DEV_COA20230006,CENTRAL PARK III,2023,127,XDA2C_0072,COA20230006,DEV_COA20230006,COA20230006,1,1,retain_current_development,not_approved,FALSE
XDA2_0048,DEV_CTA20211008,WESTBROOK VILLAGE PHASE III,2021,65,XDA2C_0073,CTA20211008,DEV_CTA20211008,CTA20211008,1,1,retain_current_development,not_approved,FALSE
XDA2_0048,DEV_CTA20220005,WESTBROOK VILLAGE PHASE IV,2022,60,XDA2C_0074,CTA20220005,DEV_CTA20220005,CTA20220005,1,1,retain_current_development,not_approved,FALSE
XDA2_0049,DEV_DEA20078002,BRIGHTWAY COMMONS I,2007,80,XDA2C_0075,DEA20078002,DEV_DEA20078002,DEA20078002,1,1,retain_current_development,not_approved,FALSE
XDA2_0049,DEV_DEA20090020,BRIGHTWAYS COMMONS II,2009,44,XDA2C_0076,DEA20090020,DEV_DEA20090020,DEA20090020,2,1,merge_to_review_cluster,not_approved,FALSE
XDA2_0049,DEV_DEA20099001,BRIGHTWAY COMMONS II,2009,44,XDA2C_0076,DEA20099001,DEV_DEA20090020,DEA20090020,2,1,merge_to_review_cluster,not_approved,FALSE
XDA2_0050,DEV_DEA19960002,CHRISTIANA FARMS,1996,76,XDA2C_0077,DEA19960002,DEV_DEA19960002,DEA19960002,2,1,merge_to_review_cluster,not_approved,FALSE
XDA2_0050,DEV_DEA19969001,CHRISTIANA FARMS I,1996,76,XDA2C_0077,DEA19969001,DEV_DEA19960002,DEA19960002,2,1,merge_to_review_cluster,not_approved,FALSE
XDA2_0050,DEV_DEA19990035,CHRISTIANA FARMS II,1999,18,XDA2C_0078,DEA19990035,DEV_DEA19990035,DEA19990035,1,1,retain_current_development,not_approved,FALSE
XDA2_0051,DEV_DEA19900010,GEORGETOWN I,1990,50,XDA2C_0079,DEA19900010,DEV_DEA19900010,DEA19900010,1,1,retain_current_development,not_approved,FALSE
XDA2_0051,DEV_DEA19909001,GEORGETOWN II APARTMENTS,1990,50,XDA2C_0080,DEA19909001,DEV_DEA19909001,DEA19909001,1,1,retain_current_development,not_approved,FALSE
XDA2_0052,DEV_DEA20010010,LUTHER GARDENS ANNEX,2001,18,XDA2C_0081,DEA20010010,DEV_DEA20010010,DEA20010010,1,1,retain_current_development,not_approved,FALSE
XDA2_0052,DEV_DEA20019003,LUTHER GARDENS,2001,18,XDA2C_0082,DEA20019003,DEV_DEA20019003,DEA20019003,1,1,retain_current_development,not_approved,FALSE
XDA2_0053,DEV_DEA20100020,MILLSBORO VILLAGE,2010,50,XDA2C_0083,DEA20100020,DEV_DEA20100020,DEA20100020,2,1,merge_to_review_cluster,not_approved,FALSE
XDA2_0053,DEV_DEA20105003,MILLSBORO VILLAGE I,2010,50,XDA2C_0083,DEA20105003,DEV_DEA20100020,DEA20100020,2,1,merge_to_review_cluster,not_approved,FALSE
XDA2_0054,DEV_DEA20132005,NORTH LAKE VILLAGE I,2013,42,XDA2C_0084,DEA20132005,DEV_DEA20132005,DEA20132005,1,1,retain_current_development,not_approved,FALSE
XDA2_0054,DEV_DEA20132006,NORTH LAKE VILLAGE II,2013,10,XDA2C_0085,DEA20132006,DEV_DEA20132006,DEA20132006,1,1,retain_current_development,not_approved,FALSE
XDA2_0055,DEV_DEA19980025,SHADY GROVE II,1998,25,XDA2C_0086,DEA19980025,DEV_DEA19980025,DEA19980025,1,1,retain_current_development,not_approved,FALSE
XDA2_0055,DEV_DEA20010030,SHADY GROVE III,2001,20,XDA2C_0087,DEA20010030,DEV_DEA20010030,DEA20010030,1,1,retain_current_development,not_approved,FALSE
XDA2_0056,DEV_DEA20202010,"THE FLATS PHASE III, L.P.",2020,77,XDA2C_0088,DEA20202010,DEV_DEA20202010,DEA20202010,1,1,retain_current_development,not_approved,FALSE
XDA2_0056,DEV_DEA20231001,"THE FLATS PHASE IV, L.P.",2023,52,XDA2C_0089,DEA20231001,DEV_DEA20231001,DEA20231001,1,1,retain_current_development,not_approved,FALSE
XDA2_0057,DEV_FLA19990803,ARIA LANDINGS I,1999,208,XDA2C_0090,FLA19990803,DEV_FLA19990803,FLA19990803,1,1,retain_current_development,not_approved,FALSE
XDA2_0057,DEV_FLA20000015,ARIA LANDINGS II,2000,112,XDA2C_0091,FLA20000015,DEV_FLA20000015,FLA20000015,1,1,retain_current_development,not_approved,FALSE
XDA2_0058,DEV_FLA20010025,COUNTRY CLUB VILLAS I,2001,216,XDA2C_0092,FLA20010025,DEV_FLA20010025,FLA20010025,1,1,retain_current_development,not_approved,FALSE
XDA2_0058,DEV_FLA20020065,COUNTRY CLUB VILLAS II,2002,214,XDA2C_0093,FLA20020065,DEV_FLA20020065,FLA20020065,1,1,retain_current_development,not_approved,FALSE
XDA2_0059,DEV_FLA20080080,FOUNTAINS AT MILLENIA I,2008,162,XDA2C_0094,FLA20080080,DEV_FLA20080080,FLA20080080,1,1,retain_current_development,not_approved,FALSE
XDA2_0059,DEV_FLA20080085,FOUNTAINS AT MILLENIA II,2008,32,XDA2C_0095,FLA20080085,DEV_FLA20080085,FLA20080085,1,1,retain_current_development,not_approved,FALSE
XDA2_0059,DEV_FLA20080090,FOUNTAINS AT MILLENIA III,2008,82,XDA2C_0096,FLA20080090,DEV_FLA20080090,FLA20080090,1,1,retain_current_development,not_approved,FALSE
XDA2_0059,DEV_FLA20080095,FOUNTAINS AT MILLENIA IV,2008,100,XDA2C_0097,FLA20080095,DEV_FLA20080095,FLA20080095,1,1,retain_current_development,not_approved,FALSE
XDA2_0060,DEV_FLA19990095,GREEN GABLES I,1999,131,XDA2C_0098,FLA19990095,DEV_FLA19990095,FLA19990095,1,1,retain_current_development,not_approved,FALSE
XDA2_0060,DEV_FLA20060070,GREEN GABLES II,2006,124,XDA2C_0099,FLA20060070,DEV_FLA20060070,FLA20060070,1,1,retain_current_development,not_approved,FALSE
XDA2_0061,DEV_FLA20110085,HOMES OF RENAISSANCE PRESERVE I,2011,96,XDA2C_0100,FLA20110085,DEV_FLA20110085,FLA20110085,1,1,retain_current_development,not_approved,FALSE
XDA2_0061,DEV_FLA20160011,HOMES OF RENAISSANCE PRESERVE III,2016,72,XDA2C_0101,FLA20160011,DEV_FLA20160011,FLA20160011,1,1,retain_current_development,not_approved,FALSE
XDA2_0062,DEV_FLA20080135,LAUREL OAKS II,2008,108,XDA2C_0102,FLA20080135,DEV_FLA20080135,FLA20080135,1,1,retain_current_development,not_approved,FALSE
XDA2_0062,DEV_FLA20090210,LAUREL OAKS I,2009,144,XDA2C_0103,FLA20090210,DEV_FLA20090210,FLA20090210,1,1,retain_current_development,not_approved,FALSE
XDA2_0063,DEV_FLA20050085,LAUREL PARK I,2005,170,XDA2C_0104,FLA20050085,DEV_FLA20050085,FLA20050085,1,1,retain_current_development,not_approved,FALSE
XDA2_0063,DEV_FLA20070100,LAUREL PARK II,2007,68,XDA2C_0105,FLA20070100,DEV_FLA20070100,FLA20070100,1,1,retain_current_development,not_approved,FALSE
XDA2_0064,DEV_FLA20150015,NORTHSIDE TRANSIT VILLAGE I,2015,100,XDA2C_0106,FLA20150015,DEV_FLA20150015,FLA20150015,1,1,retain_current_development,not_approved,FALSE
XDA2_0064,DEV_FLA20220014,NORTHSIDE TRANSIT VILLAGE II,2022,180,XDA2C_0107,FLA20220014,DEV_FLA20220014,FLA20220014,1,1,retain_current_development,not_approved,FALSE
XDA2_0065,DEV_FLA20000130,PARK CREST TERRACE I,2000,100,XDA2C_0108,FLA20000130,DEV_FLA20000130,FLA20000130,1,1,retain_current_development,not_approved,FALSE
XDA2_0065,DEV_FLA20010145,PARK CREST TERRACE II,2001,44,XDA2C_0109,FLA20010145,DEV_FLA20010145,FLA20010145,1,1,retain_current_development,not_approved,FALSE
XDA2_0066,DEV_FLA19930140,REEF CLUB II,1993,280,XDA2C_0110,FLA19930140,DEV_FLA19930140,FLA19930140,1,1,retain_current_development,not_approved,FALSE
XDA2_0066,DEV_FLA20148802,REEF CLUB I,2014,280,XDA2C_0111,FLA20148802,DEV_FLA20148802,FLA20148802,1,1,retain_current_development,not_approved,FALSE
XDA2_0067,DEV_FLA20030682,SAN MARCO VILLAS I,2003,288,XDA2C_0112,FLA20030682,DEV_FLA20030682,FLA20030682,1,1,retain_current_development,not_approved,FALSE
XDA2_0067,DEV_FLA20040739,SAN MARCO VILLAS II,2004,112,XDA2C_0113,FLA20040739,DEV_FLA20040739,FLA20040739,1,1,retain_current_development,not_approved,FALSE
XDA2_0068,DEV_FLA19990135,TAYLOR POINTE I,1999,96,XDA2C_0114,FLA19990135,DEV_FLA19990135,FLA19990135,1,1,retain_current_development,not_approved,FALSE
XDA2_0068,DEV_FLA20030145,TAYLOR POINTE II,2003,72,XDA2C_0115,FLA20030145,DEV_FLA20030145,FLA20030145,1,1,retain_current_development,not_approved,FALSE
XDA2_0069,DEV_FLA20130017,VILLA CAPRI I,2013,220,XDA2C_0116,FLA20130017,DEV_FLA20130017,FLA20130017,1,1,retain_current_development,not_approved,FALSE
XDA2_0069,DEV_FLA20163007,VILLA CAPRI II,2016,117,XDA2C_0117,FLA20163007,DEV_FLA20163007,FLA20163007,1,1,retain_current_development,not_approved,FALSE
XDA2_0070,DEV_GAA19980167,AMERICUS GARDENS,1998,44,XDA2C_0118,GAA19980167,DEV_GAA19980167,GAA19980167,2,1,merge_to_review_cluster,not_approved,FALSE
XDA2_0070,DEV_GAA20200001,AMERICUS GARDEN,2020,44,XDA2C_0118,GAA20200001,DEV_GAA19980167,GAA19980167,2,1,merge_to_review_cluster,not_approved,FALSE
XDA2_0071,DEV_GAA20050120,ANTIOCH MANOR ESTATES I,2005,120,XDA2C_0119,GAA20050120,DEV_GAA20050120,GAA20050120,2,1,merge_to_review_cluster,not_approved,FALSE
XDA2_0071,DEV_GAA20059804,ANITOCH MANOR I,2005,120,XDA2C_0119,GAA20059804,DEV_GAA20050120,GAA20050120,2,1,merge_to_review_cluster,not_approved,FALSE
XDA2_0072,DEV_GAA19950015,ARBOR TRACE PHASE II,1995,42,XDA2C_0120,GAA19950015,DEV_GAA19950015,GAA19950015,1,1,retain_current_development,not_approved,FALSE
XDA2_0072,DEV_GAA19950020,ARBOR TRACE PHASE I,1995,24,XDA2C_0121,GAA19950020,DEV_GAA19950020,GAA19950020,1,1,retain_current_development,not_approved,FALSE
XDA2_0073,DEV_GAA20100005,ASHLEY AUBURN POINTE I,2010,154,XDA2C_0122,GAA20100005,DEV_GAA20100005,GAA20100005,2,1,merge_to_review_cluster,not_approved,FALSE
XDA2_0073,DEV_GAA20107002,ASHLEY AURBURN POINTE I / OAKS,2010,154,XDA2C_0122,GAA20107002,DEV_GAA20100005,GAA20100005,2,1,merge_to_review_cluster,not_approved,FALSE
XDA2_0074,DEV_GAA20029008,"ASHLEY CASCADE, II",2002,136,XDA2C_0123,GAA20029008,DEV_GAA20029008,GAA20029008,1,1,retain_current_development,not_approved,FALSE
XDA2_0074,DEV_GAA20030155,"ASHLEY CASCADE,III",2003,96,XDA2C_0124,GAA20030155,DEV_GAA20030155,GAA20030155,1,1,retain_current_development,not_approved,FALSE
XDA2_0075,DEV_GAA20040080,ASHLEY MIDTOWN II,2004,,XDA2C_0125,GAA20040080,DEV_GAA20040080,GAA20040080,1,1,retain_current_development,not_approved,FALSE
XDA2_0075,DEV_GAA20049003,ASHLEY MIDTOWN I,2004,168,XDA2C_0126,GAA20049003,DEV_GAA20049003,GAA20049003,1,1,retain_current_development,not_approved,FALSE
XDA2_0076,DEV_GAA20080003,ASHLEY STATION II,2008,183,XDA2C_0127,GAA20080003,DEV_GAA20080003,GAA20080003,2,1,merge_to_review_cluster,not_approved,FALSE
XDA2_0076,DEV_GAA20089860,ASHLEY STATION PHASE II,2008,183,XDA2C_0127,GAA20089860,DEV_GAA20080003,GAA20080003,2,1,merge_to_review_cluster,not_approved,FALSE
XDA2_0077,DEV_GAA00000009,BTW-CHAPMAN 2,,100,XDA2C_0128,GAA00000009,DEV_GAA00000009,GAA00000009,1,1,retain_current_development,not_approved,FALSE
XDA2_0077,DEV_GAA20152003,BTW-CHAPMAN I,2015,100,XDA2C_0129,GAA20152003,DEV_GAA20152003,GAA20152003,1,1,retain_current_development,not_approved,FALSE
XDA2_0078,DEV_GAA20070030,CANDLER FOREST,2007,100,XDA2C_0130,GAA20070030,DEV_GAA20070030,GAA20070030,2,1,merge_to_review_cluster,not_approved,FALSE
XDA2_0078,DEV_GAA20079008,CANDLER FORREST,2007,100,XDA2C_0130,GAA20079008,DEV_GAA20070030,GAA20070030,2,1,merge_to_review_cluster,not_approved,FALSE
XDA2_0079,DEV_GAA20020020,COLUMBIA CITIHOMES,2002,84,XDA2C_0131,GAA20020020,DEV_GAA20020020,GAA20020020,2,1,merge_to_review_cluster,not_approved,FALSE
XDA2_0079,DEV_GAA20029801,COLUMBIA PARK CITI,2002,84,XDA2C_0131,GAA20029801,DEV_GAA20020020,GAA20020020,2,1,merge_to_review_cluster,not_approved,FALSE
XDA2_0080,DEV_GAA20110040,COLUMBIA TOWNHOMES AT EDGEWOOD,2011,100,XDA2C_0132,GAA20110040,DEV_GAA20110040,GAA20110040,1,1,retain_current_development,not_approved,FALSE
XDA2_0080,DEV_GAA20120800,COLUMBIA TOWNHOMES AT EDGEWOOD II,2012,40,XDA2C_0133,GAA20120800,DEV_GAA20120800,GAA20120800,1,1,retain_current_development,not_approved,FALSE
XDA2_0081,DEV_GAA20120025,CONNERS SENIOR VILLAGE PHASE II,2012,60,XDA2C_0134,GAA20120025,DEV_GAA20120025,GAA20120025,2,1,merge_to_review_cluster,not_approved,FALSE
XDA2_0081,DEV_GAA20125006,CONNERS SENIOR VILLAGE,2012,60,XDA2C_0134,GAA20125006,DEV_GAA20120025,GAA20120025,2,1,merge_to_review_cluster,not_approved,FALSE
XDA2_0082,DEV_GAA19900180,EAST ORCHARD FAMILY,1990,,XDA2C_0135,GAA19900180,DEV_GAA19900180,GAA19900180,1,1,retain_current_development,not_approved,FALSE
XDA2_0082,DEV_GAA19910100,EAST ORCHARD ELDERLY,1991,,XDA2C_0136,GAA19910100,DEV_GAA19910100,GAA19910100,1,1,retain_current_development,not_approved,FALSE
XDA2_0083,DEV_GAA20050025,HARRIS HOMES REVITALIZATION II,2005,100,XDA2C_0137,GAA20050025,DEV_GAA20050025,GAA20050025,2,1,merge_to_review_cluster,not_approved,FALSE
XDA2_0083,DEV_GAA20050285,VERANDA AT COLLEGETOWN,2005,100,XDA2C_0137,GAA20050285,DEV_GAA20050025,GAA20050025,2,1,merge_to_review_cluster,not_approved,FALSE
XDA2_0084,DEV_GAA20059024,HERON LAKE I,2005,88,XDA2C_0138,GAA20059024,DEV_GAA20059024,GAA20059024,1,1,retain_current_development,not_approved,FALSE
XDA2_0084,DEV_GAA20080055,HERON LAKE II,2008,,XDA2C_0139,GAA20080055,DEV_GAA20080055,GAA20080055,1,1,retain_current_development,not_approved,FALSE
XDA2_0085,DEV_GAA20039031,HOLLYWOOD WEST APARTMENTS,2003,96,XDA2C_0140,GAA20039031,DEV_GAA20039031,GAA20039031,1,1,retain_current_development,not_approved,FALSE
XDA2_0085,DEV_GAA20040160,HOLLYWOOD WEST II,2004,96,XDA2C_0141,GAA20040160,DEV_GAA20040160,GAA20040160,1,1,retain_current_development,not_approved,FALSE
XDA2_0086,DEV_GAA19960255,LAFAYETTE GARDEN APARTMENTS,1996,20,XDA2C_0142,GAA19960255,DEV_GAA19960255,GAA19960255,2,1,merge_to_review_cluster,not_approved,FALSE
XDA2_0086,DEV_GAA20157158,LAFAYETTE GARDENS APARTMENTS,2015,20,XDA2C_0142,GAA20157158,DEV_GAA19960255,GAA19960255,2,1,merge_to_review_cluster,not_approved,FALSE
XDA2_0087,DEV_GAA20060355,LAUREL RIDGE AT WASHINGTON ROAD APT,2006,276,XDA2C_0143,GAA20060355,DEV_GAA20060355,GAA20060355,2,1,merge_to_review_cluster,not_approved,FALSE
XDA2_0087,DEV_GAA20069018,LEYLAND POINTE APTS FKA LAUREL RIDGE,2006,276,XDA2C_0143,GAA20069018,DEV_GAA20060355,GAA20060355,2,1,merge_to_review_cluster,not_approved,FALSE
XDA2_0088,DEV_GAA20079031,LEGACY AT WALTON VILLAGE PHASE I,2007,126,XDA2C_0144,GAA20079031,DEV_GAA20079031,GAA20079031,1,1,retain_current_development,not_approved,FALSE
XDA2_0088,DEV_GAA20116015,LEGACY AT WALTON VILLAGE PHASE 2,2011,78,XDA2C_0145,GAA20116015,DEV_GAA20116015,GAA20116015,2,1,merge_to_review_cluster,not_approved,FALSE
XDA2_0088,DEV_GAA20119955,LEGACY AT WALTON VILLAGE PHASE II,2011,126,XDA2C_0145,GAA20119955,DEV_GAA20116015,GAA20116015,2,1,merge_to_review_cluster,not_approved,FALSE
XDA2_0089,DEV_GAA19930125,OAK FOREST APARTMENTS II,1993,41,XDA2C_0146,GAA19930125,DEV_GAA19930125,GAA19930125,2,1,merge_to_review_cluster,not_approved,FALSE
XDA2_0089,DEV_GAA19939007,OAK FOREST,1993,41,XDA2C_0146,GAA19939007,DEV_GAA19930125,GAA19930125,2,1,merge_to_review_cluster,not_approved,FALSE
XDA2_0090,DEV_GAA20060375,PECAN GROVE HOMES PHASE I,2006,,XDA2C_0147,GAA20060375,DEV_GAA20060375,GAA20060375,1,1,retain_current_development,not_approved,FALSE
XDA2_0090,DEV_GAA20070285,PECAN GROVE HOMES PHASE II,2007,64,XDA2C_0148,GAA20070285,DEV_GAA20070285,GAA20070285,2,1,merge_to_review_cluster,not_approved,FALSE
XDA2_0090,DEV_GAA20079037,PECAN GROVE II,2007,64,XDA2C_0148,GAA20079037,DEV_GAA20070285,GAA20070285,2,1,merge_to_review_cluster,not_approved,FALSE
XDA2_0091,DEV_GAA19920120,PINE TERRACE I,1992,48,XDA2C_0149,GAA19920120,DEV_GAA19920120,GAA19920120,2,1,merge_to_review_cluster,not_approved,FALSE
XDA2_0091,DEV_GAA19929007,PINE TERRACE,1992,48,XDA2C_0149,GAA19929007,DEV_GAA19920120,GAA19920120,2,1,merge_to_review_cluster,not_approved,FALSE
XDA2_0092,DEV_GAA19950245,QUAIL VILLAGE APARTMENTS,1995,30,XDA2C_0150,GAA19950245,DEV_GAA19950245,GAA19950245,2,1,merge_to_review_cluster,not_approved,FALSE
XDA2_0092,DEV_GAA20195177,QUAL VILLAGE APARTMENTS,2019,30,XDA2C_0150,GAA20195177,DEV_GAA19950245,GAA19950245,2,1,merge_to_review_cluster,not_approved,FALSE
XDA2_0093,DEV_GAA20100040,ROSEWOOD ESTATES,2010,50,XDA2C_0151,GAA20100040,DEV_GAA20100040,GAA20100040,2,1,merge_to_review_cluster,not_approved,FALSE
XDA2_0093,DEV_GAA20107023,ROWEWOOD ESTATES,2010,50,XDA2C_0151,GAA20107023,DEV_GAA20100040,GAA20100040,2,1,merge_to_review_cluster,not_approved,FALSE
XDA2_0094,DEV_GAA20030113,SAVANNAH NEIGHBORHOOD ACTION PROJECT (SNAP) II,2003,89,XDA2C_0152,GAA20030113,DEV_GAA20030113,GAA20030113,1,1,retain_current_development,not_approved,FALSE
XDA2_0094,DEV_GAA20030119,SAVANNAH NEIGHBORHOOD ACTION PROJECT (SNAP) III E,2003,44,XDA2C_0153,GAA20030119,DEV_GAA20030119,GAA20030119,9,2,merge_to_review_cluster,not_approved,FALSE
XDA2_0094,DEV_GAA20039054,SAVANNAH NEIGHBORHOOD ACTION PROJECT (SNAP) III A,2003,44,XDA2C_0153,GAA20039054,DEV_GAA20030119,GAA20030119,9,2,merge_to_review_cluster,not_approved,FALSE
XDA2_0094,DEV_GAA20039055,SAVANNAH NEIGHBORHOOD ACTION PROJECT (SNAP) III B,2003,44,XDA2C_0153,GAA20039055,DEV_GAA20030119,GAA20030119,9,2,merge_to_review_cluster,not_approved,FALSE
XDA2_0094,DEV_GAA20039057,SAVANNAH NEIGHBORHOOD ACTION PROJECT (SNAP) III C,2003,44,XDA2C_0153,GAA20039057,DEV_GAA20030119,GAA20030119,9,2,merge_to_review_cluster,not_approved,FALSE
XDA2_0094,DEV_GAA20030801,SAVANNAH NEIGHBORHOOD ACTION PROJECT (SNAP) I,2003,100,XDA2C_0154,GAA20030801,DEV_GAA20030801,GAA20030801,1,1,retain_current_development,not_approved,FALSE
XDA2_0095,DEV_GAA20039059,SNAP III (A),2003,18,XDA2C_0153,GAA20039059,DEV_GAA20030119,GAA20030119,9,2,merge_to_review_cluster,not_approved,FALSE
XDA2_0095,DEV_GAA20039060,SNAP III (B),2003,10,XDA2C_0153,GAA20039060,DEV_GAA20030119,GAA20030119,9,2,merge_to_review_cluster,not_approved,FALSE
XDA2_0095,DEV_GAA20039061,SNAP III (C),2003,6,XDA2C_0153,GAA20039061,DEV_GAA20030119,GAA20030119,9,2,merge_to_review_cluster,not_approved,FALSE
XDA2_0095,DEV_GAA20039062,SNAP III(E),2003,5,XDA2C_0153,GAA20039062,DEV_GAA20030119,GAA20030119,9,2,merge_to_review_cluster,not_approved,FALSE
XDA2_0095,DEV_GAA20039063,SNAPIII (D),2003,6,XDA2C_0153,GAA20039063,DEV_GAA20030119,GAA20030119,9,2,merge_to_review_cluster,not_approved,FALSE
XDA2_0096,DEV_GAA20200009,TINDALL FIELDS II,2020,65,XDA2C_0155,GAA20200009,DEV_GAA20200009,GAA20200009,1,1,retain_current_development,not_approved,FALSE
XDA2_0096,DEV_GAA20210039,TINDALL FIELDS III,2021,65,XDA2C_0156,GAA20210039,DEV_GAA20210039,GAA20210039,1,1,retain_current_development,not_approved,FALSE
XDA2_0097,DEV_GAA19990215,VILLAGES AT CASTLEBERRY HILL,1999,165,XDA2C_0157,GAA19990215,DEV_GAA19990215,GAA19990215,2,1,merge_to_review_cluster,not_approved,FALSE
XDA2_0097,DEV_GAA19999023,VILLAGES AT CASTLEBERRY HILL - JOHN HOPE HOME,1999,165,XDA2C_0157,GAA19999023,DEV_GAA19990215,GAA19990215,2,1,merge_to_review_cluster,not_approved,FALSE
XDA2_0098,DEV_GAA19980245,VILLAGES OF EAST LAKE II,1998,182,XDA2C_0158,GAA19980245,DEV_GAA19980245,GAA19980245,1,1,retain_current_development,not_approved,FALSE
XDA2_0098,DEV_GAA19989011,VILLAGES OF EAST LAKE,1998,116,XDA2C_0159,GAA19989011,DEV_GAA19989011,GAA19989011,1,1,retain_current_development,not_approved,FALSE
XDA2_0098,DEV_GAA20000115,VILLAGES OF EASTLAKE II,2000,360,XDA2C_0160,GAA20000115,DEV_GAA20000115,GAA20000115,1,1,retain_current_development,not_approved,FALSE
XDA2_0099,DEV_GAA20098031,WASHINGTON ESTATES I,2009,54,XDA2C_0161,GAA20098031,DEV_GAA20098031,GAA20098031,1,1,retain_current_development,not_approved,FALSE
XDA2_0099,DEV_GAA20130020,WASHINGTON ESTATES II,2013,,XDA2C_0162,GAA20130020,DEV_GAA20130020,GAA20130020,1,1,retain_current_development,not_approved,FALSE
XDA2_0100,DEV_GAA19910255,WOODLAND TERRANCE,1991,30,XDA2C_0163,GAA19910255,DEV_GAA19910255,GAA19910255,2,1,merge_to_review_cluster,not_approved,FALSE
XDA2_0100,DEV_GAA19919009,WOODLAND TERRACE,1991,30,XDA2C_0163,GAA19919009,DEV_GAA19910255,GAA19910255,2,1,merge_to_review_cluster,not_approved,FALSE
XDA2_0101,DEV_HIA20123001,EWA VILLAGES PHASE I,2012,64,XDA2C_0164,HIA20123001,DEV_HIA20123001,HIA20123001,1,1,retain_current_development,not_approved,FALSE
XDA2_0101,DEV_HIA20141001,EWA VILLAGES PHASE II,2014,76,XDA2C_0165,HIA20141001,DEV_HIA20141001,HIA20141001,1,1,retain_current_development,not_approved,FALSE
XDA2_0101,DEV_HIA20162001,EWA VILLAGES PHASE III,2016,52,XDA2C_0166,HIA20162001,DEV_HIA20162001,HIA20162001,1,1,retain_current_development,not_approved,FALSE
XDA2_0102,DEV_HIA20049001,KALEPA VILLAGE PHASE 2B,2004,40,XDA2C_0167,HIA20049001,DEV_HIA20049001,HIA20049001,1,1,retain_current_development,not_approved,FALSE
XDA2_0102,DEV_HIA20087002,KALEPA VILLAGE PHASE 3,2008,40,XDA2C_0168,HIA20087002,DEV_HIA20087002,HIA20087002,1,1,retain_current_development,not_approved,FALSE
XDA2_0103,DEV_HIA20191001,KEAHUMOA PLACE PHASE 1 (AKA EAST KAPOLEI II PHASE 1),2019,75,XDA2C_0169,HIA20191001,DEV_HIA20191001,HIA20191001,1,1,retain_current_development,not_approved,FALSE
XDA2_0103,DEV_HIA20191002,KEAHUMOA PLACE PHASE 2 (AKA EAST KAPOLEI II PHASE 2),2019,82,XDA2C_0170,HIA20191002,DEV_HIA20191002,HIA20191002,1,1,retain_current_development,not_approved,FALSE
XDA2_0103,DEV_HIA20191003,KEAHUMOA PLACE PHASE 3 (AKA EAST KAPOLEI II PHASE 3),2019,82,XDA2C_0171,HIA20191003,DEV_HIA20191003,HIA20191003,1,1,retain_current_development,not_approved,FALSE
XDA2_0103,DEV_HIA20200002,KEAHUMOA PLACE PHASE 4 (AKA EAST KAPOLEI II PHASE 4),2020,81,XDA2C_0172,HIA20200002,DEV_HIA20200002,HIA20200002,1,1,retain_current_development,not_approved,FALSE
XDA2_0104,DEV_HIA20132003,KOOLOAULA PHASE I,2013,119,XDA2C_0173,HIA20132003,DEV_HIA20132003,HIA20132003,1,1,retain_current_development,not_approved,FALSE
XDA2_0104,DEV_HIA20161003,KOOLOAULA PHASE II,2016,188,XDA2C_0174,HIA20161003,DEV_HIA20161003,HIA20161003,1,1,retain_current_development,not_approved,FALSE
XDA2_0105,DEV_IDA20020035,COURTYARDS AT RIDGECREST (THE),2002,60,XDA2C_0175,IDA20020035,DEV_IDA20020035,IDA20020035,1,1,retain_current_development,not_approved,FALSE
XDA2_0105,DEV_IDA20040030,COURTYARDS AT RIDGECREST II (THE),2004,54,XDA2C_0176,IDA20040030,DEV_IDA20040030,IDA20040030,1,1,retain_current_development,not_approved,FALSE
XDA2_0106,DEV_ILB20050809,NORTH CENTER SENIOR APARTMENTS,2005,104,XDA2C_0177,ILB20050809,DEV_ILB20050809,ILB20050809,2,1,merge_to_review_cluster,not_approved,FALSE
XDA2_0106,DEV_ILB20059008,MARTHA WASHINGTON,2005,104,XDA2C_0177,ILB20059008,DEV_ILB20050809,ILB20050809,2,1,merge_to_review_cluster,not_approved,FALSE
XDA2_0107,DEV_ILA20010100,NORTH TOWN VILLAGE,2001,116,XDA2C_0178,ILA20010100,DEV_ILA20010100,ILA20010100,2,1,merge_to_review_cluster,not_approved,FALSE
XDA2_0107,DEV_ILB20019001,NTV1,2001,116,XDA2C_0178,ILB20019001,DEV_ILA20010100,ILA20010100,2,1,merge_to_review_cluster,not_approved,FALSE
XDA2_0108,DEV_ILA20090901,ROSA PARKS APTS,2009,94,XDA2C_0179,ILA20090901,DEV_ILA20090901,ILA20090901,2,1,merge_to_review_cluster,not_approved,FALSE
XDA2_0108,DEV_ILB20099816,ROSA PARK APARTMENTS,2009,94,XDA2C_0179,ILB20099816,DEV_ILA20090901,ILA20090901,2,1,merge_to_review_cluster,not_approved,FALSE
XDA2_0109,DEV_ILA20240018,TAFT HOMES FINAL PHASE - 4% LIHTC,2024,60,XDA2C_0180,ILA20240018,DEV_ILA20240018,ILA20240018,2,1,merge_to_review_cluster,not_approved,FALSE
XDA2_0109,DEV_ILA20240019,TAFT HOMES FINAL PHASE - 9% LIHTC,2024,75,XDA2C_0180,ILA20240019,DEV_ILA20240018,ILA20240018,2,1,merge_to_review_cluster,not_approved,FALSE
XDA2_0110,DEV_ILB19950804,WESTSIDE VILLAGE PHASE I,1995,50,XDA2C_0181,ILB19950804,DEV_ILB19950804,ILB19950804,1,1,retain_current_development,not_approved,FALSE
XDA2_0110,DEV_ILB19990801,WESTSIDE VILLAGE PHASE IV,1999,108,XDA2C_0182,ILB19990801,DEV_ILB19990801,ILB19990801,1,1,retain_current_development,not_approved,FALSE
XDA2_0111,DEV_INA20193176,REGENCY PARK APARTMENTS PHASE 2,2019,68,XDA2C_0183,INA20193176,DEV_INA20193176,INA20193176,1,1,retain_current_development,not_approved,FALSE
XDA2_0111,DEV_INA20193177,REGENCY PARK APARTMENTS PHASE 5,2019,78,XDA2C_0184,INA20193177,DEV_INA20193177,INA20193177,1,1,retain_current_development,not_approved,FALSE
XDA2_0111,DEV_INA20210011,REGENCY PARK APARTMENTS PHASE 1,2021,68,XDA2C_0185,INA20210011,DEV_INA20210011,INA20210011,1,1,retain_current_development,not_approved,FALSE
XDA2_0111,DEV_INA20210013,REGENCY PARK APARTMENTS PHASE 3,2021,48,XDA2C_0186,INA20210013,DEV_INA20210013,INA20210013,1,1,retain_current_development,not_approved,FALSE
XDA2_0111,DEV_INA20210015,REGENCY PARK APARTMENTS PHASE 4,2021,42,XDA2C_0187,INA20210015,DEV_INA20210015,INA20210015,1,1,retain_current_development,not_approved,FALSE
XDA2_0112,DEV_INA20157175,WOODLAKE VILLAGE I,2015,264,XDA2C_0188,INA20157175,DEV_INA20157175,INA20157175,1,1,retain_current_development,not_approved,FALSE
XDA2_0112,DEV_INA20170018,WOODLAKE VILLAGE III,2017,64,XDA2C_0189,INA20170018,DEV_INA20170018,INA20170018,1,1,retain_current_development,not_approved,FALSE
XDA2_0113,DEV_MAB20181003,BC STRATTON HILL,2018,156,XDA2C_0190,MAB20181003,DEV_MAB20181003,MAB20181003,2,1,merge_to_review_cluster,not_approved,FALSE
XDA2_0113,DEV_MAB20200015,STRATTON HILL 2,2020,156,XDA2C_0190,MAB20200015,DEV_MAB20181003,MAB20181003,2,1,merge_to_review_cluster,not_approved,FALSE
XDA2_0114,DEV_MAB20181004,BOSTON STREET CROSSING,2018,26,XDA2C_0191,MAB20181004,DEV_MAB20181004,MAB20181004,2,1,merge_to_review_cluster,not_approved,FALSE
XDA2_0114,DEV_MAB20200005,BOSTON STREET,2020,26,XDA2C_0191,MAB20200005,DEV_MAB20181004,MAB20181004,2,1,merge_to_review_cluster,not_approved,FALSE
XDA2_0115,DEV_MAB20130009,GEORGETOWNE HOMES ONE A,2013,219,XDA2C_0192,MAB20130009,DEV_MAB20130009,MAB20130009,2,1,merge_to_review_cluster,not_approved,FALSE
XDA2_0115,DEV_MAB20150009,GEORGETOWNE HOMES 1A,2015,219,XDA2C_0192,MAB20150009,DEV_MAB20130009,MAB20130009,2,1,merge_to_review_cluster,not_approved,FALSE
XDA2_0115,DEV_MAB20130010,GEORGETOWNE HOMES ONE B,2013,382,XDA2C_0193,MAB20130010,DEV_MAB20130010,MAB20130010,2,1,merge_to_review_cluster,not_approved,FALSE
XDA2_0115,DEV_MAB20150010,GEORGETOWNE HOMES 1B,2015,382,XDA2C_0193,MAB20150010,DEV_MAB20130010,MAB20130010,2,1,merge_to_review_cluster,not_approved,FALSE
XDA2_0116,DEV_MAB20181012,ORIENT HEIGHTS,2018,88,XDA2C_0194,MAB20181012,DEV_MAB20181012,MAB20181012,1,1,retain_current_development,not_approved,FALSE
XDA2_0116,DEV_MAB20200014,ORIENT HEIGHT PHASE 3,2020,88,XDA2C_0195,MAB20200014,DEV_MAB20200014,MAB20200014,1,1,retain_current_development,not_approved,FALSE
XDA2_0117,DEV_MDA20240008,CRESTWOOD MANOR-4%,2024,60,XDA2C_0196,MDA20240008,DEV_MDA20240008,MDA20240008,2,1,merge_to_review_cluster,not_approved,FALSE
XDA2_0117,DEV_MDA20240009,CRESTWOOD MANOR-9%,2024,60,XDA2C_0196,MDA20240009,DEV_MDA20240008,MDA20240008,2,1,merge_to_review_cluster,not_approved,FALSE
XDA2_0118,DEV_MDA20220004,HENRIETTA LACKS VILLAGE @ LYONS HOMES II - PROJECT 1,2022,2,XDA2C_0197,MDA20220004,DEV_MDA20220004,MDA20220004,1,1,retain_current_development,not_approved,FALSE
XDA2_0118,DEV_MDA20220005,HENRIETTA LACKS VILLAGE @ LYONS HOMES II - PROJECT 2,2022,88,XDA2C_0198,MDA20220005,DEV_MDA20220005,MDA20220005,1,1,retain_current_development,not_approved,FALSE
XDA2_0119,DEV_MDA20240016,HOMES AT GATEWAY AKA GATEWAY VILLAGE II,2024,44,XDA2C_0199,MDA20240016,DEV_MDA20240016,MDA20240016,1,1,retain_current_development,not_approved,FALSE
XDA2_0119,DEV_MDA20240017,HOMES AT GATEWAY AKA GATEWAY VILLAGE III,2024,76,XDA2C_0200,MDA20240017,DEV_MDA20240017,MDA20240017,1,1,retain_current_development,not_approved,FALSE
XDA2_0120,DEV_MDA20203003,MCCLEARY HILL PHASE II,2020,79,XDA2C_0201,MDA20203003,DEV_MDA20203003,MDA20203003,1,1,retain_current_development,not_approved,FALSE
XDA2_0120,DEV_MDA20210016,MCCLEARY HILL PHASE I,2021,68,XDA2C_0202,MDA20210016,DEV_MDA20210016,MDA20210016,1,1,retain_current_development,not_approved,FALSE
XDA2_0121,DEV_MDA20194003,PARKWAY OVERLOOK (4%) TWIN,2019,118,XDA2C_0203,MDA20194003,DEV_MDA20194003,MDA20194003,2,1,merge_to_review_cluster,not_approved,FALSE
XDA2_0121,DEV_MDA20212008,PARKWAY OVERLOOK (9%) TWIN,2021,62,XDA2C_0203,MDA20212008,DEV_MDA20194003,MDA20194003,2,1,merge_to_review_cluster,not_approved,FALSE
XDA2_0122,DEV_MDA20194004,ROSEMONT GARDENS (4%),2019,131,XDA2C_0204,MDA20194004,DEV_MDA20194004,MDA20194004,2,1,merge_to_review_cluster,not_approved,FALSE
XDA2_0122,DEV_MDA20212009,ROSEMONT GARDENS (9%),2021,68,XDA2C_0204,MDA20212009,DEV_MDA20194004,MDA20194004,2,1,merge_to_review_cluster,not_approved,FALSE
XDA2_0123,DEV_MIA20152003,CRESTON PLAZA - PHASE I,2015,50,XDA2C_0205,MIA20152003,DEV_MIA20152003,MIA20152003,1,1,retain_current_development,not_approved,FALSE
XDA2_0123,DEV_MIA20152004,CRESTON PLAZA - PHASE II,2015,50,XDA2C_0206,MIA20152004,DEV_MIA20152004,MIA20152004,1,1,retain_current_development,not_approved,FALSE
XDA2_0124,DEV_MIA20124001,GARDENVIEW ESTATES PHASE III A,2012,48,XDA2C_0207,MIA20124001,DEV_MIA20124001,MIA20124001,1,1,retain_current_development,not_approved,FALSE
XDA2_0124,DEV_MIA20133002,GARDENVIEW ESTATES PHASE III C,2013,84,XDA2C_0208,MIA20133002,DEV_MIA20133002,MIA20133002,1,1,retain_current_development,not_approved,FALSE
XDA2_0124,DEV_MIA20133003,GARDENVIEW ESTATES PHASE III D,2013,82,XDA2C_0209,MIA20133003,DEV_MIA20133003,MIA20133003,1,1,retain_current_development,not_approved,FALSE
XDA2_0125,DEV_MIA20153001,KLINGMAN LOFTS PHASE I,2015,41,XDA2C_0210,MIA20153001,DEV_MIA20153001,MIA20153001,1,1,retain_current_development,not_approved,FALSE
XDA2_0125,DEV_MIA20153002,KLINGMAN LOFTS PHASE II,2015,42,XDA2C_0211,MIA20153002,DEV_MIA20153002,MIA20153002,1,1,retain_current_development,not_approved,FALSE
XDA2_0126,DEV_MIA19970075,MARSH RIDGE II,1997,50,XDA2C_0212,MIA19970075,DEV_MIA19970075,MIA19970075,1,1,retain_current_development,not_approved,FALSE
XDA2_0126,DEV_MIA20030185,MARSH RIDGE III,2003,131,XDA2C_0213,MIA20030185,DEV_MIA20030185,MIA20030185,1,1,retain_current_development,not_approved,FALSE
XDA2_0126,DEV_MIA20160002,MARSH RIDGE (I & II),2016,150,XDA2C_0214,MIA20160002,DEV_MIA20160002,MIA20160002,1,1,retain_current_development,not_approved,FALSE
XDA2_0127,DEV_MIA20170009,UNITY PARK RENTALS II,2017,12,XDA2C_0215,MIA20170009,DEV_MIA20170009,MIA20170009,1,1,retain_current_development,not_approved,FALSE
XDA2_0127,DEV_MIA20181019,UNITY PARK RENTALS IV,2018,11,XDA2C_0216,MIA20181019,DEV_MIA20181019,MIA20181019,1,1,retain_current_development,not_approved,FALSE
XDA2_0128,DEV_MIA20060264,VILLAGE OF OAKLAND WOODS,2006,66,XDA2C_0217,MIA20060264,DEV_MIA20060264,MIA20060264,2,1,merge_to_review_cluster,not_approved,FALSE
XDA2_0128,DEV_MIA20069002,VILLAGE OF OAKLAND WOODS II,2006,66,XDA2C_0217,MIA20069002,DEV_MIA20060264,MIA20060264,2,1,merge_to_review_cluster,not_approved,FALSE
XDA2_0129,DEV_MNB20049005,HERITAGE PARK II,2004,113,XDA2C_0218,MNB20049005,DEV_MNB20049005,MNB20049005,1,1,retain_current_development,not_approved,FALSE
XDA2_0129,DEV_MNB20059005,HERITAGE PARK III,2005,95,XDA2C_0219,MNB20059005,DEV_MNB20059005,MNB20059005,1,1,retain_current_development,not_approved,FALSE
XDA2_0130,DEV_MOA20160022,OAK VIEW VILLAGE-PHASE 2,2016,49,XDA2C_0220,MOA20160022,DEV_MOA20160022,MOA20160022,1,1,retain_current_development,not_approved,FALSE
XDA2_0130,DEV_MOA20210006,OAK VIEW VILLAGE-PHASE 3,2021,42,XDA2C_0221,MOA20210006,DEV_MOA20210006,MOA20210006,1,1,retain_current_development,not_approved,FALSE
XDA2_0131,DEV_MSA20150006,GREEN HILL APARTMENTS,2015,24,XDA2C_0222,MSA20150006,DEV_MSA20150006,MSA20150006,1,1,retain_current_development,not_approved,FALSE
XDA2_0131,DEV_MSA20150007,GREEN HILL APARTMENTS II,2015,24,XDA2C_0223,MSA20150007,DEV_MSA20150007,MSA20150007,1,1,retain_current_development,not_approved,FALSE
XDA2_0132,DEV_MSA20210033,TRIANGLE HOMES PHASE II,2021,54,XDA2C_0224,MSA20210033,DEV_MSA20210033,MSA20210033,1,1,retain_current_development,not_approved,FALSE
XDA2_0132,DEV_MSA20210034,"TRIANGLE HOMES, PHASE III",2021,18,XDA2C_0225,MSA20210034,DEV_MSA20210034,MSA20210034,1,1,retain_current_development,not_approved,FALSE
XDA2_0133,DEV_MTA19990020,COMSTOCK II APARTMENTS,1999,34,XDA2C_0226,MTA19990020,DEV_MTA19990020,MTA19990020,1,1,retain_current_development,not_approved,FALSE
XDA2_0133,DEV_MTA20010010,COMSTOCK III APARTMENTS,2001,28,XDA2C_0227,MTA20010010,DEV_MTA20010010,MTA20010010,1,1,retain_current_development,not_approved,FALSE
XDA2_0134,DEV_MTA20020060,ISAIAH HOUSING,2002,10,XDA2C_0228,MTA20020060,DEV_MTA20020060,MTA20020060,2,1,merge_to_review_cluster,not_approved,FALSE
XDA2_0134,DEV_MTA20029007,KOINONIA APARTMENTS - ISAIAH,2002,10,XDA2C_0228,MTA20029007,DEV_MTA20020060,MTA20020060,2,1,merge_to_review_cluster,not_approved,FALSE
XDA2_0135,DEV_MTA20010040,MOUNTAIN APTS PHASE I,2001,15,XDA2C_0229,MTA20010040,DEV_MTA20010040,MTA20010040,1,1,retain_current_development,not_approved,FALSE
XDA2_0135,DEV_MTA20020030,MOUNTAIN APARTMENTS II,2002,15,XDA2C_0230,MTA20020030,DEV_MTA20020030,MTA20020030,1,1,retain_current_development,not_approved,FALSE
XDA2_0136,DEV_MTA20069006,MOUNTAIN VIEW II - HAMILTON,2006,28,XDA2C_0231,MTA20069006,DEV_MTA20069006,MTA20069006,1,1,retain_current_development,not_approved,FALSE
XDA2_0136,DEV_MTA20098005,MOUNTAIN VIEW III - HAMILTON,2009,46,XDA2C_0232,MTA20098005,DEV_MTA20098005,MTA20098005,1,1,retain_current_development,not_approved,FALSE
XDA2_0137,DEV_MTA20090040,SPRING CREEK APARTMENTS,2009,33,XDA2C_0233,MTA20090040,DEV_MTA20090040,MTA20090040,1,1,retain_current_development,not_approved,FALSE
XDA2_0137,DEV_MTA20116007,SPRING CREEK APARTMENTS II,2011,33,XDA2C_0234,MTA20116007,DEV_MTA20116007,MTA20116007,1,1,retain_current_development,not_approved,FALSE
XDA2_0138,DEV_NCA19920005,6 QUAD OAK DR,1992,1,XDA2C_0235,NCA19920005,DEV_NCA19920005,NCA19920005,2,1,merge_to_review_cluster,not_approved,FALSE
XDA2_0138,DEV_NCA19929001,#6 QUAD OAK,1992,1,XDA2C_0235,NCA19929001,DEV_NCA19920005,NCA19920005,2,1,merge_to_review_cluster,not_approved,FALSE
XDA2_0139,DEV_NCA0000X592,500 EAST MAIN,,195,XDA2C_0236,NCA0000X592,DEV_NCA0000X592,NCA0000X592,1,1,retain_current_development,not_approved,FALSE
XDA2_0139,DEV_NCA20230043,300 EAST MAIN,2023,110,XDA2C_0237,NCA20230043,DEV_NCA20230043,NCA20230043,1,1,retain_current_development,not_approved,FALSE
XDA2_0140,DEV_NCA19910035,AUNT MARY AVE,1991,,XDA2C_0238,NCA19910035,DEV_NCA19910035,NCA19910035,2,1,merge_to_review_cluster,not_approved,FALSE
XDA2_0140,DEV_NCA19919047,PWE AUNT MARY AVE,1991,1,XDA2C_0238,NCA19919047,DEV_NCA19910035,NCA19910035,2,1,merge_to_review_cluster,not_approved,FALSE
XDA2_0141,DEV_NCA19900085,AUTUMN ACRES: LOT 5,1990,,XDA2C_0239,NCA19900085,DEV_NCA19900085,NCA19900085,4,1,merge_to_review_cluster,not_approved,FALSE
XDA2_0141,DEV_NCA19900090,AUTUMN ACRES: LOT 6,1990,,XDA2C_0239,NCA19900090,DEV_NCA19900085,NCA19900085,4,1,merge_to_review_cluster,not_approved,FALSE
XDA2_0141,DEV_NCA19900095,AUTUMN ACRES: LOT 7,1990,,XDA2C_0239,NCA19900095,DEV_NCA19900085,NCA19900085,4,1,merge_to_review_cluster,not_approved,FALSE
XDA2_0141,DEV_NCA19900100,AUTUMN ACRES: LOT 8,1990,,XDA2C_0239,NCA19900100,DEV_NCA19900085,NCA19900085,4,1,merge_to_review_cluster,not_approved,FALSE
XDA2_0142,DEV_NCA19960235,BAREFOOT PARK APTS,1996,,XDA2C_0240,NCA19960235,DEV_NCA19960235,NCA19960235,15,1,merge_to_review_cluster,not_approved,FALSE
XDA2_0142,DEV_NCA19960240,BAREFOOT PARK APTS LOT 11,1996,3,XDA2C_0240,NCA19960240,DEV_NCA19960235,NCA19960235,15,1,merge_to_review_cluster,not_approved,FALSE
XDA2_0142,DEV_NCA19960245,BAREFOOT PARK APTS LOT 12,1996,3,XDA2C_0240,NCA19960245,DEV_NCA19960235,NCA19960235,15,1,merge_to_review_cluster,not_approved,FALSE
XDA2_0142,DEV_NCA19960250,BAREFOOT PARK APTS LOT 13,1996,3,XDA2C_0240,NCA19960250,DEV_NCA19960235,NCA19960235,15,1,merge_to_review_cluster,not_approved,FALSE
XDA2_0142,DEV_NCA19960255,BAREFOOT PARK APTS LOT 14,1996,3,XDA2C_0240,NCA19960255,DEV_NCA19960235,NCA19960235,15,1,merge_to_review_cluster,not_approved,FALSE
XDA2_0142,DEV_NCA19960260,BAREFOOT PARK APTS LOT 15,1996,3,XDA2C_0240,NCA19960260,DEV_NCA19960235,NCA19960235,15,1,merge_to_review_cluster,not_approved,FALSE
XDA2_0142,DEV_NCA19960265,BAREFOOT PARK APTS LOT 16,1996,2,XDA2C_0240,NCA19960265,DEV_NCA19960235,NCA19960235,15,1,merge_to_review_cluster,not_approved,FALSE
XDA2_0142,DEV_NCA19960285,BAREFOOT PARK APTS LOT 2,1996,3,XDA2C_0240,NCA19960285,DEV_NCA19960235,NCA19960235,15,1,merge_to_review_cluster,not_approved,FALSE
XDA2_0142,DEV_NCA19960335,BAREFOOT PARK APTS LOT 3,1996,3,XDA2C_0240,NCA19960335,DEV_NCA19960235,NCA19960235,15,1,merge_to_review_cluster,not_approved,FALSE
XDA2_0142,DEV_NCA19960365,BAREFOOT PARK APTS LOT 4,1996,3,XDA2C_0240,NCA19960365,DEV_NCA19960235,NCA19960235,15,1,merge_to_review_cluster,not_approved,FALSE
XDA2_0142,DEV_NCA19960370,BAREFOOT PARK APTS LOT 5,1996,3,XDA2C_0240,NCA19960370,DEV_NCA19960235,NCA19960235,15,1,merge_to_review_cluster,not_approved,FALSE
XDA2_0142,DEV_NCA19960375,BAREFOOT PARK APTS LOT 6,1996,3,XDA2C_0240,NCA19960375,DEV_NCA19960235,NCA19960235,15,1,merge_to_review_cluster,not_approved,FALSE
XDA2_0142,DEV_NCA19960380,BAREFOOT PARK APTS LOT 7,1996,3,XDA2C_0240,NCA19960380,DEV_NCA19960235,NCA19960235,15,1,merge_to_review_cluster,not_approved,FALSE
XDA2_0142,DEV_NCA19960385,BAREFOOT PARK APTS LOT 8,1996,3,XDA2C_0240,NCA19960385,DEV_NCA19960235,NCA19960235,15,1,merge_to_review_cluster,not_approved,FALSE
XDA2_0142,DEV_NCA19960390,BAREFOOT PARK APTS LOT 9,1996,3,XDA2C_0240,NCA19960390,DEV_NCA19960235,NCA19960235,15,1,merge_to_review_cluster,not_approved,FALSE
XDA2_0143,DEV_NCA19969079,BARRETT PLACE APTS,1996,48,XDA2C_0241,NCA19969079,DEV_NCA19969079,NCA19969079,1,1,retain_current_development,not_approved,FALSE
XDA2_0143,DEV_NCA19980010,BARRETT PLACE II,1998,48,XDA2C_0242,NCA19980010,DEV_NCA19980010,NCA19980010,1,1,retain_current_development,not_approved,FALSE
XDA2_0144,DEV_NCA19920080,BERKSHIRE DOWNS I,1992,1,XDA2C_0243,NCA19920080,DEV_NCA19920080,NCA19920080,3,1,merge_to_review_cluster,not_approved,FALSE
XDA2_0144,DEV_NCA19920085,BERKSHIRE DOWNS,1992,,XDA2C_0243,NCA19920085,DEV_NCA19920080,NCA19920080,3,1,merge_to_review_cluster,not_approved,FALSE
XDA2_0144,DEV_NCA19939042,PWE BERKSHIRE DOWNS,1993,1,XDA2C_0243,NCA19939042,DEV_NCA19920080,NCA19920080,3,1,merge_to_review_cluster,not_approved,FALSE
XDA2_0145,DEV_NCA19940270,BERKSHIRE DOWNS II,1994,1,XDA2C_0244,NCA19940270,DEV_NCA19940270,NCA19940270,2,1,merge_to_review_cluster,not_approved,FALSE
XDA2_0145,DEV_NCA19949047,BERKSHIRE DOWNS APTS,1994,1,XDA2C_0244,NCA19949047,DEV_NCA19940270,NCA19940270,2,1,merge_to_review_cluster,not_approved,FALSE
XDA2_0146,DEV_NCA19960430,BURKE VILLAGE,1996,121,XDA2C_0245,NCA19960430,DEV_NCA19960430,NCA19960430,2,1,merge_to_review_cluster,not_approved,FALSE
XDA2_0146,DEV_NCA19969107,PWE BURKE VILLAGE (FORMERLY KNOWN AS LANDMARK VILLAGE),1996,121,XDA2C_0245,NCA19969107,DEV_NCA19960430,NCA19960430,2,1,merge_to_review_cluster,not_approved,FALSE
XDA2_0147,DEV_NCA20030015,CARDINAL POINTE,2003,60,XDA2C_0246,NCA20030015,DEV_NCA20030015,NCA20030015,1,1,retain_current_development,not_approved,FALSE
XDA2_0147,DEV_NCA20040040,CARDINAL POINTE PHASE II,2004,60,XDA2C_0247,NCA20040040,DEV_NCA20040040,NCA20040040,1,1,retain_current_development,not_approved,FALSE
XDA2_0148,DEV_NCA19999008,CROSSWINDS GREEN,1999,48,XDA2C_0248,NCA19999008,DEV_NCA19999008,NCA19999008,1,1,retain_current_development,not_approved,FALSE
XDA2_0148,DEV_NCA20010040,CROSSWINDS GREEN II,2001,48,XDA2C_0249,NCA20010040,DEV_NCA20010040,NCA20010040,1,1,retain_current_development,not_approved,FALSE
XDA2_0149,DEV_NCA0000X479,DILLARD STREET A,,48,XDA2C_0250,NCA0000X479,DEV_NCA0000X479,NCA0000X479,1,1,retain_current_development,not_approved,FALSE
XDA2_0149,DEV_NCA0000X627,DILLARD STREET B,,52,XDA2C_0251,NCA0000X627,DEV_NCA0000X627,NCA0000X627,1,1,retain_current_development,not_approved,FALSE
XDA2_0150,DEV_NCA19930225,EASTLAND AVE: LOT 1,1993,1,XDA2C_0252,NCA19930225,DEV_NCA19930225,NCA19930225,2,1,merge_to_review_cluster,not_approved,FALSE
XDA2_0150,DEV_NCA19939049,PWE LOT 1 EASTLAND AVE,1993,1,XDA2C_0252,NCA19939049,DEV_NCA19930225,NCA19930225,2,1,merge_to_review_cluster,not_approved,FALSE
XDA2_0151,DEV_NCA19910290,EASTLAND AVE: LOT 6,1991,1,XDA2C_0253,NCA19910290,DEV_NCA19910290,NCA19910290,2,1,merge_to_review_cluster,not_approved,FALSE
XDA2_0151,DEV_NCA19919045,LOT 6 EASTLAND AVE,1991,1,XDA2C_0253,NCA19919045,DEV_NCA19910290,NCA19910290,2,1,merge_to_review_cluster,not_approved,FALSE
XDA2_0152,DEV_NCA20080065,EASTSIDE GREEN II APARTMENTS,2008,48,XDA2C_0254,NCA20080065,DEV_NCA20080065,NCA20080065,1,1,retain_current_development,not_approved,FALSE
XDA2_0152,DEV_NCA20120060,EASTSIDE GREEN III APARTMENTS,2012,40,XDA2C_0255,NCA20120060,DEV_NCA20120060,NCA20120060,1,1,retain_current_development,not_approved,FALSE
XDA2_0153,DEV_NCA19910185,FOX HOLLOW SUBDIVISION,1991,,XDA2C_0256,NCA19910185,DEV_NCA19910185,NCA19910185,2,1,merge_to_review_cluster,not_approved,FALSE
XDA2_0153,DEV_NCA19919050,PWE FOX HOLLOW SUBDIVISION,1991,,XDA2C_0256,NCA19919050,DEV_NCA19910185,NCA19910185,2,1,merge_to_review_cluster,not_approved,FALSE
XDA2_0154,DEV_NCA19910320,MENLO PARK,1991,2,XDA2C_0257,NCA19910320,DEV_NCA19910320,NCA19910320,7,2,merge_to_review_cluster,not_approved,FALSE
XDA2_0154,DEV_NCA19910330,MENLO PARK,1991,2,XDA2C_0257,NCA19910330,DEV_NCA19910320,NCA19910320,7,2,merge_to_review_cluster,not_approved,FALSE
XDA2_0154,DEV_NCA19910335,MENLO PARK,1991,2,XDA2C_0257,NCA19910335,DEV_NCA19910320,NCA19910320,7,2,merge_to_review_cluster,not_approved,FALSE
XDA2_0154,DEV_NCA19910345,MENLO PARK,1991,2,XDA2C_0257,NCA19910345,DEV_NCA19910320,NCA19910320,7,2,merge_to_review_cluster,not_approved,FALSE
XDA2_0154,DEV_NCA19919051,PWE MENLO PARK,1991,,XDA2C_0257,NCA19919051,DEV_NCA19910320,NCA19910320,7,2,merge_to_review_cluster,not_approved,FALSE
XDA2_0155,DEV_NCA19920380,MENLO PARK APTS,1992,2,XDA2C_0257,NCA19920380,DEV_NCA19910320,NCA19910320,7,2,merge_to_review_cluster,not_approved,FALSE
XDA2_0155,DEV_NCA19929079,PWE MENLO PARK APTS,1992,2,XDA2C_0257,NCA19929079,DEV_NCA19910320,NCA19910320,7,2,merge_to_review_cluster,not_approved,FALSE
XDA2_0156,DEV_NCA19950445,MILL CREEK APTS,1995,180,XDA2C_0258,NCA19950445,DEV_NCA19950445,NCA19950445,2,1,merge_to_review_cluster,not_approved,FALSE
XDA2_0156,DEV_NCA19959097,PWN MILL CREEK APTS,1995,180,XDA2C_0258,NCA19959097,DEV_NCA19950445,NCA19950445,2,1,merge_to_review_cluster,not_approved,FALSE
XDA2_0157,DEV_NCA19930265,PARK GLEN,1993,,XDA2C_0259,NCA19930265,DEV_NCA19930265,NCA19930265,2,1,merge_to_review_cluster,not_approved,FALSE
XDA2_0157,DEV_NCA19939051,PWE PARK GLEN,1993,1,XDA2C_0259,NCA19939051,DEV_NCA19930265,NCA19930265,2,1,merge_to_review_cluster,not_approved,FALSE
XDA2_0158,DEV_NCA19970260,"PARK PLACE APTS, PHASE I",1997,50,XDA2C_0260,NCA19970260,DEV_NCA19970260,NCA19970260,1,1,retain_current_development,not_approved,FALSE
XDA2_0158,DEV_NCA19990085,PARK PLACE APTS PHASE II,1999,50,XDA2C_0261,NCA19990085,DEV_NCA19990085,NCA19990085,1,1,retain_current_development,not_approved,FALSE
XDA2_0159,DEV_NCA20080135,PINE RIDGE I,2008,40,XDA2C_0262,NCA20080135,DEV_NCA20080135,NCA20080135,1,1,retain_current_development,not_approved,FALSE
XDA2_0159,DEV_NCA20080140,PINE RIDGE II,2008,32,XDA2C_0263,NCA20080140,DEV_NCA20080140,NCA20080140,1,1,retain_current_development,not_approved,FALSE
XDA2_0160,DEV_NCA0000X546,SOUTHSIDE REVITALIZATION PHASE IV,,44,XDA2C_0264,NCA0000X546,DEV_NCA0000X546,NCA0000X546,1,1,retain_current_development,not_approved,FALSE
XDA2_0160,DEV_NCA20140125,SOUTHSIDE REVITALIZATION PHASE I,2014,119,XDA2C_0265,NCA20140125,DEV_NCA20140125,NCA20140125,1,1,retain_current_development,not_approved,FALSE
XDA2_0160,DEV_NCA20171028,SOUTHSIDE REVITALIZATION PHASE II,2017,85,XDA2C_0266,NCA20171028,DEV_NCA20171028,NCA20171028,1,1,retain_current_development,not_approved,FALSE
XDA2_0161,DEV_NCA0000X550,STARWAY VILLAGE I,,176,XDA2C_0267,NCA0000X550,DEV_NCA0000X550,NCA0000X550,1,1,retain_current_development,not_approved,FALSE
XDA2_0161,DEV_NCA0000X551,STARWAY VILLAGE II,,102,XDA2C_0268,NCA0000X551,DEV_NCA0000X551,NCA0000X551,1,1,retain_current_development,not_approved,FALSE
XDA2_0162,DEV_NCA20010175,VESPERS I,2001,28,XDA2C_0269,NCA20010175,DEV_NCA20010175,NCA20010175,1,1,retain_current_development,not_approved,FALSE
XDA2_0162,DEV_NCA20010205,VESPERS II,2001,28,XDA2C_0270,NCA20010205,DEV_NCA20010205,NCA20010205,1,1,retain_current_development,not_approved,FALSE
XDA2_0163,DEV_NCA20039049,WOODGREEN APTS,2003,44,XDA2C_0271,NCA20039049,DEV_NCA20039049,NCA20039049,1,1,retain_current_development,not_approved,FALSE
XDA2_0163,DEV_NCA20050215,WOODGREEN II APARTMENTS,2005,44,XDA2C_0272,NCA20050215,DEV_NCA20050215,NCA20050215,1,1,retain_current_development,not_approved,FALSE
XDA2_0164,DEV_NDA19940045,WEST VIEW APTS,1994,48,XDA2C_0273,NDA19940045,DEV_NDA19940045,NDA19940045,3,1,merge_to_review_cluster,not_approved,FALSE
XDA2_0164,DEV_NDA19940050,WESTVIEW APTS,1994,24,XDA2C_0273,NDA19940050,DEV_NDA19940045,NDA19940045,3,1,merge_to_review_cluster,not_approved,FALSE
XDA2_0164,DEV_NDA19949001,BRICKVIEW APARTMENTS,1994,24,XDA2C_0273,NDA19949001,DEV_NDA19940045,NDA19940045,3,1,merge_to_review_cluster,not_approved,FALSE
XDA2_0165,DEV_NDA19950035,LAKE APTS I,1995,24,XDA2C_0274,NDA19950035,DEV_NDA19950035,NDA19950035,2,1,merge_to_review_cluster,not_approved,FALSE
XDA2_0165,DEV_NDA19959006,CHESTNUT RIDGE I APARTMENTS,1995,24,XDA2C_0274,NDA19959006,DEV_NDA19950035,NDA19950035,2,1,merge_to_review_cluster,not_approved,FALSE
XDA2_0166,DEV_NDA19950040,LAKE APTS II,1995,24,XDA2C_0275,NDA19950040,DEV_NDA19950040,NDA19950040,2,1,merge_to_review_cluster,not_approved,FALSE
XDA2_0166,DEV_NDA19959007,CHESTNUT RIDGE II APARTMENTS,1995,24,XDA2C_0275,NDA19959007,DEV_NDA19950040,NDA19950040,2,1,merge_to_review_cluster,not_approved,FALSE
XDA2_0167,DEV_NDA19950045,LAKE APTS III,1995,24,XDA2C_0276,NDA19950045,DEV_NDA19950045,NDA19950045,2,1,merge_to_review_cluster,not_approved,FALSE
XDA2_0167,DEV_NDA19959008,CHESTNUT RIDGE III APARTMENTS,1995,24,XDA2C_0276,NDA19959008,DEV_NDA19950045,NDA19950045,2,1,merge_to_review_cluster,not_approved,FALSE
XDA2_0168,DEV_NDA19950050,LAKE APTS IV,1995,24,XDA2C_0277,NDA19950050,DEV_NDA19950050,NDA19950050,2,1,merge_to_review_cluster,not_approved,FALSE
XDA2_0168,DEV_NDA19959009,CHESTNUT RIDGE IV APARTMENTS,1995,24,XDA2C_0277,NDA19959009,DEV_NDA19950050,NDA19950050,2,1,merge_to_review_cluster,not_approved,FALSE
XDA2_0169,DEV_NDA19950055,LAKE APTS V,1995,24,XDA2C_0278,NDA19950055,DEV_NDA19950055,NDA19950055,2,1,merge_to_review_cluster,not_approved,FALSE
XDA2_0169,DEV_NDA19959010,CHESTNUT RIDGE V APARTMENTS,1995,24,XDA2C_0278,NDA19959010,DEV_NDA19950055,NDA19950055,2,1,merge_to_review_cluster,not_approved,FALSE
XDA2_0170,DEV_NDA20148001,HERITAGE HILLS I,2014,42,XDA2C_0279,NDA20148001,DEV_NDA20148001,NDA20148001,1,1,retain_current_development,not_approved,FALSE
XDA2_0170,DEV_NDA20150001,HERITAGE HILLS II,2015,39,XDA2C_0280,NDA20150001,DEV_NDA20150001,NDA20150001,1,1,retain_current_development,not_approved,FALSE
XDA2_0171,DEV_NDA20170002,HOMEFIELD I SENIOR APARTMENTS,2017,39,XDA2C_0281,NDA20170002,DEV_NDA20170002,NDA20170002,1,1,retain_current_development,not_approved,FALSE
XDA2_0171,DEV_NDA20190004,HOMEFIELD 2,2019,39,XDA2C_0282,NDA20190004,DEV_NDA20190004,NDA20190004,1,1,retain_current_development,not_approved,FALSE
XDA2_0172,DEV_NDA20060036,STANDING ROCK NEW CONSTRUCTION #8,2006,30,XDA2C_0283,NDA20060036,DEV_NDA20060036,NDA20060036,2,1,merge_to_review_cluster,not_approved,FALSE
XDA2_0172,DEV_NDA20069008,STANDING ROCK NEW CONSTRUCTION PROJECT #8,2006,30,XDA2C_0283,NDA20069008,DEV_NDA20060036,NDA20060036,2,1,merge_to_review_cluster,not_approved,FALSE
XDA2_0173,DEV_NDA20070045,STANDING ROCK REHAB #15,2007,20,XDA2C_0284,NDA20070045,DEV_NDA20070045,NDA20070045,2,1,merge_to_review_cluster,not_approved,FALSE
XDA2_0173,DEV_NDA20079011,STANDING ROCK REHABILITATION PROJECT #15,2007,20,XDA2C_0284,NDA20079011,DEV_NDA20070045,NDA20070045,2,1,merge_to_review_cluster,not_approved,FALSE
XDA2_0174,DEV_NHA20231002,MONAHAN MANOR 4%,2023,166,XDA2C_0285,NHA20231002,DEV_NHA20231002,NHA20231002,2,1,merge_to_review_cluster,not_approved,FALSE
XDA2_0174,DEV_NHA20231003,MONAHAN MANOR 9%,2023,50,XDA2C_0285,NHA20231003,DEV_NHA20231002,NHA20231002,2,1,merge_to_review_cluster,not_approved,FALSE
XDA2_0175,DEV_NJA20079049,THE MEADOWS AT OLDWICK (TEWKSBURY),2007,,XDA2C_0286,NJA20079049,DEV_NJA20079049,NJA20079049,1,1,retain_current_development,not_approved,FALSE
XDA2_0175,DEV_NJA20096001,#05908 - UCP AT TEWKSBURY,2009,18,XDA2C_0287,NJA20096001,DEV_NJA20096001,NJA20096001,1,1,retain_current_development,not_approved,FALSE
XDA2_0176,DEV_NJA20120956,105 W DECATUR AVE,2012,2,XDA2C_0288,NJA20120956,DEV_NJA20120956,NJA20120956,2,1,merge_to_review_cluster,not_approved,FALSE
XDA2_0176,DEV_NJA20123001,"105 W. DECATUR AVENUE, A & B #365",2012,2,XDA2C_0288,NJA20123001,DEV_NJA20120956,NJA20120956,2,1,merge_to_review_cluster,not_approved,FALSE
XDA2_0177,DEV_NJA20120952,1503 1/2 SEWALL AVENUE,2012,2,XDA2C_0289,NJA20120952,DEV_NJA20120952,NJA20120952,3,1,merge_to_review_cluster,not_approved,FALSE
XDA2_0177,DEV_NJA20120953,SEWALL AVENUE,2012,2,XDA2C_0289,NJA20120953,DEV_NJA20120952,NJA20120952,3,1,merge_to_review_cluster,not_approved,FALSE
XDA2_0177,DEV_NJA20123004,1503 1/2 SEWALL AVENUE #278,2012,2,XDA2C_0289,NJA20123004,DEV_NJA20120952,NJA20120952,3,1,merge_to_review_cluster,not_approved,FALSE
XDA2_0178,DEV_NJA20120950,4526 PARK AVE,2012,18,XDA2C_0290,NJA20120950,DEV_NJA20120950,NJA20120950,2,1,merge_to_review_cluster,not_approved,FALSE
XDA2_0178,DEV_NJA20123007,4526 PARK AVENUE #285,2012,18,XDA2C_0290,NJA20123007,DEV_NJA20120950,NJA20120950,2,1,merge_to_review_cluster,not_approved,FALSE
XDA2_0179,DEV_NJA19919004,516 DOCK STREET,1991,3,XDA2C_0291,NJA19919004,DEV_NJA19919004,NJA19919004,2,1,merge_to_review_cluster,not_approved,FALSE
XDA2_0179,DEV_NJA20120947,516 DOCK STEET,2012,3,XDA2C_0291,NJA20120947,DEV_NJA19919004,NJA19919004,2,1,merge_to_review_cluster,not_approved,FALSE
XDA2_0180,DEV_NJA19979009,800 EAST JERSEY STREET,1997,12,XDA2C_0292,NJA19979009,DEV_NJA19979009,NJA19979009,3,1,merge_to_review_cluster,not_approved,FALSE
XDA2_0180,DEV_NJA20120946,MAGILL ASSOC,2012,12,XDA2C_0292,NJA20120946,DEV_NJA19979009,NJA19979009,3,1,merge_to_review_cluster,not_approved,FALSE
XDA2_0180,DEV_NJA20123010,800 EAST JERSEY STREET #469,2012,12,XDA2C_0292,NJA20123010,DEV_NJA19979009,NJA19979009,3,1,merge_to_review_cluster,not_approved,FALSE
XDA2_0181,DEV_NJA20089001,"A. HARRY MOORE, PHASE I",2008,66,XDA2C_0293,NJA20089001,DEV_NJA20089001,NJA20089001,1,1,retain_current_development,not_approved,FALSE
XDA2_0181,DEV_NJA20096004,A. HARRY MOORE PHASE II,2009,78,XDA2C_0294,NJA20096004,DEV_NJA20096004,NJA20096004,1,1,retain_current_development,not_approved,FALSE
XDA2_0181,DEV_NJA20116002,A HARRY MOORE PHASE III,2011,60,XDA2C_0295,NJA20116002,DEV_NJA20116002,NJA20116002,1,1,retain_current_development,not_approved,FALSE
XDA2_0182,DEV_NJA19930035,A M YELENCSIS SENIOR CIT RES,1993,99,XDA2C_0296,NJA19930035,DEV_NJA19930035,NJA19930035,2,1,merge_to_review_cluster,not_approved,FALSE
XDA2_0182,DEV_NJA20123013,A.M. YELENCSIS SENIOR CIT. RES. #334,2012,99,XDA2C_0296,NJA20123013,DEV_NJA19930035,NJA19930035,2,1,merge_to_review_cluster,not_approved,FALSE
XDA2_0183,DEV_NJA19909022,ALOE VILLAGE - II,1990,40,XDA2C_0297,NJA19909022,DEV_NJA19909022,NJA19909022,1,1,retain_current_development,not_approved,FALSE
XDA2_0183,DEV_NJA20120942,ALOE VILLAGE III,2012,36,XDA2C_0298,NJA20120942,DEV_NJA20120942,NJA20120942,1,1,retain_current_development,not_approved,FALSE
XDA2_0184,DEV_NJA19990085,ARTISANS MILL RENTAL HOUSING,1999,31,XDA2C_0299,NJA19990085,DEV_NJA19990085,NJA19990085,2,1,merge_to_review_cluster,not_approved,FALSE
XDA2_0184,DEV_NJA19999016,ARTISAN'S MILL RENTAL HOUSING,1999,31,XDA2C_0299,NJA19999016,DEV_NJA19990085,NJA19990085,2,1,merge_to_review_cluster,not_approved,FALSE
XDA2_0185,DEV_NJA20090080,ASBURY TOWERS,2009,347,XDA2C_0300,NJA20090080,DEV_NJA20090080,NJA20090080,2,1,merge_to_review_cluster,not_approved,FALSE
XDA2_0185,DEV_NJA20099002,ASBURY TOWER,2009,347,XDA2C_0300,NJA20099002,DEV_NJA20090080,NJA20090080,2,1,merge_to_review_cluster,not_approved,FALSE
XDA2_0186,DEV_NJA20070010,BALDWINS RUN - PHASE 8,2007,73,XDA2C_0301,NJA20070010,DEV_NJA20070010,NJA20070010,2,1,merge_to_review_cluster,not_approved,FALSE
XDA2_0186,DEV_NJA20078009,LITC# 745 - BALDWIN'S RUN PHASE 8,2007,73,XDA2C_0301,NJA20078009,DEV_NJA20070010,NJA20070010,2,1,merge_to_review_cluster,not_approved,FALSE
XDA2_0187,DEV_NJA0000X006,BEACH AT SOUTH INLET,,250,XDA2C_0302,NJA0000X006,DEV_NJA20200036,NJA20200036,2,1,merge_to_review_cluster,not_approved,FALSE
XDA2_0187,DEV_NJA20200036,THE BEACH AT SOUTH INLET,2020,250,XDA2C_0302,NJA20200036,DEV_NJA20200036,NJA20200036,2,1,merge_to_review_cluster,not_approved,FALSE
XDA2_0188,DEV_NJA20010135,MANCHESTER VILLAGE,2001,56,XDA2C_0303,NJA20010135,DEV_NJA20010135,NJA20010135,2,1,merge_to_review_cluster,not_approved,FALSE
XDA2_0188,DEV_NJA20019051,BECKERVILLE APARTMENTS - LITC #572,2001,56,XDA2C_0303,NJA20019051,DEV_NJA20010135,NJA20010135,2,1,merge_to_review_cluster,not_approved,FALSE
XDA2_0189,DEV_NJA20060095,BELLMAWR SENIOR HOUSING,2006,,XDA2C_0304,NJA20060095,DEV_NJA20060095,NJA20060095,2,1,merge_to_review_cluster,not_approved,FALSE
XDA2_0189,DEV_NJA20069009,LITC #716 - BELLMAWR SENIOR HOUSING,2006,130,XDA2C_0304,NJA20069009,DEV_NJA20060095,NJA20060095,2,1,merge_to_review_cluster,not_approved,FALSE
XDA2_0190,DEV_NJA20110553,BRANCH VILLAGE II,2011,58,XDA2C_0305,NJA20110553,DEV_NJA20110553,NJA20110553,2,1,merge_to_review_cluster,not_approved,FALSE
XDA2_0190,DEV_NJA20114003,"BRANCH VILLAGE, PH. II",2011,58,XDA2C_0305,NJA20114003,DEV_NJA20110553,NJA20110553,2,1,merge_to_review_cluster,not_approved,FALSE
XDA2_0191,DEV_NJA20060130,BRENTWOOD COMMONS,2006,47,XDA2C_0306,NJA20060130,DEV_NJA20060130,NJA20060130,2,1,merge_to_review_cluster,not_approved,FALSE
XDA2_0191,DEV_NJA20069002,BRENTWOOD COMMONS LITC #728,2006,47,XDA2C_0306,NJA20069002,DEV_NJA20060130,NJA20060130,2,1,merge_to_review_cluster,not_approved,FALSE
XDA2_0192,DEV_NJA20049039,BRICK SPECIAL NEEDS HOUSING,2004,36,XDA2C_0307,NJA20049039,DEV_NJA20049039,NJA20049039,2,1,merge_to_review_cluster,not_approved,FALSE
XDA2_0192,DEV_NJA20123023,BRICK SPECIAL NEEDS HOUSING #670,2012,36,XDA2C_0307,NJA20123023,DEV_NJA20049039,NJA20049039,2,1,merge_to_review_cluster,not_approved,FALSE
XDA2_0193,DEV_NJA20050015,BRIDGETON HOPE VI PHASE I,2005,114,XDA2C_0308,NJA20050015,DEV_NJA20050015,NJA20050015,2,1,merge_to_review_cluster,not_approved,FALSE
XDA2_0193,DEV_NJA20059003,BRIDGETON HOPE VI PHASE I #668,2005,114,XDA2C_0308,NJA20059003,DEV_NJA20050015,NJA20050015,2,1,merge_to_review_cluster,not_approved,FALSE
XDA2_0193,DEV_NJA20059038,BRIDGETON HOPE VI PHASE III,2005,97,XDA2C_0309,NJA20059038,DEV_NJA20059038,NJA20059038,2,1,merge_to_review_cluster,not_approved,FALSE
XDA2_0193,DEV_NJA20059119,BRIDGETON PHASE III ASSOC LP,2005,97,XDA2C_0309,NJA20059119,DEV_NJA20059038,NJA20059038,2,1,merge_to_review_cluster,not_approved,FALSE
XDA2_0194,DEV_NJA0000X011,BRIDGETON VILLAS I,,100,XDA2C_0310,NJA0000X011,DEV_NJA0000X011,NJA0000X011,1,1,retain_current_development,not_approved,FALSE
XDA2_0194,DEV_NJA20177007,BRIGETON VILLAS II,2017,56,XDA2C_0311,NJA20177007,DEV_NJA20177007,NJA20177007,2,1,merge_to_review_cluster,not_approved,FALSE
XDA2_0194,DEV_NJA20200007,BRIDGETON VILLAS II,2020,56,XDA2C_0311,NJA20200007,DEV_NJA20177007,NJA20177007,2,1,merge_to_review_cluster,not_approved,FALSE
XDA2_0195,DEV_NJA20140030,BRIGANTINE HOMES,2014,160,XDA2C_0312,NJA20140030,DEV_NJA20140030,NJA20140030,2,1,merge_to_review_cluster,not_approved,FALSE
XDA2_0195,DEV_NJA20149006,BRIGANTINE APARTMENTS,2014,160,XDA2C_0312,NJA20149006,DEV_NJA20140030,NJA20140030,2,1,merge_to_review_cluster,not_approved,FALSE
XDA2_0196,DEV_NJA20040085,BROOKSHIRE/BRAMBLEWOOD,2004,117,XDA2C_0313,NJA20040085,DEV_NJA20040085,NJA20040085,2,1,merge_to_review_cluster,not_approved,FALSE
XDA2_0196,DEV_NJA20049003,BROOKSHIRE SENIOR APARTMENTS #641,2004,117,XDA2C_0313,NJA20049003,DEV_NJA20040085,NJA20040085,2,1,merge_to_review_cluster,not_approved,FALSE
XDA2_0197,DEV_NJA20020117,BROWNS WOODS APARTMENTS,2002,149,XDA2C_0314,NJA20020117,DEV_NJA20020117,NJA20020117,2,1,merge_to_review_cluster,not_approved,FALSE
XDA2_0197,DEV_NJA20029069,BROWN WOODS APARTMENTS,2002,150,XDA2C_0314,NJA20029069,DEV_NJA20020117,NJA20020117,2,1,merge_to_review_cluster,not_approved,FALSE
XDA2_0198,DEV_NJA20152008,BRUNSWICK ESTATES,2015,131,XDA2C_0315,NJA20152008,DEV_NJA20152008,NJA20152008,2,1,merge_to_review_cluster,not_approved,FALSE
XDA2_0198,DEV_NJA20159005,BRUNSWICK ESTATES/CITY CROSSING LITC#1555,2015,131,XDA2C_0315,NJA20159005,DEV_NJA20152008,NJA20152008,2,1,merge_to_review_cluster,not_approved,FALSE
XDA2_0199,DEV_NJA20080100,BUENA GARDENS SENIOR APARTMENTS,2008,,XDA2C_0316,NJA20080100,DEV_NJA20080100,NJA20080100,2,1,merge_to_review_cluster,not_approved,FALSE
XDA2_0199,DEV_NJA20087026,LITC#739 BUENA GARDENS SENIO,2008,78,XDA2C_0316,NJA20087026,DEV_NJA20080100,NJA20080100,2,1,merge_to_review_cluster,not_approved,FALSE
XDA2_0200,DEV_NJA0000X015,CAMP KILMER PHASE A,,85,XDA2C_0317,NJA0000X015,DEV_NJA0000X015,NJA0000X015,1,1,retain_current_development,not_approved,FALSE
XDA2_0200,DEV_NJA0000X108,CAMP KILMER PHASE B,,86,XDA2C_0318,NJA0000X108,DEV_NJA0000X108,NJA0000X108,1,1,retain_current_development,not_approved,FALSE
XDA2_0201,DEV_NJA19989035,CAPSTONE FAMILY HOUSING,1998,,XDA2C_0319,NJA19989035,DEV_NJA19989035,NJA19989035,2,1,merge_to_review_cluster,not_approved,FALSE
XDA2_0201,DEV_NJA19989067,CAPSTONE FAMILY HOUSING #545,1998,21,XDA2C_0319,NJA19989067,DEV_NJA19989035,NJA19989035,2,1,merge_to_review_cluster,not_approved,FALSE
XDA2_0202,DEV_NJA20040015,CARNEYS POINT SENIOR APARTMENTS,2004,99,XDA2C_0320,NJA20040015,DEV_NJA20040015,NJA20040015,2,1,merge_to_review_cluster,not_approved,FALSE
XDA2_0202,DEV_NJA20049041,CARNEY'S POINT SENIOR APARTMENTS,2004,99,XDA2C_0320,NJA20049041,DEV_NJA20040015,NJA20040015,2,1,merge_to_review_cluster,not_approved,FALSE
XDA2_0203,DEV_NJA20210004,CENTERTON ROAD FAMILY HOUSING,2021,103,XDA2C_0321,NJA20210004,DEV_NJA20210004,NJA20210004,2,1,merge_to_review_cluster,not_approved,FALSE
XDA2_0203,DEV_NJA20213010,CENTERTON VILLAGE LITC #1704,2021,103,XDA2C_0321,NJA20213010,DEV_NJA20210004,NJA20210004,2,1,merge_to_review_cluster,not_approved,FALSE
XDA2_0204,DEV_NJA20070035,"CHAPEL HILL AFFORDABLES, LLC",2007,,XDA2C_0322,NJA20070035,DEV_NJA20070035,NJA20070035,2,1,merge_to_review_cluster,not_approved,FALSE
XDA2_0204,DEV_NJA20078020,LITC#0743 CHAPEL HILL AFFORDABLES,2007,30,XDA2C_0322,NJA20078020,DEV_NJA20070035,NJA20070035,2,1,merge_to_review_cluster,not_approved,FALSE
XDA2_0205,DEV_NJA20010025,CHESTNUT MONMOUTH FAMILY HOUSING,2001,,XDA2C_0323,NJA20010025,DEV_NJA20010025,NJA20010025,2,1,merge_to_review_cluster,not_approved,FALSE
XDA2_0205,DEV_NJA20019052,CHESTNUT MONMOUTH FAMILY HOUSING #602,2001,13,XDA2C_0323,NJA20019052,DEV_NJA20010025,NJA20010025,2,1,merge_to_review_cluster,not_approved,FALSE
XDA2_0206,DEV_NJA20120928,CHESTNUT STATION APTS,2012,74,XDA2C_0324,NJA20120928,DEV_NJA20039032,NJA20039032,4,2,merge_to_review_cluster,not_approved,FALSE
XDA2_0206,DEV_NJA20123030,CHESTNUT STATION APARTMENT #658,2012,74,XDA2C_0324,NJA20123030,DEV_NJA20039032,NJA20039032,4,2,merge_to_review_cluster,not_approved,FALSE
XDA2_0207,DEV_NJA20039032,MERCHANTVILLE SENIOR AKA CHESTNUT STATION APARTMENTS,2003,,XDA2C_0324,NJA20039032,DEV_NJA20039032,NJA20039032,4,2,merge_to_review_cluster,not_approved,FALSE
XDA2_0207,DEV_NJA20039060,CHESTNUT STATION APARTMENTS - LITC #658,2003,74,XDA2C_0324,NJA20039060,DEV_NJA20039032,NJA20039032,4,2,merge_to_review_cluster,not_approved,FALSE
XDA2_0208,DEV_NJA20100030,CONGDON MILL,2010,66,XDA2C_0325,NJA20100030,DEV_NJA20100030,NJA20100030,2,1,merge_to_review_cluster,not_approved,FALSE
XDA2_0208,DEV_NJA20105006,CONGDON MILL  #0902,2010,66,XDA2C_0325,NJA20105006,DEV_NJA20100030,NJA20100030,2,1,merge_to_review_cluster,not_approved,FALSE
XDA2_0209,DEV_NJA20079008,COUNTRYSIDE VILLAGE REDEVELOPMENT PHASE II,2007,90,XDA2C_0326,NJA20079008,DEV_NJA20078017,NJA20078017,2,2,merge_to_review_cluster,not_approved,FALSE
XDA2_0209,DEV_NJA20089009,COUNTRYSIDE VILLAGE REDEVELOPMENT PHASE III,2008,93,XDA2C_0327,NJA20089009,DEV_NJA20087019,NJA20087019,2,2,merge_to_review_cluster,not_approved,FALSE
XDA2_0210,DEV_NJA19930065,CRANFORD LINCOLN SENIOR HOUSING,1993,,XDA2C_0328,NJA19930065,DEV_NJA19930065,NJA19930065,2,1,merge_to_review_cluster,not_approved,FALSE
XDA2_0210,DEV_NJA19939004,CRANFORD LINCOLN APARTMENTS   #207,1993,100,XDA2C_0328,NJA19939004,DEV_NJA19930065,NJA19930065,2,1,merge_to_review_cluster,not_approved,FALSE
XDA2_0211,DEV_NJA20060015,DEANS APARTMENTS,2006,,XDA2C_0329,NJA20060015,DEV_NJA20060015,NJA20060015,2,1,merge_to_review_cluster,not_approved,FALSE
XDA2_0211,DEV_NJA20069031,DEANS APARTMENTS #05912,2006,40,XDA2C_0329,NJA20069031,DEV_NJA20060015,NJA20060015,2,1,merge_to_review_cluster,not_approved,FALSE
XDA2_0211,DEV_NJA20060180,WOODHAVEN TERRACE,2006,40,XDA2C_0330,NJA20060180,DEV_NJA20060180,NJA20060180,1,1,retain_current_development,not_approved,FALSE
XDA2_0212,DEV_NJA20050050,DON VER APARTMENTS,2005,,XDA2C_0331,NJA20050050,DEV_NJA20050050,NJA20050050,2,1,merge_to_review_cluster,not_approved,FALSE
XDA2_0212,DEV_NJA20059010,DON VER APARTMENTS #707,2005,10,XDA2C_0331,NJA20059010,DEV_NJA20050050,NJA20050050,2,1,merge_to_review_cluster,not_approved,FALSE
XDA2_0213,DEV_NJA20000120,WILLINGBORO SENIOR HOUSING (AKA DOROTHEA CAMPBELL SENIOR),2000,,XDA2C_0332,NJA20000120,DEV_NJA20000120,NJA20000120,2,1,merge_to_review_cluster,not_approved,FALSE
XDA2_0213,DEV_NJA20009925,DOREATHA D. CAMPBELL SR HSG # 558,2000,104,XDA2C_0332,NJA20009925,DEV_NJA20000120,NJA20000120,2,1,merge_to_review_cluster,not_approved,FALSE
XDA2_0214,DEV_NJA0000X028,DR. LENA FRANCIS EDWARDS APARTMENTS,,64,XDA2C_0333,NJA0000X028,DEV_NJA20186005,NJA20186005,2,1,merge_to_review_cluster,not_approved,FALSE
XDA2_0214,DEV_NJA20186005,DR. LENA FRANCES EDWARDS APARTMENTS,2018,64,XDA2C_0333,NJA20186005,DEV_NJA20186005,NJA20186005,2,1,merge_to_review_cluster,not_approved,FALSE
XDA2_0215,DEV_NJA20190008,E-PORT FAMILY HOMES,2019,59,XDA2C_0334,NJA20190008,DEV_NJA20190008,NJA20190008,2,1,merge_to_review_cluster,not_approved,FALSE
XDA2_0215,DEV_NJA20213015,E'PORT FAMILY HOMES #1724,2021,59,XDA2C_0334,NJA20213015,DEV_NJA20190008,NJA20190008,2,1,merge_to_review_cluster,not_approved,FALSE
XDA2_0216,DEV_NJA20186006,EAGLE CREST #1656,2018,49,XDA2C_0335,NJA20186006,DEV_NJA20186006,NJA20186006,2,1,merge_to_review_cluster,not_approved,FALSE
XDA2_0216,DEV_NJA20186007,EAGLE CREST APARTMENTS,2018,49,XDA2C_0335,NJA20186007,DEV_NJA20186006,NJA20186006,2,1,merge_to_review_cluster,not_approved,FALSE
XDA2_0217,DEV_NJA20070125,EAST ORANGE GENERAL HOSPITAL SUPPORTIVE HOUSING,2007,24,XDA2C_0336,NJA20070125,DEV_NJA20070125,NJA20070125,2,1,merge_to_review_cluster,not_approved,FALSE
XDA2_0217,DEV_NJA20099028,EAST ORANGE GENERAL HOSPITAL SUPPORTIVE HSG.,2009,24,XDA2C_0336,NJA20099028,DEV_NJA20070125,NJA20070125,2,1,merge_to_review_cluster,not_approved,FALSE
XDA2_0218,DEV_NJA0000X029,EAST ORANGE SENIOR SUPPORTIVE HOUSING,,60,XDA2C_0337,NJA0000X029,DEV_NJA20231006,NJA20231006,2,1,merge_to_review_cluster,not_approved,FALSE
XDA2_0218,DEV_NJA20231006,EAST ORANGE SUPPORTIVE HOUSING,2023,59,XDA2C_0337,NJA20231006,DEV_NJA20231006,NJA20231006,2,1,merge_to_review_cluster,not_approved,FALSE
XDA2_0219,DEV_NJA20020030,EASTAMPTON TOWN CENTER,2002,100,XDA2C_0338,NJA20020030,DEV_NJA20020030,NJA20020030,2,1,merge_to_review_cluster,not_approved,FALSE
XDA2_0219,DEV_NJA20029020,EASTAMPTON APARTMENTS,2002,100,XDA2C_0338,NJA20029020,DEV_NJA20020030,NJA20020030,2,1,merge_to_review_cluster,not_approved,FALSE
XDA2_0220,DEV_NJA20000030,ELIZABETH HOPE VI - PHASE I,2000,72,XDA2C_0339,NJA20000030,DEV_NJA20000030,NJA20000030,2,1,merge_to_review_cluster,not_approved,FALSE
XDA2_0220,DEV_NJA20123043,ELIZABETH HOPE VI - PHASE I #560,2012,72,XDA2C_0339,NJA20123043,DEV_NJA20000030,NJA20000030,2,1,merge_to_review_cluster,not_approved,FALSE
XDA2_0221,DEV_NJA19949008,WOOD STREET HOUSING (ESPERANZA APARTMENTS),1994,46,XDA2C_0340,NJA19949008,DEV_NJA19949008,NJA19949008,2,1,merge_to_review_cluster,not_approved,FALSE
XDA2_0221,DEV_NJA19959891,ESPERANZA APTS.,1995,46,XDA2C_0340,NJA19959891,DEV_NJA19949008,NJA19949008,2,1,merge_to_review_cluster,not_approved,FALSE
XDA2_0222,DEV_NJA0000X031,ETHEL LAWRENCE III AND CONNELL,,60,XDA2C_0341,NJA0000X031,DEV_NJA20183007,NJA20183007,3,1,merge_to_review_cluster,not_approved,FALSE
XDA2_0222,DEV_NJA20183007,ETHEL LAWRENCE III + CONNELL,2018,60,XDA2C_0341,NJA20183007,DEV_NJA20183007,NJA20183007,3,1,merge_to_review_cluster,not_approved,FALSE
XDA2_0222,DEV_NJA20186008,ETHEL R. LAWRENCE III-CONNELL,2018,60,XDA2C_0341,NJA20186008,DEV_NJA20183007,NJA20183007,3,1,merge_to_review_cluster,not_approved,FALSE
XDA2_0223,DEV_NJA20029021,FILLMORE TOWERS / MADISON AND DEWEY,2002,108,XDA2C_0342,NJA20029021,DEV_NJA20029021,NJA20029021,2,1,merge_to_review_cluster,not_approved,FALSE
XDA2_0223,DEV_NJA20029046,FILLMORE TOWERS / MADISON + DEWEY,2002,108,XDA2C_0342,NJA20029046,DEV_NJA20029021,NJA20029021,2,1,merge_to_review_cluster,not_approved,FALSE
XDA2_0224,DEV_NJA20161011,FRANKLIN STREET VILLAS,2016,30,XDA2C_0343,NJA20161011,DEV_NJA20161011,NJA20161011,2,1,merge_to_review_cluster,not_approved,FALSE
XDA2_0224,DEV_NJA20168009,FRANKLIN STREET VILLA,2016,30,XDA2C_0343,NJA20168009,DEV_NJA20161011,NJA20161011,2,1,merge_to_review_cluster,not_approved,FALSE
XDA2_0225,DEV_NJA00000049,FREEDOM VILLAGE AT WESTAMPTON I,,48,XDA2C_0344,NJA00000049,DEV_NJA20161012,NJA20161012,2,1,merge_to_review_cluster,not_approved,FALSE
XDA2_0225,DEV_NJA20161012,FREEDOM VILLAGE AT WESTAMPTON,2016,48,XDA2C_0344,NJA20161012,DEV_NJA20161012,NJA20161012,2,1,merge_to_review_cluster,not_approved,FALSE
XDA2_0226,DEV_NJA20100060,GARFIELD II HOUSING,2010,61,XDA2C_0345,NJA20100060,DEV_NJA20100060,NJA20100060,2,1,merge_to_review_cluster,not_approved,FALSE
XDA2_0226,DEV_NJA20105012,LITC#0918 GARFIELD II,2010,61,XDA2C_0345,NJA20105012,DEV_NJA20100060,NJA20100060,2,1,merge_to_review_cluster,not_approved,FALSE
XDA2_0227,DEV_NJA0000X130,GRANVILLE TOWER,,80,XDA2C_0346,NJA0000X130,DEV_NJA20177024,NJA20177024,2,1,merge_to_review_cluster,not_approved,FALSE
XDA2_0227,DEV_NJA20177024,GRANVILLE TOWERS,2017,79,XDA2C_0346,NJA20177024,DEV_NJA20177024,NJA20177024,2,1,merge_to_review_cluster,not_approved,FALSE
XDA2_0228,DEV_NJA20040110,GREENWOOD TOWNHOMES,2004,217,XDA2C_0347,NJA20040110,DEV_NJA20040110,NJA20040110,2,1,merge_to_review_cluster,not_approved,FALSE
XDA2_0228,DEV_NJA20049029,GREENWOOD TOWNHOUSES,2004,217,XDA2C_0347,NJA20049029,DEV_NJA20040110,NJA20040110,2,1,merge_to_review_cluster,not_approved,FALSE
XDA2_0229,DEV_NJA20040130,WEST KINNEY GARDENS,2004,133,XDA2C_0348,NJA20040130,DEV_NJA20040130,NJA20040130,2,1,merge_to_review_cluster,not_approved,FALSE
XDA2_0229,DEV_NJA20049019,WEST KINNEY GARDEN (A),2004,133,XDA2C_0348,NJA20049019,DEV_NJA20040130,NJA20040130,2,1,merge_to_review_cluster,not_approved,FALSE
XDA2_0229,DEV_NJA20040135,WEST KINNEY GARDENS (B),2004,37,XDA2C_0349,NJA20040135,DEV_NJA20040135,NJA20040135,2,1,merge_to_review_cluster,not_approved,FALSE
XDA2_0229,DEV_NJA20049030,HAYES HOMES/WEST KINNEY (B),2004,37,XDA2C_0349,NJA20049030,DEV_NJA20040135,NJA20040135,2,1,merge_to_review_cluster,not_approved,FALSE
XDA2_0230,DEV_NJA20080030,HERITAGE VILLAGE @ MANALAPAN,2008,100,XDA2C_0350,NJA20080030,DEV_NJA20080030,NJA20080030,2,1,merge_to_review_cluster,not_approved,FALSE
XDA2_0230,DEV_NJA20087010,LITC# 06403 HERITAGE VILLAGE AT MANALAPAN,2008,100,XDA2C_0350,NJA20087010,DEV_NJA20080030,NJA20080030,2,1,merge_to_review_cluster,not_approved,FALSE
XDA2_0231,DEV_NJA20080165,HERITAGE VILLAGE AT LAWRENCE,2008,64,XDA2C_0351,NJA20080165,DEV_NJA20080165,NJA20080165,2,1,merge_to_review_cluster,not_approved,FALSE
XDA2_0231,DEV_NJA20087008,HERITAGE VILLAGE AT LAWRENCE #06919,2008,63,XDA2C_0351,NJA20087008,DEV_NJA20080165,NJA20080165,2,1,merge_to_review_cluster,not_approved,FALSE
XDA2_0232,DEV_NJA20060145,HOPEWELL GARDENS,2006,150,XDA2C_0352,NJA20060145,DEV_NJA20060145,NJA20060145,3,1,merge_to_review_cluster,not_approved,FALSE
XDA2_0232,DEV_NJA20069008,HOPEWELL GARDENS #710,2006,150,XDA2C_0352,NJA20069008,DEV_NJA20060145,NJA20060145,3,1,merge_to_review_cluster,not_approved,FALSE
XDA2_0232,DEV_NJA20069043,HOPEWELL VILLAGE,2006,150,XDA2C_0352,NJA20069043,DEV_NJA20060145,NJA20060145,3,1,merge_to_review_cluster,not_approved,FALSE
XDA2_0233,DEV_NJA20080090,HORIZONS AT CLIFTON II,2008,104,XDA2C_0353,NJA20080090,DEV_NJA20080090,NJA20080090,3,2,merge_to_review_cluster,not_approved,FALSE
XDA2_0233,DEV_NJA20089090,HORIZONS AT CLIFTON II #0747,2008,103,XDA2C_0353,NJA20089090,DEV_NJA20080090,NJA20080090,3,2,merge_to_review_cluster,not_approved,FALSE
XDA2_0233,DEV_NJA20090035,HORIZONS AT CLIFTON III,2009,104,XDA2C_0354,NJA20090035,DEV_NJA20090035,NJA20090035,3,2,merge_to_review_cluster,not_approved,FALSE
XDA2_0233,DEV_NJA20099057,HORIZONS AT CLIFTON III #0748,2009,104,XDA2C_0354,NJA20099057,DEV_NJA20090035,NJA20090035,3,2,merge_to_review_cluster,not_approved,FALSE
XDA2_0234,DEV_NJA0000X042,JACOBS LANDING PHASE II,,60,XDA2C_0355,NJA0000X042,DEV_NJA20204016,NJA20204016,2,1,merge_to_review_cluster,not_approved,FALSE
XDA2_0234,DEV_NJA20204016,JACOBS LANDING PHASE II #1710,2020,60,XDA2C_0355,NJA20204016,DEV_NJA20204016,NJA20204016,2,1,merge_to_review_cluster,not_approved,FALSE
XDA2_0235,DEV_NJA20010050,JAMES T KIRK GARDENS,2001,24,XDA2C_0356,NJA20010050,DEV_NJA20010050,NJA20010050,2,1,merge_to_review_cluster,not_approved,FALSE
XDA2_0235,DEV_NJA20123064,JAMES T. KIRK GARDENS #537,2012,24,XDA2C_0356,NJA20123064,DEV_NJA20010050,NJA20010050,2,1,merge_to_review_cluster,not_approved,FALSE
XDA2_0235,DEV_NJA20120868,MILLENNIUM GARDENS,2012,24,XDA2C_0357,NJA20120868,DEV_NJA20120868,NJA20120868,2,1,merge_to_review_cluster,not_approved,FALSE
XDA2_0235,DEV_NJA20123091,MILLENNIUM GARDENS #593,2012,24,XDA2C_0357,NJA20123091,DEV_NJA20120868,NJA20120868,2,1,merge_to_review_cluster,not_approved,FALSE
XDA2_0236,DEV_NJA20090050,JOHN O PARKER HALL,2009,77,XDA2C_0358,NJA20090050,DEV_NJA20090050,NJA20090050,2,1,merge_to_review_cluster,not_approved,FALSE
XDA2_0236,DEV_NJA20098010,"JOHN O. PARKER, JR. HALL",2009,77,XDA2C_0358,NJA20098010,DEV_NJA20090050,NJA20090050,2,1,merge_to_review_cluster,not_approved,FALSE
XDA2_0237,DEV_NJA20070070,KING PLAZA,2007,249,XDA2C_0359,NJA20070070,DEV_NJA20070070,NJA20070070,2,1,merge_to_review_cluster,not_approved,FALSE
XDA2_0237,DEV_NJA20078022,LITC#681 KING PLAZA,2007,249,XDA2C_0359,NJA20078022,DEV_NJA20070070,NJA20070070,2,1,merge_to_review_cluster,not_approved,FALSE
XDA2_0238,DEV_NJA19959033,KING'S WAY APARTMENTS,1995,36,XDA2C_0360,NJA19959033,DEV_NJA19959033,NJA19959033,2,1,merge_to_review_cluster,not_approved,FALSE
XDA2_0238,DEV_NJA20120890,KINGS WAY APARTMENTS,2012,36,XDA2C_0360,NJA20120890,DEV_NJA19959033,NJA19959033,2,1,merge_to_review_cluster,not_approved,FALSE
XDA2_0239,DEV_NJA20120887,LAKEWOOD PLAZA SECTION II,2012,151,XDA2C_0361,NJA20120887,DEV_NJA20120887,NJA20120887,2,1,merge_to_review_cluster,not_approved,FALSE
XDA2_0239,DEV_NJA20123073,LAKEWOOD PLAZA   SECTION II  #216,2012,151,XDA2C_0361,NJA20123073,DEV_NJA20120887,NJA20120887,2,1,merge_to_review_cluster,not_approved,FALSE
XDA2_0240,DEV_NJA20100801,LEONIA RETIREMENT HOUSING II,2010,33,XDA2C_0362,NJA20100801,DEV_NJA20100801,NJA20100801,2,1,merge_to_review_cluster,not_approved,FALSE
XDA2_0240,DEV_NJA20105015,LEONIA RETIREMENT HOUSING II #0844,2010,33,XDA2C_0362,NJA20105015,DEV_NJA20100801,NJA20100801,2,1,merge_to_review_cluster,not_approved,FALSE
XDA2_0241,DEV_NJA20030045,LIBERTY PLACE APARTMENTS,2003,,XDA2C_0363,NJA20030045,DEV_NJA20030045,NJA20030045,2,1,merge_to_review_cluster,not_approved,FALSE
XDA2_0241,DEV_NJA20039011,LIBERTY PLACE #619,2003,60,XDA2C_0363,NJA20039011,DEV_NJA20030045,NJA20030045,2,1,merge_to_review_cluster,not_approved,FALSE
XDA2_0242,DEV_NJA20060100,LIFE LINK HOMES,2006,30,XDA2C_0364,NJA20060100,DEV_NJA20060100,NJA20060100,2,1,merge_to_review_cluster,not_approved,FALSE
XDA2_0242,DEV_NJA20079062,LITC#06405 LIFE LINK HOMES,2007,30,XDA2C_0364,NJA20079062,DEV_NJA20060100,NJA20060100,2,1,merge_to_review_cluster,not_approved,FALSE
XDA2_0243,DEV_NJA20039054,LINCOLN COMMONS - HADDONFIELD SENIORS,2003,,XDA2C_0365,NJA20039054,DEV_NJA20039054,NJA20039054,2,1,merge_to_review_cluster,not_approved,FALSE
XDA2_0243,DEV_NJA20039069,LINCOLN COMMONS/HADDONFIELD SENIORS #637,2003,,XDA2C_0365,NJA20039069,DEV_NJA20039054,NJA20039054,2,1,merge_to_review_cluster,not_approved,FALSE
XDA2_0244,DEV_NJA20020045,LINCOLN PARK TOWERS,2002,80,XDA2C_0366,NJA20020045,DEV_NJA20020045,NJA20020045,2,1,merge_to_review_cluster,not_approved,FALSE
XDA2_0244,DEV_NJA20029024,LINCOLN PARK TOWER,2002,79,XDA2C_0366,NJA20029024,DEV_NJA20020045,NJA20020045,2,1,merge_to_review_cluster,not_approved,FALSE
XDA2_0245,DEV_NJA20060115,NEW HOPE COMMUNITY PHASE I,2006,57,XDA2C_0367,NJA20060115,DEV_NJA20060115,NJA20060115,2,1,merge_to_review_cluster,not_approved,FALSE
XDA2_0245,DEV_NJA20079093,NEW HOPE COMMUNITY PHASE I #740,2007,57,XDA2C_0367,NJA20079093,DEV_NJA20060115,NJA20060115,2,1,merge_to_review_cluster,not_approved,FALSE
XDA2_0245,DEV_NJA20070135,PLEASANTVILLE V,2007,57,XDA2C_0368,NJA20070135,DEV_NJA20070135,NJA20070135,2,1,merge_to_review_cluster,not_approved,FALSE
XDA2_0245,DEV_NJA20079075,LITC#05902 PLEASANTVILLE PHASE V,2007,57,XDA2C_0368,NJA20079075,DEV_NJA20070135,NJA20070135,2,1,merge_to_review_cluster,not_approved,FALSE
XDA2_0246,DEV_NJA20078017,LITC#06909 COUNTRYSIDE VILLAGE PHASE II,2007,90,XDA2C_0326,NJA20078017,DEV_NJA20078017,NJA20078017,2,2,merge_to_review_cluster,not_approved,FALSE
XDA2_0246,DEV_NJA20087019,LITC#06910 - COUNTRYSIDE VILLAGE PHASE III,2008,93,XDA2C_0327,NJA20087019,DEV_NJA20087019,NJA20087019,2,2,merge_to_review_cluster,not_approved,FALSE
XDA2_0247,DEV_NJA20087024,LITC#0747 HORIZONS AT CLIFTON II,2008,103,XDA2C_0353,NJA20087024,DEV_NJA20080090,NJA20080090,3,2,merge_to_review_cluster,not_approved,FALSE
XDA2_0247,DEV_NJA20096013,LITC#0748 HORIZONS AT CLIFTON III,2009,104,XDA2C_0354,NJA20096013,DEV_NJA20090035,NJA20090035,3,2,merge_to_review_cluster,not_approved,FALSE
XDA2_0248,DEV_NJA20090045,NORTH CAMDEN LAND TRUST,2009,89,XDA2C_0369,NJA20090045,DEV_NJA20090045,NJA20090045,3,1,merge_to_review_cluster,not_approved,FALSE
XDA2_0248,DEV_NJA20098014,NORTH CAMDEN LAND TRUST PROJECT,2009,88,XDA2C_0369,NJA20098014,DEV_NJA20090045,NJA20090045,3,1,merge_to_review_cluster,not_approved,FALSE
XDA2_0248,DEV_NJA20109036,LITC#07901 NORTH CAMDEN LAND TRUST,2010,89,XDA2C_0369,NJA20109036,DEV_NJA20090045,NJA20090045,3,1,merge_to_review_cluster,not_approved,FALSE
XDA2_0249,DEV_NJA20039008,LITC#671 SALEM HISTORIC HOMES PHASE II,2003,41,XDA2C_0370,NJA20039008,DEV_NJA20039008,NJA20039008,2,1,merge_to_review_cluster,not_approved,FALSE
XDA2_0249,DEV_NJA20039015,SALEM HISTORIC HOMES PHASE II,2003,41,XDA2C_0370,NJA20039015,DEV_NJA20039008,NJA20039008,2,1,merge_to_review_cluster,not_approved,FALSE
XDA2_0250,DEV_NJA19989074,LOCUST LANDING PHASE I #488,1998,40,XDA2C_0371,NJA19989074,DEV_NJA19989074,NJA19989074,2,1,merge_to_review_cluster,not_approved,FALSE
XDA2_0250,DEV_NJA20120877,LOCUST LANDING PHASE I,2012,40,XDA2C_0371,NJA20120877,DEV_NJA19989074,NJA19989074,2,1,merge_to_review_cluster,not_approved,FALSE
XDA2_0251,DEV_NJA20120045,MANALAPAN WOODS,2012,80,XDA2C_0372,NJA20120045,DEV_NJA20120045,NJA20120045,2,1,merge_to_review_cluster,not_approved,FALSE
XDA2_0251,DEV_NJA20123157,WOOD AVENUE APARTMENTS,2012,80,XDA2C_0372,NJA20123157,DEV_NJA20120045,NJA20120045,2,1,merge_to_review_cluster,not_approved,FALSE
XDA2_0252,DEV_NJA20100070,MARKET FAIR APT LITC,2010,70,XDA2C_0373,NJA20100070,DEV_NJA20100070,NJA20100070,2,1,merge_to_review_cluster,not_approved,FALSE
XDA2_0252,DEV_NJA20105018,MARKETFAIR APTS. SH,2010,70,XDA2C_0373,NJA20105018,DEV_NJA20100070,NJA20100070,2,1,merge_to_review_cluster,not_approved,FALSE
XDA2_0253,DEV_NJA20000085,MCCORRISTIN SQUARE,2000,69,XDA2C_0374,NJA20000085,DEV_NJA20000085,NJA20000085,2,1,merge_to_review_cluster,not_approved,FALSE
XDA2_0253,DEV_NJA20009933,MC CORRISTIN SQUARE,2000,70,XDA2C_0374,NJA20009933,DEV_NJA20000085,NJA20000085,2,1,merge_to_review_cluster,not_approved,FALSE
XDA2_0254,DEV_NJA19940055,MID-CITY APTS,1994,58,XDA2C_0375,NJA19940055,DEV_NJA19940055,NJA19940055,2,1,merge_to_review_cluster,not_approved,FALSE
XDA2_0254,DEV_NJA19949018,MID-CITY APARTMENTS - I,1994,58,XDA2C_0375,NJA19949018,DEV_NJA19940055,NJA19940055,2,1,merge_to_review_cluster,not_approved,FALSE
XDA2_0255,DEV_NJA19990100,MILLSTREAM APARTMENTS,1999,96,XDA2C_0376,NJA19990100,DEV_NJA19990100,NJA19990100,2,1,merge_to_review_cluster,not_approved,FALSE
XDA2_0255,DEV_NJA20009934,MILL STREAM APARTMENTS,2000,96,XDA2C_0376,NJA20009934,DEV_NJA19990100,NJA19990100,2,1,merge_to_review_cluster,not_approved,FALSE
XDA2_0256,DEV_NJA20161020,NCC MANOR,2016,327,XDA2C_0377,NJA20161020,DEV_NJA20161020,NJA20161020,2,1,merge_to_review_cluster,not_approved,FALSE
XDA2_0256,DEV_NJA20168018,NEW COMMUNITY MANOR,2016,327,XDA2C_0377,NJA20168018,DEV_NJA20161020,NJA20161020,2,1,merge_to_review_cluster,not_approved,FALSE
XDA2_0257,DEV_NJA20020065,NEW BRUNSWICK HOMES HOPE VI PHASE I,2002,68,XDA2C_0378,NJA20020065,DEV_NJA20020065,NJA20020065,2,1,merge_to_review_cluster,not_approved,FALSE
XDA2_0257,DEV_NJA20123094,NEW BRUNSWICK HOMES HOPE VI PHASE I #625,2012,68,XDA2C_0378,NJA20123094,DEV_NJA20020065,NJA20020065,2,1,merge_to_review_cluster,not_approved,FALSE
XDA2_0258,DEV_NJA20070190,NEW HOPE COMMUNITY PHASE II,2007,69,XDA2C_0379,NJA20070190,DEV_NJA20070190,NJA20070190,2,1,merge_to_review_cluster,not_approved,FALSE
XDA2_0258,DEV_NJA20078027,NEW HOPE COMMUNITY PHASE II #05902,2007,71,XDA2C_0379,NJA20078027,DEV_NJA20070190,NJA20070190,2,1,merge_to_review_cluster,not_approved,FALSE
XDA2_0259,DEV_NJA0000X056,NEW HORIZONS - PHASE I,,89,XDA2C_0380,NJA0000X056,DEV_NJA20195024,NJA20195024,2,1,merge_to_review_cluster,not_approved,FALSE
XDA2_0259,DEV_NJA20195024,NEW HORIZONS PHASE 1,2019,89,XDA2C_0380,NJA20195024,DEV_NJA20195024,NJA20195024,2,1,merge_to_review_cluster,not_approved,FALSE
XDA2_0260,DEV_NJA20019060,NORTH BERGEN RENAISSANCE I #587,2001,104,XDA2C_0381,NJA20019060,DEV_NJA20019060,NJA20019060,2,1,merge_to_review_cluster,not_approved,FALSE
XDA2_0260,DEV_NJA20120862,NORTH BERGEN RENAISSANCE I,2012,104,XDA2C_0381,NJA20120862,DEV_NJA20019060,NJA20019060,2,1,merge_to_review_cluster,not_approved,FALSE
XDA2_0261,DEV_NJA20050240,OAK PARK APARTMENTS,2005,,XDA2C_0382,NJA20050240,DEV_NJA20050240,NJA20050240,2,1,merge_to_review_cluster,not_approved,FALSE
XDA2_0261,DEV_NJA20059025,OAK PARK APARTMENTS #05411,2005,252,XDA2C_0382,NJA20059025,DEV_NJA20050240,NJA20050240,2,1,merge_to_review_cluster,not_approved,FALSE
XDA2_0262,DEV_NJA20120859,OCEAN BAYVIEW PHASE II,2012,18,XDA2C_0383,NJA20120859,DEV_NJA20120859,NJA20120859,2,1,merge_to_review_cluster,not_approved,FALSE
XDA2_0262,DEV_NJA20123100,OCEAN BAYVIEW PHASE II -#264,2012,18,XDA2C_0383,NJA20123100,DEV_NJA20120859,NJA20120859,2,1,merge_to_review_cluster,not_approved,FALSE
XDA2_0263,DEV_NJA19999026,OLD BRIDGE SENIOR APARTMENTS,1999,,XDA2C_0384,NJA19999026,DEV_NJA19999026,NJA19999026,2,1,merge_to_review_cluster,not_approved,FALSE
XDA2_0263,DEV_NJA20123101,OLD BRIDGE SENIOR APARTMENTS #513,2012,88,XDA2C_0384,NJA20123101,DEV_NJA19999026,NJA19999026,2,1,merge_to_review_cluster,not_approved,FALSE
XDA2_0264,DEV_NJA20201020,TURNER POINTE APARTMENTS,2020,77,XDA2C_0385,NJA20201020,DEV_NJA20201020,NJA20201020,2,1,merge_to_review_cluster,not_approved,FALSE
XDA2_0264,DEV_NJA20213027,PAGE HOMES #1714,2021,77,XDA2C_0385,NJA20213027,DEV_NJA20201020,NJA20201020,2,1,merge_to_review_cluster,not_approved,FALSE
XDA2_0265,DEV_NJA19970080,PARAMUS SENIOR CITIZENS,1997,64,XDA2C_0386,NJA19970080,DEV_NJA19970080,NJA19970080,2,1,merge_to_review_cluster,not_approved,FALSE
XDA2_0265,DEV_NJA19979007,PARAMUS SR. CITIZENS,1997,64,XDA2C_0386,NJA19979007,DEV_NJA19970080,NJA19970080,2,1,merge_to_review_cluster,not_approved,FALSE
XDA2_0266,DEV_NJA20110072,PARKVIEW SENIOR,2011,,XDA2C_0387,NJA20110072,DEV_NJA20110072,NJA20110072,2,1,merge_to_review_cluster,not_approved,FALSE
XDA2_0266,DEV_NJA20114023,PERTH AMBOY,2011,84,XDA2C_0387,NJA20114023,DEV_NJA20110072,NJA20110072,2,1,merge_to_review_cluster,not_approved,FALSE
XDA2_0267,DEV_NJA20120855,PATERSON HOPE 98 URBAN RENEWAL,2012,109,XDA2C_0388,NJA20120855,DEV_NJA20120855,NJA20120855,2,1,merge_to_review_cluster,not_approved,FALSE
XDA2_0267,DEV_NJA20123104,PATERSON HOPE 98 URBAN RENEWAL #574,2012,109,XDA2C_0388,NJA20123104,DEV_NJA20120855,NJA20120855,2,1,merge_to_review_cluster,not_approved,FALSE
XDA2_0268,DEV_NJA19990050,PEAPACK/GLADSTONE FAMILY HOUSING,1999,20,XDA2C_0389,NJA19990050,DEV_NJA19990050,NJA19990050,4,1,merge_to_review_cluster,not_approved,FALSE
XDA2_0268,DEV_NJA19999015,PEAPACK AND GLADSTONE FAMILY HOUSING,1999,20,XDA2C_0389,NJA19999015,DEV_NJA19990050,NJA19990050,4,1,merge_to_review_cluster,not_approved,FALSE
XDA2_0268,DEV_NJA19999027,PEAPACK + GLADSTONE FAMILY HOUSING,1999,20,XDA2C_0389,NJA19999027,DEV_NJA19990050,NJA19990050,4,1,merge_to_review_cluster,not_approved,FALSE
XDA2_0268,DEV_NJA20123105,PEAPACK/GLADSTONE FAMILY HOUSING #543,2012,20,XDA2C_0389,NJA20123105,DEV_NJA19990050,NJA19990050,4,1,merge_to_review_cluster,not_approved,FALSE
XDA2_0269,DEV_NJA20010145,PROJECT FREEDOM AT HAMILTON TOWNSHIP,2001,48,XDA2C_0390,NJA20010145,DEV_NJA20010145,NJA20010145,2,1,merge_to_review_cluster,not_approved,FALSE
XDA2_0269,DEV_NJA20019007,PROJECT FREEDOM AT HAMILTON,2001,,XDA2C_0390,NJA20019007,DEV_NJA20010145,NJA20010145,2,1,merge_to_review_cluster,not_approved,FALSE
XDA2_0270,DEV_NJA20050150,WOODLANDS AT RAMSEY,2005,99,XDA2C_0391,NJA20050150,DEV_NJA20050150,NJA20050150,2,1,merge_to_review_cluster,not_approved,FALSE
XDA2_0270,DEV_NJA20059139,"RAMSEY SENIOR CITIZENS HOUSING, LP",2005,99,XDA2C_0391,NJA20059139,DEV_NJA20050150,NJA20050150,2,1,merge_to_review_cluster,not_approved,FALSE
XDA2_0271,DEV_NJA20230191,RED ROCK PRESERVE I  LITC #1805 (FKA YORK VILLAGE EAST),2023,50,XDA2C_0392,NJA20230191,DEV_NJA20230191,NJA20230191,1,1,retain_current_development,not_approved,FALSE
XDA2_0271,DEV_NJA20230192,RED ROCK PRESERVE II  LITC #1804 (FKA YORK VILLAGE WEST),2023,50,XDA2C_0393,NJA20230192,DEV_NJA20230192,NJA20230192,1,1,retain_current_development,not_approved,FALSE
XDA2_0272,DEV_NJA20070090,RIVER ROAD AFFORDABLE,2007,77,XDA2C_0394,NJA20070090,DEV_NJA20070090,NJA20070090,3,1,merge_to_review_cluster,not_approved,FALSE
XDA2_0272,DEV_NJA20078030,RIVER ROAD AFFORDABLE (SITE E) #05916,2007,77,XDA2C_0394,NJA20078030,DEV_NJA20070090,NJA20070090,3,1,merge_to_review_cluster,not_approved,FALSE
XDA2_0272,DEV_NJA20079097,RIVER ROAD AFFORDABLE HSG (SITE E) #05916,2007,77,XDA2C_0394,NJA20079097,DEV_NJA20070090,NJA20070090,3,1,merge_to_review_cluster,not_approved,FALSE
XDA2_0273,DEV_NJA0000X154,RIVERSIDE VILLAGE APARTMENTS PHASE L,,165,XDA2C_0395,NJA0000X154,DEV_NJA20222025,NJA20222025,2,1,merge_to_review_cluster,not_approved,FALSE
XDA2_0273,DEV_NJA20222025,RIVERSIDE VILLAGE APARTMENTS PHASE 1,2022,165,XDA2C_0395,NJA20222025,DEV_NJA20222025,NJA20222025,2,1,merge_to_review_cluster,not_approved,FALSE
XDA2_0274,DEV_NJA20107014,ROOSEVELT MANOR PHASES 9 AND 10 - CENTERVILLE SOUTH,2010,89,XDA2C_0396,NJA20107014,DEV_NJA20107014,NJA20107014,2,1,merge_to_review_cluster,not_approved,FALSE
XDA2_0274,DEV_NJA20109019,ROOSEVELT MANOR PHASES 9 + 10 - CENTERVILLE SOUTH,2010,89,XDA2C_0396,NJA20109019,DEV_NJA20107014,NJA20107014,2,1,merge_to_review_cluster,not_approved,FALSE
XDA2_0275,DEV_NJA20050250,ROSEGATE SENIOR HOUSING,2005,,XDA2C_0397,NJA20050250,DEV_NJA20050250,NJA20050250,3,1,merge_to_review_cluster,not_approved,FALSE
XDA2_0275,DEV_NJA20059030,ROSEGATE  #692,2005,150,XDA2C_0397,NJA20059030,DEV_NJA20050250,NJA20050250,3,1,merge_to_review_cluster,not_approved,FALSE
XDA2_0275,DEV_NJA20059141,ROSEGATE SENIOR HOUSING  #692,2005,150,XDA2C_0397,NJA20059141,DEV_NJA20050250,NJA20050250,3,1,merge_to_review_cluster,not_approved,FALSE
XDA2_0276,DEV_NJA20000105,RUG MILL SENIOR,2000,98,XDA2C_0398,NJA20000105,DEV_NJA20000105,NJA20000105,2,1,merge_to_review_cluster,not_approved,FALSE
XDA2_0276,DEV_NJA20009030,RUG MILL SENIORS,2000,98,XDA2C_0398,NJA20009030,DEV_NJA20000105,NJA20000105,2,1,merge_to_review_cluster,not_approved,FALSE
XDA2_0277,DEV_NJA20080180,SCUDDER HOMES SENIOR URBAN RENEWAL,2008,48,XDA2C_0399,NJA20080180,DEV_NJA20080180,NJA20080180,3,1,merge_to_review_cluster,not_approved,FALSE
XDA2_0277,DEV_NJA20087032,"SCUDDER HOMES SENIOR URBAN RENEWAL, L.P.",2008,48,XDA2C_0399,NJA20087032,DEV_NJA20080180,NJA20080180,3,1,merge_to_review_cluster,not_approved,FALSE
XDA2_0277,DEV_NJA20089029,SCUDDER HOMES SENIOR HOUSING,2008,,XDA2C_0399,NJA20089029,DEV_NJA20080180,NJA20080180,3,1,merge_to_review_cluster,not_approved,FALSE
XDA2_0278,DEV_NJA20020160,SENIOR HORIZONS AT BAYONNE,2002,59,XDA2C_0400,NJA20020160,DEV_NJA20020160,NJA20020160,4,1,merge_to_review_cluster,not_approved,FALSE
XDA2_0278,DEV_NJA20029016,SENIOR HORIZONS AT BAYONNE #623,2002,59,XDA2C_0400,NJA20029016,DEV_NJA20020160,NJA20020160,4,1,merge_to_review_cluster,not_approved,FALSE
XDA2_0278,DEV_NJA20029036,SENIOR HORIZONS OF BAYONNE,2002,,XDA2C_0400,NJA20029036,DEV_NJA20020160,NJA20020160,4,1,merge_to_review_cluster,not_approved,FALSE
XDA2_0278,DEV_NJA20029088,SENIOR HORIZONS OF BAYONNE #623,2002,59,XDA2C_0400,NJA20029088,DEV_NJA20020160,NJA20020160,4,1,merge_to_review_cluster,not_approved,FALSE
XDA2_0279,DEV_NJA20049015,SENIOR HORIZONS AT CLIFTON #691,2004,125,XDA2C_0401,NJA20049015,DEV_NJA20049015,NJA20049015,2,1,merge_to_review_cluster,not_approved,FALSE
XDA2_0279,DEV_NJA20049054,SENIOR HORIZONS AT CLIFTON,2004,125,XDA2C_0401,NJA20049054,DEV_NJA20049015,NJA20049015,2,1,merge_to_review_cluster,not_approved,FALSE
XDA2_0280,DEV_NJA20120840,SIENA VILLAGE AT WAYNE,2012,251,XDA2C_0402,NJA20120840,DEV_NJA20120840,NJA20120840,2,1,merge_to_review_cluster,not_approved,FALSE
XDA2_0280,DEV_NJA20123120,SIENA VILLAGE AT WAYNE #346,2012,251,XDA2C_0402,NJA20123120,DEV_NJA20120840,NJA20120840,2,1,merge_to_review_cluster,not_approved,FALSE
XDA2_0281,DEV_NJA20049037,SOMERSET COUNTY SUPPORTIVE HOUSING,2004,,XDA2C_0403,NJA20049037,DEV_NJA20049037,NJA20049037,4,1,merge_to_review_cluster,not_approved,FALSE
XDA2_0281,DEV_NJA20050056,SOMERSET COUNTY AFFORDABLE HOUSING,2005,18,XDA2C_0403,NJA20050056,DEV_NJA20049037,NJA20049037,4,1,merge_to_review_cluster,not_approved,FALSE
XDA2_0281,DEV_NJA20059031,SOMERSET COUNTY AFFORDABLE #676,2005,18,XDA2C_0403,NJA20059031,DEV_NJA20049037,NJA20049037,4,1,merge_to_review_cluster,not_approved,FALSE
XDA2_0281,DEV_NJA20059142,SOMERSET COUNTY SPTV HSG - LITC #676,2005,18,XDA2C_0403,NJA20059142,DEV_NJA20049037,NJA20049037,4,1,merge_to_review_cluster,not_approved,FALSE
XDA2_0282,DEV_NJA20120838,SOUTH BROADWAY,2012,12,XDA2C_0404,NJA20120838,DEV_NJA20120838,NJA20120838,2,1,merge_to_review_cluster,not_approved,FALSE
XDA2_0282,DEV_NJA20123122,"SOUTH BROADWAY PARTNERSHIP, LP #227",2012,12,XDA2C_0404,NJA20123122,DEV_NJA20120838,NJA20120838,2,1,merge_to_review_cluster,not_approved,FALSE
XDA2_0283,DEV_NJA20020080,SOUTH PLAINFIELD SENIOR HOUSING,2002,,XDA2C_0405,NJA20020080,DEV_NJA20020080,NJA20020080,2,1,merge_to_review_cluster,not_approved,FALSE
XDA2_0283,DEV_NJA20123123,SOUTH PLAINFIELD SENIOR HOUSING #554,2012,100,XDA2C_0405,NJA20123123,DEV_NJA20020080,NJA20020080,2,1,merge_to_review_cluster,not_approved,FALSE
XDA2_0284,DEV_NJA20120836,"SOUTH STATE STREET, LP",2012,4,XDA2C_0406,NJA20120836,DEV_NJA20120836,NJA20120836,2,1,merge_to_review_cluster,not_approved,FALSE
XDA2_0284,DEV_NJA20123124,"SOUTH STATE STREET, LP #369",2012,4,XDA2C_0406,NJA20123124,DEV_NJA20120836,NJA20120836,2,1,merge_to_review_cluster,not_approved,FALSE
XDA2_0285,DEV_NJA20125011,VILLAGE AT ST. PETER'S,2012,,XDA2C_0407,NJA20125011,DEV_NJA20125011,NJA20125011,2,1,merge_to_review_cluster,not_approved,FALSE
XDA2_0285,DEV_NJA20129023,ST. PETER'S SENIOR HOUSING,2012,73,XDA2C_0407,NJA20129023,DEV_NJA20125011,NJA20125011,2,1,merge_to_review_cluster,not_approved,FALSE
XDA2_0286,DEV_NJA20009011,"URBAN RENEWAL OF ELIZABETHPORT, L.P. #552",2000,21,XDA2C_0408,NJA20009011,DEV_NJA20009011,NJA20009011,2,1,merge_to_review_cluster,not_approved,FALSE
XDA2_0286,DEV_NJA20009031,"URBAN RENEWAL OF ELIZABETHPORT, L.P.",2000,,XDA2C_0408,NJA20009031,DEV_NJA20009011,NJA20009011,2,1,merge_to_review_cluster,not_approved,FALSE
XDA2_0287,DEV_NJA20134024,VALLEY BROOK VILLAGE,2013,62,XDA2C_0409,NJA20134024,DEV_NJA20134024,NJA20134024,2,1,merge_to_review_cluster,not_approved,FALSE
XDA2_0287,DEV_NJA20139031,VALLEY BROOK VILLAGE I,2013,61,XDA2C_0409,NJA20139031,DEV_NJA20134024,NJA20134024,2,1,merge_to_review_cluster,not_approved,FALSE
XDA2_0288,DEV_NJA20120035,WALTER G ALEXANDER DEVELOPMENT PHASE I,2012,,XDA2C_0410,NJA20120035,DEV_NJA20120035,NJA20120035,2,1,merge_to_review_cluster,not_approved,FALSE
XDA2_0288,DEV_NJA20125013,WALTER G. ALEXANDER VILLAGE - PHASE I,2012,65,XDA2C_0410,NJA20125013,DEV_NJA20120035,NJA20120035,2,1,merge_to_review_cluster,not_approved,FALSE
XDA2_0288,DEV_NJA20120568,WALTER G. ALEXANDER REDEVELOPMENT PHASE II,2012,48,XDA2C_0411,NJA20120568,DEV_NJA20120568,NJA20120568,2,1,merge_to_review_cluster,not_approved,FALSE
XDA2_0288,DEV_NJA20125012,"WALTER G ALEXANDER, PH II SENIOR",2012,,XDA2C_0411,NJA20125012,DEV_NJA20120568,NJA20120568,2,1,merge_to_review_cluster,not_approved,FALSE
XDA2_0288,DEV_NJA20168030,WALTER G. ALEXANDER VILLAGE PHASE III,2016,42,XDA2C_0412,NJA20168030,DEV_NJA20168030,NJA20168030,1,1,retain_current_development,not_approved,FALSE
XDA2_0289,DEV_NJA19970195,WARREN STREET APARTMENTS - PHASE I,1997,,XDA2C_0413,NJA19970195,DEV_NJA19970195,NJA19970195,2,1,merge_to_review_cluster,not_approved,FALSE
XDA2_0289,DEV_NJA20123144,WARREN STREET APARTMENTS-PHASE I #452,2012,11,XDA2C_0413,NJA20123144,DEV_NJA19970195,NJA19970195,2,1,merge_to_review_cluster,not_approved,FALSE
XDA2_0289,DEV_NJA19999032,WARREN STREET APARTMENTS - PHASE II,1999,,XDA2C_0414,NJA19999032,DEV_NJA19999032,NJA19999032,2,1,merge_to_review_cluster,not_approved,FALSE
XDA2_0289,DEV_NJA20123143,WARREN STREET APARTMENTS - PHASE II #521,2012,31,XDA2C_0414,NJA20123143,DEV_NJA19999032,NJA19999032,2,1,merge_to_review_cluster,not_approved,FALSE
XDA2_0290,DEV_NJA20107018,WATER EDGE CRESCENT,2010,70,XDA2C_0415,NJA20107018,DEV_NJA20107018,NJA20107018,2,1,merge_to_review_cluster,not_approved,FALSE
XDA2_0290,DEV_NJA20119058,WATERS EDGE CRESCENT,2011,70,XDA2C_0415,NJA20119058,DEV_NJA20107018,NJA20107018,2,1,merge_to_review_cluster,not_approved,FALSE
XDA2_0291,DEV_NJA20120815,WEEQUAHIC PARK APARTMENTS III,2012,80,XDA2C_0416,NJA20120815,DEV_NJA20120815,NJA20120815,2,1,merge_to_review_cluster,not_approved,FALSE
XDA2_0291,DEV_NJA20123148,WEEQUAHIC PARK APTS. III #390,2012,,XDA2C_0416,NJA20123148,DEV_NJA20120815,NJA20120815,2,1,merge_to_review_cluster,not_approved,FALSE
XDA2_0292,DEV_NJA20120817,WEEQUAHIC PARK APARTMENTS VI,2012,53,XDA2C_0417,NJA20120817,DEV_NJA20120817,NJA20120817,2,1,merge_to_review_cluster,not_approved,FALSE
XDA2_0292,DEV_NJA20123146,WEEQUAHIC PARK APARTMENTS VI #440,2012,53,XDA2C_0417,NJA20123146,DEV_NJA20120817,NJA20120817,2,1,merge_to_review_cluster,not_approved,FALSE
XDA2_0293,DEV_NJA20120816,WEEQUAHIC PARK APTS V,2012,49,XDA2C_0418,NJA20120816,DEV_NJA20120816,NJA20120816,2,1,merge_to_review_cluster,not_approved,FALSE
XDA2_0293,DEV_NJA20123147,WEEQUAHIC PARK APTS V #476,2012,,XDA2C_0418,NJA20123147,DEV_NJA20120816,NJA20120816,2,1,merge_to_review_cluster,not_approved,FALSE
XDA2_0294,DEV_NJA20020095,WEST ELECTRONIC,2002,36,XDA2C_0419,NJA20020095,DEV_NJA20020095,NJA20020095,2,1,merge_to_review_cluster,not_approved,FALSE
XDA2_0294,DEV_NJA20029041,WEST ELECTRONICS BUILDING,2002,36,XDA2C_0419,NJA20029041,DEV_NJA20020095,NJA20020095,2,1,merge_to_review_cluster,not_approved,FALSE
XDA2_0295,DEV_NJA20059097,WEST LAKE SENIOR APARTMENTS,2005,,XDA2C_0420,NJA20059097,DEV_NJA20059097,NJA20059097,2,1,merge_to_review_cluster,not_approved,FALSE
XDA2_0295,DEV_NJA20123150,WEST LAKE SENIOR APARTMENTS #702,2012,42,XDA2C_0420,NJA20123150,DEV_NJA20059097,NJA20059097,2,1,merge_to_review_cluster,not_approved,FALSE
XDA2_0296,DEV_NJA20029042,WEST NEW YORK HOUSING - MADISON AND DEWEY,2002,35,XDA2C_0421,NJA20029042,DEV_NJA20029042,NJA20029042,2,1,merge_to_review_cluster,not_approved,FALSE
XDA2_0296,DEV_NJA20029065,WEST NEW YORK HOUSING - MADISON + DEWEY,2002,34,XDA2C_0421,NJA20029065,DEV_NJA20029042,NJA20029042,2,1,merge_to_review_cluster,not_approved,FALSE
XDA2_0297,DEV_NJA20120812,WEST SIDE VILLAGE,2012,127,XDA2C_0422,NJA20120812,DEV_NJA20120812,NJA20120812,2,1,merge_to_review_cluster,not_approved,FALSE
XDA2_0297,DEV_NJA20123151,WEST SIDE VILLAGE #553,2012,127,XDA2C_0422,NJA20123151,DEV_NJA20120812,NJA20120812,2,1,merge_to_review_cluster,not_approved,FALSE
XDA2_0298,DEV_NJA20010100,WESTPORT HOMES HOPE VI,2001,107,XDA2C_0423,NJA20010100,DEV_NJA20010100,NJA20010100,2,1,merge_to_review_cluster,not_approved,FALSE
XDA2_0298,DEV_NJA20123153,WESTPORT HOMES HOPE VI #600,2012,107,XDA2C_0423,NJA20123153,DEV_NJA20010100,NJA20010100,2,1,merge_to_review_cluster,not_approved,FALSE
XDA2_0299,DEV_NJA20087040,WHISPERING WATERS APARTMENTS - PHASE II,2008,140,XDA2C_0424,NJA20087040,DEV_NJA20087040,NJA20087040,2,1,merge_to_review_cluster,not_approved,FALSE
XDA2_0299,DEV_NJA20099070,WHISPERING WATERS PHASE II,2009,140,XDA2C_0424,NJA20099070,DEV_NJA20087040,NJA20087040,2,1,merge_to_review_cluster,not_approved,FALSE
XDA2_0300,DEV_NJA0000X088,WILLOWS AT WHITEHOUSE STATION,,72,XDA2C_0425,NJA0000X088,DEV_NJA20204029,NJA20204029,2,1,merge_to_review_cluster,not_approved,FALSE
XDA2_0300,DEV_NJA20204029,WILLOWS AT WHITEHOUSE STATION  #1706,2020,72,XDA2C_0425,NJA20204029,DEV_NJA20204029,NJA20204029,2,1,merge_to_review_cluster,not_approved,FALSE
XDA2_0301,DEV_NJA0000X090,WINSLOW CROSS CREEK PHASE IV,,70,XDA2C_0426,NJA0000X090,DEV_NJA20204030,NJA20204030,2,1,merge_to_review_cluster,not_approved,FALSE
XDA2_0301,DEV_NJA20204030,WINSLWO CROSS CREEK PHASE IV,2020,72,XDA2C_0426,NJA20204030,DEV_NJA20204030,NJA20204030,2,1,merge_to_review_cluster,not_approved,FALSE
XDA2_0301,DEV_NJA0000X179,WINSLOW CROSS CREEK PHASE 3,,60,XDA2C_0427,NJA0000X179,DEV_NJA0000X179,NJA0000X179,1,1,retain_current_development,not_approved,FALSE
XDA2_0302,DEV_NJA20120808,WOODFIELD ESTATES AT FLORHAM PARK,2012,60,XDA2C_0428,NJA20120808,DEV_NJA20120808,NJA20120808,2,1,merge_to_review_cluster,not_approved,FALSE
XDA2_0302,DEV_NJA20123158,WOODFIELD ESTATES AT FLORHAM PARK #192,2012,60,XDA2C_0428,NJA20123158,DEV_NJA20120808,NJA20120808,2,1,merge_to_review_cluster,not_approved,FALSE
XDA2_0303,DEV_NJA20120807,WOODHAVEN AT SOUTH BRUNSWICK,2012,80,XDA2C_0429,NJA20120807,DEV_NJA20120807,NJA20120807,2,1,merge_to_review_cluster,not_approved,FALSE
XDA2_0303,DEV_NJA20123159,WOODHAVEN AT SOUTH BRUNSWICK #160,2012,80,XDA2C_0429,NJA20123159,DEV_NJA20120807,NJA20120807,2,1,merge_to_review_cluster,not_approved,FALSE
XDA2_0304,DEV_NJA20130012,WOODROW WILSON - PHASE I,2013,64,XDA2C_0430,NJA20130012,DEV_NJA20130012,NJA20130012,1,1,retain_current_development,not_approved,FALSE
XDA2_0304,DEV_NJA20153043,WOODROW WILSON PHASE II,2015,56,XDA2C_0431,NJA20153043,DEV_NJA20153043,NJA20153043,1,1,retain_current_development,not_approved,FALSE
XDA2_0305,DEV_NJA20195041,ZION TOWERS,2019,268,XDA2C_0432,NJA20195041,DEV_NJA20195041,NJA20195041,2,1,merge_to_review_cluster,not_approved,FALSE
XDA2_0305,DEV_NJA20211190,ZION TOWER,2021,268,XDA2C_0432,NJA20211190,DEV_NJA20195041,NJA20195041,2,1,merge_to_review_cluster,not_approved,FALSE
XDA2_0306,DEV_NVA20060005,BONANZA PINES SENIOR APTS III,2006,62,XDA2C_0433,NVA20060005,DEV_NVA20060005,NVA20060005,2,1,merge_to_review_cluster,not_approved,FALSE
XDA2_0306,DEV_NVA20069002,BONANZA PINES III,2006,62,XDA2C_0433,NVA20069002,DEV_NVA20060005,NVA20060005,2,1,merge_to_review_cluster,not_approved,FALSE
XDA2_0307,DEV_NVA00000035,DAYTON VALLEY VILLAGE I,,24,XDA2C_0434,NVA00000035,DEV_NVA00000035,NVA00000035,1,1,retain_current_development,not_approved,FALSE
XDA2_0307,DEV_NVA19950015,DAYTON VALLEY VILLAGE II,1995,22,XDA2C_0435,NVA19950015,DEV_NVA19950015,NVA19950015,1,1,retain_current_development,not_approved,FALSE
XDA2_0308,DEV_NVA19979003,DESERT PINES II,1997,36,XDA2C_0436,NVA19979003,DEV_NVA19979003,NVA19979003,1,1,retain_current_development,not_approved,FALSE
XDA2_0308,DEV_NVA19979004,DESERT PINES III,1997,60,XDA2C_0437,NVA19979004,DEV_NVA19979004,NVA19979004,1,1,retain_current_development,not_approved,FALSE
XDA2_0308,DEV_NVA19979005,DESERT PINES IV,1997,36,XDA2C_0438,NVA19979005,DEV_NVA19979005,NVA19979005,1,1,retain_current_development,not_approved,FALSE
XDA2_0309,DEV_NVA20020030,LAKE VISTA,2002,40,XDA2C_0439,NVA20020030,DEV_NVA20020030,NVA20020030,1,1,retain_current_development,not_approved,FALSE
XDA2_0309,DEV_NVA20029007,LAKE VISTA APARTMENTS II,2002,40,XDA2C_0440,NVA20029007,DEV_NVA20029007,NVA20029007,1,1,retain_current_development,not_approved,FALSE
XDA2_0310,DEV_NVA19990045,ST. VINCENT H.E.L.P. I,1999,66,XDA2C_0441,NVA19990045,DEV_NVA19990045,NVA19990045,1,1,retain_current_development,not_approved,FALSE
XDA2_0310,DEV_NVA19999012,ST. VINCENT H.E.L.P. I (B),1999,54,XDA2C_0442,NVA19999012,DEV_NVA19999012,NVA19999012,1,1,retain_current_development,not_approved,FALSE
XDA2_0311,DEV_NYC20222001,1769 JEROME AVENUE,2022,175,XDA2C_0443,NYC20222001,DEV_NYC20222001,NYC20222001,2,1,merge_to_review_cluster,not_approved,FALSE
XDA2_0311,DEV_NYC20222038,JEROME AVENUE APARTMENTS,2022,175,XDA2C_0443,NYC20222038,DEV_NYC20222001,NYC20222001,2,1,merge_to_review_cluster,not_approved,FALSE
XDA2_0312,DEV_NYC20090335,UNIVERSITY AVENUE CONSOLIDATION,2009,290,XDA2C_0444,NYC20090335,DEV_NYC20090335,NYC20090335,2,1,merge_to_review_cluster,not_approved,FALSE
XDA2_0312,DEV_NYC20100827,"ARISTA UAC PROPERTIES, L.P.",2010,290,XDA2C_0444,NYC20100827,DEV_NYC20090335,NYC20090335,2,1,merge_to_review_cluster,not_approved,FALSE
XDA2_0313,DEV_NYC20152008,BENSONHURST HOUSING FOR THE ELDERLY,2015,71,XDA2C_0445,NYC20152008,DEV_NYC20152008,NYC20152008,2,1,merge_to_review_cluster,not_approved,FALSE
XDA2_0313,DEV_NYC20162014,BENSONHURST HOUSING L.P.,2016,71,XDA2C_0445,NYC20162014,DEV_NYC20152008,NYC20152008,2,1,merge_to_review_cluster,not_approved,FALSE
XDA2_0314,DEV_NYC20221019,FRV PHASE 1 LIHTC LLC,2022,227,XDA2C_0446,NYC20221019,DEV_NYC20221019,NYC20221019,1,1,retain_current_development,not_approved,FALSE
XDA2_0314,DEV_NYC20221020,FRV PHASE 2 LIHTC LLC,2022,316,XDA2C_0447,NYC20221020,DEV_NYC20221020,NYC20221020,1,1,retain_current_development,not_approved,FALSE
XDA2_0315,DEV_NYB20190019,MEADOWS AT MIDDLE SETTLEMENT,2019,93,XDA2C_0448,NYB20190019,DEV_NYB20190019,NYB20190019,1,1,retain_current_development,not_approved,FALSE
XDA2_0315,DEV_NYB20210017,MEADOWS AT MIDDLE SETTLEMENT II,2021,102,XDA2C_0449,NYB20210017,DEV_NYB20210017,NYB20210017,1,1,retain_current_development,not_approved,FALSE
XDA2_0316,DEV_NYC20070814,MORRIS AVENUE CORNERSTONE,2007,209,XDA2C_0450,NYC20070814,DEV_NYC20070814,NYC20070814,2,1,merge_to_review_cluster,not_approved,FALSE
XDA2_0316,DEV_NYC20079016,"MORRIS AVENUE CORNERSTONE ASSOCIATES, LP",2007,209,XDA2C_0450,NYC20079016,DEV_NYC20070814,NYC20070814,2,1,merge_to_review_cluster,not_approved,FALSE
XDA2_0317,DEV_NYC20120858,ST ANN'S TERRACE,2012,161,XDA2C_0451,NYC20120858,DEV_NYC20120858,NYC20120858,2,1,merge_to_review_cluster,not_approved,FALSE
XDA2_0317,DEV_NYC20124022,ST ANNS FG OWNER LLC,2012,161,XDA2C_0451,NYC20124022,DEV_NYC20120858,NYC20120858,2,1,merge_to_review_cluster,not_approved,FALSE
XDA2_0318,DEV_NYB20200034,TROY & KRISTENSEN,2020,86,XDA2C_0452,NYB20200034,DEV_NYB20200034,NYB20200034,2,1,merge_to_review_cluster,not_approved,FALSE
XDA2_0318,DEV_NYB20210024,TROY AND KRISTENSEN,2021,86,XDA2C_0452,NYB20210024,DEV_NYB20200034,NYB20200034,2,1,merge_to_review_cluster,not_approved,FALSE
XDA2_0319,DEV_OHA20180010,CARVER PARK PHASE II,2018,74,XDA2C_0453,OHA20180010,DEV_OHA20180010,OHA20180010,1,1,retain_current_development,not_approved,FALSE
XDA2_0319,DEV_OHA20220004,CARVER PARK PHASE III,2022,143,XDA2C_0454,OHA20220004,DEV_OHA20220004,OHA20220004,1,1,retain_current_development,not_approved,FALSE
XDA2_0320,DEV_OHA20160005,CEDAR REDEVELOPMENT PHASE II,2016,50,XDA2C_0455,OHA20160005,DEV_OHA20160005,OHA20160005,1,1,retain_current_development,not_approved,FALSE
XDA2_0320,DEV_OHA20170002,CEDAR REDEVELOPMENT PHASE I,2017,61,XDA2C_0456,OHA20170002,DEV_OHA20170002,OHA20170002,1,1,retain_current_development,not_approved,FALSE
XDA2_0321,DEV_OHA20190029,RIVERSIDE PARK PHASE II,2019,203,XDA2C_0457,OHA20190029,DEV_OHA20190029,OHA20190029,1,1,retain_current_development,not_approved,FALSE
XDA2_0321,DEV_OHA20200038,RIVERSIDE PARK PHASE III,2020,204,XDA2C_0458,OHA20200038,DEV_OHA20200038,OHA20200038,1,1,retain_current_development,not_approved,FALSE
XDA2_0322,DEV_OKA20200008,LINDENWOODS TOWNHOMES PHASE I,2020,14,XDA2C_0459,OKA20200008,DEV_OKA20200008,OKA20200008,1,1,retain_current_development,not_approved,FALSE
XDA2_0322,DEV_OKA20210006,LINDENWOODS TOWNHOMES PHASE III,2021,13,XDA2C_0460,OKA20210006,DEV_OKA20210006,OKA20210006,1,1,retain_current_development,not_approved,FALSE
XDA2_0323,DEV_PAA20162003,BELMONT SPECIALTY HOUSING I,2016,40,XDA2C_0461,PAA20162003,DEV_PAA20162003,PAA20162003,1,1,retain_current_development,not_approved,FALSE
XDA2_0323,DEV_PAA20162004,BELMONT SPECIALTY HOUSING II,2016,40,XDA2C_0462,PAA20162004,DEV_PAA20162004,PAA20162004,1,1,retain_current_development,not_approved,FALSE
XDA2_0324,DEV_PAA20151005,KINDER PARK PHASE I,2015,48,XDA2C_0463,PAA20151005,DEV_PAA20151005,PAA20151005,1,1,retain_current_development,not_approved,FALSE
XDA2_0324,DEV_PAA20161012,KINDER PARK PHASE II,2016,50,XDA2C_0464,PAA20161012,DEV_PAA20161012,PAA20161012,1,1,retain_current_development,not_approved,FALSE
XDA2_0325,DEV_PAA20194011,NEWCOURTLAND @ HENRY AVE PH1A,2019,49,XDA2C_0465,PAA20194011,DEV_PAA20194011,PAA20194011,1,1,retain_current_development,not_approved,FALSE
XDA2_0325,DEV_PAA20203018,NEWCOURTLAND @ HENRY AVE PH1B,2020,36,XDA2C_0466,PAA20203018,DEV_PAA20203018,PAA20203018,1,1,retain_current_development,not_approved,FALSE
XDA2_0326,DEV_PAA19910495,OAK BOTTOM VILLAGE II,1991,56,XDA2C_0467,PAA19910495,DEV_PAA19910495,PAA19910495,1,1,retain_current_development,not_approved,FALSE
XDA2_0326,DEV_PAA20213066,OAK BOTTOM VILLAGE III,2021,,XDA2C_0468,PAA20213066,DEV_PAA20213066,PAA20213066,1,1,retain_current_development,not_approved,FALSE
XDA2_0327,DEV_RIA20171004,PROSPECT HEIGHTS I,2017,101,XDA2C_0469,RIA20171004,DEV_RIA20171004,RIA20171004,1,1,retain_current_development,not_approved,FALSE
XDA2_0327,DEV_RIA20191001,PROSPECT HEIGHTS II,2019,115,XDA2C_0470,RIA20191001,DEV_RIA20191001,RIA20191001,1,1,retain_current_development,not_approved,FALSE
XDA2_0327,DEV_RIA20200002,PROSPECT HEIGHTS III,2020,96,XDA2C_0471,RIA20200002,DEV_RIA20200002,RIA20200002,1,1,retain_current_development,not_approved,FALSE
XDA2_0328,DEV_SCA20000070,SWANSGATE APTS II,2000,24,XDA2C_0472,SCA20000070,DEV_SCA20000070,SCA20000070,1,1,retain_current_development,not_approved,FALSE
XDA2_0328,DEV_SCA20010095,SWANSGATE APTS III,2001,64,XDA2C_0473,SCA20010095,DEV_SCA20010095,SCA20010095,1,1,retain_current_development,not_approved,FALSE
XDA2_0329,DEV_TXA20089012,MANSIONS AT HASTINGS GREEN,2008,230,XDA2C_0474,TXA20089012,DEV_TXA20089012,TXA20089012,1,1,retain_current_development,not_approved,FALSE
XDA2_0329,DEV_TXA20089013,MANSIONS AT HASTINGS GREEN SENIOR,2008,252,XDA2C_0475,TXA20089013,DEV_TXA20089013,TXA20089013,1,1,retain_current_development,not_approved,FALSE
XDA2_0330,DEV_UTA20220002,"CASTO CANYON, LLC",2022,5,XDA2C_0476,UTA20220002,DEV_UTA20220002,UTA20220002,1,1,retain_current_development,not_approved,FALSE
XDA2_0330,DEV_UTA20220007,"MOUNTAIN SHADOWS III, LLC",2022,5,XDA2C_0477,UTA20220007,DEV_UTA20220007,UTA20220007,1,1,retain_current_development,not_approved,FALSE
XDA2_0331,DEV_UTA0000X004,HARRIS COMMUNITY VILLAGE PHASE ONE,,42,XDA2C_0478,UTA0000X004,DEV_UTA0000X004,UTA0000X004,1,1,retain_current_development,not_approved,FALSE
XDA2_0331,DEV_UTA0000X005,HARRIS COMMUNITY VILLAGE PHASE TWO,,24,XDA2C_0479,UTA0000X005,DEV_UTA0000X005,UTA0000X005,1,1,retain_current_development,not_approved,FALSE
XDA2_0332,DEV_UTA19970015,HURRICANE HILLS I,1997,50,XDA2C_0480,UTA19970015,DEV_UTA19970015,UTA19970015,1,1,retain_current_development,not_approved,FALSE
XDA2_0332,DEV_UTA19980040,HURRICANE HILLS II,1998,28,XDA2C_0481,UTA19980040,DEV_UTA19980040,UTA19980040,1,1,retain_current_development,not_approved,FALSE
XDA2_0333,DEV_UTA20142016,THE STATION AT PLEASANT VIEW II,2014,72,XDA2C_0482,UTA20142016,DEV_UTA20142016,UTA20142016,1,1,retain_current_development,not_approved,FALSE
XDA2_0333,DEV_UTA20184011,THE STATION AT PLEASANT VIEW III,2018,128,XDA2C_0483,UTA20184011,DEV_UTA20184011,UTA20184011,1,1,retain_current_development,not_approved,FALSE
XDA2_0334,DEV_UTA20010040,TOOELE GATEWAY I,2001,72,XDA2C_0484,UTA20010040,DEV_UTA20010040,UTA20010040,1,1,retain_current_development,not_approved,FALSE
XDA2_0334,DEV_UTA20030090,TOOELE GATEWAY II,2003,88,XDA2C_0485,UTA20030090,DEV_UTA20030090,UTA20030090,1,1,retain_current_development,not_approved,FALSE
XDA2_0335,DEV_UTA19870900,WILLOW CREEK APTS I,1987,24,XDA2C_0486,UTA19870900,DEV_UTA19870900,UTA19870900,1,1,retain_current_development,not_approved,FALSE
XDA2_0335,DEV_UTA19880900,WILLOW CREEK APTS II,1988,16,XDA2C_0487,UTA19880900,DEV_UTA19880900,UTA19880900,1,1,retain_current_development,not_approved,FALSE
XDA2_0335,DEV_UTA19890900,WILLOW CREEK APTS III,1989,22,XDA2C_0488,UTA19890900,DEV_UTA19890900,UTA19890900,1,1,retain_current_development,not_approved,FALSE
XDA2_0335,DEV_UTA19900900,WILLOW CREEK APTS. IV,1990,13,XDA2C_0489,UTA19900900,DEV_UTA19900900,UTA19900900,1,1,retain_current_development,not_approved,FALSE
XDA2_0335,DEV_UTA19910900,WILLOW CREEK APTS. V,1991,8,XDA2C_0490,UTA19910900,DEV_UTA19910900,UTA19910900,1,1,retain_current_development,not_approved,FALSE
XDA2_0336,DEV_VAA20191001,200 WEST I,2019,152,XDA2C_0491,VAA20191001,DEV_VAA20191001,VAA20191001,1,1,retain_current_development,not_approved,FALSE
XDA2_0336,DEV_VAA20191002,200 WEST II,2019,112,XDA2C_0492,VAA20191002,DEV_VAA20191002,VAA20191002,1,1,retain_current_development,not_approved,FALSE
XDA2_0337,DEV_VAA20201002,ALEXANDER AT 1090 I,2020,48,XDA2C_0493,VAA20201002,DEV_VAA20201002,VAA20201002,1,1,retain_current_development,not_approved,FALSE
XDA2_0337,DEV_VAA20201003,ALEXANDER AT 1090 II,2020,48,XDA2C_0494,VAA20201003,DEV_VAA20201003,VAA20201003,1,1,retain_current_development,not_approved,FALSE
XDA2_0338,DEV_VAA20191004,ARMSTRONG RENAISSANCE 1B,2019,45,XDA2C_0495,VAA20191004,DEV_VAA20191004,VAA20191004,1,1,retain_current_development,not_approved,FALSE
XDA2_0338,DEV_VAA20201005,ARMSTRONG RENAISSANCE 1A,2020,60,XDA2C_0496,VAA20201005,DEV_VAA20201005,VAA20201005,1,1,retain_current_development,not_approved,FALSE
XDA2_0338,DEV_VAA20201006,ARMSTRONG RENAISSANCE 2A,2020,70,XDA2C_0497,VAA20201006,DEV_VAA20201006,VAA20201006,1,1,retain_current_development,not_approved,FALSE
XDA2_0338,DEV_VAA20212001,ARMSTRONG RENAISSANCE 2B,2021,45,XDA2C_0498,VAA20212001,DEV_VAA20212001,VAA20212001,1,1,retain_current_development,not_approved,FALSE
XDA2_0339,DEV_VAA20201007,ASHBURN CHASE I,2020,48,XDA2C_0499,VAA20201007,DEV_VAA20201007,VAA20201007,1,1,retain_current_development,not_approved,FALSE
XDA2_0339,DEV_VAA20201008,ASHBURN CHASE II,2020,48,XDA2C_0500,VAA20201008,DEV_VAA20201008,VAA20201008,1,1,retain_current_development,not_approved,FALSE
XDA2_0340,DEV_VAA20190004,BIRCHWOOD AT BRAMBLETON I,2019,56,XDA2C_0501,VAA20190004,DEV_VAA20190004,VAA20190004,1,1,retain_current_development,not_approved,FALSE
XDA2_0340,DEV_VAA20190005,BIRCHWOOD AT BRAMBLETON II,2019,27,XDA2C_0502,VAA20190005,DEV_VAA20190005,VAA20190005,1,1,retain_current_development,not_approved,FALSE
XDA2_0341,DEV_VAA20170008,CAMPOSTELLA AT CLAIRMONT I,2017,84,XDA2C_0503,VAA20170008,DEV_VAA20170008,VAA20170008,1,1,retain_current_development,not_approved,FALSE
XDA2_0341,DEV_VAA20170009,CAMPOSTELLA AT CLAIRMONT II,2017,68,XDA2C_0504,VAA20170009,DEV_VAA20170009,VAA20170009,1,1,retain_current_development,not_approved,FALSE
XDA2_0342,DEV_VAA19890035,CEDAR CREEK II,1989,42,XDA2C_0505,VAA19890035,DEV_VAA19890035,VAA19890035,1,1,retain_current_development,not_approved,FALSE
XDA2_0342,DEV_VAA20171002,CEDAR CREEK I,2017,46,XDA2C_0506,VAA20171002,DEV_VAA20171002,VAA20171002,1,1,retain_current_development,not_approved,FALSE
XDA2_0343,DEV_VAA20172003,DALE HOMES - PHASE I,2017,146,XDA2C_0507,VAA20172003,DEV_VAA20172003,VAA20172003,1,1,retain_current_development,not_approved,FALSE
XDA2_0343,DEV_VAA20181007,DALE HOMES PHASE II,2018,150,XDA2C_0508,VAA20181007,DEV_VAA20181007,VAA20181007,1,1,retain_current_development,not_approved,FALSE
XDA2_0344,DEV_VAA19960045,DULLES CENTER I,1996,,XDA2C_0509,VAA19960045,DEV_VAA19960045,VAA19960045,1,1,retain_current_development,not_approved,FALSE
XDA2_0344,DEV_VAA20231007,DULLES CENTER II,2023,128,XDA2C_0510,VAA20231007,DEV_VAA20231007,VAA20231007,1,1,retain_current_development,not_approved,FALSE
XDA2_0345,DEV_VAA19960065,FOREST GLEN AT SULLY STATION I,1996,,XDA2C_0511,VAA19960065,DEV_VAA19960065,VAA19960065,1,1,retain_current_development,not_approved,FALSE
XDA2_0345,DEV_VAA19980085,FOREST GLEN AT SULLY STATION II,1998,,XDA2C_0512,VAA19980085,DEV_VAA19980085,VAA19980085,1,1,retain_current_development,not_approved,FALSE
XDA2_0346,DEV_VAA20231010,MARKET HEIGHTS I,2023,80,XDA2C_0513,VAA20231010,DEV_VAA20231010,VAA20231010,1,1,retain_current_development,not_approved,FALSE
XDA2_0346,DEV_VAA20231011,MARKET HEIGHTS II,2023,84,XDA2C_0514,VAA20231011,DEV_VAA20231011,VAA20231011,1,1,retain_current_development,not_approved,FALSE
XDA2_0347,DEV_VAA20040644,MARKET SQUARE I,2004,63,XDA2C_0515,VAA20040644,DEV_VAA20040644,VAA20040644,1,1,retain_current_development,not_approved,FALSE
XDA2_0347,DEV_VAA20191017,MARKET SQUARE V,2019,105,XDA2C_0516,VAA20191017,DEV_VAA20191017,VAA20191017,1,1,retain_current_development,not_approved,FALSE
XDA2_0348,DEV_VAA20201018,MOUNTAIN LAUREL MANOR II,2020,48,XDA2C_0517,VAA20201018,DEV_VAA20201018,VAA20201018,1,1,retain_current_development,not_approved,FALSE
XDA2_0348,DEV_VAA20231013,MOUNTAIN LAUREL MANOR III,2023,48,XDA2C_0518,VAA20231013,DEV_VAA20231013,VAA20231013,1,1,retain_current_development,not_approved,FALSE
XDA2_0349,DEV_VAA20181017,ORCHARD RIDGE AT JACKSON VILLAGE,2018,169,XDA2C_0519,VAA20181017,DEV_VAA20181017,VAA20181017,1,1,retain_current_development,not_approved,FALSE
XDA2_0349,DEV_VAA20191021,ORCHARD RIDGE AT JACKSON VILLAGE II,2019,76,XDA2C_0520,VAA20191021,DEV_VAA20191021,VAA20191021,1,1,retain_current_development,not_approved,FALSE
XDA2_0350,DEV_VAA20201025,RENAISSANCE I,2020,96,XDA2C_0521,VAA20201025,DEV_VAA20201025,VAA20201025,1,1,retain_current_development,not_approved,FALSE
XDA2_0350,DEV_VAA20201026,RENAISSANCE II,2020,96,XDA2C_0522,VAA20201026,DEV_VAA20201026,VAA20201026,1,1,retain_current_development,not_approved,FALSE
XDA2_0351,DEV_VAA20201029,RIVERBEND II,2020,60,XDA2C_0523,VAA20201029,DEV_VAA20201029,VAA20201029,1,1,retain_current_development,not_approved,FALSE
XDA2_0351,DEV_VAA20220025,RIVERBEND III,2022,28,XDA2C_0524,VAA20220025,DEV_VAA20220025,VAA20220025,1,1,retain_current_development,not_approved,FALSE
XDA2_0352,DEV_VAA20221021,RIVERSIDE STATION I,2022,120,XDA2C_0525,VAA20221021,DEV_VAA20221021,VAA20221021,1,1,retain_current_development,not_approved,FALSE
XDA2_0352,DEV_VAA20230002,RIVERSIDE STATION II,2023,116,XDA2C_0526,VAA20230002,DEV_VAA20230002,VAA20230002,1,1,retain_current_development,not_approved,FALSE
XDA2_0353,DEV_VAA19890120,ROYAL HILLS II,1989,42,XDA2C_0527,VAA19890120,DEV_VAA19890120,VAA19890120,1,1,retain_current_development,not_approved,FALSE
XDA2_0353,DEV_VAA20170031,ROYAL HILLS I,2017,46,XDA2C_0528,VAA20170031,DEV_VAA20170031,VAA20170031,1,1,retain_current_development,not_approved,FALSE
XDA2_0354,DEV_WAA20161001,15 WEST APARTMENTS,2016,120,XDA2C_0529,WAA20161001,DEV_WAA20161001,WAA20161001,1,1,retain_current_development,not_approved,FALSE
XDA2_0354,DEV_WAA20170002,13 WEST APARTMENTS,2017,92,XDA2C_0530,WAA20170002,DEV_WAA20170002,WAA20170002,1,1,retain_current_development,not_approved,FALSE
XDA2_0355,DEV_WAA20220005,CAPELLA AT ESTERRA PARK 4%,2022,212,XDA2C_0531,WAA20220005,DEV_WAA20220005,WAA20220005,2,1,merge_to_review_cluster,not_approved,FALSE
XDA2_0355,DEV_WAA20220006,CAPELLA AT ESTERRA PARK 9%,2022,49,XDA2C_0531,WAA20220006,DEV_WAA20220005,WAA20220005,2,1,merge_to_review_cluster,not_approved,FALSE
XDA2_0356,DEV_WAA19960040,GOLDEN TIDES II,1996,45,XDA2C_0532,WAA19960040,DEV_WAA19960040,WAA19960040,1,1,retain_current_development,not_approved,FALSE
XDA2_0356,DEV_WAA20009087,GOLDEN TIDES III,2000,18,XDA2C_0533,WAA20009087,DEV_WAA20009087,WAA20009087,1,1,retain_current_development,not_approved,FALSE
XDA2_0357,DEV_WAA20060501,GREENBRIDGE HOPE VI-SEOLA CROSSING ONE,2006,82,XDA2C_0534,WAA20060501,DEV_WAA20060501,WAA20060501,1,1,retain_current_development,not_approved,FALSE
XDA2_0357,DEV_WAA20070345,GREENBRIDGE HOPE VI-SEOLA CROSSING TWO,2007,105,XDA2C_0535,WAA20070345,DEV_WAA20070345,WAA20070345,1,1,retain_current_development,not_approved,FALSE
XDA2_0358,DEV_WAA20060245,HIGH POINT PHASE I,2006,344,XDA2C_0536,WAA20060245,DEV_WAA20060245,WAA20060245,1,1,retain_current_development,not_approved,FALSE
XDA2_0358,DEV_WAA20090085,HIGH POINT PHASE II,2009,256,XDA2C_0537,WAA20090085,DEV_WAA20090085,WAA20090085,1,1,retain_current_development,not_approved,FALSE
XDA2_0359,DEV_WAA20040075,HILLSIDE TERRACE PHASE II,2004,46,XDA2C_0538,WAA20040075,DEV_WAA20040075,WAA20040075,1,1,retain_current_development,not_approved,FALSE
XDA2_0359,DEV_WAA20049109,HILLSIDE TERRACE PHASE I,2004,21,XDA2C_0539,WAA20049109,DEV_WAA20049109,WAA20049109,1,1,retain_current_development,not_approved,FALSE
XDA2_0360,DEV_WAA20110804,LAKE CITY VILLAGE HOPE REDEVELOPMENT PHASE VI,2011,85,XDA2C_0540,WAA20110804,DEV_WAA20110804,WAA20110804,2,1,merge_to_review_cluster,not_approved,FALSE
XDA2_0360,DEV_WAA20128014,LAKE CITY VILLAGE HOPE VI REDEVELOPMENT,2012,86,XDA2C_0540,WAA20128014,DEV_WAA20110804,WAA20110804,2,1,merge_to_review_cluster,not_approved,FALSE
XDA2_0361,DEV_WAA20190014,MERCY MAGNUSSON PLACE NORTH,2019,40,XDA2C_0541,WAA20190014,DEV_WAA20190014,WAA20190014,1,1,retain_current_development,not_approved,FALSE
XDA2_0361,DEV_WAA20190015,MERCY MAGNUSSON PLACE SOUTH,2019,108,XDA2C_0542,WAA20190015,DEV_WAA20190015,WAA20190015,1,1,retain_current_development,not_approved,FALSE
XDA2_0362,DEV_WAA20170045,MERCY OTHELLO PLAZA EAST,2017,68,XDA2C_0543,WAA20170045,DEV_WAA20170045,WAA20170045,1,1,retain_current_development,not_approved,FALSE
XDA2_0362,DEV_WAA20170046,MERCY OTHELLO PLAZA WEST,2017,40,XDA2C_0544,WAA20170046,DEV_WAA20170046,WAA20170046,1,1,retain_current_development,not_approved,FALSE
XDA2_0363,DEV_WAA20060120,NOOKSACK HOMES I,2006,24,XDA2C_0545,WAA20060120,DEV_WAA20060120,WAA20060120,1,1,retain_current_development,not_approved,FALSE
XDA2_0363,DEV_WAA20079035,NOOKSACK HOMES IV,2007,15,XDA2C_0546,WAA20079035,DEV_WAA20079035,WAA20079035,1,1,retain_current_development,not_approved,FALSE
XDA2_0364,DEV_WAA19969050,PARKVIEW APARTMENTS,1996,110,XDA2C_0547,WAA19969050,DEV_WAA19969050,WAA19969050,1,1,retain_current_development,not_approved,FALSE
XDA2_0364,DEV_WAA20050115,PARK VIEW APARTMENTS,2005,26,XDA2C_0548,WAA20050115,DEV_WAA20050115,WAA20050115,1,1,retain_current_development,not_approved,FALSE
XDA2_0364,DEV_WAA20099025,PARKVIEW APARTMENTS,2009,63,XDA2C_0549,WAA20099025,DEV_WAA20099025,WAA20099025,1,1,retain_current_development,not_approved,FALSE
XDA2_0365,DEV_WAA19880155,RIVER VIEW,1988,16,XDA2C_0550,WAA19880155,DEV_WAA19880155,WAA19880155,1,1,retain_current_development,not_approved,FALSE
XDA2_0365,DEV_WAA19880160,RIVERVIEW,1988,17,XDA2C_0551,WAA19880160,DEV_WAA19880160,WAA19880160,1,1,retain_current_development,not_approved,FALSE
XDA2_0366,DEV_WAA20200020,RIVER VIEW APARTMENTS,2020,56,XDA2C_0552,WAA20200020,DEV_WAA20200020,WAA20200020,1,1,retain_current_development,not_approved,FALSE
XDA2_0366,DEV_WAA20210024,RIVERVIEW APARTMENTS,2021,200,XDA2C_0553,WAA20210024,DEV_WAA20210024,WAA20210024,1,1,retain_current_development,not_approved,FALSE
XDA2_0367,DEV_WAA20110812,ROSE STREET APTS,2011,71,XDA2C_0554,WAA20110812,DEV_WAA20110812,WAA20110812,2,1,merge_to_review_cluster,not_approved,FALSE
XDA2_0367,DEV_WAA20115025,ROSE STREET APARTMENTS,2011,71,XDA2C_0554,WAA20115025,DEV_WAA20110812,WAA20110812,2,1,merge_to_review_cluster,not_approved,FALSE
XDA2_0368,DEV_WAA20060205,SALISHAN THREE,2006,90,XDA2C_0555,WAA20060205,DEV_WAA20060205,WAA20060205,1,1,retain_current_development,not_approved,FALSE
XDA2_0368,DEV_WAA20080170,SALISHAN FOUR,2008,90,XDA2C_0556,WAA20080170,DEV_WAA20080170,WAA20080170,1,1,retain_current_development,not_approved,FALSE
XDA2_0368,DEV_WAA20090005,SALISHAN FIVE,2009,90,XDA2C_0557,WAA20090005,DEV_WAA20090005,WAA20090005,1,1,retain_current_development,not_approved,FALSE
XDA2_0368,DEV_WAA20090125,SALISHAN SIX,2009,90,XDA2C_0558,WAA20090125,DEV_WAA20090125,WAA20090125,1,1,retain_current_development,not_approved,FALSE
XDA2_0369,DEV_WAA20040195,SPOKANE TRIBAL HOMES I,2004,25,XDA2C_0559,WAA20040195,DEV_WAA20040195,WAA20040195,1,1,retain_current_development,not_approved,FALSE
XDA2_0369,DEV_WAA20135030,SPOKANE TRIBAL HOMES II,2013,40,XDA2C_0560,WAA20135030,DEV_WAA20135030,WAA20135030,1,1,retain_current_development,not_approved,FALSE
XDA2_0370,DEV_WAA19979021,SUNSET COURT APARTMENTS,1997,36,XDA2C_0561,WAA19979021,DEV_WAA19979021,WAA19979021,2,1,merge_to_review_cluster,not_approved,FALSE
XDA2_0370,DEV_WAA19979056,WASHINGTON GROCERY BUILDING,1997,36,XDA2C_0561,WAA19979056,DEV_WAA19979021,WAA19979021,2,1,merge_to_review_cluster,not_approved,FALSE
XDA2_0371,DEV_WAA20088039,TULALIP HOMES I,2008,25,XDA2C_0562,WAA20088039,DEV_WAA20088039,WAA20088039,1,1,retain_current_development,not_approved,FALSE
XDA2_0371,DEV_WAA20090145,TULALIP HOMES II,2009,25,XDA2C_0563,WAA20090145,DEV_WAA20090145,WAA20090145,1,1,retain_current_development,not_approved,FALSE
XDA2_0371,DEV_WAA20100817,TULALIP HOMES III,2010,66,XDA2C_0564,WAA20100817,DEV_WAA20100817,WAA20100817,1,1,retain_current_development,not_approved,FALSE
XDA2_0372,DEV_WAA20100805,WANITY PARK APARTMENTS - PHASE II,2010,25,XDA2C_0565,WAA20100805,DEV_WAA20100805,WAA20100805,1,1,retain_current_development,not_approved,FALSE
XDA2_0372,DEV_WAA20110820,WANITY PARK APARTMENTS - PHASE I,2011,30,XDA2C_0566,WAA20110820,DEV_WAA20110820,WAA20110820,1,1,retain_current_development,not_approved,FALSE
